[{"category":"Pokemon","id":"bw3-1","illustrator":"Mizue","localId":"1","name":"Sewaddle","rarity":"Common","set":{"cardCount":{"official":101,"total":102},"id":"bw3","name":"Vitórias Nobres","symbol":"https://assets.tcgdex.net/univ/bw/bw3/symbol"},"variants":{"firstEdition":false,"holo":true,"normal":true,"reverse":true,"wPromo":false},"dexId":[540],"hp":50,"types":["Grass"],"stage":"Basic","attacks":[{"cost":["Grass","Colorless"],"damage":20}],"weaknesses":[{"type":"Fire","value":"×2"}],"retreat":1,"legal":{"standard":false,"expanded":true}},{"category":"Pokemon","id":"bw3-2","illustrator":"Midori Harada","localId":"2","name":"Swadloon","rarity":"Uncommon","set":{"cardCount":{"official":101,"total":102},"id":"bw3","name":"Vitórias Nobres","symbol":"https://assets.tcgdex.net/univ/bw/bw3/symbol"},"variants":{"firstEdition":false,"holo":true,"normal":true,"reverse":true,"wPromo":false},"dexId":[541],"hp":70,"types":["Grass"],"stage":"Stage 1","attacks":[{"cost":["Grass"],"damage":20},{"cost":["Colorless","Colorless"],"damage":20}],"weaknesses":[{"type":"Fire","value":"×2"}],"retreat":1,"legal":{"standard":false,"expanded":true}},{"category":"Pokemon","id":"bw3-3","illustrator":"5ban Graphics","localId":"3","name":"Leavanny","rarity":"Rare","set":{"cardCount":{"official":101,"total":102},"id":"bw3","name":"Vitórias Nobres","symbol":"https://assets.tcgdex.net/univ/bw/bw3/symbol"},"variants":{"firstEdition":false,"holo":true,"normal":true,"reverse":true,"wPromo":false},"dexId":[542],"hp":130,"types":["Grass"],"stage":"Stage 2","abilities":[{"type":"Ability","name":"Alfaiate de Folhas","effect":"Cada um de seus Pokémon que possui qualquer Energia ligada não possui Fraquezas."}],"attacks":[{"cost":["Grass","Colorless","Colorless"],"damage":40}],"weaknesses":[{"type":"Fire","value":"×2"}],"retreat":2,"legal":{"standard":false,"expanded":true}},{"category":"Pokemon","id":"bw3-4","illustrator":"Shigenori Negishi","localId":"4","name":"Petilil","rarity":"Common","set":{"cardCount":{"official":101,"total":102},"id":"bw3","name":"Vitórias Nobres","symbol":"https://assets.tcgdex.net/univ/bw/bw3/symbol"},"variants":{"firstEdition":false,"holo":true,"normal":true,"reverse":true,"wPromo":false},"dexId":[548],"hp":60,"types":["Grass"],"stage":"Basic","attacks":[{"cost":["Colorless"],"damage":10},{"cost":["Grass","Colorless"],"damage":10}],"weaknesses":[{"type":"Fire","value":"×2"}],"resistances":[{"type":"Water","value":"-20"}],"retreat":1,"legal":{"standard":false,"expanded":true}},{"category":"Pokemon","id":"bw3-5","illustrator":"Akira Komayama","localId":"5","name":"Lilligant","rarity":"Rare","set":{"cardCount":{"official":101,"total":102},"id":"bw3","name":"Vitórias Nobres","symbol":"https://assets.tcgdex.net/univ/bw/bw3/symbol"},"variants":{"firstEdition":false,"holo":true,"normal":true,"reverse":true,"wPromo":false},"dexId":[549],"hp":80,"types":["Grass"],"stage":"Stage 1","attacks":[{"cost":["Grass"]},{"cost":["Grass","Colorless"],"damage":30}],"weaknesses":[{"type":"Fire","value":"×2"}],"resistances":[{"type":"Water","value":"-20"}],"retreat":1,"legal":{"standard":false,"expanded":true}},{"category":"Pokemon","id":"bw3-6","illustrator":"MAHOU","localId":"6","name":"Dwebble","rarity":"Common","set":{"cardCount":{"official":101,"total":102},"id":"bw3","name":"Vitórias Nobres","symbol":"https://assets.tcgdex.net/univ/bw/bw3/symbol"},"variants":{"firstEdition":false,"holo":true,"normal":true,"reverse":true,"wPromo":false},"dexId":[557],"hp":60,"types":["Grass"],"stage":"Basic","attacks":[{"cost":["Colorless"]},{"cost":["Grass","Colorless"],"damage":20}],"weaknesses":[{"type":"Fire","value":"×2"}],"retreat":2,"legal":{"standard":false,"expanded":true}},{"category":"Pokemon","id":"bw3-7","illustrator":"Naoyo Kimura","localId":"7","name":"Crustle","rarity":"Uncommon","set":{"cardCount":{"official":101,"total":102},"id":"bw3","name":"Vitórias Nobres","symbol":"https://assets.tcgdex.net/univ/bw/bw3/symbol"},"variants":{"firstEdition":false,"holo":true,"normal":true,"reverse":true,"wPromo":false},"dexId":[558],"hp":100,"types":["Grass"],"stage":"Stage 1","attacks":[{"cost":["Grass","Colorless"],"damage":20},{"cost":["Grass","Colorless","Colorless"],"damage":80}],"weaknesses":[{"type":"Fire","value":"×2"}],"retreat":3,"legal":{"standard":false,"expanded":true}},{"category":"Pokemon","id":"bw3-8","illustrator":"sui","localId":"8","name":"Karrablast","rarity":"Common","set":{"cardCount":{"official":101,"total":102},"id":"bw3","name":"Vitórias Nobres","symbol":"https://assets.tcgdex.net/univ/bw/bw3/symbol"},"variants":{"firstEdition":false,"holo":true,"normal":true,"reverse":true,"wPromo":false},"dexId":[588],"hp":60,"types":["Grass"],"stage":"Basic","attacks":[{"cost":["Colorless"]},{"cost":["Colorless","Colorless"],"damage":10}],"weaknesses":[{"type":"Fire","value":"×2"}],"retreat":1,"legal":{"standard":false,"expanded":true}},{"category":"Pokemon","id":"bw3-9","illustrator":"match","localId":"9","name":"Foongus","rarity":"Common","set":{"cardCount":{"official":101,"total":102},"id":"bw3","name":"Vitórias Nobres","symbol":"https://assets.tcgdex.net/univ/bw/bw3/symbol"},"variants":{"firstEdition":false,"holo":true,"normal":true,"reverse":true,"wPromo":false},"dexId":[590],"hp":40,"types":["Grass"],"stage":"Basic","attacks":[{"cost":["Grass"],"damage":20}],"weaknesses":[{"type":"Fire","value":"×2"}],"resistances":[{"type":"Water","value":"-20"}],"retreat":1,"legal":{"standard":false,"expanded":true}},{"category":"Pokemon","id":"bw3-10","illustrator":"Kagemaru Himeno","localId":"10","name":"Amoonguss","rarity":"Uncommon","set":{"cardCount":{"official":101,"total":102},"id":"bw3","name":"Vitórias Nobres","symbol":"https://assets.tcgdex.net/univ/bw/bw3/symbol"},"variants":{"firstEdition":false,"holo":true,"normal":true,"reverse":true,"wPromo":false},"dexId":[591],"hp":90,"types":["Grass"],"stage":"Stage 1","attacks":[{"cost":["Grass"]},{"cost":["Colorless","Colorless"],"damage":30}],"weaknesses":[{"type":"Fire","value":"×2"}],"resistances":[{"type":"Water","value":"-20"}],"retreat":2,"legal":{"standard":false,"expanded":true}},{"category":"Pokemon","id":"bw3-11","illustrator":"Midori Harada","localId":"11","name":"Shelmet","rarity":"Common","set":{"cardCount":{"official":101,"total":102},"id":"bw3","name":"Vitórias Nobres","symbol":"https://assets.tcgdex.net/univ/bw/bw3/symbol"},"variants":{"firstEdition":false,"holo":true,"normal":true,"reverse":true,"wPromo":false},"dexId":[616],"hp":60,"types":["Grass"],"stage":"Basic","attacks":[{"cost":["Colorless"]},{"cost":["Grass"],"damage":10}],"weaknesses":[{"type":"Fire","value":"×2"}],"retreat":3,"legal":{"standard":false,"expanded":true}},{"category":"Pokemon","id":"bw3-12","illustrator":"Kagemaru Himeno","localId":"12","name":"Accelgor","rarity":"Rare","set":{"cardCount":{"official":101,"total":102},"id":"bw3","name":"Vitórias Nobres","symbol":"https://assets.tcgdex.net/univ/bw/bw3/symbol"},"variants":{"firstEdition":false,"holo":true,"normal":true,"reverse":true,"wPromo":false},"dexId":[617],"hp":90,"types":["Grass"],"stage":"Stage 1","attacks":[{"cost":["Colorless"],"damage":20},{"cost":["Grass"],"damage":60}],"weaknesses":[{"type":"Fire","value":"×2"}],"retreat":0,"legal":{"standard":false,"expanded":true}},{"category":"Pokemon","id":"bw3-13","illustrator":"5ban Graphics","localId":"13","name":"Virizion","rarity":"Rare","set":{"cardCount":{"official":101,"total":102},"id":"bw3","name":"Vitórias Nobres","symbol":"https://assets.tcgdex.net/univ/bw/bw3/symbol"},"variants":{"firstEdition":false,"holo":true,"normal":true,"reverse":true,"wPromo":false},"dexId":[640],"hp":110,"types":["Grass"],"stage":"Basic","attacks":[{"cost":["Colorless"]},{"cost":["Grass","Colorless"],"damage":40}],"weaknesses":[{"type":"Fire","value":"×2"}],"resistances":[{"type":"Water","value":"-20"}],"retreat":1,"legal":{"standard":false,"expanded":true}},{"category":"Pokemon","id":"bw3-14","illustrator":"5ban Graphics","localId":"14","name":"Victini","rarity":"Rare","set":{"cardCount":{"official":101,"total":102},"id":"bw3","name":"Vitórias Nobres","symbol":"https://assets.tcgdex.net/univ/bw/bw3/symbol"},"variants":{"firstEdition":false,"holo":true,"normal":true,"reverse":true,"wPromo":false},"dexId":[494],"hp":60,"types":["Fire"],"stage":"Basic","abilities":[{"type":"Ability","name":"Estrela da Vitória","effect":"Uma vez durante sua vez de jogar, após jogar quaisquer moedas para um ataque, você pode ignorar todos os efeitos das moedas jogadas e começar a jogá-las novamente. Não é possível usar mais de 1 Habilidade Estrela da Vitória por vez de jogar."}],"attacks":[{"cost":["Fire","Colorless"],"damage":30}],"weaknesses":[{"type":"Water","value":"×2"}],"retreat":1,"legal":{"standard":false,"expanded":true}},{"category":"Pokemon","id":"bw3-15","illustrator":"Naoki Saito","localId":"15","name":"Victini","rarity":"Rare","set":{"cardCount":{"official":101,"total":102},"id":"bw3","name":"Vitórias Nobres","symbol":"https://assets.tcgdex.net/univ/bw/bw3/symbol"},"variants":{"firstEdition":false,"holo":true,"normal":true,"reverse":true,"wPromo":false},"dexId":[494],"hp":70,"types":["Fire"],"stage":"Basic","attacks":[{"cost":["Fire","Colorless"],"damage":100}],"weaknesses":[{"type":"Water","value":"×2"}],"retreat":1,"legal":{"standard":false,"expanded":true}},{"category":"Pokemon","id":"bw3-16","illustrator":"Shin Nagasawa","localId":"16","name":"Pansear","rarity":"Common","set":{"cardCount":{"official":101,"total":102},"id":"bw3","name":"Vitórias Nobres","symbol":"https://assets.tcgdex.net/univ/bw/bw3/symbol"},"variants":{"firstEdition":false,"holo":true,"normal":true,"reverse":true,"wPromo":false},"dexId":[513],"hp":70,"types":["Fire"],"stage":"Basic","attacks":[{"cost":["Colorless"],"damage":10},{"cost":["Fire","Colorless","Colorless"],"damage":60}],"weaknesses":[{"type":"Water","value":"×2"}],"retreat":2,"legal":{"standard":false,"expanded":true}},{"category":"Pokemon","id":"bw3-17","illustrator":"Shin Nagasawa","localId":"17","name":"Simisear","rarity":"Uncommon","set":{"cardCount":{"official":101,"total":102},"id":"bw3","name":"Vitórias Nobres","symbol":"https://assets.tcgdex.net/univ/bw/bw3/symbol"},"variants":{"firstEdition":false,"holo":true,"normal":true,"reverse":true,"wPromo":false},"dexId":[514],"hp":90,"types":["Fire"],"stage":"Stage 1","attacks":[{"cost":["Colorless"],"damage":20},{"cost":["Fire","Fire","Colorless"],"damage":80}],"weaknesses":[{"type":"Water","value":"×2"}],"retreat":2,"legal":{"standard":false,"expanded":true}},{"category":"Pokemon","id":"bw3-18","illustrator":"Kouki Saitou","localId":"18","name":"Heatmor","rarity":"Uncommon","set":{"cardCount":{"official":101,"total":102},"id":"bw3","name":"Vitórias Nobres","symbol":"https://assets.tcgdex.net/univ/bw/bw3/symbol"},"variants":{"firstEdition":false,"holo":true,"normal":true,"reverse":true,"wPromo":false},"dexId":[631],"hp":90,"types":["Fire"],"stage":"Basic","attacks":[{"cost":["Fire"]},{"cost":["Fire","Colorless"],"damage":30}],"weaknesses":[{"type":"Water","value":"×2"}],"retreat":2,"legal":{"standard":false,"expanded":true}},{"category":"Pokemon","id":"bw3-19","illustrator":"Kagemaru Himeno","localId":"19","name":"Larvesta","rarity":"Common","set":{"cardCount":{"official":101,"total":102},"id":"bw3","name":"Vitórias Nobres","symbol":"https://assets.tcgdex.net/univ/bw/bw3/symbol"},"variants":{"firstEdition":false,"holo":true,"normal":true,"reverse":true,"wPromo":false},"dexId":[636],"hp":70,"types":["Fire"],"stage":"Basic","attacks":[{"cost":["Fire"],"damage":20}],"weaknesses":[{"type":"Water","value":"×2"}],"retreat":2,"legal":{"standard":false,"expanded":true}},{"category":"Pokemon","id":"bw3-20","illustrator":"Naoki Saito","localId":"20","name":"Larvesta","rarity":"Common","set":{"cardCount":{"official":101,"total":102},"id":"bw3","name":"Vitórias Nobres","symbol":"https://assets.tcgdex.net/univ/bw/bw3/symbol"},"variants":{"firstEdition":false,"holo":true,"normal":true,"reverse":true,"wPromo":false},"dexId":[636],"hp":80,"types":["Fire"],"stage":"Basic","attacks":[{"cost":["Colorless","Colorless"],"damage":30}],"weaknesses":[{"type":"Water","value":"×2"}],"retreat":2,"legal":{"standard":false,"expanded":true}},{"category":"Pokemon","id":"bw3-21","illustrator":"Mitsuhiro Arita","localId":"21","name":"Volcarona","rarity":"Rare","set":{"cardCount":{"official":101,"total":102},"id":"bw3","name":"Vitórias Nobres","symbol":"https://assets.tcgdex.net/univ/bw/bw3/symbol"},"variants":{"firstEdition":false,"holo":true,"normal":true,"reverse":true,"wPromo":false},"dexId":[637],"hp":110,"types":["Fire"],"stage":"Stage 1","attacks":[{"cost":["Fire"],"damage":30},{"cost":["Fire","Colorless","Colorless"],"damage":60}],"weaknesses":[{"type":"Water","value":"×2"}],"retreat":1,"legal":{"standard":false,"expanded":true}},{"category":"Pokemon","id":"bw3-22","illustrator":"Atsuko Nishida","localId":"22","name":"Tympole","rarity":"Common","set":{"cardCount":{"official":101,"total":102},"id":"bw3","name":"Vitórias Nobres","symbol":"https://assets.tcgdex.net/univ/bw/bw3/symbol"},"variants":{"firstEdition":false,"holo":true,"normal":true,"reverse":true,"wPromo":false},"dexId":[535],"hp":60,"types":["Water"],"stage":"Basic","attacks":[{"cost":["Colorless"],"damage":10},{"cost":["Water","Colorless"],"damage":20}],"weaknesses":[{"type":"Grass","value":"×2"}],"retreat":1,"legal":{"standard":false,"expanded":true}},{"category":"Pokemon","id":"bw3-23","illustrator":"sui","localId":"23","name":"Palpitoad","rarity":"Uncommon","set":{"cardCount":{"official":101,"total":102},"id":"bw3","name":"Vitórias Nobres","symbol":"https://assets.tcgdex.net/univ/bw/bw3/symbol"},"variants":{"firstEdition":false,"holo":true,"normal":true,"reverse":true,"wPromo":false},"dexId":[536],"hp":80,"types":["Water"],"stage":"Stage 1","attacks":[{"cost":["Water"],"damage":20},{"cost":["Colorless","Colorless","Colorless"],"damage":20}],"weaknesses":[{"type":"Grass","value":"×2"}],"retreat":2,"legal":{"standard":false,"expanded":true}},{"category":"Pokemon","id":"bw3-24","illustrator":"Masakazu Fukuda","localId":"24","name":"Seismitoad","rarity":"Rare","set":{"cardCount":{"official":101,"total":102},"id":"bw3","name":"Vitórias Nobres","symbol":"https://assets.tcgdex.net/univ/bw/bw3/symbol"},"variants":{"firstEdition":false,"holo":true,"normal":true,"reverse":true,"wPromo":false},"dexId":[537],"hp":140,"types":["Water"],"stage":"Stage 2","attacks":[{"cost":["Colorless","Colorless"],"damage":30},{"cost":["Water","Water","Colorless"],"damage":70}],"weaknesses":[{"type":"Grass","value":"×2"}],"retreat":3,"legal":{"standard":false,"expanded":true}},{"category":"Pokemon","id":"bw3-25","illustrator":"Naoyo Kimura","localId":"25","name":"Tirtouga","rarity":"Uncommon","set":{"cardCount":{"official":101,"total":102},"id":"bw3","name":"Vitórias Nobres","symbol":"https://assets.tcgdex.net/univ/bw/bw3/symbol"},"variants":{"firstEdition":false,"holo":true,"normal":true,"reverse":true,"wPromo":false},"dexId":[564],"hp":90,"types":["Water"],"stage":"RESTORED","attacks":[{"cost":["Water","Colorless"],"damage":30},{"cost":["Water","Colorless","Colorless"],"damage":60}],"weaknesses":[{"type":"Grass","value":"×2"}],"retreat":3,"legal":{"standard":false,"expanded":true}},{"category":"Pokemon","id":"bw3-26","illustrator":"match","localId":"26","name":"Carracosta","rarity":"Rare","set":{"cardCount":{"official":101,"total":102},"id":"bw3","name":"Vitórias Nobres","symbol":"https://assets.tcgdex.net/univ/bw/bw3/symbol"},"variants":{"firstEdition":false,"holo":true,"normal":true,"reverse":true,"wPromo":false},"dexId":[565],"hp":140,"types":["Water"],"stage":"Stage 1","abilities":[{"type":"Ability","name":"Rocha Sólida","effect":"Se qualquer dano for causado a este Pokémon por ataques, jogue uma moeda. Se sair cara, reduza os danos em 50 (após aplicar Fraqueza e Resistência)."}],"attacks":[{"cost":["Water","Water","Colorless","Colorless"],"damage":80}],"weaknesses":[{"type":"Grass","value":"×2"}],"retreat":4,"legal":{"standard":false,"expanded":true}},{"category":"Pokemon","id":"bw3-27","illustrator":"Atsuko Nishida","localId":"27","name":"Vanillite","rarity":"Common","set":{"cardCount":{"official":101,"total":102},"id":"bw3","name":"Vitórias Nobres","symbol":"https://assets.tcgdex.net/univ/bw/bw3/symbol"},"variants":{"firstEdition":false,"holo":true,"normal":true,"reverse":true,"wPromo":false},"dexId":[582],"hp":50,"types":["Water"],"stage":"Basic","attacks":[{"cost":["Water"],"damage":10}],"weaknesses":[{"type":"Metal","value":"×2"}],"retreat":1,"legal":{"standard":false,"expanded":true}},{"category":"Pokemon","id":"bw3-28","illustrator":"match","localId":"28","name":"Vanillish","rarity":"Uncommon","set":{"cardCount":{"official":101,"total":102},"id":"bw3","name":"Vitórias Nobres","symbol":"https://assets.tcgdex.net/univ/bw/bw3/symbol"},"variants":{"firstEdition":false,"holo":true,"normal":true,"reverse":true,"wPromo":false},"dexId":[583],"hp":80,"types":["Water"],"stage":"Stage 1","attacks":[{"cost":["Water","Colorless"],"damage":20},{"cost":["Water","Water"],"damage":40}],"weaknesses":[{"type":"Metal","value":"×2"}],"retreat":2,"legal":{"standard":false,"expanded":true}},{"category":"Pokemon","id":"bw3-29","illustrator":"Kagemaru Himeno","localId":"29","name":"Vanilluxe","rarity":"Rare","set":{"cardCount":{"official":101,"total":102},"id":"bw3","name":"Vitórias Nobres","symbol":"https://assets.tcgdex.net/univ/bw/bw3/symbol"},"variants":{"firstEdition":false,"holo":true,"normal":true,"reverse":true,"wPromo":false},"dexId":[584],"hp":130,"types":["Water"],"stage":"Stage 2","attacks":[{"cost":["Water","Colorless"],"damage":40},{"cost":["Water","Water"],"damage":60}],"weaknesses":[{"type":"Metal","value":"×2"}],"retreat":2,"legal":{"standard":false,"expanded":true}},{"category":"Pokemon","id":"bw3-30","illustrator":"Naoyo Kimura","localId":"30","name":"Frillish","rarity":"Common","set":{"cardCount":{"official":101,"total":102},"id":"bw3","name":"Vitórias Nobres","symbol":"https://assets.tcgdex.net/univ/bw/bw3/symbol"},"variants":{"firstEdition":false,"holo":true,"normal":true,"reverse":true,"wPromo":false},"dexId":[592],"hp":80,"types":["Water"],"stage":"Basic","attacks":[{"cost":["Colorless","Colorless"],"damage":20}],"weaknesses":[{"type":"Lightning","value":"×2"}],"retreat":2,"legal":{"standard":false,"expanded":true}},{"category":"Pokemon","id":"bw3-31","illustrator":"Kagemaru Himeno","localId":"31","name":"Jellicent","rarity":"Rare","set":{"cardCount":{"official":101,"total":102},"id":"bw3","name":"Vitórias Nobres","symbol":"https://assets.tcgdex.net/univ/bw/bw3/symbol"},"variants":{"firstEdition":false,"holo":true,"normal":true,"reverse":true,"wPromo":false},"dexId":[593],"hp":110,"types":["Water"],"stage":"Stage 1","abilities":[{"type":"Ability","name":"Corpo Amaldiçoado","effect":"Se este Pokémon for seu Pokémon Ativo e ele for danificado pelo ataque de um oponente (mesmo se esse Pokémon for Nocauteado), o Pokémon Atacante ficará Confuso."}],"attacks":[{"cost":["Colorless","Colorless"],"damage":10}],"weaknesses":[{"type":"Lightning","value":"×2"}],"retreat":3,"legal":{"standard":false,"expanded":true}},{"category":"Pokemon","id":"bw3-32","illustrator":"Masakazu Fukuda","localId":"32","name":"Cryogonal","rarity":"Uncommon","set":{"cardCount":{"official":101,"total":102},"id":"bw3","name":"Vitórias Nobres","symbol":"https://assets.tcgdex.net/univ/bw/bw3/symbol"},"variants":{"firstEdition":false,"holo":true,"normal":true,"reverse":true,"wPromo":false},"dexId":[615],"hp":80,"types":["Water"],"stage":"Basic","attacks":[{"cost":["Water"]},{"cost":["Water","Colorless"],"damage":30}],"weaknesses":[{"type":"Metal","value":"×2"}],"retreat":1,"legal":{"standard":false,"expanded":true}},{"category":"Pokemon","id":"bw3-33","illustrator":"Kagemaru Himeno","localId":"33","name":"Cryogonal","rarity":"Rare","set":{"cardCount":{"official":101,"total":102},"id":"bw3","name":"Vitórias Nobres","symbol":"https://assets.tcgdex.net/univ/bw/bw3/symbol"},"variants":{"firstEdition":false,"holo":true,"normal":true,"reverse":true,"wPromo":false},"dexId":[615],"hp":80,"types":["Water"],"stage":"Basic","attacks":[{"cost":["Water"]},{"cost":["Water","Water"],"damage":40}],"weaknesses":[{"type":"Metal","value":"×2"}],"retreat":1,"legal":{"standard":false,"expanded":true}},{"category":"Pokemon","id":"bw3-34","illustrator":"5ban Graphics","localId":"34","name":"Kyurem","rarity":"Rare","set":{"cardCount":{"official":101,"total":102},"id":"bw3","name":"Vitórias Nobres","symbol":"https://assets.tcgdex.net/univ/bw/bw3/symbol"},"variants":{"firstEdition":false,"holo":true,"normal":true,"reverse":true,"wPromo":false},"dexId":[646],"hp":130,"types":["Water"],"stage":"Basic","attacks":[{"cost":["Colorless","Colorless"],"damage":20},{"cost":["Water","Water","Colorless"]}],"weaknesses":[{"type":"Metal","value":"×2"}],"retreat":2,"legal":{"standard":false,"expanded":true}},{"category":"Pokemon","id":"bw3-35","illustrator":"Shin Nagasawa","localId":"35","name":"Blitzle","rarity":"Common","set":{"cardCount":{"official":101,"total":102},"id":"bw3","name":"Vitórias Nobres","symbol":"https://assets.tcgdex.net/univ/bw/bw3/symbol"},"variants":{"firstEdition":false,"holo":true,"normal":true,"reverse":true,"wPromo":false},"dexId":[522],"hp":60,"types":["Lightning"],"stage":"Basic","attacks":[{"cost":["Lightning"],"damage":10}],"weaknesses":[{"type":"Fighting","value":"×2"}],"retreat":1,"legal":{"standard":false,"expanded":true}},{"category":"Pokemon","id":"bw3-36","illustrator":"match","localId":"36","name":"Zebstrika","rarity":"Rare","set":{"cardCount":{"official":101,"total":102},"id":"bw3","name":"Vitórias Nobres","symbol":"https://assets.tcgdex.net/univ/bw/bw3/symbol"},"variants":{"firstEdition":false,"holo":true,"normal":true,"reverse":true,"wPromo":false},"dexId":[523],"hp":90,"types":["Lightning"],"stage":"Stage 1","attacks":[{"cost":["Colorless"],"damage":10},{"cost":["Lightning","Lightning","Colorless"],"damage":90}],"weaknesses":[{"type":"Fighting","value":"×2"}],"retreat":1,"legal":{"standard":false,"expanded":true}},{"category":"Pokemon","id":"bw3-37","illustrator":"Naoki Saito","localId":"37","name":"Emolga","rarity":"Uncommon","set":{"cardCount":{"official":101,"total":102},"id":"bw3","name":"Vitórias Nobres","symbol":"https://assets.tcgdex.net/univ/bw/bw3/symbol"},"variants":{"firstEdition":false,"holo":true,"normal":true,"reverse":true,"wPromo":false},"dexId":[587],"hp":70,"types":["Lightning"],"stage":"Basic","attacks":[{"cost":["Lightning"],"damage":10}],"weaknesses":[{"type":"Fighting","value":"×2"}],"retreat":1,"legal":{"standard":false,"expanded":true}},{"category":"Pokemon","id":"bw3-38","illustrator":"sui","localId":"38","name":"Tynamo","rarity":"Common","set":{"cardCount":{"official":101,"total":102},"id":"bw3","name":"Vitórias Nobres","symbol":"https://assets.tcgdex.net/univ/bw/bw3/symbol"},"variants":{"firstEdition":false,"holo":true,"normal":true,"reverse":true,"wPromo":false},"dexId":[602],"hp":40,"types":["Lightning"],"stage":"Basic","attacks":[{"cost":["Lightning"],"damage":10}],"weaknesses":[{"type":"Fighting","value":"×2"}],"retreat":1,"legal":{"standard":false,"expanded":true}},{"category":"Pokemon","id":"bw3-39","illustrator":"Naoki Saito","localId":"39","name":"Tynamo","rarity":"Common","set":{"cardCount":{"official":101,"total":102},"id":"bw3","name":"Vitórias Nobres","symbol":"https://assets.tcgdex.net/univ/bw/bw3/symbol"},"variants":{"firstEdition":false,"holo":true,"normal":true,"reverse":true,"wPromo":false},"dexId":[602],"hp":30,"types":["Lightning"],"stage":"Basic","attacks":[{"cost":["Colorless"],"damage":10}],"weaknesses":[{"type":"Fighting","value":"×2"}],"retreat":0,"legal":{"standard":false,"expanded":true}},{"category":"Pokemon","id":"bw3-40","illustrator":"MAHOU","localId":"40","name":"Eelektrik","rarity":"Uncommon","set":{"cardCount":{"official":101,"total":102},"id":"bw3","name":"Vitórias Nobres","symbol":"https://assets.tcgdex.net/univ/bw/bw3/symbol"},"variants":{"firstEdition":false,"holo":true,"normal":true,"reverse":true,"wPromo":false},"dexId":[603],"hp":90,"types":["Lightning"],"stage":"Stage 1","abilities":[{"type":"Ability","name":"Dinamotor","effect":"Uma vez na sua vez de jogar (antes de atacar), você poderá ligar um card de Energia Lightning da sua pilha de descarte a 1 dos seus Pokémon no Banco."}],"attacks":[{"cost":["Lightning","Lightning","Colorless"],"damage":50}],"weaknesses":[{"type":"Fighting","value":"×2"}],"retreat":2,"legal":{"standard":false,"expanded":true}},{"category":"Pokemon","id":"bw3-41","illustrator":"Masakazu Fukuda","localId":"41","name":"Eelektross","rarity":"Rare","set":{"cardCount":{"official":101,"total":102},"id":"bw3","name":"Vitórias Nobres","symbol":"https://assets.tcgdex.net/univ/bw/bw3/symbol"},"variants":{"firstEdition":false,"holo":true,"normal":true,"reverse":true,"wPromo":false},"dexId":[604],"hp":140,"types":["Lightning"],"stage":"Stage 2","attacks":[{"cost":["Colorless","Colorless"],"damage":30},{"cost":["Lightning","Lightning","Colorless"],"damage":90}],"weaknesses":[{"type":"Fighting","value":"×2"}],"retreat":3,"legal":{"standard":false,"expanded":true}},{"category":"Pokemon","id":"bw3-42","illustrator":"Shin Nagasawa","localId":"42","name":"Stunfisk","rarity":"Common","set":{"cardCount":{"official":101,"total":102},"id":"bw3","name":"Vitórias Nobres","symbol":"https://assets.tcgdex.net/univ/bw/bw3/symbol"},"variants":{"firstEdition":false,"holo":true,"normal":true,"reverse":true,"wPromo":false},"dexId":[618],"hp":90,"types":["Lightning"],"stage":"Basic","attacks":[{"cost":["Colorless","Colorless"],"damage":20},{"cost":["Lightning","Colorless","Colorless"],"damage":60}],"weaknesses":[{"type":"Fighting","value":"×2"}],"retreat":2,"legal":{"standard":false,"expanded":true}},{"category":"Pokemon","id":"bw3-43","illustrator":"Shin Nagasawa","localId":"43","name":"Victini","rarity":"Rare","set":{"cardCount":{"official":101,"total":102},"id":"bw3","name":"Vitórias Nobres","symbol":"https://assets.tcgdex.net/univ/bw/bw3/symbol"},"variants":{"firstEdition":false,"holo":true,"normal":true,"reverse":true,"wPromo":false},"dexId":[494],"hp":60,"types":["Psychic"],"stage":"Basic","attacks":[{"cost":["Psychic"],"damage":120}],"weaknesses":[{"type":"Psychic","value":"×2"}],"retreat":1,"legal":{"standard":false,"expanded":true}},{"category":"Pokemon","id":"bw3-44","illustrator":"Midori Harada","localId":"44","name":"Yamask","rarity":"Common","set":{"cardCount":{"official":101,"total":102},"id":"bw3","name":"Vitórias Nobres","symbol":"https://assets.tcgdex.net/univ/bw/bw3/symbol"},"variants":{"firstEdition":false,"holo":true,"normal":true,"reverse":true,"wPromo":false},"dexId":[562],"hp":60,"types":["Psychic"],"stage":"Basic","attacks":[{"cost":["Psychic"],"damage":10}],"weaknesses":[{"type":"Darkness","value":"×2"}],"retreat":1,"legal":{"standard":false,"expanded":true}},{"category":"Pokemon","id":"bw3-45","illustrator":"Shin Nagasawa","localId":"45","name":"Yamask","rarity":"Common","set":{"cardCount":{"official":101,"total":102},"id":"bw3","name":"Vitórias Nobres","symbol":"https://assets.tcgdex.net/univ/bw/bw3/symbol"},"variants":{"firstEdition":false,"holo":true,"normal":true,"reverse":true,"wPromo":false},"dexId":[562],"hp":60,"types":["Psychic"],"stage":"Basic","attacks":[{"cost":["Colorless"],"damage":10}],"weaknesses":[{"type":"Darkness","value":"×2"}],"retreat":1,"legal":{"standard":false,"expanded":true}},{"category":"Pokemon","id":"bw3-46","illustrator":"Mitsuhiro Arita","localId":"46","name":"Cofagrigus","rarity":"Rare","set":{"cardCount":{"official":101,"total":102},"id":"bw3","name":"Vitórias Nobres","symbol":"https://assets.tcgdex.net/univ/bw/bw3/symbol"},"variants":{"firstEdition":false,"holo":true,"normal":true,"reverse":true,"wPromo":false},"dexId":[563],"hp":90,"types":["Psychic"],"stage":"Stage 1","attacks":[{"cost":["Psychic","Colorless"]},{"cost":["Psychic","Colorless","Colorless"],"damage":30}],"weaknesses":[{"type":"Darkness","value":"×2"}],"retreat":3,"legal":{"standard":false,"expanded":true}},{"category":"Pokemon","id":"bw3-47","illustrator":"Shin Nagasawa","localId":"47","name":"Cofagrigus","rarity":"Rare","set":{"cardCount":{"official":101,"total":102},"id":"bw3","name":"Vitórias Nobres","symbol":"https://assets.tcgdex.net/univ/bw/bw3/symbol"},"variants":{"firstEdition":false,"holo":true,"normal":true,"reverse":true,"wPromo":false},"dexId":[563],"hp":90,"types":["Psychic"],"stage":"Stage 1","abilities":[{"type":"Ability","name":"Corpo Durável","effect":"Se este Pokémon for Nocauteado por danos causados por um ataque, jogue uma moeda. Se sair cara, ele não será Nocauteado e seu PS restante se tornará 10."}],"attacks":[{"cost":["Psychic","Colorless"],"damage":40}],"weaknesses":[{"type":"Darkness","value":"×2"}],"retreat":2,"legal":{"standard":false,"expanded":true}},{"category":"Pokemon","id":"bw3-48","illustrator":"MAHOU","localId":"48","name":"Trubbish","rarity":"Common","set":{"cardCount":{"official":101,"total":102},"id":"bw3","name":"Vitórias Nobres","symbol":"https://assets.tcgdex.net/univ/bw/bw3/symbol"},"variants":{"firstEdition":false,"holo":true,"normal":true,"reverse":true,"wPromo":false},"dexId":[568],"hp":60,"types":["Psychic"],"stage":"Basic","attacks":[{"cost":["Colorless"]},{"cost":["Psychic","Colorless"],"damage":20}],"weaknesses":[{"type":"Psychic","value":"×2"}],"retreat":1,"legal":{"standard":false,"expanded":true}},{"category":"Pokemon","id":"bw3-49","illustrator":"match","localId":"49","name":"Garbodor","rarity":"Uncommon","set":{"cardCount":{"official":101,"total":102},"id":"bw3","name":"Vitórias Nobres","symbol":"https://assets.tcgdex.net/univ/bw/bw3/symbol"},"variants":{"firstEdition":false,"holo":true,"normal":true,"reverse":true,"wPromo":false},"dexId":[569],"hp":100,"types":["Psychic"],"stage":"Stage 1","attacks":[{"cost":["Psychic","Colorless"],"damage":30},{"cost":["Psychic","Psychic","Colorless"],"damage":60}],"weaknesses":[{"type":"Psychic","value":"×2"}],"retreat":3,"legal":{"standard":false,"expanded":true}},{"category":"Pokemon","id":"bw3-50","illustrator":"Atsuko Nishida","localId":"50","name":"Solosis","rarity":"Common","set":{"cardCount":{"official":101,"total":102},"id":"bw3","name":"Vitórias Nobres","symbol":"https://assets.tcgdex.net/univ/bw/bw3/symbol"},"variants":{"firstEdition":false,"holo":true,"normal":true,"reverse":true,"wPromo":false},"dexId":[577],"hp":30,"types":["Psychic"],"stage":"Basic","attacks":[{"cost":["Colorless"],"damage":10}],"weaknesses":[{"type":"Psychic","value":"×2"}],"retreat":1,"legal":{"standard":false,"expanded":true}},{"category":"Pokemon","id":"bw3-51","illustrator":"sui","localId":"51","name":"Duosion","rarity":"Uncommon","set":{"cardCount":{"official":101,"total":102},"id":"bw3","name":"Vitórias Nobres","symbol":"https://assets.tcgdex.net/univ/bw/bw3/symbol"},"variants":{"firstEdition":false,"holo":true,"normal":true,"reverse":true,"wPromo":false},"dexId":[578],"hp":60,"types":["Psychic"],"stage":"Stage 1","attacks":[{"cost":["Colorless"],"damage":20}],"weaknesses":[{"type":"Psychic","value":"×2"}],"retreat":1,"legal":{"standard":false,"expanded":true}},{"category":"Pokemon","id":"bw3-52","illustrator":"Kagemaru Himeno","localId":"52","name":"Reuniclus","rarity":"Rare","set":{"cardCount":{"official":101,"total":102},"id":"bw3","name":"Vitórias Nobres","symbol":"https://assets.tcgdex.net/univ/bw/bw3/symbol"},"variants":{"firstEdition":false,"holo":true,"normal":true,"reverse":true,"wPromo":false},"dexId":[579],"hp":90,"types":["Psychic"],"stage":"Stage 2","attacks":[{"cost":["Colorless"]},{"cost":["Psychic"],"damage":40}],"weaknesses":[{"type":"Psychic","value":"×2"}],"retreat":2,"legal":{"standard":false,"expanded":true}},{"category":"Pokemon","id":"bw3-53","illustrator":"Mizue","localId":"53","name":"Reuniclus","rarity":"Rare","set":{"cardCount":{"official":101,"total":102},"id":"bw3","name":"Vitórias Nobres","symbol":"https://assets.tcgdex.net/univ/bw/bw3/symbol"},"variants":{"firstEdition":false,"holo":true,"normal":true,"reverse":true,"wPromo":false},"dexId":[579],"hp":90,"types":["Psychic"],"stage":"Stage 2","attacks":[{"cost":["Psychic"],"damage":30},{"cost":["Psychic","Colorless","Colorless"],"damage":60}],"weaknesses":[{"type":"Psychic","value":"×2"}],"retreat":2,"legal":{"standard":false,"expanded":true}},{"category":"Pokemon","id":"bw3-54","illustrator":"sui","localId":"54","name":"Elgyem","rarity":"Common","set":{"cardCount":{"official":101,"total":102},"id":"bw3","name":"Vitórias Nobres","symbol":"https://assets.tcgdex.net/univ/bw/bw3/symbol"},"variants":{"firstEdition":false,"holo":true,"normal":true,"reverse":true,"wPromo":false},"dexId":[605],"hp":60,"types":["Psychic"],"stage":"Basic","attacks":[{"cost":["Colorless"],"damage":10},{"cost":["Psychic"]}],"weaknesses":[{"type":"Psychic","value":"×2"}],"retreat":1,"legal":{"standard":false,"expanded":true}},{"category":"Pokemon","id":"bw3-55","illustrator":"Naoki Saito","localId":"55","name":"Elgyem","rarity":"Common","set":{"cardCount":{"official":101,"total":102},"id":"bw3","name":"Vitórias Nobres","symbol":"https://assets.tcgdex.net/univ/bw/bw3/symbol"},"variants":{"firstEdition":false,"holo":true,"normal":true,"reverse":true,"wPromo":false},"dexId":[605],"hp":60,"types":["Psychic"],"stage":"Basic","attacks":[{"cost":["Colorless"]},{"cost":["Psychic","Colorless"],"damage":20}],"weaknesses":[{"type":"Psychic","value":"×2"}],"retreat":1,"legal":{"standard":false,"expanded":true}},{"category":"Pokemon","id":"bw3-56","illustrator":"Kagemaru Himeno","localId":"56","name":"Beheeyem","rarity":"Rare","set":{"cardCount":{"official":101,"total":102},"id":"bw3","name":"Vitórias Nobres","symbol":"https://assets.tcgdex.net/univ/bw/bw3/symbol"},"variants":{"firstEdition":false,"holo":true,"normal":true,"reverse":true,"wPromo":false},"dexId":[606],"hp":80,"types":["Psychic"],"stage":"Stage 1","attacks":[{"cost":["Psychic"],"damage":20},{"cost":["Psychic","Colorless"],"damage":40}],"weaknesses":[{"type":"Psychic","value":"×2"}],"retreat":1,"legal":{"standard":false,"expanded":true}},{"category":"Pokemon","id":"bw3-57","illustrator":"Masakazu Fukuda","localId":"57","name":"Litwick","rarity":"Common","set":{"cardCount":{"official":101,"total":102},"id":"bw3","name":"Vitórias Nobres","symbol":"https://assets.tcgdex.net/univ/bw/bw3/symbol"},"variants":{"firstEdition":false,"holo":true,"normal":true,"reverse":true,"wPromo":false},"dexId":[607],"hp":50,"types":["Psychic"],"stage":"Basic","attacks":[{"cost":["Colorless","Colorless"],"damage":20}],"weaknesses":[{"type":"Darkness","value":"×2"}],"retreat":1,"legal":{"standard":false,"expanded":true}},{"category":"Pokemon","id":"bw3-58","illustrator":"Naoki Saito","localId":"58","name":"Litwick","rarity":"Common","set":{"cardCount":{"official":101,"total":102},"id":"bw3","name":"Vitórias Nobres","symbol":"https://assets.tcgdex.net/univ/bw/bw3/symbol"},"variants":{"firstEdition":false,"holo":true,"normal":true,"reverse":true,"wPromo":false},"dexId":[607],"hp":50,"types":["Psychic"],"stage":"Basic","attacks":[{"cost":["Psychic"],"damage":10}],"weaknesses":[{"type":"Darkness","value":"×2"}],"retreat":1,"legal":{"standard":false,"expanded":true}},{"category":"Pokemon","id":"bw3-59","illustrator":"MAHOU","localId":"59","name":"Lampent","rarity":"Uncommon","set":{"cardCount":{"official":101,"total":102},"id":"bw3","name":"Vitórias Nobres","symbol":"https://assets.tcgdex.net/univ/bw/bw3/symbol"},"variants":{"firstEdition":false,"holo":true,"normal":true,"reverse":true,"wPromo":false},"dexId":[608],"hp":80,"types":["Psychic"],"stage":"Stage 1","attacks":[{"cost":["Colorless"]},{"cost":["Psychic","Colorless"],"damage":30}],"weaknesses":[{"type":"Darkness","value":"×2"}],"retreat":1,"legal":{"standard":false,"expanded":true}},{"category":"Pokemon","id":"bw3-60","illustrator":"Naoyo Kimura","localId":"60","name":"Chandelure","rarity":"Rare","set":{"cardCount":{"official":101,"total":102},"id":"bw3","name":"Vitórias Nobres","symbol":"https://assets.tcgdex.net/univ/bw/bw3/symbol"},"variants":{"firstEdition":false,"holo":true,"normal":true,"reverse":true,"wPromo":false},"dexId":[609],"hp":130,"types":["Psychic"],"stage":"Stage 2","abilities":[{"type":"Ability","name":"Sombra Amaldiçoada","effect":"Uma vez na sua vez de jogar (antes de atacar), se este Pokémon for seu Pokémon Ativo, você poderá colocar 3 marcadores de danos nos Pokémon do seu oponente da forma que desejar."}],"attacks":[{"cost":["Psychic","Psychic","Colorless"],"damage":50}],"weaknesses":[{"type":"Darkness","value":"×2"}],"retreat":2,"legal":{"standard":false,"expanded":true}},{"category":"Pokemon","id":"bw3-61","illustrator":"Mitsuhiro Arita","localId":"61","name":"Gigalith","rarity":"Rare","set":{"cardCount":{"official":101,"total":102},"id":"bw3","name":"Vitórias Nobres","symbol":"https://assets.tcgdex.net/univ/bw/bw3/symbol"},"variants":{"firstEdition":false,"holo":true,"normal":true,"reverse":true,"wPromo":false},"dexId":[526],"hp":150,"types":["Fighting"],"stage":"Stage 2","attacks":[{"cost":["Fighting"]},{"cost":["Fighting","Colorless","Colorless","Colorless"],"damage":90}],"weaknesses":[{"type":"Grass","value":"×2"}],"retreat":4,"legal":{"standard":false,"expanded":true}},{"category":"Pokemon","id":"bw3-62","illustrator":"Tomokazu Komiya","localId":"62","name":"Timburr","rarity":"Common","set":{"cardCount":{"official":101,"total":102},"id":"bw3","name":"Vitórias Nobres","symbol":"https://assets.tcgdex.net/univ/bw/bw3/symbol"},"variants":{"firstEdition":false,"holo":true,"normal":true,"reverse":true,"wPromo":false},"dexId":[532],"hp":60,"types":["Fighting"],"stage":"Basic","attacks":[{"cost":["Fighting"],"damage":10}],"weaknesses":[{"type":"Psychic","value":"×2"}],"retreat":2,"legal":{"standard":false,"expanded":true}},{"category":"Pokemon","id":"bw3-63","illustrator":"Sumiyoshi Kizuki","localId":"63","name":"Gurdurr","rarity":"Uncommon","set":{"cardCount":{"official":101,"total":102},"id":"bw3","name":"Vitórias Nobres","symbol":"https://assets.tcgdex.net/univ/bw/bw3/symbol"},"variants":{"firstEdition":false,"holo":true,"normal":true,"reverse":true,"wPromo":false},"dexId":[533],"hp":80,"types":["Fighting"],"stage":"Stage 1","attacks":[{"cost":["Fighting","Fighting"],"damage":30},{"cost":["Fighting","Colorless","Colorless"],"damage":40}],"weaknesses":[{"type":"Psychic","value":"×2"}],"retreat":3,"legal":{"standard":false,"expanded":true}},{"category":"Pokemon","id":"bw3-64","illustrator":"kawayoo","localId":"64","name":"Conkeldurr","rarity":"Rare","set":{"cardCount":{"official":101,"total":102},"id":"bw3","name":"Vitórias Nobres","symbol":"https://assets.tcgdex.net/univ/bw/bw3/symbol"},"variants":{"firstEdition":false,"holo":true,"normal":true,"reverse":true,"wPromo":false},"dexId":[534],"hp":140,"types":["Fighting"],"stage":"Stage 2","abilities":[{"type":"Ability","name":"Manufatura","effect":"Este Pokémon recebe mais 20 PS para cada Energia Fighting ligada a ele."}],"attacks":[{"cost":["Fighting","Colorless","Colorless","Colorless"],"damage":80}],"weaknesses":[{"type":"Psychic","value":"×2"}],"retreat":4,"legal":{"standard":false,"expanded":true}},{"category":"Pokemon","id":"bw3-65","illustrator":"Kouki Saitou","localId":"65","name":"Conkeldurr","rarity":"Rare","set":{"cardCount":{"official":101,"total":102},"id":"bw3","name":"Vitórias Nobres","symbol":"https://assets.tcgdex.net/univ/bw/bw3/symbol"},"variants":{"firstEdition":false,"holo":true,"normal":true,"reverse":true,"wPromo":false},"dexId":[534],"hp":140,"types":["Fighting"],"stage":"Stage 2","attacks":[{"cost":["Fighting"],"damage":40},{"cost":["Fighting","Fighting","Colorless"],"damage":60}],"weaknesses":[{"type":"Psychic","value":"×2"}],"retreat":3,"legal":{"standard":false,"expanded":true}},{"category":"Pokemon","id":"bw3-66","illustrator":"Kagemaru Himeno","localId":"66","name":"Archen","rarity":"Uncommon","set":{"cardCount":{"official":101,"total":102},"id":"bw3","name":"Vitórias Nobres","symbol":"https://assets.tcgdex.net/univ/bw/bw3/symbol"},"variants":{"firstEdition":false,"holo":true,"normal":true,"reverse":true,"wPromo":false},"dexId":[566],"hp":80,"types":["Fighting"],"stage":"RESTORED","attacks":[{"cost":["Fighting"],"damage":20},{"cost":["Colorless","Colorless"],"damage":20}],"weaknesses":[{"type":"Grass","value":"×2"}],"retreat":1,"legal":{"standard":false,"expanded":true}},{"category":"Pokemon","id":"bw3-67","illustrator":"Kouki Saitou","localId":"67","name":"Archeops","rarity":"Rare","set":{"cardCount":{"official":101,"total":102},"id":"bw3","name":"Vitórias Nobres","symbol":"https://assets.tcgdex.net/univ/bw/bw3/symbol"},"variants":{"firstEdition":false,"holo":true,"normal":true,"reverse":true,"wPromo":false},"dexId":[567],"hp":130,"types":["Fighting"],"stage":"Stage 1","abilities":[{"type":"Ability","name":"Poder Ancestral","effect":"Nenhum jogador pode jogar nenhum Pokémon de sua própria mão para evoluir o Pokémon desse jogador."}],"attacks":[{"cost":["Fighting","Fighting","Colorless"],"damage":60}],"weaknesses":[{"type":"Grass","value":"×2"}],"retreat":2,"legal":{"standard":false,"expanded":false}},{"category":"Pokemon","id":"bw3-68","illustrator":"Midori Harada","localId":"68","name":"Stunfisk","rarity":"Uncommon","set":{"cardCount":{"official":101,"total":102},"id":"bw3","name":"Vitórias Nobres","symbol":"https://assets.tcgdex.net/univ/bw/bw3/symbol"},"variants":{"firstEdition":false,"holo":true,"normal":true,"reverse":true,"wPromo":false},"dexId":[618],"hp":90,"types":["Fighting"],"stage":"Basic","attacks":[{"cost":["Lightning","Colorless"],"damage":30},{"cost":["Lightning","Lightning","Colorless"],"damage":50}],"weaknesses":[{"type":"Water","value":"×2"}],"resistances":[{"type":"Lightning","value":"-20"}],"retreat":1,"legal":{"standard":false,"expanded":true}},{"category":"Pokemon","id":"bw3-69","illustrator":"match","localId":"69","name":"Mienfoo","rarity":"Common","set":{"cardCount":{"official":101,"total":102},"id":"bw3","name":"Vitórias Nobres","symbol":"https://assets.tcgdex.net/univ/bw/bw3/symbol"},"variants":{"firstEdition":false,"holo":true,"normal":true,"reverse":true,"wPromo":false},"dexId":[619],"hp":50,"types":["Fighting"],"stage":"Basic","attacks":[{"cost":["Colorless"],"damage":10},{"cost":["Fighting","Fighting"],"damage":30}],"weaknesses":[{"type":"Psychic","value":"×2"}],"retreat":1,"legal":{"standard":false,"expanded":true}},{"category":"Pokemon","id":"bw3-70","illustrator":"Atsuko Nishida","localId":"70","name":"Mienshao","rarity":"Uncommon","set":{"cardCount":{"official":101,"total":102},"id":"bw3","name":"Vitórias Nobres","symbol":"https://assets.tcgdex.net/univ/bw/bw3/symbol"},"variants":{"firstEdition":false,"holo":true,"normal":true,"reverse":true,"wPromo":false},"dexId":[620],"hp":90,"types":["Fighting"],"stage":"Stage 1","attacks":[{"cost":["Colorless"],"damage":30},{"cost":["Fighting","Fighting"],"damage":50}],"weaknesses":[{"type":"Psychic","value":"×2"}],"retreat":1,"legal":{"standard":false,"expanded":true}},{"category":"Pokemon","id":"bw3-71","illustrator":"Masakazu Fukuda","localId":"71","name":"Golett","rarity":"Common","set":{"cardCount":{"official":101,"total":102},"id":"bw3","name":"Vitórias Nobres","symbol":"https://assets.tcgdex.net/univ/bw/bw3/symbol"},"variants":{"firstEdition":false,"holo":true,"normal":true,"reverse":true,"wPromo":false},"dexId":[622],"hp":80,"types":["Fighting"],"stage":"Basic","attacks":[{"cost":["Fighting","Colorless"],"damage":20}],"weaknesses":[{"type":"Water","value":"×2"}],"resistances":[{"type":"Lightning","value":"-20"}],"retreat":3,"legal":{"standard":false,"expanded":true}},{"category":"Pokemon","id":"bw3-72","illustrator":"Kouki Saitou","localId":"72","name":"Golurk","rarity":"Rare","set":{"cardCount":{"official":101,"total":102},"id":"bw3","name":"Vitórias Nobres","symbol":"https://assets.tcgdex.net/univ/bw/bw3/symbol"},"variants":{"firstEdition":false,"holo":true,"normal":true,"reverse":true,"wPromo":false},"dexId":[623],"hp":130,"types":["Fighting"],"stage":"Stage 1","attacks":[{"cost":["Fighting","Fighting","Colorless"],"damage":60},{"cost":["Fighting","Fighting","Colorless","Colorless"],"damage":50}],"weaknesses":[{"type":"Water","value":"×2"}],"resistances":[{"type":"Lightning","value":"-20"}],"retreat":4,"legal":{"standard":false,"expanded":true}},{"category":"Pokemon","id":"bw3-73","illustrator":"5ban Graphics","localId":"73","name":"Terrakion","rarity":"Rare","set":{"cardCount":{"official":101,"total":102},"id":"bw3","name":"Vitórias Nobres","symbol":"https://assets.tcgdex.net/univ/bw/bw3/symbol"},"variants":{"firstEdition":false,"holo":true,"normal":true,"reverse":true,"wPromo":false},"dexId":[639],"hp":130,"types":["Fighting"],"stage":"Basic","attacks":[{"cost":["Fighting","Colorless"],"damage":30},{"cost":["Fighting","Fighting","Colorless"],"damage":90}],"weaknesses":[{"type":"Grass","value":"×2"}],"retreat":4,"legal":{"standard":false,"expanded":true}},{"category":"Pokemon","id":"bw3-74","illustrator":"5ban Graphics","localId":"74","name":"Landorus","rarity":"Rare","set":{"cardCount":{"official":101,"total":102},"id":"bw3","name":"Vitórias Nobres","symbol":"https://assets.tcgdex.net/univ/bw/bw3/symbol"},"variants":{"firstEdition":false,"holo":true,"normal":true,"reverse":true,"wPromo":false},"dexId":[645],"hp":110,"types":["Fighting"],"stage":"Basic","attacks":[{"cost":["Fighting"]},{"cost":["Fighting","Fighting","Colorless"],"damage":80}],"weaknesses":[{"type":"Water","value":"×2"}],"resistances":[{"type":"Lightning","value":"-20"}],"retreat":1,"legal":{"standard":false,"expanded":true}},{"category":"Pokemon","id":"bw3-75","illustrator":"Mitsuhiro Arita","localId":"75","name":"Pawniard","rarity":"Common","set":{"cardCount":{"official":101,"total":102},"id":"bw3","name":"Vitórias Nobres","symbol":"https://assets.tcgdex.net/univ/bw/bw3/symbol"},"variants":{"firstEdition":false,"holo":true,"normal":true,"reverse":true,"wPromo":false},"dexId":[624],"hp":60,"types":["Darkness"],"stage":"Basic","attacks":[{"cost":["Colorless"],"damage":10}],"weaknesses":[{"type":"Fighting","value":"×2"}],"resistances":[{"type":"Psychic","value":"-20"}],"retreat":1,"legal":{"standard":false,"expanded":true}},{"category":"Pokemon","id":"bw3-76","illustrator":"Kouki Saitou","localId":"76","name":"Bisharp","rarity":"Uncommon","set":{"cardCount":{"official":101,"total":102},"id":"bw3","name":"Vitórias Nobres","symbol":"https://assets.tcgdex.net/univ/bw/bw3/symbol"},"variants":{"firstEdition":false,"holo":true,"normal":true,"reverse":true,"wPromo":false},"dexId":[625],"hp":90,"types":["Darkness"],"stage":"Stage 1","attacks":[{"cost":["Darkness"],"damage":20},{"cost":["Darkness","Colorless"],"damage":30}],"weaknesses":[{"type":"Fighting","value":"×2"}],"resistances":[{"type":"Psychic","value":"-20"}],"retreat":1,"legal":{"standard":false,"expanded":true}},{"category":"Pokemon","id":"bw3-77","illustrator":"Mitsuhiro Arita","localId":"77","name":"Deino","rarity":"Common","set":{"cardCount":{"official":101,"total":102},"id":"bw3","name":"Vitórias Nobres","symbol":"https://assets.tcgdex.net/univ/bw/bw3/symbol"},"variants":{"firstEdition":false,"holo":true,"normal":true,"reverse":true,"wPromo":false},"dexId":[633],"hp":60,"types":["Darkness"],"stage":"Basic","attacks":[{"cost":["Colorless"],"damage":10},{"cost":["Darkness","Colorless"],"damage":20}],"weaknesses":[{"type":"Fighting","value":"×2"}],"resistances":[{"type":"Psychic","value":"-20"}],"retreat":2,"legal":{"standard":false,"expanded":true}},{"category":"Pokemon","id":"bw3-78","illustrator":"Masakazu Fukuda","localId":"78","name":"Zweilous","rarity":"Uncommon","set":{"cardCount":{"official":101,"total":102},"id":"bw3","name":"Vitórias Nobres","symbol":"https://assets.tcgdex.net/univ/bw/bw3/symbol"},"variants":{"firstEdition":false,"holo":true,"normal":true,"reverse":true,"wPromo":false},"dexId":[634],"hp":90,"types":["Darkness"],"stage":"Stage 1","attacks":[{"cost":["Colorless"],"damage":20},{"cost":["Darkness","Colorless","Colorless"],"damage":50}],"weaknesses":[{"type":"Fighting","value":"×2"}],"resistances":[{"type":"Psychic","value":"-20"}],"retreat":2,"legal":{"standard":false,"expanded":true}},{"category":"Pokemon","id":"bw3-79","illustrator":"5ban Graphics","localId":"79","name":"Hydreigon","rarity":"Rare","set":{"cardCount":{"official":101,"total":102},"id":"bw3","name":"Vitórias Nobres","symbol":"https://assets.tcgdex.net/univ/bw/bw3/symbol"},"variants":{"firstEdition":false,"holo":true,"normal":true,"reverse":true,"wPromo":false},"dexId":[635],"hp":150,"types":["Darkness"],"stage":"Stage 2","abilities":[{"type":"Ability","name":"Aura Negra","effect":"Toda Energia ligada a este Pokémon é Energia Darkness em vez do tipo usual."}],"attacks":[{"cost":["Darkness","Darkness","Darkness","Darkness"],"damage":60}],"weaknesses":[{"type":"Fighting","value":"×2"}],"resistances":[{"type":"Psychic","value":"-20"}],"retreat":3,"legal":{"standard":false,"expanded":true}},{"category":"Pokemon","id":"bw3-80","illustrator":"Kouki Saitou","localId":"80","name":"Escavalier","rarity":"Rare","set":{"cardCount":{"official":101,"total":102},"id":"bw3","name":"Vitórias Nobres","symbol":"https://assets.tcgdex.net/univ/bw/bw3/symbol"},"variants":{"firstEdition":false,"holo":true,"normal":true,"reverse":true,"wPromo":false},"dexId":[589],"hp":90,"types":["Metal"],"stage":"Stage 1","attacks":[{"cost":["Metal","Colorless"],"damage":40},{"cost":["Metal","Colorless","Colorless"],"damage":70}],"weaknesses":[{"type":"Fire","value":"×2"}],"resistances":[{"type":"Psychic","value":"-20"}],"retreat":3,"legal":{"standard":false,"expanded":true}},{"category":"Pokemon","id":"bw3-81","illustrator":"Tomokazu Komiya","localId":"81","name":"Pawniard","rarity":"Common","set":{"cardCount":{"official":101,"total":102},"id":"bw3","name":"Vitórias Nobres","symbol":"https://assets.tcgdex.net/univ/bw/bw3/symbol"},"variants":{"firstEdition":false,"holo":true,"normal":true,"reverse":true,"wPromo":false},"dexId":[624],"hp":60,"types":["Metal"],"stage":"Basic","attacks":[{"cost":["Metal"],"damage":10},{"cost":["Colorless","Colorless"],"damage":20}],"weaknesses":[{"type":"Fire","value":"×2"}],"resistances":[{"type":"Psychic","value":"-20"}],"retreat":1,"legal":{"standard":false,"expanded":true}},{"category":"Pokemon","id":"bw3-82","illustrator":"5ban Graphics","localId":"82","name":"Bisharp","rarity":"Rare","set":{"cardCount":{"official":101,"total":102},"id":"bw3","name":"Vitórias Nobres","symbol":"https://assets.tcgdex.net/univ/bw/bw3/symbol"},"variants":{"firstEdition":false,"holo":true,"normal":true,"reverse":true,"wPromo":false},"dexId":[625],"hp":100,"types":["Metal"],"stage":"Stage 1","attacks":[{"cost":["Colorless"],"damage":20},{"cost":["Colorless","Colorless","Colorless"],"damage":40}],"weaknesses":[{"type":"Fire","value":"×2"}],"resistances":[{"type":"Psychic","value":"-20"}],"retreat":2,"legal":{"standard":false,"expanded":true}},{"category":"Pokemon","id":"bw3-83","illustrator":"Masakazu Fukuda","localId":"83","name":"Durant","rarity":"Uncommon","set":{"cardCount":{"official":101,"total":102},"id":"bw3","name":"Vitórias Nobres","symbol":"https://assets.tcgdex.net/univ/bw/bw3/symbol"},"variants":{"firstEdition":false,"holo":true,"normal":true,"reverse":true,"wPromo":false},"dexId":[632],"hp":70,"types":["Metal"],"stage":"Basic","attacks":[{"cost":["Metal"]},{"cost":["Colorless","Colorless"],"damage":30}],"weaknesses":[{"type":"Fire","value":"×2"}],"resistances":[{"type":"Psychic","value":"-20"}],"retreat":1,"legal":{"standard":false,"expanded":true}},{"category":"Pokemon","id":"bw3-84","illustrator":"5ban Graphics","localId":"84","name":"Cobalion","rarity":"Rare","set":{"cardCount":{"official":101,"total":102},"id":"bw3","name":"Vitórias Nobres","symbol":"https://assets.tcgdex.net/univ/bw/bw3/symbol"},"variants":{"firstEdition":false,"holo":true,"normal":true,"reverse":true,"wPromo":false},"dexId":[638],"hp":120,"types":["Metal"],"stage":"Basic","attacks":[{"cost":["Metal","Colorless"],"damage":20},{"cost":["Metal","Metal","Colorless"],"damage":80}],"weaknesses":[{"type":"Fire","value":"×2"}],"resistances":[{"type":"Psychic","value":"-20"}],"retreat":2,"legal":{"standard":false,"expanded":true}},{"category":"Pokemon","id":"bw3-85","illustrator":"Naoki Saito","localId":"85","name":"Audino","rarity":"Uncommon","set":{"cardCount":{"official":101,"total":102},"id":"bw3","name":"Vitórias Nobres","symbol":"https://assets.tcgdex.net/univ/bw/bw3/symbol"},"variants":{"firstEdition":false,"holo":true,"normal":true,"reverse":true,"wPromo":false},"dexId":[531],"hp":90,"types":["Colorless"],"stage":"Basic","attacks":[{"cost":["Colorless","Colorless"],"damage":10}],"weaknesses":[{"type":"Fighting","value":"×2"}],"retreat":2,"legal":{"standard":false,"expanded":true}},{"category":"Pokemon","id":"bw3-86","illustrator":"Atsuko Nishida","localId":"86","name":"Axew","rarity":"Common","set":{"cardCount":{"official":101,"total":102},"id":"bw3","name":"Vitórias Nobres","symbol":"https://assets.tcgdex.net/univ/bw/bw3/symbol"},"variants":{"firstEdition":false,"holo":true,"normal":true,"reverse":true,"wPromo":false},"dexId":[610],"hp":60,"types":["Colorless"],"stage":"Basic","attacks":[{"cost":["Colorless"],"damage":10}],"retreat":1,"legal":{"standard":false,"expanded":true}},{"category":"Pokemon","id":"bw3-87","illustrator":"Kagemaru Himeno","localId":"87","name":"Fraxure","rarity":"Uncommon","set":{"cardCount":{"official":101,"total":102},"id":"bw3","name":"Vitórias Nobres","symbol":"https://assets.tcgdex.net/univ/bw/bw3/symbol"},"variants":{"firstEdition":false,"holo":true,"normal":true,"reverse":true,"wPromo":false},"dexId":[611],"hp":90,"types":["Colorless"],"stage":"Stage 1","attacks":[{"cost":["Colorless"],"damage":20},{"cost":["Colorless","Colorless"],"damage":30}],"retreat":2,"legal":{"standard":false,"expanded":true}},{"category":"Pokemon","id":"bw3-88","illustrator":"Kouki Saitou","localId":"88","name":"Haxorus","rarity":"Rare","set":{"cardCount":{"official":101,"total":102},"id":"bw3","name":"Vitórias Nobres","symbol":"https://assets.tcgdex.net/univ/bw/bw3/symbol"},"variants":{"firstEdition":false,"holo":true,"normal":true,"reverse":true,"wPromo":false},"dexId":[612],"hp":140,"types":["Colorless"],"stage":"Stage 2","attacks":[{"cost":["Colorless","Colorless"],"damage":50},{"cost":["Colorless","Colorless","Colorless"],"damage":120}],"retreat":2,"legal":{"standard":false,"expanded":true}},{"category":"Pokemon","id":"bw3-89","illustrator":"Masakazu Fukuda","localId":"89","name":"Druddigon","rarity":"Rare","set":{"cardCount":{"official":101,"total":102},"id":"bw3","name":"Vitórias Nobres","symbol":"https://assets.tcgdex.net/univ/bw/bw3/symbol"},"variants":{"firstEdition":false,"holo":true,"normal":true,"reverse":true,"wPromo":false},"dexId":[621],"hp":100,"types":["Colorless"],"stage":"Basic","abilities":[{"type":"Ability","name":"Pele Áspera","effect":"Se este Pokémon for seu Pokémon Ativo e ele for danificado pelo ataque de um oponente (mesmo se esse Pokémon for Nocauteado), coloque 2 marcadores de danos no Pokémon Atacante."}],"attacks":[{"cost":["Colorless","Colorless","Colorless"],"damage":60}],"retreat":2,"legal":{"standard":false,"expanded":true}},{"category":"Trainer","id":"bw3-90","illustrator":"Ryo Ueda","localId":"90","name":"Fóssil Casca","rarity":"Uncommon","set":{"cardCount":{"official":101,"total":102},"id":"bw3","name":"Vitórias Nobres","symbol":"https://assets.tcgdex.net/univ/bw/bw3/symbol"},"variants":{"firstEdition":false,"holo":true,"normal":true,"reverse":true,"wPromo":false},"effect":"Olhe os 7 cards de baixo do seu baralho. Você poderá revelar um Tirtouga que encontrar lá e colocá-lo em seu Banco. Embaralhe os demais cards de volta.","trainerType":"Item","legal":{"standard":false,"expanded":true}},{"category":"Trainer","id":"bw3-91","illustrator":"5ban Graphics","localId":"91","name":"Eviolite","rarity":"Uncommon","set":{"cardCount":{"official":101,"total":102},"id":"bw3","name":"Vitórias Nobres","symbol":"https://assets.tcgdex.net/univ/bw/bw3/symbol"},"variants":{"firstEdition":false,"holo":true,"normal":true,"reverse":true,"wPromo":false},"effect":"Se este card estiver ligado a um Pokémon Básico, qualquer dano causado a este Pokémon por ataques será reduzido em 20 (após a aplicação de Fraqueza e Resistência).","trainerType":"Tool","legal":{"standard":false,"expanded":true}},{"category":"Trainer","id":"bw3-92","illustrator":"Ken Sugimori","localId":"92","name":"N","rarity":"Uncommon","set":{"cardCount":{"official":101,"total":102},"id":"bw3","name":"Vitórias Nobres","symbol":"https://assets.tcgdex.net/univ/bw/bw3/symbol"},"variants":{"firstEdition":false,"holo":true,"normal":true,"reverse":true,"wPromo":false},"effect":"Cada jogador embaralha sua mão em seu próprio baralho. Cada jogador então compra um card para cada um de seus cards de Prêmio restantes.","trainerType":"Supporter","legal":{"standard":false,"expanded":true}},{"category":"Trainer","id":"bw3-93","illustrator":"Ryo Ueda","localId":"93","name":"Fóssil Pluma","rarity":"Uncommon","set":{"cardCount":{"official":101,"total":102},"id":"bw3","name":"Vitórias Nobres","symbol":"https://assets.tcgdex.net/univ/bw/bw3/symbol"},"variants":{"firstEdition":false,"holo":true,"normal":true,"reverse":true,"wPromo":false},"effect":"Olhe os 7 cards de baixo do seu baralho. Você poderá revelar um Archen que encontrar lá e colocá-lo em seu Banco. Embaralhe os demais cards de volta.","trainerType":"Item","legal":{"standard":false,"expanded":true}},{"category":"Trainer","id":"bw3-94","illustrator":"Ryo Ueda","localId":"94","name":"Capacete de Pedra","rarity":"Uncommon","set":{"cardCount":{"official":101,"total":102},"id":"bw3","name":"Vitórias Nobres","symbol":"https://assets.tcgdex.net/univ/bw/bw3/symbol"},"variants":{"firstEdition":false,"holo":true,"normal":true,"reverse":true,"wPromo":false},"effect":"Se este card estiver ligado a seu Pokémon Ativo e ele for danificado pelo ataque de um oponente (mesmo se esse Pokémon for Nocauteado), coloque 2 marcadores de danos no Pokémon Atacante.","trainerType":"Tool","legal":{"standard":false,"expanded":true}},{"category":"Trainer","id":"bw3-95","illustrator":"5ban Graphics","localId":"95","name":"Super Bastão","rarity":"Uncommon","set":{"cardCount":{"official":101,"total":102},"id":"bw3","name":"Vitórias Nobres","symbol":"https://assets.tcgdex.net/univ/bw/bw3/symbol"},"variants":{"firstEdition":false,"holo":true,"normal":true,"reverse":true,"wPromo":false},"effect":"Embaralhe qualquer combinação de 3 cards entre Pokémon e Energia básica de sua pilha de descarte em seu baralho.","trainerType":"Item","legal":{"standard":false,"expanded":true}},{"category":"Trainer","id":"bw3-96","illustrator":"Ryo Ueda","localId":"96","name":"Tranceptor X","rarity":"Uncommon","set":{"cardCount":{"official":101,"total":102},"id":"bw3","name":"Vitórias Nobres","symbol":"https://assets.tcgdex.net/univ/bw/bw3/symbol"},"variants":{"firstEdition":false,"holo":true,"normal":true,"reverse":true,"wPromo":false},"effect":"Jogue uma moeda. Se sair cara, procure um card de Apoiador em seu baralho, revele-o e coloque-o na sua mão. Em seguida, embaralhe seus cards.","trainerType":"Item","legal":{"standard":false,"expanded":true}},{"category":"Pokemon","id":"bw3-97","illustrator":"5ban Graphics","localId":"97","name":"Virizion","rarity":"Ultra Rare","set":{"cardCount":{"official":101,"total":102},"id":"bw3","name":"Vitórias Nobres","symbol":"https://assets.tcgdex.net/univ/bw/bw3/symbol"},"variants":{"firstEdition":false,"holo":true,"normal":true,"reverse":true,"wPromo":false},"dexId":[640],"hp":110,"types":["Grass"],"stage":"Basic","attacks":[{"cost":["Colorless"]},{"cost":["Grass","Colorless"],"damage":40}],"weaknesses":[{"type":"Fire","value":"×2"}],"resistances":[{"type":"Water","value":"-20"}],"retreat":1,"legal":{"standard":false,"expanded":true}},{"category":"Pokemon","id":"bw3-98","illustrator":"5ban Graphics","localId":"98","name":"Victini","rarity":"Ultra Rare","set":{"cardCount":{"official":101,"total":102},"id":"bw3","name":"Vitórias Nobres","symbol":"https://assets.tcgdex.net/univ/bw/bw3/symbol"},"variants":{"firstEdition":false,"holo":true,"normal":true,"reverse":true,"wPromo":false},"dexId":[494],"hp":60,"types":["Fire"],"stage":"Basic","abilities":[{"type":"Ability","name":"Estrela da Vitória","effect":"Uma vez durante sua vez de jogar, após jogar quaisquer moedas para um ataque, você pode ignorar todos os efeitos das moedas jogadas e começar a jogá-las novamente. Não é possível usar mais de 1 Habilidade Estrela da Vitória por vez de jogar."}],"attacks":[{"cost":["Fire","Colorless"],"damage":30}],"weaknesses":[{"type":"Water","value":"×2"}],"retreat":1,"legal":{"standard":false,"expanded":true}},{"category":"Pokemon","id":"bw3-99","illustrator":"5ban Graphics","localId":"99","name":"Terrakion","rarity":"Ultra Rare","set":{"cardCount":{"official":101,"total":102},"id":"bw3","name":"Vitórias Nobres","symbol":"https://assets.tcgdex.net/univ/bw/bw3/symbol"},"variants":{"firstEdition":false,"holo":true,"normal":true,"reverse":true,"wPromo":false},"dexId":[639],"hp":130,"types":["Fighting"],"stage":"Basic","attacks":[{"cost":["Fighting","Colorless"],"damage":30},{"cost":["Fighting","Fighting","Colorless"],"damage":90}],"weaknesses":[{"type":"Grass","value":"×2"}],"retreat":4,"legal":{"standard":false,"expanded":true}},{"category":"Pokemon","id":"bw3-100","illustrator":"5ban Graphics","localId":"100","name":"Cobalion","rarity":"Ultra Rare","set":{"cardCount":{"official":101,"total":102},"id":"bw3","name":"Vitórias Nobres","symbol":"https://assets.tcgdex.net/univ/bw/bw3/symbol"},"variants":{"firstEdition":false,"holo":true,"normal":true,"reverse":true,"wPromo":false},"dexId":[638],"hp":120,"types":["Metal"],"stage":"Basic","attacks":[{"cost":["Metal","Colorless"],"damage":20},{"cost":["Metal","Metal","Colorless"],"damage":80}],"weaknesses":[{"type":"Fire","value":"×2"}],"resistances":[{"type":"Psychic","value":"-20"}],"retreat":2,"legal":{"standard":false,"expanded":true}},{"category":"Trainer","id":"bw3-101","illustrator":"Ken Sugimori","localId":"101","name":"N","rarity":"Ultra Rare","set":{"cardCount":{"official":101,"total":102},"id":"bw3","name":"Vitórias Nobres","symbol":"https://assets.tcgdex.net/univ/bw/bw3/symbol"},"variants":{"firstEdition":false,"holo":true,"normal":true,"reverse":true,"wPromo":false},"effect":"Cada jogador embaralha sua mão em seu próprio baralho. Cada jogador então compra um card para cada um de seus cards de Prêmio restantes.","trainerType":"Supporter","legal":{"standard":false,"expanded":true}},{"category":"Pokemon","id":"bw3-102","illustrator":"Kouki Saitou","localId":"102","name":"Meowth","rarity":"Secret Rare","set":{"cardCount":{"official":101,"total":102},"id":"bw3","name":"Vitórias Nobres","symbol":"https://assets.tcgdex.net/univ/bw/bw3/symbol"},"variants":{"firstEdition":false,"holo":true,"normal":true,"reverse":true,"wPromo":false},"dexId":[52],"hp":60,"types":["Colorless"],"stage":"Basic","attacks":[{"cost":["Colorless"],"damage":10},{"cost":["Colorless","Colorless"],"damage":20}],"weaknesses":[{"type":"Fighting","value":"×2"}],"retreat":1,"legal":{"standard":false,"expanded":true}}]