[{"category":"Pokemon","id":"bw10-1","illustrator":"Naoyo Kimura","localId":"1","name":"Surskit","rarity":"Common","set":{"cardCount":{"official":101,"total":105},"id":"bw10","name":"Explosão de Plasma","symbol":"https://assets.tcgdex.net/univ/bw/bw10/symbol"},"variants":{"firstEdition":false,"holo":true,"normal":true,"reverse":true,"wPromo":false},"dexId":[283],"hp":50,"types":["Grass"],"stage":"Basic","attacks":[{"cost":["Grass"]}],"weaknesses":[{"type":"Fire","value":"×2"}],"retreat":1,"legal":{"standard":false,"expanded":true}},{"category":"Pokemon","id":"bw10-2","illustrator":"5ban Graphics","localId":"2","name":"Masquerain","rarity":"Rare","set":{"cardCount":{"official":101,"total":105},"id":"bw10","name":"Explosão de Plasma","symbol":"https://assets.tcgdex.net/univ/bw/bw10/symbol"},"variants":{"firstEdition":false,"holo":true,"normal":true,"reverse":true,"wPromo":false},"dexId":[284],"hp":80,"types":["Grass"],"stage":"Stage 1","abilities":[{"type":"Ability","name":"Inversão de Ferramenta","effect":"Quantas vezes desejar durante o seu turno (antes de atacar), você pode colocar um card de Ferramenta Pokémon ligada a 1 dos seus Pokémon em sua mão."}],"attacks":[{"cost":["Colorless","Colorless","Colorless"],"damage":60}],"weaknesses":[{"type":"Fire","value":"×2"}],"retreat":1,"legal":{"standard":false,"expanded":true}},{"category":"Pokemon","id":"bw10-3","illustrator":"Suwama Chiaki","localId":"3","name":"Lileep","rarity":"Uncommon","set":{"cardCount":{"official":101,"total":105},"id":"bw10","name":"Explosão de Plasma","symbol":"https://assets.tcgdex.net/univ/bw/bw10/symbol"},"variants":{"firstEdition":false,"holo":true,"normal":true,"reverse":true,"wPromo":false},"dexId":[345],"hp":80,"types":["Grass"],"stage":"RESTORED","abilities":[{"type":"Ability","name":"Chamado Pre-histórico","effect":"Uma vez durante sua vez de jogar (antes de atacar), se este Pokémon estiver na sua pilha de descarte, você pode colocá-lo na base de seu baralho."}],"attacks":[{"cost":["Grass","Colorless"],"damage":20}],"weaknesses":[{"type":"Fire","value":"×2"}],"resistances":[{"type":"Water","value":"-20"}],"retreat":2,"legal":{"standard":false,"expanded":true}},{"category":"Pokemon","id":"bw10-4","illustrator":"kawayoo","localId":"4","name":"Cradily","rarity":"Rare","set":{"cardCount":{"official":101,"total":105},"id":"bw10","name":"Explosão de Plasma","symbol":"https://assets.tcgdex.net/univ/bw/bw10/symbol"},"variants":{"firstEdition":false,"holo":true,"normal":true,"reverse":true,"wPromo":false},"dexId":[346],"hp":120,"types":["Grass"],"stage":"Stage 1","attacks":[{"cost":["Grass"]},{"cost":["Grass","Colorless","Colorless"],"damage":60}],"weaknesses":[{"type":"Fire","value":"×2"}],"resistances":[{"type":"Water","value":"-20"}],"retreat":2,"legal":{"standard":false,"expanded":true}},{"category":"Pokemon","id":"bw10-5","illustrator":"Shigenori Negishi","localId":"5","name":"Tropius","rarity":"Uncommon","set":{"cardCount":{"official":101,"total":105},"id":"bw10","name":"Explosão de Plasma","symbol":"https://assets.tcgdex.net/univ/bw/bw10/symbol"},"variants":{"firstEdition":false,"holo":true,"normal":true,"reverse":true,"wPromo":false},"dexId":[357],"hp":100,"types":["Grass"],"stage":"Basic","attacks":[{"cost":["Grass"],"damage":10},{"cost":["Grass","Colorless"],"damage":20}],"weaknesses":[{"type":"Lightning","value":"×2"}],"resistances":[{"type":"Fighting","value":"-20"}],"retreat":1,"legal":{"standard":false,"expanded":true}},{"category":"Pokemon","id":"bw10-6","illustrator":"match","localId":"6","name":"Karrablast","rarity":"Common","set":{"cardCount":{"official":101,"total":105},"id":"bw10","name":"Explosão de Plasma","symbol":"https://assets.tcgdex.net/univ/bw/bw10/symbol"},"variants":{"firstEdition":false,"holo":true,"normal":true,"reverse":true,"wPromo":false},"dexId":[588],"hp":60,"types":["Grass"],"stage":"Basic","attacks":[{"cost":["Colorless","Colorless"],"damage":20}],"weaknesses":[{"type":"Fire","value":"×2"}],"retreat":1,"legal":{"standard":false,"expanded":true}},{"category":"Pokemon","id":"bw10-7","illustrator":"Sumiyoshi Kizuki","localId":"7","name":"Shelmet","rarity":"Common","set":{"cardCount":{"official":101,"total":105},"id":"bw10","name":"Explosão de Plasma","symbol":"https://assets.tcgdex.net/univ/bw/bw10/symbol"},"variants":{"firstEdition":false,"holo":true,"normal":true,"reverse":true,"wPromo":false},"dexId":[616],"hp":60,"types":["Grass"],"stage":"Basic","attacks":[{"cost":["Colorless"]},{"cost":["Grass","Colorless"],"damage":20}],"weaknesses":[{"type":"Fire","value":"×2"}],"retreat":3,"legal":{"standard":false,"expanded":true}},{"category":"Pokemon","id":"bw10-8","illustrator":"5ban Graphics","localId":"8","name":"Accelgor","rarity":"Rare","set":{"cardCount":{"official":101,"total":105},"id":"bw10","name":"Explosão de Plasma","symbol":"https://assets.tcgdex.net/univ/bw/bw10/symbol"},"variants":{"firstEdition":false,"holo":true,"normal":true,"reverse":true,"wPromo":false},"dexId":[617],"hp":80,"types":["Grass"],"stage":"Stage 1","attacks":[{"cost":["Colorless"],"damage":20},{"cost":["Grass","Colorless"],"damage":30}],"weaknesses":[{"type":"Fire","value":"×2"}],"retreat":0,"legal":{"standard":false,"expanded":true}},{"category":"Pokemon","id":"bw10-9","illustrator":"Ryo Ueda","localId":"9","name":"Virizion-EX","rarity":"Rare","set":{"cardCount":{"official":101,"total":105},"id":"bw10","name":"Explosão de Plasma","symbol":"https://assets.tcgdex.net/univ/bw/bw10/symbol"},"variants":{"firstEdition":false,"holo":true,"normal":true,"reverse":true,"wPromo":false},"dexId":[640],"hp":170,"types":["Grass"],"suffix":"EX","abilities":[{"type":"Ability","name":"Vento Verdejante","effect":"Cada um de seus Pokémon que possuir qualquer Energia Grass ligado a ele não poderá ser afetado por nenhuma Condição Especial. (Remova quaisquer Condições Especiais que estejam afetando estes Pokémon.)"}],"attacks":[{"cost":["Grass","Colorless"],"damage":50}],"weaknesses":[{"type":"Fire","value":"×2"}],"resistances":[{"type":"Water","value":"-20"}],"retreat":1,"legal":{"standard":false,"expanded":true}},{"category":"Pokemon","id":"bw10-10","illustrator":"Masakazu Fukuda","localId":"10","name":"Genesect","rarity":"Rare","set":{"cardCount":{"official":101,"total":105},"id":"bw10","name":"Explosão de Plasma","symbol":"https://assets.tcgdex.net/univ/bw/bw10/symbol"},"variants":{"firstEdition":false,"holo":true,"normal":true,"reverse":true,"wPromo":false},"dexId":[649],"hp":100,"types":["Grass"],"stage":"Basic","attacks":[{"cost":["Colorless"]},{"cost":["Grass","Grass","Colorless"],"damage":80}],"weaknesses":[{"type":"Fire","value":"×2"}],"retreat":1,"legal":{"standard":false,"expanded":true}},{"category":"Pokemon","id":"bw10-11","illustrator":"Eske Yoshinob","localId":"11","name":"Genesect-EX","rarity":"Rare","set":{"cardCount":{"official":101,"total":105},"id":"bw10","name":"Explosão de Plasma","symbol":"https://assets.tcgdex.net/univ/bw/bw10/symbol"},"variants":{"firstEdition":false,"holo":true,"normal":true,"reverse":true,"wPromo":false},"dexId":[649],"hp":170,"types":["Grass"],"suffix":"EX","abilities":[{"type":"Ability","name":"Sinal Vermelho","effect":"Ao ligar uma Energia de Plasma da sua mão a este Pokémon, você pode trocar 1 dos Pokémon do Banco do oponente pelo Pokémon Ativo dele."}],"attacks":[{"cost":["Grass","Grass","Colorless"],"damage":100}],"weaknesses":[{"type":"Fire","value":"×2"}],"retreat":1,"legal":{"standard":false,"expanded":true}},{"category":"Pokemon","id":"bw10-12","illustrator":"Masakazu Fukuda","localId":"12","name":"Larvesta","rarity":"Common","set":{"cardCount":{"official":101,"total":105},"id":"bw10","name":"Explosão de Plasma","symbol":"https://assets.tcgdex.net/univ/bw/bw10/symbol"},"variants":{"firstEdition":false,"holo":true,"normal":true,"reverse":true,"wPromo":false},"dexId":[636],"hp":70,"types":["Fire"],"stage":"Basic","attacks":[{"cost":["Fire"],"damage":10},{"cost":["Fire","Colorless"],"damage":30}],"weaknesses":[{"type":"Water","value":"×2"}],"retreat":3,"legal":{"standard":false,"expanded":true}},{"category":"Pokemon","id":"bw10-13","illustrator":"5ban Graphics","localId":"13","name":"Volcarona","rarity":"Rare","set":{"cardCount":{"official":101,"total":105},"id":"bw10","name":"Explosão de Plasma","symbol":"https://assets.tcgdex.net/univ/bw/bw10/symbol"},"variants":{"firstEdition":false,"holo":true,"normal":true,"reverse":true,"wPromo":false},"dexId":[637],"hp":100,"types":["Fire"],"stage":"Stage 1","attacks":[{"cost":["Colorless"]},{"cost":["Fire","Fire","Colorless"],"damage":50}],"weaknesses":[{"type":"Water","value":"×2"}],"retreat":1,"legal":{"standard":false,"expanded":true}},{"category":"Pokemon","id":"bw10-14","illustrator":"Akira Komayama","localId":"14","name":"Squirtle","rarity":"Common","set":{"cardCount":{"official":101,"total":105},"id":"bw10","name":"Explosão de Plasma","symbol":"https://assets.tcgdex.net/univ/bw/bw10/symbol"},"variants":{"firstEdition":false,"holo":true,"normal":true,"reverse":true,"wPromo":false},"dexId":[7],"hp":50,"types":["Water"],"stage":"Basic","attacks":[{"cost":["Water"]},{"cost":["Water","Colorless"],"damage":20}],"weaknesses":[{"type":"Grass","value":"×2"}],"retreat":1,"legal":{"standard":false,"expanded":true}},{"category":"Pokemon","id":"bw10-15","illustrator":"Akira Komayama","localId":"15","name":"Wartortle","rarity":"Uncommon","set":{"cardCount":{"official":101,"total":105},"id":"bw10","name":"Explosão de Plasma","symbol":"https://assets.tcgdex.net/univ/bw/bw10/symbol"},"variants":{"firstEdition":false,"holo":true,"normal":true,"reverse":true,"wPromo":false},"dexId":[8],"hp":80,"types":["Water"],"stage":"Stage 1","attacks":[{"cost":["Water"]},{"cost":["Water","Colorless","Colorless"],"damage":30}],"weaknesses":[{"type":"Grass","value":"×2"}],"retreat":2,"legal":{"standard":false,"expanded":true}},{"category":"Pokemon","id":"bw10-16","illustrator":"Satoshi Shirai","localId":"16","name":"Blastoise","rarity":"Rare","set":{"cardCount":{"official":101,"total":105},"id":"bw10","name":"Explosão de Plasma","symbol":"https://assets.tcgdex.net/univ/bw/bw10/symbol"},"variants":{"firstEdition":false,"holo":true,"normal":true,"reverse":true,"wPromo":false},"dexId":[9],"hp":140,"types":["Water"],"stage":"Stage 2","abilities":[{"type":"Ability","name":"Inundar","effect":"Tantas vezes quanto desejar em sua vez de jogar (antes de atacar), você poderá ligar um card de Energia Water da sua mão a 1 dos seus Pokémon."}],"attacks":[{"cost":["Colorless","Colorless","Colorless","Colorless"],"damage":60}],"weaknesses":[{"type":"Grass","value":"×2"}],"retreat":4,"legal":{"standard":false,"expanded":true}},{"category":"Pokemon","id":"bw10-17","illustrator":"Kouki Saitou","localId":"17","name":"Lapras","rarity":"Common","set":{"cardCount":{"official":101,"total":105},"id":"bw10","name":"Explosão de Plasma","symbol":"https://assets.tcgdex.net/univ/bw/bw10/symbol"},"variants":{"firstEdition":false,"holo":true,"normal":true,"reverse":true,"wPromo":false},"dexId":[131],"hp":100,"types":["Water"],"stage":"Basic","attacks":[{"cost":["Water","Colorless"]},{"cost":["Water","Colorless","Colorless","Colorless"],"damage":70}],"weaknesses":[{"type":"Metal","value":"×2"}],"retreat":2,"legal":{"standard":false,"expanded":true}},{"category":"Pokemon","id":"bw10-18","illustrator":"Masakazu Fukuda","localId":"18","name":"Remoraid","rarity":"Common","set":{"cardCount":{"official":101,"total":105},"id":"bw10","name":"Explosão de Plasma","symbol":"https://assets.tcgdex.net/univ/bw/bw10/symbol"},"variants":{"firstEdition":false,"holo":true,"normal":true,"reverse":true,"wPromo":false},"dexId":[223],"hp":60,"types":["Water"],"stage":"Basic","attacks":[{"cost":["Water","Water"],"damage":20}],"weaknesses":[{"type":"Lightning","value":"×2"}],"retreat":1,"legal":{"standard":false,"expanded":true}},{"category":"Pokemon","id":"bw10-19","illustrator":"5ban Graphics","localId":"19","name":"Octillery","rarity":"Uncommon","set":{"cardCount":{"official":101,"total":105},"id":"bw10","name":"Explosão de Plasma","symbol":"https://assets.tcgdex.net/univ/bw/bw10/symbol"},"variants":{"firstEdition":false,"holo":true,"normal":true,"reverse":true,"wPromo":false},"dexId":[224],"hp":90,"types":["Water"],"stage":"Stage 1","attacks":[{"cost":["Water"]},{"cost":["Water","Water"],"damage":40}],"weaknesses":[{"type":"Lightning","value":"×2"}],"retreat":1,"legal":{"standard":false,"expanded":true}},{"category":"Pokemon","id":"bw10-20","illustrator":"kawayoo","localId":"20","name":"Suicune","rarity":"Rare","set":{"cardCount":{"official":101,"total":105},"id":"bw10","name":"Explosão de Plasma","symbol":"https://assets.tcgdex.net/univ/bw/bw10/symbol"},"variants":{"firstEdition":false,"holo":true,"normal":true,"reverse":true,"wPromo":false},"dexId":[245],"hp":100,"types":["Water"],"stage":"Basic","abilities":[{"type":"Ability","name":"Salvaguarda","effect":"Impede todos os efeitos de ataques, inclusive danos, causados a este Pokémon por Pokémon-EX."}],"attacks":[{"cost":["Water","Colorless","Colorless"],"damage":70}],"weaknesses":[{"type":"Grass","value":"×2"}],"retreat":2,"legal":{"standard":false,"expanded":true}},{"category":"Pokemon","id":"bw10-21","illustrator":"Kyoko Umemoto","localId":"21","name":"Snorunt","rarity":"Common","set":{"cardCount":{"official":101,"total":105},"id":"bw10","name":"Explosão de Plasma","symbol":"https://assets.tcgdex.net/univ/bw/bw10/symbol"},"variants":{"firstEdition":false,"holo":true,"normal":true,"reverse":true,"wPromo":false},"dexId":[361],"hp":60,"types":["Water"],"stage":"Basic","attacks":[{"cost":["Water"]},{"cost":["Water","Colorless"],"damage":20}],"weaknesses":[{"type":"Metal","value":"×2"}],"retreat":2,"legal":{"standard":false,"expanded":true}},{"category":"Pokemon","id":"bw10-22","illustrator":"5ban Graphics","localId":"22","name":"Glalie","rarity":"Uncommon","set":{"cardCount":{"official":101,"total":105},"id":"bw10","name":"Explosão de Plasma","symbol":"https://assets.tcgdex.net/univ/bw/bw10/symbol"},"variants":{"firstEdition":false,"holo":true,"normal":true,"reverse":true,"wPromo":false},"dexId":[362],"hp":100,"types":["Water"],"stage":"Stage 1","attacks":[{"cost":["Water","Colorless"],"damage":30},{"cost":["Water","Colorless","Colorless"],"damage":60}],"weaknesses":[{"type":"Metal","value":"×2"}],"retreat":2,"legal":{"standard":false,"expanded":true}},{"category":"Pokemon","id":"bw10-23","illustrator":"5ban Graphics","localId":"23","name":"Froslass","rarity":"Rare","set":{"cardCount":{"official":101,"total":105},"id":"bw10","name":"Explosão de Plasma","symbol":"https://assets.tcgdex.net/univ/bw/bw10/symbol"},"variants":{"firstEdition":false,"holo":true,"normal":true,"reverse":true,"wPromo":false},"dexId":[478],"hp":90,"types":["Water"],"stage":"Stage 1","abilities":[{"type":"Ability","name":"Olhar Amaldiçoado","effect":"Enquanto este Pokémon for seu Pokémon Ativo, seu oponente não poderá ligar nenhum card de Energia Especial da mão dele ao Pokémon dele."}],"attacks":[{"cost":["Water","Colorless"],"damage":30}],"weaknesses":[{"type":"Metal","value":"×2"}],"retreat":1,"legal":{"standard":false,"expanded":true}},{"category":"Pokemon","id":"bw10-24","illustrator":"5ban Graphics","localId":"24","name":"Relicanth","rarity":"Uncommon","set":{"cardCount":{"official":101,"total":105},"id":"bw10","name":"Explosão de Plasma","symbol":"https://assets.tcgdex.net/univ/bw/bw10/symbol"},"variants":{"firstEdition":false,"holo":true,"normal":true,"reverse":true,"wPromo":false},"dexId":[369],"hp":90,"types":["Water"],"stage":"Basic","attacks":[{"cost":["Colorless"]},{"cost":["Water","Colorless"],"damage":30}],"weaknesses":[{"type":"Grass","value":"×2"}],"retreat":1,"legal":{"standard":false,"expanded":true}},{"category":"Pokemon","id":"bw10-25","illustrator":"Shigenori Negishi","localId":"25","name":"Snover","rarity":"Common","set":{"cardCount":{"official":101,"total":105},"id":"bw10","name":"Explosão de Plasma","symbol":"https://assets.tcgdex.net/univ/bw/bw10/symbol"},"variants":{"firstEdition":false,"holo":true,"normal":true,"reverse":true,"wPromo":false},"dexId":[459],"hp":70,"types":["Water"],"stage":"Basic","attacks":[{"cost":["Colorless","Colorless"],"damage":20},{"cost":["Grass","Grass","Colorless"],"damage":40}],"weaknesses":[{"type":"Metal","value":"×2"}],"retreat":2,"legal":{"standard":false,"expanded":true}},{"category":"Pokemon","id":"bw10-26","illustrator":"kawayoo","localId":"26","name":"Abomasnow","rarity":"Uncommon","set":{"cardCount":{"official":101,"total":105},"id":"bw10","name":"Explosão de Plasma","symbol":"https://assets.tcgdex.net/univ/bw/bw10/symbol"},"variants":{"firstEdition":false,"holo":true,"normal":true,"reverse":true,"wPromo":false},"dexId":[460],"hp":120,"types":["Water"],"stage":"Stage 1","attacks":[{"cost":["Grass","Grass"],"damage":40},{"cost":["Grass","Grass","Colorless"],"damage":80}],"weaknesses":[{"type":"Metal","value":"×2"}],"retreat":2,"legal":{"standard":false,"expanded":true}},{"category":"Pokemon","id":"bw10-27","illustrator":"Midori Harada","localId":"27","name":"Tirtouga","rarity":"Uncommon","set":{"cardCount":{"official":101,"total":105},"id":"bw10","name":"Explosão de Plasma","symbol":"https://assets.tcgdex.net/univ/bw/bw10/symbol"},"variants":{"firstEdition":false,"holo":true,"normal":true,"reverse":true,"wPromo":false},"dexId":[564],"hp":90,"types":["Water"],"stage":"RESTORED","abilities":[{"type":"Ability","name":"Chamado Pre-histórico","effect":"Uma vez durante sua vez de jogar (antes de atacar), se este Pokémon estiver na sua pilha de descarte, você pode colocá-lo na base de seu baralho."}],"attacks":[{"cost":["Water","Colorless","Colorless"],"damage":30}],"weaknesses":[{"type":"Grass","value":"×2"}],"retreat":3,"legal":{"standard":false,"expanded":true}},{"category":"Pokemon","id":"bw10-28","illustrator":"Mitsuhiro Arita","localId":"28","name":"Carracosta","rarity":"Rare","set":{"cardCount":{"official":101,"total":105},"id":"bw10","name":"Explosão de Plasma","symbol":"https://assets.tcgdex.net/univ/bw/bw10/symbol"},"variants":{"firstEdition":false,"holo":true,"normal":true,"reverse":true,"wPromo":false},"dexId":[565],"hp":140,"types":["Water"],"stage":"Stage 1","attacks":[{"cost":["Water","Colorless","Colorless"],"damage":50},{"cost":["Water","Water","Colorless","Colorless"],"damage":80}],"weaknesses":[{"type":"Grass","value":"×2"}],"retreat":4,"legal":{"standard":false,"expanded":true}},{"category":"Pokemon","id":"bw10-29","illustrator":"Naoki Saito","localId":"29","name":"Ducklett","rarity":"Common","set":{"cardCount":{"official":101,"total":105},"id":"bw10","name":"Explosão de Plasma","symbol":"https://assets.tcgdex.net/univ/bw/bw10/symbol"},"variants":{"firstEdition":false,"holo":true,"normal":true,"reverse":true,"wPromo":false},"dexId":[580],"hp":60,"types":["Water"],"stage":"Basic","attacks":[{"cost":["Water","Colorless"]}],"weaknesses":[{"type":"Lightning","value":"×2"}],"resistances":[{"type":"Fighting","value":"-20"}],"retreat":1,"legal":{"standard":false,"expanded":true}},{"category":"Pokemon","id":"bw10-30","illustrator":"Eske Yoshinob","localId":"30","name":"Kyurem-EX","rarity":"Rare","set":{"cardCount":{"official":101,"total":105},"id":"bw10","name":"Explosão de Plasma","symbol":"https://assets.tcgdex.net/univ/bw/bw10/symbol"},"variants":{"firstEdition":false,"holo":true,"normal":true,"reverse":true,"wPromo":false},"dexId":[646],"hp":180,"types":["Water"],"suffix":"EX","attacks":[{"cost":["Colorless","Colorless"],"damage":30},{"cost":["Water","Water","Colorless","Colorless"],"damage":150}],"weaknesses":[{"type":"Metal","value":"×2"}],"retreat":3,"legal":{"standard":false,"expanded":true}},{"category":"Pokemon","id":"bw10-31","illustrator":"Shigenori Negishi","localId":"31","name":"Tynamo","rarity":"Common","set":{"cardCount":{"official":101,"total":105},"id":"bw10","name":"Explosão de Plasma","symbol":"https://assets.tcgdex.net/univ/bw/bw10/symbol"},"variants":{"firstEdition":false,"holo":true,"normal":true,"reverse":true,"wPromo":false},"dexId":[602],"hp":30,"types":["Lightning"],"stage":"Basic","attacks":[{"cost":["Lightning"],"damage":20}],"weaknesses":[{"type":"Fighting","value":"×2"}],"retreat":1,"legal":{"standard":false,"expanded":true}},{"category":"Pokemon","id":"bw10-32","illustrator":"Suwama Chiaki","localId":"32","name":"Eelektrik","rarity":"Uncommon","set":{"cardCount":{"official":101,"total":105},"id":"bw10","name":"Explosão de Plasma","symbol":"https://assets.tcgdex.net/univ/bw/bw10/symbol"},"variants":{"firstEdition":false,"holo":true,"normal":true,"reverse":true,"wPromo":false},"dexId":[603],"hp":80,"types":["Lightning"],"stage":"Stage 1","attacks":[{"cost":["Lightning"],"damage":20},{"cost":["Colorless","Colorless"],"damage":30}],"weaknesses":[{"type":"Fighting","value":"×2"}],"retreat":1,"legal":{"standard":false,"expanded":true}},{"category":"Pokemon","id":"bw10-33","illustrator":"5ban Graphics","localId":"33","name":"Eelektross","rarity":"Rare","set":{"cardCount":{"official":101,"total":105},"id":"bw10","name":"Explosão de Plasma","symbol":"https://assets.tcgdex.net/univ/bw/bw10/symbol"},"variants":{"firstEdition":false,"holo":true,"normal":true,"reverse":true,"wPromo":false},"dexId":[604],"hp":140,"types":["Lightning"],"stage":"Stage 2","attacks":[{"cost":["Lightning","Colorless"],"damage":30},{"cost":["Lightning","Colorless","Colorless","Colorless"],"damage":50}],"weaknesses":[{"type":"Fighting","value":"×2"}],"retreat":3,"legal":{"standard":false,"expanded":true}},{"category":"Pokemon","id":"bw10-34","illustrator":"Kyoko Umemoto","localId":"34","name":"Drifloon","rarity":"Common","set":{"cardCount":{"official":101,"total":105},"id":"bw10","name":"Explosão de Plasma","symbol":"https://assets.tcgdex.net/univ/bw/bw10/symbol"},"variants":{"firstEdition":false,"holo":true,"normal":true,"reverse":true,"wPromo":false},"dexId":[425],"hp":70,"types":["Psychic"],"stage":"Basic","attacks":[{"cost":["Psychic"]},{"cost":["Colorless","Colorless","Colorless"]}],"weaknesses":[{"type":"Darkness","value":"×2"}],"retreat":2,"legal":{"standard":false,"expanded":true}},{"category":"Pokemon","id":"bw10-35","illustrator":"Akira Komayama","localId":"35","name":"Drifblim","rarity":"Rare","set":{"cardCount":{"official":101,"total":105},"id":"bw10","name":"Explosão de Plasma","symbol":"https://assets.tcgdex.net/univ/bw/bw10/symbol"},"variants":{"firstEdition":false,"holo":true,"normal":true,"reverse":true,"wPromo":false},"dexId":[426],"hp":100,"types":["Psychic"],"stage":"Stage 1","abilities":[{"type":"Ability","name":"Balão à Deriva","effect":"O ataque deste Pokémon custa Colorless a menos para cada Pokémon da Equipe Plasma do oponente em jogo."}],"attacks":[{"cost":["Colorless","Colorless","Colorless"],"damage":70}],"weaknesses":[{"type":"Darkness","value":"×2"}],"retreat":0,"legal":{"standard":false,"expanded":true}},{"category":"Pokemon","id":"bw10-36","illustrator":"Sumiyoshi Kizuki","localId":"36","name":"Uxie","rarity":"Rare","set":{"cardCount":{"official":101,"total":105},"id":"bw10","name":"Explosão de Plasma","symbol":"https://assets.tcgdex.net/univ/bw/bw10/symbol"},"variants":{"firstEdition":false,"holo":true,"normal":true,"reverse":true,"wPromo":false},"dexId":[480],"hp":60,"types":["Psychic"],"stage":"Basic","attacks":[{"cost":["Psychic"]}],"weaknesses":[{"type":"Psychic","value":"×2"}],"retreat":1,"legal":{"standard":false,"expanded":true}},{"category":"Pokemon","id":"bw10-37","illustrator":"Ryo Ueda","localId":"37","name":"Mesprit","rarity":"Rare","set":{"cardCount":{"official":101,"total":105},"id":"bw10","name":"Explosão de Plasma","symbol":"https://assets.tcgdex.net/univ/bw/bw10/symbol"},"variants":{"firstEdition":false,"holo":true,"normal":true,"reverse":true,"wPromo":false},"dexId":[481],"hp":60,"types":["Psychic"],"stage":"Basic","abilities":[{"type":"Ability","name":"Cortina Mental","effect":"Caso você possua Uxie e Azelf em jogo, seus Pokémon não terão Fraqueza."}],"attacks":[{"cost":["Psychic","Colorless","Colorless"],"damage":30}],"weaknesses":[{"type":"Psychic","value":"×2"}],"retreat":1,"legal":{"standard":false,"expanded":true}},{"category":"Pokemon","id":"bw10-38","illustrator":"Naoyo Kimura","localId":"38","name":"Azelf","rarity":"Rare","set":{"cardCount":{"official":101,"total":105},"id":"bw10","name":"Explosão de Plasma","symbol":"https://assets.tcgdex.net/univ/bw/bw10/symbol"},"variants":{"firstEdition":false,"holo":true,"normal":true,"reverse":true,"wPromo":false},"dexId":[482],"hp":60,"types":["Psychic"],"stage":"Basic","attacks":[{"cost":["Colorless"]},{"cost":["Psychic","Colorless","Colorless"]}],"weaknesses":[{"type":"Psychic","value":"×2"}],"retreat":1,"legal":{"standard":false,"expanded":true}},{"category":"Pokemon","id":"bw10-39","illustrator":"Mizue","localId":"39","name":"Munna","rarity":"Common","set":{"cardCount":{"official":101,"total":105},"id":"bw10","name":"Explosão de Plasma","symbol":"https://assets.tcgdex.net/univ/bw/bw10/symbol"},"variants":{"firstEdition":false,"holo":true,"normal":true,"reverse":true,"wPromo":false},"dexId":[517],"hp":60,"types":["Psychic"],"stage":"Basic","attacks":[{"cost":["Colorless"],"damage":10},{"cost":["Psychic","Colorless"],"damage":10}],"weaknesses":[{"type":"Psychic","value":"×2"}],"retreat":1,"legal":{"standard":false,"expanded":true}},{"category":"Pokemon","id":"bw10-40","illustrator":"Kagemaru Himeno","localId":"40","name":"Musharna","rarity":"Uncommon","set":{"cardCount":{"official":101,"total":105},"id":"bw10","name":"Explosão de Plasma","symbol":"https://assets.tcgdex.net/univ/bw/bw10/symbol"},"variants":{"firstEdition":false,"holo":true,"normal":true,"reverse":true,"wPromo":false},"dexId":[518],"hp":100,"types":["Psychic"],"stage":"Stage 1","attacks":[{"cost":["Psychic"]},{"cost":["Psychic","Colorless","Colorless"],"damage":60}],"weaknesses":[{"type":"Psychic","value":"×2"}],"retreat":3,"legal":{"standard":false,"expanded":true}},{"category":"Pokemon","id":"bw10-41","illustrator":"Kagemaru Himeno","localId":"41","name":"Sigilyph","rarity":"Rare","set":{"cardCount":{"official":101,"total":105},"id":"bw10","name":"Explosão de Plasma","symbol":"https://assets.tcgdex.net/univ/bw/bw10/symbol"},"variants":{"firstEdition":false,"holo":true,"normal":true,"reverse":true,"wPromo":false},"dexId":[561],"hp":90,"types":["Psychic"],"stage":"Basic","abilities":[{"type":"Ability","name":"Caixa de Ferramentas","effect":"Este Pokémon pode possuir até 4 cards de Ferramenta Pokémon ligados a ele. (Se este Pokémon perder esta Habilidade, descarte cards de Ferramenta Pokémon ligados a este Pokémon até que sobre apenas 1 card de Ferramente Pokémon.)"}],"attacks":[{"cost":["Psychic","Colorless","Colorless"],"damage":70}],"weaknesses":[{"type":"Lightning","value":"×2"}],"resistances":[{"type":"Fighting","value":"-20"}],"retreat":1,"legal":{"standard":false,"expanded":true}},{"category":"Pokemon","id":"bw10-42","illustrator":"Midori Harada","localId":"42","name":"Solosis","rarity":"Common","set":{"cardCount":{"official":101,"total":105},"id":"bw10","name":"Explosão de Plasma","symbol":"https://assets.tcgdex.net/univ/bw/bw10/symbol"},"variants":{"firstEdition":false,"holo":true,"normal":true,"reverse":true,"wPromo":false},"dexId":[577],"hp":30,"types":["Psychic"],"stage":"Basic","attacks":[{"cost":["Psychic"]}],"weaknesses":[{"type":"Psychic","value":"×2"}],"retreat":1,"legal":{"standard":false,"expanded":true}},{"category":"Pokemon","id":"bw10-43","illustrator":"match","localId":"43","name":"Duosion","rarity":"Uncommon","set":{"cardCount":{"official":101,"total":105},"id":"bw10","name":"Explosão de Plasma","symbol":"https://assets.tcgdex.net/univ/bw/bw10/symbol"},"variants":{"firstEdition":false,"holo":true,"normal":true,"reverse":true,"wPromo":false},"dexId":[578],"hp":60,"types":["Psychic"],"stage":"Stage 1","attacks":[{"cost":["Psychic","Colorless"],"damage":20}],"weaknesses":[{"type":"Psychic","value":"×2"}],"retreat":1,"legal":{"standard":false,"expanded":true}},{"category":"Pokemon","id":"bw10-44","illustrator":"Kagemaru Himeno","localId":"44","name":"Reuniclus","rarity":"Rare","set":{"cardCount":{"official":101,"total":105},"id":"bw10","name":"Explosão de Plasma","symbol":"https://assets.tcgdex.net/univ/bw/bw10/symbol"},"variants":{"firstEdition":false,"holo":true,"normal":true,"reverse":true,"wPromo":false},"dexId":[579],"hp":100,"types":["Psychic"],"stage":"Stage 2","attacks":[{"cost":["Psychic"],"damage":30},{"cost":["Psychic","Colorless","Colorless"],"damage":70}],"weaknesses":[{"type":"Psychic","value":"×2"}],"retreat":2,"legal":{"standard":false,"expanded":true}},{"category":"Pokemon","id":"bw10-45","illustrator":"Midori Harada","localId":"45","name":"Golett","rarity":"Common","set":{"cardCount":{"official":101,"total":105},"id":"bw10","name":"Explosão de Plasma","symbol":"https://assets.tcgdex.net/univ/bw/bw10/symbol"},"variants":{"firstEdition":false,"holo":true,"normal":true,"reverse":true,"wPromo":false},"dexId":[622],"hp":80,"types":["Psychic"],"stage":"Basic","attacks":[{"cost":["Colorless"],"damage":10},{"cost":["Psychic","Psychic","Colorless"],"damage":50}],"weaknesses":[{"type":"Darkness","value":"×2"}],"retreat":3,"legal":{"standard":false,"expanded":true}},{"category":"Pokemon","id":"bw10-46","illustrator":"Akira Komayama","localId":"46","name":"Golurk","rarity":"Rare","set":{"cardCount":{"official":101,"total":105},"id":"bw10","name":"Explosão de Plasma","symbol":"https://assets.tcgdex.net/univ/bw/bw10/symbol"},"variants":{"firstEdition":false,"holo":true,"normal":true,"reverse":true,"wPromo":false},"dexId":[623],"hp":130,"types":["Psychic"],"stage":"Stage 1","attacks":[{"cost":["Colorless","Colorless"],"damage":60},{"cost":["Psychic","Psychic","Colorless","Colorless"],"damage":80}],"weaknesses":[{"type":"Darkness","value":"×2"}],"retreat":4,"legal":{"standard":false,"expanded":true}},{"category":"Pokemon","id":"bw10-47","illustrator":"sui","localId":"47","name":"Machop","rarity":"Common","set":{"cardCount":{"official":101,"total":105},"id":"bw10","name":"Explosão de Plasma","symbol":"https://assets.tcgdex.net/univ/bw/bw10/symbol"},"variants":{"firstEdition":false,"holo":true,"normal":true,"reverse":true,"wPromo":false},"dexId":[66],"hp":60,"types":["Fighting"],"stage":"Basic","attacks":[{"cost":["Fighting","Colorless"],"damage":30}],"weaknesses":[{"type":"Psychic","value":"×2"}],"retreat":3,"legal":{"standard":false,"expanded":true}},{"category":"Pokemon","id":"bw10-48","illustrator":"match","localId":"48","name":"Machoke","rarity":"Uncommon","set":{"cardCount":{"official":101,"total":105},"id":"bw10","name":"Explosão de Plasma","symbol":"https://assets.tcgdex.net/univ/bw/bw10/symbol"},"variants":{"firstEdition":false,"holo":true,"normal":true,"reverse":true,"wPromo":false},"dexId":[67],"hp":90,"types":["Fighting"],"stage":"Stage 1","attacks":[{"cost":["Colorless"],"damage":20},{"cost":["Fighting","Fighting","Colorless"],"damage":60}],"weaknesses":[{"type":"Psychic","value":"×2"}],"retreat":3,"legal":{"standard":false,"expanded":true}},{"category":"Pokemon","id":"bw10-49","illustrator":"Naoki Saito","localId":"49","name":"Machamp","rarity":"Rare","set":{"cardCount":{"official":101,"total":105},"id":"bw10","name":"Explosão de Plasma","symbol":"https://assets.tcgdex.net/univ/bw/bw10/symbol"},"variants":{"firstEdition":false,"holo":true,"normal":true,"reverse":true,"wPromo":false},"dexId":[68],"hp":150,"types":["Fighting"],"stage":"Stage 2","abilities":[{"type":"Ability","name":"Distintivo da Disciplina","effect":"Os danos de ataque de cada um de seus Pokémon Fighting não são afetados por Resistência."}],"attacks":[{"cost":["Fighting","Colorless","Colorless","Colorless"],"damage":120}],"weaknesses":[{"type":"Psychic","value":"×2"}],"retreat":3,"legal":{"standard":false,"expanded":true}},{"category":"Pokemon","id":"bw10-50","illustrator":"Kouki Saitou","localId":"50","name":"Machamp","rarity":"Rare","set":{"cardCount":{"official":101,"total":105},"id":"bw10","name":"Explosão de Plasma","symbol":"https://assets.tcgdex.net/univ/bw/bw10/symbol"},"variants":{"firstEdition":false,"holo":true,"normal":true,"reverse":true,"wPromo":false},"dexId":[68],"hp":140,"types":["Fighting"],"stage":"Stage 2","attacks":[{"cost":["Fighting","Colorless","Colorless"],"damage":60},{"cost":["Fighting","Fighting","Colorless","Colorless"],"damage":80}],"weaknesses":[{"type":"Psychic","value":"×2"}],"retreat":3,"legal":{"standard":false,"expanded":true}},{"category":"Pokemon","id":"bw10-51","illustrator":"Naoki Saito","localId":"51","name":"Throh","rarity":"Common","set":{"cardCount":{"official":101,"total":105},"id":"bw10","name":"Explosão de Plasma","symbol":"https://assets.tcgdex.net/univ/bw/bw10/symbol"},"variants":{"firstEdition":false,"holo":true,"normal":true,"reverse":true,"wPromo":false},"dexId":[538],"hp":100,"types":["Fighting"],"stage":"Basic","attacks":[{"cost":["Fighting","Colorless"],"damage":30},{"cost":["Fighting","Colorless","Colorless"],"damage":80}],"weaknesses":[{"type":"Psychic","value":"×2"}],"retreat":3,"legal":{"standard":false,"expanded":true}},{"category":"Pokemon","id":"bw10-52","illustrator":"Naoki Saito","localId":"52","name":"Sawk","rarity":"Common","set":{"cardCount":{"official":101,"total":105},"id":"bw10","name":"Explosão de Plasma","symbol":"https://assets.tcgdex.net/univ/bw/bw10/symbol"},"variants":{"firstEdition":false,"holo":true,"normal":true,"reverse":true,"wPromo":false},"dexId":[539],"hp":90,"types":["Fighting"],"stage":"Basic","attacks":[{"cost":["Colorless"],"damage":10},{"cost":["Fighting","Colorless","Colorless"],"damage":60}],"weaknesses":[{"type":"Psychic","value":"×2"}],"retreat":1,"legal":{"standard":false,"expanded":true}},{"category":"Pokemon","id":"bw10-53","illustrator":"Mizue","localId":"53","name":"Archen","rarity":"Uncommon","set":{"cardCount":{"official":101,"total":105},"id":"bw10","name":"Explosão de Plasma","symbol":"https://assets.tcgdex.net/univ/bw/bw10/symbol"},"variants":{"firstEdition":false,"holo":true,"normal":true,"reverse":true,"wPromo":false},"dexId":[566],"hp":70,"types":["Fighting"],"stage":"RESTORED","abilities":[{"type":"Ability","name":"Chamado Pre-histórico","effect":"Uma vez durante sua vez de jogar (antes de atacar), se este Pokémon estiver na sua pilha de descarte, você pode colocá-lo na base de seu baralho."}],"attacks":[{"cost":["Colorless","Colorless"],"damage":20}],"weaknesses":[{"type":"Grass","value":"×2"}],"retreat":1,"legal":{"standard":false,"expanded":true}},{"category":"Pokemon","id":"bw10-54","illustrator":"Kouki Saitou","localId":"54","name":"Archeops","rarity":"Rare","set":{"cardCount":{"official":101,"total":105},"id":"bw10","name":"Explosão de Plasma","symbol":"https://assets.tcgdex.net/univ/bw/bw10/symbol"},"variants":{"firstEdition":false,"holo":true,"normal":true,"reverse":true,"wPromo":false},"dexId":[567],"hp":120,"types":["Fighting"],"stage":"Stage 1","attacks":[{"cost":["Fighting"],"damage":20},{"cost":["Fighting","Fighting"],"damage":100}],"weaknesses":[{"type":"Grass","value":"×2"}],"retreat":0,"legal":{"standard":false,"expanded":true}},{"category":"Pokemon","id":"bw10-55","illustrator":"Sumiyoshi Kizuki","localId":"55","name":"Houndour","rarity":"Common","set":{"cardCount":{"official":101,"total":105},"id":"bw10","name":"Explosão de Plasma","symbol":"https://assets.tcgdex.net/univ/bw/bw10/symbol"},"variants":{"firstEdition":false,"holo":true,"normal":true,"reverse":true,"wPromo":false},"dexId":[228],"hp":60,"types":["Darkness"],"stage":"Basic","attacks":[{"cost":["Colorless"]},{"cost":["Darkness","Colorless"],"damage":20}],"weaknesses":[{"type":"Fighting","value":"×2"}],"resistances":[{"type":"Psychic","value":"-20"}],"retreat":1,"legal":{"standard":false,"expanded":true}},{"category":"Pokemon","id":"bw10-56","illustrator":"Shin Nagasawa","localId":"56","name":"Houndoom","rarity":"Rare","set":{"cardCount":{"official":101,"total":105},"id":"bw10","name":"Explosão de Plasma","symbol":"https://assets.tcgdex.net/univ/bw/bw10/symbol"},"variants":{"firstEdition":false,"holo":true,"normal":true,"reverse":true,"wPromo":false},"dexId":[229],"hp":100,"types":["Darkness"],"stage":"Stage 1","attacks":[{"cost":["Darkness","Colorless"],"damage":30},{"cost":["Darkness","Colorless","Colorless"],"damage":60}],"weaknesses":[{"type":"Fighting","value":"×2"}],"resistances":[{"type":"Psychic","value":"-20"}],"retreat":1,"legal":{"standard":false,"expanded":true}},{"category":"Pokemon","id":"bw10-57","illustrator":"Shigenori Negishi","localId":"57","name":"Aron","rarity":"Common","set":{"cardCount":{"official":101,"total":105},"id":"bw10","name":"Explosão de Plasma","symbol":"https://assets.tcgdex.net/univ/bw/bw10/symbol"},"variants":{"firstEdition":false,"holo":true,"normal":true,"reverse":true,"wPromo":false},"dexId":[304],"hp":60,"types":["Metal"],"stage":"Basic","attacks":[{"cost":["Metal"],"damage":10},{"cost":["Metal","Colorless","Colorless"],"damage":30}],"weaknesses":[{"type":"Fire","value":"×2"}],"resistances":[{"type":"Psychic","value":"-20"}],"retreat":2,"legal":{"standard":false,"expanded":true}},{"category":"Pokemon","id":"bw10-58","illustrator":"Masakazu Fukuda","localId":"58","name":"Lairon","rarity":"Uncommon","set":{"cardCount":{"official":101,"total":105},"id":"bw10","name":"Explosão de Plasma","symbol":"https://assets.tcgdex.net/univ/bw/bw10/symbol"},"variants":{"firstEdition":false,"holo":true,"normal":true,"reverse":true,"wPromo":false},"dexId":[305],"hp":90,"types":["Metal"],"stage":"Stage 1","attacks":[{"cost":["Metal"],"damage":20},{"cost":["Metal","Colorless","Colorless"],"damage":50}],"weaknesses":[{"type":"Fire","value":"×2"}],"resistances":[{"type":"Psychic","value":"-20"}],"retreat":4,"legal":{"standard":false,"expanded":true}},{"category":"Pokemon","id":"bw10-59","illustrator":"Kouki Saitou","localId":"59","name":"Aggron","rarity":"Rare","set":{"cardCount":{"official":101,"total":105},"id":"bw10","name":"Explosão de Plasma","symbol":"https://assets.tcgdex.net/univ/bw/bw10/symbol"},"variants":{"firstEdition":false,"holo":true,"normal":true,"reverse":true,"wPromo":false},"dexId":[306],"hp":140,"types":["Metal"],"stage":"Stage 2","attacks":[{"cost":["Metal","Colorless"],"damage":50},{"cost":["Metal","Metal","Colorless","Colorless"],"damage":80}],"weaknesses":[{"type":"Fire","value":"×2"}],"resistances":[{"type":"Psychic","value":"-20"}],"retreat":4,"legal":{"standard":false,"expanded":true}},{"category":"Pokemon","id":"bw10-60","illustrator":"Ryo Ueda","localId":"60","name":"Jirachi-EX","rarity":"Rare","set":{"cardCount":{"official":101,"total":105},"id":"bw10","name":"Explosão de Plasma","symbol":"https://assets.tcgdex.net/univ/bw/bw10/symbol"},"variants":{"firstEdition":false,"holo":true,"normal":true,"reverse":true,"wPromo":false},"dexId":[385],"hp":90,"types":["Metal"],"suffix":"EX","abilities":[{"type":"Ability","name":"Orientação Estelar","effect":"Ao jogar este Pokémon da sua mão no Banco, você pode procurar um card de Apoiador em seu baralho e colocá-lo em sua mão. Em seguida, embaralhe seus cards."}],"attacks":[{"cost":["Metal","Colorless","Colorless"],"damage":60}],"weaknesses":[{"type":"Fire","value":"×2"}],"resistances":[{"type":"Psychic","value":"-20"}],"retreat":1,"legal":{"standard":false,"expanded":true}},{"category":"Pokemon","id":"bw10-61","illustrator":"5ban Graphics","localId":"61","name":"Escavalier","rarity":"Rare","set":{"cardCount":{"official":101,"total":105},"id":"bw10","name":"Explosão de Plasma","symbol":"https://assets.tcgdex.net/univ/bw/bw10/symbol"},"variants":{"firstEdition":false,"holo":true,"normal":true,"reverse":true,"wPromo":false},"dexId":[589],"hp":100,"types":["Metal"],"stage":"Stage 1","attacks":[{"cost":["Metal","Colorless"],"damage":40},{"cost":["Metal","Colorless","Colorless"],"damage":80}],"weaknesses":[{"type":"Fire","value":"×2"}],"resistances":[{"type":"Psychic","value":"-20"}],"retreat":3,"legal":{"standard":false,"expanded":true}},{"category":"Pokemon","id":"bw10-62","illustrator":"Kouki Saitou","localId":"62","name":"Bagon","rarity":"Common","set":{"cardCount":{"official":101,"total":105},"id":"bw10","name":"Explosão de Plasma","symbol":"https://assets.tcgdex.net/univ/bw/bw10/symbol"},"variants":{"firstEdition":false,"holo":true,"normal":true,"reverse":true,"wPromo":false},"dexId":[371],"hp":50,"types":["Dragon"],"stage":"Basic","attacks":[{"cost":["Colorless"],"damage":10},{"cost":["Fire","Water"],"damage":20}],"weaknesses":[{"type":"Dragon","value":"×2"}],"retreat":1,"legal":{"standard":false,"expanded":true}},{"category":"Pokemon","id":"bw10-63","illustrator":"Akira Komayama","localId":"63","name":"Shelgon","rarity":"Uncommon","set":{"cardCount":{"official":101,"total":105},"id":"bw10","name":"Explosão de Plasma","symbol":"https://assets.tcgdex.net/univ/bw/bw10/symbol"},"variants":{"firstEdition":false,"holo":true,"normal":true,"reverse":true,"wPromo":false},"dexId":[372],"hp":80,"types":["Dragon"],"stage":"Stage 1","attacks":[{"cost":["Colorless"],"damage":10},{"cost":["Fire","Water","Colorless"],"damage":50}],"weaknesses":[{"type":"Dragon","value":"×2"}],"retreat":3,"legal":{"standard":false,"expanded":true}},{"category":"Pokemon","id":"bw10-64","illustrator":"Naoki Saito","localId":"64","name":"Salamence","rarity":"Rare","set":{"cardCount":{"official":101,"total":105},"id":"bw10","name":"Explosão de Plasma","symbol":"https://assets.tcgdex.net/univ/bw/bw10/symbol"},"variants":{"firstEdition":false,"holo":true,"normal":true,"reverse":true,"wPromo":false},"dexId":[373],"hp":150,"types":["Dragon"],"stage":"Stage 2","abilities":[{"type":"Ability","name":"Quebra-asa","effect":"Ao jogar este Pokémon da sua mão para evoluir 1 dos seus Pokémon, você pode descartar todos os cards de Ferramenta Pokémon ligadas a cada um dos Pokémon de seu oponente."}],"attacks":[{"cost":["Fire","Water","Colorless","Colorless"],"damage":100}],"weaknesses":[{"type":"Dragon","value":"×2"}],"retreat":4,"legal":{"standard":false,"expanded":true}},{"category":"Pokemon","id":"bw10-65","illustrator":"Eske Yoshinob","localId":"65","name":"Dialga-EX","rarity":"Rare","set":{"cardCount":{"official":101,"total":105},"id":"bw10","name":"Explosão de Plasma","symbol":"https://assets.tcgdex.net/univ/bw/bw10/symbol"},"variants":{"firstEdition":false,"holo":true,"normal":true,"reverse":true,"wPromo":false},"dexId":[483],"hp":180,"types":["Dragon"],"suffix":"EX","attacks":[{"cost":["Psychic","Metal","Colorless"],"damage":50},{"cost":["Colorless","Colorless","Colorless","Colorless"],"damage":90}],"weaknesses":[{"type":"Dragon","value":"×2"}],"retreat":2,"legal":{"standard":false,"expanded":true}},{"category":"Pokemon","id":"bw10-66","illustrator":"Eske Yoshinob","localId":"66","name":"Palkia-EX","rarity":"Rare","set":{"cardCount":{"official":101,"total":105},"id":"bw10","name":"Explosão de Plasma","symbol":"https://assets.tcgdex.net/univ/bw/bw10/symbol"},"variants":{"firstEdition":false,"holo":true,"normal":true,"reverse":true,"wPromo":false},"dexId":[484],"hp":180,"types":["Dragon"],"suffix":"EX","attacks":[{"cost":["Colorless","Colorless","Colorless"],"damage":50},{"cost":["Grass","Water","Colorless","Colorless"],"damage":80}],"weaknesses":[{"type":"Dragon","value":"×2"}],"retreat":2,"legal":{"standard":false,"expanded":true}},{"category":"Pokemon","id":"bw10-67","illustrator":"sui","localId":"67","name":"Axew","rarity":"Common","set":{"cardCount":{"official":101,"total":105},"id":"bw10","name":"Explosão de Plasma","symbol":"https://assets.tcgdex.net/univ/bw/bw10/symbol"},"variants":{"firstEdition":false,"holo":true,"normal":true,"reverse":true,"wPromo":false},"dexId":[610],"hp":50,"types":["Dragon"],"stage":"Basic","attacks":[{"cost":["Colorless"]},{"cost":["Fighting","Metal"],"damage":20}],"weaknesses":[{"type":"Dragon","value":"×2"}],"retreat":1,"legal":{"standard":false,"expanded":true}},{"category":"Pokemon","id":"bw10-68","illustrator":"Masakazu Fukuda","localId":"68","name":"Fraxure","rarity":"Uncommon","set":{"cardCount":{"official":101,"total":105},"id":"bw10","name":"Explosão de Plasma","symbol":"https://assets.tcgdex.net/univ/bw/bw10/symbol"},"variants":{"firstEdition":false,"holo":true,"normal":true,"reverse":true,"wPromo":false},"dexId":[611],"hp":80,"types":["Dragon"],"stage":"Stage 1","attacks":[{"cost":["Colorless"]},{"cost":["Fighting","Metal"],"damage":40}],"weaknesses":[{"type":"Dragon","value":"×2"}],"retreat":2,"legal":{"standard":false,"expanded":true}},{"category":"Pokemon","id":"bw10-69","illustrator":"Kouki Saitou","localId":"69","name":"Haxorus","rarity":"Rare","set":{"cardCount":{"official":101,"total":105},"id":"bw10","name":"Explosão de Plasma","symbol":"https://assets.tcgdex.net/univ/bw/bw10/symbol"},"variants":{"firstEdition":false,"holo":true,"normal":true,"reverse":true,"wPromo":false},"dexId":[612],"hp":140,"types":["Dragon"],"stage":"Stage 2","attacks":[{"cost":["Metal"],"damage":40},{"cost":["Fighting","Metal"]}],"weaknesses":[{"type":"Dragon","value":"×2"}],"retreat":2,"legal":{"standard":false,"expanded":true}},{"category":"Pokemon","id":"bw10-70","illustrator":"Kouki Saitou","localId":"70","name":"Druddigon","rarity":"Common","set":{"cardCount":{"official":101,"total":105},"id":"bw10","name":"Explosão de Plasma","symbol":"https://assets.tcgdex.net/univ/bw/bw10/symbol"},"variants":{"firstEdition":false,"holo":true,"normal":true,"reverse":true,"wPromo":false},"dexId":[621],"hp":100,"types":["Dragon"],"stage":"Basic","attacks":[{"cost":["Fire"],"damage":40},{"cost":["Water","Colorless","Colorless"],"damage":60}],"weaknesses":[{"type":"Dragon","value":"×2"}],"retreat":1,"legal":{"standard":false,"expanded":true}},{"category":"Pokemon","id":"bw10-71","illustrator":"Kouki Saitou","localId":"71","name":"Kangaskhan","rarity":"Common","set":{"cardCount":{"official":101,"total":105},"id":"bw10","name":"Explosão de Plasma","symbol":"https://assets.tcgdex.net/univ/bw/bw10/symbol"},"variants":{"firstEdition":false,"holo":true,"normal":true,"reverse":true,"wPromo":false},"dexId":[115],"hp":100,"types":["Colorless"],"stage":"Basic","attacks":[{"cost":["Colorless"]},{"cost":["Colorless","Colorless"],"damage":20}],"weaknesses":[{"type":"Fighting","value":"×2"}],"retreat":2,"legal":{"standard":false,"expanded":true}},{"category":"Pokemon","id":"bw10-72","illustrator":"Mitsuhiro Arita","localId":"72","name":"Porygon","rarity":"Common","set":{"cardCount":{"official":101,"total":105},"id":"bw10","name":"Explosão de Plasma","symbol":"https://assets.tcgdex.net/univ/bw/bw10/symbol"},"variants":{"firstEdition":false,"holo":true,"normal":true,"reverse":true,"wPromo":false},"dexId":[137],"hp":60,"types":["Colorless"],"stage":"Basic","attacks":[{"cost":["Colorless"],"damage":10}],"weaknesses":[{"type":"Fighting","value":"×2"}],"retreat":1,"legal":{"standard":false,"expanded":true}},{"category":"Pokemon","id":"bw10-73","illustrator":"HiRON","localId":"73","name":"Porygon2","rarity":"Uncommon","set":{"cardCount":{"official":101,"total":105},"id":"bw10","name":"Explosão de Plasma","symbol":"https://assets.tcgdex.net/univ/bw/bw10/symbol"},"variants":{"firstEdition":false,"holo":true,"normal":true,"reverse":true,"wPromo":false},"dexId":[233],"hp":80,"types":["Colorless"],"stage":"Stage 1","attacks":[{"cost":["Colorless","Colorless"],"damage":30}],"weaknesses":[{"type":"Fighting","value":"×2"}],"retreat":1,"legal":{"standard":false,"expanded":true}},{"category":"Pokemon","id":"bw10-74","illustrator":"5ban Graphics","localId":"74","name":"Porygon-Z","rarity":"Rare","set":{"cardCount":{"official":101,"total":105},"id":"bw10","name":"Explosão de Plasma","symbol":"https://assets.tcgdex.net/univ/bw/bw10/symbol"},"variants":{"firstEdition":false,"holo":true,"normal":true,"reverse":true,"wPromo":false},"dexId":[474],"hp":130,"types":["Colorless"],"stage":"Stage 2","abilities":[{"type":"Ability","name":"Transferência de Plasma","effect":"Quantas vezes quanto desejar durante sua vez de jogar (antes de atacar), você pode mover uma Energia de Plasma ligada a 1 dos seus Pokémon para outro Pokémon."}],"attacks":[{"cost":["Colorless","Colorless","Colorless"],"damage":50}],"weaknesses":[{"type":"Fighting","value":"×2"}],"retreat":1,"legal":{"standard":false,"expanded":true}},{"category":"Pokemon","id":"bw10-75","illustrator":"Naoyo Kimura","localId":"75","name":"Teddiursa","rarity":"Common","set":{"cardCount":{"official":101,"total":105},"id":"bw10","name":"Explosão de Plasma","symbol":"https://assets.tcgdex.net/univ/bw/bw10/symbol"},"variants":{"firstEdition":false,"holo":true,"normal":true,"reverse":true,"wPromo":false},"dexId":[216],"hp":70,"types":["Colorless"],"stage":"Basic","attacks":[{"cost":["Colorless","Colorless"],"damage":10}],"weaknesses":[{"type":"Fighting","value":"×2"}],"retreat":2,"legal":{"standard":false,"expanded":true}},{"category":"Pokemon","id":"bw10-76","illustrator":"5ban Graphics","localId":"76","name":"Ursaring","rarity":"Uncommon","set":{"cardCount":{"official":101,"total":105},"id":"bw10","name":"Explosão de Plasma","symbol":"https://assets.tcgdex.net/univ/bw/bw10/symbol"},"variants":{"firstEdition":false,"holo":true,"normal":true,"reverse":true,"wPromo":false},"dexId":[217],"hp":130,"types":["Colorless"],"stage":"Stage 1","attacks":[{"cost":["Colorless","Colorless","Colorless"],"damage":50},{"cost":["Colorless","Colorless","Colorless","Colorless"],"damage":80}],"weaknesses":[{"type":"Fighting","value":"×2"}],"retreat":3,"legal":{"standard":false,"expanded":true}},{"category":"Pokemon","id":"bw10-77","illustrator":"5ban Graphics","localId":"77","name":"Chatot","rarity":"Uncommon","set":{"cardCount":{"official":101,"total":105},"id":"bw10","name":"Explosão de Plasma","symbol":"https://assets.tcgdex.net/univ/bw/bw10/symbol"},"variants":{"firstEdition":false,"holo":true,"normal":true,"reverse":true,"wPromo":false},"dexId":[441],"hp":60,"types":["Colorless"],"stage":"Basic","attacks":[{"cost":["Colorless"]},{"cost":["Colorless","Colorless"],"damage":20}],"weaknesses":[{"type":"Lightning","value":"×2"}],"resistances":[{"type":"Fighting","value":"-20"}],"retreat":1,"legal":{"standard":false,"expanded":true}},{"category":"Trainer","id":"bw10-78","illustrator":"Yusuke Ohmura","localId":"78","name":"Caitlin","rarity":"Uncommon","set":{"cardCount":{"official":101,"total":105},"id":"bw10","name":"Explosão de Plasma","symbol":"https://assets.tcgdex.net/univ/bw/bw10/symbol"},"variants":{"firstEdition":false,"holo":true,"normal":true,"reverse":true,"wPromo":false},"effect":"Coloque quantos cards da sua mão quiser na base de seu baralho, em qualquer ordem. A seguir, compre um card para cada card descartado.","trainerType":"Supporter","legal":{"standard":false,"expanded":true}},{"category":"Trainer","id":"bw10-79","illustrator":"Ryo Ueda","localId":"79","name":"Fóssil Casca","rarity":"Uncommon","set":{"cardCount":{"official":101,"total":105},"id":"bw10","name":"Explosão de Plasma","symbol":"https://assets.tcgdex.net/univ/bw/bw10/symbol"},"variants":{"firstEdition":false,"holo":true,"normal":true,"reverse":true,"wPromo":false},"effect":"Olhe os últimos 7 cards da base de seu baralho. Você pode revelar um Tirtouga encontrado ali e colocá-lo em seu Banco. Embaralhe os outros cards de volta em seu baralho.","trainerType":"Item","legal":{"standard":false,"expanded":true}},{"category":"Trainer","id":"bw10-80","illustrator":"Kent Kanetsuna","localId":"80","name":"Recuperação de Energia","rarity":"Uncommon","set":{"cardCount":{"official":101,"total":105},"id":"bw10","name":"Explosão de Plasma","symbol":"https://assets.tcgdex.net/univ/bw/bw10/symbol"},"variants":{"firstEdition":false,"holo":true,"normal":true,"reverse":true,"wPromo":false},"effect":"Coloque 2 cards de Energias básicas da pilha de descarte em sua mão.","trainerType":"Item","legal":{"standard":false,"expanded":true}},{"category":"Trainer","id":"bw10-81","illustrator":"Yusuke Ohmura","localId":"81","name":"Iris","rarity":"Uncommon","set":{"cardCount":{"official":101,"total":105},"id":"bw10","name":"Explosão de Plasma","symbol":"https://assets.tcgdex.net/univ/bw/bw10/symbol"},"variants":{"firstEdition":false,"holo":true,"normal":true,"reverse":true,"wPromo":false},"effect":"Durante este turno, os ataques dos seus Pokémon causam 10 de danos adicionais ao Pokémon Ativo para cada card de Prêmio que seu oponente tiver obtido (antes da aplicação de Fraqueza e Resistência).","trainerType":"Supporter","legal":{"standard":false,"expanded":true}},{"category":"Trainer","id":"bw10-82","illustrator":"Ryo Ueda","localId":"82","name":"Fóssil Pluma","rarity":"Uncommon","set":{"cardCount":{"official":101,"total":105},"id":"bw10","name":"Explosão de Plasma","symbol":"https://assets.tcgdex.net/univ/bw/bw10/symbol"},"variants":{"firstEdition":false,"holo":true,"normal":true,"reverse":true,"wPromo":false},"effect":"Olhe os últimos 7 cards da base de seu baralho. Você pode revelar um Archen encontrado ali e colocá-lo em seu Banco. Embaralhe os outros cards de volta em seu baralho.","trainerType":"Item","legal":{"standard":false,"expanded":true}},{"category":"Trainer","id":"bw10-83","illustrator":"5ban Graphics","localId":"83","name":"Pegador de Pokémon","rarity":"Uncommon","set":{"cardCount":{"official":101,"total":105},"id":"bw10","name":"Explosão de Plasma","symbol":"https://assets.tcgdex.net/univ/bw/bw10/symbol"},"variants":{"firstEdition":false,"holo":true,"normal":true,"reverse":true,"wPromo":false},"effect":"Jogue uma moeda. Se sair cara, troque 1 dos Pokémon no Banco do seu oponente pelo Pokémon Ativo desse oponente.","trainerType":"Item","legal":{"standard":false,"expanded":true}},{"category":"Trainer","id":"bw10-84","illustrator":"Ken Sugimori","localId":"84","name":"Professora Juniper","rarity":"Uncommon","set":{"cardCount":{"official":101,"total":105},"id":"bw10","name":"Explosão de Plasma","symbol":"https://assets.tcgdex.net/univ/bw/bw10/symbol"},"variants":{"firstEdition":false,"holo":true,"normal":true,"reverse":true,"wPromo":false},"effect":"Descarte sua mão e compre 7 cards.","trainerType":"Supporter","legal":{"standard":false,"expanded":true}},{"category":"Trainer","id":"bw10-85","illustrator":"Ryo Ueda","localId":"85","name":"Doce Raro","rarity":"Uncommon","set":{"cardCount":{"official":101,"total":105},"id":"bw10","name":"Explosão de Plasma","symbol":"https://assets.tcgdex.net/univ/bw/bw10/symbol"},"variants":{"firstEdition":false,"holo":true,"normal":true,"reverse":true,"wPromo":false},"effect":"Escolha 1 dos seus Pokémon Básicos em jogo. Se você possuir um card de Estágio 2 em sua mão que evolua daquele Pokémon, coloque o card no Pokémon Básico. (Isso conta como evoluir este Pokémon.) Você não pode usar este card durante o primeiro turno ou em um Pokémon Básico que foi colocado em jogo neste turno.","trainerType":"Item","legal":{"standard":false,"expanded":true}},{"category":"Trainer","id":"bw10-86","illustrator":"5ban Graphics","localId":"86","name":"Gatilho Reverso","rarity":"Uncommon","set":{"cardCount":{"official":101,"total":105},"id":"bw10","name":"Explosão de Plasma","symbol":"https://assets.tcgdex.net/univ/bw/bw10/symbol"},"variants":{"firstEdition":false,"holo":true,"normal":true,"reverse":true,"wPromo":false},"effect":"Quando o Pokémon da Equipe Plasma que este card está ligado for Nocauteado por danos causados pelo ataque do oponente, procure um card em seu baralho e coloque-o em sua mão. Em seguida, embaralhe seus cards.","trainerType":"Tool","legal":{"standard":false,"expanded":true}},{"category":"Trainer","id":"bw10-87","illustrator":"5ban Graphics","localId":"87","name":"Fóssil Raiz Lileep","rarity":"Uncommon","set":{"cardCount":{"official":101,"total":105},"id":"bw10","name":"Explosão de Plasma","symbol":"https://assets.tcgdex.net/univ/bw/bw10/symbol"},"variants":{"firstEdition":false,"holo":true,"normal":true,"reverse":true,"wPromo":false},"effect":"Olhe os últimos 7 cards da base de seu baralho. Você pode revelar um Lileep encontrado ali e colocá-lo em seu Banco. Embaralhe os outros cards de volta em seu baralho.","trainerType":"Item","legal":{"standard":false,"expanded":true}},{"category":"Trainer","id":"bw10-88","illustrator":"5ban Graphics","localId":"88","name":"Bracelete de Prata","rarity":"Uncommon","set":{"cardCount":{"official":101,"total":105},"id":"bw10","name":"Explosão de Plasma","symbol":"https://assets.tcgdex.net/univ/bw/bw10/symbol"},"variants":{"firstEdition":false,"holo":true,"normal":true,"reverse":true,"wPromo":false},"effect":"Os ataques do Pokémon ao qual este card está ligado (exceto Pokémon-EX) causam 30 de danos adicionais ao Pokémon-EX Ativo (antes da aplicação de Fraqueza e Resistência).","trainerType":"Tool","legal":{"standard":false,"expanded":true}},{"category":"Trainer","id":"bw10-89","illustrator":"5ban Graphics","localId":"89","name":"Espelho de Prata","rarity":"Uncommon","set":{"cardCount":{"official":101,"total":105},"id":"bw10","name":"Explosão de Plasma","symbol":"https://assets.tcgdex.net/univ/bw/bw10/symbol"},"variants":{"firstEdition":false,"holo":true,"normal":true,"reverse":true,"wPromo":false},"effect":"Impede todos os efeitos de ataque, incluindo danos, causados ao Pokémon ao qual este card está ligado (exceto Pokémon-EX) e realizados pelo Pokémon da Equipe Plasma do oponente.","trainerType":"Tool","legal":{"standard":false,"expanded":true}},{"category":"Trainer","id":"bw10-90","illustrator":"5ban Graphics","localId":"90","name":"Ultra Bola","rarity":"Uncommon","set":{"cardCount":{"official":101,"total":105},"id":"bw10","name":"Explosão de Plasma","symbol":"https://assets.tcgdex.net/univ/bw/bw10/symbol"},"variants":{"firstEdition":false,"holo":true,"normal":true,"reverse":true,"wPromo":false},"effect":"Descarte 2 cards de sua mão. (Caso você não possa descartar 2 cards, não pode jogar este card.) Procure um Pokémon em seu baralho, revele-o e coloque-o em sua mão. Em seguida, embaralhe seus cards.","trainerType":"Item","legal":{"standard":false,"expanded":true}},{"category":"Energy","id":"bw10-91","illustrator":"5ban Graphics","localId":"91","name":"Energia de Plasma","rarity":"Uncommon","set":{"cardCount":{"official":101,"total":105},"id":"bw10","name":"Explosão de Plasma","symbol":"https://assets.tcgdex.net/univ/bw/bw10/symbol"},"variants":{"firstEdition":false,"holo":true,"normal":true,"reverse":true,"wPromo":false},"effect":"Este card fornece Energia Colorless.","energyType":"Special","legal":{"standard":false,"expanded":true}},{"category":"Trainer","id":"bw10-92","illustrator":"5ban Graphics","localId":"92","name":"Booster G","rarity":"Rare","set":{"cardCount":{"official":101,"total":105},"id":"bw10","name":"Explosão de Plasma","symbol":"https://assets.tcgdex.net/univ/bw/bw10/symbol"},"variants":{"firstEdition":false,"holo":true,"normal":true,"reverse":true,"wPromo":false},"effect":"Descarte 2 Energias ligadas a este Pokémon. O dano deste ataque não é afetado por nenhum efeito no Pokémon Defensor.","trainerType":"Tool","legal":{"standard":false,"expanded":true}},{"category":"Trainer","id":"bw10-93","illustrator":"5ban Graphics","localId":"93","name":"Alvo G","rarity":"Rare","set":{"cardCount":{"official":101,"total":105},"id":"bw10","name":"Explosão de Plasma","symbol":"https://assets.tcgdex.net/univ/bw/bw10/symbol"},"variants":{"firstEdition":false,"holo":true,"normal":true,"reverse":true,"wPromo":false},"effect":"Este ataque causa 100 de danos a 1 dos Pokémon do Banco do oponente. (Não aplique Fraqueza e Resistência a Pokémon no Banco.)","trainerType":"Tool","legal":{"standard":false,"expanded":true}},{"category":"Trainer","id":"bw10-94","illustrator":"5ban Graphics","localId":"94","name":"Bola Mestra","rarity":"Rare","set":{"cardCount":{"official":101,"total":105},"id":"bw10","name":"Explosão de Plasma","symbol":"https://assets.tcgdex.net/univ/bw/bw10/symbol"},"variants":{"firstEdition":false,"holo":true,"normal":true,"reverse":true,"wPromo":false},"effect":"Procure um Pokémon em seu baralho, revele-o e coloque-o em sua mão. Em seguida, embaralhe seus cards.","trainerType":"Item","legal":{"standard":false,"expanded":true}},{"category":"Trainer","id":"bw10-95","illustrator":"5ban Graphics","localId":"95","name":"Recolhida Ciclone","rarity":"Rare","set":{"cardCount":{"official":101,"total":105},"id":"bw10","name":"Explosão de Plasma","symbol":"https://assets.tcgdex.net/univ/bw/bw10/symbol"},"variants":{"firstEdition":false,"holo":true,"normal":true,"reverse":true,"wPromo":false},"effect":"Coloque 1 dos seus Pokémon e todas as cards ligadas a ele em sua mão.","trainerType":"Item","legal":{"standard":false,"expanded":true}},{"category":"Pokemon","id":"bw10-96","illustrator":"5ban Graphics","localId":"96","name":"Virizion-EX","rarity":"Ultra Rare","set":{"cardCount":{"official":101,"total":105},"id":"bw10","name":"Explosão de Plasma","symbol":"https://assets.tcgdex.net/univ/bw/bw10/symbol"},"variants":{"firstEdition":false,"holo":true,"normal":true,"reverse":true,"wPromo":false},"dexId":[640],"hp":170,"types":["Grass"],"suffix":"EX","abilities":[{"type":"Ability","name":"Vento Verdejante","effect":"Cada um de seus Pokémon que possuir qualquer Energia Grass ligado a ele não poderá ser afetado por nenhuma Condição Especial. (Remova quaisquer Condições Especiais que estejam afetando estes Pokémon.)"}],"attacks":[{"cost":["Grass","Colorless"],"damage":50}],"weaknesses":[{"type":"Fire","value":"×2"}],"resistances":[{"type":"Water","value":"-20"}],"retreat":1,"legal":{"standard":false,"expanded":true}},{"category":"Pokemon","id":"bw10-97","illustrator":"5ban Graphics","localId":"97","name":"Genesect-EX","rarity":"Ultra Rare","set":{"cardCount":{"official":101,"total":105},"id":"bw10","name":"Explosão de Plasma","symbol":"https://assets.tcgdex.net/univ/bw/bw10/symbol"},"variants":{"firstEdition":false,"holo":true,"normal":true,"reverse":true,"wPromo":false},"dexId":[649],"hp":170,"types":["Grass"],"suffix":"EX","abilities":[{"type":"Ability","name":"Sinal Vermelho","effect":"Ao ligar uma Energia de Plasma da sua mão a este Pokémon, você pode trocar 1 dos Pokémon do Banco do oponente pelo Pokémon Ativo dele."}],"attacks":[{"cost":["Grass","Grass","Colorless"],"damage":100}],"weaknesses":[{"type":"Fire","value":"×2"}],"retreat":1,"legal":{"standard":false,"expanded":true}},{"category":"Pokemon","id":"bw10-98","illustrator":"5ban Graphics","localId":"98","name":"Jirachi-EX","rarity":"Ultra Rare","set":{"cardCount":{"official":101,"total":105},"id":"bw10","name":"Explosão de Plasma","symbol":"https://assets.tcgdex.net/univ/bw/bw10/symbol"},"variants":{"firstEdition":false,"holo":true,"normal":true,"reverse":true,"wPromo":false},"dexId":[385],"hp":90,"types":["Metal"],"suffix":"EX","abilities":[{"type":"Ability","name":"Orientação Estelar","effect":"Ao jogar este Pokémon da sua mão no Banco, você pode procurar um card de Apoiador em seu baralho e colocá-lo em sua mão. Em seguida, embaralhe seus cards."}],"attacks":[{"cost":["Metal","Colorless","Colorless"],"damage":60}],"weaknesses":[{"type":"Fire","value":"×2"}],"resistances":[{"type":"Psychic","value":"-20"}],"retreat":1,"legal":{"standard":false,"expanded":true}},{"category":"Pokemon","id":"bw10-99","illustrator":"5ban Graphics","localId":"99","name":"Dialga-EX","rarity":"Ultra Rare","set":{"cardCount":{"official":101,"total":105},"id":"bw10","name":"Explosão de Plasma","symbol":"https://assets.tcgdex.net/univ/bw/bw10/symbol"},"variants":{"firstEdition":false,"holo":true,"normal":true,"reverse":true,"wPromo":false},"dexId":[483],"hp":180,"types":["Dragon"],"suffix":"EX","attacks":[{"cost":["Psychic","Metal","Colorless"],"damage":50},{"cost":["Colorless","Colorless","Colorless","Colorless"],"damage":90}],"weaknesses":[{"type":"Dragon","value":"×2"}],"retreat":2,"legal":{"standard":false,"expanded":true}},{"category":"Pokemon","id":"bw10-100","illustrator":"5ban Graphics","localId":"100","name":"Palkia-EX","rarity":"Ultra Rare","set":{"cardCount":{"official":101,"total":105},"id":"bw10","name":"Explosão de Plasma","symbol":"https://assets.tcgdex.net/univ/bw/bw10/symbol"},"variants":{"firstEdition":false,"holo":true,"normal":true,"reverse":true,"wPromo":false},"dexId":[484],"hp":180,"types":["Dragon"],"suffix":"EX","attacks":[{"cost":["Colorless","Colorless","Colorless"],"damage":50},{"cost":["Grass","Water","Colorless","Colorless"],"damage":80}],"weaknesses":[{"type":"Dragon","value":"×2"}],"retreat":2,"legal":{"standard":false,"expanded":true}},{"category":"Trainer","id":"bw10-101","illustrator":"Kagemaru Himeno","localId":"101","name":"Iris","rarity":"Ultra Rare","set":{"cardCount":{"official":101,"total":105},"id":"bw10","name":"Explosão de Plasma","symbol":"https://assets.tcgdex.net/univ/bw/bw10/symbol"},"variants":{"firstEdition":false,"holo":true,"normal":true,"reverse":true,"wPromo":false},"effect":"Durante este turno, os ataques dos seus Pokémon causam 10 de danos adicionais ao Pokémon Ativo para cada card de Prêmio que seu oponente tiver obtido (antes da aplicação de Fraqueza e Resistência).","trainerType":"Supporter","legal":{"standard":false,"expanded":true}},{"category":"Pokemon","id":"bw10-102","illustrator":"5ban Graphics","localId":"102","name":"Exeggcute","rarity":"Secret Rare","set":{"cardCount":{"official":101,"total":105},"id":"bw10","name":"Explosão de Plasma","symbol":"https://assets.tcgdex.net/univ/bw/bw10/symbol"},"variants":{"firstEdition":false,"holo":true,"normal":true,"reverse":true,"wPromo":false},"dexId":[102],"hp":30,"types":["Grass"],"stage":"Basic","abilities":[{"type":"Ability","name":"Propagação","effect":"Uma vez durante sua vez de jogar (antes de atacar), se este Pokémon estiver em sua pilha de descarte, você poderá colocá-lo em sua mão."}],"attacks":[{"cost":["Grass","Colorless"],"damage":20}],"weaknesses":[{"type":"Fire","value":"×2"}],"resistances":[{"type":"Water","value":"-20"}],"retreat":1,"legal":{"standard":false,"expanded":true}},{"category":"Pokemon","id":"bw10-103","illustrator":"Ayaka Yoshida","localId":"103","name":"Virizion","rarity":"Secret Rare","set":{"cardCount":{"official":101,"total":105},"id":"bw10","name":"Explosão de Plasma","symbol":"https://assets.tcgdex.net/univ/bw/bw10/symbol"},"variants":{"firstEdition":false,"holo":true,"normal":true,"reverse":true,"wPromo":false},"dexId":[640],"hp":110,"types":["Grass"],"stage":"Basic","attacks":[{"cost":["Colorless"]},{"cost":["Grass","Colorless"],"damage":40}],"weaknesses":[{"type":"Fire","value":"×2"}],"resistances":[{"type":"Water","value":"-20"}],"retreat":1,"legal":{"standard":false,"expanded":true}},{"category":"Pokemon","id":"bw10-104","illustrator":"Ayaka Yoshida","localId":"104","name":"Dusknoir","rarity":"Secret Rare","set":{"cardCount":{"official":101,"total":105},"id":"bw10","name":"Explosão de Plasma","symbol":"https://assets.tcgdex.net/univ/bw/bw10/symbol"},"variants":{"firstEdition":false,"holo":true,"normal":true,"reverse":true,"wPromo":false},"dexId":[477],"hp":130,"types":["Psychic"],"stage":"Stage 2","abilities":[{"type":"Ability","name":"Mão Sinistra","effect":"Tantas vezes quanto desejar durante sua vez de jogar (antes de atacar), você pode mover 1 marcador de danos de 1 dos Pokémon do seu oponente para outro dos Pokémon do seu oponente."}],"attacks":[{"cost":["Psychic","Colorless","Colorless","Colorless"],"damage":60}],"weaknesses":[{"type":"Darkness","value":"×2"}],"retreat":3,"legal":{"standard":false,"expanded":true}},{"category":"Trainer","id":"bw10-105","illustrator":"5ban Graphics","localId":"105","name":"Doce Raro","rarity":"Secret Rare","set":{"cardCount":{"official":101,"total":105},"id":"bw10","name":"Explosão de Plasma","symbol":"https://assets.tcgdex.net/univ/bw/bw10/symbol"},"variants":{"firstEdition":false,"holo":true,"normal":true,"reverse":true,"wPromo":false},"effect":"Escolha 1 dos seus Pokémon Básicos em jogo. Se você possuir um card de Estágio 2 em sua mão que evolua daquele Pokémon, coloque o card no Pokémon Básico. (Isso conta como evoluir esse Pokémon.) Você não pode usar este card durante o primeiro turno ou em um Pokémon Básico que foi colocado em jogo neste turno.","trainerType":"Item","legal":{"standard":false,"expanded":true}}]