[{"category":"Pokemon","id":"bw8-1","illustrator":"Kouki Saitou","localId":"1","name":"Turtwig","rarity":"Common","set":{"cardCount":{"official":135,"total":138},"id":"bw8","name":"Tempestade de Plasma","symbol":"https://assets.tcgdex.net/univ/bw/bw8/symbol"},"variants":{"firstEdition":false,"holo":true,"normal":true,"reverse":true,"wPromo":false},"dexId":[387],"hp":70,"types":["Grass"],"stage":"Basic","attacks":[{"cost":["Colorless"]},{"cost":["Grass","Colorless","Colorless"],"damage":30}],"weaknesses":[{"type":"Fire","value":"×2"}],"resistances":[{"type":"Water","value":"-20"}],"retreat":2,"legal":{"standard":false,"expanded":true}},{"category":"Pokemon","id":"bw8-2","illustrator":"Sumiyoshi Kizuki","localId":"2","name":"Grotle","rarity":"Uncommon","set":{"cardCount":{"official":135,"total":138},"id":"bw8","name":"Tempestade de Plasma","symbol":"https://assets.tcgdex.net/univ/bw/bw8/symbol"},"variants":{"firstEdition":false,"holo":true,"normal":true,"reverse":true,"wPromo":false},"dexId":[388],"hp":100,"types":["Grass"],"stage":"Stage 1","attacks":[{"cost":["Grass","Colorless","Colorless"],"damage":40}],"weaknesses":[{"type":"Fire","value":"×2"}],"resistances":[{"type":"Water","value":"-20"}],"retreat":3,"legal":{"standard":false,"expanded":true}},{"category":"Pokemon","id":"bw8-3","illustrator":"5ban Graphics","localId":"3","name":"Torterra","rarity":"Rare","set":{"cardCount":{"official":135,"total":138},"id":"bw8","name":"Tempestade de Plasma","symbol":"https://assets.tcgdex.net/univ/bw/bw8/symbol"},"variants":{"firstEdition":false,"holo":true,"normal":true,"reverse":true,"wPromo":false},"dexId":[389],"hp":150,"types":["Grass"],"stage":"Stage 2","attacks":[{"cost":["Grass","Colorless","Colorless"],"damage":60},{"cost":["Grass","Colorless","Colorless","Colorless"],"damage":80}],"weaknesses":[{"type":"Fire","value":"×2"}],"resistances":[{"type":"Water","value":"-20"}],"retreat":4,"legal":{"standard":false,"expanded":true}},{"category":"Pokemon","id":"bw8-4","illustrator":"Yukiko Baba","localId":"4","name":"Combee","rarity":"Common","set":{"cardCount":{"official":135,"total":138},"id":"bw8","name":"Tempestade de Plasma","symbol":"https://assets.tcgdex.net/univ/bw/bw8/symbol"},"variants":{"firstEdition":false,"holo":true,"normal":true,"reverse":true,"wPromo":false},"dexId":[415],"hp":30,"types":["Grass"],"stage":"Basic","attacks":[{"cost":["Grass"],"damage":30}],"weaknesses":[{"type":"Fire","value":"×2"}],"retreat":1,"legal":{"standard":false,"expanded":true}},{"category":"Pokemon","id":"bw8-5","illustrator":"Hajime Kusajima","localId":"5","name":"Vespiquen","rarity":"Rare","set":{"cardCount":{"official":135,"total":138},"id":"bw8","name":"Tempestade de Plasma","symbol":"https://assets.tcgdex.net/univ/bw/bw8/symbol"},"variants":{"firstEdition":false,"holo":true,"normal":true,"reverse":true,"wPromo":false},"dexId":[416],"hp":100,"types":["Grass"],"stage":"Stage 1","attacks":[{"cost":["Grass"]},{"cost":["Grass","Colorless"],"damage":20}],"weaknesses":[{"type":"Fire","value":"×2"}],"retreat":1,"legal":{"standard":false,"expanded":true}},{"category":"Pokemon","id":"bw8-6","illustrator":"sui","localId":"6","name":"Cherubi","rarity":"Common","set":{"cardCount":{"official":135,"total":138},"id":"bw8","name":"Tempestade de Plasma","symbol":"https://assets.tcgdex.net/univ/bw/bw8/symbol"},"variants":{"firstEdition":false,"holo":true,"normal":true,"reverse":true,"wPromo":false},"dexId":[420],"hp":40,"types":["Grass"],"stage":"Basic","attacks":[{"cost":["Grass"],"damage":10}],"weaknesses":[{"type":"Fire","value":"×2"}],"resistances":[{"type":"Water","value":"-20"}],"retreat":1,"legal":{"standard":false,"expanded":true}},{"category":"Pokemon","id":"bw8-7","illustrator":"Kagemaru Himeno","localId":"7","name":"Cherrim","rarity":"Rare","set":{"cardCount":{"official":135,"total":138},"id":"bw8","name":"Tempestade de Plasma","symbol":"https://assets.tcgdex.net/univ/bw/bw8/symbol"},"variants":{"firstEdition":false,"holo":true,"normal":true,"reverse":true,"wPromo":false},"dexId":[421],"hp":70,"types":["Grass"],"stage":"Stage 1","abilities":[{"type":"Ability","name":"Cura Bom Tempo","effect":"Uma vez na sua vez de jogar (antes de atacar), você poderá curar 20 de danos de 1 dos seus Pokémon com qualquer Energia Grass ligada a ele."}],"attacks":[{"cost":["Grass","Colorless"],"damage":20}],"weaknesses":[{"type":"Fire","value":"×2"}],"resistances":[{"type":"Water","value":"-20"}],"retreat":1,"legal":{"standard":false,"expanded":true}},{"category":"Pokemon","id":"bw8-8","illustrator":"Atsuko Nishida","localId":"8","name":"Sewaddle","rarity":"Common","set":{"cardCount":{"official":135,"total":138},"id":"bw8","name":"Tempestade de Plasma","symbol":"https://assets.tcgdex.net/univ/bw/bw8/symbol"},"variants":{"firstEdition":false,"holo":true,"normal":true,"reverse":true,"wPromo":false},"dexId":[540],"hp":40,"types":["Grass"],"stage":"Basic","attacks":[{"cost":["Grass"],"damage":20}],"weaknesses":[{"type":"Fire","value":"×2"}],"retreat":1,"legal":{"standard":false,"expanded":true}},{"category":"Pokemon","id":"bw8-9","illustrator":"Kyoko Umemoto","localId":"9","name":"Swadloon","rarity":"Uncommon","set":{"cardCount":{"official":135,"total":138},"id":"bw8","name":"Tempestade de Plasma","symbol":"https://assets.tcgdex.net/univ/bw/bw8/symbol"},"variants":{"firstEdition":false,"holo":true,"normal":true,"reverse":true,"wPromo":false},"dexId":[541],"hp":80,"types":["Grass"],"stage":"Stage 1","attacks":[{"cost":["Grass"]},{"cost":["Colorless","Colorless"],"damage":40}],"weaknesses":[{"type":"Fire","value":"×2"}],"retreat":2,"legal":{"standard":false,"expanded":true}},{"category":"Pokemon","id":"bw8-10","illustrator":"Mitsuhiro Arita","localId":"10","name":"Leavanny","rarity":"Rare","set":{"cardCount":{"official":135,"total":138},"id":"bw8","name":"Tempestade de Plasma","symbol":"https://assets.tcgdex.net/univ/bw/bw8/symbol"},"variants":{"firstEdition":false,"holo":true,"normal":true,"reverse":true,"wPromo":false},"dexId":[542],"hp":140,"types":["Grass"],"stage":"Stage 2","attacks":[{"cost":["Colorless","Colorless"],"damage":30},{"cost":["Grass","Grass","Colorless"],"damage":70}],"weaknesses":[{"type":"Fire","value":"×2"}],"retreat":2,"legal":{"standard":false,"expanded":true}},{"category":"Pokemon","id":"bw8-11","illustrator":"Shigenori Negishi","localId":"11","name":"Maractus","rarity":"Uncommon","set":{"cardCount":{"official":135,"total":138},"id":"bw8","name":"Tempestade de Plasma","symbol":"https://assets.tcgdex.net/univ/bw/bw8/symbol"},"variants":{"firstEdition":false,"holo":true,"normal":true,"reverse":true,"wPromo":false},"dexId":[556],"hp":90,"types":["Grass"],"stage":"Basic","attacks":[{"cost":["Grass"],"damage":10},{"cost":["Grass","Colorless"],"damage":20}],"weaknesses":[{"type":"Fire","value":"×2"}],"resistances":[{"type":"Water","value":"-20"}],"retreat":1,"legal":{"standard":false,"expanded":true}},{"category":"Pokemon","id":"bw8-12","illustrator":"Mitsuhiro Arita","localId":"12","name":"Foongus","rarity":"Common","set":{"cardCount":{"official":135,"total":138},"id":"bw8","name":"Tempestade de Plasma","symbol":"https://assets.tcgdex.net/univ/bw/bw8/symbol"},"variants":{"firstEdition":false,"holo":true,"normal":true,"reverse":true,"wPromo":false},"dexId":[590],"hp":40,"types":["Grass"],"stage":"Basic","attacks":[{"cost":["Colorless"]}],"weaknesses":[{"type":"Fire","value":"×2"}],"resistances":[{"type":"Water","value":"-20"}],"retreat":1,"legal":{"standard":false,"expanded":true}},{"category":"Pokemon","id":"bw8-13","illustrator":"5ban Graphics","localId":"13","name":"Amoonguss","rarity":"Uncommon","set":{"cardCount":{"official":135,"total":138},"id":"bw8","name":"Tempestade de Plasma","symbol":"https://assets.tcgdex.net/univ/bw/bw8/symbol"},"variants":{"firstEdition":false,"holo":true,"normal":true,"reverse":true,"wPromo":false},"dexId":[591],"hp":90,"types":["Grass"],"stage":"Stage 1","attacks":[{"cost":["Colorless"]},{"cost":["Grass","Colorless"],"damage":30}],"weaknesses":[{"type":"Fire","value":"×2"}],"resistances":[{"type":"Water","value":"-20"}],"retreat":2,"legal":{"standard":false,"expanded":true}},{"category":"Pokemon","id":"bw8-14","illustrator":"Eske Yoshinob","localId":"14","name":"Moltres-EX","rarity":"Rare","set":{"cardCount":{"official":135,"total":138},"id":"bw8","name":"Tempestade de Plasma","symbol":"https://assets.tcgdex.net/univ/bw/bw8/symbol"},"variants":{"firstEdition":false,"holo":true,"normal":true,"reverse":true,"wPromo":false},"dexId":[146],"hp":170,"types":["Fire"],"suffix":"EX","attacks":[{"cost":["Fire","Colorless"],"damage":30},{"cost":["Fire","Fire","Colorless","Colorless"],"damage":80}],"weaknesses":[{"type":"Water","value":"×2"}],"resistances":[{"type":"Fighting","value":"-20"}],"retreat":1,"legal":{"standard":false,"expanded":true}},{"category":"Pokemon","id":"bw8-15","illustrator":"sui","localId":"15","name":"Chimchar","rarity":"Common","set":{"cardCount":{"official":135,"total":138},"id":"bw8","name":"Tempestade de Plasma","symbol":"https://assets.tcgdex.net/univ/bw/bw8/symbol"},"variants":{"firstEdition":false,"holo":true,"normal":true,"reverse":true,"wPromo":false},"dexId":[390],"hp":50,"types":["Fire"],"stage":"Basic","attacks":[{"cost":["Fire"],"damage":20}],"weaknesses":[{"type":"Water","value":"×2"}],"retreat":1,"legal":{"standard":false,"expanded":true}},{"category":"Pokemon","id":"bw8-16","illustrator":"Masakazu Fukuda","localId":"16","name":"Monferno","rarity":"Uncommon","set":{"cardCount":{"official":135,"total":138},"id":"bw8","name":"Tempestade de Plasma","symbol":"https://assets.tcgdex.net/univ/bw/bw8/symbol"},"variants":{"firstEdition":false,"holo":true,"normal":true,"reverse":true,"wPromo":false},"dexId":[391],"hp":80,"types":["Fire"],"stage":"Stage 1","attacks":[{"cost":["Colorless"]},{"cost":["Fire","Colorless"],"damage":50}],"weaknesses":[{"type":"Water","value":"×2"}],"retreat":1,"legal":{"standard":false,"expanded":true}},{"category":"Pokemon","id":"bw8-17","illustrator":"5ban Graphics","localId":"17","name":"Infernape","rarity":"Rare","set":{"cardCount":{"official":135,"total":138},"id":"bw8","name":"Tempestade de Plasma","symbol":"https://assets.tcgdex.net/univ/bw/bw8/symbol"},"variants":{"firstEdition":false,"holo":true,"normal":true,"reverse":true,"wPromo":false},"dexId":[392],"hp":130,"types":["Fire"],"stage":"Stage 2","attacks":[{"cost":["Colorless"],"damage":30},{"cost":["Fire","Colorless"],"damage":120}],"weaknesses":[{"type":"Water","value":"×2"}],"retreat":0,"legal":{"standard":false,"expanded":true}},{"category":"Pokemon","id":"bw8-18","illustrator":"Eske Yoshinob","localId":"18","name":"Victini-EX","rarity":"Rare","set":{"cardCount":{"official":135,"total":138},"id":"bw8","name":"Tempestade de Plasma","symbol":"https://assets.tcgdex.net/univ/bw/bw8/symbol"},"variants":{"firstEdition":false,"holo":true,"normal":true,"reverse":true,"wPromo":false},"dexId":[494],"hp":110,"types":["Fire"],"suffix":"EX","attacks":[{"cost":["Fire"]},{"cost":["Fire","Colorless","Colorless"],"damage":50}],"weaknesses":[{"type":"Water","value":"×2"}],"retreat":1,"legal":{"standard":false,"expanded":true}},{"category":"Pokemon","id":"bw8-19","illustrator":"Atsuko Nishida","localId":"19","name":"Pansear","rarity":"Common","set":{"cardCount":{"official":135,"total":138},"id":"bw8","name":"Tempestade de Plasma","symbol":"https://assets.tcgdex.net/univ/bw/bw8/symbol"},"variants":{"firstEdition":false,"holo":true,"normal":true,"reverse":true,"wPromo":false},"dexId":[513],"hp":70,"types":["Fire"],"stage":"Basic","attacks":[{"cost":["Colorless","Colorless"],"damage":20},{"cost":["Fire","Fire","Colorless"],"damage":40}],"weaknesses":[{"type":"Water","value":"×2"}],"retreat":1,"legal":{"standard":false,"expanded":true}},{"category":"Pokemon","id":"bw8-20","illustrator":"Naoki Saito","localId":"20","name":"Simisear","rarity":"Uncommon","set":{"cardCount":{"official":135,"total":138},"id":"bw8","name":"Tempestade de Plasma","symbol":"https://assets.tcgdex.net/univ/bw/bw8/symbol"},"variants":{"firstEdition":false,"holo":true,"normal":true,"reverse":true,"wPromo":false},"dexId":[514],"hp":90,"types":["Fire"],"stage":"Stage 1","attacks":[{"cost":["Fire"],"damage":20},{"cost":["Colorless","Colorless","Colorless"],"damage":40}],"weaknesses":[{"type":"Water","value":"×2"}],"retreat":2,"legal":{"standard":false,"expanded":true}},{"category":"Pokemon","id":"bw8-21","illustrator":"Kouki Saitou","localId":"21","name":"Litwick","rarity":"Common","set":{"cardCount":{"official":135,"total":138},"id":"bw8","name":"Tempestade de Plasma","symbol":"https://assets.tcgdex.net/univ/bw/bw8/symbol"},"variants":{"firstEdition":false,"holo":true,"normal":true,"reverse":true,"wPromo":false},"dexId":[607],"hp":60,"types":["Fire"],"stage":"Basic","attacks":[{"cost":["Colorless"],"damage":20}],"weaknesses":[{"type":"Water","value":"×2"}],"retreat":1,"legal":{"standard":false,"expanded":true}},{"category":"Pokemon","id":"bw8-22","illustrator":"Kouki Saitou","localId":"22","name":"Lampent","rarity":"Uncommon","set":{"cardCount":{"official":135,"total":138},"id":"bw8","name":"Tempestade de Plasma","symbol":"https://assets.tcgdex.net/univ/bw/bw8/symbol"},"variants":{"firstEdition":false,"holo":true,"normal":true,"reverse":true,"wPromo":false},"dexId":[608],"hp":70,"types":["Fire"],"stage":"Stage 1","abilities":[{"type":"Ability","name":"Flutuação Livre","effect":"Se este Pokémon não possuir Energia ligada a ele, ele não terá Custo para Recuar."}],"attacks":[{"cost":["Fire","Colorless"],"damage":20}],"weaknesses":[{"type":"Water","value":"×2"}],"retreat":1,"legal":{"standard":false,"expanded":true}},{"category":"Pokemon","id":"bw8-23","illustrator":"Suwama Chiaki","localId":"23","name":"Heatmor","rarity":"Uncommon","set":{"cardCount":{"official":135,"total":138},"id":"bw8","name":"Tempestade de Plasma","symbol":"https://assets.tcgdex.net/univ/bw/bw8/symbol"},"variants":{"firstEdition":false,"holo":true,"normal":true,"reverse":true,"wPromo":false},"dexId":[631],"hp":90,"types":["Fire"],"stage":"Basic","attacks":[{"cost":["Fire"]},{"cost":["Fire","Fire","Fire"],"damage":50}],"weaknesses":[{"type":"Water","value":"×2"}],"retreat":2,"legal":{"standard":false,"expanded":true}},{"category":"Pokemon","id":"bw8-24","illustrator":"Naoki Saito","localId":"24","name":"Squirtle","rarity":"Common","set":{"cardCount":{"official":135,"total":138},"id":"bw8","name":"Tempestade de Plasma","symbol":"https://assets.tcgdex.net/univ/bw/bw8/symbol"},"variants":{"firstEdition":false,"holo":true,"normal":true,"reverse":true,"wPromo":false},"dexId":[7],"hp":60,"types":["Water"],"stage":"Basic","attacks":[{"cost":["Colorless"],"damage":10}],"weaknesses":[{"type":"Grass","value":"×2"}],"retreat":1,"legal":{"standard":false,"expanded":true}},{"category":"Pokemon","id":"bw8-25","illustrator":"Toyste Beach","localId":"25","name":"Articuno-EX","rarity":"Rare","set":{"cardCount":{"official":135,"total":138},"id":"bw8","name":"Tempestade de Plasma","symbol":"https://assets.tcgdex.net/univ/bw/bw8/symbol"},"variants":{"firstEdition":false,"holo":true,"normal":true,"reverse":true,"wPromo":false},"dexId":[144],"hp":170,"types":["Water"],"suffix":"EX","attacks":[{"cost":["Water","Colorless","Colorless"],"damage":60},{"cost":["Water","Water","Colorless","Colorless"],"damage":80}],"weaknesses":[{"type":"Metal","value":"×2"}],"resistances":[{"type":"Fighting","value":"-20"}],"retreat":1,"legal":{"standard":false,"expanded":true}},{"category":"Pokemon","id":"bw8-26","illustrator":"Kouki Saitou","localId":"26","name":"Swinub","rarity":"Common","set":{"cardCount":{"official":135,"total":138},"id":"bw8","name":"Tempestade de Plasma","symbol":"https://assets.tcgdex.net/univ/bw/bw8/symbol"},"variants":{"firstEdition":false,"holo":true,"normal":true,"reverse":true,"wPromo":false},"dexId":[220],"hp":60,"types":["Water"],"stage":"Basic","attacks":[{"cost":["Water","Colorless"],"damage":20}],"weaknesses":[{"type":"Metal","value":"×2"}],"retreat":2,"legal":{"standard":false,"expanded":true}},{"category":"Pokemon","id":"bw8-27","illustrator":"Suwama Chiaki","localId":"27","name":"Piloswine","rarity":"Uncommon","set":{"cardCount":{"official":135,"total":138},"id":"bw8","name":"Tempestade de Plasma","symbol":"https://assets.tcgdex.net/univ/bw/bw8/symbol"},"variants":{"firstEdition":false,"holo":true,"normal":true,"reverse":true,"wPromo":false},"dexId":[221],"hp":100,"types":["Water"],"stage":"Stage 1","attacks":[{"cost":["Water","Colorless"],"damage":20},{"cost":["Water","Water","Colorless","Colorless"],"damage":40}],"weaknesses":[{"type":"Metal","value":"×2"}],"retreat":3,"legal":{"standard":false,"expanded":true}},{"category":"Pokemon","id":"bw8-28","illustrator":"match","localId":"28","name":"Mamoswine","rarity":"Rare","set":{"cardCount":{"official":135,"total":138},"id":"bw8","name":"Tempestade de Plasma","symbol":"https://assets.tcgdex.net/univ/bw/bw8/symbol"},"variants":{"firstEdition":false,"holo":true,"normal":true,"reverse":true,"wPromo":false},"dexId":[473],"hp":150,"types":["Water"],"stage":"Stage 2","attacks":[{"cost":["Water","Colorless","Colorless"],"damage":50},{"cost":["Water","Water","Colorless","Colorless"],"damage":90}],"weaknesses":[{"type":"Metal","value":"×2"}],"retreat":4,"legal":{"standard":false,"expanded":true}},{"category":"Pokemon","id":"bw8-29","illustrator":"Midori Harada","localId":"29","name":"Lotad","rarity":"Common","set":{"cardCount":{"official":135,"total":138},"id":"bw8","name":"Tempestade de Plasma","symbol":"https://assets.tcgdex.net/univ/bw/bw8/symbol"},"variants":{"firstEdition":false,"holo":true,"normal":true,"reverse":true,"wPromo":false},"dexId":[270],"hp":60,"types":["Water"],"stage":"Basic","attacks":[{"cost":["Water","Colorless"],"damage":20}],"weaknesses":[{"type":"Lightning","value":"×2"}],"retreat":1,"legal":{"standard":false,"expanded":true}},{"category":"Pokemon","id":"bw8-30","illustrator":"Suwama Chiaki","localId":"30","name":"Lombre","rarity":"Uncommon","set":{"cardCount":{"official":135,"total":138},"id":"bw8","name":"Tempestade de Plasma","symbol":"https://assets.tcgdex.net/univ/bw/bw8/symbol"},"variants":{"firstEdition":false,"holo":true,"normal":true,"reverse":true,"wPromo":false},"dexId":[271],"hp":80,"types":["Water"],"stage":"Stage 1","attacks":[{"cost":["Colorless","Colorless"],"damage":20},{"cost":["Water","Colorless","Colorless"],"damage":50}],"weaknesses":[{"type":"Lightning","value":"×2"}],"retreat":2,"legal":{"standard":false,"expanded":true}},{"category":"Pokemon","id":"bw8-31","illustrator":"match","localId":"31","name":"Ludicolo","rarity":"Rare","set":{"cardCount":{"official":135,"total":138},"id":"bw8","name":"Tempestade de Plasma","symbol":"https://assets.tcgdex.net/univ/bw/bw8/symbol"},"variants":{"firstEdition":false,"holo":true,"normal":true,"reverse":true,"wPromo":false},"dexId":[272],"hp":130,"types":["Water"],"stage":"Stage 2","abilities":[{"type":"Ability","name":"Prato de Chuva","effect":"A qualquer momento entre as vezes de jogar, cure 20 de danos deste Pokémon."}],"attacks":[{"cost":["Water","Water","Colorless"],"damage":70}],"weaknesses":[{"type":"Lightning","value":"×2"}],"retreat":3,"legal":{"standard":false,"expanded":true}},{"category":"Pokemon","id":"bw8-32","illustrator":"Mitsuhiro Arita","localId":"32","name":"Carvanha","rarity":"Common","set":{"cardCount":{"official":135,"total":138},"id":"bw8","name":"Tempestade de Plasma","symbol":"https://assets.tcgdex.net/univ/bw/bw8/symbol"},"variants":{"firstEdition":false,"holo":true,"normal":true,"reverse":true,"wPromo":false},"dexId":[318],"hp":60,"types":["Water"],"stage":"Basic","attacks":[{"cost":["Water","Colorless"],"damage":20}],"weaknesses":[{"type":"Lightning","value":"×2"}],"retreat":1,"legal":{"standard":false,"expanded":true}},{"category":"Pokemon","id":"bw8-33","illustrator":"5ban Graphics","localId":"33","name":"Sharpedo","rarity":"Rare","set":{"cardCount":{"official":135,"total":138},"id":"bw8","name":"Tempestade de Plasma","symbol":"https://assets.tcgdex.net/univ/bw/bw8/symbol"},"variants":{"firstEdition":false,"holo":true,"normal":true,"reverse":true,"wPromo":false},"dexId":[319],"hp":90,"types":["Water"],"stage":"Stage 1","abilities":[{"type":"Ability","name":"Pele Áspera","effect":"Se este Pokémon for seu Pokémon Ativo e ele for danificado pelo ataque de um oponente (mesmo se esse Pokémon for Nocauteado), coloque 2 marcadores de danos no Pokémon Atacante."}],"attacks":[{"cost":["Water","Colorless"],"damage":40}],"weaknesses":[{"type":"Lightning","value":"×2"}],"retreat":0,"legal":{"standard":false,"expanded":true}},{"category":"Pokemon","id":"bw8-34","illustrator":"Naoki Saito","localId":"34","name":"Manaphy","rarity":"Rare","set":{"cardCount":{"official":135,"total":138},"id":"bw8","name":"Tempestade de Plasma","symbol":"https://assets.tcgdex.net/univ/bw/bw8/symbol"},"variants":{"firstEdition":false,"holo":true,"normal":true,"reverse":true,"wPromo":false},"dexId":[490],"hp":70,"types":["Water"],"stage":"Basic","abilities":[{"type":"Ability","name":"Desejo Final","effect":"Quando esse Pokémon é Nocauteado por danos causados pelo ataque de um oponente, procure um card em seu baralho e coloque-o em sua mão. Em seguida, embaralhe seus cards."}],"attacks":[{"cost":["Water"]}],"weaknesses":[{"type":"Lightning","value":"×2"}],"retreat":1,"legal":{"standard":false,"expanded":true}},{"category":"Pokemon","id":"bw8-35","illustrator":"Shin Nagasawa","localId":"35","name":"Vanillite","rarity":"Common","set":{"cardCount":{"official":135,"total":138},"id":"bw8","name":"Tempestade de Plasma","symbol":"https://assets.tcgdex.net/univ/bw/bw8/symbol"},"variants":{"firstEdition":false,"holo":true,"normal":true,"reverse":true,"wPromo":false},"dexId":[582],"hp":60,"types":["Water"],"stage":"Basic","attacks":[{"cost":["Colorless"],"damage":10}],"weaknesses":[{"type":"Metal","value":"×2"}],"retreat":1,"legal":{"standard":false,"expanded":true}},{"category":"Pokemon","id":"bw8-36","illustrator":"Shin Nagasawa","localId":"36","name":"Vanillish","rarity":"Uncommon","set":{"cardCount":{"official":135,"total":138},"id":"bw8","name":"Tempestade de Plasma","symbol":"https://assets.tcgdex.net/univ/bw/bw8/symbol"},"variants":{"firstEdition":false,"holo":true,"normal":true,"reverse":true,"wPromo":false},"dexId":[583],"hp":80,"types":["Water"],"stage":"Stage 1","attacks":[{"cost":["Water","Colorless"],"damage":30}],"weaknesses":[{"type":"Metal","value":"×2"}],"retreat":1,"legal":{"standard":false,"expanded":true}},{"category":"Pokemon","id":"bw8-37","illustrator":"Shin Nagasawa","localId":"37","name":"Vanilluxe","rarity":"Rare","set":{"cardCount":{"official":135,"total":138},"id":"bw8","name":"Tempestade de Plasma","symbol":"https://assets.tcgdex.net/univ/bw/bw8/symbol"},"variants":{"firstEdition":false,"holo":true,"normal":true,"reverse":true,"wPromo":false},"dexId":[584],"hp":130,"types":["Water"],"stage":"Stage 2","attacks":[{"cost":["Colorless"],"damage":30},{"cost":["Water","Water","Colorless"],"damage":70}],"weaknesses":[{"type":"Metal","value":"×2"}],"retreat":1,"legal":{"standard":false,"expanded":true}},{"category":"Pokemon","id":"bw8-38","illustrator":"Akira Komayama","localId":"38","name":"Frillish","rarity":"Common","set":{"cardCount":{"official":135,"total":138},"id":"bw8","name":"Tempestade de Plasma","symbol":"https://assets.tcgdex.net/univ/bw/bw8/symbol"},"variants":{"firstEdition":false,"holo":true,"normal":true,"reverse":true,"wPromo":false},"dexId":[592],"hp":70,"types":["Water"],"stage":"Basic","attacks":[{"cost":["Water","Colorless"],"damage":10}],"weaknesses":[{"type":"Lightning","value":"×2"}],"retreat":2,"legal":{"standard":false,"expanded":true}},{"category":"Pokemon","id":"bw8-39","illustrator":"5ban Graphics","localId":"39","name":"Jellicent","rarity":"Rare","set":{"cardCount":{"official":135,"total":138},"id":"bw8","name":"Tempestade de Plasma","symbol":"https://assets.tcgdex.net/univ/bw/bw8/symbol"},"variants":{"firstEdition":false,"holo":true,"normal":true,"reverse":true,"wPromo":false},"dexId":[593],"hp":100,"types":["Water"],"stage":"Stage 1","abilities":[{"type":"Ability","name":"Espírito Maldoso","effect":"Se este Pokémon for seu Pokémon Ativo e ele for Nocauteado por danos causados pelo ataque de um oponente, o Pokémon Atacante ficará Confuso e Envenenado."}],"attacks":[{"cost":["Water","Colorless"],"damage":40}],"weaknesses":[{"type":"Lightning","value":"×2"}],"retreat":2,"legal":{"standard":false,"expanded":true}},{"category":"Pokemon","id":"bw8-40","illustrator":"MAHOU","localId":"40","name":"Cubchoo","rarity":"Common","set":{"cardCount":{"official":135,"total":138},"id":"bw8","name":"Tempestade de Plasma","symbol":"https://assets.tcgdex.net/univ/bw/bw8/symbol"},"variants":{"firstEdition":false,"holo":true,"normal":true,"reverse":true,"wPromo":false},"dexId":[613],"hp":70,"types":["Water"],"stage":"Basic","attacks":[{"cost":["Water"]},{"cost":["Colorless","Colorless","Colorless"],"damage":30}],"weaknesses":[{"type":"Metal","value":"×2"}],"retreat":2,"legal":{"standard":false,"expanded":true}},{"category":"Pokemon","id":"bw8-41","illustrator":"5ban Graphics","localId":"41","name":"Beartic","rarity":"Rare","set":{"cardCount":{"official":135,"total":138},"id":"bw8","name":"Tempestade de Plasma","symbol":"https://assets.tcgdex.net/univ/bw/bw8/symbol"},"variants":{"firstEdition":false,"holo":true,"normal":true,"reverse":true,"wPromo":false},"dexId":[614],"hp":130,"types":["Water"],"stage":"Stage 1","attacks":[{"cost":["Water","Colorless"],"damage":20},{"cost":["Water","Water","Colorless"],"damage":90}],"weaknesses":[{"type":"Metal","value":"×2"}],"retreat":4,"legal":{"standard":false,"expanded":true}},{"category":"Pokemon","id":"bw8-42","illustrator":"Shigenori Negishi","localId":"42","name":"Magnemite","rarity":"Common","set":{"cardCount":{"official":135,"total":138},"id":"bw8","name":"Tempestade de Plasma","symbol":"https://assets.tcgdex.net/univ/bw/bw8/symbol"},"variants":{"firstEdition":false,"holo":true,"normal":true,"reverse":true,"wPromo":false},"dexId":[81],"hp":60,"types":["Lightning"],"stage":"Basic","attacks":[{"cost":["Colorless"]},{"cost":["Lightning","Colorless"],"damage":20}],"weaknesses":[{"type":"Fighting","value":"×2"}],"retreat":1,"legal":{"standard":false,"expanded":true}},{"category":"Pokemon","id":"bw8-43","illustrator":"match","localId":"43","name":"Magnemite","rarity":"Common","set":{"cardCount":{"official":135,"total":138},"id":"bw8","name":"Tempestade de Plasma","symbol":"https://assets.tcgdex.net/univ/bw/bw8/symbol"},"variants":{"firstEdition":false,"holo":true,"normal":true,"reverse":true,"wPromo":false},"dexId":[81],"hp":60,"types":["Lightning"],"stage":"Basic","attacks":[{"cost":["Lightning"],"damage":10}],"weaknesses":[{"type":"Fighting","value":"×2"}],"retreat":1,"legal":{"standard":false,"expanded":true}},{"category":"Pokemon","id":"bw8-44","illustrator":"MAHOU","localId":"44","name":"Magneton","rarity":"Uncommon","set":{"cardCount":{"official":135,"total":138},"id":"bw8","name":"Tempestade de Plasma","symbol":"https://assets.tcgdex.net/univ/bw/bw8/symbol"},"variants":{"firstEdition":false,"holo":true,"normal":true,"reverse":true,"wPromo":false},"dexId":[82],"hp":80,"types":["Lightning"],"stage":"Stage 1","attacks":[{"cost":["Colorless"]},{"cost":["Lightning","Colorless"],"damage":30}],"weaknesses":[{"type":"Fighting","value":"×2"}],"retreat":2,"legal":{"standard":false,"expanded":true}},{"category":"Pokemon","id":"bw8-45","illustrator":"match","localId":"45","name":"Magneton","rarity":"Uncommon","set":{"cardCount":{"official":135,"total":138},"id":"bw8","name":"Tempestade de Plasma","symbol":"https://assets.tcgdex.net/univ/bw/bw8/symbol"},"variants":{"firstEdition":false,"holo":true,"normal":true,"reverse":true,"wPromo":false},"dexId":[82],"hp":80,"types":["Lightning"],"stage":"Stage 1","attacks":[{"cost":["Lightning","Colorless"],"damage":20}],"weaknesses":[{"type":"Fighting","value":"×2"}],"retreat":2,"legal":{"standard":false,"expanded":true}},{"category":"Pokemon","id":"bw8-46","illustrator":"5ban Graphics","localId":"46","name":"Magnezone","rarity":"Rare","set":{"cardCount":{"official":135,"total":138},"id":"bw8","name":"Tempestade de Plasma","symbol":"https://assets.tcgdex.net/univ/bw/bw8/symbol"},"variants":{"firstEdition":false,"holo":true,"normal":true,"reverse":true,"wPromo":false},"dexId":[462],"hp":140,"types":["Lightning"],"stage":"Stage 2","abilities":[{"type":"Ability","name":"Cérebros Duplos","effect":"Durante sua vez de jogar, você poderá jogar 2 cards de Apoiador."}],"attacks":[{"cost":["Lightning","Lightning","Colorless"],"damage":80}],"weaknesses":[{"type":"Fighting","value":"×2"}],"retreat":3,"legal":{"standard":false,"expanded":true}},{"category":"Pokemon","id":"bw8-47","illustrator":"match","localId":"47","name":"Magnezone","rarity":"Rare","set":{"cardCount":{"official":135,"total":138},"id":"bw8","name":"Tempestade de Plasma","symbol":"https://assets.tcgdex.net/univ/bw/bw8/symbol"},"variants":{"firstEdition":false,"holo":true,"normal":true,"reverse":true,"wPromo":false},"dexId":[462],"hp":140,"types":["Lightning"],"stage":"Stage 2","attacks":[{"cost":["Lightning"],"damage":30},{"cost":["Lightning","Colorless","Colorless"],"damage":70}],"weaknesses":[{"type":"Fighting","value":"×2"}],"retreat":2,"legal":{"standard":false,"expanded":true}},{"category":"Pokemon","id":"bw8-48","illustrator":"Eske Yoshinob","localId":"48","name":"Zapdos-EX","rarity":"Rare","set":{"cardCount":{"official":135,"total":138},"id":"bw8","name":"Tempestade de Plasma","symbol":"https://assets.tcgdex.net/univ/bw/bw8/symbol"},"variants":{"firstEdition":false,"holo":true,"normal":true,"reverse":true,"wPromo":false},"dexId":[145],"hp":170,"types":["Lightning"],"suffix":"EX","attacks":[{"cost":["Lightning","Colorless"],"damage":30},{"cost":["Lightning","Lightning","Colorless","Colorless"],"damage":80}],"weaknesses":[{"type":"Lightning","value":"×2"}],"resistances":[{"type":"Fighting","value":"-20"}],"retreat":1,"legal":{"standard":false,"expanded":true}},{"category":"Pokemon","id":"bw8-49","illustrator":"5ban Graphics","localId":"49","name":"Rotom","rarity":"Uncommon","set":{"cardCount":{"official":135,"total":138},"id":"bw8","name":"Tempestade de Plasma","symbol":"https://assets.tcgdex.net/univ/bw/bw8/symbol"},"variants":{"firstEdition":false,"holo":true,"normal":true,"reverse":true,"wPromo":false},"dexId":[479],"hp":60,"types":["Lightning"],"stage":"Basic","attacks":[{"cost":["Colorless"]},{"cost":["Lightning","Colorless"],"damage":20}],"weaknesses":[{"type":"Fighting","value":"×2"}],"retreat":1,"legal":{"standard":false,"expanded":true}},{"category":"Pokemon","id":"bw8-50","illustrator":"Tomokazu Komiya","localId":"50","name":"Joltik","rarity":"Common","set":{"cardCount":{"official":135,"total":138},"id":"bw8","name":"Tempestade de Plasma","symbol":"https://assets.tcgdex.net/univ/bw/bw8/symbol"},"variants":{"firstEdition":false,"holo":true,"normal":true,"reverse":true,"wPromo":false},"dexId":[595],"hp":40,"types":["Lightning"],"stage":"Basic","attacks":[{"cost":["Lightning"],"damage":10}],"weaknesses":[{"type":"Fighting","value":"×2"}],"retreat":1,"legal":{"standard":false,"expanded":true}},{"category":"Pokemon","id":"bw8-51","illustrator":"Hajime Kusajima","localId":"51","name":"Galvantula","rarity":"Uncommon","set":{"cardCount":{"official":135,"total":138},"id":"bw8","name":"Tempestade de Plasma","symbol":"https://assets.tcgdex.net/univ/bw/bw8/symbol"},"variants":{"firstEdition":false,"holo":true,"normal":true,"reverse":true,"wPromo":false},"dexId":[596],"hp":80,"types":["Lightning"],"stage":"Stage 1","attacks":[{"cost":["Lightning"],"damage":30},{"cost":["Colorless","Colorless"],"damage":30}],"weaknesses":[{"type":"Fighting","value":"×2"}],"retreat":0,"legal":{"standard":false,"expanded":true}},{"category":"Pokemon","id":"bw8-52","illustrator":"Kagemaru Himeno","localId":"52","name":"Zubat","rarity":"Common","set":{"cardCount":{"official":135,"total":138},"id":"bw8","name":"Tempestade de Plasma","symbol":"https://assets.tcgdex.net/univ/bw/bw8/symbol"},"variants":{"firstEdition":false,"holo":true,"normal":true,"reverse":true,"wPromo":false},"dexId":[41],"hp":50,"types":["Psychic"],"stage":"Basic","attacks":[{"cost":["Colorless"],"damage":10}],"weaknesses":[{"type":"Lightning","value":"×2"}],"resistances":[{"type":"Fighting","value":"-20"}],"retreat":1,"legal":{"standard":false,"expanded":true}},{"category":"Pokemon","id":"bw8-53","illustrator":"Mizue","localId":"53","name":"Zubat","rarity":"Common","set":{"cardCount":{"official":135,"total":138},"id":"bw8","name":"Tempestade de Plasma","symbol":"https://assets.tcgdex.net/univ/bw/bw8/symbol"},"variants":{"firstEdition":false,"holo":true,"normal":true,"reverse":true,"wPromo":false},"dexId":[41],"hp":40,"types":["Psychic"],"stage":"Basic","abilities":[{"type":"Ability","name":"Vôo Livre","effect":"Se este Pokémon não possuir Energia ligada a ele, ele não terá Custo para Recuar."}],"attacks":[{"cost":["Psychic","Colorless"],"damage":20}],"weaknesses":[{"type":"Lightning","value":"×2"}],"resistances":[{"type":"Fighting","value":"-20"}],"retreat":1,"legal":{"standard":false,"expanded":true}},{"category":"Pokemon","id":"bw8-54","illustrator":"Kyoko Umemoto","localId":"54","name":"Golbat","rarity":"Uncommon","set":{"cardCount":{"official":135,"total":138},"id":"bw8","name":"Tempestade de Plasma","symbol":"https://assets.tcgdex.net/univ/bw/bw8/symbol"},"variants":{"firstEdition":false,"holo":true,"normal":true,"reverse":true,"wPromo":false},"dexId":[42],"hp":80,"types":["Psychic"],"stage":"Stage 1","attacks":[{"cost":["Psychic","Colorless"],"damage":20}],"weaknesses":[{"type":"Lightning","value":"×2"}],"resistances":[{"type":"Fighting","value":"-20"}],"retreat":1,"legal":{"standard":false,"expanded":true}},{"category":"Pokemon","id":"bw8-55","illustrator":"5ban Graphics","localId":"55","name":"Crobat","rarity":"Rare","set":{"cardCount":{"official":135,"total":138},"id":"bw8","name":"Tempestade de Plasma","symbol":"https://assets.tcgdex.net/univ/bw/bw8/symbol"},"variants":{"firstEdition":false,"holo":true,"normal":true,"reverse":true,"wPromo":false},"dexId":[169],"hp":130,"types":["Psychic"],"stage":"Stage 2","abilities":[{"type":"Ability","name":"Visão Noturna","effect":"Uma vez durante sua vez de jogar (antes de atacar), você pode comprar um card."}],"attacks":[{"cost":["Psychic","Colorless","Colorless"],"damage":40}],"weaknesses":[{"type":"Lightning","value":"×2"}],"resistances":[{"type":"Fighting","value":"-20"}],"retreat":0,"legal":{"standard":false,"expanded":true}},{"category":"Pokemon","id":"bw8-56","illustrator":"Kagemaru Himeno","localId":"56","name":"Koffing","rarity":"Common","set":{"cardCount":{"official":135,"total":138},"id":"bw8","name":"Tempestade de Plasma","symbol":"https://assets.tcgdex.net/univ/bw/bw8/symbol"},"variants":{"firstEdition":false,"holo":true,"normal":true,"reverse":true,"wPromo":false},"dexId":[109],"hp":70,"types":["Psychic"],"stage":"Basic","attacks":[{"cost":["Psychic"],"damage":10},{"cost":["Colorless","Colorless"],"damage":20}],"weaknesses":[{"type":"Psychic","value":"×2"}],"retreat":2,"legal":{"standard":false,"expanded":true}},{"category":"Pokemon","id":"bw8-57","illustrator":"match","localId":"57","name":"Koffing","rarity":"Uncommon","set":{"cardCount":{"official":135,"total":138},"id":"bw8","name":"Tempestade de Plasma","symbol":"https://assets.tcgdex.net/univ/bw/bw8/symbol"},"variants":{"firstEdition":false,"holo":true,"normal":true,"reverse":true,"wPromo":false},"dexId":[109],"hp":60,"types":["Psychic"],"stage":"Basic","attacks":[{"cost":["Psychic","Colorless"],"damage":20}],"weaknesses":[{"type":"Psychic","value":"×2"}],"retreat":1,"legal":{"standard":false,"expanded":true}},{"category":"Pokemon","id":"bw8-58","illustrator":"5ban Graphics","localId":"58","name":"Weezing","rarity":"Rare","set":{"cardCount":{"official":135,"total":138},"id":"bw8","name":"Tempestade de Plasma","symbol":"https://assets.tcgdex.net/univ/bw/bw8/symbol"},"variants":{"firstEdition":false,"holo":true,"normal":true,"reverse":true,"wPromo":false},"dexId":[110],"hp":100,"types":["Psychic"],"stage":"Stage 1","abilities":[{"type":"Ability","name":"Resultado","effect":"Quando esse Pokémon for Nocauteado por danos causados pelo ataque de um oponente, descarte os 3 cards de cima do baralho do seu oponente."}],"attacks":[{"cost":["Psychic","Colorless"]}],"weaknesses":[{"type":"Psychic","value":"×2"}],"retreat":2,"legal":{"standard":false,"expanded":true}},{"category":"Pokemon","id":"bw8-59","illustrator":"Kanako Eo","localId":"59","name":"Ralts","rarity":"Common","set":{"cardCount":{"official":135,"total":138},"id":"bw8","name":"Tempestade de Plasma","symbol":"https://assets.tcgdex.net/univ/bw/bw8/symbol"},"variants":{"firstEdition":false,"holo":true,"normal":true,"reverse":true,"wPromo":false},"dexId":[280],"hp":60,"types":["Psychic"],"stage":"Basic","attacks":[{"cost":["Colorless"]}],"weaknesses":[{"type":"Psychic","value":"×2"}],"retreat":1,"legal":{"standard":false,"expanded":true}},{"category":"Pokemon","id":"bw8-60","illustrator":"Mizue","localId":"60","name":"Kirlia","rarity":"Uncommon","set":{"cardCount":{"official":135,"total":138},"id":"bw8","name":"Tempestade de Plasma","symbol":"https://assets.tcgdex.net/univ/bw/bw8/symbol"},"variants":{"firstEdition":false,"holo":true,"normal":true,"reverse":true,"wPromo":false},"dexId":[281],"hp":80,"types":["Psychic"],"stage":"Stage 1","attacks":[{"cost":["Psychic"],"damage":20}],"weaknesses":[{"type":"Psychic","value":"×2"}],"retreat":1,"legal":{"standard":false,"expanded":true}},{"category":"Pokemon","id":"bw8-61","illustrator":"kawayoo","localId":"61","name":"Gallade","rarity":"Rare","set":{"cardCount":{"official":135,"total":138},"id":"bw8","name":"Tempestade de Plasma","symbol":"https://assets.tcgdex.net/univ/bw/bw8/symbol"},"variants":{"firstEdition":false,"holo":true,"normal":true,"reverse":true,"wPromo":false},"dexId":[475],"hp":140,"types":["Psychic"],"stage":"Stage 2","attacks":[{"cost":["Colorless","Colorless"],"damage":20},{"cost":["Psychic","Colorless","Colorless"],"damage":80}],"weaknesses":[{"type":"Psychic","value":"×2"}],"retreat":2,"legal":{"standard":false,"expanded":true}},{"category":"Pokemon","id":"bw8-62","illustrator":"5ban Graphics","localId":"62","name":"Giratina","rarity":"Rare","set":{"cardCount":{"official":135,"total":138},"id":"bw8","name":"Tempestade de Plasma","symbol":"https://assets.tcgdex.net/univ/bw/bw8/symbol"},"variants":{"firstEdition":false,"holo":true,"normal":true,"reverse":true,"wPromo":false},"dexId":[487],"hp":130,"types":["Psychic"],"stage":"Basic","attacks":[{"cost":["Psychic","Colorless","Colorless"],"damage":50},{"cost":["Psychic","Psychic","Colorless","Colorless"],"damage":90}],"weaknesses":[{"type":"Darkness","value":"×2"}],"retreat":3,"legal":{"standard":false,"expanded":true}},{"category":"Pokemon","id":"bw8-63","illustrator":"Kagemaru Himeno","localId":"63","name":"Trubbish","rarity":"Uncommon","set":{"cardCount":{"official":135,"total":138},"id":"bw8","name":"Tempestade de Plasma","symbol":"https://assets.tcgdex.net/univ/bw/bw8/symbol"},"variants":{"firstEdition":false,"holo":true,"normal":true,"reverse":true,"wPromo":false},"dexId":[568],"hp":60,"types":["Psychic"],"stage":"Basic","attacks":[{"cost":["Psychic"]},{"cost":["Colorless","Colorless"],"damage":20}],"weaknesses":[{"type":"Psychic","value":"×2"}],"retreat":1,"legal":{"standard":false,"expanded":true}},{"category":"Pokemon","id":"bw8-64","illustrator":"Kouki Saitou","localId":"64","name":"Trubbish","rarity":"Common","set":{"cardCount":{"official":135,"total":138},"id":"bw8","name":"Tempestade de Plasma","symbol":"https://assets.tcgdex.net/univ/bw/bw8/symbol"},"variants":{"firstEdition":false,"holo":true,"normal":true,"reverse":true,"wPromo":false},"dexId":[568],"hp":60,"types":["Psychic"],"stage":"Basic","attacks":[{"cost":["Colorless"],"damage":10},{"cost":["Psychic","Psychic","Colorless"],"damage":40}],"weaknesses":[{"type":"Psychic","value":"×2"}],"retreat":1,"legal":{"standard":false,"expanded":true}},{"category":"Pokemon","id":"bw8-65","illustrator":"Midori Harada","localId":"65","name":"Trubbish","rarity":"Common","set":{"cardCount":{"official":135,"total":138},"id":"bw8","name":"Tempestade de Plasma","symbol":"https://assets.tcgdex.net/univ/bw/bw8/symbol"},"variants":{"firstEdition":false,"holo":true,"normal":true,"reverse":true,"wPromo":false},"dexId":[568],"hp":70,"types":["Psychic"],"stage":"Basic","attacks":[{"cost":["Psychic","Colorless"],"damage":20}],"weaknesses":[{"type":"Psychic","value":"×2"}],"retreat":2,"legal":{"standard":false,"expanded":true}},{"category":"Pokemon","id":"bw8-66","illustrator":"5ban Graphics","localId":"66","name":"Garbodor","rarity":"Rare","set":{"cardCount":{"official":135,"total":138},"id":"bw8","name":"Tempestade de Plasma","symbol":"https://assets.tcgdex.net/univ/bw/bw8/symbol"},"variants":{"firstEdition":false,"holo":true,"normal":true,"reverse":true,"wPromo":false},"dexId":[569],"hp":110,"types":["Psychic"],"stage":"Stage 1","attacks":[{"cost":["Colorless"],"damage":20},{"cost":["Psychic","Psychic","Colorless"],"damage":70}],"weaknesses":[{"type":"Psychic","value":"×2"}],"retreat":3,"legal":{"standard":false,"expanded":true}},{"category":"Pokemon","id":"bw8-67","illustrator":"5ban Graphics","localId":"67","name":"Garbodor","rarity":"Rare","set":{"cardCount":{"official":135,"total":138},"id":"bw8","name":"Tempestade de Plasma","symbol":"https://assets.tcgdex.net/univ/bw/bw8/symbol"},"variants":{"firstEdition":false,"holo":true,"normal":true,"reverse":true,"wPromo":false},"dexId":[569],"hp":110,"types":["Psychic"],"stage":"Stage 1","attacks":[{"cost":["Colorless","Colorless"],"damage":20},{"cost":["Psychic","Colorless","Colorless","Colorless"],"damage":80}],"weaknesses":[{"type":"Psychic","value":"×2"}],"retreat":3,"legal":{"standard":false,"expanded":true}},{"category":"Pokemon","id":"bw8-68","illustrator":"Kouki Saitou","localId":"68","name":"Elgyem","rarity":"Common","set":{"cardCount":{"official":135,"total":138},"id":"bw8","name":"Tempestade de Plasma","symbol":"https://assets.tcgdex.net/univ/bw/bw8/symbol"},"variants":{"firstEdition":false,"holo":true,"normal":true,"reverse":true,"wPromo":false},"dexId":[605],"hp":60,"types":["Psychic"],"stage":"Basic","attacks":[{"cost":["Psychic","Psychic"],"damage":30}],"weaknesses":[{"type":"Psychic","value":"×2"}],"retreat":1,"legal":{"standard":false,"expanded":true}},{"category":"Pokemon","id":"bw8-69","illustrator":"Mitsuhiro Arita","localId":"69","name":"Elgyem","rarity":"Uncommon","set":{"cardCount":{"official":135,"total":138},"id":"bw8","name":"Tempestade de Plasma","symbol":"https://assets.tcgdex.net/univ/bw/bw8/symbol"},"variants":{"firstEdition":false,"holo":true,"normal":true,"reverse":true,"wPromo":false},"dexId":[605],"hp":60,"types":["Psychic"],"stage":"Basic","attacks":[{"cost":["Colorless"]},{"cost":["Psychic","Colorless"],"damage":30}],"weaknesses":[{"type":"Psychic","value":"×2"}],"retreat":1,"legal":{"standard":false,"expanded":true}},{"category":"Pokemon","id":"bw8-70","illustrator":"5ban Graphics","localId":"70","name":"Beheeyem","rarity":"Rare","set":{"cardCount":{"official":135,"total":138},"id":"bw8","name":"Tempestade de Plasma","symbol":"https://assets.tcgdex.net/univ/bw/bw8/symbol"},"variants":{"firstEdition":false,"holo":true,"normal":true,"reverse":true,"wPromo":false},"dexId":[606],"hp":90,"types":["Psychic"],"stage":"Stage 1","attacks":[{"cost":["Psychic"],"damage":20},{"cost":["Psychic","Colorless","Colorless"]}],"weaknesses":[{"type":"Psychic","value":"×2"}],"retreat":1,"legal":{"standard":false,"expanded":true}},{"category":"Pokemon","id":"bw8-71","illustrator":"Sumiyoshi Kizuki","localId":"71","name":"Phanpy","rarity":"Common","set":{"cardCount":{"official":135,"total":138},"id":"bw8","name":"Tempestade de Plasma","symbol":"https://assets.tcgdex.net/univ/bw/bw8/symbol"},"variants":{"firstEdition":false,"holo":true,"normal":true,"reverse":true,"wPromo":false},"dexId":[231],"hp":80,"types":["Fighting"],"stage":"Basic","attacks":[{"cost":["Fighting"],"damage":10},{"cost":["Fighting","Fighting","Colorless"],"damage":50}],"weaknesses":[{"type":"Water","value":"×2"}],"resistances":[{"type":"Lightning","value":"-20"}],"retreat":2,"legal":{"standard":false,"expanded":true}},{"category":"Pokemon","id":"bw8-72","illustrator":"Shin Nagasawa","localId":"72","name":"Donphan","rarity":"Uncommon","set":{"cardCount":{"official":135,"total":138},"id":"bw8","name":"Tempestade de Plasma","symbol":"https://assets.tcgdex.net/univ/bw/bw8/symbol"},"variants":{"firstEdition":false,"holo":true,"normal":true,"reverse":true,"wPromo":false},"dexId":[232],"hp":130,"types":["Fighting"],"stage":"Stage 1","attacks":[{"cost":["Fighting"],"damage":40},{"cost":["Fighting","Fighting","Colorless","Colorless"],"damage":80}],"weaknesses":[{"type":"Water","value":"×2"}],"resistances":[{"type":"Lightning","value":"-20"}],"retreat":4,"legal":{"standard":false,"expanded":true}},{"category":"Pokemon","id":"bw8-73","illustrator":"Kouji Tajima","localId":"73","name":"Lunatone","rarity":"Uncommon","set":{"cardCount":{"official":135,"total":138},"id":"bw8","name":"Tempestade de Plasma","symbol":"https://assets.tcgdex.net/univ/bw/bw8/symbol"},"variants":{"firstEdition":false,"holo":true,"normal":true,"reverse":true,"wPromo":false},"dexId":[337],"hp":90,"types":["Fighting"],"stage":"Basic","abilities":[{"type":"Ability","name":"Premonição","effect":"Uma vez durante sua vez de jogar (antes de atacar), você poderá ver os 2 cards de cima do seu baralho e colocá-los de volta no topo do baralho em qualquer ordem."}],"attacks":[{"cost":["Fighting","Colorless"],"damage":30}],"weaknesses":[{"type":"Grass","value":"×2"}],"retreat":3,"legal":{"standard":false,"expanded":true}},{"category":"Pokemon","id":"bw8-74","illustrator":"Kouji Tajima","localId":"74","name":"Solrock","rarity":"Uncommon","set":{"cardCount":{"official":135,"total":138},"id":"bw8","name":"Tempestade de Plasma","symbol":"https://assets.tcgdex.net/univ/bw/bw8/symbol"},"variants":{"firstEdition":false,"holo":true,"normal":true,"reverse":true,"wPromo":false},"dexId":[338],"hp":90,"types":["Fighting"],"stage":"Basic","attacks":[{"cost":["Fighting","Colorless"],"damage":20},{"cost":["Fighting","Colorless","Colorless"],"damage":90}],"weaknesses":[{"type":"Grass","value":"×2"}],"retreat":3,"legal":{"standard":false,"expanded":true}},{"category":"Pokemon","id":"bw8-75","illustrator":"Ken Sugimori","localId":"75","name":"Riolu","rarity":"Common","set":{"cardCount":{"official":135,"total":138},"id":"bw8","name":"Tempestade de Plasma","symbol":"https://assets.tcgdex.net/univ/bw/bw8/symbol"},"variants":{"firstEdition":false,"holo":true,"normal":true,"reverse":true,"wPromo":false},"dexId":[447],"hp":60,"types":["Fighting"],"stage":"Basic","attacks":[{"cost":["Colorless"],"damage":10},{"cost":["Fighting","Colorless"],"damage":20}],"weaknesses":[{"type":"Psychic","value":"×2"}],"retreat":1,"legal":{"standard":false,"expanded":true}},{"category":"Pokemon","id":"bw8-76","illustrator":"Akira Komayama","localId":"76","name":"Riolu","rarity":"Common","set":{"cardCount":{"official":135,"total":138},"id":"bw8","name":"Tempestade de Plasma","symbol":"https://assets.tcgdex.net/univ/bw/bw8/symbol"},"variants":{"firstEdition":false,"holo":true,"normal":true,"reverse":true,"wPromo":false},"dexId":[447],"hp":70,"types":["Fighting"],"stage":"Basic","attacks":[{"cost":["Colorless","Colorless"],"damage":20},{"cost":["Fighting","Colorless","Colorless"],"damage":40}],"weaknesses":[{"type":"Psychic","value":"×2"}],"retreat":1,"legal":{"standard":false,"expanded":true}},{"category":"Pokemon","id":"bw8-77","illustrator":"Ken Sugimori","localId":"77","name":"Lucario","rarity":"Uncommon","set":{"cardCount":{"official":135,"total":138},"id":"bw8","name":"Tempestade de Plasma","symbol":"https://assets.tcgdex.net/univ/bw/bw8/symbol"},"variants":{"firstEdition":false,"holo":true,"normal":true,"reverse":true,"wPromo":false},"dexId":[448],"hp":90,"types":["Fighting"],"stage":"Stage 1","attacks":[{"cost":["Fighting","Colorless"],"damage":30},{"cost":["Fighting","Colorless","Colorless"],"damage":70}],"weaknesses":[{"type":"Psychic","value":"×2"}],"retreat":1,"legal":{"standard":false,"expanded":true}},{"category":"Pokemon","id":"bw8-78","illustrator":"Satoshi Shirai","localId":"78","name":"Lucario","rarity":"Rare","set":{"cardCount":{"official":135,"total":138},"id":"bw8","name":"Tempestade de Plasma","symbol":"https://assets.tcgdex.net/univ/bw/bw8/symbol"},"variants":{"firstEdition":false,"holo":true,"normal":true,"reverse":true,"wPromo":false},"dexId":[448],"hp":100,"types":["Fighting"],"stage":"Stage 1","abilities":[{"type":"Ability","name":"Armadura Dupla","effect":"Se este Pokémon possui alguma Energia Metal ligada a ele, o tipo desse Pokémon é Fighting e Metal."}],"attacks":[{"cost":["Fighting","Colorless","Colorless"],"damage":60}],"weaknesses":[{"type":"Psychic","value":"×2"}],"retreat":2,"legal":{"standard":false,"expanded":true}},{"category":"Pokemon","id":"bw8-79","illustrator":"Kagemaru Himeno","localId":"79","name":"Timburr","rarity":"Common","set":{"cardCount":{"official":135,"total":138},"id":"bw8","name":"Tempestade de Plasma","symbol":"https://assets.tcgdex.net/univ/bw/bw8/symbol"},"variants":{"firstEdition":false,"holo":true,"normal":true,"reverse":true,"wPromo":false},"dexId":[532],"hp":70,"types":["Fighting"],"stage":"Basic","attacks":[{"cost":["Fighting","Colorless"],"damage":20},{"cost":["Fighting","Colorless","Colorless"],"damage":40}],"weaknesses":[{"type":"Psychic","value":"×2"}],"retreat":2,"legal":{"standard":false,"expanded":true}},{"category":"Pokemon","id":"bw8-80","illustrator":"Masakazu Fukuda","localId":"80","name":"Gurdurr","rarity":"Uncommon","set":{"cardCount":{"official":135,"total":138},"id":"bw8","name":"Tempestade de Plasma","symbol":"https://assets.tcgdex.net/univ/bw/bw8/symbol"},"variants":{"firstEdition":false,"holo":true,"normal":true,"reverse":true,"wPromo":false},"dexId":[533],"hp":90,"types":["Fighting"],"stage":"Stage 1","attacks":[{"cost":["Fighting","Colorless","Colorless"],"damage":40},{"cost":["Fighting","Fighting","Colorless","Colorless"],"damage":80}],"weaknesses":[{"type":"Psychic","value":"×2"}],"retreat":3,"legal":{"standard":false,"expanded":true}},{"category":"Pokemon","id":"bw8-81","illustrator":"Shin Nagasawa","localId":"81","name":"Conkeldurr","rarity":"Rare","set":{"cardCount":{"official":135,"total":138},"id":"bw8","name":"Tempestade de Plasma","symbol":"https://assets.tcgdex.net/univ/bw/bw8/symbol"},"variants":{"firstEdition":false,"holo":true,"normal":true,"reverse":true,"wPromo":false},"dexId":[534],"hp":140,"types":["Fighting"],"stage":"Stage 2","attacks":[{"cost":["Colorless","Colorless","Colorless"],"damage":60},{"cost":["Fighting","Fighting","Colorless","Colorless"],"damage":80}],"weaknesses":[{"type":"Psychic","value":"×2"}],"retreat":3,"legal":{"standard":false,"expanded":true}},{"category":"Pokemon","id":"bw8-82","illustrator":"MAHOU","localId":"82","name":"Purrloin","rarity":"Common","set":{"cardCount":{"official":135,"total":138},"id":"bw8","name":"Tempestade de Plasma","symbol":"https://assets.tcgdex.net/univ/bw/bw8/symbol"},"variants":{"firstEdition":false,"holo":true,"normal":true,"reverse":true,"wPromo":false},"dexId":[509],"hp":50,"types":["Darkness"],"stage":"Basic","attacks":[{"cost":["Darkness"]},{"cost":["Darkness","Colorless"],"damage":10}],"weaknesses":[{"type":"Fighting","value":"×2"}],"resistances":[{"type":"Psychic","value":"-20"}],"retreat":1,"legal":{"standard":false,"expanded":true}},{"category":"Pokemon","id":"bw8-83","illustrator":"Masakazu Fukuda","localId":"83","name":"Purrloin","rarity":"Common","set":{"cardCount":{"official":135,"total":138},"id":"bw8","name":"Tempestade de Plasma","symbol":"https://assets.tcgdex.net/univ/bw/bw8/symbol"},"variants":{"firstEdition":false,"holo":true,"normal":true,"reverse":true,"wPromo":false},"dexId":[509],"hp":50,"types":["Darkness"],"stage":"Basic","attacks":[{"cost":["Colorless"]},{"cost":["Darkness","Colorless"],"damage":20}],"weaknesses":[{"type":"Fighting","value":"×2"}],"resistances":[{"type":"Psychic","value":"-20"}],"retreat":1,"legal":{"standard":false,"expanded":true}},{"category":"Pokemon","id":"bw8-84","illustrator":"5ban Graphics","localId":"84","name":"Liepard","rarity":"Rare","set":{"cardCount":{"official":135,"total":138},"id":"bw8","name":"Tempestade de Plasma","symbol":"https://assets.tcgdex.net/univ/bw/bw8/symbol"},"variants":{"firstEdition":false,"holo":true,"normal":true,"reverse":true,"wPromo":false},"dexId":[510],"hp":80,"types":["Darkness"],"stage":"Stage 1","attacks":[{"cost":["Colorless"]},{"cost":["Darkness","Colorless"],"damage":30}],"weaknesses":[{"type":"Fighting","value":"×2"}],"resistances":[{"type":"Psychic","value":"-20"}],"retreat":1,"legal":{"standard":false,"expanded":true}},{"category":"Pokemon","id":"bw8-85","illustrator":"Kouki Saitou","localId":"85","name":"Scraggy","rarity":"Common","set":{"cardCount":{"official":135,"total":138},"id":"bw8","name":"Tempestade de Plasma","symbol":"https://assets.tcgdex.net/univ/bw/bw8/symbol"},"variants":{"firstEdition":false,"holo":true,"normal":true,"reverse":true,"wPromo":false},"dexId":[559],"hp":60,"types":["Darkness"],"stage":"Basic","attacks":[{"cost":["Darkness"],"damage":10},{"cost":["Colorless","Colorless"],"damage":20}],"weaknesses":[{"type":"Fighting","value":"×2"}],"resistances":[{"type":"Psychic","value":"-20"}],"retreat":2,"legal":{"standard":false,"expanded":true}},{"category":"Pokemon","id":"bw8-86","illustrator":"5ban Graphics","localId":"86","name":"Scrafty","rarity":"Rare","set":{"cardCount":{"official":135,"total":138},"id":"bw8","name":"Tempestade de Plasma","symbol":"https://assets.tcgdex.net/univ/bw/bw8/symbol"},"variants":{"firstEdition":false,"holo":true,"normal":true,"reverse":true,"wPromo":false},"dexId":[560],"hp":90,"types":["Darkness"],"stage":"Stage 1","attacks":[{"cost":["Darkness","Colorless"],"damage":30},{"cost":["Darkness","Darkness","Colorless"],"damage":50}],"weaknesses":[{"type":"Fighting","value":"×2"}],"resistances":[{"type":"Psychic","value":"-20"}],"retreat":1,"legal":{"standard":false,"expanded":true}},{"category":"Pokemon","id":"bw8-87","illustrator":"5ban Graphics","localId":"87","name":"Skarmory","rarity":"Rare","set":{"cardCount":{"official":135,"total":138},"id":"bw8","name":"Tempestade de Plasma","symbol":"https://assets.tcgdex.net/univ/bw/bw8/symbol"},"variants":{"firstEdition":false,"holo":true,"normal":true,"reverse":true,"wPromo":false},"dexId":[227],"hp":90,"types":["Metal"],"stage":"Basic","attacks":[{"cost":["Colorless"]},{"cost":["Metal","Metal","Colorless"],"damage":40}],"weaknesses":[{"type":"Fire","value":"×2"}],"resistances":[{"type":"Psychic","value":"-20"}],"retreat":1,"legal":{"standard":false,"expanded":true}},{"category":"Pokemon","id":"bw8-88","illustrator":"Akira Komayama","localId":"88","name":"Klink","rarity":"Common","set":{"cardCount":{"official":135,"total":138},"id":"bw8","name":"Tempestade de Plasma","symbol":"https://assets.tcgdex.net/univ/bw/bw8/symbol"},"variants":{"firstEdition":false,"holo":true,"normal":true,"reverse":true,"wPromo":false},"dexId":[599],"hp":60,"types":["Metal"],"stage":"Basic","attacks":[{"cost":["Colorless"]},{"cost":["Metal","Colorless"],"damage":20}],"weaknesses":[{"type":"Fire","value":"×2"}],"resistances":[{"type":"Psychic","value":"-20"}],"retreat":2,"legal":{"standard":false,"expanded":true}},{"category":"Pokemon","id":"bw8-89","illustrator":"Akira Komayama","localId":"89","name":"Klang","rarity":"Uncommon","set":{"cardCount":{"official":135,"total":138},"id":"bw8","name":"Tempestade de Plasma","symbol":"https://assets.tcgdex.net/univ/bw/bw8/symbol"},"variants":{"firstEdition":false,"holo":true,"normal":true,"reverse":true,"wPromo":false},"dexId":[600],"hp":80,"types":["Metal"],"stage":"Stage 1","attacks":[{"cost":["Metal"],"damage":20},{"cost":["Metal","Colorless","Colorless"],"damage":30}],"weaknesses":[{"type":"Fire","value":"×2"}],"resistances":[{"type":"Psychic","value":"-20"}],"retreat":2,"legal":{"standard":false,"expanded":true}},{"category":"Pokemon","id":"bw8-90","illustrator":"5ban Graphics","localId":"90","name":"Klinklang","rarity":"Rare","set":{"cardCount":{"official":135,"total":138},"id":"bw8","name":"Tempestade de Plasma","symbol":"https://assets.tcgdex.net/univ/bw/bw8/symbol"},"variants":{"firstEdition":false,"holo":true,"normal":true,"reverse":true,"wPromo":false},"dexId":[601],"hp":140,"types":["Metal"],"stage":"Stage 2","abilities":[{"type":"Ability","name":"Aço de Plasma","effect":"Previne todos os danos causados a seus Pokémon Metal causados pelos ataques dos Pokémon-EX do seu oponente."}],"attacks":[{"cost":["Metal","Metal","Colorless"],"damage":70}],"weaknesses":[{"type":"Fire","value":"×2"}],"resistances":[{"type":"Psychic","value":"-20"}],"retreat":3,"legal":{"standard":false,"expanded":true}},{"category":"Pokemon","id":"bw8-91","illustrator":"5ban Graphics","localId":"91","name":"Durant","rarity":"Uncommon","set":{"cardCount":{"official":135,"total":138},"id":"bw8","name":"Tempestade de Plasma","symbol":"https://assets.tcgdex.net/univ/bw/bw8/symbol"},"variants":{"firstEdition":false,"holo":true,"normal":true,"reverse":true,"wPromo":false},"dexId":[632],"hp":70,"types":["Metal"],"stage":"Basic","attacks":[{"cost":["Colorless","Colorless"],"damage":20},{"cost":["Metal","Colorless","Colorless"],"damage":40}],"weaknesses":[{"type":"Fire","value":"×2"}],"resistances":[{"type":"Psychic","value":"-20"}],"retreat":1,"legal":{"standard":false,"expanded":true}},{"category":"Pokemon","id":"bw8-92","illustrator":"5ban Graphics","localId":"92","name":"Durant","rarity":"Uncommon","set":{"cardCount":{"official":135,"total":138},"id":"bw8","name":"Tempestade de Plasma","symbol":"https://assets.tcgdex.net/univ/bw/bw8/symbol"},"variants":{"firstEdition":false,"holo":true,"normal":true,"reverse":true,"wPromo":false},"dexId":[632],"hp":70,"types":["Metal"],"stage":"Basic","attacks":[{"cost":["Colorless"]},{"cost":["Metal","Colorless"],"damage":30}],"weaknesses":[{"type":"Fire","value":"×2"}],"resistances":[{"type":"Psychic","value":"-20"}],"retreat":1,"legal":{"standard":false,"expanded":true}},{"category":"Pokemon","id":"bw8-93","illustrator":"Eske Yoshinob","localId":"93","name":"Cobalion-EX","rarity":"Rare","set":{"cardCount":{"official":135,"total":138},"id":"bw8","name":"Tempestade de Plasma","symbol":"https://assets.tcgdex.net/univ/bw/bw8/symbol"},"variants":{"firstEdition":false,"holo":true,"normal":true,"reverse":true,"wPromo":false},"dexId":[638],"hp":180,"types":["Metal"],"suffix":"EX","attacks":[{"cost":["Metal"],"damage":30},{"cost":["Metal","Metal","Colorless"],"damage":100}],"weaknesses":[{"type":"Fire","value":"×2"}],"resistances":[{"type":"Psychic","value":"-20"}],"retreat":2,"legal":{"standard":false,"expanded":true}},{"category":"Pokemon","id":"bw8-94","illustrator":"5ban Graphics","localId":"94","name":"Druddigon","rarity":"Rare","set":{"cardCount":{"official":135,"total":138},"id":"bw8","name":"Tempestade de Plasma","symbol":"https://assets.tcgdex.net/univ/bw/bw8/symbol"},"variants":{"firstEdition":false,"holo":true,"normal":true,"reverse":true,"wPromo":false},"dexId":[621],"hp":110,"types":["Dragon"],"stage":"Basic","attacks":[{"cost":["Colorless","Colorless"],"damage":20},{"cost":["Fire","Fire","Water","Colorless"],"damage":90}],"weaknesses":[{"type":"Dragon","value":"×2"}],"retreat":1,"legal":{"standard":false,"expanded":true}},{"category":"Pokemon","id":"bw8-95","illustrator":"Shizurow","localId":"95","name":"Kyurem Preto-EX","rarity":"Rare","set":{"cardCount":{"official":135,"total":138},"id":"bw8","name":"Tempestade de Plasma","symbol":"https://assets.tcgdex.net/univ/bw/bw8/symbol"},"variants":{"firstEdition":false,"holo":true,"normal":true,"reverse":true,"wPromo":false},"dexId":[646],"hp":180,"types":["Dragon"],"suffix":"EX","attacks":[{"cost":["Colorless","Colorless","Colorless"],"damage":60},{"cost":["Water","Water","Lightning","Colorless"],"damage":200}],"weaknesses":[{"type":"Dragon","value":"×2"}],"retreat":3,"legal":{"standard":false,"expanded":true}},{"category":"Pokemon","id":"bw8-96","illustrator":"Shizurow","localId":"96","name":"Kyurem Branco-EX","rarity":"Rare","set":{"cardCount":{"official":135,"total":138},"id":"bw8","name":"Tempestade de Plasma","symbol":"https://assets.tcgdex.net/univ/bw/bw8/symbol"},"variants":{"firstEdition":false,"holo":true,"normal":true,"reverse":true,"wPromo":false},"dexId":[646],"hp":180,"types":["Dragon"],"suffix":"EX","attacks":[{"cost":["Colorless","Colorless","Colorless"],"damage":60},{"cost":["Fire","Fire","Water","Colorless"],"damage":100}],"weaknesses":[{"type":"Dragon","value":"×2"}],"retreat":3,"legal":{"standard":false,"expanded":true}},{"category":"Pokemon","id":"bw8-97","illustrator":"Atsuko Nishida","localId":"97","name":"Clefairy","rarity":"Common","set":{"cardCount":{"official":135,"total":138},"id":"bw8","name":"Tempestade de Plasma","symbol":"https://assets.tcgdex.net/univ/bw/bw8/symbol"},"variants":{"firstEdition":false,"holo":true,"normal":true,"reverse":true,"wPromo":false},"dexId":[35],"hp":60,"types":["Colorless"],"stage":"Basic","attacks":[{"cost":["Colorless"],"damage":10},{"cost":["Colorless","Colorless"],"damage":20}],"weaknesses":[{"type":"Fighting","value":"×2"}],"retreat":1,"legal":{"standard":false,"expanded":true}},{"category":"Pokemon","id":"bw8-98","illustrator":"Kagemaru Himeno","localId":"98","name":"Clefable","rarity":"Rare","set":{"cardCount":{"official":135,"total":138},"id":"bw8","name":"Tempestade de Plasma","symbol":"https://assets.tcgdex.net/univ/bw/bw8/symbol"},"variants":{"firstEdition":false,"holo":true,"normal":true,"reverse":true,"wPromo":false},"dexId":[36],"hp":90,"types":["Colorless"],"stage":"Stage 1","abilities":[{"type":"Ability","name":"Guia Lunar","effect":"Uma vez durante sua vez de jogar (antes de atacar), você pode jogar uma moeda. Se sair cara, procure em seu baralho um card que evolua de 1 dos seus Pokémon e coloque-o naquele Pokémon. (Isso conta como evoluir esse Pokémon.) Em seguida, embaralhe seus cards."}],"attacks":[{"cost":["Colorless","Colorless","Colorless"],"damage":50}],"weaknesses":[{"type":"Fighting","value":"×2"}],"retreat":1,"legal":{"standard":false,"expanded":true}},{"category":"Pokemon","id":"bw8-99","illustrator":"Kyoko Umemoto","localId":"99","name":"Doduo","rarity":"Common","set":{"cardCount":{"official":135,"total":138},"id":"bw8","name":"Tempestade de Plasma","symbol":"https://assets.tcgdex.net/univ/bw/bw8/symbol"},"variants":{"firstEdition":false,"holo":true,"normal":true,"reverse":true,"wPromo":false},"dexId":[84],"hp":60,"types":["Colorless"],"stage":"Basic","attacks":[{"cost":["Colorless","Colorless"],"damage":10}],"weaknesses":[{"type":"Lightning","value":"×2"}],"resistances":[{"type":"Fighting","value":"-20"}],"retreat":1,"legal":{"standard":false,"expanded":true}},{"category":"Pokemon","id":"bw8-100","illustrator":"kawayoo","localId":"100","name":"Dodrio","rarity":"Rare","set":{"cardCount":{"official":135,"total":138},"id":"bw8","name":"Tempestade de Plasma","symbol":"https://assets.tcgdex.net/univ/bw/bw8/symbol"},"variants":{"firstEdition":false,"holo":true,"normal":true,"reverse":true,"wPromo":false},"dexId":[85],"hp":90,"types":["Colorless"],"stage":"Stage 1","attacks":[{"cost":["Colorless"],"damage":30},{"cost":["Colorless","Colorless","Colorless"],"damage":60}],"weaknesses":[{"type":"Lightning","value":"×2"}],"resistances":[{"type":"Fighting","value":"-20"}],"retreat":1,"legal":{"standard":false,"expanded":true}},{"category":"Pokemon","id":"bw8-101","illustrator":"5ban Graphics","localId":"101","name":"Snorlax","rarity":"Rare","set":{"cardCount":{"official":135,"total":138},"id":"bw8","name":"Tempestade de Plasma","symbol":"https://assets.tcgdex.net/univ/bw/bw8/symbol"},"variants":{"firstEdition":false,"holo":true,"normal":true,"reverse":true,"wPromo":false},"dexId":[143],"hp":130,"types":["Colorless"],"stage":"Basic","abilities":[{"type":"Ability","name":"Bloquear","effect":"Desde que este Pokémon seja seu Pokémon Ativo, o Pokémon Ativo do seu oponente não poderá recuar."}],"attacks":[{"cost":["Colorless","Colorless","Colorless","Colorless","Colorless"],"damage":30}],"weaknesses":[{"type":"Fighting","value":"×2"}],"retreat":4,"legal":{"standard":false,"expanded":true}},{"category":"Pokemon","id":"bw8-102","illustrator":"Kanako Eo","localId":"102","name":"Togepi","rarity":"Common","set":{"cardCount":{"official":135,"total":138},"id":"bw8","name":"Tempestade de Plasma","symbol":"https://assets.tcgdex.net/univ/bw/bw8/symbol"},"variants":{"firstEdition":false,"holo":true,"normal":true,"reverse":true,"wPromo":false},"dexId":[175],"hp":40,"types":["Colorless"],"stage":"Basic","attacks":[{"cost":["Colorless"]}],"weaknesses":[{"type":"Fighting","value":"×2"}],"retreat":1,"legal":{"standard":false,"expanded":true}},{"category":"Pokemon","id":"bw8-103","illustrator":"Akira Komayama","localId":"103","name":"Togetic","rarity":"Uncommon","set":{"cardCount":{"official":135,"total":138},"id":"bw8","name":"Tempestade de Plasma","symbol":"https://assets.tcgdex.net/univ/bw/bw8/symbol"},"variants":{"firstEdition":false,"holo":true,"normal":true,"reverse":true,"wPromo":false},"dexId":[176],"hp":80,"types":["Colorless"],"stage":"Stage 1","attacks":[{"cost":["Colorless"],"damage":30}],"weaknesses":[{"type":"Lightning","value":"×2"}],"resistances":[{"type":"Fighting","value":"-20"}],"retreat":1,"legal":{"standard":false,"expanded":true}},{"category":"Pokemon","id":"bw8-104","illustrator":"Shin Nagasawa","localId":"104","name":"Togekiss","rarity":"Rare","set":{"cardCount":{"official":135,"total":138},"id":"bw8","name":"Tempestade de Plasma","symbol":"https://assets.tcgdex.net/univ/bw/bw8/symbol"},"variants":{"firstEdition":false,"holo":true,"normal":true,"reverse":true,"wPromo":false},"dexId":[468],"hp":140,"types":["Colorless"],"stage":"Stage 2","abilities":[{"type":"Ability","name":"Véu Brilhante","effect":"Enquanto este Pokémon for seu Pokémon Ativo, sempre que seu oponente jogar um card de Item da própria mão, impedirá todos os efeitos desse card sobre seus Pokémon."}],"attacks":[{"cost":["Colorless"],"damage":30}],"weaknesses":[{"type":"Lightning","value":"×2"}],"resistances":[{"type":"Fighting","value":"-20"}],"retreat":1,"legal":{"standard":false,"expanded":true}},{"category":"Pokemon","id":"bw8-105","illustrator":"Midori Harada","localId":"105","name":"Whismur","rarity":"Common","set":{"cardCount":{"official":135,"total":138},"id":"bw8","name":"Tempestade de Plasma","symbol":"https://assets.tcgdex.net/univ/bw/bw8/symbol"},"variants":{"firstEdition":false,"holo":true,"normal":true,"reverse":true,"wPromo":false},"dexId":[293],"hp":70,"types":["Colorless"],"stage":"Basic","attacks":[{"cost":["Colorless"]},{"cost":["Colorless","Colorless","Colorless"],"damage":30}],"weaknesses":[{"type":"Fighting","value":"×2"}],"retreat":2,"legal":{"standard":false,"expanded":true}},{"category":"Pokemon","id":"bw8-106","illustrator":"Aya Kusube","localId":"106","name":"Loudred","rarity":"Uncommon","set":{"cardCount":{"official":135,"total":138},"id":"bw8","name":"Tempestade de Plasma","symbol":"https://assets.tcgdex.net/univ/bw/bw8/symbol"},"variants":{"firstEdition":false,"holo":true,"normal":true,"reverse":true,"wPromo":false},"dexId":[294],"hp":90,"types":["Colorless"],"stage":"Stage 1","attacks":[{"cost":["Colorless"]},{"cost":["Colorless","Colorless","Colorless"],"damage":50}],"weaknesses":[{"type":"Fighting","value":"×2"}],"retreat":3,"legal":{"standard":false,"expanded":true}},{"category":"Pokemon","id":"bw8-107","illustrator":"match","localId":"107","name":"Exploud","rarity":"Rare","set":{"cardCount":{"official":135,"total":138},"id":"bw8","name":"Tempestade de Plasma","symbol":"https://assets.tcgdex.net/univ/bw/bw8/symbol"},"variants":{"firstEdition":false,"holo":true,"normal":true,"reverse":true,"wPromo":false},"dexId":[295],"hp":140,"types":["Colorless"],"stage":"Stage 2","attacks":[{"cost":["Colorless","Colorless","Colorless"]},{"cost":["Colorless","Colorless","Colorless","Colorless"],"damage":50}],"weaknesses":[{"type":"Fighting","value":"×2"}],"retreat":4,"legal":{"standard":false,"expanded":true}},{"category":"Pokemon","id":"bw8-108","illustrator":"Toyste Beach","localId":"108","name":"Lugia-EX","rarity":"Rare","set":{"cardCount":{"official":135,"total":138},"id":"bw8","name":"Tempestade de Plasma","symbol":"https://assets.tcgdex.net/univ/bw/bw8/symbol"},"variants":{"firstEdition":false,"holo":true,"normal":true,"reverse":true,"wPromo":false},"dexId":[249],"hp":180,"types":["Colorless"],"suffix":"EX","abilities":[{"type":"Ability","name":"Transbordo","effect":"Se o Pokémon do seu oponente for Nocauteado por danos causados pelo ataque deste Pokémon, pegue mais 1 card de Prêmio."}],"attacks":[{"cost":["Colorless","Colorless","Colorless","Colorless"],"damage":120}],"weaknesses":[{"type":"Lightning","value":"×2"}],"resistances":[{"type":"Fighting","value":"-20"}],"retreat":2,"legal":{"standard":false,"expanded":true}},{"category":"Pokemon","id":"bw8-109","illustrator":"Masakazu Fukuda","localId":"109","name":"Skitty","rarity":"Common","set":{"cardCount":{"official":135,"total":138},"id":"bw8","name":"Tempestade de Plasma","symbol":"https://assets.tcgdex.net/univ/bw/bw8/symbol"},"variants":{"firstEdition":false,"holo":true,"normal":true,"reverse":true,"wPromo":false},"dexId":[300],"hp":50,"types":["Colorless"],"stage":"Basic","attacks":[{"cost":["Colorless","Colorless"],"damage":20}],"weaknesses":[{"type":"Fighting","value":"×2"}],"retreat":1,"legal":{"standard":false,"expanded":true}},{"category":"Pokemon","id":"bw8-110","illustrator":"Kouki Saitou","localId":"110","name":"Patrat","rarity":"Common","set":{"cardCount":{"official":135,"total":138},"id":"bw8","name":"Tempestade de Plasma","symbol":"https://assets.tcgdex.net/univ/bw/bw8/symbol"},"variants":{"firstEdition":false,"holo":true,"normal":true,"reverse":true,"wPromo":false},"dexId":[504],"hp":50,"types":["Colorless"],"stage":"Basic","attacks":[{"cost":["Colorless"],"damage":20}],"weaknesses":[{"type":"Fighting","value":"×2"}],"retreat":1,"legal":{"standard":false,"expanded":true}},{"category":"Pokemon","id":"bw8-111","illustrator":"Naoki Saito","localId":"111","name":"Patrat","rarity":"Common","set":{"cardCount":{"official":135,"total":138},"id":"bw8","name":"Tempestade de Plasma","symbol":"https://assets.tcgdex.net/univ/bw/bw8/symbol"},"variants":{"firstEdition":false,"holo":true,"normal":true,"reverse":true,"wPromo":false},"dexId":[504],"hp":50,"types":["Colorless"],"stage":"Basic","attacks":[{"cost":["Colorless"]},{"cost":["Colorless","Colorless"],"damage":20}],"weaknesses":[{"type":"Fighting","value":"×2"}],"retreat":1,"legal":{"standard":false,"expanded":true}},{"category":"Pokemon","id":"bw8-112","illustrator":"5ban Graphics","localId":"112","name":"Watchog","rarity":"Uncommon","set":{"cardCount":{"official":135,"total":138},"id":"bw8","name":"Tempestade de Plasma","symbol":"https://assets.tcgdex.net/univ/bw/bw8/symbol"},"variants":{"firstEdition":false,"holo":true,"normal":true,"reverse":true,"wPromo":false},"dexId":[505],"hp":90,"types":["Colorless"],"stage":"Stage 1","attacks":[{"cost":["Colorless"]},{"cost":["Colorless","Colorless"],"damage":30}],"weaknesses":[{"type":"Fighting","value":"×2"}],"retreat":1,"legal":{"standard":false,"expanded":true}},{"category":"Pokemon","id":"bw8-113","illustrator":"5ban Graphics","localId":"113","name":"Watchog","rarity":"Rare","set":{"cardCount":{"official":135,"total":138},"id":"bw8","name":"Tempestade de Plasma","symbol":"https://assets.tcgdex.net/univ/bw/bw8/symbol"},"variants":{"firstEdition":false,"holo":true,"normal":true,"reverse":true,"wPromo":false},"dexId":[505],"hp":90,"types":["Colorless"],"stage":"Stage 1","attacks":[{"cost":["Colorless","Colorless"],"damage":20},{"cost":["Colorless","Colorless","Colorless"],"damage":60}],"weaknesses":[{"type":"Fighting","value":"×2"}],"retreat":1,"legal":{"standard":false,"expanded":true}},{"category":"Pokemon","id":"bw8-114","illustrator":"5ban Graphics","localId":"114","name":"Bouffalant","rarity":"Rare","set":{"cardCount":{"official":135,"total":138},"id":"bw8","name":"Tempestade de Plasma","symbol":"https://assets.tcgdex.net/univ/bw/bw8/symbol"},"variants":{"firstEdition":false,"holo":true,"normal":true,"reverse":true,"wPromo":false},"dexId":[626],"hp":100,"types":["Colorless"],"stage":"Basic","attacks":[{"cost":["Colorless"]},{"cost":["Colorless","Colorless","Colorless","Colorless"],"damage":70}],"weaknesses":[{"type":"Fighting","value":"×2"}],"retreat":2,"legal":{"standard":false,"expanded":true}},{"category":"Pokemon","id":"bw8-115","illustrator":"kawayoo","localId":"115","name":"Rufflet","rarity":"Common","set":{"cardCount":{"official":135,"total":138},"id":"bw8","name":"Tempestade de Plasma","symbol":"https://assets.tcgdex.net/univ/bw/bw8/symbol"},"variants":{"firstEdition":false,"holo":true,"normal":true,"reverse":true,"wPromo":false},"dexId":[627],"hp":50,"types":["Colorless"],"stage":"Basic","attacks":[{"cost":["Colorless","Colorless"],"damage":10}],"weaknesses":[{"type":"Lightning","value":"×2"}],"resistances":[{"type":"Fighting","value":"-20"}],"retreat":1,"legal":{"standard":false,"expanded":true}},{"category":"Pokemon","id":"bw8-116","illustrator":"Akira Komayama","localId":"116","name":"Braviary","rarity":"Rare","set":{"cardCount":{"official":135,"total":138},"id":"bw8","name":"Tempestade de Plasma","symbol":"https://assets.tcgdex.net/univ/bw/bw8/symbol"},"variants":{"firstEdition":false,"holo":true,"normal":true,"reverse":true,"wPromo":false},"dexId":[628],"hp":100,"types":["Colorless"],"stage":"Stage 1","abilities":[{"type":"Ability","name":"Asa Grande","effect":"Uma vez em sua vez de jogar (antes de atacar), se esse Pokémon for seu Pokémon Ativo, você poderá fazer com que seu oponente troque seu Pokémon Ativo por 1 dos Pokémon no Banco dele ou dela."}],"attacks":[{"cost":["Colorless","Colorless","Colorless"],"damage":60}],"weaknesses":[{"type":"Lightning","value":"×2"}],"resistances":[{"type":"Fighting","value":"-20"}],"retreat":2,"legal":{"standard":false,"expanded":true}},{"category":"Trainer","id":"bw8-117","illustrator":"Toyste Beach","localId":"117","name":"Bicicleta","rarity":"Uncommon","set":{"cardCount":{"official":135,"total":138},"id":"bw8","name":"Tempestade de Plasma","symbol":"https://assets.tcgdex.net/univ/bw/bw8/symbol"},"variants":{"firstEdition":false,"holo":true,"normal":true,"reverse":true,"wPromo":false},"effect":"Compre cards até ter 4 cards em sua mão.","trainerType":"Item","legal":{"standard":false,"expanded":true}},{"category":"Trainer","id":"bw8-118","illustrator":"Yusuke Ohmura","localId":"118","name":"Colress","rarity":"Uncommon","set":{"cardCount":{"official":135,"total":138},"id":"bw8","name":"Tempestade de Plasma","symbol":"https://assets.tcgdex.net/univ/bw/bw8/symbol"},"variants":{"firstEdition":false,"holo":true,"normal":true,"reverse":true,"wPromo":false},"effect":"Embaralhe sua mão no seu baralho. Em seguida, compre um número de cards igual ao número de Pokémon no Banco (tanto seus quanto do seu oponente).","trainerType":"Supporter","legal":{"standard":false,"expanded":true}},{"category":"Trainer","id":"bw8-119","illustrator":"Ryo Ueda","localId":"119","name":"Máquina Colress","rarity":"Uncommon","set":{"cardCount":{"official":135,"total":138},"id":"bw8","name":"Tempestade de Plasma","symbol":"https://assets.tcgdex.net/univ/bw/bw8/symbol"},"variants":{"firstEdition":false,"holo":true,"normal":true,"reverse":true,"wPromo":false},"effect":"Procure em seu baralho um card de Energia de Plasma e ligue-o a 1 dos seus Pokémon da Equipe Plasma. Em seguida, embaralhe seus cards.","trainerType":"Item","legal":{"standard":false,"expanded":true}},{"category":"Trainer","id":"bw8-120","illustrator":"Ryo Ueda","localId":"120","name":"Corda de Fuga","rarity":"Uncommon","set":{"cardCount":{"official":135,"total":138},"id":"bw8","name":"Tempestade de Plasma","symbol":"https://assets.tcgdex.net/univ/bw/bw8/symbol"},"variants":{"firstEdition":false,"holo":true,"normal":true,"reverse":true,"wPromo":false},"effect":"Cada jogador troca seu Pokémon Ativo por 1 dos Pokémon no Banco dele ou dela. (Seu oponente troca primeiro. Se um jogador não tiver um Pokémon no Banco, ele não trocará os Pokémon.)","trainerType":"Item","legal":{"standard":false,"expanded":true}},{"category":"Trainer","id":"bw8-121","illustrator":"Toyste Beach","localId":"121","name":"Éter","rarity":"Uncommon","set":{"cardCount":{"official":135,"total":138},"id":"bw8","name":"Tempestade de Plasma","symbol":"https://assets.tcgdex.net/univ/bw/bw8/symbol"},"variants":{"firstEdition":false,"holo":true,"normal":true,"reverse":true,"wPromo":false},"effect":"Revele o card de cima do seu baralho. Se esse card for um card de Energia básica, ligue-o a 1 dos seus Pokémon. Caso contrário, coloque-o de volta em cima do seu baralho.","trainerType":"Item","legal":{"standard":false,"expanded":true}},{"category":"Trainer","id":"bw8-122","illustrator":"5ban Graphics","localId":"122","name":"Eviolite","rarity":"Uncommon","set":{"cardCount":{"official":135,"total":138},"id":"bw8","name":"Tempestade de Plasma","symbol":"https://assets.tcgdex.net/univ/bw/bw8/symbol"},"variants":{"firstEdition":false,"holo":true,"normal":true,"reverse":true,"wPromo":false},"effect":"Se este card estiver ligado a um Pokémon Básico, qualquer dano causado a este Pokémon por ataques será reduzido em 20 (após a aplicação de Fraqueza e Resistência).","trainerType":"Tool","legal":{"standard":false,"expanded":true}},{"category":"Trainer","id":"bw8-123","illustrator":"5ban Graphics","localId":"123","name":"Laser Hipnotóxico","rarity":"Uncommon","set":{"cardCount":{"official":135,"total":138},"id":"bw8","name":"Tempestade de Plasma","symbol":"https://assets.tcgdex.net/univ/bw/bw8/symbol"},"variants":{"firstEdition":false,"holo":true,"normal":true,"reverse":true,"wPromo":false},"effect":"O Pokémon Ativo do seu oponente agora está Envenenado. Jogue uma moeda. Se sair cara, o Pokémon Ativo do seu oponente também ficará Adormecido.","trainerType":"Item","legal":{"standard":false,"expanded":true}},{"category":"Trainer","id":"bw8-124","illustrator":"5ban Graphics","localId":"124","name":"Fragata de Plasma","rarity":"Uncommon","set":{"cardCount":{"official":135,"total":138},"id":"bw8","name":"Tempestade de Plasma","symbol":"https://assets.tcgdex.net/univ/bw/bw8/symbol"},"variants":{"firstEdition":false,"holo":true,"normal":true,"reverse":true,"wPromo":false},"effect":"Qualquer Pokémon que possuir alguma Energia de Plasma ligada a ele (seu e do seu oponente) não terá Fraquezas.","trainerType":"Stadium","legal":{"standard":false,"expanded":true}},{"category":"Trainer","id":"bw8-125","illustrator":"Yusuke Ohmura","localId":"125","name":"Grunhido da Equipe Plasma","rarity":"Uncommon","set":{"cardCount":{"official":135,"total":138},"id":"bw8","name":"Tempestade de Plasma","symbol":"https://assets.tcgdex.net/univ/bw/bw8/symbol"},"variants":{"firstEdition":false,"holo":true,"normal":true,"reverse":true,"wPromo":false},"effect":"Descarte um card de Equipe Plasma da sua mão. (Se você não puder descartar um card de Equipe Plasma, não poderá jogar esse card.) Compre 4 cards.","trainerType":"Supporter","legal":{"standard":false,"expanded":true}},{"category":"Trainer","id":"bw8-126","illustrator":"Ryo Ueda","localId":"126","name":"Ginásio da Cidade de Virbank","rarity":"Uncommon","set":{"cardCount":{"official":135,"total":138},"id":"bw8","name":"Tempestade de Plasma","symbol":"https://assets.tcgdex.net/univ/bw/bw8/symbol"},"variants":{"firstEdition":false,"holo":true,"normal":true,"reverse":true,"wPromo":false},"effect":"Coloque 2 marcadores de danos adicionais nos Pokémon Envenenados (tanto seus quanto do seu oponente) entre as vezes de jogar.","trainerType":"Stadium","legal":{"standard":false,"expanded":true}},{"category":"Energy","id":"bw8-127","illustrator":"5ban Graphics","localId":"127","name":"Energia de Plasma","rarity":"Uncommon","set":{"cardCount":{"official":135,"total":138},"id":"bw8","name":"Tempestade de Plasma","symbol":"https://assets.tcgdex.net/univ/bw/bw8/symbol"},"variants":{"firstEdition":false,"holo":true,"normal":true,"reverse":true,"wPromo":false},"effect":"Este card fornece Energia Colorless.","energyType":"Special","legal":{"standard":false,"expanded":true}},{"category":"Trainer","id":"bw8-128","illustrator":"Ryo Ueda","localId":"128","name":"Máquina de Prospecção","rarity":"Rare","set":{"cardCount":{"official":135,"total":138},"id":"bw8","name":"Tempestade de Plasma","symbol":"https://assets.tcgdex.net/univ/bw/bw8/symbol"},"variants":{"firstEdition":false,"holo":true,"normal":true,"reverse":true,"wPromo":false},"effect":"Descarte 2 cards da sua mão. (Se você não puder descartar 2 cards, não poderá jogar esse card.) Coloque um card de Treinador da sua pilha de descarte em sua mão.","trainerType":"Item","legal":{"standard":false,"expanded":true}},{"category":"Trainer","id":"bw8-129","illustrator":"5ban Graphics","localId":"129","name":"Chave de Embaralhamento","rarity":"Rare","set":{"cardCount":{"official":135,"total":138},"id":"bw8","name":"Tempestade de Plasma","symbol":"https://assets.tcgdex.net/univ/bw/bw8/symbol"},"variants":{"firstEdition":false,"holo":true,"normal":true,"reverse":true,"wPromo":false},"effect":"Troque seu Pokémon Ativo por 1 dos Pokémon no seu Banco. Em seguida, você poderá mover tantas Energias ligadas ao antigo Pokémon Ativo para o novo Pokémon Ativo quanto desejar.","trainerType":"Item","legal":{"standard":false,"expanded":true}},{"category":"Trainer","id":"bw8-130","illustrator":"5ban Graphics","localId":"130","name":"Peça da Vitória","rarity":"Rare","set":{"cardCount":{"official":135,"total":138},"id":"bw8","name":"Tempestade de Plasma","symbol":"https://assets.tcgdex.net/univ/bw/bw8/symbol"},"variants":{"firstEdition":false,"holo":true,"normal":true,"reverse":true,"wPromo":false},"effect":"Se este card estiver ligado a Victini-EX, Victini-EX poderá usar seus ataques independentemente da quantidade ou do tipo de Energia ligada a ele.","trainerType":"Tool","legal":{"standard":false,"expanded":true}},{"category":"Pokemon","id":"bw8-131","illustrator":"Ryo Ueda","localId":"131","name":"Victini-EX","rarity":"Ultra Rare","set":{"cardCount":{"official":135,"total":138},"id":"bw8","name":"Tempestade de Plasma","symbol":"https://assets.tcgdex.net/univ/bw/bw8/symbol"},"variants":{"firstEdition":false,"holo":true,"normal":true,"reverse":true,"wPromo":false},"dexId":[494],"hp":110,"types":["Fire"],"suffix":"EX","attacks":[{"cost":["Fire"]},{"cost":["Fire","Colorless","Colorless"],"damage":50}],"weaknesses":[{"type":"Water","value":"×2"}],"retreat":1,"legal":{"standard":false,"expanded":true}},{"category":"Pokemon","id":"bw8-132","illustrator":"Toyste Beach","localId":"132","name":"Articuno-EX","rarity":"Ultra Rare","set":{"cardCount":{"official":135,"total":138},"id":"bw8","name":"Tempestade de Plasma","symbol":"https://assets.tcgdex.net/univ/bw/bw8/symbol"},"variants":{"firstEdition":false,"holo":true,"normal":true,"reverse":true,"wPromo":false},"dexId":[144],"hp":170,"types":["Water"],"suffix":"EX","attacks":[{"cost":["Water","Colorless","Colorless"],"damage":60},{"cost":["Water","Water","Colorless","Colorless"],"damage":80}],"weaknesses":[{"type":"Metal","value":"×2"}],"resistances":[{"type":"Fighting","value":"-20"}],"retreat":1,"legal":{"standard":false,"expanded":true}},{"category":"Pokemon","id":"bw8-133","illustrator":"Ryo Ueda","localId":"133","name":"Cobalion-EX","rarity":"Ultra Rare","set":{"cardCount":{"official":135,"total":138},"id":"bw8","name":"Tempestade de Plasma","symbol":"https://assets.tcgdex.net/univ/bw/bw8/symbol"},"variants":{"firstEdition":false,"holo":true,"normal":true,"reverse":true,"wPromo":false},"dexId":[638],"hp":180,"types":["Metal"],"suffix":"EX","attacks":[{"cost":["Metal"],"damage":30},{"cost":["Metal","Metal","Colorless"],"damage":100}],"weaknesses":[{"type":"Fire","value":"×2"}],"resistances":[{"type":"Psychic","value":"-20"}],"retreat":2,"legal":{"standard":false,"expanded":true}},{"category":"Pokemon","id":"bw8-134","illustrator":"Toyste Beach","localId":"134","name":"Lugia-EX","rarity":"Ultra Rare","set":{"cardCount":{"official":135,"total":138},"id":"bw8","name":"Tempestade de Plasma","symbol":"https://assets.tcgdex.net/univ/bw/bw8/symbol"},"variants":{"firstEdition":false,"holo":true,"normal":true,"reverse":true,"wPromo":false},"dexId":[249],"hp":180,"types":["Colorless"],"suffix":"EX","abilities":[{"type":"Ability","name":"Transbordo","effect":"Se o Pokémon do seu oponente for Nocauteado por danos causados pelo ataque deste Pokémon, pegue mais 1 card de Prêmio."}],"attacks":[{"cost":["Colorless","Colorless","Colorless","Colorless"],"damage":120}],"weaknesses":[{"type":"Lightning","value":"×2"}],"resistances":[{"type":"Fighting","value":"-20"}],"retreat":2,"legal":{"standard":false,"expanded":true}},{"category":"Trainer","id":"bw8-135","illustrator":"Kanako Eo","localId":"135","name":"Colress","rarity":"Ultra Rare","set":{"cardCount":{"official":135,"total":138},"id":"bw8","name":"Tempestade de Plasma","symbol":"https://assets.tcgdex.net/univ/bw/bw8/symbol"},"variants":{"firstEdition":false,"holo":true,"normal":true,"reverse":true,"wPromo":false},"effect":"Embaralhe sua mão no seu baralho. Em seguida, compre um número de cards igual ao número de Pokémon no Banco (tanto seus quanto do seu oponente).","trainerType":"Supporter","legal":{"standard":false,"expanded":true}},{"category":"Pokemon","id":"bw8-136","illustrator":"Ayaka Yoshida","localId":"136","name":"Charizard","rarity":"Secret Rare","set":{"cardCount":{"official":135,"total":138},"id":"bw8","name":"Tempestade de Plasma","symbol":"https://assets.tcgdex.net/univ/bw/bw8/symbol"},"variants":{"firstEdition":false,"holo":true,"normal":true,"reverse":true,"wPromo":false},"dexId":[6],"hp":160,"types":["Fire"],"stage":"Stage 2","attacks":[{"cost":["Fire","Colorless","Colorless"]},{"cost":["Fire","Colorless","Colorless","Colorless","Colorless"],"damage":150}],"weaknesses":[{"type":"Water","value":"×2"}],"retreat":3,"legal":{"standard":false,"expanded":true}},{"category":"Pokemon","id":"bw8-137","illustrator":"Ayaka Yoshida","localId":"137","name":"Blastoise","rarity":"Secret Rare","set":{"cardCount":{"official":135,"total":138},"id":"bw8","name":"Tempestade de Plasma","symbol":"https://assets.tcgdex.net/univ/bw/bw8/symbol"},"variants":{"firstEdition":false,"holo":true,"normal":true,"reverse":true,"wPromo":false},"dexId":[9],"hp":140,"types":["Water"],"stage":"Stage 2","abilities":[{"type":"Ability","name":"Inundar","effect":"Tantas vezes quanto desejar em sua vez de jogar (antes de atacar), você poderá ligar um card de Energia Water da sua mão a 1 dos seus Pokémon."}],"attacks":[{"cost":["Colorless","Colorless","Colorless","Colorless"],"damage":60}],"weaknesses":[{"type":"Grass","value":"×2"}],"retreat":4,"legal":{"standard":false,"expanded":true}},{"category":"Trainer","id":"bw8-138","illustrator":"5ban Graphics","localId":"138","name":"Receptor Aleatório","rarity":"Secret Rare","set":{"cardCount":{"official":135,"total":138},"id":"bw8","name":"Tempestade de Plasma","symbol":"https://assets.tcgdex.net/univ/bw/bw8/symbol"},"variants":{"firstEdition":false,"holo":true,"normal":true,"reverse":true,"wPromo":false},"effect":"Revele cards do topo do seu baralho até revelar um card de Apoiador. Coloque-o em sua mão. Embaralhe os demais cards de volta.","trainerType":"Item","legal":{"standard":false,"expanded":true}}]