[{"category":"Pokémon","id":"bw10-1","illustrator":"Naoyo Kimura","localId":"1","name":"Surskit","rarity":"Comune","set":{"cardCount":{"official":101,"total":105},"id":"bw10","symbol":"https://assets.tcgdex.net/univ/bw/bw10/symbol"},"variants":{"firstEdition":false,"holo":true,"normal":true,"reverse":true,"wPromo":false},"dexId":[283],"hp":50,"types":["Erba"],"stage":"Base","attacks":[{"cost":["Erba"]}],"weaknesses":[{"type":"Fuoco","value":"×2"}],"retreat":1,"legal":{"standard":false,"expanded":true}},{"category":"Pokémon","id":"bw10-2","illustrator":"5ban Graphics","localId":"2","name":"Masquerain","rarity":"Rara","set":{"cardCount":{"official":101,"total":105},"id":"bw10","symbol":"https://assets.tcgdex.net/univ/bw/bw10/symbol"},"variants":{"firstEdition":false,"holo":true,"normal":true,"reverse":true,"wPromo":false},"dexId":[284],"hp":80,"types":["Erba"],"stage":"Livello 1","abilities":[{"type":"Ability","name":"Invertioggetto","effect":"Durante il tuo turno, prima di attaccare, puoi aggiungere a piacimento alle carte che hai in mano una carta Oggetto Pokémon assegnata a uno dei tuoi Pokémon."}],"attacks":[{"cost":["Incolore","Incolore","Incolore"],"damage":60}],"weaknesses":[{"type":"Fuoco","value":"×2"}],"retreat":1,"legal":{"standard":false,"expanded":true}},{"category":"Pokémon","id":"bw10-3","illustrator":"Suwama Chiaki","localId":"3","name":"Lileep","rarity":"Non comune","set":{"cardCount":{"official":101,"total":105},"id":"bw10","symbol":"https://assets.tcgdex.net/univ/bw/bw10/symbol"},"variants":{"firstEdition":false,"holo":true,"normal":true,"reverse":true,"wPromo":false},"dexId":[345],"hp":80,"types":["Erba"],"stage":"Ricreato","abilities":[{"type":"Ability","name":"Chiamata Preistorica","effect":"Una sola volta durante il tuo turno, prima di attaccare, se questo Pokémon è nella tua pila degli scarti, puoi metterlo in fondo al tuo mazzo."}],"attacks":[{"cost":["Erba","Incolore"],"damage":20}],"weaknesses":[{"type":"Fuoco","value":"×2"}],"resistances":[{"type":"Acqua","value":"-20"}],"retreat":2,"legal":{"standard":false,"expanded":true}},{"category":"Pokémon","id":"bw10-4","illustrator":"kawayoo","localId":"4","name":"Cradily","rarity":"Rara","set":{"cardCount":{"official":101,"total":105},"id":"bw10","symbol":"https://assets.tcgdex.net/univ/bw/bw10/symbol"},"variants":{"firstEdition":false,"holo":true,"normal":true,"reverse":true,"wPromo":false},"dexId":[346],"hp":120,"types":["Erba"],"stage":"Livello 1","attacks":[{"cost":["Erba"]},{"cost":["Erba","Incolore","Incolore"],"damage":60}],"weaknesses":[{"type":"Fuoco","value":"×2"}],"resistances":[{"type":"Acqua","value":"-20"}],"retreat":2,"legal":{"standard":false,"expanded":true}},{"category":"Pokémon","id":"bw10-5","illustrator":"Shigenori Negishi","localId":"5","name":"Tropius","rarity":"Non comune","set":{"cardCount":{"official":101,"total":105},"id":"bw10","symbol":"https://assets.tcgdex.net/univ/bw/bw10/symbol"},"variants":{"firstEdition":false,"holo":true,"normal":true,"reverse":true,"wPromo":false},"dexId":[357],"hp":100,"types":["Erba"],"stage":"Base","attacks":[{"cost":["Erba"],"damage":10},{"cost":["Erba","Incolore"],"damage":20}],"weaknesses":[{"type":"Lampo","value":"×2"}],"resistances":[{"type":"Lotta","value":"-20"}],"retreat":1,"legal":{"standard":false,"expanded":true}},{"category":"Pokémon","id":"bw10-6","illustrator":"match","localId":"6","name":"Karrablast","rarity":"Comune","set":{"cardCount":{"official":101,"total":105},"id":"bw10","symbol":"https://assets.tcgdex.net/univ/bw/bw10/symbol"},"variants":{"firstEdition":false,"holo":true,"normal":true,"reverse":true,"wPromo":false},"dexId":[588],"hp":60,"types":["Erba"],"stage":"Base","attacks":[{"cost":["Incolore","Incolore"],"damage":20}],"weaknesses":[{"type":"Fuoco","value":"×2"}],"retreat":1,"legal":{"standard":false,"expanded":true}},{"category":"Pokémon","id":"bw10-7","illustrator":"Sumiyoshi Kizuki","localId":"7","name":"Shelmet","rarity":"Comune","set":{"cardCount":{"official":101,"total":105},"id":"bw10","symbol":"https://assets.tcgdex.net/univ/bw/bw10/symbol"},"variants":{"firstEdition":false,"holo":true,"normal":true,"reverse":true,"wPromo":false},"dexId":[616],"hp":60,"types":["Erba"],"stage":"Base","attacks":[{"cost":["Incolore"]},{"cost":["Erba","Incolore"],"damage":20}],"weaknesses":[{"type":"Fuoco","value":"×2"}],"retreat":3,"legal":{"standard":false,"expanded":true}},{"category":"Pokémon","id":"bw10-8","illustrator":"5ban Graphics","localId":"8","name":"Accelgor","rarity":"Rara","set":{"cardCount":{"official":101,"total":105},"id":"bw10","symbol":"https://assets.tcgdex.net/univ/bw/bw10/symbol"},"variants":{"firstEdition":false,"holo":true,"normal":true,"reverse":true,"wPromo":false},"dexId":[617],"hp":80,"types":["Erba"],"stage":"Livello 1","attacks":[{"cost":["Incolore"],"damage":20},{"cost":["Erba","Incolore"],"damage":30}],"weaknesses":[{"type":"Fuoco","value":"×2"}],"retreat":0,"legal":{"standard":false,"expanded":true}},{"category":"Pokémon","id":"bw10-9","illustrator":"Ryo Ueda","localId":"9","name":"Virizion-EX","rarity":"Rara","set":{"cardCount":{"official":101,"total":105},"id":"bw10","symbol":"https://assets.tcgdex.net/univ/bw/bw10/symbol"},"variants":{"firstEdition":false,"holo":true,"normal":true,"reverse":true,"wPromo":false},"dexId":[640],"hp":170,"types":["Erba"],"suffix":"EX","abilities":[{"type":"Ability","name":"Vento Rigoglioso","effect":"Nessuno dei tuoi Pokémon che ha delle Energie Grass assegnate può essere influenzato da condizioni speciali (rimuovi tutte le condizioni speciali che influenzano tali Pokémon)."}],"attacks":[{"cost":["Erba","Incolore"],"damage":50}],"weaknesses":[{"type":"Fuoco","value":"×2"}],"resistances":[{"type":"Acqua","value":"-20"}],"retreat":1,"legal":{"standard":false,"expanded":true}},{"category":"Pokémon","id":"bw10-10","illustrator":"Masakazu Fukuda","localId":"10","name":"Genesect","rarity":"Rara","set":{"cardCount":{"official":101,"total":105},"id":"bw10","symbol":"https://assets.tcgdex.net/univ/bw/bw10/symbol"},"variants":{"firstEdition":false,"holo":true,"normal":true,"reverse":true,"wPromo":false},"dexId":[649],"hp":100,"types":["Erba"],"stage":"Base","attacks":[{"cost":["Incolore"]},{"cost":["Erba","Erba","Incolore"],"damage":80}],"weaknesses":[{"type":"Fuoco","value":"×2"}],"retreat":1,"legal":{"standard":false,"expanded":true}},{"category":"Pokémon","id":"bw10-11","illustrator":"Eske Yoshinob","localId":"11","name":"Genesect-EX","rarity":"Rara","set":{"cardCount":{"official":101,"total":105},"id":"bw10","symbol":"https://assets.tcgdex.net/univ/bw/bw10/symbol"},"variants":{"firstEdition":false,"holo":true,"normal":true,"reverse":true,"wPromo":false},"dexId":[649],"hp":170,"types":["Erba"],"suffix":"EX","abilities":[{"type":"Ability","name":"Allarmerosso","effect":"Quando assegni un’Energia Plasma dalla tua mano a questo Pokémon, puoi scambiare uno dei Pokémon nella panchina del tuo avversario con il suo Pokémon attivo."}],"attacks":[{"cost":["Erba","Erba","Incolore"],"damage":100}],"weaknesses":[{"type":"Fuoco","value":"×2"}],"retreat":1,"legal":{"standard":false,"expanded":true}},{"category":"Pokémon","id":"bw10-12","illustrator":"Masakazu Fukuda","localId":"12","name":"Larvesta","rarity":"Comune","set":{"cardCount":{"official":101,"total":105},"id":"bw10","symbol":"https://assets.tcgdex.net/univ/bw/bw10/symbol"},"variants":{"firstEdition":false,"holo":true,"normal":true,"reverse":true,"wPromo":false},"dexId":[636],"hp":70,"types":["Fuoco"],"stage":"Base","attacks":[{"cost":["Fuoco"],"damage":10},{"cost":["Fuoco","Incolore"],"damage":30}],"weaknesses":[{"type":"Acqua","value":"×2"}],"retreat":3,"legal":{"standard":false,"expanded":true}},{"category":"Pokémon","id":"bw10-13","illustrator":"5ban Graphics","localId":"13","name":"Volcarona","rarity":"Rara","set":{"cardCount":{"official":101,"total":105},"id":"bw10","symbol":"https://assets.tcgdex.net/univ/bw/bw10/symbol"},"variants":{"firstEdition":false,"holo":true,"normal":true,"reverse":true,"wPromo":false},"dexId":[637],"hp":100,"types":["Fuoco"],"stage":"Livello 1","attacks":[{"cost":["Incolore"]},{"cost":["Fuoco","Fuoco","Incolore"],"damage":50}],"weaknesses":[{"type":"Acqua","value":"×2"}],"retreat":1,"legal":{"standard":false,"expanded":true}},{"category":"Pokémon","id":"bw10-14","illustrator":"Akira Komayama","localId":"14","name":"Squirtle","rarity":"Comune","set":{"cardCount":{"official":101,"total":105},"id":"bw10","symbol":"https://assets.tcgdex.net/univ/bw/bw10/symbol"},"variants":{"firstEdition":false,"holo":true,"normal":true,"reverse":true,"wPromo":false},"dexId":[7],"hp":50,"types":["Acqua"],"stage":"Base","attacks":[{"cost":["Acqua"]},{"cost":["Acqua","Incolore"],"damage":20}],"weaknesses":[{"type":"Erba","value":"×2"}],"retreat":1,"legal":{"standard":false,"expanded":true}},{"category":"Pokémon","id":"bw10-15","illustrator":"Akira Komayama","localId":"15","name":"Wartortle","rarity":"Non comune","set":{"cardCount":{"official":101,"total":105},"id":"bw10","symbol":"https://assets.tcgdex.net/univ/bw/bw10/symbol"},"variants":{"firstEdition":false,"holo":true,"normal":true,"reverse":true,"wPromo":false},"dexId":[8],"hp":80,"types":["Acqua"],"stage":"Livello 1","attacks":[{"cost":["Acqua"]},{"cost":["Acqua","Incolore","Incolore"],"damage":30}],"weaknesses":[{"type":"Erba","value":"×2"}],"retreat":2,"legal":{"standard":false,"expanded":true}},{"category":"Pokémon","id":"bw10-16","illustrator":"Satoshi Shirai","localId":"16","name":"Blastoise","rarity":"Rara","set":{"cardCount":{"official":101,"total":105},"id":"bw10","symbol":"https://assets.tcgdex.net/univ/bw/bw10/symbol"},"variants":{"firstEdition":false,"holo":true,"normal":true,"reverse":true,"wPromo":false},"dexId":[9],"hp":140,"types":["Acqua"],"stage":"Livello 2","abilities":[{"type":"Ability","name":"Diluvio","effect":"Durante il tuo turno, prima di attaccare, puoi assegnare a piacimento le carte Energia Water che hai in mano ai tuoi Pokémon."}],"attacks":[{"cost":["Incolore","Incolore","Incolore","Incolore"],"damage":60}],"weaknesses":[{"type":"Erba","value":"×2"}],"retreat":4,"legal":{"standard":false,"expanded":true}},{"category":"Pokémon","id":"bw10-17","illustrator":"Kouki Saitou","localId":"17","name":"Lapras","rarity":"Comune","set":{"cardCount":{"official":101,"total":105},"id":"bw10","symbol":"https://assets.tcgdex.net/univ/bw/bw10/symbol"},"variants":{"firstEdition":false,"holo":true,"normal":true,"reverse":true,"wPromo":false},"dexId":[131],"hp":100,"types":["Acqua"],"stage":"Base","attacks":[{"cost":["Acqua","Incolore"]},{"cost":["Acqua","Incolore","Incolore","Incolore"],"damage":70}],"weaknesses":[{"type":"Metallo","value":"×2"}],"retreat":2,"legal":{"standard":false,"expanded":true}},{"category":"Pokémon","id":"bw10-18","illustrator":"Masakazu Fukuda","localId":"18","name":"Remoraid","rarity":"Comune","set":{"cardCount":{"official":101,"total":105},"id":"bw10","symbol":"https://assets.tcgdex.net/univ/bw/bw10/symbol"},"variants":{"firstEdition":false,"holo":true,"normal":true,"reverse":true,"wPromo":false},"dexId":[223],"hp":60,"types":["Acqua"],"stage":"Base","attacks":[{"cost":["Acqua","Acqua"],"damage":20}],"weaknesses":[{"type":"Lampo","value":"×2"}],"retreat":1,"legal":{"standard":false,"expanded":true}},{"category":"Pokémon","id":"bw10-19","illustrator":"5ban Graphics","localId":"19","name":"Octillery","rarity":"Non comune","set":{"cardCount":{"official":101,"total":105},"id":"bw10","symbol":"https://assets.tcgdex.net/univ/bw/bw10/symbol"},"variants":{"firstEdition":false,"holo":true,"normal":true,"reverse":true,"wPromo":false},"dexId":[224],"hp":90,"types":["Acqua"],"stage":"Livello 1","attacks":[{"cost":["Acqua"]},{"cost":["Acqua","Acqua"],"damage":40}],"weaknesses":[{"type":"Lampo","value":"×2"}],"retreat":1,"legal":{"standard":false,"expanded":true}},{"category":"Pokémon","id":"bw10-20","illustrator":"kawayoo","localId":"20","name":"Suicune","rarity":"Rara","set":{"cardCount":{"official":101,"total":105},"id":"bw10","symbol":"https://assets.tcgdex.net/univ/bw/bw10/symbol"},"variants":{"firstEdition":false,"holo":true,"normal":true,"reverse":true,"wPromo":false},"dexId":[245],"hp":100,"types":["Acqua"],"stage":"Base","abilities":[{"type":"Ability","name":"Salvaguardia","effect":"Previeni tutti gli effetti degli attacchi, inclusi i danni, inflitti a questo Pokémon da Pokémon-EX."}],"attacks":[{"cost":["Acqua","Incolore","Incolore"],"damage":70}],"weaknesses":[{"type":"Erba","value":"×2"}],"retreat":2,"legal":{"standard":false,"expanded":true}},{"category":"Pokémon","id":"bw10-21","illustrator":"Kyoko Umemoto","localId":"21","name":"Snorunt","rarity":"Comune","set":{"cardCount":{"official":101,"total":105},"id":"bw10","symbol":"https://assets.tcgdex.net/univ/bw/bw10/symbol"},"variants":{"firstEdition":false,"holo":true,"normal":true,"reverse":true,"wPromo":false},"dexId":[361],"hp":60,"types":["Acqua"],"stage":"Base","attacks":[{"cost":["Acqua"]},{"cost":["Acqua","Incolore"],"damage":20}],"weaknesses":[{"type":"Metallo","value":"×2"}],"retreat":2,"legal":{"standard":false,"expanded":true}},{"category":"Pokémon","id":"bw10-22","illustrator":"5ban Graphics","localId":"22","name":"Glalie","rarity":"Non comune","set":{"cardCount":{"official":101,"total":105},"id":"bw10","symbol":"https://assets.tcgdex.net/univ/bw/bw10/symbol"},"variants":{"firstEdition":false,"holo":true,"normal":true,"reverse":true,"wPromo":false},"dexId":[362],"hp":100,"types":["Acqua"],"stage":"Livello 1","attacks":[{"cost":["Acqua","Incolore"],"damage":30},{"cost":["Acqua","Incolore","Incolore"],"damage":60}],"weaknesses":[{"type":"Metallo","value":"×2"}],"retreat":2,"legal":{"standard":false,"expanded":true}},{"category":"Pokémon","id":"bw10-23","illustrator":"5ban Graphics","localId":"23","name":"Froslass","rarity":"Rara","set":{"cardCount":{"official":101,"total":105},"id":"bw10","symbol":"https://assets.tcgdex.net/univ/bw/bw10/symbol"},"variants":{"firstEdition":false,"holo":true,"normal":true,"reverse":true,"wPromo":false},"dexId":[478],"hp":90,"types":["Acqua"],"stage":"Livello 1","abilities":[{"type":"Ability","name":"Bagliore Maledetto","effect":"Fintanto che questo Pokémon è il tuo Pokémon attivo, il tuo avversario non può assegnare carte Energia speciale dalla sua mano ai suoi Pokémon."}],"attacks":[{"cost":["Acqua","Incolore"],"damage":30}],"weaknesses":[{"type":"Metallo","value":"×2"}],"retreat":1,"legal":{"standard":false,"expanded":true}},{"category":"Pokémon","id":"bw10-24","illustrator":"5ban Graphics","localId":"24","name":"Relicanth","rarity":"Non comune","set":{"cardCount":{"official":101,"total":105},"id":"bw10","symbol":"https://assets.tcgdex.net/univ/bw/bw10/symbol"},"variants":{"firstEdition":false,"holo":true,"normal":true,"reverse":true,"wPromo":false},"dexId":[369],"hp":90,"types":["Acqua"],"stage":"Base","attacks":[{"cost":["Incolore"]},{"cost":["Acqua","Incolore"],"damage":30}],"weaknesses":[{"type":"Erba","value":"×2"}],"retreat":1,"legal":{"standard":false,"expanded":true}},{"category":"Pokémon","id":"bw10-25","illustrator":"Shigenori Negishi","localId":"25","name":"Snover","rarity":"Comune","set":{"cardCount":{"official":101,"total":105},"id":"bw10","symbol":"https://assets.tcgdex.net/univ/bw/bw10/symbol"},"variants":{"firstEdition":false,"holo":true,"normal":true,"reverse":true,"wPromo":false},"dexId":[459],"hp":70,"types":["Acqua"],"stage":"Base","attacks":[{"cost":["Incolore","Incolore"],"damage":20},{"cost":["Erba","Erba","Incolore"],"damage":40}],"weaknesses":[{"type":"Metallo","value":"×2"}],"retreat":2,"legal":{"standard":false,"expanded":true}},{"category":"Pokémon","id":"bw10-26","illustrator":"kawayoo","localId":"26","name":"Abomasnow","rarity":"Non comune","set":{"cardCount":{"official":101,"total":105},"id":"bw10","symbol":"https://assets.tcgdex.net/univ/bw/bw10/symbol"},"variants":{"firstEdition":false,"holo":true,"normal":true,"reverse":true,"wPromo":false},"dexId":[460],"hp":120,"types":["Acqua"],"stage":"Livello 1","attacks":[{"cost":["Erba","Erba"],"damage":40},{"cost":["Erba","Erba","Incolore"],"damage":80}],"weaknesses":[{"type":"Metallo","value":"×2"}],"retreat":2,"legal":{"standard":false,"expanded":true}},{"category":"Pokémon","id":"bw10-27","illustrator":"Midori Harada","localId":"27","name":"Tirtouga","rarity":"Non comune","set":{"cardCount":{"official":101,"total":105},"id":"bw10","symbol":"https://assets.tcgdex.net/univ/bw/bw10/symbol"},"variants":{"firstEdition":false,"holo":true,"normal":true,"reverse":true,"wPromo":false},"dexId":[564],"hp":90,"types":["Acqua"],"stage":"Ricreato","abilities":[{"type":"Ability","name":"Chiamata Preistorica","effect":"Una sola volta durante il tuo turno, prima di attaccare, se questo Pokémon è nella tua pila degli scarti, puoi metterlo in fondo al tuo mazzo."}],"attacks":[{"cost":["Acqua","Incolore","Incolore"],"damage":30}],"weaknesses":[{"type":"Erba","value":"×2"}],"retreat":3,"legal":{"standard":false,"expanded":true}},{"category":"Pokémon","id":"bw10-28","illustrator":"Mitsuhiro Arita","localId":"28","name":"Carracosta","rarity":"Rara","set":{"cardCount":{"official":101,"total":105},"id":"bw10","symbol":"https://assets.tcgdex.net/univ/bw/bw10/symbol"},"variants":{"firstEdition":false,"holo":true,"normal":true,"reverse":true,"wPromo":false},"dexId":[565],"hp":140,"types":["Acqua"],"stage":"Livello 1","attacks":[{"cost":["Acqua","Incolore","Incolore"],"damage":50},{"cost":["Acqua","Acqua","Incolore","Incolore"],"damage":80}],"weaknesses":[{"type":"Erba","value":"×2"}],"retreat":4,"legal":{"standard":false,"expanded":true}},{"category":"Pokémon","id":"bw10-29","illustrator":"Naoki Saito","localId":"29","name":"Ducklett","rarity":"Comune","set":{"cardCount":{"official":101,"total":105},"id":"bw10","symbol":"https://assets.tcgdex.net/univ/bw/bw10/symbol"},"variants":{"firstEdition":false,"holo":true,"normal":true,"reverse":true,"wPromo":false},"dexId":[580],"hp":60,"types":["Acqua"],"stage":"Base","attacks":[{"cost":["Acqua","Incolore"]}],"weaknesses":[{"type":"Lampo","value":"×2"}],"resistances":[{"type":"Lotta","value":"-20"}],"retreat":1,"legal":{"standard":false,"expanded":true}},{"category":"Pokémon","id":"bw10-30","illustrator":"Eske Yoshinob","localId":"30","name":"Kyurem-EX","rarity":"Rara","set":{"cardCount":{"official":101,"total":105},"id":"bw10","symbol":"https://assets.tcgdex.net/univ/bw/bw10/symbol"},"variants":{"firstEdition":false,"holo":true,"normal":true,"reverse":true,"wPromo":false},"dexId":[646],"hp":180,"types":["Acqua"],"suffix":"EX","attacks":[{"cost":["Incolore","Incolore"],"damage":30},{"cost":["Acqua","Acqua","Incolore","Incolore"],"damage":150}],"weaknesses":[{"type":"Metallo","value":"×2"}],"retreat":3,"legal":{"standard":false,"expanded":true}},{"category":"Pokémon","id":"bw10-31","illustrator":"Shigenori Negishi","localId":"31","name":"Tynamo","rarity":"Comune","set":{"cardCount":{"official":101,"total":105},"id":"bw10","symbol":"https://assets.tcgdex.net/univ/bw/bw10/symbol"},"variants":{"firstEdition":false,"holo":true,"normal":true,"reverse":true,"wPromo":false},"dexId":[602],"hp":30,"types":["Lampo"],"stage":"Base","attacks":[{"cost":["Lampo"],"damage":20}],"weaknesses":[{"type":"Lotta","value":"×2"}],"retreat":1,"legal":{"standard":false,"expanded":true}},{"category":"Pokémon","id":"bw10-32","illustrator":"Suwama Chiaki","localId":"32","name":"Eelektrik","rarity":"Non comune","set":{"cardCount":{"official":101,"total":105},"id":"bw10","symbol":"https://assets.tcgdex.net/univ/bw/bw10/symbol"},"variants":{"firstEdition":false,"holo":true,"normal":true,"reverse":true,"wPromo":false},"dexId":[603],"hp":80,"types":["Lampo"],"stage":"Livello 1","attacks":[{"cost":["Lampo"],"damage":20},{"cost":["Incolore","Incolore"],"damage":30}],"weaknesses":[{"type":"Lotta","value":"×2"}],"retreat":1,"legal":{"standard":false,"expanded":true}},{"category":"Pokémon","id":"bw10-33","illustrator":"5ban Graphics","localId":"33","name":"Eelektross","rarity":"Rara","set":{"cardCount":{"official":101,"total":105},"id":"bw10","symbol":"https://assets.tcgdex.net/univ/bw/bw10/symbol"},"variants":{"firstEdition":false,"holo":true,"normal":true,"reverse":true,"wPromo":false},"dexId":[604],"hp":140,"types":["Lampo"],"stage":"Livello 2","attacks":[{"cost":["Lampo","Incolore"],"damage":30},{"cost":["Lampo","Incolore","Incolore","Incolore"],"damage":50}],"weaknesses":[{"type":"Lotta","value":"×2"}],"retreat":3,"legal":{"standard":false,"expanded":true}},{"category":"Pokémon","id":"bw10-34","illustrator":"Kyoko Umemoto","localId":"34","name":"Drifloon","rarity":"Comune","set":{"cardCount":{"official":101,"total":105},"id":"bw10","symbol":"https://assets.tcgdex.net/univ/bw/bw10/symbol"},"variants":{"firstEdition":false,"holo":true,"normal":true,"reverse":true,"wPromo":false},"dexId":[425],"hp":70,"types":["Psico"],"stage":"Base","attacks":[{"cost":["Psico"]},{"cost":["Incolore","Incolore","Incolore"]}],"weaknesses":[{"type":"Oscurità","value":"×2"}],"retreat":2,"legal":{"standard":false,"expanded":true}},{"category":"Pokémon","id":"bw10-35","illustrator":"Akira Komayama","localId":"35","name":"Drifblim","rarity":"Rara","set":{"cardCount":{"official":101,"total":105},"id":"bw10","symbol":"https://assets.tcgdex.net/univ/bw/bw10/symbol"},"variants":{"firstEdition":false,"holo":true,"normal":true,"reverse":true,"wPromo":false},"dexId":[426],"hp":100,"types":["Psico"],"stage":"Livello 1","abilities":[{"type":"Ability","name":"Pallonderiva","effect":"Gli attacchi di questo Pokémon costano Colorless in meno per ogni Pokémon del Team Plasma del tuo avversario in gioco."}],"attacks":[{"cost":["Incolore","Incolore","Incolore"],"damage":70}],"weaknesses":[{"type":"Oscurità","value":"×2"}],"retreat":0,"legal":{"standard":false,"expanded":true}},{"category":"Pokémon","id":"bw10-36","illustrator":"Sumiyoshi Kizuki","localId":"36","name":"Uxie","rarity":"Rara","set":{"cardCount":{"official":101,"total":105},"id":"bw10","symbol":"https://assets.tcgdex.net/univ/bw/bw10/symbol"},"variants":{"firstEdition":false,"holo":true,"normal":true,"reverse":true,"wPromo":false},"dexId":[480],"hp":60,"types":["Psico"],"stage":"Base","attacks":[{"cost":["Psico"]}],"weaknesses":[{"type":"Psico","value":"×2"}],"retreat":1,"legal":{"standard":false,"expanded":true}},{"category":"Pokémon","id":"bw10-37","illustrator":"Ryo Ueda","localId":"37","name":"Mesprit","rarity":"Rara","set":{"cardCount":{"official":101,"total":105},"id":"bw10","symbol":"https://assets.tcgdex.net/univ/bw/bw10/symbol"},"variants":{"firstEdition":false,"holo":true,"normal":true,"reverse":true,"wPromo":false},"dexId":[481],"hp":60,"types":["Psico"],"stage":"Base","abilities":[{"type":"Ability","name":"Manto Psichico","effect":"Se hai Uxie e Azelf in gioco, nessuno dei tuoi Pokémon ha debolezza."}],"attacks":[{"cost":["Psico","Incolore","Incolore"],"damage":30}],"weaknesses":[{"type":"Psico","value":"×2"}],"retreat":1,"legal":{"standard":false,"expanded":true}},{"category":"Pokémon","id":"bw10-38","illustrator":"Naoyo Kimura","localId":"38","name":"Azelf","rarity":"Rara","set":{"cardCount":{"official":101,"total":105},"id":"bw10","symbol":"https://assets.tcgdex.net/univ/bw/bw10/symbol"},"variants":{"firstEdition":false,"holo":true,"normal":true,"reverse":true,"wPromo":false},"dexId":[482],"hp":60,"types":["Psico"],"stage":"Base","attacks":[{"cost":["Incolore"]},{"cost":["Psico","Incolore","Incolore"]}],"weaknesses":[{"type":"Psico","value":"×2"}],"retreat":1,"legal":{"standard":false,"expanded":true}},{"category":"Pokémon","id":"bw10-39","illustrator":"Mizue","localId":"39","name":"Munna","rarity":"Comune","set":{"cardCount":{"official":101,"total":105},"id":"bw10","symbol":"https://assets.tcgdex.net/univ/bw/bw10/symbol"},"variants":{"firstEdition":false,"holo":true,"normal":true,"reverse":true,"wPromo":false},"dexId":[517],"hp":60,"types":["Psico"],"stage":"Base","attacks":[{"cost":["Incolore"],"damage":10},{"cost":["Psico","Incolore"],"damage":10}],"weaknesses":[{"type":"Psico","value":"×2"}],"retreat":1,"legal":{"standard":false,"expanded":true}},{"category":"Pokémon","id":"bw10-40","illustrator":"Kagemaru Himeno","localId":"40","name":"Musharna","rarity":"Non comune","set":{"cardCount":{"official":101,"total":105},"id":"bw10","symbol":"https://assets.tcgdex.net/univ/bw/bw10/symbol"},"variants":{"firstEdition":false,"holo":true,"normal":true,"reverse":true,"wPromo":false},"dexId":[518],"hp":100,"types":["Psico"],"stage":"Livello 1","attacks":[{"cost":["Psico"]},{"cost":["Psico","Incolore","Incolore"],"damage":60}],"weaknesses":[{"type":"Psico","value":"×2"}],"retreat":3,"legal":{"standard":false,"expanded":true}},{"category":"Pokémon","id":"bw10-41","illustrator":"Kagemaru Himeno","localId":"41","name":"Sigilyph","rarity":"Rara","set":{"cardCount":{"official":101,"total":105},"id":"bw10","symbol":"https://assets.tcgdex.net/univ/bw/bw10/symbol"},"variants":{"firstEdition":false,"holo":true,"normal":true,"reverse":true,"wPromo":false},"dexId":[561],"hp":90,"types":["Psico"],"stage":"Base","abilities":[{"type":"Ability","name":"Portaoggetti","effect":"Questo Pokémon può avere fino a quattro carte Oggetto Pokémon assegnate (se perde questa abilità, scarta le carte Oggetto Pokémon assegnategli finché ne resta solo una)."}],"attacks":[{"cost":["Psico","Incolore","Incolore"],"damage":70}],"weaknesses":[{"type":"Lampo","value":"×2"}],"resistances":[{"type":"Lotta","value":"-20"}],"retreat":1,"legal":{"standard":false,"expanded":true}},{"category":"Pokémon","id":"bw10-42","illustrator":"Midori Harada","localId":"42","name":"Solosis","rarity":"Comune","set":{"cardCount":{"official":101,"total":105},"id":"bw10","symbol":"https://assets.tcgdex.net/univ/bw/bw10/symbol"},"variants":{"firstEdition":false,"holo":true,"normal":true,"reverse":true,"wPromo":false},"dexId":[577],"hp":30,"types":["Psico"],"stage":"Base","attacks":[{"cost":["Psico"]}],"weaknesses":[{"type":"Psico","value":"×2"}],"retreat":1,"legal":{"standard":false,"expanded":true}},{"category":"Pokémon","id":"bw10-43","illustrator":"match","localId":"43","name":"Duosion","rarity":"Non comune","set":{"cardCount":{"official":101,"total":105},"id":"bw10","symbol":"https://assets.tcgdex.net/univ/bw/bw10/symbol"},"variants":{"firstEdition":false,"holo":true,"normal":true,"reverse":true,"wPromo":false},"dexId":[578],"hp":60,"types":["Psico"],"stage":"Livello 1","attacks":[{"cost":["Psico","Incolore"],"damage":20}],"weaknesses":[{"type":"Psico","value":"×2"}],"retreat":1,"legal":{"standard":false,"expanded":true}},{"category":"Pokémon","id":"bw10-44","illustrator":"Kagemaru Himeno","localId":"44","name":"Reuniclus","rarity":"Rara","set":{"cardCount":{"official":101,"total":105},"id":"bw10","symbol":"https://assets.tcgdex.net/univ/bw/bw10/symbol"},"variants":{"firstEdition":false,"holo":true,"normal":true,"reverse":true,"wPromo":false},"dexId":[579],"hp":100,"types":["Psico"],"stage":"Livello 2","attacks":[{"cost":["Psico"],"damage":30},{"cost":["Psico","Incolore","Incolore"],"damage":70}],"weaknesses":[{"type":"Psico","value":"×2"}],"retreat":2,"legal":{"standard":false,"expanded":true}},{"category":"Pokémon","id":"bw10-45","illustrator":"Midori Harada","localId":"45","name":"Golett","rarity":"Comune","set":{"cardCount":{"official":101,"total":105},"id":"bw10","symbol":"https://assets.tcgdex.net/univ/bw/bw10/symbol"},"variants":{"firstEdition":false,"holo":true,"normal":true,"reverse":true,"wPromo":false},"dexId":[622],"hp":80,"types":["Psico"],"stage":"Base","attacks":[{"cost":["Incolore"],"damage":10},{"cost":["Psico","Psico","Incolore"],"damage":50}],"weaknesses":[{"type":"Oscurità","value":"×2"}],"retreat":3,"legal":{"standard":false,"expanded":true}},{"category":"Pokémon","id":"bw10-46","illustrator":"Akira Komayama","localId":"46","name":"Golurk","rarity":"Rara","set":{"cardCount":{"official":101,"total":105},"id":"bw10","symbol":"https://assets.tcgdex.net/univ/bw/bw10/symbol"},"variants":{"firstEdition":false,"holo":true,"normal":true,"reverse":true,"wPromo":false},"dexId":[623],"hp":130,"types":["Psico"],"stage":"Livello 1","attacks":[{"cost":["Incolore","Incolore"],"damage":60},{"cost":["Psico","Psico","Incolore","Incolore"],"damage":80}],"weaknesses":[{"type":"Oscurità","value":"×2"}],"retreat":4,"legal":{"standard":false,"expanded":true}},{"category":"Pokémon","id":"bw10-47","illustrator":"sui","localId":"47","name":"Machop","rarity":"Comune","set":{"cardCount":{"official":101,"total":105},"id":"bw10","symbol":"https://assets.tcgdex.net/univ/bw/bw10/symbol"},"variants":{"firstEdition":false,"holo":true,"normal":true,"reverse":true,"wPromo":false},"dexId":[66],"hp":60,"types":["Lotta"],"stage":"Base","attacks":[{"cost":["Lotta","Incolore"],"damage":30}],"weaknesses":[{"type":"Psico","value":"×2"}],"retreat":3,"legal":{"standard":false,"expanded":true}},{"category":"Pokémon","id":"bw10-48","illustrator":"match","localId":"48","name":"Machoke","rarity":"Non comune","set":{"cardCount":{"official":101,"total":105},"id":"bw10","symbol":"https://assets.tcgdex.net/univ/bw/bw10/symbol"},"variants":{"firstEdition":false,"holo":true,"normal":true,"reverse":true,"wPromo":false},"dexId":[67],"hp":90,"types":["Lotta"],"stage":"Livello 1","attacks":[{"cost":["Incolore"],"damage":20},{"cost":["Lotta","Lotta","Incolore"],"damage":60}],"weaknesses":[{"type":"Psico","value":"×2"}],"retreat":3,"legal":{"standard":false,"expanded":true}},{"category":"Pokémon","id":"bw10-49","illustrator":"Naoki Saito","localId":"49","name":"Machamp","rarity":"Rara","set":{"cardCount":{"official":101,"total":105},"id":"bw10","symbol":"https://assets.tcgdex.net/univ/bw/bw10/symbol"},"variants":{"firstEdition":false,"holo":true,"normal":true,"reverse":true,"wPromo":false},"dexId":[68],"hp":150,"types":["Lotta"],"stage":"Livello 2","abilities":[{"type":"Ability","name":"Medaglia Disciplina","effect":"Il danno degli attacchi di ciascuno dei tuoi Pokémon Fighting non è influenzato dalla resistenza."}],"attacks":[{"cost":["Lotta","Incolore","Incolore","Incolore"],"damage":120}],"weaknesses":[{"type":"Psico","value":"×2"}],"retreat":3,"legal":{"standard":false,"expanded":true}},{"category":"Pokémon","id":"bw10-50","illustrator":"Kouki Saitou","localId":"50","name":"Machamp","rarity":"Rara","set":{"cardCount":{"official":101,"total":105},"id":"bw10","symbol":"https://assets.tcgdex.net/univ/bw/bw10/symbol"},"variants":{"firstEdition":false,"holo":true,"normal":true,"reverse":true,"wPromo":false},"dexId":[68],"hp":140,"types":["Lotta"],"stage":"Livello 2","attacks":[{"cost":["Lotta","Incolore","Incolore"],"damage":60},{"cost":["Lotta","Lotta","Incolore","Incolore"],"damage":80}],"weaknesses":[{"type":"Psico","value":"×2"}],"retreat":3,"legal":{"standard":false,"expanded":true}},{"category":"Pokémon","id":"bw10-51","illustrator":"Naoki Saito","localId":"51","name":"Throh","rarity":"Comune","set":{"cardCount":{"official":101,"total":105},"id":"bw10","symbol":"https://assets.tcgdex.net/univ/bw/bw10/symbol"},"variants":{"firstEdition":false,"holo":true,"normal":true,"reverse":true,"wPromo":false},"dexId":[538],"hp":100,"types":["Lotta"],"stage":"Base","attacks":[{"cost":["Lotta","Incolore"],"damage":30},{"cost":["Lotta","Incolore","Incolore"],"damage":80}],"weaknesses":[{"type":"Psico","value":"×2"}],"retreat":3,"legal":{"standard":false,"expanded":true}},{"category":"Pokémon","id":"bw10-52","illustrator":"Naoki Saito","localId":"52","name":"Sawk","rarity":"Comune","set":{"cardCount":{"official":101,"total":105},"id":"bw10","symbol":"https://assets.tcgdex.net/univ/bw/bw10/symbol"},"variants":{"firstEdition":false,"holo":true,"normal":true,"reverse":true,"wPromo":false},"dexId":[539],"hp":90,"types":["Lotta"],"stage":"Base","attacks":[{"cost":["Incolore"],"damage":10},{"cost":["Lotta","Incolore","Incolore"],"damage":60}],"weaknesses":[{"type":"Psico","value":"×2"}],"retreat":1,"legal":{"standard":false,"expanded":true}},{"category":"Pokémon","id":"bw10-53","illustrator":"Mizue","localId":"53","name":"Archen","rarity":"Non comune","set":{"cardCount":{"official":101,"total":105},"id":"bw10","symbol":"https://assets.tcgdex.net/univ/bw/bw10/symbol"},"variants":{"firstEdition":false,"holo":true,"normal":true,"reverse":true,"wPromo":false},"dexId":[566],"hp":70,"types":["Lotta"],"stage":"Ricreato","abilities":[{"type":"Ability","name":"Chiamata Preistorica","effect":"Una sola volta durante il tuo turno, prima di attaccare, se questo Pokémon è nella tua pila degli scarti, puoi metterlo in fondo al tuo mazzo."}],"attacks":[{"cost":["Incolore","Incolore"],"damage":20}],"weaknesses":[{"type":"Erba","value":"×2"}],"retreat":1,"legal":{"standard":false,"expanded":true}},{"category":"Pokémon","id":"bw10-54","illustrator":"Kouki Saitou","localId":"54","name":"Archeops","rarity":"Rara","set":{"cardCount":{"official":101,"total":105},"id":"bw10","symbol":"https://assets.tcgdex.net/univ/bw/bw10/symbol"},"variants":{"firstEdition":false,"holo":true,"normal":true,"reverse":true,"wPromo":false},"dexId":[567],"hp":120,"types":["Lotta"],"stage":"Livello 1","attacks":[{"cost":["Lotta"],"damage":20},{"cost":["Lotta","Lotta"],"damage":100}],"weaknesses":[{"type":"Erba","value":"×2"}],"retreat":0,"legal":{"standard":false,"expanded":true}},{"category":"Pokémon","id":"bw10-55","illustrator":"Sumiyoshi Kizuki","localId":"55","name":"Houndour","rarity":"Comune","set":{"cardCount":{"official":101,"total":105},"id":"bw10","symbol":"https://assets.tcgdex.net/univ/bw/bw10/symbol"},"variants":{"firstEdition":false,"holo":true,"normal":true,"reverse":true,"wPromo":false},"dexId":[228],"hp":60,"types":["Oscurità"],"stage":"Base","attacks":[{"cost":["Incolore"]},{"cost":["Oscurità","Incolore"],"damage":20}],"weaknesses":[{"type":"Lotta","value":"×2"}],"resistances":[{"type":"Psico","value":"-20"}],"retreat":1,"legal":{"standard":false,"expanded":true}},{"category":"Pokémon","id":"bw10-56","illustrator":"Shin Nagasawa","localId":"56","name":"Houndoom","rarity":"Rara","set":{"cardCount":{"official":101,"total":105},"id":"bw10","symbol":"https://assets.tcgdex.net/univ/bw/bw10/symbol"},"variants":{"firstEdition":false,"holo":true,"normal":true,"reverse":true,"wPromo":false},"dexId":[229],"hp":100,"types":["Oscurità"],"stage":"Livello 1","attacks":[{"cost":["Oscurità","Incolore"],"damage":30},{"cost":["Oscurità","Incolore","Incolore"],"damage":60}],"weaknesses":[{"type":"Lotta","value":"×2"}],"resistances":[{"type":"Psico","value":"-20"}],"retreat":1,"legal":{"standard":false,"expanded":true}},{"category":"Pokémon","id":"bw10-57","illustrator":"Shigenori Negishi","localId":"57","name":"Aron","rarity":"Comune","set":{"cardCount":{"official":101,"total":105},"id":"bw10","symbol":"https://assets.tcgdex.net/univ/bw/bw10/symbol"},"variants":{"firstEdition":false,"holo":true,"normal":true,"reverse":true,"wPromo":false},"dexId":[304],"hp":60,"types":["Metallo"],"stage":"Base","attacks":[{"cost":["Metallo"],"damage":10},{"cost":["Metallo","Incolore","Incolore"],"damage":30}],"weaknesses":[{"type":"Fuoco","value":"×2"}],"resistances":[{"type":"Psico","value":"-20"}],"retreat":2,"legal":{"standard":false,"expanded":true}},{"category":"Pokémon","id":"bw10-58","illustrator":"Masakazu Fukuda","localId":"58","name":"Lairon","rarity":"Non comune","set":{"cardCount":{"official":101,"total":105},"id":"bw10","symbol":"https://assets.tcgdex.net/univ/bw/bw10/symbol"},"variants":{"firstEdition":false,"holo":true,"normal":true,"reverse":true,"wPromo":false},"dexId":[305],"hp":90,"types":["Metallo"],"stage":"Livello 1","attacks":[{"cost":["Metallo"],"damage":20},{"cost":["Metallo","Incolore","Incolore"],"damage":50}],"weaknesses":[{"type":"Fuoco","value":"×2"}],"resistances":[{"type":"Psico","value":"-20"}],"retreat":4,"legal":{"standard":false,"expanded":true}},{"category":"Pokémon","id":"bw10-59","illustrator":"Kouki Saitou","localId":"59","name":"Aggron","rarity":"Rara","set":{"cardCount":{"official":101,"total":105},"id":"bw10","symbol":"https://assets.tcgdex.net/univ/bw/bw10/symbol"},"variants":{"firstEdition":false,"holo":true,"normal":true,"reverse":true,"wPromo":false},"dexId":[306],"hp":140,"types":["Metallo"],"stage":"Livello 2","attacks":[{"cost":["Metallo","Incolore"],"damage":50},{"cost":["Metallo","Metallo","Incolore","Incolore"],"damage":80}],"weaknesses":[{"type":"Fuoco","value":"×2"}],"resistances":[{"type":"Psico","value":"-20"}],"retreat":4,"legal":{"standard":false,"expanded":true}},{"category":"Pokémon","id":"bw10-60","illustrator":"Ryo Ueda","localId":"60","name":"Jirachi-EX","rarity":"Rara","set":{"cardCount":{"official":101,"total":105},"id":"bw10","symbol":"https://assets.tcgdex.net/univ/bw/bw10/symbol"},"variants":{"firstEdition":false,"holo":true,"normal":true,"reverse":true,"wPromo":false},"dexId":[385],"hp":90,"types":["Metallo"],"suffix":"EX","abilities":[{"type":"Ability","name":"Guidastellare","effect":"Quando giochi questo Pokémon dalla tua mano e lo metti in panchina, puoi cercare nel tuo mazzo una carta Aiuto, mostrarla e aggiungerla a quelle che hai in mano. Poi rimischia le carte del tuo mazzo."}],"attacks":[{"cost":["Metallo","Incolore","Incolore"],"damage":60}],"weaknesses":[{"type":"Fuoco","value":"×2"}],"resistances":[{"type":"Psico","value":"-20"}],"retreat":1,"legal":{"standard":false,"expanded":true}},{"category":"Pokémon","id":"bw10-61","illustrator":"5ban Graphics","localId":"61","name":"Escavalier","rarity":"Rara","set":{"cardCount":{"official":101,"total":105},"id":"bw10","symbol":"https://assets.tcgdex.net/univ/bw/bw10/symbol"},"variants":{"firstEdition":false,"holo":true,"normal":true,"reverse":true,"wPromo":false},"dexId":[589],"hp":100,"types":["Metallo"],"stage":"Livello 1","attacks":[{"cost":["Metallo","Incolore"],"damage":40},{"cost":["Metallo","Incolore","Incolore"],"damage":80}],"weaknesses":[{"type":"Fuoco","value":"×2"}],"resistances":[{"type":"Psico","value":"-20"}],"retreat":3,"legal":{"standard":false,"expanded":true}},{"category":"Pokémon","id":"bw10-62","illustrator":"Kouki Saitou","localId":"62","name":"Bagon","rarity":"Comune","set":{"cardCount":{"official":101,"total":105},"id":"bw10","symbol":"https://assets.tcgdex.net/univ/bw/bw10/symbol"},"variants":{"firstEdition":false,"holo":true,"normal":true,"reverse":true,"wPromo":false},"dexId":[371],"hp":50,"types":["Drago"],"stage":"Base","attacks":[{"cost":["Incolore"],"damage":10},{"cost":["Fuoco","Acqua"],"damage":20}],"weaknesses":[{"type":"Drago","value":"×2"}],"retreat":1,"legal":{"standard":false,"expanded":true}},{"category":"Pokémon","id":"bw10-63","illustrator":"Akira Komayama","localId":"63","name":"Shelgon","rarity":"Non comune","set":{"cardCount":{"official":101,"total":105},"id":"bw10","symbol":"https://assets.tcgdex.net/univ/bw/bw10/symbol"},"variants":{"firstEdition":false,"holo":true,"normal":true,"reverse":true,"wPromo":false},"dexId":[372],"hp":80,"types":["Drago"],"stage":"Livello 1","attacks":[{"cost":["Incolore"],"damage":10},{"cost":["Fuoco","Acqua","Incolore"],"damage":50}],"weaknesses":[{"type":"Drago","value":"×2"}],"retreat":3,"legal":{"standard":false,"expanded":true}},{"category":"Pokémon","id":"bw10-64","illustrator":"Naoki Saito","localId":"64","name":"Salamence","rarity":"Rara","set":{"cardCount":{"official":101,"total":105},"id":"bw10","symbol":"https://assets.tcgdex.net/univ/bw/bw10/symbol"},"variants":{"firstEdition":false,"holo":true,"normal":true,"reverse":true,"wPromo":false},"dexId":[373],"hp":150,"types":["Drago"],"stage":"Livello 2","abilities":[{"type":"Ability","name":"Tarpali","effect":"Quando giochi questo Pokémon dalla tua mano per far evolvere uno dei tuoi Pokémon, puoi scartare tutte le carte Oggetto Pokémon assegnate ai Pokémon del tuo avversario."}],"attacks":[{"cost":["Fuoco","Acqua","Incolore","Incolore"],"damage":100}],"weaknesses":[{"type":"Drago","value":"×2"}],"retreat":4,"legal":{"standard":false,"expanded":true}},{"category":"Pokémon","id":"bw10-65","illustrator":"Eske Yoshinob","localId":"65","name":"Dialga-EX","rarity":"Rara","set":{"cardCount":{"official":101,"total":105},"id":"bw10","symbol":"https://assets.tcgdex.net/univ/bw/bw10/symbol"},"variants":{"firstEdition":false,"holo":true,"normal":true,"reverse":true,"wPromo":false},"dexId":[483],"hp":180,"types":["Drago"],"suffix":"EX","attacks":[{"cost":["Psico","Metallo","Incolore"],"damage":50},{"cost":["Incolore","Incolore","Incolore","Incolore"],"damage":90}],"weaknesses":[{"type":"Drago","value":"×2"}],"retreat":2,"legal":{"standard":false,"expanded":true}},{"category":"Pokémon","id":"bw10-66","illustrator":"Eske Yoshinob","localId":"66","name":"Palkia-EX","rarity":"Rara","set":{"cardCount":{"official":101,"total":105},"id":"bw10","symbol":"https://assets.tcgdex.net/univ/bw/bw10/symbol"},"variants":{"firstEdition":false,"holo":true,"normal":true,"reverse":true,"wPromo":false},"dexId":[484],"hp":180,"types":["Drago"],"suffix":"EX","attacks":[{"cost":["Incolore","Incolore","Incolore"],"damage":50},{"cost":["Erba","Acqua","Incolore","Incolore"],"damage":80}],"weaknesses":[{"type":"Drago","value":"×2"}],"retreat":2,"legal":{"standard":false,"expanded":true}},{"category":"Pokémon","id":"bw10-67","illustrator":"sui","localId":"67","name":"Axew","rarity":"Comune","set":{"cardCount":{"official":101,"total":105},"id":"bw10","symbol":"https://assets.tcgdex.net/univ/bw/bw10/symbol"},"variants":{"firstEdition":false,"holo":true,"normal":true,"reverse":true,"wPromo":false},"dexId":[610],"hp":50,"types":["Drago"],"stage":"Base","attacks":[{"cost":["Incolore"]},{"cost":["Lotta","Metallo"],"damage":20}],"weaknesses":[{"type":"Drago","value":"×2"}],"retreat":1,"legal":{"standard":false,"expanded":true}},{"category":"Pokémon","id":"bw10-68","illustrator":"Masakazu Fukuda","localId":"68","name":"Fraxure","rarity":"Non comune","set":{"cardCount":{"official":101,"total":105},"id":"bw10","symbol":"https://assets.tcgdex.net/univ/bw/bw10/symbol"},"variants":{"firstEdition":false,"holo":true,"normal":true,"reverse":true,"wPromo":false},"dexId":[611],"hp":80,"types":["Drago"],"stage":"Livello 1","attacks":[{"cost":["Incolore"]},{"cost":["Lotta","Metallo"],"damage":40}],"weaknesses":[{"type":"Drago","value":"×2"}],"retreat":2,"legal":{"standard":false,"expanded":true}},{"category":"Pokémon","id":"bw10-69","illustrator":"Kouki Saitou","localId":"69","name":"Haxorus","rarity":"Rara","set":{"cardCount":{"official":101,"total":105},"id":"bw10","symbol":"https://assets.tcgdex.net/univ/bw/bw10/symbol"},"variants":{"firstEdition":false,"holo":true,"normal":true,"reverse":true,"wPromo":false},"dexId":[612],"hp":140,"types":["Drago"],"stage":"Livello 2","attacks":[{"cost":["Metallo"],"damage":40},{"cost":["Lotta","Metallo"]}],"weaknesses":[{"type":"Drago","value":"×2"}],"retreat":2,"legal":{"standard":false,"expanded":true}},{"category":"Pokémon","id":"bw10-70","illustrator":"Kouki Saitou","localId":"70","name":"Druddigon","rarity":"Comune","set":{"cardCount":{"official":101,"total":105},"id":"bw10","symbol":"https://assets.tcgdex.net/univ/bw/bw10/symbol"},"variants":{"firstEdition":false,"holo":true,"normal":true,"reverse":true,"wPromo":false},"dexId":[621],"hp":100,"types":["Drago"],"stage":"Base","attacks":[{"cost":["Fuoco"],"damage":40},{"cost":["Acqua","Incolore","Incolore"],"damage":60}],"weaknesses":[{"type":"Drago","value":"×2"}],"retreat":1,"legal":{"standard":false,"expanded":true}},{"category":"Pokémon","id":"bw10-71","illustrator":"Kouki Saitou","localId":"71","name":"Kangaskhan","rarity":"Comune","set":{"cardCount":{"official":101,"total":105},"id":"bw10","symbol":"https://assets.tcgdex.net/univ/bw/bw10/symbol"},"variants":{"firstEdition":false,"holo":true,"normal":true,"reverse":true,"wPromo":false},"dexId":[115],"hp":100,"types":["Incolore"],"stage":"Base","attacks":[{"cost":["Incolore"]},{"cost":["Incolore","Incolore"],"damage":20}],"weaknesses":[{"type":"Lotta","value":"×2"}],"retreat":2,"legal":{"standard":false,"expanded":true}},{"category":"Pokémon","id":"bw10-72","illustrator":"Mitsuhiro Arita","localId":"72","name":"Porygon","rarity":"Comune","set":{"cardCount":{"official":101,"total":105},"id":"bw10","symbol":"https://assets.tcgdex.net/univ/bw/bw10/symbol"},"variants":{"firstEdition":false,"holo":true,"normal":true,"reverse":true,"wPromo":false},"dexId":[137],"hp":60,"types":["Incolore"],"stage":"Base","attacks":[{"cost":["Incolore"],"damage":10}],"weaknesses":[{"type":"Lotta","value":"×2"}],"retreat":1,"legal":{"standard":false,"expanded":true}},{"category":"Pokémon","id":"bw10-73","illustrator":"HiRON","localId":"73","name":"Porygon2","rarity":"Non comune","set":{"cardCount":{"official":101,"total":105},"id":"bw10","symbol":"https://assets.tcgdex.net/univ/bw/bw10/symbol"},"variants":{"firstEdition":false,"holo":true,"normal":true,"reverse":true,"wPromo":false},"dexId":[233],"hp":80,"types":["Incolore"],"stage":"Livello 1","attacks":[{"cost":["Incolore","Incolore"],"damage":30}],"weaknesses":[{"type":"Lotta","value":"×2"}],"retreat":1,"legal":{"standard":false,"expanded":true}},{"category":"Pokémon","id":"bw10-74","illustrator":"5ban Graphics","localId":"74","name":"Porygon-Z","rarity":"Rara","set":{"cardCount":{"official":101,"total":105},"id":"bw10","symbol":"https://assets.tcgdex.net/univ/bw/bw10/symbol"},"variants":{"firstEdition":false,"holo":true,"normal":true,"reverse":true,"wPromo":false},"dexId":[474],"hp":130,"types":["Incolore"],"stage":"Livello 2","abilities":[{"type":"Ability","name":"Plasmatransfer","effect":"Durante il tuo turno, prima di attaccare, puoi spostare a piacimento le Energie Plasma assegnate ai tuoi Pokémon."}],"attacks":[{"cost":["Incolore","Incolore","Incolore"],"damage":50}],"weaknesses":[{"type":"Lotta","value":"×2"}],"retreat":1,"legal":{"standard":false,"expanded":true}},{"category":"Pokémon","id":"bw10-75","illustrator":"Naoyo Kimura","localId":"75","name":"Teddiursa","rarity":"Comune","set":{"cardCount":{"official":101,"total":105},"id":"bw10","symbol":"https://assets.tcgdex.net/univ/bw/bw10/symbol"},"variants":{"firstEdition":false,"holo":true,"normal":true,"reverse":true,"wPromo":false},"dexId":[216],"hp":70,"types":["Incolore"],"stage":"Base","attacks":[{"cost":["Incolore","Incolore"],"damage":10}],"weaknesses":[{"type":"Lotta","value":"×2"}],"retreat":2,"legal":{"standard":false,"expanded":true}},{"category":"Pokémon","id":"bw10-76","illustrator":"5ban Graphics","localId":"76","name":"Ursaring","rarity":"Non comune","set":{"cardCount":{"official":101,"total":105},"id":"bw10","symbol":"https://assets.tcgdex.net/univ/bw/bw10/symbol"},"variants":{"firstEdition":false,"holo":true,"normal":true,"reverse":true,"wPromo":false},"dexId":[217],"hp":130,"types":["Incolore"],"stage":"Livello 1","attacks":[{"cost":["Incolore","Incolore","Incolore"],"damage":50},{"cost":["Incolore","Incolore","Incolore","Incolore"],"damage":80}],"weaknesses":[{"type":"Lotta","value":"×2"}],"retreat":3,"legal":{"standard":false,"expanded":true}},{"category":"Pokémon","id":"bw10-77","illustrator":"5ban Graphics","localId":"77","name":"Chatot","rarity":"Non comune","set":{"cardCount":{"official":101,"total":105},"id":"bw10","symbol":"https://assets.tcgdex.net/univ/bw/bw10/symbol"},"variants":{"firstEdition":false,"holo":true,"normal":true,"reverse":true,"wPromo":false},"dexId":[441],"hp":60,"types":["Incolore"],"stage":"Base","attacks":[{"cost":["Incolore"]},{"cost":["Incolore","Incolore"],"damage":20}],"weaknesses":[{"type":"Lampo","value":"×2"}],"resistances":[{"type":"Lotta","value":"-20"}],"retreat":1,"legal":{"standard":false,"expanded":true}},{"category":"Allenatore","id":"bw10-78","illustrator":"Yusuke Ohmura","localId":"78","name":"Catlina","rarity":"Non comune","set":{"cardCount":{"official":101,"total":105},"id":"bw10","symbol":"https://assets.tcgdex.net/univ/bw/bw10/symbol"},"variants":{"firstEdition":false,"holo":true,"normal":true,"reverse":true,"wPromo":false},"effect":"Prendi tutte le carte che vuoi dalla tua mano e mettile in fondo al tuo mazzo nell’ordine che preferisci. Poi pesca una carta per ogni carta che hai messo in fondo al tuo mazzo.","trainerType":"Aiuto","legal":{"standard":false,"expanded":true}},{"category":"Allenatore","id":"bw10-79","illustrator":"Ryo Ueda","localId":"79","name":"Fossiltappo","rarity":"Non comune","set":{"cardCount":{"official":101,"total":105},"id":"bw10","symbol":"https://assets.tcgdex.net/univ/bw/bw10/symbol"},"variants":{"firstEdition":false,"holo":true,"normal":true,"reverse":true,"wPromo":false},"effect":"Guarda le ultime sette carte del tuo mazzo. Puoi mostrare un Tirtouga che hai trovato e metterlo nella tua panchina. Poi rimischia le altre carte nel tuo mazzo.","trainerType":"Strumento","legal":{"standard":false,"expanded":true}},{"category":"Allenatore","id":"bw10-80","illustrator":"Kent Kanetsuna","localId":"80","name":"Recupero di Energia","rarity":"Non comune","set":{"cardCount":{"official":101,"total":105},"id":"bw10","symbol":"https://assets.tcgdex.net/univ/bw/bw10/symbol"},"variants":{"firstEdition":false,"holo":true,"normal":true,"reverse":true,"wPromo":false},"effect":"Prendi due carte Energia base dalla tua pila degli scarti e aggiungile a quelle che hai in mano.","trainerType":"Strumento","legal":{"standard":false,"expanded":true}},{"category":"Allenatore","id":"bw10-81","illustrator":"Yusuke Ohmura","localId":"81","name":"Iris","rarity":"Non comune","set":{"cardCount":{"official":101,"total":105},"id":"bw10","symbol":"https://assets.tcgdex.net/univ/bw/bw10/symbol"},"variants":{"firstEdition":false,"holo":true,"normal":true,"reverse":true,"wPromo":false},"effect":"Durante questo turno, gli attacchi dei tuoi Pokémon infliggono 10 danni in più ai Pokémon attivi per ogni carta Premio presa dal tuo avversario, prima di aver applicato debolezza e resistenza.","trainerType":"Aiuto","legal":{"standard":false,"expanded":true}},{"category":"Allenatore","id":"bw10-82","illustrator":"Ryo Ueda","localId":"82","name":"Fossilpiuma","rarity":"Non comune","set":{"cardCount":{"official":101,"total":105},"id":"bw10","symbol":"https://assets.tcgdex.net/univ/bw/bw10/symbol"},"variants":{"firstEdition":false,"holo":true,"normal":true,"reverse":true,"wPromo":false},"effect":"Guarda le ultime sette carte del tuo mazzo. Puoi mostrare un Archen che hai trovato e metterlo nella tua panchina. Poi rimischia le altre carte nel tuo mazzo.","trainerType":"Strumento","legal":{"standard":false,"expanded":true}},{"category":"Allenatore","id":"bw10-83","illustrator":"5ban Graphics","localId":"83","name":"Acchiappa-Pokémon","rarity":"Non comune","set":{"cardCount":{"official":101,"total":105},"id":"bw10","symbol":"https://assets.tcgdex.net/univ/bw/bw10/symbol"},"variants":{"firstEdition":false,"holo":true,"normal":true,"reverse":true,"wPromo":false},"effect":"Lancia una moneta. Se esce testa, scambia uno dei Pokémon nella panchina del tuo avversario con il suo Pokémon attivo.","trainerType":"Strumento","legal":{"standard":false,"expanded":true}},{"category":"Allenatore","id":"bw10-84","illustrator":"Ken Sugimori","localId":"84","name":"Prof.ssa Aralia","rarity":"Non comune","set":{"cardCount":{"official":101,"total":105},"id":"bw10","symbol":"https://assets.tcgdex.net/univ/bw/bw10/symbol"},"variants":{"firstEdition":false,"holo":true,"normal":true,"reverse":true,"wPromo":false},"effect":"Scarta la tua mano e pesca sette carte.","trainerType":"Aiuto","legal":{"standard":false,"expanded":true}},{"category":"Allenatore","id":"bw10-85","illustrator":"Ryo Ueda","localId":"85","name":"Caramella Rara","rarity":"Non comune","set":{"cardCount":{"official":101,"total":105},"id":"bw10","symbol":"https://assets.tcgdex.net/univ/bw/bw10/symbol"},"variants":{"firstEdition":false,"holo":true,"normal":true,"reverse":true,"wPromo":false},"effect":"Scegli uno dei tuoi Pokémon Base in gioco. Se hai in mano una carta di Fase 2 che si evolve da quel Pokémon, metticela sopra (quest’azione vale come evoluzione di quel Pokémon). Non puoi usare questa carta durante il tuo primo turno o su un Pokémon Base che hai messo in gioco nel turno in corso.","trainerType":"Strumento","legal":{"standard":false,"expanded":true}},{"category":"Allenatore","id":"bw10-86","illustrator":"5ban Graphics","localId":"86","name":"Invertitore","rarity":"Non comune","set":{"cardCount":{"official":101,"total":105},"id":"bw10","symbol":"https://assets.tcgdex.net/univ/bw/bw10/symbol"},"variants":{"firstEdition":false,"holo":true,"normal":true,"reverse":true,"wPromo":false},"effect":"Quando il Pokémon del Team Plasma a cui è assegnata questa carta viene messo K.O. dai danni inflitti da un attacco del tuo avversario, cerca nel tuo mazzo una carta qualsiasi e aggiungila a quelle che hai in mano. Poi rimischia le carte del tuo mazzo.","trainerType":"Oggetto","legal":{"standard":false,"expanded":true}},{"category":"Allenatore","id":"bw10-87","illustrator":"5ban Graphics","localId":"87","name":"Radifossile di Lileep","rarity":"Non comune","set":{"cardCount":{"official":101,"total":105},"id":"bw10","symbol":"https://assets.tcgdex.net/univ/bw/bw10/symbol"},"variants":{"firstEdition":false,"holo":true,"normal":true,"reverse":true,"wPromo":false},"effect":"Guarda le ultime sette carte del tuo mazzo. Puoi mostrare un Lileep che hai trovato e metterlo nella tua panchina. Poi rimischia le altre carte nel tuo mazzo.","trainerType":"Strumento","legal":{"standard":false,"expanded":true}},{"category":"Allenatore","id":"bw10-88","illustrator":"5ban Graphics","localId":"88","name":"Braccialargento","rarity":"Non comune","set":{"cardCount":{"official":101,"total":105},"id":"bw10","symbol":"https://assets.tcgdex.net/univ/bw/bw10/symbol"},"variants":{"firstEdition":false,"holo":true,"normal":true,"reverse":true,"wPromo":false},"effect":"Gli attacchi del Pokémon a cui è assegnata questa carta (esclusi i Pokémon-EX) infliggono 30 danni in più ai Pokémon-EX attivi, prima di aver applicato debolezza e resistenza.","trainerType":"Oggetto","legal":{"standard":false,"expanded":true}},{"category":"Allenatore","id":"bw10-89","illustrator":"5ban Graphics","localId":"89","name":"Specchiargento","rarity":"Non comune","set":{"cardCount":{"official":101,"total":105},"id":"bw10","symbol":"https://assets.tcgdex.net/univ/bw/bw10/symbol"},"variants":{"firstEdition":false,"holo":true,"normal":true,"reverse":true,"wPromo":false},"effect":"Previeni tutti gli effetti degli attacchi, inclusi i danni, inflitti al Pokémon a cui è assegnata questa carta (esclusi i Pokémon-EX) dai Pokémon del Team Plasma del tuo avversario.","trainerType":"Oggetto","legal":{"standard":false,"expanded":true}},{"category":"Allenatore","id":"bw10-90","illustrator":"5ban Graphics","localId":"90","name":"Ultra Ball","rarity":"Non comune","set":{"cardCount":{"official":101,"total":105},"id":"bw10","symbol":"https://assets.tcgdex.net/univ/bw/bw10/symbol"},"variants":{"firstEdition":false,"holo":true,"normal":true,"reverse":true,"wPromo":false},"effect":"Scarta due delle carte che hai in mano (se non puoi scartare due carte, non potrai giocare questa carta). Cerca nel tuo mazzo un Pokémon, mostralo e aggiungilo alle carte che hai in mano. Poi rimischia le carte del tuo mazzo.","trainerType":"Strumento","legal":{"standard":false,"expanded":true}},{"category":"Energia","id":"bw10-91","illustrator":"5ban Graphics","localId":"91","name":"Energia Plasma","rarity":"Non comune","set":{"cardCount":{"official":101,"total":105},"id":"bw10","symbol":"https://assets.tcgdex.net/univ/bw/bw10/symbol"},"variants":{"firstEdition":false,"holo":true,"normal":true,"reverse":true,"wPromo":false},"effect":"Questa carta fornisce Energia Colorless","energyType":"Speciale","legal":{"standard":false,"expanded":true}},{"category":"Allenatore","id":"bw10-92","illustrator":"5ban Graphics","localId":"92","name":"Carica G","rarity":"Rara","set":{"cardCount":{"official":101,"total":105},"id":"bw10","symbol":"https://assets.tcgdex.net/univ/bw/bw10/symbol"},"variants":{"firstEdition":false,"holo":true,"normal":true,"reverse":true,"wPromo":false},"effect":"Scarta due Energie assegnate a questo Pokémon. Il danno di questo attacco non è influenzato da alcun effetto presente sul Pokémon difensore.","trainerType":"Oggetto","legal":{"standard":false,"expanded":true}},{"category":"Allenatore","id":"bw10-93","illustrator":"5ban Graphics","localId":"93","name":"Mirino G","rarity":"Rara","set":{"cardCount":{"official":101,"total":105},"id":"bw10","symbol":"https://assets.tcgdex.net/univ/bw/bw10/symbol"},"variants":{"firstEdition":false,"holo":true,"normal":true,"reverse":true,"wPromo":false},"effect":"Questo attacco infligge 100 danni a uno dei Pokémon nella panchina del tuo avversario. Ricorda che non puoi applicare debolezza e resistenza ai Pokémon in panchina.","trainerType":"Oggetto","legal":{"standard":false,"expanded":true}},{"category":"Allenatore","id":"bw10-94","illustrator":"5ban Graphics","localId":"94","name":"Master Ball","rarity":"Rara","set":{"cardCount":{"official":101,"total":105},"id":"bw10","symbol":"https://assets.tcgdex.net/univ/bw/bw10/symbol"},"variants":{"firstEdition":false,"holo":true,"normal":true,"reverse":true,"wPromo":false},"effect":"Cerca nel tuo mazzo un Pokémon, mostralo e aggiungilo alle carte che hai in mano. Poi rimischia le carte del tuo mazzo.","trainerType":"Strumento","legal":{"standard":false,"expanded":true}},{"category":"Allenatore","id":"bw10-95","illustrator":"5ban Graphics","localId":"95","name":"Mega Recupero","rarity":"Rara","set":{"cardCount":{"official":101,"total":105},"id":"bw10","symbol":"https://assets.tcgdex.net/univ/bw/bw10/symbol"},"variants":{"firstEdition":false,"holo":true,"normal":true,"reverse":true,"wPromo":false},"effect":"Riprendi in mano uno dei tuoi Pokémon e tutte le carte a esso assegnate.","trainerType":"Strumento","legal":{"standard":false,"expanded":true}},{"category":"Pokémon","id":"bw10-96","illustrator":"5ban Graphics","localId":"96","name":"Virizion-EX","rarity":"Ultrarara","set":{"cardCount":{"official":101,"total":105},"id":"bw10","symbol":"https://assets.tcgdex.net/univ/bw/bw10/symbol"},"variants":{"firstEdition":false,"holo":true,"normal":true,"reverse":true,"wPromo":false},"dexId":[640],"hp":170,"types":["Erba"],"suffix":"EX","abilities":[{"type":"Ability","name":"Vento Rigoglioso","effect":"Nessuno dei tuoi Pokémon che ha delle Energie Grass assegnate può essere influenzato da condizioni speciali (rimuovi tutte le condizioni speciali che influenzano tali Pokémon)."}],"attacks":[{"cost":["Erba","Incolore"],"damage":50}],"weaknesses":[{"type":"Fuoco","value":"×2"}],"resistances":[{"type":"Acqua","value":"-20"}],"retreat":1,"legal":{"standard":false,"expanded":true}},{"category":"Pokémon","id":"bw10-97","illustrator":"5ban Graphics","localId":"97","name":"Genesect-EX","rarity":"Ultrarara","set":{"cardCount":{"official":101,"total":105},"id":"bw10","symbol":"https://assets.tcgdex.net/univ/bw/bw10/symbol"},"variants":{"firstEdition":false,"holo":true,"normal":true,"reverse":true,"wPromo":false},"dexId":[649],"hp":170,"types":["Erba"],"suffix":"EX","abilities":[{"type":"Ability","name":"Allarmerosso","effect":"Quando assegni un’Energia Plasma dalla tua mano a questo Pokémon, puoi scambiare uno dei Pokémon nella panchina del tuo avversario con il suo Pokémon attivo."}],"attacks":[{"cost":["Erba","Erba","Incolore"],"damage":100}],"weaknesses":[{"type":"Fuoco","value":"×2"}],"retreat":1,"legal":{"standard":false,"expanded":true}},{"category":"Pokémon","id":"bw10-98","illustrator":"5ban Graphics","localId":"98","name":"Jirachi-EX","rarity":"Ultrarara","set":{"cardCount":{"official":101,"total":105},"id":"bw10","symbol":"https://assets.tcgdex.net/univ/bw/bw10/symbol"},"variants":{"firstEdition":false,"holo":true,"normal":true,"reverse":true,"wPromo":false},"dexId":[385],"hp":90,"types":["Metallo"],"suffix":"EX","abilities":[{"type":"Ability","name":"Guidastellare","effect":"Quando giochi questo Pokémon dalla tua mano e lo metti in panchina, puoi cercare nel tuo mazzo una carta Aiuto, mostrarla e aggiungerla a quelle che hai in mano. Poi rimischia le carte del tuo mazzo."}],"attacks":[{"cost":["Metallo","Incolore","Incolore"],"damage":60}],"weaknesses":[{"type":"Fuoco","value":"×2"}],"resistances":[{"type":"Psico","value":"-20"}],"retreat":1,"legal":{"standard":false,"expanded":true}},{"category":"Pokémon","id":"bw10-99","illustrator":"5ban Graphics","localId":"99","name":"Dialga-EX","rarity":"Ultrarara","set":{"cardCount":{"official":101,"total":105},"id":"bw10","symbol":"https://assets.tcgdex.net/univ/bw/bw10/symbol"},"variants":{"firstEdition":false,"holo":true,"normal":true,"reverse":true,"wPromo":false},"dexId":[483],"hp":180,"types":["Drago"],"suffix":"EX","attacks":[{"cost":["Psico","Metallo","Incolore"],"damage":50},{"cost":["Incolore","Incolore","Incolore","Incolore"],"damage":90}],"weaknesses":[{"type":"Drago","value":"×2"}],"retreat":2,"legal":{"standard":false,"expanded":true}},{"category":"Pokémon","id":"bw10-100","illustrator":"5ban Graphics","localId":"100","name":"Palkia-EX","rarity":"Ultrarara","set":{"cardCount":{"official":101,"total":105},"id":"bw10","symbol":"https://assets.tcgdex.net/univ/bw/bw10/symbol"},"variants":{"firstEdition":false,"holo":true,"normal":true,"reverse":true,"wPromo":false},"dexId":[484],"hp":180,"types":["Drago"],"suffix":"EX","attacks":[{"cost":["Incolore","Incolore","Incolore"],"damage":50},{"cost":["Erba","Acqua","Incolore","Incolore"],"damage":80}],"weaknesses":[{"type":"Drago","value":"×2"}],"retreat":2,"legal":{"standard":false,"expanded":true}},{"category":"Allenatore","id":"bw10-101","illustrator":"Kagemaru Himeno","localId":"101","name":"Iris","rarity":"Ultrarara","set":{"cardCount":{"official":101,"total":105},"id":"bw10","symbol":"https://assets.tcgdex.net/univ/bw/bw10/symbol"},"variants":{"firstEdition":false,"holo":true,"normal":true,"reverse":true,"wPromo":false},"effect":"Durante questo turno, gli attacchi dei tuoi Pokémon infliggono 10 danni in più ai Pokémon attivi per ogni carta Premio presa dal tuo avversario, prima di aver applicato debolezza e resistenza.","trainerType":"Aiuto","legal":{"standard":false,"expanded":true}},{"category":"Pokémon","id":"bw10-102","illustrator":"5ban Graphics","localId":"102","name":"Exeggcute","rarity":"Segreto rara","set":{"cardCount":{"official":101,"total":105},"id":"bw10","symbol":"https://assets.tcgdex.net/univ/bw/bw10/symbol"},"variants":{"firstEdition":false,"holo":true,"normal":true,"reverse":true,"wPromo":false},"dexId":[102],"hp":30,"types":["Erba"],"stage":"Base","abilities":[{"type":"Ability","name":"Propagazione","effect":"Una sola volta durante il tuo turno, prima di attaccare, se questo Pokémon è nella tua pila degli scarti, puoi aggiungerlo alle carte che hai in mano."}],"attacks":[{"cost":["Erba","Incolore"],"damage":20}],"weaknesses":[{"type":"Fuoco","value":"×2"}],"resistances":[{"type":"Acqua","value":"-20"}],"retreat":1,"legal":{"standard":false,"expanded":true}},{"category":"Pokémon","id":"bw10-103","illustrator":"Ayaka Yoshida","localId":"103","name":"Virizion","rarity":"Segreto rara","set":{"cardCount":{"official":101,"total":105},"id":"bw10","symbol":"https://assets.tcgdex.net/univ/bw/bw10/symbol"},"variants":{"firstEdition":false,"holo":true,"normal":true,"reverse":true,"wPromo":false},"dexId":[640],"hp":110,"types":["Erba"],"stage":"Base","attacks":[{"cost":["Incolore"]},{"cost":["Erba","Incolore"],"damage":40}],"weaknesses":[{"type":"Fuoco","value":"×2"}],"resistances":[{"type":"Acqua","value":"-20"}],"retreat":1,"legal":{"standard":false,"expanded":true}},{"category":"Pokémon","id":"bw10-104","illustrator":"Ayaka Yoshida","localId":"104","name":"Dusknoir","rarity":"Segreto rara","set":{"cardCount":{"official":101,"total":105},"id":"bw10","symbol":"https://assets.tcgdex.net/univ/bw/bw10/symbol"},"variants":{"firstEdition":false,"holo":true,"normal":true,"reverse":true,"wPromo":false},"dexId":[477],"hp":130,"types":["Psico"],"stage":"Livello 2","abilities":[{"type":"Ability","name":"Manosinistra","effect":"Durante il tuo turno, prima di attaccare, puoi spostare i segnalini danno tra i Pokémon del tuo avversario, uno alla volta."}],"attacks":[{"cost":["Psico","Incolore","Incolore","Incolore"],"damage":60}],"weaknesses":[{"type":"Oscurità","value":"×2"}],"retreat":3,"legal":{"standard":false,"expanded":true}},{"category":"Allenatore","id":"bw10-105","illustrator":"5ban Graphics","localId":"105","name":"Caramella Rara","rarity":"Segreto rara","set":{"cardCount":{"official":101,"total":105},"id":"bw10","symbol":"https://assets.tcgdex.net/univ/bw/bw10/symbol"},"variants":{"firstEdition":false,"holo":true,"normal":true,"reverse":true,"wPromo":false},"effect":"Scegli uno dei tuoi Pokémon Base in gioco. Se hai in mano una carta di Fase 2 che si evolve da quel Pokémon, metticela sopra (quest’azione vale come evoluzione di quel Pokémon). Non puoi usare questa carta durante il tuo primo turno o su un Pokémon Base che hai messo in gioco nel turno in corso.","trainerType":"Strumento","legal":{"standard":false,"expanded":true}}]