[{"category":"Pokémon","id":"bwp-BW01","illustrator":"Ken Sugimori","image":"https://assets.tcgdex.net/fr/bw/bwp/BW01","localId":"BW01","name":"Vipélierre","rarity":"Commune","set":{"cardCount":{"official":101,"total":101},"id":"bwp","name":"Promo BW","symbol":"https://assets.tcgdex.net/univ/bw/bwp/symbol"},"variants":{"firstEdition":false,"holo":true,"normal":true,"reverse":true,"wPromo":false},"dexId":[495],"hp":60,"types":["Plante"],"stage":"De base","attacks":[{"cost":["Plante","Incolore"],"name":"Souplesse","effect":"Lancez 2 pièces. Cette attaque inflige 20 dégâts multipliés par le nombre de côtés face.","damage":"20x"}],"weaknesses":[{"type":"Feu","value":"×2"}],"resistances":[{"type":"Eau","value":"-20"}],"retreat":1,"legal":{"standard":false,"expanded":true}},{"category":"Pokémon","id":"bwp-BW02","illustrator":"Ken Sugimori","image":"https://assets.tcgdex.net/fr/bw/bwp/BW02","localId":"BW02","name":"Gruikui","rarity":"Commune","set":{"cardCount":{"official":101,"total":101},"id":"bwp","name":"Promo BW","symbol":"https://assets.tcgdex.net/univ/bw/bwp/symbol"},"variants":{"firstEdition":false,"holo":true,"normal":true,"reverse":true,"wPromo":false},"dexId":[498],"hp":70,"types":["Feu"],"stage":"De base","attacks":[{"cost":["Feu","Incolore"],"name":"Flammèche","effect":"Défaussez une Énergie attachée à ce Pokémon.","damage":30}],"weaknesses":[{"type":"Eau","value":"×2"}],"retreat":2,"legal":{"standard":false,"expanded":true}},{"category":"Pokémon","id":"bwp-BW03","illustrator":"Ken Sugimori","image":"https://assets.tcgdex.net/fr/bw/bwp/BW03","localId":"BW03","name":"Moustillon","rarity":"Commune","set":{"cardCount":{"official":101,"total":101},"id":"bwp","name":"Promo BW","symbol":"https://assets.tcgdex.net/univ/bw/bwp/symbol"},"variants":{"firstEdition":false,"holo":true,"normal":true,"reverse":true,"wPromo":false},"dexId":[501],"hp":60,"types":["Eau"],"stage":"De base","attacks":[{"cost":["Eau","Incolore"],"name":"Vibraqua","effect":"Lancez une pièce. Si c'est face, le Pokémon Défenseur est maintenant Endormi.","damage":20}],"weaknesses":[{"type":"Électrique","value":"×2"}],"retreat":1,"legal":{"standard":false,"expanded":true}},{"category":"Pokémon","id":"bwp-BW06","illustrator":"Shizurow","image":"https://assets.tcgdex.net/fr/bw/bwp/BW06","localId":"BW06","name":"Vipélierre","rarity":"Commune","set":{"cardCount":{"official":101,"total":101},"id":"bwp","name":"Promo BW","symbol":"https://assets.tcgdex.net/univ/bw/bwp/symbol"},"variants":{"firstEdition":false,"holo":true,"normal":true,"reverse":true,"wPromo":false},"dexId":[495],"hp":60,"types":["Plante"],"stage":"De base","attacks":[{"cost":["Incolore"],"name":"Regard Paralysant","effect":"Lancez une pièce. Si c'est face, le Pokémon Défenseur est maintenant Paralysé."},{"cost":["Plante","Incolore"],"name":"Coup de Queue","damage":20}],"weaknesses":[{"type":"Feu","value":"×2"}],"resistances":[{"type":"Eau","value":"-20"}],"retreat":1,"legal":{"standard":false,"expanded":true}},{"category":"Pokémon","id":"bwp-BW07","illustrator":"Shin Nagasawa","image":"https://assets.tcgdex.net/fr/bw/bwp/BW07","localId":"BW07","name":"Gruikui","rarity":"Commune","set":{"cardCount":{"official":101,"total":101},"id":"bwp","name":"Promo BW","symbol":"https://assets.tcgdex.net/univ/bw/bwp/symbol"},"variants":{"firstEdition":false,"holo":true,"normal":true,"reverse":true,"wPromo":false},"dexId":[498],"hp":60,"types":["Feu"],"stage":"De base","attacks":[{"cost":["Incolore"],"name":"Roussi","effect":"Lancez une pièce. Si c'est face, le Pokémon Défenseur est maintenant Brûlé."},{"cost":["Feu","Incolore"],"name":"Souffle-Feu","effect":"Lancez une pièce. Si c’est face, cette attaque inflige 20 dégâts supplémentaires.","damage":10}],"weaknesses":[{"type":"Eau","value":"×2"}],"retreat":1,"legal":{"standard":false,"expanded":true}},{"category":"Pokémon","id":"bwp-BW08","illustrator":"Mitsuhiro Arita","image":"https://assets.tcgdex.net/fr/bw/bwp/BW08","localId":"BW08","name":"Moustillon","rarity":"Commune","set":{"cardCount":{"official":101,"total":101},"id":"bwp","name":"Promo BW","symbol":"https://assets.tcgdex.net/univ/bw/bwp/symbol"},"variants":{"firstEdition":false,"holo":true,"normal":true,"reverse":true,"wPromo":false},"dexId":[501],"hp":60,"types":["Eau"],"stage":"De base","attacks":[{"cost":["Incolore"],"name":"Pouls Dodo","effect":"Lancez une pièce. Si c'est face, le Pokémon Défenseur est maintenant Endormi."},{"cost":["Eau","Incolore"],"name":"Attaque Surprise","effect":"Lancez une pièce. Si c'est pile, cette attaque ne fait rien.","damage":30}],"weaknesses":[{"type":"Électrique","value":"×2"}],"retreat":1,"legal":{"standard":false,"expanded":true}},{"category":"Pokémon","id":"bwp-BW09","illustrator":"Naoki Saito","image":"https://assets.tcgdex.net/fr/bw/bwp/BW09","localId":"BW09","name":"Zoroark","rarity":"Rare","set":{"cardCount":{"official":101,"total":101},"id":"bwp","name":"Promo BW","symbol":"https://assets.tcgdex.net/univ/bw/bwp/symbol"},"variants":{"firstEdition":false,"holo":true,"normal":true,"reverse":true,"wPromo":false},"dexId":[571],"hp":100,"types":["Obscurité"],"evolveFrom":"Zorua","stage":"Niveau 1","attacks":[{"cost":["Obscurité"],"name":"Machination","effect":"Cherchez une carte dans votre deck et ajoutez-la à votre main. Mélangez ensuite votre deck."},{"cost":["Incolore","Incolore"],"name":"Tricherie","effect":"Choisissez 1 des attaques du Pokémon Défenseur et utilisez-la à la place de cette attaque."}],"weaknesses":[{"type":"Combat","value":"×2"}],"resistances":[{"type":"Psy","value":"-20"}],"retreat":1,"legal":{"standard":false,"expanded":true}},{"category":"Pokémon","id":"bwp-BW10","illustrator":"Masakazu Fukuda","image":"https://assets.tcgdex.net/fr/bw/bwp/BW10","localId":"BW10","name":"Coupenotte","rarity":"Commune","set":{"cardCount":{"official":101,"total":101},"id":"bwp","name":"Promo BW","symbol":"https://assets.tcgdex.net/univ/bw/bwp/symbol"},"variants":{"firstEdition":false,"holo":true,"normal":true,"reverse":true,"wPromo":false},"dexId":[610],"hp":50,"types":["Incolore"],"stage":"De base","attacks":[{"cost":["Incolore","Incolore"],"name":"Draco-Rage","effect":"Lancez 2 pièces. Si vous obtenez un côté pile, cette attaque ne fait rien.","damage":50}],"retreat":1,"legal":{"standard":false,"expanded":true}},{"category":"Pokémon","id":"bwp-BW11","illustrator":"Akira Komayama","image":"https://assets.tcgdex.net/fr/bw/bwp/BW11","localId":"BW11","name":"Feuillajou","rarity":"Commune","set":{"cardCount":{"official":101,"total":101},"id":"bwp","name":"Promo BW","symbol":"https://assets.tcgdex.net/univ/bw/bwp/symbol"},"variants":{"firstEdition":false,"holo":true,"normal":true,"reverse":true,"wPromo":false},"dexId":[511],"hp":60,"types":["Plante"],"stage":"De base","attacks":[{"cost":["Plante","Incolore"],"name":"Balle Graine","effect":"Lancez 4 pièces. Cette attaque inflige 10 dégâts multipliés par le nombre de côtés face.","damage":10}],"weaknesses":[{"type":"Feu","value":"×2"}],"resistances":[{"type":"Eau","value":"-20"}],"retreat":1,"legal":{"standard":false,"expanded":true}},{"category":"Pokémon","id":"bwp-BW12","illustrator":"Tomokazu Komiya","image":"https://assets.tcgdex.net/fr/bw/bwp/BW12","localId":"BW12","name":"Zorua","rarity":"Commune","set":{"cardCount":{"official":101,"total":101},"id":"bwp","name":"Promo BW","symbol":"https://assets.tcgdex.net/univ/bw/bwp/symbol"},"variants":{"firstEdition":false,"holo":true,"normal":true,"reverse":true,"wPromo":false},"dexId":[570],"hp":60,"types":["Obscurité"],"stage":"De base","attacks":[{"cost":["Obscurité","Incolore"],"name":"Saut","effect":"Lancez une pièce. Si c’est face, cette attaque inflige 10 dégâts supplémentaires.","damage":20}],"weaknesses":[{"type":"Combat","value":"×2"}],"resistances":[{"type":"Psy","value":"-20"}],"retreat":1,"legal":{"standard":false,"expanded":true}},{"category":"Pokémon","id":"bwp-BW13","illustrator":"Atsuko Nishida","image":"https://assets.tcgdex.net/fr/bw/bwp/BW13","localId":"BW13","name":"Chinchidou","rarity":"Commune","set":{"cardCount":{"official":101,"total":101},"id":"bwp","name":"Promo BW","symbol":"https://assets.tcgdex.net/univ/bw/bwp/symbol"},"variants":{"firstEdition":false,"holo":true,"normal":true,"reverse":true,"wPromo":false},"dexId":[572],"hp":50,"types":["Incolore"],"stage":"De base","attacks":[{"cost":["Incolore"],"name":"Ronge","damage":10},{"cost":["Incolore","Incolore"],"name":"Coup de Queue","damage":20}],"weaknesses":[{"type":"Combat","value":"×2"}],"retreat":1,"legal":{"standard":false,"expanded":true}},{"category":"Pokémon","id":"bwp-BW14","illustrator":"Akira Komayama","image":"https://assets.tcgdex.net/fr/bw/bwp/BW14","localId":"BW14","name":"Feuillajou","rarity":"Commune","set":{"cardCount":{"official":101,"total":101},"id":"bwp","name":"Promo BW","symbol":"https://assets.tcgdex.net/univ/bw/bwp/symbol"},"variants":{"firstEdition":false,"holo":true,"normal":true,"reverse":true,"wPromo":false},"dexId":[511],"hp":60,"types":["Plante"],"stage":"De base","attacks":[{"cost":["Plante","Incolore"],"name":"Balle Graine","effect":"Lancez 4 pièces. Cette attaque inflige 10 dégâts multipliés par le nombre de côtés face.","damage":10}],"weaknesses":[{"type":"Feu","value":"×2"}],"resistances":[{"type":"Eau","value":"-20"}],"retreat":1,"legal":{"standard":false,"expanded":true}},{"category":"Pokémon","id":"bwp-BW15","illustrator":"Naoki Saito","image":"https://assets.tcgdex.net/fr/bw/bwp/BW15","localId":"BW15","name":"Poichigeon","rarity":"Commune","set":{"cardCount":{"official":101,"total":101},"id":"bwp","name":"Promo BW","symbol":"https://assets.tcgdex.net/univ/bw/bwp/symbol"},"variants":{"firstEdition":false,"holo":true,"normal":true,"reverse":true,"wPromo":false},"dexId":[519],"hp":50,"types":["Incolore"],"stage":"De base","attacks":[{"cost":["Incolore","Incolore"],"name":"Tornade","damage":20}],"weaknesses":[{"type":"Électrique","value":"×2"}],"resistances":[{"type":"Combat","value":"-20"}],"retreat":1,"legal":{"standard":false,"expanded":true}},{"category":"Pokémon","id":"bwp-BW16","illustrator":"Masakazu Fukuda","image":"https://assets.tcgdex.net/fr/bw/bwp/BW16","localId":"BW16","name":"Coupenotte","rarity":"Commune","set":{"cardCount":{"official":101,"total":101},"id":"bwp","name":"Promo BW","symbol":"https://assets.tcgdex.net/univ/bw/bwp/symbol"},"variants":{"firstEdition":false,"holo":true,"normal":true,"reverse":true,"wPromo":false},"dexId":[610],"hp":50,"types":["Incolore"],"stage":"De base","attacks":[{"cost":["Incolore","Incolore"],"name":"Draco-Rage","effect":"Lancez 2 pièces. Si vous obtenez un côté pile, cette attaque ne fait rien.","damage":50}],"retreat":1,"legal":{"standard":false,"expanded":true}},{"category":"Pokémon","id":"bwp-BW17","illustrator":"Kagemaru Himeno","image":"https://assets.tcgdex.net/fr/bw/bwp/BW17","localId":"BW17","name":"Couaneton","rarity":"Commune","set":{"cardCount":{"official":101,"total":101},"id":"bwp","name":"Promo BW","symbol":"https://assets.tcgdex.net/univ/bw/bwp/symbol"},"variants":{"firstEdition":false,"holo":true,"normal":true,"reverse":true,"wPromo":false},"dexId":[580],"hp":60,"types":["Eau"],"stage":"De base","attacks":[{"cost":["Eau"],"name":"Pistolet à O","damage":10}],"weaknesses":[{"type":"Électrique","value":"×2"}],"resistances":[{"type":"Combat","value":"-20"}],"retreat":1,"legal":{"standard":false,"expanded":true}},{"category":"Pokémon","id":"bwp-BW18","illustrator":"Akira Komayama","image":"https://assets.tcgdex.net/fr/bw/bwp/BW18","localId":"BW18","name":"Darumarond","rarity":"Commune","set":{"cardCount":{"official":101,"total":101},"id":"bwp","name":"Promo BW","symbol":"https://assets.tcgdex.net/univ/bw/bwp/symbol"},"variants":{"firstEdition":false,"holo":true,"normal":true,"reverse":true,"wPromo":false},"dexId":[554],"hp":60,"types":["Feu"],"stage":"De base","attacks":[{"cost":["Feu","Incolore"],"name":"Flammes Calcinantes","effect":"Lancez une pièce. Si c'est face, le Pokémon Défenseur est maintenant Brûlé.","damage":20}],"weaknesses":[{"type":"Eau","value":"×2"}],"retreat":2,"legal":{"standard":false,"expanded":true}},{"category":"Pokémon","id":"bwp-BW19","illustrator":"5ban Graphics","image":"https://assets.tcgdex.net/fr/bw/bwp/BW19","localId":"BW19","name":"Zoroark","rarity":"Commune","set":{"cardCount":{"official":101,"total":101},"id":"bwp","name":"Promo BW","symbol":"https://assets.tcgdex.net/univ/bw/bwp/symbol"},"variants":{"firstEdition":false,"holo":true,"normal":true,"reverse":true,"wPromo":false},"dexId":[571],"hp":100,"types":["Obscurité"],"evolveFrom":"Zorua","stage":"Niveau 1","attacks":[{"cost":["Incolore"],"name":"Punition","effect":"Si le Pokémon Défenseur est un Pokémon de Niveau 2, cette attaque inflige 20 dégâts supplémentaires","damage":20},{"cost":["Obscurité","Obscurité","Incolore"],"name":"Aboiement","effect":"Pendant le prochain tour de votre adversaire, les dégâts infligés par les attaques du Pokémon Défenseur sont réduits de 20.","damage":60}],"weaknesses":[{"type":"Combat","value":"×2"}],"resistances":[{"type":"Psy","value":"-20"}],"retreat":1,"legal":{"standard":false,"expanded":true}},{"category":"Pokémon","id":"bwp-BW20","illustrator":"5ban Graphics","image":"https://assets.tcgdex.net/fr/bw/bwp/BW20","localId":"BW20","name":"Majaspic","rarity":"Rare","set":{"cardCount":{"official":101,"total":101},"id":"bwp","name":"Promo BW","symbol":"https://assets.tcgdex.net/univ/bw/bwp/symbol"},"variants":{"firstEdition":false,"holo":true,"normal":true,"reverse":true,"wPromo":false},"dexId":[497],"hp":130,"types":["Plante"],"evolveFrom":"Lianaja","stage":"Niveau 2","abilities":[{"type":"Talent"}],"attacks":[{"cost":["Plante","Incolore"],"name":"Phytomixeur","effect":"Déplacez autant d’Énergies Grass attachées à vos Pokémon que vous voulez vers vos autres Pokémon, de la manière que vous voulez.","damage":60}],"weaknesses":[{"type":"Feu","value":"×2"}],"resistances":[{"type":"Eau","value":"-20"}],"retreat":1,"legal":{"standard":false,"expanded":true}},{"category":"Pokémon","id":"bwp-BW21","illustrator":"5ban Graphics","image":"https://assets.tcgdex.net/fr/bw/bwp/BW21","localId":"BW21","name":"Roitiflam","rarity":"Rare","set":{"cardCount":{"official":101,"total":101},"id":"bwp","name":"Promo BW","symbol":"https://assets.tcgdex.net/univ/bw/bwp/symbol"},"variants":{"firstEdition":false,"holo":true,"normal":true,"reverse":true,"wPromo":false},"dexId":[500],"hp":150,"types":["Feu"],"evolveFrom":"Grotichon","stage":"Niveau 2","abilities":[{"type":"Talent"}],"attacks":[{"cost":["Feu","Feu","Incolore","Incolore"],"name":"Tacle Feu","damage":80}],"weaknesses":[{"type":"Eau","value":"×2"}],"retreat":4,"legal":{"standard":false,"expanded":true}},{"category":"Pokémon","id":"bwp-BW22","illustrator":"5ban Graphics","image":"https://assets.tcgdex.net/fr/bw/bwp/BW22","localId":"BW22","name":"Clamiral","rarity":"Rare","set":{"cardCount":{"official":101,"total":101},"id":"bwp","name":"Promo BW","symbol":"https://assets.tcgdex.net/univ/bw/bwp/symbol"},"variants":{"firstEdition":false,"holo":true,"normal":true,"reverse":true,"wPromo":false},"dexId":[503],"hp":140,"types":["Eau"],"evolveFrom":"Mateloutre","stage":"Niveau 2","abilities":[{"type":"Talent"}],"attacks":[{"cost":["Incolore","Incolore","Incolore"],"name":"Hydrocanon","effect":"Inflige 10 dégâts supplémentaires pour chaque Énergie Water attachée à ce Pokémon.","damage":70}],"weaknesses":[{"type":"Électrique","value":"×2"}],"retreat":2,"legal":{"standard":false,"expanded":true}},{"category":"Pokémon","id":"bwp-BW23","illustrator":"5ban Graphics","image":"https://assets.tcgdex.net/fr/bw/bwp/BW23","localId":"BW23","name":"Reshiram","rarity":"Rare","set":{"cardCount":{"official":101,"total":101},"id":"bwp","name":"Promo BW","symbol":"https://assets.tcgdex.net/univ/bw/bwp/symbol"},"variants":{"firstEdition":false,"holo":true,"normal":true,"reverse":true,"wPromo":false},"dexId":[643],"hp":130,"types":["Feu"],"stage":"De base","attacks":[{"cost":["Incolore","Incolore"],"name":"Colère","effect":"Inflige 10 dégâts supplémentaires pour chaque marqueur de dégâts placé sur ce Pokémon.","damage":20},{"cost":["Feu","Feu","Incolore"],"name":"Flamme Bleue","effect":"Défaussez 2 Énergies Fire attachées à ce Pokémon.","damage":120}],"weaknesses":[{"type":"Eau","value":"×2"}],"retreat":2,"legal":{"standard":false,"expanded":true}},{"category":"Pokémon","id":"bwp-BW24","illustrator":"5ban Graphics","image":"https://assets.tcgdex.net/fr/bw/bwp/BW24","localId":"BW24","name":"Zekrom","rarity":"Rare","set":{"cardCount":{"official":101,"total":101},"id":"bwp","name":"Promo BW","symbol":"https://assets.tcgdex.net/univ/bw/bwp/symbol"},"variants":{"firstEdition":false,"holo":true,"normal":true,"reverse":true,"wPromo":false},"dexId":[644],"hp":130,"types":["Électrique"],"stage":"De base","attacks":[{"cost":["Incolore","Incolore"],"name":"Colère","effect":"Inflige 10 dégâts supplémentaires pour chaque marqueur de dégâts placé sur ce Pokémon.","damage":20},{"cost":["Électrique","Électrique","Incolore"],"name":"ChargeFoudre","effect":"Ce Pokémon s’inflige 40 dégâts.","damage":120}],"weaknesses":[{"type":"Combat","value":"×2"}],"retreat":2,"legal":{"standard":false,"expanded":true}},{"category":"Pokémon","id":"bwp-BW25","illustrator":"Akira Komayama","image":"https://assets.tcgdex.net/fr/bw/bwp/BW25","localId":"BW25","name":"Baggiguane","rarity":"Commune","set":{"cardCount":{"official":101,"total":101},"id":"bwp","name":"Promo BW","symbol":"https://assets.tcgdex.net/univ/bw/bwp/symbol"},"variants":{"firstEdition":false,"holo":true,"normal":true,"reverse":true,"wPromo":false},"dexId":[559],"hp":50,"types":["Obscurité"],"stage":"De base","attacks":[{"cost":["Incolore"],"name":"Regard Paralysant","effect":"Lancez une pièce. Si c'est face, le Pokémon Défenseur est maintenant Paralysé."},{"cost":["Obscurité","Incolore","Incolore"],"name":"Pied Voltige","damage":30}],"weaknesses":[{"type":"Combat","value":"×2"}],"resistances":[{"type":"Psy","value":"-20"}],"retreat":1,"legal":{"standard":false,"expanded":true}},{"category":"Pokémon","id":"bwp-BW26","illustrator":"Akira Komayama","image":"https://assets.tcgdex.net/fr/bw/bwp/BW26","localId":"BW26","name":"Coupenotte","rarity":"Commune","set":{"cardCount":{"official":101,"total":101},"id":"bwp","name":"Promo BW","symbol":"https://assets.tcgdex.net/univ/bw/bwp/symbol"},"variants":{"firstEdition":false,"holo":true,"normal":true,"reverse":true,"wPromo":false},"dexId":[610],"hp":50,"types":["Incolore"],"stage":"De base","attacks":[{"cost":["Incolore","Incolore"],"name":"Grosse Morsure","effect":"Le Pokémon Défenseur ne peut pas battre en retraite pendant le prochain tour de votre adversaire.","damage":20}],"retreat":1,"legal":{"standard":false,"expanded":true}},{"category":"Pokémon","id":"bwp-BW27","illustrator":"Atsuko Nishida","image":"https://assets.tcgdex.net/fr/bw/bwp/BW27","localId":"BW27","name":"Funécire","rarity":"Commune","set":{"cardCount":{"official":101,"total":101},"id":"bwp","name":"Promo BW","symbol":"https://assets.tcgdex.net/univ/bw/bwp/symbol"},"variants":{"firstEdition":false,"holo":true,"normal":true,"reverse":true,"wPromo":false},"dexId":[607],"hp":50,"types":["Psy"],"stage":"De base","attacks":[{"cost":["Incolore"],"name":"Appel à la Famille","effect":"Cherchez un Pokémon de base dans votre deck et placez-le sur votre Banc. Mélangez ensuite votre deck."},{"cost":["Psy","Incolore"],"name":"Feu Follet","damage":20}],"weaknesses":[{"type":"Obscurité","value":"×2"}],"retreat":1,"legal":{"standard":false,"expanded":true}},{"category":"Dresseur","id":"bwp-BW28","image":"https://assets.tcgdex.net/fr/bw/bwp/BW28","localId":"BW28","name":"Plage Tropicale","rarity":"Commune","set":{"cardCount":{"official":101,"total":101},"id":"bwp","name":"Promo BW","symbol":"https://assets.tcgdex.net/univ/bw/bwp/symbol"},"variants":{"firstEdition":false,"holo":true,"normal":true,"reverse":true,"wPromo":false},"effect":"Une seule fois pendant le tour de chaque joueur, ce joueur peut piocher des cartes jusqu'à ce qu'il ait 7 cartes dans sa main. Dans ce cas, son tour est terminé.","trainerType":"Stade","legal":{"standard":false,"expanded":true}},{"category":"Dresseur","id":"bwp-BW29","illustrator":"5ban Graphics","image":"https://assets.tcgdex.net/fr/bw/bwp/BW29","localId":"BW29","name":"Coupe Victoire","rarity":"Commune","set":{"cardCount":{"official":101,"total":101},"id":"bwp","name":"Promo BW","symbol":"https://assets.tcgdex.net/univ/bw/bwp/symbol"},"variants":{"firstEdition":false,"holo":true,"normal":true,"reverse":true,"wPromo":false},"effect":"Lancez une pièce. Si c’est face, cherchez un Pokémon dans votre deck, montrez-le, puis ajoutez-le à votre main. Mélangez ensuite votre deck.","trainerType":"Objet","legal":{"standard":false,"expanded":true}},{"category":"Dresseur","id":"bwp-BW30","illustrator":"5ban Graphics","image":"https://assets.tcgdex.net/fr/bw/bwp/BW30","localId":"BW30","name":"Coupe Victoire","rarity":"Commune","set":{"cardCount":{"official":101,"total":101},"id":"bwp","name":"Promo BW","symbol":"https://assets.tcgdex.net/univ/bw/bwp/symbol"},"variants":{"firstEdition":false,"holo":true,"normal":true,"reverse":true,"wPromo":false},"effect":"Lancez une pièce. Si c’est face, cherchez un Pokémon dans votre deck, montrez-le, puis ajoutez-le à votre main. Mélangez ensuite votre deck.","trainerType":"Objet","legal":{"standard":false,"expanded":true}},{"category":"Dresseur","id":"bwp-BW31","illustrator":"5ban Graphics","image":"https://assets.tcgdex.net/fr/bw/bwp/BW31","localId":"BW31","name":"Coupe Victoire","rarity":"Commune","set":{"cardCount":{"official":101,"total":101},"id":"bwp","name":"Promo BW","symbol":"https://assets.tcgdex.net/univ/bw/bwp/symbol"},"variants":{"firstEdition":false,"holo":true,"normal":true,"reverse":true,"wPromo":false},"effect":"Lancez une pièce. Si c’est face, cherchez un Pokémon dans votre deck, montrez-le, puis ajoutez-le à votre main. Mélangez ensuite votre deck.","trainerType":"Objet","legal":{"standard":false,"expanded":true}},{"category":"Pokémon","id":"bwp-BW32","illustrator":"5ban Graphics","image":"https://assets.tcgdex.net/fr/bw/bwp/BW32","localId":"BW32","name":"Victini","rarity":"Commune","set":{"cardCount":{"official":101,"total":101},"id":"bwp","name":"Promo BW","symbol":"https://assets.tcgdex.net/univ/bw/bwp/symbol"},"variants":{"firstEdition":false,"holo":true,"normal":true,"reverse":true,"wPromo":false},"dexId":[494],"hp":60,"types":["Feu"],"stage":"De base","abilities":[{"type":"Talent","name":"Victorieux","effect":"Une seule fois pendant votre tour, après avoir lancé des pièces pour une attaque, vous pouvez ignorer les effets de ces lancers de pièce et lancer ces pièces à nouveau. Vous ne pouvez pas utiliser la capacité spéciale Victorieux plus d'une fois par tour."}],"attacks":[{"cost":["Feu","Incolore"],"name":"Force Ajoutée","effect":"Déplacez toutes les Énergies attachées à ce Pokémon vers 1 de vos Pokémon de Banc.","damage":30}],"weaknesses":[{"type":"Eau","value":"×2"}],"retreat":1,"legal":{"standard":false,"expanded":true}},{"category":"Pokémon","id":"bwp-BW33","illustrator":"sui","image":"https://assets.tcgdex.net/fr/bw/bwp/BW33","localId":"BW33","name":"Riolu","rarity":"Commune","set":{"cardCount":{"official":101,"total":101},"id":"bwp","name":"Promo BW","symbol":"https://assets.tcgdex.net/univ/bw/bwp/symbol"},"variants":{"firstEdition":false,"holo":true,"normal":true,"reverse":true,"wPromo":false},"dexId":[447],"hp":60,"types":["Combat"],"stage":"De base","attacks":[{"cost":["Incolore"],"name":"Course Effrénée","effect":"Échangez ce Pokémon avec 1 de vos Pokémon de Banc.","damage":"n/a"},{"cost":["Combat","Incolore"],"name":"Crochet","damage":30}],"weaknesses":[{"type":"Psy","value":"×2"}],"retreat":1,"legal":{"standard":false,"expanded":true}},{"category":"Pokémon","id":"bwp-BW34","illustrator":"Naoki Saito","image":"https://assets.tcgdex.net/fr/bw/bwp/BW34","localId":"BW34","name":"Luxio","rarity":"Commune","set":{"cardCount":{"official":101,"total":101},"id":"bwp","name":"Promo BW","symbol":"https://assets.tcgdex.net/univ/bw/bwp/symbol"},"variants":{"firstEdition":false,"holo":true,"normal":true,"reverse":true,"wPromo":false},"dexId":[404],"hp":80,"types":["Électrique"],"evolveFrom":"Lixy","stage":"Niveau 1","attacks":[{"cost":["Électrique"],"name":"Explosion de Lumière","effect":"Lancez une pièce. Si c'est face, le Pokémon Défenseur est maintenant Confus.","damage":10},{"cost":["Électrique","Incolore","Incolore"],"name":"Étincelle Surprise","effect":"Cette attaque inflige 40 dégâts à 1 des Pokémon de votre adversaire. (N'appliquez ni la Faiblesse ni la Résistance aux Pokémon de Banc.)","damage":"n/a"}],"weaknesses":[{"type":"Combat","value":"×2"}],"retreat":1,"legal":{"standard":false,"expanded":true}},{"category":"Pokémon","id":"bwp-BW35","illustrator":"Sumiyoshi Kizuki","image":"https://assets.tcgdex.net/fr/bw/bwp/BW35","localId":"BW35","name":"Miaouss","rarity":"Commune","set":{"cardCount":{"official":101,"total":101},"id":"bwp","name":"Promo BW","symbol":"https://assets.tcgdex.net/univ/bw/bwp/symbol"},"variants":{"firstEdition":false,"holo":true,"normal":true,"reverse":true,"wPromo":false},"dexId":[52],"hp":60,"types":["Incolore"],"stage":"De base","attacks":[{"cost":["Incolore"],"name":"Tit'sieste","effect":"Soignez 20 dégâts à ce Pokémon.","damage":"n/a"},{"cost":["Incolore","Incolore"],"name":"Saut","effect":"Lancez une pièce. Si c'est face, cette attaque inflige 10 dégâts supplémentaires.","damage":20}],"weaknesses":[{"type":"Combat","value":"×2"}],"retreat":1,"legal":{"standard":false,"expanded":true}},{"category":"Pokémon","id":"bwp-BW36","illustrator":"Shizurow","image":"https://assets.tcgdex.net/fr/bw/bwp/BW36","localId":"BW36","name":"Reshiram ex","rarity":"Rare","set":{"cardCount":{"official":101,"total":101},"id":"bwp","name":"Promo BW","symbol":"https://assets.tcgdex.net/univ/bw/bwp/symbol"},"variants":{"firstEdition":false,"holo":true,"normal":true,"reverse":true,"wPromo":false},"dexId":[643],"hp":180,"types":["Feu"],"suffix":"EX","attacks":[{"cost":["Feu","Incolore","Incolore"],"name":"Griffe Scintillante","effect":"Lancez une pièce. Si c'est face, cette attaque inflige 30 dégâts supplémentaires.","damage":50},{"cost":["Feu","Feu","Incolore","Incolore"],"name":"Flammes de Bravoure","effect":"Lancez une pièce. Si c'est pile, ce Pokémon s'inflige 50 dégâts.","damage":150}],"weaknesses":[{"type":"Eau","value":"×2"}],"retreat":3,"legal":{"standard":false,"expanded":true}},{"category":"Pokémon","id":"bwp-BW37","illustrator":"Shizurow","image":"https://assets.tcgdex.net/fr/bw/bwp/BW37","localId":"BW37","name":"Kyurem ex","rarity":"Rare","set":{"cardCount":{"official":101,"total":101},"id":"bwp","name":"Promo BW","symbol":"https://assets.tcgdex.net/univ/bw/bwp/symbol"},"variants":{"firstEdition":false,"holo":true,"normal":true,"reverse":true,"wPromo":false},"dexId":[646],"hp":180,"types":["Eau"],"suffix":"EX","attacks":[{"cost":["Eau","Incolore","Incolore"],"name":"Ailes Gelées","effect":"Défaussez une Énergie spéciale attachée au Pokémon Défenseur.","damage":60},{"cost":["Eau","Eau","Incolore","Incolore"],"name":"Tempêtegrêle","effect":"Ce Pokémon ne peut pas utiliser Tempêtegrêle pendant votre prochain tour.","damage":120}],"weaknesses":[{"type":"Métal","value":"×2"}],"retreat":3,"legal":{"standard":false,"expanded":true}},{"category":"Pokémon","id":"bwp-BW38","illustrator":"Shizurow","image":"https://assets.tcgdex.net/fr/bw/bwp/BW38","localId":"BW38","name":"Zekrom ex","rarity":"Rare","set":{"cardCount":{"official":101,"total":101},"id":"bwp","name":"Promo BW","symbol":"https://assets.tcgdex.net/univ/bw/bwp/symbol"},"variants":{"firstEdition":false,"holo":true,"normal":true,"reverse":true,"wPromo":false},"dexId":[644],"hp":180,"types":["Électrique"],"suffix":"EX","attacks":[{"cost":["Électrique","Incolore","Incolore"],"name":"Griffe Scintillante","effect":"Lancez une pièce. Si c'est face, cette attaque inflige 30 dégâts supplémentaires.","damage":50},{"cost":["Électrique","Électrique","Incolore","Incolore"],"name":"Décharge Foudroyante","effect":"Défaussez 2 Énergies attachées à ce Pokémon.","damage":150}],"weaknesses":[{"type":"Combat","value":"×2"}],"retreat":3,"legal":{"standard":false,"expanded":true}},{"category":"Dresseur","id":"bwp-BW39","illustrator":"Hideaki Hakozaki","image":"https://assets.tcgdex.net/fr/bw/bwp/BW39","localId":"BW39","name":"Ville Combat","rarity":"Commune","set":{"cardCount":{"official":101,"total":101},"id":"bwp","name":"Promo BW","symbol":"https://assets.tcgdex.net/univ/bw/bwp/symbol"},"variants":{"firstEdition":false,"holo":true,"normal":true,"reverse":true,"wPromo":false},"effect":"Une seule fois pendant le tour de chaque joueur, ce joueur peut lancer une pièce. Si c’est face, ce joueur pioche une carte.","trainerType":"Stade","legal":{"standard":false,"expanded":true}},{"category":"Pokémon","id":"bwp-BW40","illustrator":"Shin Nagasawa","image":"https://assets.tcgdex.net/fr/bw/bwp/BW40","localId":"BW40","name":"Pyrax","rarity":"Rare","set":{"cardCount":{"official":101,"total":101},"id":"bwp","name":"Promo BW","symbol":"https://assets.tcgdex.net/univ/bw/bwp/symbol"},"variants":{"firstEdition":false,"holo":true,"normal":true,"reverse":true,"wPromo":false},"dexId":[637],"hp":110,"types":["Feu"],"evolveFrom":"Pyronille","stage":"Niveau 1","abilities":[{"type":"Talent","name":"Écailles Brûlantes","effect":"Placez 4 marqueurs de dégâts au lieu de 2 sur le Pokémon Brûlé de votre adversaire entre chaque tour."}],"attacks":[{"cost":["Feu","Incolore","Incolore"],"name":"Vent Torride","effect":"Vous pouvez défausser une Énergie attachée à ce Pokémon. Dans ce cas, le Pokémon Défenseur est maintenant Brûlé.","damage":70}],"weaknesses":[{"type":"Eau","value":"×2"}],"retreat":3,"legal":{"standard":false,"expanded":true}},{"category":"Pokémon","id":"bwp-BW41","illustrator":"5ban Graphics","image":"https://assets.tcgdex.net/fr/bw/bwp/BW41","localId":"BW41","name":"Fulguris","rarity":"Rare","set":{"cardCount":{"official":101,"total":101},"id":"bwp","name":"Promo BW","symbol":"https://assets.tcgdex.net/univ/bw/bwp/symbol"},"variants":{"firstEdition":false,"holo":true,"normal":true,"reverse":true,"wPromo":false},"dexId":[642],"hp":110,"types":["Électrique"],"stage":"De base","attacks":[{"cost":["Incolore"],"name":"Chargeur","effect":"Cherchez une carte Énergie Lightning dans votre deck et attachez-la à ce Pokémon. Mélangez ensuite votre deck."},{"cost":["Électrique","Électrique","Incolore"],"name":"Éclair Désastre","effect":"Défaussez une Énergie attachée à ce Pokémon.","damage":80}],"weaknesses":[{"type":"Combat","value":"×2"}],"retreat":1,"legal":{"standard":false,"expanded":true}},{"category":"Pokémon","id":"bwp-BW42","illustrator":"5ban Graphics","image":"https://assets.tcgdex.net/fr/bw/bwp/BW42","localId":"BW42","name":"Boréas","rarity":"Rare","set":{"cardCount":{"official":101,"total":101},"id":"bwp","name":"Promo BW","symbol":"https://assets.tcgdex.net/univ/bw/bwp/symbol"},"variants":{"firstEdition":false,"holo":true,"normal":true,"reverse":true,"wPromo":false},"dexId":[641],"hp":110,"types":["Incolore"],"stage":"De base","attacks":[{"cost":["Incolore"],"name":"Roue d'Énergie","effect":"Déplacez une Énergie de l'un de vos Pokémon de Banc vers ce Pokémon."},{"cost":["Incolore","Incolore","Incolore"],"name":"Vent Violent","effect":"Déplacez une Énergie de base de ce Pokémon vers 1 de vos Pokémon de Banc.","damage":80}],"weaknesses":[{"type":"Électrique","value":"×2"}],"resistances":[{"type":"Combat","value":"-20"}],"retreat":1,"legal":{"standard":false,"expanded":true}},{"category":"Pokémon","id":"bwp-BW43","illustrator":"5ban Graphics","image":"https://assets.tcgdex.net/fr/bw/bwp/BW43","localId":"BW43","name":"Démétéros","rarity":"Rare","set":{"cardCount":{"official":101,"total":101},"id":"bwp","name":"Promo BW","symbol":"https://assets.tcgdex.net/univ/bw/bwp/symbol"},"variants":{"firstEdition":false,"holo":true,"normal":true,"reverse":true,"wPromo":false},"dexId":[645],"hp":110,"types":["Combat"],"stage":"De base","attacks":[{"cost":["Combat"],"name":"Récolte Abondante","effect":"Attachez une carte Énergie de base de votre pile de défausse à ce Pokémon."},{"cost":["Combat","Combat","Incolore"],"name":"Marteau de Gaïa","effect":"Inflige 10 dégâts à chaque Pokémon de Banc (les vôtres et ceux de votre adversaire). (N'appliquez ni la Faiblesse ni la Résistance aux Pokémon de Banc.)","damage":80}],"weaknesses":[{"type":"Eau","value":"×2"}],"resistances":[{"type":"Électrique","value":"-20"}],"retreat":1,"legal":{"standard":false,"expanded":true}},{"category":"Pokémon","id":"bwp-BW44","illustrator":"5ban Graphics","image":"https://assets.tcgdex.net/fr/bw/bwp/BW44","localId":"BW44","name":"Kyurem","rarity":"Rare","set":{"cardCount":{"official":101,"total":101},"id":"bwp","name":"Promo BW","symbol":"https://assets.tcgdex.net/univ/bw/bwp/symbol"},"variants":{"firstEdition":false,"holo":true,"normal":true,"reverse":true,"wPromo":false},"dexId":[646],"hp":130,"types":["Eau"],"stage":"De base","attacks":[{"cost":["Incolore","Incolore"],"name":"Colère","effect":"Inflige 10 dégâts supplémentaires pour chaque marqueur de dégâts placé sur ce Pokémon.","damage":20},{"cost":["Eau","Eau","Incolore"],"name":"Ère Glaciaire","effect":"Cette attaque inflige 30 dégâts à chacun des Pokémon de votre adversaire. (N'appliquez ni la Faiblesse ni la Résistance aux Pokémon de Banc.)"}],"weaknesses":[{"type":"Métal","value":"×2"}],"retreat":2,"legal":{"standard":false,"expanded":true}},{"category":"Pokémon","id":"bwp-BW45","illustrator":"Shizurow","image":"https://assets.tcgdex.net/fr/bw/bwp/BW45","localId":"BW45","name":"Mewtwo ex","rarity":"Rare","set":{"cardCount":{"official":101,"total":101},"id":"bwp","name":"Promo BW","symbol":"https://assets.tcgdex.net/univ/bw/bwp/symbol"},"variants":{"firstEdition":false,"holo":true,"normal":true,"reverse":true,"wPromo":false},"dexId":[150],"hp":170,"types":["Psy"],"suffix":"EX","attacks":[{"cost":["Incolore","Incolore"],"name":"X Ball","effect":"Inflige 20 dégâts multipliés par le nombre d'Énergies attachées à ce Pokémon et au Pokémon Défenseur.","damage":20},{"cost":["Psy","Psy","Incolore"],"name":"Psykoforce","effect":"Défaussez une Énergie attachée à ce Pokémon.","damage":120}],"weaknesses":[{"type":"Psy","value":"×2"}],"retreat":2,"legal":{"standard":false,"expanded":true}},{"category":"Pokémon","id":"bwp-BW46","illustrator":"Shizurow","image":"https://assets.tcgdex.net/fr/bw/bwp/BW46","localId":"BW46","name":"Darkrai ex","rarity":"Rare","set":{"cardCount":{"official":101,"total":101},"id":"bwp","name":"Promo BW","symbol":"https://assets.tcgdex.net/univ/bw/bwp/symbol"},"variants":{"firstEdition":false,"holo":true,"normal":true,"reverse":true,"wPromo":false},"dexId":[491],"hp":180,"types":["Obscurité"],"suffix":"EX","abilities":[{"type":"Talent","name":"Cape Obscure","effect":"Chacun de vos Pokémon auquel de l'Énergie Darkness est attachée n'a pas de coût de Retraite."}],"attacks":[{"cost":["Obscurité","Obscurité","Incolore"],"name":"Javelot Nocturne","effect":"Inflige 30 dégâts à 1 des Pokémon de Banc de votre adversaire. (N'appliquez ni la Faiblesse ni la Résistance aux Pokémon de Banc.)","damage":90}],"weaknesses":[{"type":"Combat","value":"×2"}],"resistances":[{"type":"Psy","value":"-20"}],"retreat":2,"legal":{"standard":false,"expanded":true}},{"category":"Pokémon","id":"bwp-BW47","illustrator":"Eske Yoshinob","image":"https://assets.tcgdex.net/fr/bw/bwp/BW47","localId":"BW47","name":"Rayquaza ex","rarity":"Rare","set":{"cardCount":{"official":101,"total":101},"id":"bwp","name":"Promo BW","symbol":"https://assets.tcgdex.net/univ/bw/bwp/symbol"},"variants":{"firstEdition":false,"holo":true,"normal":true,"reverse":true,"wPromo":false},"dexId":[384],"hp":170,"types":["Dragon"],"suffix":"EX","attacks":[{"cost":["Incolore"],"name":"Cri du Ciel","effect":"Défaussez les 3 cartes du dessus de votre deck. Si vous y trouvez des cartes Énergie, attachez-les à ce Pokémon."},{"cost":["Feu","Électrique"],"name":"Fureur du Dragon","effect":"Défaussez toutes les Énergies Fire de base ou toutes les Énergies Lightning de base attachées à ce Pokémon. Cette attaque inflige 60 dégâts multipliés par le nombre de cartes Énergie que vous avez défaussées.","damage":60}],"weaknesses":[{"type":"Dragon","value":"×2"}],"retreat":1,"legal":{"standard":false,"expanded":true}},{"category":"Pokémon","id":"bwp-BW48","illustrator":"HiRON","image":"https://assets.tcgdex.net/fr/bw/bwp/BW48","localId":"BW48","name":"Altaria","rarity":"Commune","set":{"cardCount":{"official":101,"total":101},"id":"bwp","name":"Promo BW","symbol":"https://assets.tcgdex.net/univ/bw/bwp/symbol"},"variants":{"firstEdition":false,"holo":true,"normal":true,"reverse":true,"wPromo":false},"dexId":[334],"hp":70,"types":["Dragon"],"evolveFrom":"Swablu","stage":"Niveau 1","abilities":[{"type":"Talent","name":"Hymne au Combat","effect":"Les attaques de vos Pokémon Dragon infligent 20 dégâts supplémentaires aux Pokémon Actifs (avant application de la Faiblesse et de la Résistance)."}],"attacks":[{"cost":["Eau","Métal","Incolore"],"name":"Glissement","damage":40}],"weaknesses":[{"type":"Dragon","value":"×2"}],"retreat":1,"legal":{"standard":false,"expanded":true}},{"category":"Pokémon","id":"bwp-BW49","illustrator":"Naoki Saito","image":"https://assets.tcgdex.net/fr/bw/bwp/BW49","localId":"BW49","name":"Fragilady","rarity":"Commune","set":{"cardCount":{"official":101,"total":101},"id":"bwp","name":"Promo BW","symbol":"https://assets.tcgdex.net/univ/bw/bwp/symbol"},"variants":{"firstEdition":false,"holo":true,"normal":true,"reverse":true,"wPromo":false},"dexId":[549],"hp":90,"types":["Plante"],"evolveFrom":"Petilil","stage":"Niveau 1","attacks":[{"cost":["Incolore"],"name":"Mentor","effect":"Cherchez une carte Supporter dans votre deck, montrez-la, puis ajoutez-la à votre main. Mélangez ensuite votre deck."},{"cost":["Plante","Incolore"],"name":"Danse-Rêve","effect":"Ce Pokémon et le Pokémon Défenseur sont maintenant Endormis.","damage":30}],"weaknesses":[{"type":"Feu","value":"×2"}],"resistances":[{"type":"Eau","value":"-20"}],"retreat":1,"legal":{"standard":false,"expanded":true}},{"category":"Dresseur","id":"bwp-BW50","image":"https://assets.tcgdex.net/fr/bw/bwp/BW50","localId":"BW50","name":"Plage Tropicale","rarity":"Commune","set":{"cardCount":{"official":101,"total":101},"id":"bwp","name":"Promo BW","symbol":"https://assets.tcgdex.net/univ/bw/bwp/symbol"},"variants":{"firstEdition":false,"holo":true,"normal":true,"reverse":true,"wPromo":false},"effect":"Une seule fois pendant le tour de chaque joueur, ce joueur peut piocher des cartes jusqu'à ce qu'il ait 7 cartes dans sa main. Dans ce cas, son tour est terminé.","trainerType":"Stade","legal":{"standard":false,"expanded":true}},{"category":"Pokémon","id":"bwp-BW51","illustrator":"5ban Graphics","image":"https://assets.tcgdex.net/fr/bw/bwp/BW51","localId":"BW51","name":"Nostenfer","rarity":"Rare","set":{"cardCount":{"official":101,"total":101},"id":"bwp","name":"Promo BW","symbol":"https://assets.tcgdex.net/univ/bw/bwp/symbol"},"variants":{"firstEdition":false,"holo":true,"normal":true,"reverse":true,"wPromo":false},"dexId":[169],"hp":130,"types":["Psy"],"evolveFrom":"Nosferalto","stage":"Niveau 2","abilities":[{"type":"Talent","name":"Vision de Nuit","effect":"Une seule fois pendant votre tour (avant votre attaque), vous pouvez piocher une carte."}],"attacks":[{"cost":["Psy","Incolore","Incolore"],"name":"Croc Ultratoxik","effect":"Le Pokémon Défenseur est maintenant Empoisonné. Placez 4 marqueurs de dégâts au lieu d'un sur le Pokémon ciblé entre chaque tour.","damage":40}],"weaknesses":[{"type":"Électrique","value":"×2"}],"resistances":[{"type":"Combat","value":"-20"}],"legal":{"standard":false,"expanded":true}},{"category":"Pokémon","id":"bwp-BW52","illustrator":"Mizue","image":"https://assets.tcgdex.net/fr/bw/bwp/BW52","localId":"BW52","name":"Ponchiot","rarity":"Commune","set":{"cardCount":{"official":101,"total":101},"id":"bwp","name":"Promo BW","symbol":"https://assets.tcgdex.net/univ/bw/bwp/symbol"},"variants":{"firstEdition":false,"holo":true,"normal":true,"reverse":true,"wPromo":false},"dexId":[506],"hp":50,"types":["Incolore"],"stage":"De base","attacks":[{"cost":["Incolore","Incolore"],"name":"Asticotage","effect":"Lancez une pièce. Si c'est face, cette attaque inflige 10 dégâts supplémentaires.","damage":10}],"weaknesses":[{"type":"Combat","value":"×2"}],"retreat":1,"legal":{"standard":false,"expanded":true}},{"category":"Pokémon","id":"bwp-BW53","illustrator":"BERUBURI","image":"https://assets.tcgdex.net/fr/bw/bwp/BW53","localId":"BW53","name":"Libégon","rarity":"Rare","set":{"cardCount":{"official":101,"total":101},"id":"bwp","name":"Promo BW","symbol":"https://assets.tcgdex.net/univ/bw/bwp/symbol"},"variants":{"firstEdition":false,"holo":true,"normal":true,"reverse":true,"wPromo":false},"dexId":[330],"hp":140,"types":["Dragon"],"evolveFrom":"Vibraninf","stage":"Niveau 2","abilities":[{"type":"Talent","name":"Prison de Sable","effect":"N'importe quand entre chaque tour, si ce Pokémon est votre Pokémon Actif, placez 1 marqueur de dégâts sur chacun des Pokémon de votre adversaire."}],"attacks":[{"cost":["Plante","Combat","Incolore","Incolore"],"name":"Dérouillée Volante","effect":"Vous pouvez défausser une Énergie Grass et une Énergie Fighting attachées à ce Pokémon. Dans ce cas, le Pokémon Défenseur est maintenant Paralysé.","damage":80}],"weaknesses":[{"type":"Dragon","value":"×2"}],"retreat":1,"legal":{"standard":false,"expanded":true}},{"category":"Pokémon","id":"bwp-BW54","illustrator":"5ban Graphics","image":"https://assets.tcgdex.net/fr/bw/bwp/BW54","localId":"BW54","name":"Pikachu","rarity":"Commune","set":{"cardCount":{"official":101,"total":101},"id":"bwp","name":"Promo BW","symbol":"https://assets.tcgdex.net/univ/bw/bwp/symbol"},"variants":{"firstEdition":false,"holo":true,"normal":true,"reverse":true,"wPromo":false},"dexId":[25],"hp":60,"types":["Électrique"],"stage":"De base","attacks":[{"cost":["Électrique"],"name":"Vive-Attaque","effect":"Lancez une pièce. Si c'est face, cette attaque inflige 10 dégâts supplémentaires.","damage":10},{"cost":["Électrique","Électrique","Incolore"],"name":"Boule Élek","damage":50}],"weaknesses":[{"type":"Combat","value":"×2"}],"retreat":1,"legal":{"standard":false,"expanded":true}},{"category":"Pokémon","id":"bwp-BW55","illustrator":"Mizue","image":"https://assets.tcgdex.net/fr/bw/bwp/BW55","localId":"BW55","name":"Lewsor","rarity":"Commune","set":{"cardCount":{"official":101,"total":101},"id":"bwp","name":"Promo BW","symbol":"https://assets.tcgdex.net/univ/bw/bwp/symbol"},"variants":{"firstEdition":false,"holo":true,"normal":true,"reverse":true,"wPromo":false},"dexId":[605],"hp":60,"types":["Psy"],"stage":"De base","abilities":[{"type":"Talent","name":"Bouclier Faiblesse","effect":"Si de l'Énergie Psychic est attachée à ce Pokémon, ce Pokémon n'a pas de Faiblesse."}],"attacks":[{"cost":["Incolore","Incolore"],"name":"Coup d'Poing Éclair","effect":"Lancez une pièce. Si c'est face, cette attaque inflige 20 dégâts supplémentaires.","damage":10}],"weaknesses":[{"type":"Psy","value":"×2"}],"retreat":1,"legal":{"standard":false,"expanded":true}},{"category":"Pokémon","id":"bwp-BW56","illustrator":"Shin Nagasawa","image":"https://assets.tcgdex.net/fr/bw/bwp/BW56","localId":"BW56","name":"Pingoléon","rarity":"Commune","set":{"cardCount":{"official":101,"total":101},"id":"bwp","name":"Promo BW","symbol":"https://assets.tcgdex.net/univ/bw/bwp/symbol"},"variants":{"firstEdition":false,"holo":true,"normal":true,"reverse":true,"wPromo":false},"dexId":[395],"hp":140,"types":["Eau"],"evolveFrom":"Prinplouf","stage":"Niveau 2","attacks":[{"cost":["Eau"],"name":"Furie","effect":"Lancez 3 pièces. Cette attaque inflige 30 dégâts multipliés par le nombre de côtés face.","damage":30},{"cost":["Eau","Incolore","Incolore"],"name":"Écrasement Net","effect":"Vous pouvez défausser une Énergie attachée à ce Pokémon. Dans ce cas, défaussez une Énergie attachée au Pokémon Défenseur.","damage":70}],"weaknesses":[{"type":"Électrique","value":"×2"}],"retreat":2,"legal":{"standard":false,"expanded":true}},{"category":"Pokémon","id":"bwp-BW57","illustrator":"kawayoo","image":"https://assets.tcgdex.net/fr/bw/bwp/BW57","localId":"BW57","name":"Tranchodon","rarity":"Commune","set":{"cardCount":{"official":101,"total":101},"id":"bwp","name":"Promo BW","symbol":"https://assets.tcgdex.net/univ/bw/bwp/symbol"},"variants":{"firstEdition":false,"holo":true,"normal":true,"reverse":true,"wPromo":false},"dexId":[612],"hp":140,"types":["Dragon"],"evolveFrom":"Incisache","stage":"Niveau 2","attacks":[{"cost":["Métal","Incolore"],"name":"Pression Cuirassée","effect":"Pendant le prochain tour de votre adversaire, tous les dégâts infligés à ce Pokémon par des attaques sont réduits de 20 (après application de la Faiblesse et de la Résistance).","damage":40},{"cost":["Combat","Métal","Incolore"],"name":"Double Baffe","effect":"Lancez 2 pièces. Cette attaque inflige 90 dégâts multipliés par le nombre de côtés face.","damage":90}],"weaknesses":[{"type":"Dragon","value":"×2"}],"retreat":3,"legal":{"standard":false,"expanded":true}},{"category":"Pokémon","id":"bwp-BW58","illustrator":"5ban Graphics","image":"https://assets.tcgdex.net/fr/bw/bwp/BW58","localId":"BW58","name":"Kyurem Noir","rarity":"Rare","set":{"cardCount":{"official":101,"total":101},"id":"bwp","name":"Promo BW","symbol":"https://assets.tcgdex.net/univ/bw/bwp/symbol"},"variants":{"firstEdition":false,"holo":true,"normal":true,"reverse":true,"wPromo":false},"dexId":[646],"hp":130,"types":["Dragon"],"stage":"De base","attacks":[{"cost":["Électrique","Incolore"],"name":"Paire de Griffes","effect":"Lancez 2 pièces. Cette attaque inflige 20 dégâts multipliés par le nombre de côtés face.","damage":20},{"cost":["Eau","Électrique","Incolore","Incolore"],"name":"Tonnerre de Glace","effect":"Défaussez une Énergie attachée à ce Pokémon.","damage":100}],"weaknesses":[{"type":"Dragon","value":"×2"}],"retreat":2,"legal":{"standard":false,"expanded":true}},{"category":"Pokémon","id":"bwp-BW59","illustrator":"5ban Graphics","image":"https://assets.tcgdex.net/fr/bw/bwp/BW59","localId":"BW59","name":"Kyurem Blanc","rarity":"Rare","set":{"cardCount":{"official":101,"total":101},"id":"bwp","name":"Promo BW","symbol":"https://assets.tcgdex.net/univ/bw/bwp/symbol"},"variants":{"firstEdition":false,"holo":true,"normal":true,"reverse":true,"wPromo":false},"dexId":[646],"hp":130,"types":["Dragon"],"stage":"De base","attacks":[{"cost":["Feu","Incolore"],"name":"Charge Destructrice","effect":"Lancez une pièce jusqu'à ce que vous obteniez un côté pile. Cette attaque inflige 20 dégâts multipliés par le nombre de côtés face.","damage":20},{"cost":["Feu","Eau","Incolore","Incolore"],"name":"Flammes de Glace","effect":"Lancez une pièce. Si c'est face, cette attaque inflige 40 dégâts supplémentaires.","damage":80}],"weaknesses":[{"type":"Dragon","value":"×2"}],"retreat":2,"legal":{"standard":false,"expanded":true}},{"category":"Pokémon","id":"bwp-BW60","illustrator":"5ban Graphics","image":"https://assets.tcgdex.net/fr/bw/bwp/BW60","localId":"BW60","name":"Keldeo","rarity":"Commune","set":{"cardCount":{"official":101,"total":101},"id":"bwp","name":"Promo BW","symbol":"https://assets.tcgdex.net/univ/bw/bwp/symbol"},"variants":{"firstEdition":false,"holo":true,"normal":true,"reverse":true,"wPromo":false},"dexId":[647],"hp":90,"types":["Eau"],"stage":"De base","attacks":[{"cost":["Incolore"],"name":"Danse-Lames","effect":"Pendant votre prochain tour, les dégâts de base de l'attaque Hydrolame de ce Pokémon sont de 120."},{"cost":["Eau","Eau","Incolore"],"name":"Hydrolame","damage":60}],"weaknesses":[{"type":"Plante","value":"×2"}],"retreat":1,"legal":{"standard":false,"expanded":true}},{"category":"Pokémon","id":"bwp-BW61","illustrator":"Toyste Beach","image":"https://assets.tcgdex.net/fr/bw/bwp/BW61","localId":"BW61","name":"Keldeo ex","rarity":"Rare","set":{"cardCount":{"official":101,"total":101},"id":"bwp","name":"Promo BW","symbol":"https://assets.tcgdex.net/univ/bw/bwp/symbol"},"variants":{"firstEdition":false,"holo":true,"normal":true,"reverse":true,"wPromo":false},"dexId":[647],"hp":170,"types":["Eau"],"suffix":"EX","abilities":[{"type":"Talent","name":"Intervention","effect":"Une seule fois pendant votre tour (avant votre attaque), si ce Pokémon est sur votre Banc, vous pouvez échanger ce Pokémon avec votre Pokémon Actif."}],"attacks":[{"cost":["Incolore","Incolore","Incolore"],"name":"Lame Ointe","effect":"Inflige 20 dégâts supplémentaires pour chaque Énergie Water attachée à ce Pokémon.","damage":50}],"weaknesses":[{"type":"Plante","value":"×2"}],"retreat":2,"legal":{"standard":false,"expanded":true}},{"category":"Pokémon","id":"bwp-BW62","illustrator":"Eske Yoshinob","image":"https://assets.tcgdex.net/fr/bw/bwp/BW62","localId":"BW62","name":"Kyurem Noir ex","rarity":"Rare","set":{"cardCount":{"official":101,"total":101},"id":"bwp","name":"Promo BW","symbol":"https://assets.tcgdex.net/univ/bw/bwp/symbol"},"variants":{"firstEdition":false,"holo":true,"normal":true,"reverse":true,"wPromo":false},"dexId":[646],"hp":180,"types":["Dragon"],"suffix":"EX","attacks":[{"cost":["Électrique","Incolore","Incolore"],"name":"Croc de Dragon","effect":"Lancez une pièce. Si c'est face, le Pokémon Défenseur est maintenant Paralysé.","damage":60},{"cost":["Eau","Électrique","Électrique","Incolore"],"name":"Éclair Gelé","effect":"Ce Pokémon ne peut pas attaquer pendant votre prochain tour.","damage":150}],"weaknesses":[{"type":"Dragon","value":"×2"}],"retreat":3,"legal":{"standard":false,"expanded":true}},{"category":"Pokémon","id":"bwp-BW63","illustrator":"Eske Yoshinob","image":"https://assets.tcgdex.net/fr/bw/bwp/BW63","localId":"BW63","name":"Kyurem Blanc ex","rarity":"Rare","set":{"cardCount":{"official":101,"total":101},"id":"bwp","name":"Promo BW","symbol":"https://assets.tcgdex.net/univ/bw/bwp/symbol"},"variants":{"firstEdition":false,"holo":true,"normal":true,"reverse":true,"wPromo":false},"dexId":[646],"hp":180,"types":["Dragon"],"suffix":"EX","attacks":[{"cost":["Feu","Incolore","Incolore"],"name":"Flux Draconique","effect":"Lancez une pièce. Si c'est face, attachez une carte Énergie de base de votre pile de défausse à ce Pokémon.","damage":60},{"cost":["Feu","Feu","Eau","Incolore"],"name":"Feu Glacé","effect":"Défaussez 2 Énergies Fire attachées à ce Pokémon. Le Pokémon Défenseur est maintenant Brûlé.","damage":150}],"weaknesses":[{"type":"Dragon","value":"×2"}],"retreat":3,"legal":{"standard":false,"expanded":true}},{"category":"Pokémon","id":"bwp-BW64","illustrator":"Naoki Saito","image":"https://assets.tcgdex.net/fr/bw/bwp/BW64","localId":"BW64","name":"Grodrive","rarity":"Commune","set":{"cardCount":{"official":101,"total":101},"id":"bwp","name":"Promo BW","symbol":"https://assets.tcgdex.net/univ/bw/bwp/symbol"},"variants":{"firstEdition":false,"holo":true,"normal":true,"reverse":true,"wPromo":false},"dexId":[426],"hp":100,"types":["Psy"],"evolveFrom":"Baudrive","stage":"Niveau 1","attacks":[{"cost":["Incolore"],"name":"Vol d'Ombre","effect":"Inflige 50 dégâts multipliés par le nombre de cartes Énergie spéciale dans la pile de défausse de votre adversaire.","damage":50},{"cost":["Psy","Incolore"],"name":"Placement Multiple","effect":"Placez 4 marqueurs de dégâts sur 1 des Pokémon de votre adversaire."}],"weaknesses":[{"type":"Obscurité","value":"×2"}],"retreat":1,"legal":{"standard":false,"expanded":true}},{"category":"Pokémon","id":"bwp-BW65","illustrator":"MAHOU","image":"https://assets.tcgdex.net/fr/bw/bwp/BW65","localId":"BW65","name":"Rondoudou","rarity":"Commune","set":{"cardCount":{"official":101,"total":101},"id":"bwp","name":"Promo BW","symbol":"https://assets.tcgdex.net/univ/bw/bwp/symbol"},"variants":{"firstEdition":false,"holo":true,"normal":true,"reverse":true,"wPromo":false},"dexId":[39],"hp":60,"types":["Incolore"],"stage":"De base","attacks":[{"cost":["Incolore"],"name":"Roulade Continue","effect":"Lancez une pièce jusqu’à ce que vous obteniez un côté pile. Cette attaque inflige 10 dégâts multipliés par le nombre de côtés face.","damage":10}],"weaknesses":[{"type":"Combat","value":"×2"}],"retreat":1,"legal":{"standard":false,"expanded":true}},{"category":"Pokémon","id":"bwp-BW66","illustrator":"Hideaki Hakozaki","image":"https://assets.tcgdex.net/fr/bw/bwp/BW66","localId":"BW66","name":"Feunard","rarity":"Commune","set":{"cardCount":{"official":101,"total":101},"id":"bwp","name":"Promo BW","symbol":"https://assets.tcgdex.net/univ/bw/bwp/symbol"},"variants":{"firstEdition":false,"holo":true,"normal":true,"reverse":true,"wPromo":false},"dexId":[38],"hp":90,"types":["Feu"],"evolveFrom":"Goupix","stage":"Niveau 1","abilities":[{"type":"Talent","name":"Regard Alerte","effect":"Lorsque vous jouez ce Pokémon de votre main pour faire évoluer 1 de vos Pokémon, vous pouvez échanger 1 des Pokémon de Banc de votre adversaire avec son Pokémon Actif."}],"attacks":[{"cost":["Feu"],"name":"Flamme Maudite","effect":"Inflige 50 dégâts supplémentaires pour chaque État Spécial affectant le Pokémon Défenseur.","damage":20}],"weaknesses":[{"type":"Eau","value":"×2"}],"retreat":1,"legal":{"standard":false,"expanded":true}},{"category":"Pokémon","id":"bwp-BW67","illustrator":"Naoki Saito","image":"https://assets.tcgdex.net/fr/bw/bwp/BW67","localId":"BW67","name":"Pharamp","rarity":"Commune","set":{"cardCount":{"official":101,"total":101},"id":"bwp","name":"Promo BW","symbol":"https://assets.tcgdex.net/univ/bw/bwp/symbol"},"variants":{"firstEdition":false,"holo":true,"normal":true,"reverse":true,"wPromo":false},"dexId":[181],"hp":140,"types":["Électrique"],"evolveFrom":"Lainergie","stage":"Niveau 2","attacks":[{"cost":["Électrique"],"name":"Étincelle Surprise","effect":"Cette attaque inflige 30 dégâts à 1 des Pokémon de votre adversaire. (N'appliquez ni la Faiblesse ni la Résistance aux Pokémon de Banc.)"},{"cost":["Électrique","Électrique","Incolore"],"name":"Canon Électrique","effect":"Vous pouvez défausser toutes les Énergies Lightning attachées à ce Pokémon. Dans ce cas, cette attaque inflige 60 dégâts supplémentaires.","damage":60}],"weaknesses":[{"type":"Combat","value":"×2"}],"retreat":2,"legal":{"standard":false,"expanded":true}},{"category":"Pokémon","id":"bwp-BW68","illustrator":"Naoki Saito","image":"https://assets.tcgdex.net/fr/bw/bwp/BW68","localId":"BW68","name":"Meloetta","rarity":"Commune","set":{"cardCount":{"official":101,"total":101},"id":"bwp","name":"Promo BW","symbol":"https://assets.tcgdex.net/univ/bw/bwp/symbol"},"variants":{"firstEdition":false,"holo":true,"normal":true,"reverse":true,"wPromo":false},"dexId":[648],"hp":80,"types":["Psy"],"stage":"De base","attacks":[{"cost":["Psy"],"name":"Berceuse","effect":"Le Pokémon Défenseur est maintenant Endormi."},{"cost":["Psy","Incolore","Incolore"],"name":"Brûlure Psy","damage":50}],"weaknesses":[{"type":"Psy","value":"×2"}],"retreat":1,"legal":{"standard":false,"expanded":true}},{"category":"Pokémon","id":"bwp-BW69","illustrator":"Shin Nagasawa","image":"https://assets.tcgdex.net/fr/bw/bwp/BW69","localId":"BW69","name":"Meloetta","rarity":"Commune","set":{"cardCount":{"official":101,"total":101},"id":"bwp","name":"Promo BW","symbol":"https://assets.tcgdex.net/univ/bw/bwp/symbol"},"variants":{"firstEdition":false,"holo":true,"normal":true,"reverse":true,"wPromo":false},"dexId":[648],"hp":80,"types":["Combat"],"stage":"De base","attacks":[{"cost":["Combat"],"name":"Claque","damage":10},{"cost":["Combat","Incolore","Incolore"],"name":"Acrobatie","effect":"Lancez 2 pièces. Cette attaque inflige 20 dégâts multipliés par le nombre de côtés face.","damage":40}],"weaknesses":[{"type":"Psy","value":"×2"}],"retreat":1,"legal":{"standard":false,"expanded":true}},{"category":"Pokémon","id":"bwp-BW70","illustrator":"5ban Graphics","image":"https://assets.tcgdex.net/fr/bw/bwp/BW70","localId":"BW70","name":"Viridium","rarity":"Commune","set":{"cardCount":{"official":101,"total":101},"id":"bwp","name":"Promo BW","symbol":"https://assets.tcgdex.net/univ/bw/bwp/symbol"},"variants":{"firstEdition":false,"holo":true,"normal":true,"reverse":true,"wPromo":false},"dexId":[640],"hp":100,"types":["Plante"],"stage":"De base","abilities":[{"type":"Talent","name":"Cœur Noble","effect":"Chaque attaque de ce Pokémon inflige 50 dégâts supplémentaires aux Pokémon Darkness (avant application de la Faiblesse et de la Résistance)."}],"attacks":[{"cost":["Plante","Incolore","Incolore"],"name":"Lame-Feuille","effect":"Lancez une pièce. Si c'est face, cette attaque inflige 30 dégâts supplémentaires.","damage":50}],"weaknesses":[{"type":"Feu","value":"×2"}],"resistances":[{"type":"Eau","value":"-20"}],"retreat":1,"legal":{"standard":false,"expanded":true}},{"category":"Pokémon","id":"bwp-BW71","illustrator":"5ban Graphics","image":"https://assets.tcgdex.net/fr/bw/bwp/BW71","localId":"BW71","name":"Terrakium","rarity":"Commune","set":{"cardCount":{"official":101,"total":101},"id":"bwp","name":"Promo BW","symbol":"https://assets.tcgdex.net/univ/bw/bwp/symbol"},"variants":{"firstEdition":false,"holo":true,"normal":true,"reverse":true,"wPromo":false},"dexId":[639],"hp":130,"types":["Combat"],"stage":"De base","abilities":[{"type":"Talent","name":"Cœur Noble","effect":"Chaque attaque de ce Pokémon inflige 50 dégâts supplémentaires aux Pokémon Darkness (avant application de la Faiblesse et de la Résistance)."}],"attacks":[{"cost":["Combat","Combat","Incolore","Incolore"],"name":"Coup Écrasant","effect":"Lancez une pièce. Si c'est face, défaussez une Énergie attachée au Pokémon Défenseur.","damage":80}],"weaknesses":[{"type":"Plante","value":"×2"}],"retreat":4,"legal":{"standard":false,"expanded":true}},{"category":"Pokémon","id":"bwp-BW72","illustrator":"5ban Graphics","image":"https://assets.tcgdex.net/fr/bw/bwp/BW72","localId":"BW72","name":"Cobaltium","rarity":"Commune","set":{"cardCount":{"official":101,"total":101},"id":"bwp","name":"Promo BW","symbol":"https://assets.tcgdex.net/univ/bw/bwp/symbol"},"variants":{"firstEdition":false,"holo":true,"normal":true,"reverse":true,"wPromo":false},"dexId":[638],"hp":120,"types":["Métal"],"stage":"De base","abilities":[{"type":"Talent","name":"Cœur Noble","effect":"Chaque attaque de ce Pokémon inflige 50 dégâts supplémentaires aux Pokémon Darkness (avant application de la Faiblesse et de la Résistance)."}],"attacks":[{"cost":["Métal","Métal","Incolore"],"name":"Tête de Fer","effect":"Lancez une pièce jusqu'à ce que vous obteniez un côté pile. Cette attaque inflige 20 dégâts supplémentaires pour chaque côté face.","damage":60}],"weaknesses":[{"type":"Feu","value":"×2"}],"resistances":[{"type":"Psy","value":"-20"}],"retreat":3,"legal":{"standard":false,"expanded":true}},{"category":"Pokémon","id":"bwp-BW73","illustrator":"5ban Graphics","image":"https://assets.tcgdex.net/fr/bw/bwp/BW73","localId":"BW73","name":"Darkrai","rarity":"Commune","set":{"cardCount":{"official":101,"total":101},"id":"bwp","name":"Promo BW","symbol":"https://assets.tcgdex.net/univ/bw/bwp/symbol"},"variants":{"firstEdition":false,"holo":true,"normal":true,"reverse":true,"wPromo":false},"dexId":[491],"hp":110,"types":["Obscurité"],"stage":"De base","attacks":[{"cost":["Obscurité","Incolore"],"name":"Cachette d'Ombre","effect":"Vous pouvez échanger ce Pokémon avec 1 de vos Pokémon de Banc.","damage":30},{"cost":["Obscurité","Obscurité","Incolore","Incolore"],"name":"Trou Obscur","effect":"Lancez une pièce. Si c'est face, le Pokémon Défenseur est maintenant Endormi.","damage":90}],"weaknesses":[{"type":"Combat","value":"×2"}],"resistances":[{"type":"Psy","value":"-20"}],"retreat":2,"legal":{"standard":false,"expanded":true}},{"category":"Pokémon","id":"bwp-BW74","illustrator":"5ban Graphics","image":"https://assets.tcgdex.net/fr/bw/bwp/BW74","localId":"BW74","name":"Giratina","rarity":"Commune","set":{"cardCount":{"official":101,"total":101},"id":"bwp","name":"Promo BW","symbol":"https://assets.tcgdex.net/univ/bw/bwp/symbol"},"variants":{"firstEdition":false,"holo":true,"normal":true,"reverse":true,"wPromo":false},"dexId":[487],"hp":130,"types":["Psy"],"stage":"De base","attacks":[{"cost":["Psy","Incolore","Incolore"],"name":"Châtiment","effect":"Si le Pokémon Défenseur est affecté par un État Spécial, cette attaque inflige 50 dégâts supplémentaires","damage":50},{"cost":["Psy","Psy","Incolore","Incolore"],"name":"Griffe Ombre","effect":"Défaussez au hasard une carte de la main de votre adversaire.","damage":90}],"weaknesses":[{"type":"Obscurité","value":"×2"}],"retreat":3,"legal":{"standard":false,"expanded":true}},{"category":"Pokémon","id":"bwp-BW75","illustrator":"5ban Graphics","image":"https://assets.tcgdex.net/fr/bw/bwp/BW75","localId":"BW75","name":"Métalosse","rarity":"Rare","set":{"cardCount":{"official":101,"total":101},"id":"bwp","name":"Promo BW","symbol":"https://assets.tcgdex.net/univ/bw/bwp/symbol"},"variants":{"firstEdition":false,"holo":true,"normal":true,"reverse":true,"wPromo":false},"dexId":[376],"hp":140,"types":["Psy"],"evolveFrom":"Métang","stage":"Niveau 2","abilities":[{"type":"Talent","name":"Recherche Plasma","effect":"Une seule fois pendant votre tour (avant votre attaque), vous pouvez chercher une carte de la Team Plasma dans votre deck, la montrer et l'ajouter à votre main. Mélangez ensuite votre deck. Vous ne pouvez pas utiliser une capacité spéciale du même nom pendant votre tour."}],"attacks":[{"cost":["Psy","Incolore","Incolore","Incolore"],"name":"Contrôleur d'Esprit","effect":"Le Pokémon Défenseur est maintenant Confus.","damage":60}],"weaknesses":[{"type":"Psy","value":"×2"}],"retreat":2,"legal":{"standard":false,"expanded":true}},{"category":"Pokémon","id":"bwp-BW76","illustrator":"5ban Graphics","image":"https://assets.tcgdex.net/fr/bw/bwp/BW76","localId":"BW76","name":"Électrode","rarity":"Commune","set":{"cardCount":{"official":101,"total":101},"id":"bwp","name":"Promo BW","symbol":"https://assets.tcgdex.net/univ/bw/bwp/symbol"},"variants":{"firstEdition":false,"holo":true,"normal":true,"reverse":true,"wPromo":false},"dexId":[101],"hp":100,"types":["Électrique"],"evolveFrom":"Voltorbe","stage":"Niveau 1","attacks":[{"cost":["Électrique"],"name":"Rayon Électrique","effect":"Lancez une pièce. Si c'est face, le Pokémon Défenseur est maintenant Paralysé.","damage":20},{"cost":["Électrique","Incolore","Incolore"],"name":"Destruction","effect":"Ce Pokémon s'inflige 100 dégâts.","damage":100}],"weaknesses":[{"type":"Combat","value":"×2"}],"legal":{"standard":false,"expanded":true}},{"category":"Pokémon","id":"bwp-BW79","illustrator":"5ban Graphics","image":"https://assets.tcgdex.net/fr/bw/bwp/BW79","localId":"BW79","name":"Démétéros","rarity":"Commune","set":{"cardCount":{"official":101,"total":101},"id":"bwp","name":"Promo BW","symbol":"https://assets.tcgdex.net/univ/bw/bwp/symbol"},"variants":{"firstEdition":false,"holo":true,"normal":true,"reverse":true,"wPromo":false},"dexId":[645],"hp":110,"types":["Combat"],"stage":"De base","attacks":[{"cost":["Combat","Incolore"],"name":"Extrasenseur","effect":"Si vous avez le même nombre de cartes dans votre main que votre adversaire, cette attaque inflige 30 dégâts supplémentaires.","damage":20},{"cost":["Combat","Combat","Incolore","Incolore"],"name":"Tomberoche","effect":"Le Pokémon Défenseur ne peut pas battre en retraite pendant le prochain tour de votre adversaire.","damage":90}],"weaknesses":[{"type":"Eau","value":"×2"}],"resistances":[{"type":"Électrique","value":"-20"}],"retreat":2,"legal":{"standard":false,"expanded":true}},{"category":"Pokémon","id":"bwp-BW80","illustrator":"5ban Graphics","image":"https://assets.tcgdex.net/fr/bw/bwp/BW80","localId":"BW80","name":"Drakkarmin","rarity":"Commune","set":{"cardCount":{"official":101,"total":101},"id":"bwp","name":"Promo BW","symbol":"https://assets.tcgdex.net/univ/bw/bwp/symbol"},"variants":{"firstEdition":false,"holo":true,"normal":true,"reverse":true,"wPromo":false},"dexId":[621],"hp":100,"types":["Dragon"],"stage":"De base","attacks":[{"cost":["Incolore"],"name":"Provoc","effect":"Échangez 1 des Pokémon de Banc de votre adversaire avec le Pokémon Défenseur."},{"cost":["Feu","Eau","Incolore"],"name":"Griffoboost","effect":"Pendant votre prochain tour, chaque attaque de ce Pokémon inflige 30 dégâts supplémentaires (avant application de la Faiblesse et de la Résistance).","damage":60}],"weaknesses":[{"type":"Dragon","value":"×2"}],"retreat":2,"legal":{"standard":false,"expanded":true}},{"category":"Pokémon","id":"bwp-BW81","illustrator":"Eske Yoshinob","image":"https://assets.tcgdex.net/fr/bw/bwp/BW81","localId":"BW81","name":"Fulguris ex","rarity":"Rare","set":{"cardCount":{"official":101,"total":101},"id":"bwp","name":"Promo BW","symbol":"https://assets.tcgdex.net/univ/bw/bwp/symbol"},"variants":{"firstEdition":false,"holo":true,"normal":true,"reverse":true,"wPromo":false},"dexId":[642],"hp":170,"types":["Électrique"],"suffix":"EX","attacks":[{"cost":["Électrique"],"name":"Appel Foudroyant","effect":"Attachez une carte Énergie de votre pile de défausse à 1 de vos Pokémon de la Team Plasma sur votre Banc.","damage":30},{"cost":["Électrique","Électrique","Incolore","Incolore"],"name":"Grondement Tonitruant","effect":"Si de l'Énergie Plasma est attachée à ce Pokémon, défaussez une Énergie attachée au Pokémon Défenseur.","damage":90}],"weaknesses":[{"type":"Combat","value":"×2"}],"retreat":1,"legal":{"standard":false,"expanded":true}},{"category":"Pokémon","id":"bwp-BW82","illustrator":"Eske Yoshinob","image":"https://assets.tcgdex.net/fr/bw/bwp/BW82","localId":"BW82","name":"Deoxys ex","rarity":"Rare","set":{"cardCount":{"official":101,"total":101},"id":"bwp","name":"Promo BW","symbol":"https://assets.tcgdex.net/univ/bw/bwp/symbol"},"variants":{"firstEdition":false,"holo":true,"normal":true,"reverse":true,"wPromo":false},"dexId":[386],"hp":170,"types":["Psy"],"suffix":"EX","abilities":[{"type":"Talent","name":"Connexion Renforcée","effect":"Les attaques de vos Pokémon de la Team Plasma (excepté Deoxys-EX) infligent 10 dégâts supplémentaires aux Pokémon Actifs (avant application de la Faiblesse et de la Résistance)."}],"attacks":[{"cost":["Psy","Incolore"],"name":"Force Spirale","effect":"Si de l'Énergie Plasma est attachée à ce Pokémon, cette attaque inflige 30 dégâts supplémentaires pour chaque Énergie attachée au Pokémon Défenseur.","damage":30}],"weaknesses":[{"type":"Psy","value":"×2"}],"retreat":2,"legal":{"standard":false,"expanded":true}},{"category":"Pokémon","id":"bwp-BW83","illustrator":"Toyste Beach","image":"https://assets.tcgdex.net/fr/bw/bwp/BW83","localId":"BW83","name":"Lugia ex","rarity":"Rare","set":{"cardCount":{"official":101,"total":101},"id":"bwp","name":"Promo BW","symbol":"https://assets.tcgdex.net/univ/bw/bwp/symbol"},"variants":{"firstEdition":false,"holo":true,"normal":true,"reverse":true,"wPromo":false},"dexId":[249],"hp":180,"types":["Incolore"],"suffix":"EX","abilities":[{"type":"Talent","name":"Inondation","effect":"Si le Pokémon de votre adversaire est mis K.O. par les dégâts d'une attaque de ce Pokémon, récupérez 1 carte Récompense supplémentaire."}],"attacks":[{"cost":["Incolore","Incolore","Incolore","Incolore"],"name":"Éclat Plasma","effect":"Défaussez une Énergie Plasma attachée à ce Pokémon. Si vous ne pouvez pas défausser une Énergie Plasma, cette attaque ne fait rien.","damage":120}],"weaknesses":[{"type":"Électrique","value":"×2"}],"resistances":[{"type":"Combat","value":"-20"}],"retreat":2,"legal":{"standard":false,"expanded":true}},{"category":"Pokémon","id":"bwp-BW84","illustrator":"5ban Graphics","image":"https://assets.tcgdex.net/fr/bw/bwp/BW84","localId":"BW84","name":"Porygon-Z","rarity":"Commune","set":{"cardCount":{"official":101,"total":101},"id":"bwp","name":"Promo BW","symbol":"https://assets.tcgdex.net/univ/bw/bwp/symbol"},"variants":{"firstEdition":false,"holo":true,"normal":true,"reverse":true,"wPromo":false},"dexId":[474],"hp":130,"types":["Incolore"],"evolveFrom":"Porygon2","stage":"Niveau 2","abilities":[{"type":"Talent","name":"Transfert Plasma","effect":"Autant de fois que vous le voulez pendant votre tour (avant votre attaque), vous pouvez déplacer une Énergie Plasma attachée à 1 de vos Pokémon vers un autre de vos Pokémon."}],"attacks":[{"cost":["Incolore","Incolore","Incolore"],"name":"Triplattaque","effect":"Lancez 3 pièces. Cette attaque inflige 50 dégâts multipliés par le nombre de côtés face.","damage":50}],"weaknesses":[{"type":"Combat","value":"×2"}],"retreat":1,"legal":{"standard":false,"expanded":true}},{"category":"Pokémon","id":"bwp-BW85","illustrator":"Masakazu Fukuda","image":"https://assets.tcgdex.net/fr/bw/bwp/BW85","localId":"BW85","name":"Lucario","rarity":"Commune","set":{"cardCount":{"official":101,"total":101},"id":"bwp","name":"Promo BW","symbol":"https://assets.tcgdex.net/univ/bw/bwp/symbol"},"variants":{"firstEdition":false,"holo":true,"normal":true,"reverse":true,"wPromo":false},"dexId":[448],"hp":100,"types":["Combat"],"evolveFrom":"Riolu","stage":"Niveau 1","abilities":[{"type":"Talent"}],"attacks":[{"cost":["Combat","Incolore","Incolore"],"name":"{Ability] Intuition","effect":"Lorsque vous jouez ce Pokémon de votre main pour faire évoluer 1 de vos Pokémon, vous pouvez piocher 2 cartes.","damage":60},{"cost":["Combat","Incolore","Incolore"],"name":"Poing Rapide","effect":"Lancez une pièce. Si c'est face, cette attaque inflige 30 dégâts supplémentaires.","damage":"60+"}],"weaknesses":[{"type":"Psy","value":"×2"}],"retreat":2,"legal":{"standard":false,"expanded":true}},{"category":"Pokémon","id":"bwp-BW86","illustrator":"5ban Graphics","image":"https://assets.tcgdex.net/fr/bw/bwp/BW86","localId":"BW86","name":"Genesect","rarity":"Commune","set":{"cardCount":{"official":101,"total":101},"id":"bwp","name":"Promo BW","symbol":"https://assets.tcgdex.net/univ/bw/bwp/symbol"},"variants":{"firstEdition":false,"holo":true,"normal":true,"reverse":true,"wPromo":false},"dexId":[649],"hp":100,"types":["Plante"],"stage":"De base","attacks":[{"cost":["Plante","Incolore"],"name":"Rayon Signal","effect":"Lancez une pièce. Si c'est face, le Pokémon Défenseur est maintenant Confus.","damage":30},{"cost":["Plante","Plante","Incolore","Incolore"],"name":"Boost Atomisant","effect":"Pendant votre prochain tour, l'attaque Boost Atomisant de ce Pokémon inflige 60 dégâts supplémentaires (avant application de la Faiblesse et de la Résistance).","damage":60}],"weaknesses":[{"type":"Feu","value":"×2"}],"retreat":2,"legal":{"standard":false,"expanded":true}},{"category":"Pokémon","id":"bwp-BW87","illustrator":"Illus.＆Direc.The Pokémon Company Art Team","image":"https://assets.tcgdex.net/fr/bw/bwp/BW87","localId":"BW87","name":"Phyllali","rarity":"Commune","set":{"cardCount":{"official":101,"total":101},"id":"bwp","name":"Promo BW","symbol":"https://assets.tcgdex.net/univ/bw/bwp/symbol"},"variants":{"firstEdition":false,"holo":true,"normal":true,"reverse":true,"wPromo":false},"dexId":[470],"hp":90,"types":["Plante"],"evolveFrom":"Évoli","stage":"Niveau 1","attacks":[{"cost":["Incolore"],"name":"Vive-Attaque","effect":"Lancez une pièce. Si c'est face, cette attaque inflige 30 dégâts supplémentaires.","damage":10},{"cost":["Plante","Incolore"],"name":"Assistance Énergétique","effect":"Attachez une carte Énergie de base de votre pile de défausse à l'un de vos Pokémon de Banc.","damage":40}],"weaknesses":[{"type":"Feu","value":"×2"}],"resistances":[{"type":"Eau","value":"-20"}],"retreat":1,"legal":{"standard":false,"expanded":true}},{"category":"Pokémon","id":"bwp-BW88","illustrator":"Illus.＆Direc.The Pokémon Company Art Team","image":"https://assets.tcgdex.net/fr/bw/bwp/BW88","localId":"BW88","name":"Pyroli","rarity":"Commune","set":{"cardCount":{"official":101,"total":101},"id":"bwp","name":"Promo BW","symbol":"https://assets.tcgdex.net/univ/bw/bwp/symbol"},"variants":{"firstEdition":false,"holo":true,"normal":true,"reverse":true,"wPromo":false},"dexId":[136],"hp":90,"types":["Feu"],"evolveFrom":"Évoli","stage":"Niveau 1","attacks":[{"cost":["Incolore"],"name":"Jet de Sable","effect":"Si le Pokémon Défenseur essaie d'attaquer pendant le prochain tour de votre adversaire, ce dernier lance une pièce. Si c’est pile, son attaque ne fait rien.","damage":20},{"cost":["Feu","Incolore","Incolore"],"name":"Flamme Tranchante","effect":"Vous pouvez défausser une Énergie Fire attachée à ce Pokémon. Dans ce cas, cette attaque inflige 30 dégâts supplémentaires.","damage":60}],"weaknesses":[{"type":"Eau","value":"×2"}],"retreat":1,"legal":{"standard":false,"expanded":true}},{"category":"Pokémon","id":"bwp-BW89","illustrator":"Illus.＆Direc.The Pokémon Company Art Team","image":"https://assets.tcgdex.net/fr/bw/bwp/BW89","localId":"BW89","name":"Aquali","rarity":"Commune","set":{"cardCount":{"official":101,"total":101},"id":"bwp","name":"Promo BW","symbol":"https://assets.tcgdex.net/univ/bw/bwp/symbol"},"variants":{"firstEdition":false,"holo":true,"normal":true,"reverse":true,"wPromo":false},"dexId":[134],"hp":110,"types":["Eau"],"evolveFrom":"Évoli","stage":"Niveau 1","attacks":[{"cost":["Incolore"],"name":"Ocroupi","effect":"Inflige 20 dégâts à 1 des Pokémon de Banc de votre adversaire. (N'appliquez ni la Faiblesse ni la Résistance aux Pokémon de Banc.)","damage":20},{"cost":["Eau","Incolore","Incolore"],"name":"Spirale Épuisante","effect":"Soignez 20 dégâts à ce Pokémon.","damage":60}],"weaknesses":[{"type":"Électrique","value":"×2"}],"retreat":2,"legal":{"standard":false,"expanded":true}},{"category":"Pokémon","id":"bwp-BW90","illustrator":"Illus.＆Direc.The Pokémon Company Art Team","image":"https://assets.tcgdex.net/fr/bw/bwp/BW90","localId":"BW90","name":"Givrali","rarity":"Commune","set":{"cardCount":{"official":101,"total":101},"id":"bwp","name":"Promo BW","symbol":"https://assets.tcgdex.net/univ/bw/bwp/symbol"},"variants":{"firstEdition":false,"holo":true,"normal":true,"reverse":true,"wPromo":false},"dexId":[471],"hp":90,"types":["Eau"],"evolveFrom":"Évoli","stage":"Niveau 1","attacks":[{"cost":["Incolore"],"name":"Vive-Attaque","effect":"Lancez une pièce. Si c'est face, cette attaque inflige 30 dégâts supplémentaires.","damage":10},{"cost":["Eau","Incolore"],"name":"Renvoi d'Énergie","effect":"Déplacez une Énergie de ce Pokémon vers 1 de vos Pokémon de Banc.","damage":40}],"weaknesses":[{"type":"Métal","value":"×2"}],"retreat":1,"legal":{"standard":false,"expanded":true}},{"category":"Pokémon","id":"bwp-BW91","illustrator":"Illus.＆Direc.The Pokémon Company Art Team","image":"https://assets.tcgdex.net/fr/bw/bwp/BW91","localId":"BW91","name":"Voltali","rarity":"Commune","set":{"cardCount":{"official":101,"total":101},"id":"bwp","name":"Promo BW","symbol":"https://assets.tcgdex.net/univ/bw/bwp/symbol"},"variants":{"firstEdition":false,"holo":true,"normal":true,"reverse":true,"wPromo":false},"dexId":[135],"hp":90,"types":["Électrique"],"evolveFrom":"Évoli","stage":"Niveau 1","attacks":[{"cost":["Incolore"],"name":"Pistolectrique","effect":"Vous pouvez défausser une Énergie Lightning attachée à ce Pokémon. Dans ce cas, cette attaque inflige 40 dégâts supplémentaires.","damage":20},{"cost":["Électrique","Incolore","Incolore"],"name":"Dard-Nuée","effect":"Lancez 4 pièces. Cette attaque inflige 40 dégâts multipliés par le nombre de côtés face.","damage":40}],"weaknesses":[{"type":"Combat","value":"×2"}],"legal":{"standard":false,"expanded":true}},{"category":"Pokémon","id":"bwp-BW92","illustrator":"Illus.＆Direc.The Pokémon Company Art Team","image":"https://assets.tcgdex.net/fr/bw/bwp/BW92","localId":"BW92","name":"Mentali","rarity":"Commune","set":{"cardCount":{"official":101,"total":101},"id":"bwp","name":"Promo BW","symbol":"https://assets.tcgdex.net/univ/bw/bwp/symbol"},"variants":{"firstEdition":false,"holo":true,"normal":true,"reverse":true,"wPromo":false},"dexId":[196],"hp":90,"types":["Psy"],"evolveFrom":"Évoli","stage":"Niveau 1","abilities":[{"type":"Talent","name":"Révélation Solaire","effect":"Évitez tous les effets des attaques de votre adversaire, excepté les dégâts, infligés à chacun de vos Pokémon auquel de l'Énergie est attachée."}],"attacks":[{"cost":["Psy","Incolore","Incolore"],"name":"Observation Psychique","effect":"Votre adversaire montre sa main.","damage":60}],"weaknesses":[{"type":"Psy","value":"×2"}],"retreat":1,"legal":{"standard":false,"expanded":true}},{"category":"Pokémon","id":"bwp-BW93","illustrator":"Illus.＆Direc.The Pokémon Company Art Team","image":"https://assets.tcgdex.net/fr/bw/bwp/BW93","localId":"BW93","name":"Noctali","rarity":"Commune","set":{"cardCount":{"official":101,"total":101},"id":"bwp","name":"Promo BW","symbol":"https://assets.tcgdex.net/univ/bw/bwp/symbol"},"variants":{"firstEdition":false,"holo":true,"normal":true,"reverse":true,"wPromo":false},"dexId":[197],"hp":100,"types":["Obscurité"],"evolveFrom":"Évoli","stage":"Niveau 1","attacks":[{"cost":["Incolore","Incolore"],"name":"Sangsue de l'Ombre","effect":"Soignez à ce Pokémon la même quantité de dégâts que vous avez infligée au Pokémon Défenseur.","damage":30},{"cost":["Obscurité","Incolore","Incolore"],"name":"Coup Déchirant","effect":"Ce Pokémon ne peut pas utiliser Coup Déchirant pendant votre prochain tour.","damage":80}],"weaknesses":[{"type":"Combat","value":"×2"}],"resistances":[{"type":"Psy","value":"-20"}],"retreat":2,"legal":{"standard":false,"expanded":true}},{"category":"Pokémon","id":"bwp-BW94","illustrator":"Illus.＆Direc.The Pokémon Company Art Team","image":"https://assets.tcgdex.net/fr/bw/bwp/BW94","localId":"BW94","name":"Évoli","rarity":"Commune","set":{"cardCount":{"official":101,"total":101},"id":"bwp","name":"Promo BW","symbol":"https://assets.tcgdex.net/univ/bw/bwp/symbol"},"variants":{"firstEdition":false,"holo":true,"normal":true,"reverse":true,"wPromo":false},"dexId":[133],"hp":60,"types":["Incolore"],"stage":"De base","attacks":[{"cost":["Incolore"],"name":"Rugissement","effect":"Pendant le prochain tour de votre adversaire, tous les dégâts infligés par des attaques du Pokémon Défenseur sont réduits de 20 (avant application de la Faiblesse et de la Résistance)."},{"cost":["Incolore","Incolore"],"name":"Vive-Attaque","effect":"Lancez une pièce. Si c'est face, cette attaque inflige 10 dégâts supplémentaires.","damage":10}],"weaknesses":[{"type":"Combat","value":"×2"}],"retreat":1,"legal":{"standard":false,"expanded":true}},{"category":"Dresseur","id":"bwp-BW95","illustrator":"Naoki Saito","image":"https://assets.tcgdex.net/fr/bw/bwp/BW95","localId":"BW95","name":"Festival des Champions","rarity":"Commune","set":{"cardCount":{"official":101,"total":101},"id":"bwp","name":"Promo BW","symbol":"https://assets.tcgdex.net/univ/bw/bwp/symbol"},"variants":{"firstEdition":false,"holo":true,"normal":true,"reverse":true,"wPromo":false},"effect":"Une seule fois pendant le tour de chaque joueur, si ce joueur a 6 Pokémon en jeu, il peut soigner 10 dégâts à chacun de ses Pokémon.","trainerType":"Stade","legal":{"standard":false,"expanded":true}},{"category":"Pokémon","id":"bwp-BW96","illustrator":"Ryo Ueda","image":"https://assets.tcgdex.net/fr/bw/bwp/BW96","localId":"BW96","name":"Boréas ex","rarity":"Commune","set":{"cardCount":{"official":101,"total":101},"id":"bwp","name":"Promo BW","symbol":"https://assets.tcgdex.net/univ/bw/bwp/symbol"},"variants":{"firstEdition":false,"holo":true,"normal":true,"reverse":true,"wPromo":false},"dexId":[641],"hp":170,"types":["Incolore"],"suffix":"EX","attacks":[{"cost":["Incolore","Incolore"],"name":"Grosse Bourrasque","effect":"S'il y a une carte Stade en jeu, cette attaque inflige 30 dégâts supplémentaires.","damage":30},{"cost":["Incolore","Incolore","Incolore"],"name":"Violente Déflagration","effect":"Lancez une pièce. Si c'est pile, défaussez une Énergie attachée à ce Pokémon.","damage":100},{"name":"Règle pour les Pokémon ex","effect":"Lorsqu'un Pokémon-EX est mis K.O., l'adversaire récupère 2 cartes Récompense."}],"weaknesses":[{"type":"Électrique","value":"×2"}],"resistances":[{"type":"Combat","value":"-20"}],"retreat":1,"legal":{"standard":false,"expanded":true}},{"category":"Pokémon","id":"bwp-BW97","illustrator":"Akira Komayama","image":"https://assets.tcgdex.net/fr/bw/bwp/BW97","localId":"BW97","name":"Évoli","rarity":"Commune","set":{"cardCount":{"official":101,"total":101},"id":"bwp","name":"Promo BW","symbol":"https://assets.tcgdex.net/univ/bw/bwp/symbol"},"variants":{"firstEdition":false,"holo":true,"normal":true,"reverse":true,"wPromo":false},"dexId":[133],"hp":60,"types":["Incolore"],"stage":"De base","attacks":[{"cost":["Incolore"],"name":"Rugissement","effect":"Pendant le prochain tour de votre adversaire, tous les dégâts infligés par des attaques du Pokémon Défenseur sont réduits de 20 (avant application de la Faiblesse et de la Résistance)."},{"cost":["Incolore","Incolore"],"name":"Vive-Attaque","effect":"Lancez une pièce. Si c'est face, cette attaque inflige 10 dégâts supplémentaires.","damage":10}],"weaknesses":[{"type":"Combat","value":"×2"}],"retreat":1,"legal":{"standard":false,"expanded":true}},{"category":"Pokémon","id":"bwp-BW98","illustrator":"Naoki Saito","image":"https://assets.tcgdex.net/fr/bw/bwp/BW98","localId":"BW98","name":"Mew","rarity":"Commune","set":{"cardCount":{"official":101,"total":101},"id":"bwp","name":"Promo BW","symbol":"https://assets.tcgdex.net/univ/bw/bwp/symbol"},"variants":{"firstEdition":false,"holo":true,"normal":true,"reverse":true,"wPromo":false},"dexId":[151],"hp":60,"types":["Psy"],"stage":"De base","abilities":[{"type":"Talent","name":"Psychoscan","effect":"Une seule fois pendant votre tour (avant votre attaque), si ce Pokémon est votre Pokémon Actif, vous pouvez demander à votre adversaire de montrer sa main."}],"attacks":[{"cost":["Psy"],"name":"Échange Psychique","effect":"Mélangez votre main avec votre deck. Ensuite, piochez 6 cartes."}],"weaknesses":[{"type":"Psy","value":"×2"}],"retreat":1,"legal":{"standard":false,"expanded":true}},{"category":"Pokémon","id":"bwp-BW99","illustrator":"5ban Graphics","image":"https://assets.tcgdex.net/fr/bw/bwp/BW99","localId":"BW99","name":"Genesect","rarity":"Commune","set":{"cardCount":{"official":101,"total":101},"id":"bwp","name":"Promo BW","symbol":"https://assets.tcgdex.net/univ/bw/bwp/symbol"},"variants":{"firstEdition":false,"holo":true,"normal":true,"reverse":true,"wPromo":false},"dexId":[649],"hp":110,"types":["Plante"],"stage":"De base","attacks":[{"cost":["Incolore","Incolore"],"name":"Ultralaser","effect":"Lancez une pièce. Si c'est face, défaussez une Énergie attachée au Pokémon Défenseur.","damage":30},{"cost":["Plante","Plante","Incolore"],"name":"Bazooka Infernal","effect":"Défaussez toutes les Énergies Grass attachées à ce Pokémon.","damage":100}],"weaknesses":[{"type":"Feu","value":"×2"}],"retreat":2,"legal":{"standard":false,"expanded":true}},{"category":"Dresseur","id":"bwp-BW100","illustrator":"Yusuke Ohmura","image":"https://assets.tcgdex.net/fr/bw/bwp/BW100","localId":"BW100","name":"N","rarity":"Peu Commune","set":{"cardCount":{"official":101,"total":101},"id":"bwp","name":"Promo BW","symbol":"https://assets.tcgdex.net/univ/bw/bwp/symbol"},"variants":{"firstEdition":false,"holo":true,"normal":true,"reverse":true,"wPromo":false},"effect":"Chaque joueur mélange sa main avec son deck. Ensuite, chaque joueur pioche une carte pour chacune des cartes Récompense qu'il lui reste.","trainerType":"Supporter","legal":{"standard":false,"expanded":true}},{"category":"Pokémon","id":"bwp-BW101","illustrator":"5ban Graphics","image":"https://assets.tcgdex.net/fr/bw/bwp/BW101","localId":"BW101","name":"Genesect","rarity":"Commune","set":{"cardCount":{"official":101,"total":101},"id":"bwp","name":"Promo BW","symbol":"https://assets.tcgdex.net/univ/bw/bwp/symbol"},"variants":{"firstEdition":false,"holo":true,"normal":true,"reverse":true,"wPromo":false},"dexId":[649],"hp":110,"types":["Plante"],"stage":"De base","attacks":[{"cost":["Incolore","Incolore"],"name":"Ultralaser","effect":"Lancez une pièce. Si c'est face, défaussez une Énergie attachée au Pokémon Défenseur.","damage":30},{"cost":["Plante","Plante","Incolore"],"name":"Bazooka Infernal","effect":"Défaussez toutes les Énergies Grass attachées à ce Pokémon.","damage":100}],"weaknesses":[{"type":"Feu","value":"×2"}],"retreat":2,"legal":{"standard":false,"expanded":true}}]