[{"category":"Pokémon","id":"base2-1","illustrator":"Mitsuhiro Arita","image":"https://assets.tcgdex.net/fr/base/base2/1","localId":"1","name":"Mélodelfe","rarity":"Rare","set":{"cardCount":{"official":64,"total":64},"id":"base2","name":"Jungle","symbol":"https://assets.tcgdex.net/univ/base/base2/symbol"},"variants":{"firstEdition":false,"holo":true,"normal":true,"reverse":true,"wPromo":false},"dexId":[36],"hp":70,"types":["Incolore"],"description":"Une sorte de petite fée très rare. Il se cache en apercevant un être humain.","stage":"Niveau 1","attacks":[{"cost":["Incolore"],"name":"Métronome","effect":"Choisissez 1 des attaques du Pokémon Défenseur. Métronome copie cette attaque à l'exception de son coût d'Énergie et de toute autre action requise pour utiliser cette attaque, comme par exemple, défausser des cartes Énergie. (Quel que soit le type du Pokémon Défenseur, Mélodelfe demeure de type Incolore.)"},{"cost":["Incolore","Incolore"],"name":"Lilliput","effect":"Tous les dégâts infligés à Mélodelfe par des attaques pendant le prochain tour de votre adversaire sont réduits de 20 (après application de la Faiblesse et de la Résistance)."}],"weaknesses":[{"type":"Combat","value":"×2"}],"resistances":[{"type":"Psy","value":"-30"}],"legal":{"standard":false,"expanded":false}},{"category":"Pokémon","id":"base2-2","illustrator":"Mitsuhiro Arita","image":"https://assets.tcgdex.net/fr/base/base2/2","localId":"2","name":"Électrode","rarity":"Rare","set":{"cardCount":{"official":64,"total":64},"id":"base2","name":"Jungle","symbol":"https://assets.tcgdex.net/univ/base/base2/symbol"},"variants":{"firstEdition":false,"holo":true,"normal":true,"reverse":true,"wPromo":false},"dexId":[101],"hp":90,"types":["Électrique"],"description":"Il emmagasine des quantités énormes de courant électrique sous pression pouvant exploser.","stage":"Niveau 1","attacks":[{"cost":["Incolore","Incolore"],"name":"Charge","damage":20},{"cost":["Électrique","Électrique","Électrique"],"name":"Rafale de foudre","effect":"Si le Pokémon Défenseur n'est pas de type Incolore, cette attaque inflige 10 dégâts à chacun des Pokémon du même type que le Pokémon Défenseur qui sont sur un Banc (y compris le vôtre).","damage":20}],"weaknesses":[{"type":"Combat","value":"×2"}],"legal":{"standard":false,"expanded":false}},{"category":"Pokémon","id":"base2-3","illustrator":"Kagemaru Himeno","image":"https://assets.tcgdex.net/fr/base/base2/3","localId":"3","name":"Pyroli","rarity":"Rare","set":{"cardCount":{"official":64,"total":64},"id":"base2","name":"Jungle","symbol":"https://assets.tcgdex.net/univ/base/base2/symbol"},"variants":{"firstEdition":false,"holo":true,"normal":true,"reverse":true,"wPromo":false},"dexId":[136],"hp":70,"types":["Feu"],"description":"Il peut accumuler suffisamment de chaleur pour atteindre des températures de 1600 degrés.","stage":"Niveau 1","attacks":[{"cost":["Incolore","Incolore"],"name":"Vive-attaque","effect":"Lancez une pièce. Si c'est face, cette attaque inflige 10 dégâts plus 20 dégâts supplémentaires ; si c'est pile, cette attaque inflige 10 dégâts.","damage":"10+"},{"cost":["Feu","Feu","Incolore","Incolore"],"name":"Lance-flammes","effect":"Défaussez 1 carte Énergie  attachée à Pyroli pour pouvoir utiliser cette attaque.","damage":60}],"weaknesses":[{"type":"Eau","value":"×2"}],"legal":{"standard":false,"expanded":false}},{"category":"Pokémon","id":"base2-4","illustrator":"Kagemaru Himeno","image":"https://assets.tcgdex.net/fr/base/base2/4","localId":"4","name":"Voltali","rarity":"Rare","set":{"cardCount":{"official":64,"total":64},"id":"base2","name":"Jungle","symbol":"https://assets.tcgdex.net/univ/base/base2/symbol"},"variants":{"firstEdition":false,"holo":true,"normal":true,"reverse":true,"wPromo":false},"dexId":[135],"hp":70,"types":["Électrique"],"description":"Il se charge d'électricité statique pour envoyer des décharges de 10000 volts.","stage":"Niveau 1","attacks":[{"cost":["Incolore","Incolore"],"name":"Vive-attaque","effect":"Lancez une pièce. Si c'est face, cette attaque inflige 10 dégâts plus 20 dégâts supplémentaires ; si c'est pile, cette attaque inflige 10 dégâts.","damage":"10+"},{"cost":["Électrique","Électrique","Incolore"],"name":"Dard-nuée","effect":"Lancez 4 pièces. Cette attaque inflige 20 dégâts multipliés par le nombre de faces.","damage":"20×"}],"weaknesses":[{"type":"Combat","value":"×2"}],"legal":{"standard":false,"expanded":false}},{"category":"Pokémon","id":"base2-5","illustrator":"Mitsuhiro Arita","image":"https://assets.tcgdex.net/fr/base/base2/5","localId":"5","name":"Kangourex","rarity":"Rare","set":{"cardCount":{"official":64,"total":64},"id":"base2","name":"Jungle","symbol":"https://assets.tcgdex.net/univ/base/base2/symbol"},"variants":{"firstEdition":false,"holo":true,"normal":true,"reverse":true,"wPromo":false},"dexId":[115],"hp":90,"types":["Incolore"],"description":"Son enfant ne quitte la poche ventrale protectrice qu'à l'âge de 3 ans.","stage":"De base","attacks":[{"cost":["Incolore"],"name":"Rapporte","effect":"Piochez une carte."},{"cost":["Incolore","Incolore","Incolore","Incolore"],"name":"Poing comète","effect":"Lancez 4 pièces. Cette attaque inflige 20 dégâts multipliés par le nombre de faces.","damage":"20×"}],"weaknesses":[{"type":"Combat","value":"×2"}],"resistances":[{"type":"Psy","value":"-30"}],"legal":{"standard":false,"expanded":false}},{"category":"Pokémon","id":"base2-6","illustrator":"Ken Sugimori","image":"https://assets.tcgdex.net/fr/base/base2/6","localId":"6","name":"M. Mime","rarity":"Rare","set":{"cardCount":{"official":64,"total":64},"id":"base2","name":"Jungle","symbol":"https://assets.tcgdex.net/univ/base/base2/symbol"},"variants":{"firstEdition":false,"holo":true,"normal":true,"reverse":true,"wPromo":false},"dexId":[122],"hp":40,"types":["Psy"],"description":"Dérangez-le pendant qu'il mime et il se battra en distribuant des volées de claques.","stage":"De base","abilities":[{"type":"Pouvoir Pokémon","name":"Mur invisible","effect":"Chaque fois qu'une attaque (y compris les vôtres) inflige 30 dégâts ou plus à M. Mime (après application de la Faiblesse et de la Résistance), prévenez ces dégâts. (Tout autre effet ou attaque subsiste.) Ce pouvoir ne peut être utilisé si M. Mime est Endormi, Confus ou Paralysé."}],"attacks":[{"cost":["Psy","Incolore"],"name":"Yoga","effect":"Inflige 10 dégâts plus 10 dégâts supplémentaires pour chaque marqueur de dégâts sur le Pokémon Défenseur.","damage":"10+"}],"weaknesses":[{"type":"Psy","value":"×2"}],"legal":{"standard":false,"expanded":false}},{"category":"Pokémon","id":"base2-7","illustrator":"Ken Sugimori","image":"https://assets.tcgdex.net/fr/base/base2/7","localId":"7","name":"Nidoqueen","rarity":"Rare","set":{"cardCount":{"official":64,"total":64},"id":"base2","name":"Jungle","symbol":"https://assets.tcgdex.net/univ/base/base2/symbol"},"variants":{"firstEdition":false,"holo":true,"normal":true,"reverse":true,"wPromo":false},"dexId":[31],"hp":90,"types":["Plante"],"description":"Ses écailles très résistantes et son corps massif sont des armes dévastatrices.","stage":"Niveau 2","attacks":[{"cost":["Plante","Incolore"],"name":"Fiancés","effect":"Inflige 20 dégâts plus 20 dégâts supplémentaires pour chaque Nidoking que vous avez en jeu.","damage":"20+"},{"cost":["Plante","Plante","Incolore","Incolore"],"name":"Ultimapoing","damage":50}],"weaknesses":[{"type":"Psy","value":"×2"}],"legal":{"standard":false,"expanded":false}},{"category":"Pokémon","id":"base2-8","illustrator":"Kagemaru Himeno","image":"https://assets.tcgdex.net/fr/base/base2/8","localId":"8","name":"Roucarnage","rarity":"Rare","set":{"cardCount":{"official":64,"total":64},"id":"base2","name":"Jungle","symbol":"https://assets.tcgdex.net/univ/base/base2/symbol"},"variants":{"firstEdition":false,"holo":true,"normal":true,"reverse":true,"wPromo":false},"dexId":[18],"hp":80,"types":["Incolore"],"description":"Il chasse en surveillant la surface de l'eau et en plongeant pour attraper des proies faciles.","stage":"Niveau 2","attacks":[{"cost":["Incolore","Incolore"],"name":"Cru-aile","damage":20},{"cost":["Incolore","Incolore","Incolore"],"name":"Ouragan","effect":"À moins que cette attaque ne mette le Pokémon Défenseur K.O., renvoyez le Pokémon Défenseur et toutes les cartes qui lui sont attachées dans la main de votre adversaire.","damage":30}],"weaknesses":[{"type":"Électrique","value":"×2"}],"resistances":[{"type":"Combat","value":"-30"}],"legal":{"standard":false,"expanded":false}},{"category":"Pokémon","id":"base2-9","illustrator":"Kagemaru Himeno","image":"https://assets.tcgdex.net/fr/base/base2/9","localId":"9","name":"Scarabrute","rarity":"Rare","set":{"cardCount":{"official":64,"total":64},"id":"base2","name":"Jungle","symbol":"https://assets.tcgdex.net/univ/base/base2/symbol"},"variants":{"firstEdition":false,"holo":true,"normal":true,"reverse":true,"wPromo":false},"dexId":[127],"hp":60,"types":["Plante"],"description":"Quand il ne peut écraser sa proie avec sa pince, il la secoue et l'envoie dans les airs.","stage":"De base","attacks":[{"cost":["Plante","Plante"],"name":"Poigne de fer","effect":"Lancez une pièce. Si c'est face, le Pokémon Défenseur est maintenant Paralysé.","damage":20},{"cost":["Plante","Plante","Incolore","Incolore"],"name":"Guillotine","damage":50}],"weaknesses":[{"type":"Feu","value":"×2"}],"legal":{"standard":false,"expanded":false}},{"category":"Pokémon","id":"base2-10","illustrator":"Ken Sugimori","image":"https://assets.tcgdex.net/fr/base/base2/10","localId":"10","name":"Insécateur","rarity":"Rare","set":{"cardCount":{"official":64,"total":64},"id":"base2","name":"Jungle","symbol":"https://assets.tcgdex.net/univ/base/base2/symbol"},"variants":{"firstEdition":false,"holo":true,"normal":true,"reverse":true,"wPromo":false},"dexId":[123],"hp":70,"types":["Plante"],"description":"Rapide et agile comme un ninja, il se déplace si vite qu'il crée l'illusion d'être en groupe.","stage":"De base","attacks":[{"cost":["Plante"],"name":"Danse-lames","effect":"Pendant votre prochain tour, l'attaque Tranche d'Insécateur inflige 60 dégâts de base au lieu de 30."},{"cost":["Incolore","Incolore","Incolore"],"name":"Tranche","damage":30}],"weaknesses":[{"type":"Feu","value":"×2"}],"resistances":[{"type":"Combat","value":"-30"}],"legal":{"standard":false,"expanded":false}},{"category":"Pokémon","id":"base2-11","illustrator":"Ken Sugimori","image":"https://assets.tcgdex.net/fr/base/base2/11","localId":"11","name":"Ronflex","rarity":"Rare","set":{"cardCount":{"official":64,"total":64},"id":"base2","name":"Jungle","symbol":"https://assets.tcgdex.net/univ/base/base2/symbol"},"variants":{"firstEdition":false,"holo":true,"normal":true,"reverse":true,"wPromo":false},"dexId":[143],"hp":90,"types":["Incolore"],"description":"Très paresseux, il ne fait que manger et dormir. Plus il est gros, plus il devient fainéant.","stage":"De base","abilities":[{"type":"Pouvoir Pokémon","name":"Dur à cuire","effect":"Ronflex ne peut pas devenir Endormi, Confus, Paralysé ou Empoisonné. Ce pouvoir ne peut être utilisé si Ronflex est déjà Endormi, Confus ou Paralysé."}],"attacks":[{"cost":["Incolore","Incolore","Incolore","Incolore"],"name":"Plaquage","effect":"Lancez une pièce. Si c'est face, le Pokémon Défenseur est maintenant Paralysé.","damage":30}],"weaknesses":[{"type":"Combat","value":"×2"}],"resistances":[{"type":"Psy","value":"-30"}],"legal":{"standard":false,"expanded":false}},{"category":"Pokémon","id":"base2-12","illustrator":"Kagemaru Himeno","image":"https://assets.tcgdex.net/fr/base/base2/12","localId":"12","name":"Aquali","rarity":"Rare","set":{"cardCount":{"official":64,"total":64},"id":"base2","name":"Jungle","symbol":"https://assets.tcgdex.net/univ/base/base2/symbol"},"variants":{"firstEdition":false,"holo":true,"normal":true,"reverse":true,"wPromo":false},"dexId":[134],"hp":80,"types":["Eau"],"description":"Il vit au bord de l'eau. Sa queue lui donne l'apparence d'une sirène.","stage":"Niveau 1","attacks":[{"cost":["Incolore","Incolore"],"name":"Vive-attaque","effect":"Lancez une pièce. Si c'est face, cette attaque inflige 10 dégâts plus 20 dégâts supplémentaires ; si c'est pile, cette attaque inflige 10 dégâts.","damage":"10+"},{"cost":["Eau","Eau","Incolore"],"name":"Pistolet à O","effect":"Inflige 30 dégâts plus 10 dégâts supplémentaires pour chaque Énergie  attachée à Aquali en plus du coût en Énergie de cette attaque. Les Énergies  supplémentaires après la seconde ne comptent pas.","damage":"30+"}],"weaknesses":[{"type":"Électrique","value":"×2"}],"legal":{"standard":false,"expanded":false}},{"category":"Pokémon","id":"base2-13","illustrator":"Ken Sugimori","image":"https://assets.tcgdex.net/fr/base/base2/13","localId":"13","name":"Aéromite","rarity":"Rare","set":{"cardCount":{"official":64,"total":64},"id":"base2","name":"Jungle","symbol":"https://assets.tcgdex.net/univ/base/base2/symbol"},"variants":{"firstEdition":false,"holo":true,"normal":true,"reverse":true,"wPromo":false},"dexId":[49],"hp":70,"types":["Plante"],"description":"Les motifs ocres de ses ailes changent en fonction de son type de poison.","stage":"Niveau 1","abilities":[{"type":"Pouvoir Pokémon","name":"Transmutation","effect":"Une fois pendant votre tour (avant votre attaque), vous pouvez changer le type d'Aéromite pour le type de n'importe quel Pokémon en jeu autre qu'Incolore. Ce pouvoir ne peut être utilisé si Aéromite est Endormi, Confus, ou Paralysé."}],"attacks":[{"cost":["Plante","Plante"],"name":"Poudre venimeuse","effect":"Lancez une pièce. Si c'est face, le Pokémon Défenseur est maintenant Confus et Empoisonné.","damage":10}],"weaknesses":[{"type":"Feu","value":"×2"}],"resistances":[{"type":"Combat","value":"-30"}],"legal":{"standard":false,"expanded":false}},{"category":"Pokémon","id":"base2-14","illustrator":"Ken Sugimori","image":"https://assets.tcgdex.net/fr/base/base2/14","localId":"14","name":"Empiflor","rarity":"Rare","set":{"cardCount":{"official":64,"total":64},"id":"base2","name":"Jungle","symbol":"https://assets.tcgdex.net/univ/base/base2/symbol"},"variants":{"firstEdition":false,"holo":true,"normal":true,"reverse":true,"wPromo":false},"dexId":[71],"hp":80,"types":["Plante"],"description":"Il vit en colonie dans la jungle mais personne n'en est jamais revenu vivant.","stage":"Niveau 2","attacks":[{"cost":["Plante"],"name":"Attraction","effect":"Si votre adversaire a des Pokémon sur son Banc, choisissez l'un d'eux et échangez-le avec son Pokémon Actif."},{"cost":["Plante","Plante"],"name":"Acide","effect":"Lancez une pièce. Si c'est face, le Pokémon Défenseur ne peut pas battre en retraite pendant le prochain tour de votre adversaire.","damage":20}],"weaknesses":[{"type":"Feu","value":"×2"}],"legal":{"standard":false,"expanded":false}},{"category":"Pokémon","id":"base2-15","illustrator":"Keiji Kinebuchi","image":"https://assets.tcgdex.net/fr/base/base2/15","localId":"15","name":"Raflésia","rarity":"Rare","set":{"cardCount":{"official":64,"total":64},"id":"base2","name":"Jungle","symbol":"https://assets.tcgdex.net/univ/base/base2/symbol"},"variants":{"firstEdition":false,"holo":true,"normal":true,"reverse":true,"wPromo":false},"dexId":[45],"hp":80,"types":["Plante"],"description":"Plus ses pétales sont grands, plus ils contiennent de pollen toxique.","stage":"Niveau 2","abilities":[{"type":"Pouvoir Pokémon","name":"Soins","effect":"Une fois pendant votre tour (avant votre attaque), vous pouvez lancer une pièce. Si c'est face, retirez 1 marqueur de dégâts d'un de vos Pokémon. Ce pouvoir ne peut être utilisé si Raflésia est Endormi, Confus, ou Paralysé."}],"attacks":[{"cost":["Plante","Plante","Plante"],"name":"Danse-fleur","effect":"Lancez 3 pièces. Cette attaque inflige 40 dégâts multipliés par le nombre de faces. Raflésia est maintenant Confus (après résolution des dégâts).","damage":"40×"}],"weaknesses":[{"type":"Feu","value":"×2"}],"legal":{"standard":false,"expanded":false}},{"category":"Pokémon","id":"base2-16","illustrator":"Mitsuhiro Arita","image":"https://assets.tcgdex.net/fr/base/base2/16","localId":"16","name":"Grodoudou","rarity":"Rare","set":{"cardCount":{"official":64,"total":64},"id":"base2","name":"Jungle","symbol":"https://assets.tcgdex.net/univ/base/base2/symbol"},"variants":{"firstEdition":false,"holo":true,"normal":true,"reverse":true,"wPromo":false},"dexId":[40],"hp":80,"types":["Incolore"],"description":"En cas de danger, il gonfle d'air son corps doux et potelé dans des proportions gigantesques.","stage":"Niveau 1","attacks":[{"cost":["Incolore"],"name":"Comptine","effect":"Le Pokémon Défenseur est maintenant Endormi."},{"cost":["Incolore","Incolore","Incolore"],"name":"Faites la vague","effect":"Infligez 10 dégâts plus 10 dégâts supplémentaires pour chacun des Pokémon de votre Banc.","damage":"10+"}],"weaknesses":[{"type":"Combat","value":"×2"}],"resistances":[{"type":"Psy","value":"-30"}],"legal":{"standard":false,"expanded":false}},{"category":"Pokémon","id":"base2-17","illustrator":"Mitsuhiro Arita","image":"https://assets.tcgdex.net/fr/base/base2/17","localId":"17","name":"Mélodelfe","rarity":"Rare","set":{"cardCount":{"official":64,"total":64},"id":"base2","name":"Jungle","symbol":"https://assets.tcgdex.net/univ/base/base2/symbol"},"variants":{"firstEdition":false,"holo":true,"normal":true,"reverse":true,"wPromo":false},"dexId":[36],"hp":70,"types":["Incolore"],"description":"Une sorte de petite fée très rare. Il se cache en apercevant un être humain.","stage":"Niveau 1","attacks":[{"cost":["Incolore"],"name":"Métronome","effect":"Choisissez 1 des attaques du Pokémon Défenseur. Métronome copie cette attaque à l'exception de son coût d'Énergie et de toute autre action requise pour utiliser cette attaque, comme par exemple, défausser des cartes Énergie. (Quel que soit le type du Pokémon Défenseur, Mélodelfe demeure de type Incolore.)"},{"cost":["Incolore","Incolore"],"name":"Lilliput","effect":"Tous les dégâts infligés à Mélodelfe par des attaques pendant le prochain tour de votre adversaire sont réduits de 20 (après application de la Faiblesse et de la Résistance)."}],"weaknesses":[{"type":"Combat","value":"×2"}],"resistances":[{"type":"Psy","value":"-30"}],"legal":{"standard":false,"expanded":false}},{"category":"Pokémon","id":"base2-18","illustrator":"Mitsuhiro Arita","image":"https://assets.tcgdex.net/fr/base/base2/18","localId":"18","name":"Électrode","rarity":"Rare","set":{"cardCount":{"official":64,"total":64},"id":"base2","name":"Jungle","symbol":"https://assets.tcgdex.net/univ/base/base2/symbol"},"variants":{"firstEdition":false,"holo":true,"normal":true,"reverse":true,"wPromo":false},"dexId":[101],"hp":90,"types":["Électrique"],"description":"Il emmagasine des quantités énormes de courant électrique sous pression pouvant exploser.","stage":"Niveau 1","attacks":[{"cost":["Incolore","Incolore"],"name":"Charge","damage":20},{"cost":["Électrique","Électrique","Électrique"],"name":"Rafale de foudre","effect":"Si le Pokémon Défenseur n'est pas de type Incolore, cette attaque inflige 10 dégâts à chacun des Pokémon du même type que le Pokémon Défenseur qui sont sur un Banc (y compris le vôtre).","damage":20}],"weaknesses":[{"type":"Combat","value":"×2"}],"legal":{"standard":false,"expanded":false}},{"category":"Pokémon","id":"base2-19","illustrator":"Kagemaru Himeno","image":"https://assets.tcgdex.net/fr/base/base2/19","localId":"19","name":"Pyroli","rarity":"Rare","set":{"cardCount":{"official":64,"total":64},"id":"base2","name":"Jungle","symbol":"https://assets.tcgdex.net/univ/base/base2/symbol"},"variants":{"firstEdition":false,"holo":true,"normal":true,"reverse":true,"wPromo":false},"dexId":[136],"hp":70,"types":["Feu"],"description":"Il peut accumuler suffisamment de chaleur pour atteindre des températures de 1600 degrés.","stage":"Niveau 1","attacks":[{"cost":["Incolore","Incolore"],"name":"Vive-attaque","effect":"Lancez une pièce. Si c'est face, cette attaque inflige 10 dégâts plus 20 dégâts supplémentaires ; si c'est pile, cette attaque inflige 10 dégâts.","damage":"10+"},{"cost":["Feu","Feu","Incolore","Incolore"],"name":"Lance-flammes","effect":"Défaussez 1 carte Énergie  attachée à Pyroli pour pouvoir utiliser cette attaque.","damage":60}],"weaknesses":[{"type":"Eau","value":"×2"}],"legal":{"standard":false,"expanded":false}},{"category":"Pokémon","id":"base2-20","illustrator":"Kagemaru Himeno","image":"https://assets.tcgdex.net/fr/base/base2/20","localId":"20","name":"Voltali","rarity":"Rare","set":{"cardCount":{"official":64,"total":64},"id":"base2","name":"Jungle","symbol":"https://assets.tcgdex.net/univ/base/base2/symbol"},"variants":{"firstEdition":false,"holo":true,"normal":true,"reverse":true,"wPromo":false},"dexId":[135],"hp":70,"types":["Électrique"],"description":"Il se charge d'électricité statique pour envoyer des décharges de 10000 volts.","stage":"Niveau 1","attacks":[{"cost":["Incolore","Incolore"],"name":"Vive-attaque","effect":"Lancez une pièce. Si c'est face, cette attaque inflige 10 dégâts plus 20 dégâts supplémentaires ; si c'est pile, cette attaque inflige 10 dégâts.","damage":"10+"},{"cost":["Électrique","Électrique","Incolore"],"name":"Dard-nuée","effect":"Lancez 4 pièces. Cette attaque inflige 20 dégâts multipliés par le nombre de faces.","damage":"20×"}],"weaknesses":[{"type":"Combat","value":"×2"}],"legal":{"standard":false,"expanded":false}},{"category":"Pokémon","id":"base2-21","illustrator":"Mitsuhiro Arita","image":"https://assets.tcgdex.net/fr/base/base2/21","localId":"21","name":"Kangourex","rarity":"Rare","set":{"cardCount":{"official":64,"total":64},"id":"base2","name":"Jungle","symbol":"https://assets.tcgdex.net/univ/base/base2/symbol"},"variants":{"firstEdition":false,"holo":true,"normal":true,"reverse":true,"wPromo":false},"dexId":[115],"hp":90,"types":["Incolore"],"description":"Son enfant ne quitte la poche ventrale protectrice qu'à l'âge de 3 ans.","stage":"De base","attacks":[{"cost":["Incolore"],"name":"Rapporte","effect":"Piochez une carte."},{"cost":["Incolore","Incolore","Incolore","Incolore"],"name":"Poing comète","effect":"Lancez 4 pièces. Cette attaque inflige 20 dégâts multipliés par le nombre de faces.","damage":"20×"}],"weaknesses":[{"type":"Combat","value":"×2"}],"resistances":[{"type":"Psy","value":"-30"}],"legal":{"standard":false,"expanded":false}},{"category":"Pokémon","id":"base2-22","illustrator":"Ken Sugimori","image":"https://assets.tcgdex.net/fr/base/base2/22","localId":"22","name":"M. Mime","rarity":"Rare","set":{"cardCount":{"official":64,"total":64},"id":"base2","name":"Jungle","symbol":"https://assets.tcgdex.net/univ/base/base2/symbol"},"variants":{"firstEdition":false,"holo":true,"normal":true,"reverse":true,"wPromo":false},"dexId":[122],"hp":40,"types":["Psy"],"description":"Dérangez-le pendant qu'il mime et il se battra en distribuant des volées de claques.","stage":"De base","abilities":[{"type":"Pouvoir Pokémon","name":"Mur invisible","effect":"Chaque fois qu'une attaque (y compris les vôtres) inflige 30 dégâts ou plus à M. Mime (après application de la Faiblesse et de la Résistance), prévenez ces dégâts. (Tout autre effet ou attaque subsiste.) Ce pouvoir ne peut être utilisé si M. Mime est Endormi, Confus ou Paralysé."}],"attacks":[{"cost":["Psy","Incolore"],"name":"Yoga","effect":"Inflige 10 dégâts plus 10 dégâts supplémentaires pour chaque marqueur de dégâts sur le Pokémon Défenseur.","damage":"10+"}],"weaknesses":[{"type":"Psy","value":"×2"}],"legal":{"standard":false,"expanded":false}},{"category":"Pokémon","id":"base2-23","illustrator":"Ken Sugimori","image":"https://assets.tcgdex.net/fr/base/base2/23","localId":"23","name":"Nidoqueen","rarity":"Rare","set":{"cardCount":{"official":64,"total":64},"id":"base2","name":"Jungle","symbol":"https://assets.tcgdex.net/univ/base/base2/symbol"},"variants":{"firstEdition":false,"holo":true,"normal":true,"reverse":true,"wPromo":false},"dexId":[31],"hp":90,"types":["Plante"],"description":"Ses écailles très résistantes et son corps massif sont des armes dévastatrices.","stage":"Niveau 2","attacks":[{"cost":["Plante","Incolore"],"name":"Fiancés","effect":"Inflige 20 dégâts plus 20 dégâts supplémentaires pour chaque Nidoking que vous avez en jeu.","damage":"20+"},{"cost":["Plante","Plante","Incolore","Incolore"],"name":"Ultimapoing","damage":50}],"weaknesses":[{"type":"Psy","value":"×2"}],"legal":{"standard":false,"expanded":false}},{"category":"Pokémon","id":"base2-24","illustrator":"Kagemaru Himeno","image":"https://assets.tcgdex.net/fr/base/base2/24","localId":"24","name":"Roucarnage","rarity":"Rare","set":{"cardCount":{"official":64,"total":64},"id":"base2","name":"Jungle","symbol":"https://assets.tcgdex.net/univ/base/base2/symbol"},"variants":{"firstEdition":false,"holo":true,"normal":true,"reverse":true,"wPromo":false},"dexId":[18],"hp":80,"types":["Incolore"],"description":"Il chasse en surveillant la surface de l'eau et en plongeant pour attraper des proies faciles.","stage":"Niveau 2","attacks":[{"cost":["Incolore","Incolore"],"name":"Cru-aile","damage":20},{"cost":["Incolore","Incolore","Incolore"],"name":"Ouragan","effect":"À moins que cette attaque ne mette le Pokémon Défenseur K.O., renvoyez le Pokémon Défenseur et toutes les cartes qui lui sont attachées dans la main de votre adversaire.","damage":30}],"weaknesses":[{"type":"Électrique","value":"×2"}],"resistances":[{"type":"Combat","value":"-30"}],"legal":{"standard":false,"expanded":false}},{"category":"Pokémon","id":"base2-25","illustrator":"Kagemaru Himeno","image":"https://assets.tcgdex.net/fr/base/base2/25","localId":"25","name":"Scarabrute","rarity":"Rare","set":{"cardCount":{"official":64,"total":64},"id":"base2","name":"Jungle","symbol":"https://assets.tcgdex.net/univ/base/base2/symbol"},"variants":{"firstEdition":false,"holo":true,"normal":true,"reverse":true,"wPromo":false},"dexId":[127],"hp":60,"types":["Plante"],"description":"Quand il ne peut écraser sa proie avec sa pince, il la secoue et l'envoie dans les airs.","stage":"De base","attacks":[{"cost":["Plante","Plante"],"name":"Poing de fer","effect":"Lancez une pièce. Si c'est face, le Pokémon Défenseur est maintenant Paralysé.","damage":20},{"cost":["Plante","Plante","Incolore","Incolore"],"name":"Guillotine","damage":50}],"weaknesses":[{"type":"Feu","value":"×2"}],"legal":{"standard":false,"expanded":false}},{"category":"Pokémon","id":"base2-26","illustrator":"Ken Sugimori","image":"https://assets.tcgdex.net/fr/base/base2/26","localId":"26","name":"Insécateur","rarity":"Rare","set":{"cardCount":{"official":64,"total":64},"id":"base2","name":"Jungle","symbol":"https://assets.tcgdex.net/univ/base/base2/symbol"},"variants":{"firstEdition":false,"holo":true,"normal":true,"reverse":true,"wPromo":false},"dexId":[123],"hp":70,"types":["Plante"],"description":"Rapide et agile comme un ninja, il se déplace si vite qu'il crée l'illusion d'être en groupe.","stage":"De base","attacks":[{"cost":["Plante"],"name":"Danse-lames","effect":"Pendant votre prochain tour, l'attaque Tranche d'Insécateur inflige 60 dégâts de base au lieu de 30."},{"cost":["Incolore","Incolore","Incolore"],"name":"Tranche","damage":30}],"weaknesses":[{"type":"Feu","value":"×2"}],"resistances":[{"type":"Combat","value":"-30"}],"legal":{"standard":false,"expanded":false}},{"category":"Pokémon","id":"base2-27","illustrator":"Ken Sugimori","image":"https://assets.tcgdex.net/fr/base/base2/27","localId":"27","name":"Ronflex","rarity":"Rare","set":{"cardCount":{"official":64,"total":64},"id":"base2","name":"Jungle","symbol":"https://assets.tcgdex.net/univ/base/base2/symbol"},"variants":{"firstEdition":false,"holo":true,"normal":true,"reverse":true,"wPromo":false},"dexId":[143],"hp":90,"types":["Incolore"],"description":"Très paresseux, il ne fait que manger et dormir. Plus il est gros, plus il devient fainéant.","stage":"De base","abilities":[{"type":"Pouvoir Pokémon","name":"Dur à cuire","effect":"Ronflex ne peut pas devenir Endormi, Confus, Paralysé ou Empoisonné. Ce pouvoir ne peut être utilisé si Ronflex est déjà Endormi, Confus ou Paralysé."}],"attacks":[{"cost":["Incolore","Incolore","Incolore","Incolore"],"name":"Plaquage","effect":"Lancez une pièce. Si c'est face, le Pokémon Défenseur est maintenant Paralysé.","damage":30}],"weaknesses":[{"type":"Combat","value":"×2"}],"resistances":[{"type":"Psy","value":"-30"}],"legal":{"standard":false,"expanded":false}},{"category":"Pokémon","id":"base2-28","illustrator":"Kagemaru Himeno","image":"https://assets.tcgdex.net/fr/base/base2/28","localId":"28","name":"Aquali","rarity":"Rare","set":{"cardCount":{"official":64,"total":64},"id":"base2","name":"Jungle","symbol":"https://assets.tcgdex.net/univ/base/base2/symbol"},"variants":{"firstEdition":false,"holo":true,"normal":true,"reverse":true,"wPromo":false},"dexId":[134],"hp":80,"types":["Eau"],"description":"Il vit au bord de l'eau. Sa queue lui donne l'apparence d'une sirène.","stage":"Niveau 1","attacks":[{"cost":["Incolore","Incolore"],"name":"Vive-attaque","effect":"Lancez une pièce. Si c'est face, cette attaque inflige 10 dégâts plus 20 dégâts supplémentaires ; si c'est pile, cette attaque inflige 10 dégâts.","damage":"10+"},{"cost":["Eau","Eau","Incolore"],"name":"Pistolet à O","effect":"Inflige 30 dégâts plus 10 dégâts supplémentaires pour chaque Énergie  attachée à Aquali en plus du coût en Énergie de cette attaque. Les Énergies  supplémentaires après la seconde ne comptent pas.","damage":"30+"}],"weaknesses":[{"type":"Électrique","value":"×2"}],"legal":{"standard":false,"expanded":false}},{"category":"Pokémon","id":"base2-29","illustrator":"Ken Sugimori","image":"https://assets.tcgdex.net/fr/base/base2/29","localId":"29","name":"Aéromite","rarity":"Rare","set":{"cardCount":{"official":64,"total":64},"id":"base2","name":"Jungle","symbol":"https://assets.tcgdex.net/univ/base/base2/symbol"},"variants":{"firstEdition":false,"holo":true,"normal":true,"reverse":true,"wPromo":false},"dexId":[49],"hp":70,"types":["Plante"],"description":"Les motifs ocres de ses ailes changent en fonction de son type de poison.","stage":"Niveau 1","abilities":[{"type":"Pouvoir Pokémon","name":"Transmutation","effect":"Une fois pendant votre tour (avant votre attaque), vous pouvez changer le type d'Aéromite pour le type de n'importe quel Pokémon en jeu autre qu'Incolore. Ce pouvoir ne peut être utilisé si Aéromite est Endormi, Confus, ou Paralysé."}],"attacks":[{"cost":["Plante","Plante"],"name":"Poudre venimeuse","effect":"Lancez une pièce. Si c'est face, le Pokémon Défenseur est maintenant Confus et Empoisonné.","damage":10}],"weaknesses":[{"type":"Feu","value":"×2"}],"resistances":[{"type":"Combat","value":"-30"}],"legal":{"standard":false,"expanded":false}},{"category":"Pokémon","id":"base2-30","illustrator":"Ken Sugimori","image":"https://assets.tcgdex.net/fr/base/base2/30","localId":"30","name":"Empiflor","rarity":"Rare","set":{"cardCount":{"official":64,"total":64},"id":"base2","name":"Jungle","symbol":"https://assets.tcgdex.net/univ/base/base2/symbol"},"variants":{"firstEdition":false,"holo":true,"normal":true,"reverse":true,"wPromo":false},"dexId":[71],"hp":80,"types":["Plante"],"description":"Il vit en colonie dans la jungle mais personne n'en est jamais revenu vivant.","stage":"Niveau 2","attacks":[{"cost":["Plante"],"name":"Attraction","effect":"Si votre adversaire a des Pokémon sur son Banc, choisissez l'un d'eux et échangez-le avec son Pokémon Actif."},{"cost":["Plante","Plante"],"name":"Acide","effect":"Lancez une pièce. Si c'est face, le Pokémon Défenseur ne peut pas battre en retraite pendant le prochain tour de votre adversaire.","damage":20}],"weaknesses":[{"type":"Feu","value":"×2"}],"legal":{"standard":false,"expanded":false}},{"category":"Pokémon","id":"base2-31","illustrator":"Keiji Kinebuchi","image":"https://assets.tcgdex.net/fr/base/base2/31","localId":"31","name":"Raflésia","rarity":"Rare","set":{"cardCount":{"official":64,"total":64},"id":"base2","name":"Jungle","symbol":"https://assets.tcgdex.net/univ/base/base2/symbol"},"variants":{"firstEdition":false,"holo":true,"normal":true,"reverse":true,"wPromo":false},"dexId":[45],"hp":80,"types":["Plante"],"description":"Plus ses pétales sont grands, plus ils contiennent de pollen toxique.","stage":"Niveau 2","abilities":[{"type":"Pouvoir Pokémon","name":"Soins","effect":"Une fois pendant votre tour (avant votre attaque), vous pouvez lancer une pièce. Si c'est face, retirez 1 marqueur de dégâts d'un de vos Pokémon. Ce pouvoir ne peut être utilisé si Raflésia est Endormi, Confus, ou Paralysé."}],"attacks":[{"cost":["Plante","Plante","Plante"],"name":"Danse-fleur","effect":"Lancez 3 pièces. Cette attaque inflige 40 dégâts multipliés par le nombre de faces. Raflésia est maintenant Confus (après résolution des dégâts).","damage":"40×"}],"weaknesses":[{"type":"Feu","value":"×2"}],"legal":{"standard":false,"expanded":false}},{"category":"Pokémon","id":"base2-32","illustrator":"Mitsuhiro Arita","image":"https://assets.tcgdex.net/fr/base/base2/32","localId":"32","name":"Grodoudou","rarity":"Rare","set":{"cardCount":{"official":64,"total":64},"id":"base2","name":"Jungle","symbol":"https://assets.tcgdex.net/univ/base/base2/symbol"},"variants":{"firstEdition":false,"holo":true,"normal":true,"reverse":true,"wPromo":false},"dexId":[40],"hp":80,"types":["Incolore"],"description":"En cas de danger, il gonfle d'air son corps doux et potelé dans des proportions gigantesques.","stage":"Niveau 1","attacks":[{"cost":["Incolore"],"name":"Comptine","effect":"Le Pokémon Défenseur est maintenant Endormi."},{"cost":["Incolore","Incolore","Incolore"],"name":"Faites la vague","effect":"Infligez 10 dégâts plus 10 dégâts supplémentaires pour chacun des Pokémon de votre Banc.","damage":"10+"}],"weaknesses":[{"type":"Combat","value":"×2"}],"resistances":[{"type":"Psy","value":"-30"}],"legal":{"standard":false,"expanded":false}},{"category":"Pokémon","id":"base2-33","illustrator":"Kagemaru Himeno","image":"https://assets.tcgdex.net/fr/base/base2/33","localId":"33","name":"Papilusion","rarity":"Peu Commune","set":{"cardCount":{"official":64,"total":64},"id":"base2","name":"Jungle","symbol":"https://assets.tcgdex.net/univ/base/base2/symbol"},"variants":{"firstEdition":false,"holo":true,"normal":true,"reverse":true,"wPromo":false},"dexId":[12],"hp":70,"types":["Plante"],"description":"En combat, il bat des ailes très rapidement pour projeter des poudres toxiques sur ses ennemis.","stage":"Niveau 2","attacks":[{"cost":["Incolore","Incolore"],"name":"Cyclone","effect":"Si votre adversaire a au moins 1 Pokémon sur son Banc, il choisit l'un d'eux et l'échange avec son Pokémon Défenseur. (Infligez les dégâts avant de faire l'échange des Pokémon.)","damage":20},{"cost":["Plante","Plante","Plante","Plante"],"name":"Mega-sangsue","effect":"Retirez de Papilusion un nombre de marqueurs de dégâts égal à la moitié des dégâts infligés au Pokémon Défenseur (après application de la Faiblesse et de la Résistance) (arrondir à la dizaine la plus proche). Si Papilusion a moins de marqueurs de 10 dégâts, retirez-les tous.","damage":40}],"weaknesses":[{"type":"Feu","value":"×2"}],"resistances":[{"type":"Combat","value":"-30"}],"legal":{"standard":false,"expanded":false}},{"category":"Pokémon","id":"base2-34","illustrator":"Mitsuhiro Arita","image":"https://assets.tcgdex.net/fr/base/base2/34","localId":"34","name":"Dodrio","rarity":"Peu Commune","set":{"cardCount":{"official":64,"total":64},"id":"base2","name":"Jungle","symbol":"https://assets.tcgdex.net/univ/base/base2/symbol"},"variants":{"firstEdition":false,"holo":true,"normal":true,"reverse":true,"wPromo":false},"dexId":[85],"hp":70,"types":["Incolore"],"description":"Il élabore des plans complexes avec ses trois cerveaux. Une de ses têtes reste toujours éveillée.","stage":"Niveau 1","abilities":[{"type":"Pouvoir Pokémon","name":"Soutien de retraite","effect":"Tant que Dodrio est sur le Banc, payez  en moins pour faire battre en retraite votre Pokémon Actif."}],"attacks":[{"cost":["Incolore","Incolore","Incolore"],"name":"Frénésie","effect":"Inflige 10 dégâts plus 10 dégâts supplémentaires pour chaque marqueur de dégâts placé sur Dodrio.","damage":"10+"}],"weaknesses":[{"type":"Électrique","value":"×2"}],"resistances":[{"type":"Combat","value":"-30"}],"legal":{"standard":false,"expanded":false}},{"category":"Pokémon","id":"base2-35","illustrator":"Kagemaru Himeno","image":"https://assets.tcgdex.net/fr/base/base2/35","localId":"35","name":"Noadkoko","rarity":"Peu Commune","set":{"cardCount":{"official":64,"total":64},"id":"base2","name":"Jungle","symbol":"https://assets.tcgdex.net/univ/base/base2/symbol"},"variants":{"firstEdition":false,"holo":true,"normal":true,"reverse":true,"wPromo":false},"dexId":[103],"hp":80,"types":["Plante"],"description":"On raconte que si une de ses têtes se détache, elle se transforme en un Nœunœuf.","stage":"Niveau 1","attacks":[{"cost":["Psy"],"name":"Téléport","effect":"Échangez Noadkoko avec 1 des Pokémon de votre Banc."},{"cost":["Incolore"],"name":"Grosse éclate","effect":"Lancez un nombre de pièces égal au nombre d'Énergies attachées à Noadkoko. Cette attaque inflige 20 dégâts multipliés par le nombre de faces.","damage":"20×"}],"weaknesses":[{"type":"Feu","value":"×2"}],"legal":{"standard":false,"expanded":false}},{"category":"Pokémon","id":"base2-36","illustrator":"Mitsuhiro Arita","image":"https://assets.tcgdex.net/fr/base/base2/36","localId":"36","name":"Rapasdepic","rarity":"Peu Commune","set":{"cardCount":{"official":64,"total":64},"id":"base2","name":"Jungle","symbol":"https://assets.tcgdex.net/univ/base/base2/symbol"},"variants":{"firstEdition":false,"holo":true,"normal":true,"reverse":true,"wPromo":false},"dexId":[22],"hp":70,"types":["Incolore"],"description":"Ses ailes géantes lui permettent de planer si longtemps qu'il ne se pose que très rarement.","stage":"Niveau 1","attacks":[{"cost":["Incolore","Incolore","Incolore"],"name":"Hâte","effect":"Lancez une pièce. Si c'est face, pendant le prochain tour de votre adversaire, prévenez tous les effets d'attaques, y compris les dégâts, infligés à Rapasdepic.","damage":20},{"cost":["Incolore","Incolore","Incolore","Incolore"],"name":"Bec vrille","damage":40}],"weaknesses":[{"type":"Électrique","value":"×2"}],"resistances":[{"type":"Combat","value":"-30"}],"legal":{"standard":false,"expanded":false}},{"category":"Pokémon","id":"base2-37","illustrator":"Keiji Kinebuchi","image":"https://assets.tcgdex.net/fr/base/base2/37","localId":"37","name":"Ortide","rarity":"Peu Commune","set":{"cardCount":{"official":64,"total":64},"id":"base2","name":"Jungle","symbol":"https://assets.tcgdex.net/univ/base/base2/symbol"},"variants":{"firstEdition":false,"holo":true,"normal":true,"reverse":true,"wPromo":false},"dexId":[44],"hp":60,"types":["Plante"],"description":"Le liquide qui s'écoule de sa bouche est comestible. Il sert à appâter sa proie.","stage":"Niveau 1","attacks":[{"cost":["Plante"],"name":"Poudre toxik","effect":"Le Pokémon Défenseur est maintenant Empoisonné."},{"cost":["Plante","Plante"],"name":"Odeur fétide","effect":"Le Pokémon Défenseur et Ortide sont maintenant tous deux Confus (après le calcul des dégâts).","damage":20}],"weaknesses":[{"type":"Feu","value":"×2"}],"legal":{"standard":false,"expanded":false}},{"category":"Pokémon","id":"base2-38","illustrator":"Mitsuhiro Arita","image":"https://assets.tcgdex.net/fr/base/base2/38","localId":"38","name":"Excelangue","rarity":"Peu Commune","set":{"cardCount":{"official":64,"total":64},"id":"base2","name":"Jungle","symbol":"https://assets.tcgdex.net/univ/base/base2/symbol"},"variants":{"firstEdition":false,"holo":true,"normal":true,"reverse":true,"wPromo":false},"dexId":[108],"hp":90,"types":["Incolore"],"description":"Il peut projeter sa langue comme un caméléon. Tout contact avec elle provoque une irritation.","stage":"De base","attacks":[{"cost":["Incolore"],"name":"Léchouille","effect":"Lancez une pièce. Si c'est face, le Pokémon Défenseur est maintenant Paralysé.","damage":10},{"cost":["Incolore","Incolore"],"name":"Ultrason","effect":"Lancez une pièce. Si c'est face, le Pokémon Défenseur est maintenant Confus."}],"weaknesses":[{"type":"Combat","value":"×2"}],"resistances":[{"type":"Psy","value":"-30"}],"legal":{"standard":false,"expanded":false}},{"category":"Pokémon","id":"base2-39","illustrator":"Mitsuhiro Arita","image":"https://assets.tcgdex.net/fr/base/base2/39","localId":"39","name":"Ossatueur","rarity":"Peu Commune","set":{"cardCount":{"official":64,"total":64},"id":"base2","name":"Jungle","symbol":"https://assets.tcgdex.net/univ/base/base2/symbol"},"variants":{"firstEdition":false,"holo":true,"normal":true,"reverse":true,"wPromo":false},"dexId":[105],"hp":60,"types":["Combat"],"description":"L'os qu'il tient dans sa main est une arme. Il peut le lancer avec adresse pour assommer sa proie.","stage":"Niveau 1","attacks":[{"cost":["Combat","Combat"],"name":"Osmerang","effect":"Lancez 2 pièces. Cette attaque inflige 30 dégâts multipliés par le nombre de faces.","damage":"30×"},{"cost":["Combat","Combat","Incolore"],"name":"À la rescousse !","effect":"Cherchez dans votre deck une carte Pokémon  de base et placez-la sur votre Banc. Mélangez ensuite votre deck. (Vous ne pouvez pas utiliser cette attaque si votre Banc est plein.)"}],"weaknesses":[{"type":"Plante","value":"×2"}],"resistances":[{"type":"Électrique","value":"-30"}],"legal":{"standard":false,"expanded":false}},{"category":"Pokémon","id":"base2-40","illustrator":"Ken Sugimori","image":"https://assets.tcgdex.net/fr/base/base2/40","localId":"40","name":"Nidorina","rarity":"Peu Commune","set":{"cardCount":{"official":64,"total":64},"id":"base2","name":"Jungle","symbol":"https://assets.tcgdex.net/univ/base/base2/symbol"},"variants":{"firstEdition":false,"holo":true,"normal":true,"reverse":true,"wPromo":false},"dexId":[30],"hp":70,"types":["Plante"],"description":"La corne de la femelle grandit lentement. Elle préfère attaquer avec ses griffes et sa gueule.","stage":"Niveau 1","attacks":[{"cost":["Plante"],"name":"Ultrason","effect":"Lancez une pièce. Si c'est face, le Pokémon Défenseur est maintenant Confus."},{"cost":["Plante","Incolore","Incolore"],"name":"Double pied","effect":"Lancez 2 pièces. Cette attaque inflige 30 dégâts multipliés par le nombre de faces.","damage":"30×"}],"weaknesses":[{"type":"Psy","value":"×2"}],"legal":{"standard":false,"expanded":false}},{"category":"Pokémon","id":"base2-41","illustrator":"Ken Sugimori","image":"https://assets.tcgdex.net/fr/base/base2/41","localId":"41","name":"Parasect","rarity":"Peu Commune","set":{"cardCount":{"official":64,"total":64},"id":"base2","name":"Jungle","symbol":"https://assets.tcgdex.net/univ/base/base2/symbol"},"variants":{"firstEdition":false,"holo":true,"normal":true,"reverse":true,"wPromo":false},"dexId":[47],"hp":60,"types":["Plante"],"description":"Une symbiose entre un parasite et un insecte. Le champignon a pris le contrôle sur son hôte.","stage":"Niveau 1","attacks":[{"cost":["Plante","Plante"],"name":"Spore","effect":"Le Pokémon Défenseur est maintenant Endormi."},{"cost":["Incolore","Incolore","Incolore"],"name":"Tranche","damage":30}],"weaknesses":[{"type":"Feu","value":"×2"}],"legal":{"standard":false,"expanded":false}},{"category":"Pokémon","id":"base2-42","illustrator":"Kagemaru Himeno","image":"https://assets.tcgdex.net/fr/base/base2/42","localId":"42","name":"Persian","rarity":"Peu Commune","set":{"cardCount":{"official":64,"total":64},"id":"base2","name":"Jungle","symbol":"https://assets.tcgdex.net/univ/base/base2/symbol"},"variants":{"firstEdition":false,"holo":true,"normal":true,"reverse":true,"wPromo":false},"dexId":[53],"hp":70,"types":["Incolore"],"description":"Très apprécié pour sa fourrure, il est difficile à apprivoiser en raison de son caractère rétif.","stage":"Niveau 1","attacks":[{"cost":["Incolore","Incolore"],"name":"Griffe","damage":20},{"cost":["Incolore","Incolore","Incolore"],"name":"Bond","effect":"Si le Pokémon Défenseur attaque Persian pendant le prochain tour de votre adversaire, les dégâts infligés par cette attaque sont réduits de 10 (après application de la Faiblesse et de la Résistance). (Si l'un des deux Pokémon bat en retraite, cet effet prend fin.)","damage":30}],"weaknesses":[{"type":"Combat","value":"×2"}],"resistances":[{"type":"Psy","value":"-30"}],"legal":{"standard":false,"expanded":false}},{"category":"Pokémon","id":"base2-43","illustrator":"Kagemaru Himeno","image":"https://assets.tcgdex.net/fr/base/base2/43","localId":"43","name":"Colossinge","rarity":"Peu Commune","set":{"cardCount":{"official":64,"total":64},"id":"base2","name":"Jungle","symbol":"https://assets.tcgdex.net/univ/base/base2/symbol"},"variants":{"firstEdition":false,"holo":true,"normal":true,"reverse":true,"wPromo":false},"dexId":[57],"hp":70,"types":["Combat"],"description":"Agressif et teigneux, il poursuit son gibier jusqu'à épuisement complet.","stage":"Niveau 1","attacks":[{"cost":["Combat","Combat"],"name":"Combo-griffe","effect":"Lancez 3 pièces. Cette attaque inflige 20 dégâts multipliés par le nombre de faces.","damage":"20×"},{"cost":["Combat","Combat","Incolore"],"name":"Mauvaise humeur","effect":"Lancez une pièce. Si c'est pile, Colossinge est maintenant Confus (après le calcul des dégâts).","damage":50}],"weaknesses":[{"type":"Psy","value":"×2"}],"legal":{"standard":false,"expanded":false}},{"category":"Pokémon","id":"base2-44","illustrator":"Mitsuhiro Arita","image":"https://assets.tcgdex.net/fr/base/base2/44","localId":"44","name":"Galopa","rarity":"Peu Commune","set":{"cardCount":{"official":64,"total":64},"id":"base2","name":"Jungle","symbol":"https://assets.tcgdex.net/univ/base/base2/symbol"},"variants":{"firstEdition":false,"holo":true,"normal":true,"reverse":true,"wPromo":false},"dexId":[78],"hp":70,"types":["Feu"],"description":"Doté d'un esprit de compétition, il poursuit toute créature rapide pour faire la course.","stage":"Niveau 1","attacks":[{"cost":["Incolore","Incolore"],"name":"Écrasement","effect":"Lancez une pièce. Si c'est face, cette attaque inflige 20 dégâts plus 10 dégâts supplémentaires ; si c'est pile, cette attaque inflige 20 dégâts.","damage":"20+"},{"cost":["Feu","Feu","Incolore"],"name":"Hâte","effect":"Lancez une pièce. Si c'est face, pendant le prochain tour de votre adversaire, prévenez tous les effets d'attaques, y compris les dégâts, infligés à Galopa.","damage":30}],"weaknesses":[{"type":"Eau","value":"×2"}],"legal":{"standard":false,"expanded":false}},{"category":"Pokémon","id":"base2-45","illustrator":"Kagemaru Himeno","image":"https://assets.tcgdex.net/fr/base/base2/45","localId":"45","name":"Rhinoféros","rarity":"Peu Commune","set":{"cardCount":{"official":64,"total":64},"id":"base2","name":"Jungle","symbol":"https://assets.tcgdex.net/univ/base/base2/symbol"},"variants":{"firstEdition":false,"holo":true,"normal":true,"reverse":true,"wPromo":false},"dexId":[112],"hp":100,"types":["Combat"],"description":"Son épiderme très épais lui permet de survivre dans un environnement de plus de 3600 degrés.","stage":"Niveau 1","attacks":[{"cost":["Combat","Incolore","Incolore"],"name":"Koud'korne","damage":30},{"cost":["Combat","Combat","Combat","Combat"],"name":"Défonce","effect":"Rhinoféros s'inflige 20 dégâts. Si votre adversaire a au moins 1 Pokémon sur son Banc, il choisit l'un d'eux et l'échange avec son Pokémon Défenseur. (Infligez les dégâts avant de faire l'échange des Pokémon. Échangez les Pokémon même si Rhinoféros est K.O.)","damage":50}],"weaknesses":[{"type":"Plante","value":"×2"}],"resistances":[{"type":"Électrique","value":"-30"}],"legal":{"standard":false,"expanded":false}},{"category":"Pokémon","id":"base2-46","illustrator":"Kagemaru Himeno","image":"https://assets.tcgdex.net/fr/base/base2/46","localId":"46","name":"Poissoroy","rarity":"Peu Commune","set":{"cardCount":{"official":64,"total":64},"id":"base2","name":"Jungle","symbol":"https://assets.tcgdex.net/univ/base/base2/symbol"},"variants":{"firstEdition":false,"holo":true,"normal":true,"reverse":true,"wPromo":false},"dexId":[119],"hp":70,"types":["Eau"],"description":"Pendant la saison des amours, on peut le voir nager dans les rivières et les lacs.","stage":"Niveau 1","attacks":[{"cost":["Eau"],"name":"Koud'korne","damage":10},{"cost":["Eau","Incolore"],"name":"Cascade","damage":30}],"weaknesses":[{"type":"Électrique","value":"×2"}],"legal":{"standard":false,"expanded":false}},{"category":"Pokémon","id":"base2-47","illustrator":"Kagemaru Himeno","image":"https://assets.tcgdex.net/fr/base/base2/47","localId":"47","name":"Tauros","rarity":"Peu Commune","set":{"cardCount":{"official":64,"total":64},"id":"base2","name":"Jungle","symbol":"https://assets.tcgdex.net/univ/base/base2/symbol"},"variants":{"firstEdition":false,"holo":true,"normal":true,"reverse":true,"wPromo":false},"dexId":[128],"hp":60,"types":["Incolore"],"description":"Une fois sa cible en vue, il la charge furieusement en fouettant l'air de sa queue.","stage":"De base","attacks":[{"cost":["Incolore","Incolore"],"name":"Écrasement","effect":"Lancez une pièce. Si c'est face, cette attaque inflige 20 dégâts plus 10 dégâts supplémentaires ; si c'est pile, cette attaque inflige 20 dégâts.","damage":"20+"},{"cost":["Incolore","Incolore","Incolore"],"name":"Saccage","effect":"Cette attaque inflige 20 dégâts plus 10 dégâts supplémentaires pour chaque marqueur de dégâts sur Tauros. Lancez une pièce. Si c'est pile, Tauros est maintenant Confus (après le calcul des dégâts).","damage":"20+"}],"weaknesses":[{"type":"Combat","value":"×2"}],"resistances":[{"type":"Psy","value":"-30"}],"legal":{"standard":false,"expanded":false}},{"category":"Pokémon","id":"base2-48","illustrator":"Kagemaru Himeno","image":"https://assets.tcgdex.net/fr/base/base2/48","localId":"48","name":"Boustiflor","rarity":"Peu Commune","set":{"cardCount":{"official":64,"total":64},"id":"base2","name":"Jungle","symbol":"https://assets.tcgdex.net/univ/base/base2/symbol"},"variants":{"firstEdition":false,"holo":true,"normal":true,"reverse":true,"wPromo":false},"dexId":[70],"hp":70,"types":["Plante"],"description":"Il crache de la poudre toxik pour immobiliser sa proie et il l'achève avec de l'acide.","stage":"Niveau 1","attacks":[{"cost":["Plante"],"name":"Poudre toxik","effect":"Lancez une pièce. Si c'est face, le Pokémon Défenseur est maintenant Empoisonné.","damage":10},{"cost":["Plante","Plante"],"name":"Tranch'herbe","damage":30}],"weaknesses":[{"type":"Feu","value":"×2"}],"legal":{"standard":false,"expanded":false}},{"category":"Pokémon","id":"base2-49","illustrator":"Kagemaru Himeno","image":"https://assets.tcgdex.net/fr/base/base2/49","localId":"49","name":"Chétiflor","rarity":"Commune","set":{"cardCount":{"official":64,"total":64},"id":"base2","name":"Jungle","symbol":"https://assets.tcgdex.net/univ/base/base2/symbol"},"variants":{"firstEdition":false,"holo":true,"normal":true,"reverse":true,"wPromo":false},"dexId":[69],"hp":40,"types":["Plante"],"description":"Un Pokémon carnivore qui se nourrit de petits insectes. Ses racines servent d'attaches.","stage":"De base","attacks":[{"cost":["Plante"],"name":"Fouet liane","damage":10},{"cost":["Plante"],"name":"Appel à la famille","effect":"Cherchez dans votre deck un Pokémon de base appelé Chétiflor et placez-le sur votre Banc. Mélangez ensuite votre deck. (Vous ne pouvez pas utiliser cette attaque si votre Banc est plein.)"}],"weaknesses":[{"type":"Feu","value":"×2"}],"legal":{"standard":false,"expanded":false}},{"category":"Pokémon","id":"base2-50","illustrator":"Mitsuhiro Arita","image":"https://assets.tcgdex.net/fr/base/base2/50","localId":"50","name":"Osselait","rarity":"Commune","set":{"cardCount":{"official":64,"total":64},"id":"base2","name":"Jungle","symbol":"https://assets.tcgdex.net/univ/base/base2/symbol"},"variants":{"firstEdition":false,"holo":true,"normal":true,"reverse":true,"wPromo":false},"dexId":[104],"hp":40,"types":["Combat"],"description":"Il ne retire jamais son casque en os. Personne n'a jamais vu le visage de ce Pokémon.","stage":"De base","attacks":[{"cost":["Incolore"],"name":"Pleurnicherie","effect":"Si le Pokémon Défenseur attaque Osselait pendant le prochain tour de votre adversaire, les dégâts infligés par l'attaque sont réduits de 20 (après application de la Faiblesse et de la Résistance). (Si l'un des Pokémon bat en retraite, cet effet prend fin.)"},{"cost":["Combat","Combat"],"name":"Frénésie","effect":"Inflige 10 dégâts plus 10 dégâts supplémentaires pour chaque marqueur de dégâts placé sur Osselait.","damage":"10+"}],"weaknesses":[{"type":"Plante","value":"×2"}],"resistances":[{"type":"Électrique","value":"-30"}],"legal":{"standard":false,"expanded":false}},{"category":"Pokémon","id":"base2-51","illustrator":"Kagemaru Himeno","image":"https://assets.tcgdex.net/fr/base/base2/51","localId":"51","name":"Évoli","rarity":"Commune","set":{"cardCount":{"official":64,"total":64},"id":"base2","name":"Jungle","symbol":"https://assets.tcgdex.net/univ/base/base2/symbol"},"variants":{"firstEdition":false,"holo":true,"normal":true,"reverse":true,"wPromo":false},"dexId":[133],"hp":50,"types":["Incolore"],"description":"Il est capable de copier le code génétique d'un ennemi pour se transformer en son double.","stage":"De base","attacks":[{"cost":["Incolore"],"name":"Mouvemend'keu","effect":"Lancez une pièce. Si c'est face, le Pokémon Défenseur ne peut pas attaquer Évoli pendant le prochain tour de votre adversaire. (Si l'un des deux Pokémon bat en retraite, cet effet prend fin.)"},{"cost":["Incolore","Incolore"],"name":"Vive-attaque","effect":"Lancez une pièce. Si c'est face, cette attaque inflige 10 dégâts plus 20 dégâts supplémentaires ; si c'est pile, cette attaque inflige 10 dégâts.","damage":"10+"}],"weaknesses":[{"type":"Combat","value":"×2"}],"resistances":[{"type":"Psy","value":"-30"}],"legal":{"standard":false,"expanded":false}},{"category":"Pokémon","id":"base2-52","illustrator":"Mitsuhiro Arita","image":"https://assets.tcgdex.net/fr/base/base2/52","localId":"52","name":"Nœufnœuf","rarity":"Commune","set":{"cardCount":{"official":64,"total":64},"id":"base2","name":"Jungle","symbol":"https://assets.tcgdex.net/univ/base/base2/symbol"},"variants":{"firstEdition":false,"holo":true,"normal":true,"reverse":true,"wPromo":false},"dexId":[102],"hp":50,"types":["Plante"],"description":"Souvent pris pour des œufs, ils attaquent en groupe comme un essaim.","stage":"De base","attacks":[{"cost":["Psy"],"name":"Hypnose","effect":"Le Pokémon Défenseur est maintenant Endormi."},{"cost":["Plante","Plante"],"name":"Vampigraine","effect":"À moins que tous les dégâts infligés par cette attaque ne soient prévenus, vous pouvez retirer 1 marqueur de dégâts de Nœufnœuf.","damage":20}],"weaknesses":[{"type":"Feu","value":"×2"}],"legal":{"standard":false,"expanded":false}},{"category":"Pokémon","id":"base2-53","illustrator":"Kagemaru Himeno","image":"https://assets.tcgdex.net/fr/base/base2/53","localId":"53","name":"Poissirène","rarity":"Commune","set":{"cardCount":{"official":64,"total":64},"id":"base2","name":"Jungle","symbol":"https://assets.tcgdex.net/univ/base/base2/symbol"},"variants":{"firstEdition":false,"holo":true,"normal":true,"reverse":true,"wPromo":false},"dexId":[118],"hp":40,"types":["Eau"],"description":"Sa queue ondule gracieusement comme un voile. On l'appelle: \"Reine des Océans\".","stage":"De base","attacks":[{"cost":["Eau"],"name":"Koud'korne","damage":10}],"weaknesses":[{"type":"Électrique","value":"×2"}],"legal":{"standard":false,"expanded":false}},{"category":"Pokémon","id":"base2-54","illustrator":"Kagemaru Himeno","image":"https://assets.tcgdex.net/fr/base/base2/54","localId":"54","name":"Rondoudou","rarity":"Commune","set":{"cardCount":{"official":64,"total":64},"id":"base2","name":"Jungle","symbol":"https://assets.tcgdex.net/univ/base/base2/symbol"},"variants":{"firstEdition":false,"holo":true,"normal":true,"reverse":true,"wPromo":false},"dexId":[39],"hp":60,"types":["Incolore"],"description":"Quand ses yeux s'illuminent, il chante une mystérieuse berceuse.","stage":"De base","attacks":[{"cost":["Incolore"],"name":"Comptine","effect":"Le Pokémon Défenseur est maintenant Endormi."},{"cost":["Incolore","Incolore"],"name":"Écras'face","damage":20}],"weaknesses":[{"type":"Combat","value":"×2"}],"resistances":[{"type":"Psy","value":"-30"}],"legal":{"standard":false,"expanded":false}},{"category":"Pokémon","id":"base2-55","illustrator":"Kagemaru Himeno","image":"https://assets.tcgdex.net/fr/base/base2/55","localId":"55","name":"Férosinge","rarity":"Commune","set":{"cardCount":{"official":64,"total":64},"id":"base2","name":"Jungle","symbol":"https://assets.tcgdex.net/univ/base/base2/symbol"},"variants":{"firstEdition":false,"holo":true,"normal":true,"reverse":true,"wPromo":false},"dexId":[56],"hp":30,"types":["Combat"],"description":"Il se met en colère très vite. Calme ou furieux, son humeur change d'une seconde à l'autre.","stage":"De base","abilities":[{"type":"Pouvoir Pokémon","name":"Coup d'œil","effect":"Une seule fois pendant votre tour (avant votre attaque), vous pouvez regarder au choix: la carte du dessus du deck d'un des joueurs, une carte au hasard de la main de votre adversaire, ou une des Récompenses d'un des joueurs. Ce pouvoir ne peut être utilisé si Férosinge est Endormi, Confus ou Paralysé."}],"attacks":[{"cost":["Incolore"],"name":"Griffe","damage":10}],"weaknesses":[{"type":"Psy","value":"×2"}],"legal":{"standard":false,"expanded":false}},{"category":"Pokémon","id":"base2-56","illustrator":"Mitsuhiro Arita","image":"https://assets.tcgdex.net/fr/base/base2/56","localId":"56","name":"Miaouss","rarity":"Commune","set":{"cardCount":{"official":64,"total":64},"id":"base2","name":"Jungle","symbol":"https://assets.tcgdex.net/univ/base/base2/symbol"},"variants":{"firstEdition":false,"holo":true,"normal":true,"reverse":true,"wPromo":false},"dexId":[52],"hp":50,"types":["Incolore"],"description":"Il adore les pièces de monnaie. Il hante les rues à la recherche de pièces oubliées par les passants.","stage":"De base","attacks":[{"cost":["Incolore","Incolore"],"name":"Jackpot","effect":"Lancez une pièce. Si c'est face, piochez une carte.","damage":10}],"weaknesses":[{"type":"Combat","value":"×2"}],"resistances":[{"type":"Psy","value":"-30"}],"legal":{"standard":false,"expanded":false}},{"category":"Pokémon","id":"base2-57","illustrator":"Ken Sugimori","image":"https://assets.tcgdex.net/fr/base/base2/57","localId":"57","name":"Nidoran ♀","rarity":"Commune","set":{"cardCount":{"official":64,"total":64},"id":"base2","name":"Jungle","symbol":"https://assets.tcgdex.net/univ/base/base2/symbol"},"variants":{"firstEdition":false,"holo":true,"normal":true,"reverse":true,"wPromo":false},"dexId":[29],"hp":60,"types":["Plante"],"description":"Ce Pokémon est hérissé de dards empoisonnés. Les femelles ont des dards plus petits.","stage":"De base","attacks":[{"cost":["Plante"],"name":"Combo-griffe","effect":"Lancez 3 pièces. Cette attaque inflige 10 dégâts multipliés par le nombre de faces.","damage":"10×"},{"cost":["Plante","Plante"],"name":"Appel à la famille","effect":"Cherchez dans votre deck un Pokémon de base appelé Nidoran ♀ or Nidoran ♂ et placez-le sur votre Banc. Mélangez ensuite votre deck. (Vous ne pouvez pas utiliser cette attaque si votre Banc est plein.)"}],"weaknesses":[{"type":"Psy","value":"×2"}],"legal":{"standard":false,"expanded":false}},{"category":"Pokémon","id":"base2-58","illustrator":"Keiji Kinebuchi","image":"https://assets.tcgdex.net/fr/base/base2/58","localId":"58","name":"Mystherbe","rarity":"Commune","set":{"cardCount":{"official":64,"total":64},"id":"base2","name":"Jungle","symbol":"https://assets.tcgdex.net/univ/base/base2/symbol"},"variants":{"firstEdition":false,"holo":true,"normal":true,"reverse":true,"wPromo":false},"dexId":[43],"hp":50,"types":["Plante"],"description":"Pendant la journée il se cache sous terre. Il s'aventure la nuit pour planter des graines.","stage":"De base","attacks":[{"cost":["Plante"],"name":"Para-spore","effect":"Lancez une pièce. Si c'est face, le Pokémon Défenseur est maintenant Paralysé.","damage":10},{"cost":["Plante","Plante"],"name":"Repousse","effect":"Cherchez dans votre deck un Pokémon de base appelé Mystherbe et placez-le sur votre Banc. Mélangez ensuite votre deck. (Vous ne pouvez pas utiliser cette attaque si votre Banc est plein.)"}],"weaknesses":[{"type":"Feu","value":"×2"}],"legal":{"standard":false,"expanded":false}},{"category":"Pokémon","id":"base2-59","illustrator":"Ken Sugimori","image":"https://assets.tcgdex.net/fr/base/base2/59","localId":"59","name":"Paras","rarity":"Commune","set":{"cardCount":{"official":64,"total":64},"id":"base2","name":"Jungle","symbol":"https://assets.tcgdex.net/univ/base/base2/symbol"},"variants":{"firstEdition":false,"holo":true,"normal":true,"reverse":true,"wPromo":false},"dexId":[46],"hp":40,"types":["Plante"],"description":"Les champignons sur son dos se nourrissent des nutriments de leur hôte insectoïde.","stage":"De base","attacks":[{"cost":["Incolore","Incolore"],"name":"Griffe","damage":20},{"cost":["Plante","Plante"],"name":"Spore","effect":"Le Pokémon Défenseur est maintenant Endormi."}],"weaknesses":[{"type":"Feu","value":"×2"}],"legal":{"standard":false,"expanded":false}},{"category":"Pokémon","id":"base2-60","illustrator":"Ken Sugimori","image":"https://assets.tcgdex.net/fr/base/base2/60","localId":"60","name":"Pikachu","rarity":"Commune","set":{"cardCount":{"official":64,"total":64},"id":"base2","name":"Jungle","symbol":"https://assets.tcgdex.net/univ/base/base2/symbol"},"variants":{"firstEdition":false,"holo":true,"normal":true,"reverse":true,"wPromo":true},"dexId":[25],"hp":50,"types":["Électrique"],"description":"Quand plusieurs de ces Pokémon se réunissent, ils provoquent de gigantesques orages.","stage":"De base","attacks":[{"cost":["Électrique","Électrique"],"name":"Étincelle","effect":"Si votre adversaire a au moins 1 Pokémon sur son Banc, choisissez l'un d'eux ; cette attaque lui inflige 10 dégâts. (Ne pas appliquer la Faiblesse et la Résistance au Pokémon du Banc.)","damage":20}],"weaknesses":[{"type":"Combat","value":"×2"}],"legal":{"standard":false,"expanded":false}},{"category":"Pokémon","id":"base2-61","illustrator":"Mitsuhiro Arita","image":"https://assets.tcgdex.net/fr/base/base2/61","localId":"61","name":"Rhinocorne","rarity":"Commune","set":{"cardCount":{"official":64,"total":64},"id":"base2","name":"Jungle","symbol":"https://assets.tcgdex.net/univ/base/base2/symbol"},"variants":{"firstEdition":false,"holo":true,"normal":true,"reverse":true,"wPromo":false},"dexId":[111],"hp":70,"types":["Combat"],"description":"Avec une ossature 1000 fois plus résistante que celle de l'homme, ses charges sont dévastatrices.","stage":"De base","attacks":[{"cost":["Incolore"],"name":"Groz'yeux","effect":"Lancez une pièce. Si c'est face, le Pokémon Défenseur ne peut pas attaquer Rhinocorne pendant le prochain tour de votre adversaire. (Si l'un des deux Pokémon bat en retraite, cet effet prend fin.)"},{"cost":["Combat","Incolore","Incolore"],"name":"Koud'korne","damage":30}],"weaknesses":[{"type":"Plante","value":"×2"}],"resistances":[{"type":"Électrique","value":"-30"}],"legal":{"standard":false,"expanded":false}},{"category":"Pokémon","id":"base2-62","illustrator":"Mitsuhiro Arita","image":"https://assets.tcgdex.net/fr/base/base2/62","localId":"62","name":"Piafabec","rarity":"Commune","set":{"cardCount":{"official":64,"total":64},"id":"base2","name":"Jungle","symbol":"https://assets.tcgdex.net/univ/base/base2/symbol"},"variants":{"firstEdition":false,"holo":true,"normal":true,"reverse":true,"wPromo":false},"dexId":[21],"hp":50,"types":["Incolore"],"description":"Il chasse les insectes dans les hautes herbes. Ses petites ailes lui permettent de voler très vite.","stage":"De base","attacks":[{"cost":["Incolore"],"name":"Picpic","damage":10},{"cost":["Incolore","Incolore","Incolore"],"name":"Mimique","effect":"Si Piafabec a été attaqué durant le tour précédent, infligez le résultat final de cette attaque sur Piafabec au Pokémon Défenseur."}],"weaknesses":[{"type":"Électrique","value":"×2"}],"resistances":[{"type":"Combat","value":"-30"}],"legal":{"standard":false,"expanded":false}},{"category":"Pokémon","id":"base2-63","illustrator":"Mitsuhiro Arita","image":"https://assets.tcgdex.net/fr/base/base2/63","localId":"63","name":"Mimitoss","rarity":"Commune","set":{"cardCount":{"official":64,"total":64},"id":"base2","name":"Jungle","symbol":"https://assets.tcgdex.net/univ/base/base2/symbol"},"variants":{"firstEdition":false,"holo":true,"normal":true,"reverse":true,"wPromo":false},"dexId":[48],"hp":40,"types":["Plante"],"description":"Il vit à l'ombre des grands arbres où il mange des insectes. Il est attiré par la lumière.","stage":"De base","attacks":[{"cost":["Plante"],"name":"Para-spore","effect":"Lancez une pièce. Si c'est face, le Pokémon Défenseur est maintenant Paralysé.","damage":10},{"cost":["Plante","Incolore"],"name":"Vampirisme","effect":"Retirez de Mimitoss un nombre de marqueurs de dégâts égal aux dégâts infligés au Pokémon Défenseur (après application de la Faiblesse et de la Résistance). Si Mimitoss a moins de marqueurs de 10 dégâts, retirez-les tous.","damage":10}],"weaknesses":[{"type":"Feu","value":"×2"}],"legal":{"standard":false,"expanded":false}},{"category":"Dresseur","id":"base2-64","illustrator":"Keiji Kinebuchi","image":"https://assets.tcgdex.net/fr/base/base2/64","localId":"64","name":"Poké Balle","rarity":"Commune","set":{"cardCount":{"official":64,"total":64},"id":"base2","name":"Jungle","symbol":"https://assets.tcgdex.net/univ/base/base2/symbol"},"variants":{"firstEdition":false,"holo":true,"normal":true,"reverse":true,"wPromo":false},"effect":"Lancez une pièce. Si c'est face, vous pouvez chercher n'importe quelle carte Pokémon de base ou Évolution dans votre deck. Montrez cette carte à votre adversaire, puis placez-la dans votre main. Mélangez ensuite votre deck.","legal":{"standard":false,"expanded":false}}]