[{"category":"Pokémon","id":"det1-1","illustrator":"MPC Film","localId":"1","name":"Bulbizarre","rarity":"Commune","set":{"cardCount":{"official":18,"total":18},"id":"det1","name":"Détective Pikachu","symbol":"https://assets.tcgdex.net/univ/sm/det1/symbol"},"variants":{"firstEdition":false,"holo":true,"normal":true,"reverse":true,"wPromo":false},"dexId":[1],"hp":60,"types":["Plante"],"stage":"De base","attacks":[{"cost":["Plante"],"name":"Trouver un Ami","effect":"Cherchez un Pokémon Grass dans votre deck, montrez-le, puis ajoutez-le à votre main. Mélangez ensuite votre deck."}],"weaknesses":[{"type":"Feu","value":"×2"}],"retreat":1,"legal":{"standard":false,"expanded":true}},{"category":"Pokémon","id":"det1-2","illustrator":"Framestore","localId":"2","name":"Ludicolo","rarity":"Rare","set":{"cardCount":{"official":18,"total":18},"id":"det1","name":"Détective Pikachu","symbol":"https://assets.tcgdex.net/univ/sm/det1/symbol"},"variants":{"firstEdition":false,"holo":true,"normal":true,"reverse":true,"wPromo":false},"dexId":[272],"hp":140,"types":["Plante"],"evolveFrom":"Lombre","stage":"Niveau 2","abilities":[{"type":"Talent","name":"Service à Table","effect":"Une seule fois pendant votre tour (avant votre attaque), vous pouvez soigner 30 dégâts à l’un de vos Pokémon."}],"attacks":[{"cost":["Plante","Incolore","Incolore"],"name":"Frapper et Partir en Courant","effect":"Échangez ce Pokémon avec l’un de vos Pokémon de Banc.","damage":70}],"weaknesses":[{"type":"Feu","value":"×2"}],"retreat":3,"legal":{"standard":false,"expanded":true}},{"category":"Pokémon","id":"det1-3","illustrator":"MPC Film","localId":"3","name":"Spododo","rarity":"Commune","set":{"cardCount":{"official":18,"total":18},"id":"det1","name":"Détective Pikachu","symbol":"https://assets.tcgdex.net/univ/sm/det1/symbol"},"variants":{"firstEdition":false,"holo":true,"normal":true,"reverse":true,"wPromo":false},"dexId":[755],"hp":50,"types":["Plante"],"stage":"De base","attacks":[{"cost":["Plante"],"name":"Spore Dodo","effect":"Le Pokémon Actif de votre adversaire est maintenant Endormi.","damage":10}],"weaknesses":[{"type":"Feu","value":"×2"}],"retreat":1,"legal":{"standard":false,"expanded":true}},{"category":"Pokémon","id":"det1-4","illustrator":"MPC Film","localId":"4","name":"Salamèche","rarity":"Commune","set":{"cardCount":{"official":18,"total":18},"id":"det1","name":"Détective Pikachu","symbol":"https://assets.tcgdex.net/univ/sm/det1/symbol"},"variants":{"firstEdition":false,"holo":true,"normal":true,"reverse":true,"wPromo":false},"dexId":[4],"hp":60,"types":["Feu"],"stage":"De base","attacks":[{"cost":["Incolore"],"name":"Attaque Imprudente","effect":"Ce Pokémon s’inflige 10 dégâts.","damage":20}],"weaknesses":[{"type":"Eau","value":"×2"}],"retreat":1,"legal":{"standard":false,"expanded":true}},{"category":"Pokémon","id":"det1-5","illustrator":"Framestore","localId":"5","name":"Dracaufeu","rarity":"Ultra Rare","set":{"cardCount":{"official":18,"total":18},"id":"det1","name":"Détective Pikachu","symbol":"https://assets.tcgdex.net/univ/sm/det1/symbol"},"variants":{"firstEdition":false,"holo":true,"normal":true,"reverse":true,"wPromo":false},"dexId":[6],"hp":180,"types":["Feu"],"evolveFrom":"Reptincel","stage":"Niveau 2","attacks":[{"cost":["Feu","Incolore","Incolore"],"name":"Tranche","damage":70},{"cost":["Feu","Incolore","Incolore","Incolore"],"name":"Tacle Brutal","effect":"Ce Pokémon s’inflige 50 dégâts.","damage":180}],"weaknesses":[{"type":"Eau","value":"×2"}],"retreat":3,"legal":{"standard":false,"expanded":true}},{"category":"Pokémon","id":"det1-6","illustrator":"MPC Film","localId":"6","name":"Arcanin","rarity":"Rare","set":{"cardCount":{"official":18,"total":18},"id":"det1","name":"Détective Pikachu","symbol":"https://assets.tcgdex.net/univ/sm/det1/symbol"},"variants":{"firstEdition":false,"holo":true,"normal":true,"reverse":true,"wPromo":false},"dexId":[59],"hp":120,"types":["Feu"],"evolveFrom":"Caninos","stage":"Niveau 1","abilities":[{"type":"Talent","name":"Agent de Sécurité","effect":"Tant que ce Pokémon est votre Pokémon Actif, tous vos Pokémon subissent 30 dégâts de moins provenant des attaques de votre adversaire (avant application de la Faiblesse et de la Résistance)."}],"attacks":[{"cost":["Feu","Incolore","Incolore"],"name":"Croc Aiguisé","damage":90}],"weaknesses":[{"type":"Eau","value":"×2"}],"retreat":3,"legal":{"standard":false,"expanded":true}},{"category":"Pokémon","id":"det1-7","illustrator":"Framestore","localId":"7","name":"Psykokwak","rarity":"Commune","set":{"cardCount":{"official":18,"total":18},"id":"det1","name":"Détective Pikachu","symbol":"https://assets.tcgdex.net/univ/sm/det1/symbol"},"variants":{"firstEdition":false,"holo":true,"normal":true,"reverse":true,"wPromo":false},"dexId":[54],"hp":80,"types":["Eau"],"stage":"De base","attacks":[{"cost":["Eau"],"name":"Panique","effect":"Ce Pokémon est maintenant Confus.","damage":10}],"weaknesses":[{"type":"Plante","value":"×2"}],"retreat":3,"legal":{"standard":false,"expanded":true}},{"category":"Pokémon","id":"det1-8","illustrator":"Framestore","localId":"8","name":"Magicarpe","rarity":"Commune","set":{"cardCount":{"official":18,"total":18},"id":"det1","name":"Détective Pikachu","symbol":"https://assets.tcgdex.net/univ/sm/det1/symbol"},"variants":{"firstEdition":false,"holo":true,"normal":true,"reverse":true,"wPromo":false},"dexId":[129],"hp":30,"types":["Eau"],"stage":"De base","attacks":[{"cost":["Eau"],"name":"Ne Bougez Pas","effect":"Soignez 10 dégâts à ce Pokémon."}],"weaknesses":[{"type":"Électrique","value":"×2"}],"retreat":1,"legal":{"standard":false,"expanded":true}},{"category":"Pokémon","id":"det1-9","illustrator":"MPC Film","localId":"9","name":"Amphinobi","rarity":"Ultra Rare","set":{"cardCount":{"official":18,"total":18},"id":"det1","name":"Détective Pikachu","symbol":"https://assets.tcgdex.net/univ/sm/det1/symbol"},"variants":{"firstEdition":false,"holo":true,"normal":true,"reverse":true,"wPromo":false},"dexId":[658],"hp":140,"types":["Eau"],"evolveFrom":"Croâporal","stage":"Niveau 2","abilities":[{"type":"Talent","name":"Jutsu Évasion","effect":"Si des dégâts sont infligés à ce Pokémon par des attaques, lancez une pièce. Si c’est face, évitez ces dégâts."}],"attacks":[{"cost":["Eau","Eau"],"name":"Shuriken Furieux","effect":"Cette attaque inflige 50 dégâts à 2 des Pokémon de votre adversaire. (N’appliquez ni la Faiblesse ni la Résistance aux Pokémon de Banc.)"}],"weaknesses":[{"type":"Plante","value":"×2"}],"retreat":1,"legal":{"standard":false,"expanded":true}},{"category":"Pokémon","id":"det1-10","illustrator":"MPC Film","localId":"10","name":"Détective Pikachu","rarity":"Rare","set":{"cardCount":{"official":18,"total":18},"id":"det1","name":"Détective Pikachu","symbol":"https://assets.tcgdex.net/univ/sm/det1/symbol"},"variants":{"firstEdition":false,"holo":true,"normal":true,"reverse":true,"wPromo":false},"dexId":[25],"hp":90,"types":["Électrique"],"stage":"De base","attacks":[{"cost":["Électrique"],"name":"Espionnage","effect":"Votre adversaire dévoile sa main."},{"cost":["Incolore","Incolore","Incolore"],"name":"Attaque Surprise","effect":"Lancez une pièce. Si c’est pile, cette attaque ne fait rien.","damage":80}],"weaknesses":[{"type":"Combat","value":"×2"}],"resistances":[{"type":"Métal","value":"-20"}],"retreat":2,"legal":{"standard":false,"expanded":true}},{"category":"Pokémon","id":"det1-11","illustrator":"MPC Film","localId":"11","name":"M. Mime","rarity":"Rare","set":{"cardCount":{"official":18,"total":18},"id":"det1","name":"Détective Pikachu","symbol":"https://assets.tcgdex.net/univ/sm/det1/symbol"},"variants":{"firstEdition":false,"holo":true,"normal":true,"reverse":true,"wPromo":false},"dexId":[122],"hp":80,"types":["Psy"],"stage":"De base","abilities":[{"type":"Talent","name":"Pantomime","effect":"Lorsque vous jouez ce Pokémon de votre main sur votre Banc pendant votre tour, vous pouvez échanger une de vos cartes Récompense (actuellement face cachée) avec la carte du dessus de votre deck."}],"attacks":[{"cost":["Psy","Incolore"],"name":"Jonglerie","effect":"Lancez 4 pièces. Cette attaque inflige 20 dégâts pour chaque côté face.","damage":"20×"}],"weaknesses":[{"type":"Psy","value":"×2"}],"retreat":1,"legal":{"standard":false,"expanded":true}},{"category":"Pokémon","id":"det1-12","illustrator":"MPC Film","localId":"12","name":"Mewtwo","rarity":"Ultra Rare","set":{"cardCount":{"official":18,"total":18},"id":"det1","name":"Détective Pikachu","symbol":"https://assets.tcgdex.net/univ/sm/det1/symbol"},"variants":{"firstEdition":false,"holo":true,"normal":true,"reverse":true,"wPromo":false},"dexId":[150],"hp":130,"types":["Psy"],"stage":"De base","attacks":[{"cost":["Psy","Incolore"],"name":"Détournement Psy","effect":"Choisissez l’une des attaques du Pokémon Actif de votre adversaire. Ce Pokémon ne peut pas utiliser cette attaque pendant le prochain tour de votre adversaire.","damage":30},{"cost":["Psy","Psy","Incolore"],"name":"Brûlure Brisante","effect":"Défaussez 2 Énergies Psychic de ce Pokémon.","damage":130}],"weaknesses":[{"type":"Psy","value":"×2"}],"retreat":2,"legal":{"standard":false,"expanded":true}},{"category":"Pokémon","id":"det1-13","illustrator":"MPC Film","localId":"13","name":"Mackogneur","rarity":"Rare","set":{"cardCount":{"official":18,"total":18},"id":"det1","name":"Détective Pikachu","symbol":"https://assets.tcgdex.net/univ/sm/det1/symbol"},"variants":{"firstEdition":false,"holo":true,"normal":true,"reverse":true,"wPromo":false},"dexId":[68],"hp":160,"types":["Combat"],"evolveFrom":"Machopeur","stage":"Niveau 2","attacks":[{"cost":["Combat"],"name":"Diriger la Circulation","effect":"Regardez les 5 cartes du dessus de votre deck et replacez-les dans l’ordre de votre choix."},{"cost":["Combat","Combat"],"name":"Coup-Croix","effect":"Lancez une pièce. Si c’est face, cette attaque inflige 60 dégâts supplémentaires.","damage":"80+"}],"weaknesses":[{"type":"Psy","value":"×2"}],"retreat":2,"legal":{"standard":false,"expanded":true}},{"category":"Pokémon","id":"det1-14","illustrator":"Framestore","localId":"14","name":"Rondoudou","rarity":"Commune","set":{"cardCount":{"official":18,"total":18},"id":"det1","name":"Détective Pikachu","symbol":"https://assets.tcgdex.net/univ/sm/det1/symbol"},"variants":{"firstEdition":false,"holo":true,"normal":true,"reverse":true,"wPromo":false},"dexId":[39],"hp":60,"types":["Fée"],"stage":"De base","attacks":[{"cost":["Fée"],"name":"Mélodie Apaisante","effect":"Soignez 10 dégâts à chacun de vos Pokémon."}],"weaknesses":[{"type":"Métal","value":"×2"}],"resistances":[{"type":"Obscurité","value":"-20"}],"retreat":1,"legal":{"standard":false,"expanded":true}},{"category":"Pokémon","id":"det1-15","illustrator":"Framestore","localId":"15","name":"Snubbull","rarity":"Commune","set":{"cardCount":{"official":18,"total":18},"id":"det1","name":"Détective Pikachu","symbol":"https://assets.tcgdex.net/univ/sm/det1/symbol"},"variants":{"firstEdition":false,"holo":true,"normal":true,"reverse":true,"wPromo":false},"dexId":[209],"hp":70,"types":["Fée"],"stage":"De base","attacks":[{"cost":["Incolore","Incolore"],"name":"Câlinerie","effect":"Lancez une pièce. Si c’est face, cette attaque inflige 30 dégâts supplémentaires.","damage":"10+"}],"weaknesses":[{"type":"Métal","value":"×2"}],"resistances":[{"type":"Obscurité","value":"-20"}],"retreat":2,"legal":{"standard":false,"expanded":true}},{"category":"Pokémon","id":"det1-16","illustrator":"MPC Film","localId":"16","name":"Excelangue","rarity":"Commune","set":{"cardCount":{"official":18,"total":18},"id":"det1","name":"Détective Pikachu","symbol":"https://assets.tcgdex.net/univ/sm/det1/symbol"},"variants":{"firstEdition":false,"holo":true,"normal":true,"reverse":true,"wPromo":false},"dexId":[108],"hp":100,"types":["Incolore"],"stage":"De base","attacks":[{"cost":["Incolore","Incolore"],"name":"Langue Sans Fin","effect":"Lancez une pièce jusqu’à ce que vous obteniez un côté pile. Cette attaque inflige 20 dégâts pour chaque côté face.","damage":"20×"}],"weaknesses":[{"type":"Combat","value":"×2"}],"retreat":3,"legal":{"standard":false,"expanded":true}},{"category":"Pokémon","id":"det1-17","illustrator":"MPC Film","localId":"17","name":"Métamorph","rarity":"Ultra Rare","set":{"cardCount":{"official":18,"total":18},"id":"det1","name":"Détective Pikachu","symbol":"https://assets.tcgdex.net/univ/sm/det1/symbol"},"variants":{"firstEdition":false,"holo":true,"normal":true,"reverse":true,"wPromo":false},"dexId":[132],"hp":60,"types":["Incolore"],"stage":"De base","attacks":[{"cost":["Incolore"],"name":"Copie Tout","effect":"Choisissez l’une des attaques des Pokémon de votre adversaire et utilisez-la en tant que cette attaque. Si ce Pokémon n’a pas l’Énergie nécessaire pour utiliser cette attaque, cette attaque ne fait rien."}],"weaknesses":[{"type":"Combat","value":"×2"}],"retreat":1,"legal":{"standard":false,"expanded":true}},{"category":"Pokémon","id":"det1-18","illustrator":"Framestore","localId":"18","name":"Monaflèmit","rarity":"Rare","set":{"cardCount":{"official":18,"total":18},"id":"det1","name":"Détective Pikachu","symbol":"https://assets.tcgdex.net/univ/sm/det1/symbol"},"variants":{"firstEdition":false,"holo":true,"normal":true,"reverse":true,"wPromo":false},"dexId":[289],"hp":180,"types":["Incolore"],"evolveFrom":"Vigoroth","stage":"Niveau 2","attacks":[{"cost":["Incolore","Incolore","Incolore","Incolore"],"name":"Lancer","effect":"Votre adversaire échange son Pokémon Actif avec l’un de ses Pokémon de Banc.","damage":150}],"weaknesses":[{"type":"Combat","value":"×2"}],"retreat":4,"legal":{"standard":false,"expanded":true}}]