[{"category":"Pokémon","id":"dv1-1","illustrator":"Masakazu Fukuda","image":"https://assets.tcgdex.net/fr/bw/dv1/1","localId":"1","name":"Minidraco","rarity":"Rare","set":{"cardCount":{"official":20,"total":20},"id":"dv1","logo":"https://assets.tcgdex.net/fr/bw/dv1/logo","name":"Coffre des Dragons","symbol":"https://assets.tcgdex.net/univ/bw/dv1/symbol"},"variants":{"firstEdition":false,"holo":true,"normal":true,"reverse":true,"wPromo":false},"dexId":[147],"hp":40,"types":["Dragon"],"stage":"De base","attacks":[{"cost":["Plante","Électrique"],"name":"Ligotage","effect":"Lancez une pièce. Si c'est face, le Pokémon Défenseur est maintenant Paralysé.","damage":20}],"weaknesses":[{"type":"Dragon","value":"×2"}],"retreat":1,"legal":{"standard":false,"expanded":true}},{"category":"Pokémon","id":"dv1-2","illustrator":"Naoki Saito","image":"https://assets.tcgdex.net/fr/bw/dv1/2","localId":"2","name":"Minidraco","rarity":"Rare","set":{"cardCount":{"official":20,"total":20},"id":"dv1","logo":"https://assets.tcgdex.net/fr/bw/dv1/logo","name":"Coffre des Dragons","symbol":"https://assets.tcgdex.net/univ/bw/dv1/symbol"},"variants":{"firstEdition":false,"holo":true,"normal":true,"reverse":true,"wPromo":false},"dexId":[147],"hp":40,"types":["Dragon"],"stage":"De base","attacks":[{"cost":["Plante"],"name":"Regard Hypnotique","effect":"Le Pokémon Défenseur est maintenant Endormi."},{"cost":["Électrique"],"name":"Queue Battoir","damage":10}],"weaknesses":[{"type":"Dragon","value":"×2"}],"retreat":1,"legal":{"standard":false,"expanded":true}},{"category":"Pokémon","id":"dv1-3","illustrator":"Hajime Kusajima","image":"https://assets.tcgdex.net/fr/bw/dv1/3","localId":"3","name":"Draco","rarity":"Rare","set":{"cardCount":{"official":20,"total":20},"id":"dv1","logo":"https://assets.tcgdex.net/fr/bw/dv1/logo","name":"Coffre des Dragons","symbol":"https://assets.tcgdex.net/univ/bw/dv1/symbol"},"variants":{"firstEdition":false,"holo":true,"normal":true,"reverse":true,"wPromo":false},"dexId":[148],"hp":70,"types":["Dragon"],"evolveFrom":"Minidraco","stage":"Niveau 1","attacks":[{"cost":["Incolore","Incolore"],"name":"Queue Battoir","damage":20},{"cost":["Plante","Électrique","Incolore"],"name":"Dracochoc","effect":"Défaussez la carte du dessus de votre deck.","damage":70}],"weaknesses":[{"type":"Dragon","value":"×2"}],"retreat":2,"legal":{"standard":false,"expanded":true}},{"category":"Pokémon","id":"dv1-4","illustrator":"Kagemaru Himeno","image":"https://assets.tcgdex.net/fr/bw/dv1/4","localId":"4","name":"Draco","rarity":"Rare","set":{"cardCount":{"official":20,"total":20},"id":"dv1","logo":"https://assets.tcgdex.net/fr/bw/dv1/logo","name":"Coffre des Dragons","symbol":"https://assets.tcgdex.net/univ/bw/dv1/symbol"},"variants":{"firstEdition":false,"holo":true,"normal":true,"reverse":true,"wPromo":false},"dexId":[148],"hp":70,"types":["Dragon"],"evolveFrom":"Minidraco","stage":"Niveau 1","attacks":[{"cost":["Plante"],"name":"Mélodie Apaisante","effect":"Soignez 10 dégâts à chacun de vos Pokémon."},{"cost":["Électrique","Incolore"],"name":"Souplesse","effect":"Lancez 2 pièces. Cette attaque inflige 30 dégâts multipliés par le nombre de côtés face.","damage":30}],"weaknesses":[{"type":"Dragon","value":"×2"}],"retreat":2,"legal":{"standard":false,"expanded":true}},{"category":"Pokémon","id":"dv1-5","illustrator":"Mitsuhiro Arita","image":"https://assets.tcgdex.net/fr/bw/dv1/5","localId":"5","name":"Dracolosse","rarity":"Rare","set":{"cardCount":{"official":20,"total":20},"id":"dv1","logo":"https://assets.tcgdex.net/fr/bw/dv1/logo","name":"Coffre des Dragons","symbol":"https://assets.tcgdex.net/univ/bw/dv1/symbol"},"variants":{"firstEdition":false,"holo":true,"normal":true,"reverse":true,"wPromo":false},"dexId":[149],"hp":150,"types":["Dragon"],"evolveFrom":"Draco","stage":"Niveau 2","attacks":[{"cost":["Électrique","Incolore","Incolore"],"name":"Ultralaser","effect":"Lancez une pièce. Si c'est face, défaussez une Énergie attachée au Pokémon Défenseur.","damage":50},{"cost":["Plante","Incolore","Incolore","Incolore"],"name":"Bourrasqueue","effect":"Lancez 4 pièces. Cette attaque inflige 60 dégâts multipliés par le nombre de côtés face.","damage":60}],"weaknesses":[{"type":"Dragon","value":"×2"}],"retreat":3,"legal":{"standard":false,"expanded":true}},{"category":"Pokémon","id":"dv1-6","illustrator":"Kouki Saitou","image":"https://assets.tcgdex.net/fr/bw/dv1/6","localId":"6","name":"Draby","rarity":"Rare","set":{"cardCount":{"official":20,"total":20},"id":"dv1","logo":"https://assets.tcgdex.net/fr/bw/dv1/logo","name":"Coffre des Dragons","symbol":"https://assets.tcgdex.net/univ/bw/dv1/symbol"},"variants":{"firstEdition":false,"holo":true,"normal":true,"reverse":true,"wPromo":false},"dexId":[371],"hp":50,"types":["Dragon"],"stage":"De base","attacks":[{"cost":["Incolore"],"name":"Coup d'Boule","damage":10},{"cost":["Feu","Eau"],"name":"Dracogriffe","damage":20}],"weaknesses":[{"type":"Dragon","value":"×2"}],"retreat":1,"legal":{"standard":false,"expanded":true}},{"category":"Pokémon","id":"dv1-7","illustrator":"Akira Komayama","image":"https://assets.tcgdex.net/fr/bw/dv1/7","localId":"7","name":"Drackhaus","rarity":"Rare","set":{"cardCount":{"official":20,"total":20},"id":"dv1","logo":"https://assets.tcgdex.net/fr/bw/dv1/logo","name":"Coffre des Dragons","symbol":"https://assets.tcgdex.net/univ/bw/dv1/symbol"},"variants":{"firstEdition":false,"holo":true,"normal":true,"reverse":true,"wPromo":false},"dexId":[372],"hp":80,"types":["Dragon"],"evolveFrom":"Draby","stage":"Niveau 1","attacks":[{"cost":["Incolore"],"name":"Asticotage","effect":"Lancez une pièce. Si c'est face, cette attaque inflige 20 dégâts supplémentaires.","damage":10},{"cost":["Feu","Eau","Incolore"],"name":"Roulade","damage":50}],"weaknesses":[{"type":"Dragon","value":"×2"}],"retreat":3,"legal":{"standard":false,"expanded":true}},{"category":"Pokémon","id":"dv1-8","illustrator":"BERUBURI","image":"https://assets.tcgdex.net/fr/bw/dv1/8","localId":"8","name":"Drattak","rarity":"Rare","set":{"cardCount":{"official":20,"total":20},"id":"dv1","logo":"https://assets.tcgdex.net/fr/bw/dv1/logo","name":"Coffre des Dragons","symbol":"https://assets.tcgdex.net/univ/bw/dv1/symbol"},"variants":{"firstEdition":false,"holo":true,"normal":true,"reverse":true,"wPromo":false},"dexId":[373],"hp":140,"types":["Dragon"],"evolveFrom":"Drackhaus","stage":"Niveau 2","abilities":[{"type":"Talent","name":"Vent Méprisant","effect":"Une seule fois pendant votre tour (avant votre attaque), vous pouvez demander à votre adversaire de défausser des cartes de sa main jusqu'à ce qu'il ne reste que 4 cartes dans sa main."}],"attacks":[{"cost":["Feu","Eau","Incolore","Incolore"],"name":"Déchiquetage","effect":"Les dégâts de cette attaque ne sont affectés par aucun effet en action sur le Pokémon Défenseur.","damage":90}],"weaknesses":[{"type":"Dragon","value":"×2"}],"retreat":2,"legal":{"standard":false,"expanded":true}},{"category":"Pokémon","id":"dv1-9","illustrator":"Hideaki Hakozaki","image":"https://assets.tcgdex.net/fr/bw/dv1/9","localId":"9","name":"Latias","rarity":"Rare","set":{"cardCount":{"official":20,"total":20},"id":"dv1","logo":"https://assets.tcgdex.net/fr/bw/dv1/logo","name":"Coffre des Dragons","symbol":"https://assets.tcgdex.net/univ/bw/dv1/symbol"},"variants":{"firstEdition":false,"holo":true,"normal":true,"reverse":true,"wPromo":false},"dexId":[380],"hp":100,"types":["Dragon"],"stage":"De base","attacks":[{"cost":["Incolore"],"name":"Assistance Énergétique","effect":"Attachez une carte Énergie de base de votre pile de défausse à 1 de vos Pokémon de Banc."},{"cost":["Feu","Psy"],"name":"Guérison Céleste","effect":"Si Latios est sur votre Banc, soignez 20 dégâts à ce Pokémon.","damage":40}],"weaknesses":[{"type":"Dragon","value":"×2"}],"retreat":1,"legal":{"standard":false,"expanded":true}},{"category":"Pokémon","id":"dv1-10","illustrator":"Ryo Ueda","image":"https://assets.tcgdex.net/fr/bw/dv1/10","localId":"10","name":"Latios","rarity":"Rare","set":{"cardCount":{"official":20,"total":20},"id":"dv1","logo":"https://assets.tcgdex.net/fr/bw/dv1/logo","name":"Coffre des Dragons","symbol":"https://assets.tcgdex.net/univ/bw/dv1/symbol"},"variants":{"firstEdition":false,"holo":true,"normal":true,"reverse":true,"wPromo":false},"dexId":[381],"hp":100,"types":["Dragon"],"stage":"De base","attacks":[{"cost":["Eau","Incolore"],"name":"Lame Céleste","effect":"Si Latias est sur votre Banc, cette attaque inflige 20 dégâts supplémentaires.","damage":20},{"cost":["Psy","Incolore","Incolore"],"name":"Ailes Vives","damage":60}],"weaknesses":[{"type":"Dragon","value":"×2"}],"retreat":1,"legal":{"standard":false,"expanded":true}},{"category":"Pokémon","id":"dv1-11","illustrator":"5ban Graphics","image":"https://assets.tcgdex.net/fr/bw/dv1/11","localId":"11","name":"Rayquaza","rarity":"Rare","set":{"cardCount":{"official":20,"total":20},"id":"dv1","logo":"https://assets.tcgdex.net/fr/bw/dv1/logo","name":"Coffre des Dragons","symbol":"https://assets.tcgdex.net/univ/bw/dv1/symbol"},"variants":{"firstEdition":false,"holo":true,"normal":true,"reverse":true,"wPromo":false},"dexId":[384],"hp":120,"types":["Dragon"],"stage":"De base","attacks":[{"cost":["Électrique"],"name":"Dracochoc","effect":"Défaussez les 2 cartes du dessus de votre deck.","damage":40},{"cost":["Feu","Électrique","Incolore"],"name":"Déchiquetage","effect":"Les dégâts de cette attaque ne sont affectés par aucun effet en action sur le Pokémon Défenseur.","damage":90}],"weaknesses":[{"type":"Dragon","value":"×2"}],"retreat":3,"legal":{"standard":false,"expanded":true}},{"category":"Pokémon","id":"dv1-12","illustrator":"Mizue","image":"https://assets.tcgdex.net/fr/bw/dv1/12","localId":"12","name":"Coupenotte","rarity":"Rare","set":{"cardCount":{"official":20,"total":20},"id":"dv1","logo":"https://assets.tcgdex.net/fr/bw/dv1/logo","name":"Coffre des Dragons","symbol":"https://assets.tcgdex.net/univ/bw/dv1/symbol"},"variants":{"firstEdition":false,"holo":true,"normal":true,"reverse":true,"wPromo":false},"dexId":[610],"hp":40,"types":["Dragon"],"stage":"De base","attacks":[{"cost":["Combat"],"name":"Signes d'Évolution","effect":"Lancez une pièce. Si c'est face, cherchez Incisache dans votre deck, montrez-le, puis ajoutez-le à votre main. Mélangez ensuite votre deck."},{"cost":["Métal"],"name":"Griffe","damage":10}],"weaknesses":[{"type":"Dragon","value":"×2"}],"retreat":1,"legal":{"standard":false,"expanded":true}},{"category":"Pokémon","id":"dv1-13","illustrator":"TOKIYA","image":"https://assets.tcgdex.net/fr/bw/dv1/13","localId":"13","name":"Coupenotte","rarity":"Rare","set":{"cardCount":{"official":20,"total":20},"id":"dv1","logo":"https://assets.tcgdex.net/fr/bw/dv1/logo","name":"Coffre des Dragons","symbol":"https://assets.tcgdex.net/univ/bw/dv1/symbol"},"variants":{"firstEdition":false,"holo":true,"normal":true,"reverse":true,"wPromo":false},"dexId":[610],"hp":50,"types":["Dragon"],"stage":"De base","attacks":[{"cost":["Combat","Métal"],"name":"Coup Rapide","effect":"Lancez une pièce. Si c'est pile, cette attaque ne fait rien.","damage":30}],"weaknesses":[{"type":"Dragon","value":"×2"}],"retreat":1,"legal":{"standard":false,"expanded":true}},{"category":"Pokémon","id":"dv1-14","illustrator":"Shin Nagasawa","image":"https://assets.tcgdex.net/fr/bw/dv1/14","localId":"14","name":"Incisache","rarity":"Rare","set":{"cardCount":{"official":20,"total":20},"id":"dv1","logo":"https://assets.tcgdex.net/fr/bw/dv1/logo","name":"Coffre des Dragons","symbol":"https://assets.tcgdex.net/univ/bw/dv1/symbol"},"variants":{"firstEdition":false,"holo":true,"normal":true,"reverse":true,"wPromo":false},"dexId":[611],"hp":70,"types":["Dragon"],"evolveFrom":"Coupenotte","stage":"Niveau 1","abilities":[{"type":"Talent","name":"Vaillance","effect":"Si ce Pokémon est affecté par un État Spécial, chacune de ses attaques inflige 40 dégâts supplémentaires (avant application de la Faiblesse et de la Résistance)."}],"attacks":[{"cost":["Combat","Métal","Incolore"],"name":"Dracogriffe","damage":60}],"weaknesses":[{"type":"Dragon","value":"×2"}],"retreat":1,"legal":{"standard":false,"expanded":true}},{"category":"Pokémon","id":"dv1-15","illustrator":"match","image":"https://assets.tcgdex.net/fr/bw/dv1/15","localId":"15","name":"Incisache","rarity":"Rare","set":{"cardCount":{"official":20,"total":20},"id":"dv1","logo":"https://assets.tcgdex.net/fr/bw/dv1/logo","name":"Coffre des Dragons","symbol":"https://assets.tcgdex.net/univ/bw/dv1/symbol"},"variants":{"firstEdition":false,"holo":true,"normal":true,"reverse":true,"wPromo":false},"dexId":[611],"hp":80,"types":["Dragon"],"evolveFrom":"Coupenotte","stage":"Niveau 1","attacks":[{"cost":["Métal","Incolore"],"name":"Griffe","damage":20},{"cost":["Combat","Incolore","Incolore"],"name":"Croc Aiguisé","damage":40}],"weaknesses":[{"type":"Dragon","value":"×2"}],"retreat":2,"legal":{"standard":false,"expanded":true}},{"category":"Pokémon","id":"dv1-16","illustrator":"Eske Yoshinob","image":"https://assets.tcgdex.net/fr/bw/dv1/16","localId":"16","name":"Tranchodon","rarity":"Rare","set":{"cardCount":{"official":20,"total":20},"id":"dv1","logo":"https://assets.tcgdex.net/fr/bw/dv1/logo","name":"Coffre des Dragons","symbol":"https://assets.tcgdex.net/univ/bw/dv1/symbol"},"variants":{"firstEdition":false,"holo":true,"normal":true,"reverse":true,"wPromo":false},"dexId":[612],"hp":140,"types":["Dragon"],"evolveFrom":"Incisache","stage":"Niveau 2","attacks":[{"cost":["Incolore","Incolore"],"name":"Cognée","effect":"Si le Pokémon Défenseur est un Pokémon Colorless, cette attaque inflige 60 dégâts supplémentaires.","damage":60},{"cost":["Combat","Métal","Incolore","Incolore"],"name":"Dracochoc","effect":"Défaussez la carte du dessus de votre deck.","damage":100}],"weaknesses":[{"type":"Dragon","value":"×2"}],"retreat":2,"legal":{"standard":false,"expanded":true}},{"category":"Pokémon","id":"dv1-17","illustrator":"kawayoo","image":"https://assets.tcgdex.net/fr/bw/dv1/17","localId":"17","name":"Drakkarmin","rarity":"Rare","set":{"cardCount":{"official":20,"total":20},"id":"dv1","logo":"https://assets.tcgdex.net/fr/bw/dv1/logo","name":"Coffre des Dragons","symbol":"https://assets.tcgdex.net/univ/bw/dv1/symbol"},"variants":{"firstEdition":false,"holo":true,"normal":true,"reverse":true,"wPromo":false},"dexId":[621],"hp":110,"types":["Dragon"],"stage":"De base","attacks":[{"cost":["Incolore","Incolore"],"name":"Mâchoire Serrée","effect":"Lancez une pièce. Si c'est face, le Pokémon Défenseur est maintenant Paralysé.","damage":20},{"cost":["Feu","Eau","Incolore"],"name":"Draco-Queue","effect":"Lancez 2 pièces. Cette attaque inflige 80 dégâts multipliés par le nombre de côtés face.","damage":80}],"weaknesses":[{"type":"Dragon","value":"×2"}],"retreat":2,"legal":{"standard":false,"expanded":true}},{"category":"Dresseur","id":"dv1-18","illustrator":"Ryo Ueda","image":"https://assets.tcgdex.net/fr/bw/dv1/18","localId":"18","name":"Multi Exp","rarity":"Rare","set":{"cardCount":{"official":20,"total":20},"id":"dv1","logo":"https://assets.tcgdex.net/fr/bw/dv1/logo","name":"Coffre des Dragons","symbol":"https://assets.tcgdex.net/univ/bw/dv1/symbol"},"variants":{"firstEdition":false,"holo":true,"normal":true,"reverse":true,"wPromo":false},"effect":"Lorsque votre Pokémon Actif est mis K.O. par les dégâts d'une attaque de votre adversaire, vous pouvez déplacer 1 carte Énergie de base qui était attachée au Pokémon mis K.O. vers le Pokémon auquel cette carte est attachée.","trainerType":"Outil","legal":{"standard":false,"expanded":true}},{"category":"Dresseur","id":"dv1-19","illustrator":"5ban Graphics","image":"https://assets.tcgdex.net/fr/bw/dv1/19","localId":"19","name":"Ticket Prioritaire","rarity":"Rare","set":{"cardCount":{"official":20,"total":20},"id":"dv1","logo":"https://assets.tcgdex.net/fr/bw/dv1/logo","name":"Coffre des Dragons","symbol":"https://assets.tcgdex.net/univ/bw/dv1/symbol"},"variants":{"firstEdition":false,"holo":true,"normal":true,"reverse":true,"wPromo":false},"effect":"Avant de lancer une pièce pour décider qui joue en premier, vous pouvez jouer cette carte. Le lancer de pièce n'a pas lieu, et vous jouez en premier. Si les 2 joueurs jouent Ticket Prioritaire, procédez au lancer de pièce. (Vous ne pouvez jouer qu'un seul Ticket Prioritaire avant le lancer de pièce.)","trainerType":"Objet","legal":{"standard":false,"expanded":true}},{"category":"Dresseur","id":"dv1-20","illustrator":"5ban Graphics","image":"https://assets.tcgdex.net/fr/bw/dv1/20","localId":"20","name":"Méga Canne","rarity":"Rare","set":{"cardCount":{"official":20,"total":20},"id":"dv1","logo":"https://assets.tcgdex.net/fr/bw/dv1/logo","name":"Coffre des Dragons","symbol":"https://assets.tcgdex.net/univ/bw/dv1/symbol"},"variants":{"firstEdition":false,"holo":true,"normal":true,"reverse":true,"wPromo":false},"effect":"Choisissez une combinaison de 3 cartes de Pokémon et d'Énergies de base dans votre pile de défausse et mélangez-les avec votre deck.","trainerType":"Objet","legal":{"standard":false,"expanded":true}}]