[{"category":"Pokémon","id":"ex3-1","illustrator":"Naoyo Kimura","image":"https://assets.tcgdex.net/fr/ex/ex3/1","localId":"1","name":"Absol","rarity":"Rare","set":{"cardCount":{"official":97,"total":100},"id":"ex3","name":"EX Dragon","symbol":"https://assets.tcgdex.net/univ/ex/ex3/symbol"},"variants":{"firstEdition":false,"holo":true,"normal":true,"reverse":true,"wPromo":false},"dexId":[359],"hp":70,"types":["Obscurité"],"stage":"De base","attacks":[{"cost":["Obscurité"],"name":"Mauvaises nouvelles","effect":"Si votre adversaire a au moins six cartes en main, choisissez sans regarder suffisamment de cartes pour qu'il ne lui reste plus que cinq cartes. Votre adversaire défausse les cartes que vous avez choisi."},{"cost":["Obscurité","Incolore"],"name":"Compteur de Récompense","effect":"S'il vous reste plus de cartes Récompense que votre adversaire, cette attaque inflige 40 dégâts.","damage":"20+"}],"weaknesses":[{"type":"Combat","value":"×2"}],"resistances":[{"type":"Psy","value":"-30"}],"legal":{"standard":false,"expanded":false}},{"category":"Pokémon","id":"ex3-2","illustrator":"Atsuko Nishida","image":"https://assets.tcgdex.net/fr/ex/ex3/2","localId":"2","name":"Altaria","rarity":"Rare","set":{"cardCount":{"official":97,"total":100},"id":"ex3","name":"EX Dragon","symbol":"https://assets.tcgdex.net/univ/ex/ex3/symbol"},"variants":{"firstEdition":false,"holo":true,"normal":true,"reverse":true,"wPromo":false},"dexId":[334],"hp":80,"types":["Incolore"],"stage":"Niveau 1","attacks":[{"cost":["Incolore"],"name":"Danse de dragon","effect":"Lors de votre prochain tour, si un de vos Pokémon Actifs inflige des dégâts à un des Pokémon Défenseurs, cette attaque inflige 40 dégâts supplémentaires (avant application de la Faiblesse et de la Résistance)."},{"cost":["Eau","Électrique"],"name":"Chanson de dragon","effect":"Chaque Pokémon Défenseur est maintenant Endormi.","damage":30}],"weaknesses":[{"type":"Incolore","value":"×2"}],"resistances":[{"type":"Plante","value":"-30"},{"type":"Combat","value":"-30"}],"legal":{"standard":false,"expanded":false}},{"category":"Pokémon","id":"ex3-3","illustrator":"Hisao Nakamura","image":"https://assets.tcgdex.net/fr/ex/ex3/3","localId":"3","name":"Colhomard","rarity":"Rare","set":{"cardCount":{"official":97,"total":100},"id":"ex3","name":"EX Dragon","symbol":"https://assets.tcgdex.net/univ/ex/ex3/symbol"},"variants":{"firstEdition":false,"holo":true,"normal":true,"reverse":true,"wPromo":false},"dexId":[342],"hp":80,"types":["Eau"],"stage":"Niveau 1","abilities":[{"type":"Poké-BODY","name":"Pinces puissantes","effect":"Tant que Colhomard est votre Pokémon Actif, dès qu'un de vos Pokémon Actifs inflige des dégâts aux Pokémon Défenseurs, cette attaque inflige 10 dégâts supplémentaires (avant application de la Faiblesse et de la Résistance)."}],"attacks":[{"cost":["Eau","Incolore","Incolore"],"name":"Guillotine","damage":50}],"weaknesses":[{"type":"Électrique","value":"×2"}],"legal":{"standard":false,"expanded":false}},{"category":"Pokémon","id":"ex3-4","illustrator":"Mitsuhiro Arita","image":"https://assets.tcgdex.net/fr/ex/ex3/4","localId":"4","name":"Libegon","rarity":"Rare","set":{"cardCount":{"official":97,"total":100},"id":"ex3","name":"EX Dragon","symbol":"https://assets.tcgdex.net/univ/ex/ex3/symbol"},"variants":{"firstEdition":false,"holo":true,"normal":true,"reverse":true,"wPromo":false},"dexId":[330],"hp":120,"types":["Incolore"],"stage":"Niveau 2","attacks":[{"cost":["Plante","Électrique"],"name":"Averse d'énergie","effect":"Choisissez dans votre main autant de cartes Énergie de base que vous le voulez et attachez-les à vos Pokémon de la façon que vous voulez."},{"cost":["Incolore","Incolore","Incolore"],"name":"Brûlure arcenciel","effect":"Inflige 30 dégâts plus 10 dégâts supplémentaires pour chaque type de carte Énergie de base attaché à Libegon.","damage":"30+"}],"weaknesses":[{"type":"Incolore","value":"×2"}],"resistances":[{"type":"Feu","value":"-30"},{"type":"Électrique","value":"-30"}],"legal":{"standard":false,"expanded":false}},{"category":"Pokémon","id":"ex3-5","illustrator":"Hisao Nakamura","image":"https://assets.tcgdex.net/fr/ex/ex3/5","localId":"5","name":"Grolem","rarity":"Rare","set":{"cardCount":{"official":97,"total":100},"id":"ex3","name":"EX Dragon","symbol":"https://assets.tcgdex.net/univ/ex/ex3/symbol"},"variants":{"firstEdition":false,"holo":true,"normal":true,"reverse":true,"wPromo":false},"dexId":[76],"hp":120,"types":["Combat"],"stage":"Niveau 2","attacks":[{"cost":["Combat","Incolore","Incolore"],"name":"Grosse vengeance","effect":"Inflige 20 dégâts plus 10 dégâts supplémentaires pour chaque marqueur de dégât sur vos Pokémon Actifs.","damage":"20+"},{"cost":["Combat","Combat","Incolore","Incolore","Incolore"],"name":"Éboulement","effect":"Inflige 20 dégâts à deux des Pokémon du banc de votre adversaire (ou un s'il n'y en a qu'un). (Vous ne pouvez pas appliquer la Faiblesse et la Résistance aux Pokémon du Banc).","damage":60}],"weaknesses":[{"type":"Eau","value":"×2"}],"legal":{"standard":false,"expanded":false}},{"category":"Pokémon","id":"ex3-6","illustrator":"Midori Harada","image":"https://assets.tcgdex.net/fr/ex/ex3/6","localId":"6","name":"Groret","rarity":"Rare","set":{"cardCount":{"official":97,"total":100},"id":"ex3","name":"EX Dragon","symbol":"https://assets.tcgdex.net/univ/ex/ex3/symbol"},"variants":{"firstEdition":false,"holo":true,"normal":true,"reverse":true,"wPromo":false},"dexId":[326],"hp":80,"types":["Psy"],"stage":"Niveau 1","attacks":[{"cost":["Psy","Incolore"],"name":"Psycho-boom","effect":"Inflige 20 dégâts plus 10 dégâts supplémentaires pour chaque Énergie attachée au Pokémon Défenseur.","damage":"20+"},{"cost":["Psy","Incolore","Incolore"],"name":"Avoir l'esprit ailleurs","effect":"Si Groret et le Pokémon Défenseur possèdent le même total en Énergie, le Pokémon Défenseur est maintenant Confus.","damage":50}],"weaknesses":[{"type":"Psy","value":"×2"}],"legal":{"standard":false,"expanded":false}},{"category":"Pokémon","id":"ex3-7","illustrator":"Atsuko Nishida","image":"https://assets.tcgdex.net/fr/ex/ex3/7","localId":"7","name":"Negapi","rarity":"Rare","set":{"cardCount":{"official":97,"total":100},"id":"ex3","name":"EX Dragon","symbol":"https://assets.tcgdex.net/univ/ex/ex3/symbol"},"variants":{"firstEdition":false,"holo":true,"normal":true,"reverse":true,"wPromo":false},"dexId":[312],"hp":50,"types":["Électrique"],"stage":"De base","abilities":[{"type":"Poké-BODY","name":"Réactions en chaîne","effect":"Tant que Negapi est votre Pokémon Actif, dès que votre autre Pokémon Actif, si vous en avez un, attaque, vous pouvez utiliser Encouragement après la première attaque (vous avez toujours besoin du nombre d'Énergies nécessaires pour utiliser Encouragement). Vous ne pouvez pas utiliser Encouragement plus d'une fois, même si votre autre Pokémon Actif possède le Poké-Body Réactions en chaîne."}],"attacks":[{"cost":["Incolore"],"name":"Encouragement","effect":"Retirez un marqueur de dégât à chacun de vos Pokémon (Negapi inclus)."},{"cost":["Électrique","Incolore"],"name":"Circuit spécial","effect":"Choisissez un des Pokémon de votre adversaire. Cette attaque lui inflige 20 dégâts. Si vous choisissez un Pokémon possédant un Poké-Power ou un Poké-Body, cette attaque inflige 40 dégâts. (Vous ne pouvez pas appliquer la Faiblesse et la Résistance aux Pokémon du Banc)."}],"weaknesses":[{"type":"Combat","value":"×2"}],"resistances":[{"type":"Métal","value":"-30"}],"legal":{"standard":false,"expanded":false}},{"category":"Pokémon","id":"ex3-8","illustrator":"Atsuko Nishida","image":"https://assets.tcgdex.net/fr/ex/ex3/8","localId":"8","name":"Posipi","rarity":"Rare","set":{"cardCount":{"official":97,"total":100},"id":"ex3","name":"EX Dragon","symbol":"https://assets.tcgdex.net/univ/ex/ex3/symbol"},"variants":{"firstEdition":false,"holo":true,"normal":true,"reverse":true,"wPromo":false},"dexId":[311],"hp":50,"types":["Électrique"],"stage":"De base","abilities":[{"type":"Poké-BODY","name":"Réactions en chaîne","effect":"Tant que Posipi est votre Pokémon Actif, dès que votre autre Pokémon Actif, si vous en avez un, attaque, vous pouvez utiliser Encouragement après la première attaque (vous avez toujours besoin du nombre d'Énergies nécessaires pour utiliser Encouragement). Vous ne pouvez pas utiliser Encouragement plus d'une fois, même si votre autre Pokémon Actif possède le Poké-Body Réactions en chaîne."}],"attacks":[{"cost":["Incolore"],"name":"Encouragement","effect":"Retirez un marqueur de dégât à chacun de vos Pokémon (Posipi inclus)."},{"cost":["Électrique","Incolore"],"name":"Circuit supplémentaire","effect":"Choisissez un des Pokémon de votre adversaire. Cette attaque lui inflige 20 dégâts. Si vous choisissez un Pokémon-ex, cette attaque inflige 40 dégâts. (Vous ne pouvez pas appliquer la Faiblesse et la Résistance aux Pokémon du Banc)."}],"weaknesses":[{"type":"Combat","value":"×2"}],"resistances":[{"type":"Métal","value":"-30"}],"legal":{"standard":false,"expanded":false}},{"category":"Pokémon","id":"ex3-9","illustrator":"Atsuko Nishida","image":"https://assets.tcgdex.net/fr/ex/ex3/9","localId":"9","name":"Roselia","rarity":"Rare","set":{"cardCount":{"official":97,"total":100},"id":"ex3","name":"EX Dragon","symbol":"https://assets.tcgdex.net/univ/ex/ex3/symbol"},"variants":{"firstEdition":false,"holo":true,"normal":true,"reverse":true,"wPromo":false},"dexId":[315],"hp":60,"types":["Plante"],"stage":"De base","abilities":[{"type":"Poké-BODY","name":"Dur à cuir","effect":"Roselia ne peut pas être affectée par un État spécial."}],"attacks":[{"cost":["Incolore"],"name":"Engrais rapide","effect":"Attachez jusqu'à deux cartes Énergie  de votre main à vos Pokémon de la façon que vous voulez."},{"cost":["Plante"],"name":"Poudre dodo","effect":"Le Pokémon Défenseur est maintenant Endormi.","damage":10}],"weaknesses":[{"type":"Feu","value":"×2"}],"legal":{"standard":false,"expanded":false}},{"category":"Pokémon","id":"ex3-10","illustrator":"Mitsuhiro Arita","image":"https://assets.tcgdex.net/fr/ex/ex3/10","localId":"10","name":"Drattak","rarity":"Rare","set":{"cardCount":{"official":97,"total":100},"id":"ex3","name":"EX Dragon","symbol":"https://assets.tcgdex.net/univ/ex/ex3/symbol"},"variants":{"firstEdition":false,"holo":true,"normal":true,"reverse":true,"wPromo":false},"dexId":[373],"hp":120,"types":["Incolore"],"stage":"Niveau 2","abilities":[{"type":"Poké-POWER","name":"Vent de dragon","effect":"Une seule fois pendant votre tour (avant votre attaque), si Drattak est votre Pokémon Actif, vous pouvez échanger un des Pokémon du Banc de votre adversaire contre un des Pokémon Défenseurs. Votre adversaire choisit le Pokémon Défenseur à échanger. Ce pouvoir ne peut pas être utilisé si Drattak est affecté par un État spécial."}],"attacks":[{"cost":["Incolore","Incolore"],"name":"Hâte","effect":"Lancez une pièce. Si c'est face, pendant le prochain tour de votre adversaire, prévenez tous les effets d'attaque, y compris les dégâts, infligés à Drattak.","damage":20},{"cost":["Feu","Eau","Incolore","Incolore"],"name":"Griffe de dragon","damage":60}],"weaknesses":[{"type":"Incolore","value":"×2"}],"resistances":[{"type":"Combat","value":"-30"},{"type":"Feu","value":"-30"}],"legal":{"standard":false,"expanded":false}},{"category":"Pokémon","id":"ex3-11","illustrator":"Kagemaru Himeno","image":"https://assets.tcgdex.net/fr/ex/ex3/11","localId":"11","name":"Munja","rarity":"Rare","set":{"cardCount":{"official":97,"total":100},"id":"ex3","name":"EX Dragon","symbol":"https://assets.tcgdex.net/univ/ex/ex3/symbol"},"variants":{"firstEdition":false,"holo":true,"normal":true,"reverse":true,"wPromo":false},"dexId":[292],"hp":30,"types":["Plante"],"stage":"Niveau 1","abilities":[{"type":"Poké-BODY","name":"Garde mystik","effect":"Prévenez tous les effets d'une attaque, dégâts inclus, infligés à Munja par les Pokémon-ex et les Pokémon Evolués de votre adversaire."}],"attacks":[{"cost":["Incolore"],"name":"La malédiction des dégâts","effect":"Placez un marqueur de dégât sur le Pokémon Défenseur, plus un marqueur supplémentaire pour chaque marqueur de dégât sur Munja."}],"legal":{"standard":false,"expanded":false}},{"category":"Pokémon","id":"ex3-12","illustrator":"Kagemaru Himeno","image":"https://assets.tcgdex.net/fr/ex/ex3/12","localId":"12","name":"Chartor","rarity":"Rare","set":{"cardCount":{"official":97,"total":100},"id":"ex3","name":"EX Dragon","symbol":"https://assets.tcgdex.net/univ/ex/ex3/symbol"},"variants":{"firstEdition":false,"holo":true,"normal":true,"reverse":true,"wPromo":false},"dexId":[324],"hp":80,"types":["Feu"],"stage":"De base","attacks":[{"cost":["Incolore"],"name":"Générateur de pouvoir","effect":"Choisissez dans votre pile de défausse jusqu'à deux cartes Énergie de base, montrez-les à votre adversaire et placez-les dans votre main."},{"cost":["Feu"],"name":"Fumée brûlante","effect":"Le Pokémon Défenseur est maintenant Brûlé. Lancez une pièce. Si c'est pile, défaussez une carte Énergie  attachée à Chartor."}],"weaknesses":[{"type":"Eau","value":"×2"}],"legal":{"standard":false,"expanded":false}},{"category":"Pokémon","id":"ex3-13","illustrator":"Kagemaru Himeno","image":"https://assets.tcgdex.net/fr/ex/ex3/13","localId":"13","name":"Colhomard","rarity":"Rare","set":{"cardCount":{"official":97,"total":100},"id":"ex3","name":"EX Dragon","symbol":"https://assets.tcgdex.net/univ/ex/ex3/symbol"},"variants":{"firstEdition":false,"holo":true,"normal":true,"reverse":true,"wPromo":false},"dexId":[342],"hp":80,"types":["Eau"],"stage":"Niveau 1","attacks":[{"cost":["Eau"],"name":"Griffes empoisonnées","effect":"Lancez une pièce. Si c'est face, le Pokémon Défenseur est maintenant Empoisonné.","damage":10},{"cost":["Incolore","Incolore","Incolore"],"name":"Déchirer","effect":"Si le Pokémon Défenseur possède des marqueurs de dégât, cette attaque inflige 60 dégâts.","damage":"30+"}],"weaknesses":[{"type":"Électrique","value":"×2"}],"legal":{"standard":false,"expanded":false}},{"category":"Pokémon","id":"ex3-14","illustrator":"Aya Kusube","image":"https://assets.tcgdex.net/fr/ex/ex3/14","localId":"14","name":"Draco","rarity":"Rare","set":{"cardCount":{"official":97,"total":100},"id":"ex3","name":"EX Dragon","symbol":"https://assets.tcgdex.net/univ/ex/ex3/symbol"},"variants":{"firstEdition":false,"holo":true,"normal":true,"reverse":true,"wPromo":false},"dexId":[148],"hp":70,"types":["Incolore"],"stage":"Niveau 1","attacks":[{"cost":["Électrique","Incolore"],"name":"Explosion de lumière","effect":"Lancez une pièce. Si c'est face, le Pokémon Défenseur est maintenant Confus.","damage":20},{"cost":["Eau","Incolore","Incolore"],"name":"Vague guérisseuse","effect":"Retirez un marqueur de dégât à chacun de vos Pokémon Actifs.","damage":30}],"weaknesses":[{"type":"Incolore","value":"×2"}],"resistances":[{"type":"Plante","value":"-30"},{"type":"Combat","value":"-30"}],"legal":{"standard":false,"expanded":false}},{"category":"Pokémon","id":"ex3-15","illustrator":"Hajime Kusajima","image":"https://assets.tcgdex.net/fr/ex/ex3/15","localId":"15","name":"Libegon","rarity":"Rare","set":{"cardCount":{"official":97,"total":100},"id":"ex3","name":"EX Dragon","symbol":"https://assets.tcgdex.net/univ/ex/ex3/symbol"},"variants":{"firstEdition":false,"holo":true,"normal":true,"reverse":true,"wPromo":false},"dexId":[330],"hp":100,"types":["Incolore"],"stage":"Niveau 2","abilities":[{"type":"Poké-BODY","name":"Défense de sable","effect":"Lorsqu'une attaque de votre adversaire inflige des dégâts à Libegon (après application de la Faiblesse et de la Résistance), lancez une pièce. Si c'est face, les dégâts sont réduits de 20."}],"attacks":[{"cost":["Plante","Électrique","Incolore"],"name":"Tranch'air","effect":"Lancez une pièce. Si c'est face, défaussez une carte Énergie attachée à Libegon.","damage":60}],"legal":{"standard":false,"expanded":false}},{"category":"Pokémon","id":"ex3-16","illustrator":"Midori Harada","image":"https://assets.tcgdex.net/fr/ex/ex3/16","localId":"16","name":"Girafarig","rarity":"Rare","set":{"cardCount":{"official":97,"total":100},"id":"ex3","name":"EX Dragon","symbol":"https://assets.tcgdex.net/univ/ex/ex3/symbol"},"variants":{"firstEdition":false,"holo":true,"normal":true,"reverse":true,"wPromo":false},"dexId":[203],"hp":70,"types":["Psy"],"stage":"De base","attacks":[{"cost":["Incolore"],"name":"Recherche synchronisée","effect":"Si Girafarig et le Pokémon Défenseur possèdent le même total en Énergie, choisissez une carte dans votre deck, montrez-la à votre adversaire et placez-la dans votre main. Ensuite, mélangez votre deck."},{"cost":["Psy","Incolore"],"name":"Impact dévastateur","effect":"Choisissez un des Pokémon de votre adversaire. Cette attaque lui inflige 10 dégâts pour chaque Énergie  de son Coût de retraite (après application des effets sur le Coût de retraite). (Vous ne pouvez pas appliquer la Faiblesse et la Résistance aux Pokémon du Banc)."}],"weaknesses":[{"type":"Psy","value":"×2"}],"legal":{"standard":false,"expanded":false}},{"category":"Pokémon","id":"ex3-17","illustrator":"Midori Harada","image":"https://assets.tcgdex.net/fr/ex/ex3/17","localId":"17","name":"Magneton","rarity":"Rare","set":{"cardCount":{"official":97,"total":100},"id":"ex3","name":"EX Dragon","symbol":"https://assets.tcgdex.net/univ/ex/ex3/symbol"},"variants":{"firstEdition":false,"holo":true,"normal":true,"reverse":true,"wPromo":false},"dexId":[82],"hp":70,"types":["Électrique"],"stage":"Niveau 1","abilities":[{"type":"Poké-POWER","name":"Champ magnétique","effect":"Une seule fois lors de votre tour (avant votre attaque), si vous avez des cartes Énergie de base dans votre pile de défausse, vous pouvez défausser n'importe quelle carte de votre main. Ensuite, choisissez jusqu'à deux cartes Énergie de base dans votre pile de défausse, montrez-les à votre adversaire et placez-les dans votre main. Vous ne pouvez pas choisir la carte que vous venez de défausser. Ce pouvoir ne peut pas être utilisé si Magneton est affecté par un État spécial."}],"attacks":[{"cost":["Électrique","Incolore"],"name":"Force magnétique","effect":"Inflige 10 dégâts multipliés par le nombre d'Énergies attachées à tous vos Pokémon (Magneton inclus).","damage":"10×"}],"weaknesses":[{"type":"Combat","value":"×2"}],"resistances":[{"type":"Métal","value":"-30"}],"legal":{"standard":false,"expanded":false}},{"category":"Pokémon","id":"ex3-18","illustrator":"Hajime Kusajima","image":"https://assets.tcgdex.net/fr/ex/ex3/18","localId":"18","name":"Ninjask","rarity":"Rare","set":{"cardCount":{"official":97,"total":100},"id":"ex3","name":"EX Dragon","symbol":"https://assets.tcgdex.net/univ/ex/ex3/symbol"},"variants":{"firstEdition":false,"holo":true,"normal":true,"reverse":true,"wPromo":false},"dexId":[291],"hp":70,"types":["Plante"],"stage":"Niveau 1","abilities":[{"type":"Poké-POWER","name":"Carapace branlante","effect":"Une seule fois pendant votre tour, lorsque vous placez Ninjask de votre main sur un de vos Pokémon pour le faire évoluer, vous pouvez chercher Munja dans votre deck et le placer sur votre Banc. Traitez le nouveau Pokémon du Banc comme un Pokémon de base. Ensuite, mélangez votre deck."}],"attacks":[{"cost":["Incolore","Incolore"],"name":"Touche rapide","effect":"Vous pouvez échanger Ninjask contre un des Pokémon de votre Banc. Vous pouvez alors attacher au nouveau Pokémon Actif autant de cartes Énergie  attachées à Ninjask que vous le voulez.","damage":30}],"weaknesses":[{"type":"Feu","value":"×2"}],"legal":{"standard":false,"expanded":false}},{"category":"Pokémon","id":"ex3-19","illustrator":"Kouki Saitou","image":"https://assets.tcgdex.net/fr/ex/ex3/19","localId":"19","name":"Drattak","rarity":"Rare","set":{"cardCount":{"official":97,"total":100},"id":"ex3","name":"EX Dragon","symbol":"https://assets.tcgdex.net/univ/ex/ex3/symbol"},"variants":{"firstEdition":false,"holo":true,"normal":true,"reverse":true,"wPromo":false},"dexId":[373],"hp":100,"types":["Incolore"],"stage":"Niveau 2","abilities":[{"type":"Poké-BODY","name":"Croc intimidant","effect":"Tant que Drattak est votre Pokémon Actif, les dégâts qui lui sont infligés par une attaque de votre adversaire sont réduits de 10 (avant application de la Faiblesse et de la Résistance)."}],"attacks":[{"cost":["Feu","Eau","Incolore"],"name":"Flamme de dragon","effect":"Vous pouvez défausser une carte Énergie attachée à Drattak. Cette attaque inflige alors 60 dégâts.","damage":"40+"}],"legal":{"standard":false,"expanded":false}},{"category":"Pokémon","id":"ex3-20","illustrator":"Mitsuhiro Arita","image":"https://assets.tcgdex.net/fr/ex/ex3/20","localId":"20","name":"Drackhaus","rarity":"Rare","set":{"cardCount":{"official":97,"total":100},"id":"ex3","name":"EX Dragon","symbol":"https://assets.tcgdex.net/univ/ex/ex3/symbol"},"variants":{"firstEdition":false,"holo":true,"normal":true,"reverse":true,"wPromo":false},"dexId":[372],"hp":80,"types":["Incolore"],"stage":"Niveau 1","attacks":[{"cost":["Incolore"],"name":"Compresse","effect":"Lancez une pièce. Si c'est face, prévenez tous les dégâts infligés à Drackhaus lors du prochain tour de votre adversaire. (Tous les autres effets sont appliqués.)"},{"cost":["Feu","Eau","Incolore"],"name":"Attaque qui roule","damage":50}],"weaknesses":[{"type":"Incolore","value":"×2"}],"resistances":[{"type":"Combat","value":"-30"},{"type":"Feu","value":"-30"}],"legal":{"standard":false,"expanded":false}},{"category":"Pokémon","id":"ex3-21","illustrator":"Hisao Nakamura","image":"https://assets.tcgdex.net/fr/ex/ex3/21","localId":"21","name":"Airmure","rarity":"Rare","set":{"cardCount":{"official":97,"total":100},"id":"ex3","name":"EX Dragon","symbol":"https://assets.tcgdex.net/univ/ex/ex3/symbol"},"variants":{"firstEdition":false,"holo":true,"normal":true,"reverse":true,"wPromo":false},"dexId":[227],"hp":70,"types":["Métal"],"stage":"De base","attacks":[{"cost":["Métal"],"name":"Choix","effect":"Si votre adversaire a au moins six cartes en main, regardez sa main. Choisissez suffisamment de cartes pour qu'il ne lui reste plus que cinq cartes. Votre adversaire défausse les cartes que vous avez choisi et les mélange avec son deck."},{"cost":["Métal","Incolore"],"name":"Compteur de puissance","effect":"Comptabilisez le nombre d'Énergies attachées à tous vos Pokémon ainsi qu'à tous les Pokémon de votre adversaire. Si vos Pokémon possèdent moins d'Énergies que ceux de votre adversaire, cette attaque inflige 50 dégâts.","damage":"20+"}],"weaknesses":[{"type":"Feu","value":"×2"}],"resistances":[{"type":"Plante","value":"-30"}],"legal":{"standard":false,"expanded":false}},{"category":"Pokémon","id":"ex3-22","illustrator":"Kagemaru Himeno","image":"https://assets.tcgdex.net/fr/ex/ex3/22","localId":"22","name":"Vibraninf","rarity":"Rare","set":{"cardCount":{"official":97,"total":100},"id":"ex3","name":"EX Dragon","symbol":"https://assets.tcgdex.net/univ/ex/ex3/symbol"},"variants":{"firstEdition":false,"holo":true,"normal":true,"reverse":true,"wPromo":false},"dexId":[329],"hp":80,"types":["Incolore"],"stage":"Niveau 1","attacks":[{"cost":["Incolore"],"name":"Attaque rapide","effect":"Choisissez dans votre deck jusqu'à trois types de cartes Énergie de base différents, montrez-les à votre adversaire et placez-les dans votre main. Ensuite, mélangez votre deck."},{"cost":["Plante","Électrique"],"name":"Étincelle de dragon","effect":"Lancez une pièce. Si c'est face, cette attaque inflige 20 dégâts à chacun des Pokémon de votre adversaire. (Vous ne pouvez pas appliquer la Faiblesse et la Résistance aux Pokémon du Banc)."}],"weaknesses":[{"type":"Incolore","value":"×2"}],"resistances":[{"type":"Feu","value":"-30"},{"type":"Électrique","value":"-30"}],"legal":{"standard":false,"expanded":false}},{"category":"Pokémon","id":"ex3-23","illustrator":"Mitsuhiro Arita","image":"https://assets.tcgdex.net/fr/ex/ex3/23","localId":"23","name":"Draby","rarity":"Peu Commune","set":{"cardCount":{"official":97,"total":100},"id":"ex3","name":"EX Dragon","symbol":"https://assets.tcgdex.net/univ/ex/ex3/symbol"},"variants":{"firstEdition":false,"holo":true,"normal":true,"reverse":true,"wPromo":false},"dexId":[371],"hp":50,"types":["Incolore"],"stage":"De base","attacks":[{"cost":["Eau"],"name":"Regard paralysant","effect":"Lancez une pièce. Si c'est face, le Pokémon Défenseur est maintenant Paralysé."},{"cost":["Feu","Incolore"],"name":"Fournaise","damage":20}],"weaknesses":[{"type":"Incolore","value":"×2"}],"resistances":[{"type":"Combat","value":"-30"},{"type":"Feu","value":"-30"}],"legal":{"standard":false,"expanded":false}},{"category":"Pokémon","id":"ex3-24","illustrator":"Naoyo Kimura","image":"https://assets.tcgdex.net/fr/ex/ex3/24","localId":"24","name":"Camerupt","rarity":"Peu Commune","set":{"cardCount":{"official":97,"total":100},"id":"ex3","name":"EX Dragon","symbol":"https://assets.tcgdex.net/univ/ex/ex3/symbol"},"variants":{"firstEdition":false,"holo":true,"normal":true,"reverse":true,"wPromo":false},"dexId":[323],"hp":80,"types":["Feu"],"stage":"Niveau 1","attacks":[{"cost":["Feu","Incolore"],"name":"Ça sent le roussi !","effect":"Lancez une pièce. Si c'est face, Le Pokémon Défenseur est maintenant Brûlé.","damage":20},{"cost":["Feu","Incolore","Incolore"],"name":"Collision","damage":50}],"weaknesses":[{"type":"Eau","value":"×2"}],"legal":{"standard":false,"expanded":false}},{"category":"Pokémon","id":"ex3-25","illustrator":"Atsuko Nishida","image":"https://assets.tcgdex.net/fr/ex/ex3/25","localId":"25","name":"Galifeu","rarity":"Peu Commune","set":{"cardCount":{"official":97,"total":100},"id":"ex3","name":"EX Dragon","symbol":"https://assets.tcgdex.net/univ/ex/ex3/symbol"},"variants":{"firstEdition":false,"holo":true,"normal":true,"reverse":true,"wPromo":false},"dexId":[256],"hp":70,"types":["Feu"],"stage":"Niveau 1","attacks":[{"cost":["Incolore","Incolore"],"name":"Vive-attaque","effect":"Lancez une pièce. Si c'est face, cette attaque inflige 30 dégâts.","damage":"10+"},{"cost":["Feu","Incolore","Incolore"],"name":"Fournaise","damage":40}],"weaknesses":[{"type":"Eau","value":"×2"}],"legal":{"standard":false,"expanded":false}},{"category":"Pokémon","id":"ex3-26","illustrator":"Aya Kusube","image":"https://assets.tcgdex.net/fr/ex/ex3/26","localId":"26","name":"Minidraco","rarity":"Peu Commune","set":{"cardCount":{"official":97,"total":100},"id":"ex3","name":"EX Dragon","symbol":"https://assets.tcgdex.net/univ/ex/ex3/symbol"},"variants":{"firstEdition":false,"holo":true,"normal":true,"reverse":true,"wPromo":false},"dexId":[147],"hp":50,"types":["Incolore"],"stage":"De base","attacks":[{"cost":["Eau"],"name":"Goutte de dragon","effect":"Retirez deux marqueurs de dégât à un de vos Pokémon (ou un s'il n'y en a qu'un)."},{"cost":["Électrique"],"name":"Coud'keu","damage":10}],"weaknesses":[{"type":"Incolore","value":"×2"}],"resistances":[{"type":"Plante","value":"-30"},{"type":"Combat","value":"-30"}],"legal":{"standard":false,"expanded":false}},{"category":"Pokémon","id":"ex3-27","illustrator":"Miki Tanaka","image":"https://assets.tcgdex.net/fr/ex/ex3/27","localId":"27","name":"Lainergie","rarity":"Peu Commune","set":{"cardCount":{"official":97,"total":100},"id":"ex3","name":"EX Dragon","symbol":"https://assets.tcgdex.net/univ/ex/ex3/symbol"},"variants":{"firstEdition":false,"holo":true,"normal":true,"reverse":true,"wPromo":false},"dexId":[180],"hp":80,"types":["Électrique"],"stage":"Niveau 1","attacks":[{"cost":["Électrique"],"name":"Rappel d'énergie","effect":"Attachez à Lainergie jusqu'à deux cartes Énergie de base de votre pile de défausse."},{"cost":["Électrique","Incolore"],"name":"Boule éclair","damage":30}],"weaknesses":[{"type":"Combat","value":"×2"}],"resistances":[{"type":"Métal","value":"-30"}],"legal":{"standard":false,"expanded":false}},{"category":"Pokémon","id":"ex3-28","illustrator":"Mitsuhiro Arita","image":"https://assets.tcgdex.net/fr/ex/ex3/28","localId":"28","name":"Foretress","rarity":"Peu Commune","set":{"cardCount":{"official":97,"total":100},"id":"ex3","name":"EX Dragon","symbol":"https://assets.tcgdex.net/univ/ex/ex3/symbol"},"variants":{"firstEdition":false,"holo":true,"normal":true,"reverse":true,"wPromo":false},"dexId":[205],"hp":80,"types":["Métal"],"stage":"Niveau 1","attacks":[{"cost":["Métal","Incolore"],"name":"Double boule métallique","effect":"Placez deux marqueurs de dégât sur chaque Pokémon Défenseur."},{"cost":["Incolore","Incolore","Incolore"],"name":"Retour arrière","effect":"Après votre attaque, vous pouvez défausser une carte Énergie attachée à Foretress. Vous pouvez alors échanger Foretress avec un des Pokémon de votre Banc.","damage":40}],"weaknesses":[{"type":"Feu","value":"×2"}],"resistances":[{"type":"Plante","value":"-30"}],"legal":{"standard":false,"expanded":false}},{"category":"Pokémon","id":"ex3-29","illustrator":"Hisao Nakamura","image":"https://assets.tcgdex.net/fr/ex/ex3/29","localId":"29","name":"Gravalanch","rarity":"Peu Commune","set":{"cardCount":{"official":97,"total":100},"id":"ex3","name":"EX Dragon","symbol":"https://assets.tcgdex.net/univ/ex/ex3/symbol"},"variants":{"firstEdition":false,"holo":true,"normal":true,"reverse":true,"wPromo":false},"dexId":[75],"hp":80,"types":["Combat"],"stage":"Niveau 1","attacks":[{"cost":["Incolore"],"name":"Écrase","effect":"Inflige 10 dégâts multipliés par le nombre d'Énergies attachées à Gravalanch.","damage":"10×"},{"cost":["Combat","Combat","Incolore","Incolore"],"name":"Grosse explosion","effect":"Inflige 80 dégâts à chaque Pokémon Actif (les vôtres et ceux de votre adversaire)."}],"weaknesses":[{"type":"Eau","value":"×2"}],"legal":{"standard":false,"expanded":false}},{"category":"Pokémon","id":"ex3-30","illustrator":"Midori Harada","image":"https://assets.tcgdex.net/fr/ex/ex3/30","localId":"30","name":"Gravalanch","rarity":"Peu Commune","set":{"cardCount":{"official":97,"total":100},"id":"ex3","name":"EX Dragon","symbol":"https://assets.tcgdex.net/univ/ex/ex3/symbol"},"variants":{"firstEdition":false,"holo":true,"normal":true,"reverse":true,"wPromo":false},"dexId":[75],"hp":80,"types":["Combat"],"stage":"Niveau 1","attacks":[{"cost":["Combat","Incolore"],"name":"Ampleur","effect":"Inflige 10 dégâts à chacun des Pokémon du Banc (les vôtres et ceux de votre adversaire). (Vous ne pouvez pas appliquer la Faiblesse et la Résistance aux Pokémon du Banc.)","damage":20},{"cost":["Combat","Incolore","Incolore"],"name":"Roulade","damage":40}],"weaknesses":[{"type":"Eau","value":"×2"}],"legal":{"standard":false,"expanded":false}},{"category":"Pokémon","id":"ex3-31","illustrator":"Atsuko Nishida","image":"https://assets.tcgdex.net/fr/ex/ex3/31","localId":"31","name":"Massko","rarity":"Peu Commune","set":{"cardCount":{"official":97,"total":100},"id":"ex3","name":"EX Dragon","symbol":"https://assets.tcgdex.net/univ/ex/ex3/symbol"},"variants":{"firstEdition":false,"holo":true,"normal":true,"reverse":true,"wPromo":false},"dexId":[253],"hp":70,"types":["Plante"],"stage":"Niveau 1","attacks":[{"cost":["Plante","Incolore"],"name":"Taillade","effect":"Lancez quatre pièces. Si ce sont quatre faces, cette attaque inflige 10 dégâts plus 60 dégâts supplémentaires. Sinon, cette attaque inflige 10 dégâts plus 10 dégâts supplémentaires multipliés par le nombre de faces.","damage":"10+"}],"weaknesses":[{"type":"Feu","value":"×2"}],"resistances":[{"type":"Eau","value":"-30"}],"legal":{"standard":false,"expanded":false}},{"category":"Pokémon","id":"ex3-32","illustrator":"Kouki Saitou","image":"https://assets.tcgdex.net/fr/ex/ex3/32","localId":"32","name":"Leviator","rarity":"Peu Commune","set":{"cardCount":{"official":97,"total":100},"id":"ex3","name":"EX Dragon","symbol":"https://assets.tcgdex.net/univ/ex/ex3/symbol"},"variants":{"firstEdition":false,"holo":true,"normal":true,"reverse":true,"wPromo":false},"dexId":[130],"hp":100,"types":["Eau"],"stage":"Niveau 1","attacks":[{"cost":["Eau"],"name":"Écras'dragon","effect":"Lancez une pièce. Si c'est face, cette attaque inflige 10 dégâts à chaque Pokémon Défenseur. Défaussez une carte Énergie de chacun de ces Pokémon."},{"cost":["Eau","Incolore","Incolore","Incolore","Incolore"],"name":"Aquasonique","effect":"Les dégâts infligés par cette attaque ne sont pas affectés par la Résistance.","damage":80}],"weaknesses":[{"type":"Électrique","value":"×2"}],"legal":{"standard":false,"expanded":false}},{"category":"Pokémon","id":"ex3-33","illustrator":"Hajime Kusajima","image":"https://assets.tcgdex.net/fr/ex/ex3/33","localId":"33","name":"Hypotrempe","rarity":"Peu Commune","set":{"cardCount":{"official":97,"total":100},"id":"ex3","name":"EX Dragon","symbol":"https://assets.tcgdex.net/univ/ex/ex3/symbol"},"variants":{"firstEdition":false,"holo":true,"normal":true,"reverse":true,"wPromo":false},"dexId":[116],"hp":40,"types":["Eau"],"stage":"De base","attacks":[{"cost":["Incolore"],"name":"Représailles","effect":"Lancez une pièce. Si c'est face, cette attaque inflige 10 dégâts pour chaque marqueur de dégât sur Hypotrempe.","damage":"10×"},{"cost":["Eau"],"name":"Brouillard","effect":"Si le Pokémon Défenseur essaye d'attaquer lors du prochain tour de votre adversaire, celui-ci lance une pièce. Si c'est pile, cette attaque est sans effet.","damage":10}],"weaknesses":[{"type":"Électrique","value":"×2"}],"legal":{"standard":false,"expanded":false}},{"category":"Pokémon","id":"ex3-34","illustrator":"Atsuko Nishida","image":"https://assets.tcgdex.net/fr/ex/ex3/34","localId":"34","name":"Hypotrempe","rarity":"Peu Commune","set":{"cardCount":{"official":97,"total":100},"id":"ex3","name":"EX Dragon","symbol":"https://assets.tcgdex.net/univ/ex/ex3/symbol"},"variants":{"firstEdition":false,"holo":true,"normal":true,"reverse":true,"wPromo":false},"dexId":[229],"hp":70,"types":["Obscurité"],"stage":"Niveau 1","attacks":[{"cost":["Obscurité","Incolore"],"name":"Feinte","effect":"Choisissez un des Pokémon de votre adversaire. Cette attaque lui inflige 20 dégâts. Les dégâts de cette attaque ne sont pas affectés par la Faiblesse, la Résistance, les Poké-Powers, les Poké-Bodies ou tout autre effet."},{"cost":["Feu","Incolore","Incolore"],"name":"Lance-flammes","effect":"Défaussez une carte Énergie  attachée à Démolosse.","damage":50}],"weaknesses":[{"type":"Combat","value":"×2"}],"resistances":[{"type":"Psy","value":"-30"}],"legal":{"standard":false,"expanded":false}},{"category":"Pokémon","id":"ex3-35","illustrator":"Kyoko Umemoto","image":"https://assets.tcgdex.net/fr/ex/ex3/35","localId":"35","name":"Magneton","rarity":"Peu Commune","set":{"cardCount":{"official":97,"total":100},"id":"ex3","name":"EX Dragon","symbol":"https://assets.tcgdex.net/univ/ex/ex3/symbol"},"variants":{"firstEdition":false,"holo":true,"normal":true,"reverse":true,"wPromo":false},"dexId":[82],"hp":80,"types":["Électrique"],"stage":"Niveau 1","attacks":[{"cost":["Incolore","Incolore"],"name":"Collision","damage":20},{"cost":["Électrique","Incolore","Incolore"],"name":"Triple éclate","effect":"Lancez trois pièces. Cette attaque inflige 20 dégâts plus 20 dégâts multipliés par le nombre de faces.","damage":"20+"}],"weaknesses":[{"type":"Combat","value":"×2"}],"legal":{"standard":false,"expanded":false}},{"category":"Pokémon","id":"ex3-36","illustrator":"Atsuko Nishida","image":"https://assets.tcgdex.net/fr/ex/ex3/36","localId":"36","name":"Flobio","rarity":"Peu Commune","set":{"cardCount":{"official":97,"total":100},"id":"ex3","name":"EX Dragon","symbol":"https://assets.tcgdex.net/univ/ex/ex3/symbol"},"variants":{"firstEdition":false,"holo":true,"normal":true,"reverse":true,"wPromo":false},"dexId":[259],"hp":80,"types":["Eau"],"stage":"Niveau 1","attacks":[{"cost":["Eau","Incolore"],"name":"Jet d'boue","effect":"Inflige 10 dégâts à un des Pokémon du Banc de votre adversaire. (Vous ne pouvez pas appliquer la Faiblesse et la Résistance aux Pokémon de Banc).","damage":20}],"weaknesses":[{"type":"Électrique","value":"×2"}],"legal":{"standard":false,"expanded":false}},{"category":"Pokémon","id":"ex3-37","illustrator":"Kouki Saitou","image":"https://assets.tcgdex.net/fr/ex/ex3/37","localId":"37","name":"Meditikka","rarity":"Peu Commune","set":{"cardCount":{"official":97,"total":100},"id":"ex3","name":"EX Dragon","symbol":"https://assets.tcgdex.net/univ/ex/ex3/symbol"},"variants":{"firstEdition":false,"holo":true,"normal":true,"reverse":true,"wPromo":false},"dexId":[307],"hp":50,"types":["Combat"],"stage":"De base","attacks":[{"cost":["Incolore"],"name":"Koud'poing","damage":10},{"cost":["Combat","Incolore"],"name":"Yoga","effect":"Inflige 10 dégâts plus 10 dégâts supplémentaires pour chaque marqueur de dégât sur le Pokémon Défenseur.","damage":"10+"}],"weaknesses":[{"type":"Psy","value":"×2"}],"legal":{"standard":false,"expanded":false}},{"category":"Pokémon","id":"ex3-38","illustrator":"Toshinao Aoki","image":"https://assets.tcgdex.net/fr/ex/ex3/38","localId":"38","name":"Ninjask","rarity":"Peu Commune","set":{"cardCount":{"official":97,"total":100},"id":"ex3","name":"EX Dragon","symbol":"https://assets.tcgdex.net/univ/ex/ex3/symbol"},"variants":{"firstEdition":false,"holo":true,"normal":true,"reverse":true,"wPromo":false},"dexId":[291],"hp":70,"types":["Plante"],"stage":"Niveau 1","attacks":[{"cost":["Incolore"],"name":"Ultrason","effect":"Lancez une pièce. Si c'est face, le Pokémon Défenseur est maintenant Confus.","damage":10},{"cost":["Plante","Incolore"],"name":"Aile supersonique","effect":"Les dégâts de cette attaque ne sont pas affectés par la Résistance.","damage":30}],"weaknesses":[{"type":"Feu","value":"×2"}],"legal":{"standard":false,"expanded":false}},{"category":"Pokémon","id":"ex3-39","illustrator":"Hajime Kusajima","image":"https://assets.tcgdex.net/fr/ex/ex3/39","localId":"39","name":"Hypocéan","rarity":"Peu Commune","set":{"cardCount":{"official":97,"total":100},"id":"ex3","name":"EX Dragon","symbol":"https://assets.tcgdex.net/univ/ex/ex3/symbol"},"variants":{"firstEdition":false,"holo":true,"normal":true,"reverse":true,"wPromo":false},"dexId":[117],"hp":70,"types":["Eau"],"stage":"Niveau 1","attacks":[{"cost":["Eau"],"name":"Canon à énergie","effect":"Inflige 20 dégâts plus 20 dégâts supplémentaires pour chaque Énergie attachée à Hypocéan qui n'a pas été utilisée pour payer le Coût en Énergie de cette attaque. Vous ne pouvez pas ajouter plus de 20 dégâts de cette façon.","damage":"20+"},{"cost":["Eau","Incolore","Incolore"],"name":"Flèche d'eau","effect":"Choisissez un des Pokémon de votre adversaire : cette attaque inflige 30 dégâts à ce Pokémon. (Vous ne pouvez pas appliquer la Faiblesse et la Résistance aux Pokémon du Banc.)"}],"weaknesses":[{"type":"Électrique","value":"×2"}],"legal":{"standard":false,"expanded":false}},{"category":"Pokémon","id":"ex3-40","illustrator":"Midori Harada","image":"https://assets.tcgdex.net/fr/ex/ex3/40","localId":"40","name":"Hypocéan","rarity":"Peu Commune","set":{"cardCount":{"official":97,"total":100},"id":"ex3","name":"EX Dragon","symbol":"https://assets.tcgdex.net/univ/ex/ex3/symbol"},"variants":{"firstEdition":false,"holo":true,"normal":true,"reverse":true,"wPromo":false},"dexId":[117],"hp":70,"types":["Eau"],"stage":"Niveau 1","attacks":[{"cost":["Incolore","Incolore"],"name":"Hâte","effect":"Lancez une pièce. Si c'est face, pendant le prochain tour de votre adversaire, prévenez tous les effets d'attaque, y compris les dégâts, infligés à Hypocéan.","damage":20},{"cost":["Eau","Incolore","Incolore"],"name":"Cascade","damage":40}],"weaknesses":[{"type":"Électrique","value":"×2"}],"legal":{"standard":false,"expanded":false}},{"category":"Pokémon","id":"ex3-41","illustrator":"Yuka Morii","image":"https://assets.tcgdex.net/fr/ex/ex3/41","localId":"41","name":"Drackhaus","rarity":"Peu Commune","set":{"cardCount":{"official":97,"total":100},"id":"ex3","name":"EX Dragon","symbol":"https://assets.tcgdex.net/univ/ex/ex3/symbol"},"variants":{"firstEdition":false,"holo":true,"normal":true,"reverse":true,"wPromo":false},"dexId":[372],"hp":70,"types":["Incolore"],"stage":"Niveau 1","abilities":[{"type":"Poké-BODY","name":"Conservateur d'énergie","effect":"Tant que Drackhaus possède des cartes Énergie de base, les dégâts qui lui sont infligés par une attaque de votre adversaire sont réduits de 10 (après application de la Faiblesse et de la Résistance)."}],"attacks":[{"cost":["Incolore","Incolore"],"name":"Roulade","damage":20}],"legal":{"standard":false,"expanded":false}},{"category":"Pokémon","id":"ex3-42","illustrator":"Ken Sugimori","image":"https://assets.tcgdex.net/fr/ex/ex3/42","localId":"42","name":"Drackhaus","rarity":"Peu Commune","set":{"cardCount":{"official":97,"total":100},"id":"ex3","name":"EX Dragon","symbol":"https://assets.tcgdex.net/univ/ex/ex3/symbol"},"variants":{"firstEdition":false,"holo":true,"normal":true,"reverse":true,"wPromo":false},"dexId":[372],"hp":70,"types":["Incolore"],"stage":"Niveau 1","attacks":[{"cost":["Eau","Incolore"],"name":"Tête de granit","effect":"Les dégâts infligés à Drackhaus par une attaque de votre adversaire sont réduits de 10 lors du prochain tour de votre adversaire (après application de la Faiblesse et de la Résistance).","damage":20},{"cost":["Feu","Incolore","Incolore"],"name":"Enflammer","damage":40}],"legal":{"standard":false,"expanded":false}},{"category":"Pokémon","id":"ex3-43","illustrator":"Aya Kusube","image":"https://assets.tcgdex.net/fr/ex/ex3/43","localId":"43","name":"Polichombr","rarity":"Peu Commune","set":{"cardCount":{"official":97,"total":100},"id":"ex3","name":"EX Dragon","symbol":"https://assets.tcgdex.net/univ/ex/ex3/symbol"},"variants":{"firstEdition":false,"holo":true,"normal":true,"reverse":true,"wPromo":false},"dexId":[353],"hp":50,"types":["Psy"],"stage":"De base","attacks":[{"cost":["Incolore"],"name":"Hypnose","effect":"Le Pokémon Défenseur est maintenant Endormi."},{"cost":["Psy"],"name":"Attaque nocturne","effect":"Placez un marqueur de dégât sur un des Pokémon de votre adversaire."}],"weaknesses":[{"type":"Obscurité","value":"×2"}],"resistances":[{"type":"Combat","value":"-30"}],"legal":{"standard":false,"expanded":false}},{"category":"Pokémon","id":"ex3-44","illustrator":"Sumiyoshi Kizuki","image":"https://assets.tcgdex.net/fr/ex/ex3/44","localId":"44","name":"Stalgamin","rarity":"Peu Commune","set":{"cardCount":{"official":97,"total":100},"id":"ex3","name":"EX Dragon","symbol":"https://assets.tcgdex.net/univ/ex/ex3/symbol"},"variants":{"firstEdition":false,"holo":true,"normal":true,"reverse":true,"wPromo":false},"dexId":[361],"hp":50,"types":["Eau"],"stage":"De base","attacks":[{"cost":["Eau"],"name":"Poudreuse","effect":"Le Pokémon Défenseur est maintenant Endormi.","damage":10}],"weaknesses":[{"type":"Métal","value":"×2"}],"legal":{"standard":false,"expanded":false}},{"category":"Pokémon","id":"ex3-45","illustrator":"Mitsuhiro Arita","image":"https://assets.tcgdex.net/fr/ex/ex3/45","localId":"45","name":"Heledelle","rarity":"Peu Commune","set":{"cardCount":{"official":97,"total":100},"id":"ex3","name":"EX Dragon","symbol":"https://assets.tcgdex.net/univ/ex/ex3/symbol"},"variants":{"firstEdition":false,"holo":true,"normal":true,"reverse":true,"wPromo":false},"dexId":[277],"hp":70,"types":["Incolore"],"stage":"Niveau 1","attacks":[{"cost":["Incolore"],"name":"Serre","effect":"Le Pokémon Défenseur ne peut pas battre en retraite tant que le prochain tour de votre adversaire n'est pas terminé.","damage":10},{"cost":["Incolore","Incolore"],"name":"Plongeon rapide","effect":"Lancez une pièce. Si c'est face, choisissez un des Pokémon de votre adversaire. Cette attaque lui inflige 50 dégâts. Les dégâts de cette attaque ne sont pas affectés par la Faiblesse ou la Résistance."}],"weaknesses":[{"type":"Électrique","value":"×2"}],"resistances":[{"type":"Combat","value":"-30"}],"legal":{"standard":false,"expanded":false}},{"category":"Pokémon","id":"ex3-46","illustrator":"Hajime Kusajima","image":"https://assets.tcgdex.net/fr/ex/ex3/46","localId":"46","name":"Vibraninf","rarity":"Peu Commune","set":{"cardCount":{"official":97,"total":100},"id":"ex3","name":"EX Dragon","symbol":"https://assets.tcgdex.net/univ/ex/ex3/symbol"},"variants":{"firstEdition":false,"holo":true,"normal":true,"reverse":true,"wPromo":false},"dexId":[329],"hp":70,"types":["Incolore"],"stage":"Niveau 1","abilities":[{"type":"Poké-BODY","name":"Lévitation","effect":"Si Vibraninf possède des cartes Énergie de base, son Coût de retraite est de 0."}],"attacks":[{"cost":["Incolore","Incolore"],"name":"Aile tranchante","damage":20}],"legal":{"standard":false,"expanded":false}},{"category":"Pokémon","id":"ex3-47","illustrator":"Ken Sugimori","image":"https://assets.tcgdex.net/fr/ex/ex3/47","localId":"47","name":"Vibraninf","rarity":"Peu Commune","set":{"cardCount":{"official":97,"total":100},"id":"ex3","name":"EX Dragon","symbol":"https://assets.tcgdex.net/univ/ex/ex3/symbol"},"variants":{"firstEdition":false,"holo":true,"normal":true,"reverse":true,"wPromo":false},"dexId":[329],"hp":70,"types":["Incolore"],"stage":"Niveau 1","attacks":[{"cost":["Plante","Incolore"],"name":"Plongée","damage":20},{"cost":["Électrique","Incolore","Incolore"],"name":"Vif retournement","effect":"Lancez deux pièces. Cette attaque inflige 40 dégâts multipliés par le nombre de faces.","damage":"40×"}],"legal":{"standard":false,"expanded":false}},{"category":"Pokémon","id":"ex3-48","illustrator":"Tomokazu","image":"https://assets.tcgdex.net/fr/ex/ex3/48","localId":"48","name":"Barbicha","rarity":"Peu Commune","set":{"cardCount":{"official":97,"total":100},"id":"ex3","name":"EX Dragon","symbol":"https://assets.tcgdex.net/univ/ex/ex3/symbol"},"variants":{"firstEdition":false,"holo":true,"normal":true,"reverse":true,"wPromo":false},"dexId":[340],"hp":90,"types":["Eau"],"stage":"Niveau 1","abilities":[{"type":"Poké-BODY","name":"Submerger","effect":"Tant que Barbicha est sur votre Banc, prévenez tous les dégâts qui lui sont infligés par des attaques de votre adversaire."}],"attacks":[{"cost":["Eau","Incolore"],"name":"Surf","damage":30},{"cost":["Combat","Incolore","Incolore","Incolore"],"name":"Ampleur","effect":"Inflige 10 dégâts à chacun des Pokémon du Banc (les vôtres et ceux de votre adversaire). (Vous ne pouvez pas appliquer la Faiblesse et la Résistance aux Pokémon du Banc.)","damage":60}],"weaknesses":[{"type":"Plante","value":"×2"}],"legal":{"standard":false,"expanded":false}},{"category":"Pokémon","id":"ex3-49","illustrator":"Ken Sugimori","image":"https://assets.tcgdex.net/fr/ex/ex3/49","localId":"49","name":"Draby","rarity":"Commune","set":{"cardCount":{"official":97,"total":100},"id":"ex3","name":"EX Dragon","symbol":"https://assets.tcgdex.net/univ/ex/ex3/symbol"},"variants":{"firstEdition":false,"holo":true,"normal":true,"reverse":true,"wPromo":false},"dexId":[371],"hp":40,"types":["Incolore"],"stage":"De base","attacks":[{"cost":["Incolore"],"name":"Coup d'boule","damage":10},{"cost":["Feu","Incolore"],"name":"Enflammer","damage":20}],"legal":{"standard":false,"expanded":false}},{"category":"Pokémon","id":"ex3-50","illustrator":"Kouki Saitou","image":"https://assets.tcgdex.net/fr/ex/ex3/50","localId":"50","name":"Draby","rarity":"Commune","set":{"cardCount":{"official":97,"total":100},"id":"ex3","name":"EX Dragon","symbol":"https://assets.tcgdex.net/univ/ex/ex3/symbol"},"variants":{"firstEdition":false,"holo":true,"normal":true,"reverse":true,"wPromo":false},"dexId":[371],"hp":50,"types":["Incolore"],"stage":"De base","attacks":[{"cost":["Incolore"],"name":"Coup de pied risqué","effect":"Lancez une pièce. Si c'est pile, cette attaque est sans effet.","damage":10},{"cost":["Feu","Eau"],"name":"Oeil de dragon","effect":"Le Pokémon Défenseur est maintenant Endormi.","damage":20}],"legal":{"standard":false,"expanded":false}},{"category":"Pokémon","id":"ex3-51","illustrator":"Tomokazu Komiya","image":"https://assets.tcgdex.net/fr/ex/ex3/51","localId":"51","name":"Barloche","rarity":"Commune","set":{"cardCount":{"official":97,"total":100},"id":"ex3","name":"EX Dragon","symbol":"https://assets.tcgdex.net/univ/ex/ex3/symbol"},"variants":{"firstEdition":false,"holo":true,"normal":true,"reverse":true,"wPromo":false},"dexId":[339],"hp":50,"types":["Eau"],"stage":"De base","attacks":[{"cost":["Incolore"],"name":"Trempette","damage":10},{"cost":["Combat","Incolore"],"name":"Coud'boue","damage":20}],"weaknesses":[{"type":"Plante","value":"×2"}],"legal":{"standard":false,"expanded":false}},{"category":"Pokémon","id":"ex3-52","illustrator":"Ken Sugimori","image":"https://assets.tcgdex.net/fr/ex/ex3/52","localId":"52","name":"Écrapince","rarity":"Commune","set":{"cardCount":{"official":97,"total":100},"id":"ex3","name":"EX Dragon","symbol":"https://assets.tcgdex.net/univ/ex/ex3/symbol"},"variants":{"firstEdition":false,"holo":true,"normal":true,"reverse":true,"wPromo":false},"dexId":[341],"hp":40,"types":["Eau"],"stage":"De base","attacks":[{"cost":["Incolore"],"name":"Griffes empoisonnées","effect":"Lancez une pièce. Si c'est face, le Pokémon Défenseur est maintenant Empoisonné."},{"cost":["Eau"],"name":"Écume","effect":"Lancez une pièce. Si c'est face, le Pokémon Défenseur est maintenant Paralysé.","damage":10}],"weaknesses":[{"type":"Électrique","value":"×2"}],"legal":{"standard":false,"expanded":false}},{"category":"Pokémon","id":"ex3-53","illustrator":"Kagemaru Himeno","image":"https://assets.tcgdex.net/fr/ex/ex3/53","localId":"53","name":"Écrapince","rarity":"Commune","set":{"cardCount":{"official":97,"total":100},"id":"ex3","name":"EX Dragon","symbol":"https://assets.tcgdex.net/univ/ex/ex3/symbol"},"variants":{"firstEdition":false,"holo":true,"normal":true,"reverse":true,"wPromo":false},"dexId":[341],"hp":50,"types":["Eau"],"stage":"De base","attacks":[{"cost":["Incolore"],"name":"Poigne de fer","damage":10},{"cost":["Eau","Incolore"],"name":"Tranche","damage":20}],"weaknesses":[{"type":"Électrique","value":"×2"}],"legal":{"standard":false,"expanded":false}},{"category":"Pokémon","id":"ex3-54","illustrator":"Hisao Nakamura","image":"https://assets.tcgdex.net/fr/ex/ex3/54","localId":"54","name":"Écrapince","rarity":"Commune","set":{"cardCount":{"official":97,"total":100},"id":"ex3","name":"EX Dragon","symbol":"https://assets.tcgdex.net/univ/ex/ex3/symbol"},"variants":{"firstEdition":false,"holo":true,"normal":true,"reverse":true,"wPromo":false},"dexId":[341],"hp":50,"types":["Eau"],"stage":"De base","attacks":[{"cost":["Eau"],"name":"Bataille","damage":10},{"cost":["Incolore","Incolore"],"name":"Pince empoisonnée","effect":"Le Pokémon Défenseur est maintenant Empoisonné.","damage":10}],"weaknesses":[{"type":"Électrique","value":"×2"}],"legal":{"standard":false,"expanded":false}},{"category":"Pokémon","id":"ex3-55","illustrator":"Hisao Nakamura","image":"https://assets.tcgdex.net/fr/ex/ex3/55","localId":"55","name":"Racaillou","rarity":"Commune","set":{"cardCount":{"official":97,"total":100},"id":"ex3","name":"EX Dragon","symbol":"https://assets.tcgdex.net/univ/ex/ex3/symbol"},"variants":{"firstEdition":false,"holo":true,"normal":true,"reverse":true,"wPromo":false},"dexId":[74],"hp":50,"types":["Combat"],"stage":"De base","attacks":[{"cost":["Incolore"],"name":"Poing léger","damage":10},{"cost":["Combat"],"name":"Jet de caillou","effect":"Choisissez un des Pokémon du Banc de votre adversaire. Cette attaque lui inflige 10 dégâts. (Vous ne pouvez pas appliquer la Faiblesse et la Résistance aux Pokémon du Banc)."}],"weaknesses":[{"type":"Eau","value":"×2"}],"legal":{"standard":false,"expanded":false}},{"category":"Pokémon","id":"ex3-56","illustrator":"Midori Harada","image":"https://assets.tcgdex.net/fr/ex/ex3/56","localId":"56","name":"Racaillou","rarity":"Commune","set":{"cardCount":{"official":97,"total":100},"id":"ex3","name":"EX Dragon","symbol":"https://assets.tcgdex.net/univ/ex/ex3/symbol"},"variants":{"firstEdition":false,"holo":true,"normal":true,"reverse":true,"wPromo":false},"dexId":[74],"hp":40,"types":["Combat"],"stage":"De base","attacks":[{"cost":["Combat"],"name":"Poing énergétique","effect":"Lancez une pièce. Si c'est face, cette attaque inflige 20 dégâts.","damage":"10+"}],"weaknesses":[{"type":"Eau","value":"×2"}],"legal":{"standard":false,"expanded":false}},{"category":"Pokémon","id":"ex3-57","illustrator":"Yuka Morii","image":"https://assets.tcgdex.net/fr/ex/ex3/57","localId":"57","name":"Tadmorv","rarity":"Commune","set":{"cardCount":{"official":97,"total":100},"id":"ex3","name":"EX Dragon","symbol":"https://assets.tcgdex.net/univ/ex/ex3/symbol"},"variants":{"firstEdition":false,"holo":true,"normal":true,"reverse":true,"wPromo":false},"dexId":[88],"hp":50,"types":["Plante"],"stage":"De base","attacks":[{"cost":["Incolore"],"name":"Écras'face","damage":10},{"cost":["Plante"],"name":"Jet de poison","effect":"Défaussez une carte Énergie  attachée à Tadmorv. Le Pokémon Défenseur est maintenant Empoisonné."}],"weaknesses":[{"type":"Psy","value":"×2"}],"legal":{"standard":false,"expanded":false}},{"category":"Pokémon","id":"ex3-58","illustrator":"Midori Harada","image":"https://assets.tcgdex.net/fr/ex/ex3/58","localId":"58","name":"Hypotrempe","rarity":"Commune","set":{"cardCount":{"official":97,"total":100},"id":"ex3","name":"EX Dragon","symbol":"https://assets.tcgdex.net/univ/ex/ex3/symbol"},"variants":{"firstEdition":false,"holo":true,"normal":true,"reverse":true,"wPromo":false},"dexId":[116],"hp":50,"types":["Eau"],"stage":"De base","attacks":[{"cost":["Incolore"],"name":"Regard paralysant","effect":"Lancez une pièce. Si c'est face, le Pokémon Défenseur est maintenant Paralysé."},{"cost":["Incolore","Incolore"],"name":"Grosse vague","damage":20}],"weaknesses":[{"type":"Électrique","value":"×2"}],"legal":{"standard":false,"expanded":false}},{"category":"Pokémon","id":"ex3-59","illustrator":"Hajime Kusajima","image":"https://assets.tcgdex.net/fr/ex/ex3/59","localId":"59","name":"Malosse","rarity":"Commune","set":{"cardCount":{"official":97,"total":100},"id":"ex3","name":"EX Dragon","symbol":"https://assets.tcgdex.net/univ/ex/ex3/symbol"},"variants":{"firstEdition":false,"holo":true,"normal":true,"reverse":true,"wPromo":false},"dexId":[228],"hp":50,"types":["Obscurité"],"stage":"De base","attacks":[{"cost":["Incolore"],"name":"Hurlement","effect":"Si votre adversaire a des Pokémon sur son Banc, il choisit l'un d'eux et l'échange contre le Pokémon Défenseur."},{"cost":["Incolore","Incolore"],"name":"Morsure","damage":20}],"weaknesses":[{"type":"Combat","value":"×2"}],"resistances":[{"type":"Psy","value":"-30"}],"legal":{"standard":false,"expanded":false}},{"category":"Pokémon","id":"ex3-60","illustrator":"Kouki Saitou","image":"https://assets.tcgdex.net/fr/ex/ex3/60","localId":"60","name":"Magicarpe","rarity":"Commune","set":{"cardCount":{"official":97,"total":100},"id":"ex3","name":"EX Dragon","symbol":"https://assets.tcgdex.net/univ/ex/ex3/symbol"},"variants":{"firstEdition":false,"holo":true,"normal":true,"reverse":true,"wPromo":false},"dexId":[129],"hp":30,"types":["Eau"],"stage":"De base","attacks":[{"cost":["Incolore"],"name":"Appel à la famille","effect":"Cherchez des cartes Magicarpe dans votre deck et placez-en autant que vous le voulez sur votre Banc. Ensuite, mélangez votre deck."},{"cost":["Eau","Incolore"],"name":"Charge","damage":20}],"weaknesses":[{"type":"Électrique","value":"×2"}],"legal":{"standard":false,"expanded":false}},{"category":"Pokémon","id":"ex3-61","illustrator":"Tomokazu Komiya","image":"https://assets.tcgdex.net/fr/ex/ex3/61","localId":"61","name":"Magneti","rarity":"Commune","set":{"cardCount":{"official":97,"total":100},"id":"ex3","name":"EX Dragon","symbol":"https://assets.tcgdex.net/univ/ex/ex3/symbol"},"variants":{"firstEdition":false,"holo":true,"normal":true,"reverse":true,"wPromo":false},"dexId":[81],"hp":40,"types":["Électrique"],"stage":"De base","attacks":[{"cost":["Incolore"],"name":"Roulade","damage":10},{"cost":["Incolore","Incolore"],"name":"Crochet","damage":20}],"weaknesses":[{"type":"Combat","value":"×2"}],"resistances":[{"type":"Métal","value":"-30"}],"legal":{"standard":false,"expanded":false}},{"category":"Pokémon","id":"ex3-62","illustrator":"Midori Harada","image":"https://assets.tcgdex.net/fr/ex/ex3/62","localId":"62","name":"Magneti","rarity":"Commune","set":{"cardCount":{"official":97,"total":100},"id":"ex3","name":"EX Dragon","symbol":"https://assets.tcgdex.net/univ/ex/ex3/symbol"},"variants":{"firstEdition":false,"holo":true,"normal":true,"reverse":true,"wPromo":false},"dexId":[81],"hp":50,"types":["Électrique"],"stage":"De base","attacks":[{"cost":["Électrique"],"name":"Étincelle surprise","effect":"Choisissez un des Pokémon de votre adversaire. Cette attaque lui inflige 10 dégâts. (Vous ne pouvez pas appliquer la Faiblesse et la Résistance aux Pokémon du Banc.)"}],"weaknesses":[{"type":"Combat","value":"×2"}],"resistances":[{"type":"Métal","value":"-30"}],"legal":{"standard":false,"expanded":false}},{"category":"Pokémon","id":"ex3-63","illustrator":"Kyoko Umemoto","image":"https://assets.tcgdex.net/fr/ex/ex3/63","localId":"63","name":"Magneti","rarity":"Commune","set":{"cardCount":{"official":97,"total":100},"id":"ex3","name":"EX Dragon","symbol":"https://assets.tcgdex.net/univ/ex/ex3/symbol"},"variants":{"firstEdition":false,"holo":true,"normal":true,"reverse":true,"wPromo":false},"dexId":[81],"hp":50,"types":["Électrique"],"stage":"De base","attacks":[{"cost":["Électrique"],"name":"Éclair","effect":"Lancez une pièce. Si c'est face, le Pokémon Défenseur est maintenant Paralysé.","damage":10}],"weaknesses":[{"type":"Combat","value":"×2"}],"legal":{"standard":false,"expanded":false}},{"category":"Pokémon","id":"ex3-64","illustrator":"Miki Tanaka","image":"https://assets.tcgdex.net/fr/ex/ex3/64","localId":"64","name":"Wattouat","rarity":"Commune","set":{"cardCount":{"official":97,"total":100},"id":"ex3","name":"EX Dragon","symbol":"https://assets.tcgdex.net/univ/ex/ex3/symbol"},"variants":{"firstEdition":false,"holo":true,"normal":true,"reverse":true,"wPromo":false},"dexId":[179],"hp":50,"types":["Électrique"],"stage":"De base","attacks":[{"cost":["Incolore"],"name":"Secousse","effect":"Lancez une pièce. Si c'est face, le Pokémon Défenseur est maintenant Paralysé."}],"weaknesses":[{"type":"Combat","value":"×2"}],"resistances":[{"type":"Métal","value":"-30"}],"legal":{"standard":false,"expanded":false}},{"category":"Pokémon","id":"ex3-65","illustrator":"Hironobu Yoshida","image":"https://assets.tcgdex.net/fr/ex/ex3/65","localId":"65","name":"Gobou","rarity":"Commune","set":{"cardCount":{"official":97,"total":100},"id":"ex3","name":"EX Dragon","symbol":"https://assets.tcgdex.net/univ/ex/ex3/symbol"},"variants":{"firstEdition":false,"holo":true,"normal":true,"reverse":true,"wPromo":false},"dexId":[258],"hp":50,"types":["Eau"],"stage":"De base","attacks":[{"cost":["Incolore"],"name":"Pistolet à O","effect":"Cette attaque inflige 10 dégâts plus 10 dégâts supplémentaires pour chaque Énergie  attachée à Gobou qui n'a pas été utilisée pour payer le coût en Énergie de cette attaque. Vous ne pouvez pas ajouter plus de 20 dégâts de cette façon.","damage":"10+"}],"weaknesses":[{"type":"Électrique","value":"×2"}],"legal":{"standard":false,"expanded":false}},{"category":"Pokémon","id":"ex3-66","illustrator":"Toshinao Aoki","image":"https://assets.tcgdex.net/fr/ex/ex3/66","localId":"66","name":"Ningale","rarity":"Commune","set":{"cardCount":{"official":97,"total":100},"id":"ex3","name":"EX Dragon","symbol":"https://assets.tcgdex.net/univ/ex/ex3/symbol"},"variants":{"firstEdition":false,"holo":true,"normal":true,"reverse":true,"wPromo":false},"dexId":[290],"hp":40,"types":["Plante"],"stage":"De base","attacks":[{"cost":["Plante"],"name":"Haleine empoisonnée","effect":"Lancez une pièce. Si c'est face, le Pokémon Défenseur est maintenant Empoisonné.","damage":10}],"weaknesses":[{"type":"Feu","value":"×2"}],"legal":{"standard":false,"expanded":false}},{"category":"Pokémon","id":"ex3-67","illustrator":"Ken Sugimori","image":"https://assets.tcgdex.net/fr/ex/ex3/67","localId":"67","name":"Ningale","rarity":"Commune","set":{"cardCount":{"official":97,"total":100},"id":"ex3","name":"EX Dragon","symbol":"https://assets.tcgdex.net/univ/ex/ex3/symbol"},"variants":{"firstEdition":false,"holo":true,"normal":true,"reverse":true,"wPromo":false},"dexId":[290],"hp":50,"types":["Plante"],"stage":"De base","attacks":[{"cost":["Incolore"],"name":"Morsure","damage":10},{"cost":["Plante","Incolore"],"name":"Double écorchure","effect":"Lancez deux pièces. Cette attaque inflige 20 dégâts multipliés par le nombre de faces.","damage":"20×"}],"weaknesses":[{"type":"Feu","value":"×2"}],"legal":{"standard":false,"expanded":false}},{"category":"Pokémon","id":"ex3-68","illustrator":"Hajime Kusajima","image":"https://assets.tcgdex.net/fr/ex/ex3/68","localId":"68","name":"Ningale","rarity":"Commune","set":{"cardCount":{"official":97,"total":100},"id":"ex3","name":"EX Dragon","symbol":"https://assets.tcgdex.net/univ/ex/ex3/symbol"},"variants":{"firstEdition":false,"holo":true,"normal":true,"reverse":true,"wPromo":false},"dexId":[290],"hp":50,"types":["Plante"],"stage":"De base","attacks":[{"cost":["Plante"],"name":"Vampirisme","effect":"Après votre attaque, retirez à Ningale autant de marqueurs de dégât que vous avez infligé de dégâts au Pokémon Défenseur. Si Ningale a moins de marqueurs de dégât que de dégâts infligés, retirez-les lui tous.","damage":10}],"weaknesses":[{"type":"Feu","value":"×2"}],"legal":{"standard":false,"expanded":false}},{"category":"Pokémon","id":"ex3-69","illustrator":"Yuka Morii","image":"https://assets.tcgdex.net/fr/ex/ex3/69","localId":"69","name":"Chamallot","rarity":"Commune","set":{"cardCount":{"official":97,"total":100},"id":"ex3","name":"EX Dragon","symbol":"https://assets.tcgdex.net/univ/ex/ex3/symbol"},"variants":{"firstEdition":false,"holo":true,"normal":true,"reverse":true,"wPromo":false},"dexId":[322],"hp":40,"types":["Feu"],"stage":"De base","attacks":[{"cost":["Feu"],"name":"Souffle-feu","effect":"Lancez une pièce. Si c'est face, cette attaque inflige 10 dégâts plus 10 dégâts supplémentaires.","damage":"10+"},{"cost":["Incolore","Incolore"],"name":"Charge","damage":20}],"weaknesses":[{"type":"Eau","value":"×2"}],"legal":{"standard":false,"expanded":false}},{"category":"Pokémon","id":"ex3-70","illustrator":"Naoyo Kimura","image":"https://assets.tcgdex.net/fr/ex/ex3/70","localId":"70","name":"Chamallot","rarity":"Commune","set":{"cardCount":{"official":97,"total":100},"id":"ex3","name":"EX Dragon","symbol":"https://assets.tcgdex.net/univ/ex/ex3/symbol"},"variants":{"firstEdition":false,"holo":true,"normal":true,"reverse":true,"wPromo":false},"dexId":[322],"hp":50,"types":["Feu"],"stage":"De base","attacks":[{"cost":["Incolore"],"name":"Roulade","damage":10},{"cost":["Feu"],"name":"Enflammer","effect":"Défaussez une carte Énergie  attachée à Chamallot puis une carte Énergie attachée au Pokémon Défenseur.","damage":10}],"weaknesses":[{"type":"Eau","value":"×2"}],"legal":{"standard":false,"expanded":false}},{"category":"Pokémon","id":"ex3-71","illustrator":"Hajime Kusajima","image":"https://assets.tcgdex.net/fr/ex/ex3/71","localId":"71","name":"Pomdepic","rarity":"Commune","set":{"cardCount":{"official":97,"total":100},"id":"ex3","name":"EX Dragon","symbol":"https://assets.tcgdex.net/univ/ex/ex3/symbol"},"variants":{"firstEdition":false,"holo":true,"normal":true,"reverse":true,"wPromo":false},"dexId":[204],"hp":40,"types":["Plante"],"stage":"De base","abilities":[{"type":"Poké-BODY","name":"Exosquelette","effect":"Tous dégâts infligés à Pomdepic par des attaques sont réduits de 10 (après application de la Faiblesse et de la Résistance)."}],"attacks":[{"cost":["Plante","Incolore"],"name":"Charge","damage":20}],"weaknesses":[{"type":"Feu","value":"×2"}],"legal":{"standard":false,"expanded":false}},{"category":"Pokémon","id":"ex3-72","illustrator":"Kyoko Umemoto","image":"https://assets.tcgdex.net/fr/ex/ex3/72","localId":"72","name":"Limagma","rarity":"Commune","set":{"cardCount":{"official":97,"total":100},"id":"ex3","name":"EX Dragon","symbol":"https://assets.tcgdex.net/univ/ex/ex3/symbol"},"variants":{"firstEdition":false,"holo":true,"normal":true,"reverse":true,"wPromo":false},"dexId":[218],"hp":50,"types":["Feu"],"stage":"De base","attacks":[{"cost":["Incolore"],"name":"Charge","damage":10},{"cost":["Feu","Incolore"],"name":"Flamme attrayante","effect":"Échangez un des Pokémon du Banc de votre adversaire avec le Pokémon Défenseur. Votre adversaire choisit le Pokémon Défenseur à échanger. Le nouveau Pokémon Défenseur est maintenant Brûlé."}],"weaknesses":[{"type":"Eau","value":"×2"}],"legal":{"standard":false,"expanded":false}},{"category":"Pokémon","id":"ex3-73","illustrator":"Miki Tanaka","image":"https://assets.tcgdex.net/fr/ex/ex3/73","localId":"73","name":"Spoink","rarity":"Commune","set":{"cardCount":{"official":97,"total":100},"id":"ex3","name":"EX Dragon","symbol":"https://assets.tcgdex.net/univ/ex/ex3/symbol"},"variants":{"firstEdition":false,"holo":true,"normal":true,"reverse":true,"wPromo":false},"dexId":[325],"hp":50,"types":["Psy"],"stage":"De base","attacks":[{"cost":["Incolore"],"name":"Faire des bonds","effect":"Après votre attaque, vous pouvez échanger Spoink avec un des Pokémon de votre Banc.","damage":10}],"weaknesses":[{"type":"Psy","value":"×2"}],"legal":{"standard":false,"expanded":false}},{"category":"Pokémon","id":"ex3-74","illustrator":"Midori Harada","image":"https://assets.tcgdex.net/fr/ex/ex3/74","localId":"74","name":"Spoink","rarity":"Commune","set":{"cardCount":{"official":97,"total":100},"id":"ex3","name":"EX Dragon","symbol":"https://assets.tcgdex.net/univ/ex/ex3/symbol"},"variants":{"firstEdition":false,"holo":true,"normal":true,"reverse":true,"wPromo":false},"dexId":[325],"hp":50,"types":["Psy"],"stage":"De base","attacks":[{"cost":["Incolore"],"name":"Trempette","damage":10},{"cost":["Psy","Incolore"],"name":"Rafale psy","effect":"Lancez une pièce. Si c'est face, le Pokémon Défenseur est maintenant Confus.","damage":10}],"weaknesses":[{"type":"Psy","value":"×2"}],"legal":{"standard":false,"expanded":false}},{"category":"Pokémon","id":"ex3-75","illustrator":"Atsuko Nishida","image":"https://assets.tcgdex.net/fr/ex/ex3/75","localId":"75","name":"Tylton","rarity":"Commune","set":{"cardCount":{"official":97,"total":100},"id":"ex3","name":"EX Dragon","symbol":"https://assets.tcgdex.net/univ/ex/ex3/symbol"},"variants":{"firstEdition":false,"holo":true,"normal":true,"reverse":true,"wPromo":false},"dexId":[333],"hp":40,"types":["Incolore"],"stage":"De base","attacks":[{"cost":["Eau"],"name":"Comptine","effect":"Le Pokémon Défenseur est maintenant Endormi.","damage":10},{"cost":["Électrique"],"name":"Fourrure étouffante","effect":"Lancez une pièce. Si c'est face, le Pokémon Défenseur est maintenant Paralysé.","damage":10}],"weaknesses":[{"type":"Électrique","value":"×2"}],"resistances":[{"type":"Combat","value":"-30"}],"legal":{"standard":false,"expanded":false}},{"category":"Pokémon","id":"ex3-76","illustrator":"Kyoko Umemoto","image":"https://assets.tcgdex.net/fr/ex/ex3/76","localId":"76","name":"Nirondelle","rarity":"Commune","set":{"cardCount":{"official":97,"total":100},"id":"ex3","name":"EX Dragon","symbol":"https://assets.tcgdex.net/univ/ex/ex3/symbol"},"variants":{"firstEdition":false,"holo":true,"normal":true,"reverse":true,"wPromo":false},"dexId":[276],"hp":50,"types":["Incolore"],"stage":"De base","attacks":[{"cost":["Incolore"],"name":"Cyclone","effect":"Votre adversaire échange le Pokémon Défenseur contre l'un des Pokémon de son Banc."}],"weaknesses":[{"type":"Électrique","value":"×2"}],"resistances":[{"type":"Combat","value":"-30"}],"legal":{"standard":false,"expanded":false}},{"category":"Pokémon","id":"ex3-77","illustrator":"Hironobu Yoshida","image":"https://assets.tcgdex.net/fr/ex/ex3/77","localId":"77","name":"Poussifeu","rarity":"Commune","set":{"cardCount":{"official":97,"total":100},"id":"ex3","name":"EX Dragon","symbol":"https://assets.tcgdex.net/univ/ex/ex3/symbol"},"variants":{"firstEdition":false,"holo":true,"normal":true,"reverse":true,"wPromo":false},"dexId":[255],"hp":50,"types":["Feu"],"stage":"De base","attacks":[{"cost":["Feu","Incolore"],"name":"Souffle-feu","effect":"Lancez une pièce. Si c'est face, cette attaque inflige 20 dégâts plus 20 dégâts supplémentaires.","damage":"20+"}],"weaknesses":[{"type":"Eau","value":"×2"}],"legal":{"standard":false,"expanded":false}},{"category":"Pokémon","id":"ex3-78","illustrator":"Yuka Morii","image":"https://assets.tcgdex.net/fr/ex/ex3/78","localId":"78","name":"Kraknoix","rarity":"Commune","set":{"cardCount":{"official":97,"total":100},"id":"ex3","name":"EX Dragon","symbol":"https://assets.tcgdex.net/univ/ex/ex3/symbol"},"variants":{"firstEdition":false,"holo":true,"normal":true,"reverse":true,"wPromo":false},"dexId":[328],"hp":50,"types":["Combat"],"stage":"De base","attacks":[{"cost":["Incolore"],"name":"Tunnel","damage":10}],"weaknesses":[{"type":"Plante","value":"×2"}],"legal":{"standard":false,"expanded":false}},{"category":"Pokémon","id":"ex3-79","illustrator":"Ken Sugimori","image":"https://assets.tcgdex.net/fr/ex/ex3/79","localId":"79","name":"Kraknoix","rarity":"Commune","set":{"cardCount":{"official":97,"total":100},"id":"ex3","name":"EX Dragon","symbol":"https://assets.tcgdex.net/univ/ex/ex3/symbol"},"variants":{"firstEdition":false,"holo":true,"normal":true,"reverse":true,"wPromo":false},"dexId":[328],"hp":50,"types":["Combat"],"stage":"De base","attacks":[{"cost":["Incolore"],"name":"Étreinte","effect":"Lancez une pièce. Si c'est face, le Pokémon Défenseur est maintenant Paralysé."},{"cost":["Incolore","Incolore"],"name":"Éclate-roc","effect":"Lancez une pièce. Si c'est face, cette attaque inflige 10 dégâts plus 20 dégâts supplémentaires.","damage":"10+"}],"weaknesses":[{"type":"Plante","value":"×2"}],"legal":{"standard":false,"expanded":false}},{"category":"Pokémon","id":"ex3-80","illustrator":"Hajime Kusajima","image":"https://assets.tcgdex.net/fr/ex/ex3/80","localId":"80","name":"Arcko","rarity":"Commune","set":{"cardCount":{"official":97,"total":100},"id":"ex3","name":"EX Dragon","symbol":"https://assets.tcgdex.net/univ/ex/ex3/symbol"},"variants":{"firstEdition":false,"holo":true,"normal":true,"reverse":true,"wPromo":false},"dexId":[252],"hp":50,"types":["Plante"],"stage":"De base","attacks":[{"cost":["Incolore","Incolore"],"name":"Vive-attaque","effect":"Lancez une pièce. Si c'est face, cette attaque inflige 30 dégâts.","damage":"10+"}],"weaknesses":[{"type":"Feu","value":"×2"}],"resistances":[{"type":"Eau","value":"-30"}],"legal":{"standard":false,"expanded":false}},{"category":"Pokémon","id":"ex3-81","illustrator":"Midori Harada","image":"https://assets.tcgdex.net/fr/ex/ex3/81","localId":"81","name":"Chenipotte","rarity":"Commune","set":{"cardCount":{"official":97,"total":100},"id":"ex3","name":"EX Dragon","symbol":"https://assets.tcgdex.net/univ/ex/ex3/symbol"},"variants":{"firstEdition":false,"holo":true,"normal":true,"reverse":true,"wPromo":false},"dexId":[265],"hp":50,"types":["Plante"],"stage":"De base","attacks":[{"cost":["Incolore"],"name":"À la rescousse !","effect":"Cherchez dans votre deck des Pokémon de base  et placez-en autant que vous le voulez sur votre Banc. Ensuite, mélangez votre deck."},{"cost":["Incolore"],"name":"Sécrétion","effect":"Lancez une pièce. Si c'est face, le Pokémon Défenseur est maintenant Paralysé.","damage":10}],"weaknesses":[{"type":"Feu","value":"×2"}],"legal":{"standard":false,"expanded":false}},{"category":"Dresseur","id":"ex3-82","illustrator":"Keiji Kinebuchi","image":"https://assets.tcgdex.net/fr/ex/ex3/82","localId":"82","name":"Baie Ballon","rarity":"Peu Commune","set":{"cardCount":{"official":97,"total":100},"id":"ex3","name":"EX Dragon","symbol":"https://assets.tcgdex.net/univ/ex/ex3/symbol"},"variants":{"firstEdition":false,"holo":true,"normal":true,"reverse":true,"wPromo":false},"effect":"Attachez Baie Ballon à un de vos Pokémon qui ne possède pas déjà d'Outil Pokémon. Si ce Pokémon est mis K.O, défaussez-la.\n\nLorsque le Pokémon auquel Baie Ballon est attachée bat en retraite, défaussez Baie Ballon plutôt que de défausser des cartes Énergie.","trainerType":"Outil","legal":{"standard":false,"expanded":false}},{"category":"Dresseur","id":"ex3-83","illustrator":"Katsura Tabata","image":"https://assets.tcgdex.net/fr/ex/ex3/83","localId":"83","name":"Pare-chocs","rarity":"Peu Commune","set":{"cardCount":{"official":97,"total":100},"id":"ex3","name":"EX Dragon","symbol":"https://assets.tcgdex.net/univ/ex/ex3/symbol"},"variants":{"firstEdition":false,"holo":true,"normal":true,"reverse":true,"wPromo":false},"effect":"Attachez Pare-chocs à un de vos Pokémon qui ne possède pas déjà d'Outil Pokémon. Si ce Pokémon est mis K.O, défaussez-la.\n\nLes dégâts infligés par une attaque de votre adversaire au Pokémon auquel Pare-chocs est attachée sont réduits de 20 (après application de la Faiblesse et de la Résistance). À la fin du tour de votre adversaire, défaussez-la.","trainerType":"Outil","legal":{"standard":false,"expanded":false}},{"category":"Dresseur","id":"ex3-84","illustrator":"Zu-Ka","image":"https://assets.tcgdex.net/fr/ex/ex3/84","localId":"84","name":"Recyclage d'énergie","rarity":"Peu Commune","set":{"cardCount":{"official":97,"total":100},"id":"ex3","name":"EX Dragon","symbol":"https://assets.tcgdex.net/univ/ex/ex3/symbol"},"variants":{"firstEdition":false,"holo":true,"normal":true,"reverse":true,"wPromo":false},"effect":"Cherchez dans votre deck des cartes Énergie de base. Vous pouvez soit montrer une carte Énergie de base à votre adversaire et la placer dans votre main, soit montrer trois cartes Énergie de base à votre adversaire et les mélanger à votre deck.","trainerType":"Objet","legal":{"standard":false,"expanded":false}},{"category":"Dresseur","id":"ex3-85","illustrator":"Ken Ikuji","image":"https://assets.tcgdex.net/fr/ex/ex3/85","localId":"85","name":"Système à haute pression","rarity":"Peu Commune","set":{"cardCount":{"official":97,"total":100},"id":"ex3","name":"EX Dragon","symbol":"https://assets.tcgdex.net/univ/ex/ex3/symbol"},"variants":{"firstEdition":false,"holo":true,"normal":true,"reverse":true,"wPromo":false},"effect":"Cette carte reste en jeu lorsque vous la jouez. Défaussez-la si une autre carte Stade est mise en jeu.\n\nChaque joueur ne paye pas de  pour faire battre en retraite ses Pokémon  et .","trainerType":"Stade","legal":{"standard":false,"expanded":false}},{"category":"Dresseur","id":"ex3-86","illustrator":"Shin-ichi Yoshikawa","image":"https://assets.tcgdex.net/fr/ex/ex3/86","localId":"86","name":"Système à basse pression","rarity":"Peu Commune","set":{"cardCount":{"official":97,"total":100},"id":"ex3","name":"EX Dragon","symbol":"https://assets.tcgdex.net/univ/ex/ex3/symbol"},"variants":{"firstEdition":false,"holo":true,"normal":true,"reverse":true,"wPromo":false},"effect":"Cette carte reste en jeu lorsque vous la jouez. Défaussez-la si une autre carte Stade est mise en jeu.\n\nChaque Pokémon  et  en jeu (les vôtres et ceux de votre adversaire) obtient 10 PV de plus.","trainerType":"Stade","legal":{"standard":false,"expanded":false}},{"category":"Dresseur","id":"ex3-87","illustrator":"Ken Sugimori","image":"https://assets.tcgdex.net/fr/ex/ex3/87","localId":"87","name":"La compassion de M. Briney","rarity":"Peu Commune","set":{"cardCount":{"official":97,"total":100},"id":"ex3","name":"EX Dragon","symbol":"https://assets.tcgdex.net/univ/ex/ex3/symbol"},"variants":{"firstEdition":false,"holo":true,"normal":true,"reverse":true,"wPromo":false},"effect":"Vous ne pouvez jouer qu'une seule carte Supporter par tour. Lorsque vous jouez cette carte, placez-la à côté de votre Pokémon Actif. À la fin de votre tour, défaussez-la.\n\nChoisissez un des Pokémon que vous avez en jeu (sauf les Pokémon-ex). Reprenez dans votre main ce Pokémon ainsi que toutes les cartes qui lui sont attachées.","trainerType":"Supporter","legal":{"standard":false,"expanded":false}},{"category":"Dresseur","id":"ex3-88","illustrator":"Ken Sugimori","image":"https://assets.tcgdex.net/fr/ex/ex3/88","localId":"88","name":"Journaliste télé","rarity":"Peu Commune","set":{"cardCount":{"official":97,"total":100},"id":"ex3","name":"EX Dragon","symbol":"https://assets.tcgdex.net/univ/ex/ex3/symbol"},"variants":{"firstEdition":false,"holo":true,"normal":true,"reverse":true,"wPromo":false},"effect":"Vous ne pouvez jouer qu'une seule carte Supporter par tour. Lorsque vous jouez cette carte, placez-la à côté de votre Pokémon Actif. À la fin de votre tour, défaussez-la.\n\nPiochez trois cartes. Ensuite, défaussez une carte de votre main.","trainerType":"Supporter","legal":{"standard":false,"expanded":false}},{"category":"Pokémon","id":"ex3-89","illustrator":"Ryo Ueda","image":"https://assets.tcgdex.net/fr/ex/ex3/89","localId":"89","name":"Pharamp ex","rarity":"Rare","set":{"cardCount":{"official":97,"total":100},"id":"ex3","name":"EX Dragon","symbol":"https://assets.tcgdex.net/univ/ex/ex3/symbol"},"variants":{"firstEdition":false,"holo":true,"normal":true,"reverse":true,"wPromo":false},"dexId":[181],"hp":150,"types":["Électrique"],"suffix":"EX","abilities":[{"type":"Poké-BODY","name":"Conductivité","effect":"Tant que Pharamp ex est en jeu, dès que votre adversaire attache une carte Énergie de sa main à un Pokémon, placez un marqueur de dégât sur ce Pokémon. Vous ne pouvez pas placer plus d'un marqueur de dégât même s'il y a plus d'un Pharamp ex en jeu."}],"attacks":[{"cost":["Électrique","Incolore","Incolore"],"name":"Gigavolt","effect":"Lancez une pièce. Si c'est face, cette attaque inflige 70 dégâts. Si c'est pile, le Pokémon Défenseur est maintenant Paralysé.","damage":"40+"}],"weaknesses":[{"type":"Combat","value":"×2"}],"resistances":[{"type":"Métal","value":"-30"}],"legal":{"standard":false,"expanded":false}},{"category":"Pokémon","id":"ex3-90","illustrator":"Ryo Ueda","image":"https://assets.tcgdex.net/fr/ex/ex3/90","localId":"90","name":"Dracolosse ex","rarity":"Rare","set":{"cardCount":{"official":97,"total":100},"id":"ex3","name":"EX Dragon","symbol":"https://assets.tcgdex.net/univ/ex/ex3/symbol"},"variants":{"firstEdition":false,"holo":true,"normal":true,"reverse":true,"wPromo":false},"dexId":[149],"hp":150,"types":["Incolore"],"suffix":"EX","abilities":[{"type":"Poké-POWER","name":"Appel à la puissance","effect":"Autant de fois que vous le voulez lors de votre tour, vous pouvez attacher à Dracolosse ex une carte Énergie attachée à un de vos Pokémon. Ce pouvoir ne peut pas être utilisé si Dracolosse ex est affecté par un État spécial."}],"attacks":[{"cost":["Eau","Électrique"],"name":"Vague de dragon","effect":"Défaussez une carte Énergie  et une carte Énergie  attachée à Dracolosse ex.","damage":70},{"cost":["Incolore","Incolore","Incolore","Incolore"],"name":"Longue queue","effect":"Lancez une pièce. Si c'est pile, cette attaque est sans effet.","damage":120}],"weaknesses":[{"type":"Incolore","value":"×2"}],"resistances":[{"type":"Plante","value":"-30"},{"type":"Combat","value":"-30"}],"legal":{"standard":false,"expanded":false}},{"category":"Pokémon","id":"ex3-91","illustrator":"Hikaru Koike","image":"https://assets.tcgdex.net/fr/ex/ex3/91","localId":"91","name":"Grolem ex","rarity":"Rare","set":{"cardCount":{"official":97,"total":100},"id":"ex3","name":"EX Dragon","symbol":"https://assets.tcgdex.net/univ/ex/ex3/symbol"},"variants":{"firstEdition":false,"holo":true,"normal":true,"reverse":true,"wPromo":false},"dexId":[76],"hp":160,"types":["Combat"],"suffix":"EX","attacks":[{"cost":["Combat","Incolore","Incolore"],"name":"Ampleur","effect":"Inflige 10 dégâts à chacun des Pokémon du Banc (les vôtres et ceux de votre adversaire). (Vous ne pouvez pas appliquer la Faiblesse et la Résistance aux Pokémon du Banc.)","damage":60},{"cost":["Combat","Combat","Incolore","Incolore","Incolore"],"name":"Damoclès","effect":"Grolem ex s'inflige 50 dégâts.","damage":120}],"weaknesses":[{"type":"Plante","value":"×2"},{"type":"Eau","value":"×2"}],"legal":{"standard":false,"expanded":false}},{"category":"Pokémon","id":"ex3-92","illustrator":"Hikaru Koike","image":"https://assets.tcgdex.net/fr/ex/ex3/92","localId":"92","name":"Hyporoi ex","rarity":"Rare","set":{"cardCount":{"official":97,"total":100},"id":"ex3","name":"EX Dragon","symbol":"https://assets.tcgdex.net/univ/ex/ex3/symbol"},"variants":{"firstEdition":false,"holo":true,"normal":true,"reverse":true,"wPromo":false},"dexId":[230],"hp":150,"types":["Eau"],"suffix":"EX","attacks":[{"cost":["Eau"],"name":"Mémoire Génétique","effect":"Utilisez n'importe quelle attaque de la carte Pokémon de base ou de la carte Évolution Niveau 1 d'Hyporoi ex. (Hyporoi ex ne paye pas le Coût en Énergie de cette attaque)."},{"cost":["Incolore","Incolore","Incolore"],"name":"Canon à O","effect":"Inflige 50 dégâts plus 20 dégâts supplémentaires pour chaque carte Énergie  attachée à Hyporoi ex qui n'a pas été utilisée pour payer le coût en Énergie de cette attaque. Vous ne pouvez pas ajouter plus de 40 dégâts de cette façon.","damage":"50+"}],"weaknesses":[{"type":"Plante","value":"×2"},{"type":"Électrique","value":"×2"}],"legal":{"standard":false,"expanded":false}},{"category":"Pokémon","id":"ex3-93","illustrator":"Ryo Ueda","image":"https://assets.tcgdex.net/fr/ex/ex3/93","localId":"93","name":"Latias ex","rarity":"Rare","set":{"cardCount":{"official":97,"total":100},"id":"ex3","name":"EX Dragon","symbol":"https://assets.tcgdex.net/univ/ex/ex3/symbol"},"variants":{"firstEdition":false,"holo":true,"normal":true,"reverse":true,"wPromo":false},"dexId":[380],"hp":90,"types":["Incolore"],"suffix":"EX","attacks":[{"cost":["Incolore"],"name":"Hypnoblast","effect":"Lancez une pièce. Si c'est face, le Pokémon Défenseur est maintenant Endormi.","damage":10},{"cost":["Feu","Eau","Incolore"],"name":"Boule de brume","effect":"Défaussez une Énergie  et une Énergie  attachée à Latias ex.","damage":100}],"weaknesses":[{"type":"Incolore","value":"×2"}],"resistances":[{"type":"Combat","value":"-30"},{"type":"Psy","value":"-30"}],"legal":{"standard":false,"expanded":false}},{"category":"Pokémon","id":"ex3-94","illustrator":"Ryo Ueda","image":"https://assets.tcgdex.net/fr/ex/ex3/94","localId":"94","name":"Latios ex","rarity":"Rare","set":{"cardCount":{"official":97,"total":100},"id":"ex3","name":"EX Dragon","symbol":"https://assets.tcgdex.net/univ/ex/ex3/symbol"},"variants":{"firstEdition":false,"holo":true,"normal":true,"reverse":true,"wPromo":false},"dexId":[381],"hp":100,"types":["Incolore"],"suffix":"EX","attacks":[{"cost":["Incolore"],"name":"Courant d'énergie","effect":"Lancez une pièce. Si c'est face, cherchez dans votre deck une carte Énergie de base et attachez-la à Latios ex.","damage":10},{"cost":["Plante","Électrique","Incolore"],"name":"Purge","effect":"Défaussez trois Énergies attachées à Latios ex.","damage":100}],"weaknesses":[{"type":"Incolore","value":"×2"}],"resistances":[{"type":"Plante","value":"-30"},{"type":"Combat","value":"-30"}],"legal":{"standard":false,"expanded":false}},{"category":"Pokémon","id":"ex3-95","illustrator":"Hikaru Koike","image":"https://assets.tcgdex.net/fr/ex/ex3/95","localId":"95","name":"Volcaropod ex","rarity":"Rare","set":{"cardCount":{"official":97,"total":100},"id":"ex3","name":"EX Dragon","symbol":"https://assets.tcgdex.net/univ/ex/ex3/symbol"},"variants":{"firstEdition":false,"holo":true,"normal":true,"reverse":true,"wPromo":false},"dexId":[219],"hp":100,"types":["Feu"],"suffix":"EX","attacks":[{"cost":["Feu"],"name":"Montagne fondante","effect":"Défaussez la première carte de votre deck. Si cette carte est une carte Énergie de base, attachez-la à Volcaropod ex.","damage":20},{"cost":["Feu","Feu","Incolore"],"name":"Torrent de lave","effect":"Vous pouvez défausser autant de cartes Énergie de base attachées à Volcaropod ex que vous le voulez lorsque vous utilisez cette attaque. Cette attaque inflige alors 40 dégâts plus 20 dégâts supplémentaires pour chaque carte Énergie de base que vous défaussez.","damage":"40+"}],"weaknesses":[{"type":"Eau","value":"×2"}],"legal":{"standard":false,"expanded":false}},{"category":"Pokémon","id":"ex3-96","illustrator":"Hikaru Koike","image":"https://assets.tcgdex.net/fr/ex/ex3/96","localId":"96","name":"Grotadmorv ex","rarity":"Rare","set":{"cardCount":{"official":97,"total":100},"id":"ex3","name":"EX Dragon","symbol":"https://assets.tcgdex.net/univ/ex/ex3/symbol"},"variants":{"firstEdition":false,"holo":true,"normal":true,"reverse":true,"wPromo":false},"dexId":[89],"hp":100,"types":["Plante"],"suffix":"EX","abilities":[{"type":"Poké-BODY","name":"Gaz chimique","effect":"Tant que Grotadmorv ex est votre Pokémon Actif, ignorez tous les Poké-Powers et les Poké-Bodies autres que Puanteur."}],"attacks":[{"cost":["Plante"],"name":"Haleine empoisonnée","effect":"Le Pokémon Défenseur est maintenant Empoisonné.","damage":10},{"cost":["Plante","Plante","Incolore"],"name":"Eau gluante","effect":"Inflige 40 dégâts plus 10 dégâts supplémentaires pour chaque Énergie  dans le Coût de retraite du Pokémon Défenseur (après application des effets sur le Coût de retraite).","damage":"40+"}],"weaknesses":[{"type":"Psy","value":"×2"}],"legal":{"standard":false,"expanded":false}},{"category":"Pokémon","id":"ex3-97","illustrator":"Hikaru Koike","image":"https://assets.tcgdex.net/fr/ex/ex3/97","localId":"97","name":"Rayquaza ex","rarity":"Rare","set":{"cardCount":{"official":97,"total":100},"id":"ex3","name":"EX Dragon","symbol":"https://assets.tcgdex.net/univ/ex/ex3/symbol"},"variants":{"firstEdition":false,"holo":true,"normal":true,"reverse":true,"wPromo":false},"dexId":[384],"hp":100,"types":["Incolore"],"suffix":"EX","attacks":[{"cost":["Incolore"],"name":"Croissance en spirale","effect":"Lancez une pièce jusqu'à ce que vous obteniez pile. Pour chaque face, cherchez dans votre deck une carte Énergie de base et attachez-la à Rayquaza ex."},{"cost":["Feu","Électrique"],"name":"Jet de dragon","effect":"Défaussez soit toutes les Énergies  soit toutes les Énergies  attachées à Rayquaza ex. Cette attaque inflige 40 dégâts multipliés par le nombre d'Énergie  ou  défaussées.","damage":"40×"}],"weaknesses":[{"type":"Incolore","value":"×2"}],"resistances":[{"type":"Combat","value":"-30"},{"type":"Eau","value":"-30"}],"legal":{"standard":false,"expanded":false}},{"category":"Pokémon","id":"ex3-98","illustrator":"Mitsuhiro Arita","image":"https://assets.tcgdex.net/fr/ex/ex3/98","localId":"98","name":"Salamèche","rarity":"Rare","set":{"cardCount":{"official":97,"total":100},"id":"ex3","name":"EX Dragon","symbol":"https://assets.tcgdex.net/univ/ex/ex3/symbol"},"variants":{"firstEdition":false,"holo":true,"normal":true,"reverse":true,"wPromo":false},"dexId":[4],"hp":50,"types":["Feu"],"stage":"De base","attacks":[{"cost":["Feu"],"name":"Intimidation","damage":10},{"cost":["Incolore","Incolore"],"name":"Frénésie","effect":"Inflige 10 dégâts plus 10 dégâts supplémentaires pour chaque marqueur de dégât sur Salamèche.","damage":"10+"}],"weaknesses":[{"type":"Eau","value":"×2"}],"legal":{"standard":false,"expanded":false}},{"category":"Pokémon","id":"ex3-99","illustrator":"Mitsuhiro Arita","image":"https://assets.tcgdex.net/fr/ex/ex3/99","localId":"99","name":"Reptincel","rarity":"Rare","set":{"cardCount":{"official":97,"total":100},"id":"ex3","name":"EX Dragon","symbol":"https://assets.tcgdex.net/univ/ex/ex3/symbol"},"variants":{"firstEdition":false,"holo":true,"normal":true,"reverse":true,"wPromo":false},"dexId":[5],"hp":70,"types":["Feu"],"stage":"Niveau 1","attacks":[{"cost":["Feu"],"name":"Brouillard","effect":"Si le Pokémon Défenseur essaye d'attaquer lors du prochain tour de votre adversaire, celui-ci lance une pièce. Si c'est face, cette attaque est sans effet.","damage":10},{"cost":["Feu","Incolore"],"name":"Feux d'artifices","effect":"Lancez une pièce. Si c'est pile, défaussez une carte Énergie  attachée à Reptincel.","damage":40}],"weaknesses":[{"type":"Eau","value":"×2"}],"legal":{"standard":false,"expanded":false}},{"category":"Pokémon","id":"ex3-100","illustrator":"Mitsuhiro Arita","image":"https://assets.tcgdex.net/fr/ex/ex3/100","localId":"100","name":"Dracaufeu","rarity":"Rare","set":{"cardCount":{"official":97,"total":100},"id":"ex3","name":"EX Dragon","symbol":"https://assets.tcgdex.net/univ/ex/ex3/symbol"},"variants":{"firstEdition":false,"holo":true,"normal":true,"reverse":true,"wPromo":false},"dexId":[6],"hp":120,"types":["Feu"],"stage":"Niveau 2","attacks":[{"cost":["Feu","Incolore"],"name":"Quête du feu","effect":"Lancez une pièce. Si c'est face, cherchez dans votre pile de défausse deux cartes Énergie  (ou une s'il n'y en a qu'une) et attachez-les à Dracaufeu.","damage":30},{"cost":["Feu","Incolore","Incolore","Incolore"],"name":"Colonne de flamme","effect":"Vous pouvez défausser une carte Énergie  attachée à Dracaufeu. Vous pouvez alors choisir un des Pokémon de Banc de votre adversaire et lui infliger 30 dégâts. (Vous ne pouvez pas appliquer la Faiblesse et la Résistance aux Pokémon du Banc.)","damage":60}],"weaknesses":[{"type":"Eau","value":"×2"}],"legal":{"standard":false,"expanded":false}}]