[{"category":"Pokémon","id":"ex2-1","illustrator":"Mitsuhiro Arita","image":"https://assets.tcgdex.net/fr/ex/ex2/1","localId":"1","name":"Armaldo","rarity":"Rare","set":{"cardCount":{"official":100,"total":100},"id":"ex2","name":"EX Tempête de sable","symbol":"https://assets.tcgdex.net/univ/ex/ex2/symbol"},"variants":{"firstEdition":false,"holo":true,"normal":true,"reverse":true,"wPromo":false},"dexId":[348],"hp":120,"types":["Combat"],"stage":"Niveau 2","abilities":[{"type":"Poké-BODY","name":"Voile primordial","effect":"Tant qu'Armaldo est votre Pokémon Actif, ni vous ni votre adversaire ne pouvez jouer de cartes Supporter."}],"attacks":[{"cost":["Combat","Combat","Incolore"],"name":"Bras tranchants","damage":60}],"weaknesses":[{"type":"Plante","value":"×2"}],"legal":{"standard":false,"expanded":false}},{"category":"Pokémon","id":"ex2-2","illustrator":"Atsuko Nishida","image":"https://assets.tcgdex.net/fr/ex/ex2/2","localId":"2","name":"Cacturne","rarity":"Rare","set":{"cardCount":{"official":100,"total":100},"id":"ex2","name":"EX Tempête de sable","symbol":"https://assets.tcgdex.net/univ/ex/ex2/symbol"},"variants":{"firstEdition":false,"holo":true,"normal":true,"reverse":true,"wPromo":false},"dexId":[332],"hp":80,"types":["Plante"],"stage":"Niveau 1","abilities":[{"type":"Poké-BODY","name":"Retour de poison","effect":"Si Cacturne est votre Pokémon Actif et qu'une attaque de votre adversaire lui inflige des dégâts (même si Cacturne est mis K.O), le Pokémon Attaquant est maintenant Empoisonné."}],"attacks":[{"cost":["Incolore","Incolore","Incolore"],"name":"Feinte","effect":"Choisissez un des Pokémon de votre adversaire. Cette attaque lui inflige 40 dégâts. Les dégâts de cette attaque ne sont pas affectés par la Faiblesse, la Résistance, les Poké-Powers, les Poké-Bodies ou tout autre effet."}],"weaknesses":[{"type":"Feu","value":"×2"}],"legal":{"standard":false,"expanded":false}},{"category":"Pokémon","id":"ex2-3","illustrator":"Midori Harada","image":"https://assets.tcgdex.net/fr/ex/ex2/3","localId":"3","name":"Vacilys","rarity":"Rare","set":{"cardCount":{"official":100,"total":100},"id":"ex2","name":"EX Tempête de sable","symbol":"https://assets.tcgdex.net/univ/ex/ex2/symbol"},"variants":{"firstEdition":false,"holo":true,"normal":true,"reverse":true,"wPromo":false},"dexId":[346],"hp":100,"types":["Plante"],"stage":"Niveau 2","abilities":[{"type":"Poké-BODY","name":"Super ventouses","effect":"Tant que Vacilys est votre Pokémon Actif, le Pokémon de votre adversaire ne peut pas battre en retraite."}],"attacks":[{"cost":["Incolore"],"name":"Poison attractif","effect":"Avant d'utiliser cet effet, vous pouvez échanger le Pokémon Défenseur contre un des Pokémon du Banc de votre adversaire, s'il en a. Le Pokémon Défenseur est maintenant Empoisonné."},{"cost":["Plante","Incolore","Incolore"],"name":"Spirale","effect":"Retirez à Vacilys deux marqueurs de dégât (ou un s'il n'en a qu'un).","damage":50}],"weaknesses":[{"type":"Feu","value":"×2"}],"legal":{"standard":false,"expanded":false}},{"category":"Pokémon","id":"ex2-4","illustrator":"Midori Harada","image":"https://assets.tcgdex.net/fr/ex/ex2/4","localId":"4","name":"Teraclope","rarity":"Rare","set":{"cardCount":{"official":100,"total":100},"id":"ex2","name":"EX Tempête de sable","symbol":"https://assets.tcgdex.net/univ/ex/ex2/symbol"},"variants":{"firstEdition":false,"holo":true,"normal":true,"reverse":true,"wPromo":false},"dexId":[356],"hp":70,"types":["Psy"],"stage":"Niveau 1","attacks":[{"cost":["Psy","Incolore"],"name":"Jugement","effect":"Lancez deux pièces. Si ce sont deux faces, le Pokémon Défenseur est mis K.O."},{"cost":["Psy","Incolore","Incolore"],"name":"Malédiction au pif","effect":"Placez comme vous le voulez un total de cinq marqueurs de dégât sur tout Pokémon Défenseur."}],"weaknesses":[{"type":"Obscurité","value":"×2"}],"resistances":[{"type":"Combat","value":"-30"}],"legal":{"standard":false,"expanded":false}},{"category":"Pokémon","id":"ex2-5","illustrator":"Midori Harada","image":"https://assets.tcgdex.net/fr/ex/ex2/5","localId":"5","name":"Pyroli","rarity":"Rare","set":{"cardCount":{"official":100,"total":100},"id":"ex2","name":"EX Tempête de sable","symbol":"https://assets.tcgdex.net/univ/ex/ex2/symbol"},"variants":{"firstEdition":false,"holo":true,"normal":true,"reverse":true,"wPromo":false},"dexId":[136],"hp":80,"types":["Feu"],"stage":"Niveau 1","attacks":[{"cost":["Feu","Incolore"],"name":"Ça sent le roussi!","effect":"Lancez une pièce. Si c'est face, le Pokémon Défenseur est maintenant Brûlé.","damage":20},{"cost":["Feu","Incolore","Incolore","Incolore"],"name":"Lance-flamme","effect":"Défaussez une carte Énergie  attachée à Pyroli.","damage":70}],"weaknesses":[{"type":"Eau","value":"×2"}],"legal":{"standard":false,"expanded":false}},{"category":"Pokémon","id":"ex2-6","illustrator":"Atsuko Nishida","image":"https://assets.tcgdex.net/fr/ex/ex2/6","localId":"6","name":"Voltali","rarity":"Rare","set":{"cardCount":{"official":100,"total":100},"id":"ex2","name":"EX Tempête de sable","symbol":"https://assets.tcgdex.net/univ/ex/ex2/symbol"},"variants":{"firstEdition":false,"holo":true,"normal":true,"reverse":true,"wPromo":false},"dexId":[135],"hp":70,"types":["Électrique"],"stage":"Niveau 1","attacks":[{"cost":["Incolore","Incolore"],"name":"Double pied","effect":"Lancez deux pièces. Cette attaque inflige 20 dégâts multipliés par le nombre de face.","damage":"20×"},{"cost":["Électrique","Électrique","Incolore"],"name":"Frap'éclair","effect":"Vous pouvez défausser toutes les cartes Énergie  attachées à Voltali. Dans ce cas, les dégâts de base de cette attaque sont de 70 et non de 40.","damage":40}],"weaknesses":[{"type":"Combat","value":"×2"}],"resistances":[{"type":"Métal","value":"-30"}],"legal":{"standard":false,"expanded":false}},{"category":"Pokémon","id":"ex2-7","illustrator":"Tomokazu Komiya","image":"https://assets.tcgdex.net/fr/ex/ex2/7","localId":"7","name":"Ludicolo","rarity":"Rare","set":{"cardCount":{"official":100,"total":100},"id":"ex2","name":"EX Tempête de sable","symbol":"https://assets.tcgdex.net/univ/ex/ex2/symbol"},"variants":{"firstEdition":false,"holo":true,"normal":true,"reverse":true,"wPromo":false},"dexId":[272],"hp":90,"types":["Eau"],"stage":"Niveau 2","abilities":[{"type":"Poké-BODY","name":"Cuvette","effect":"N'importe quand entre deux tours, retirez un marqueur de dégât à Ludicolo."}],"attacks":[{"cost":["Eau","Incolore","Incolore"],"name":"Hydro-poing","effect":"Inflige 50 dégâts plus 10 dégâts supplémentaires pour chaque Énergie  attachée à Ludicolo qui n'a pas été utilisée pour payer le coût en Énergie de cette attaque. Vous ne pouvez pas ajouter plus de 20 dégâts de cette façon.","damage":"50+"}],"weaknesses":[{"type":"Électrique","value":"×2"}],"legal":{"standard":false,"expanded":false}},{"category":"Pokémon","id":"ex2-8","illustrator":"Hajime Kusajima","image":"https://assets.tcgdex.net/fr/ex/ex2/8","localId":"8","name":"Seleroc","rarity":"Rare","set":{"cardCount":{"official":100,"total":100},"id":"ex2","name":"EX Tempête de sable","symbol":"https://assets.tcgdex.net/univ/ex/ex2/symbol"},"variants":{"firstEdition":false,"holo":true,"normal":true,"reverse":true,"wPromo":false},"dexId":[337],"hp":60,"types":["Psy"],"stage":"De base","abilities":[{"type":"Poké-POWER","name":"Éclipse de lune","effect":"Une seule fois pendant votre tour (avant votre attaque), si Solaroc est en jeu, vous pouvez utiliser ce pouvoir. Jusqu'à la fin de votre tour, Seleroc est . Ce pouvoir ne peut pas être utilisé si Seleroc est affecté par un État Spécial."}],"attacks":[{"cost":["Incolore"],"name":"Pioche cosmik","effect":"Si votre adversaire a un Pokémon Évolué en jeu, piochez trois cartes."},{"cost":["Psy","Incolore"],"name":"Explosion lunaire","damage":30}],"weaknesses":[{"type":"Psy","value":"×2"}],"legal":{"standard":false,"expanded":false}},{"category":"Pokémon","id":"ex2-9","illustrator":"Mitsuhiro Arita","image":"https://assets.tcgdex.net/fr/ex/ex2/9","localId":"9","name":"Mysdibule","rarity":"Rare","set":{"cardCount":{"official":100,"total":100},"id":"ex2","name":"EX Tempête de sable","symbol":"https://assets.tcgdex.net/univ/ex/ex2/symbol"},"variants":{"firstEdition":false,"holo":true,"normal":true,"reverse":true,"wPromo":false},"dexId":[303],"hp":60,"types":["Métal"],"stage":"De base","attacks":[{"cost":["Incolore"],"name":"Arnaque","effect":"Regardez la main de votre adversaire. Si vous y trouvez une carte Supporter, vous pouvez demander à votre adversaire de la mélanger de nouveau à son deck. Dans ce cas, votre adversaire pioche une carte."},{"cost":["Métal","Incolore"],"name":"Crochet métallique","effect":"Avant d'infliger des dégâts, vous pouvez échanger un des Pokémon Défenseur de votre adversaire contre un des Pokémon de son Banc. Dans ce cas, cette attaque inflige 20 dégâts au nouveau Pokémon Défenseurs.","damage":20}],"weaknesses":[{"type":"Feu","value":"×2"}],"legal":{"standard":false,"expanded":false}},{"category":"Pokémon","id":"ex2-10","illustrator":"Hajime Kusajima","image":"https://assets.tcgdex.net/fr/ex/ex2/10","localId":"10","name":"Tenefix","rarity":"Rare","set":{"cardCount":{"official":100,"total":100},"id":"ex2","name":"EX Tempête de sable","symbol":"https://assets.tcgdex.net/univ/ex/ex2/symbol"},"variants":{"firstEdition":false,"holo":true,"normal":true,"reverse":true,"wPromo":false},"dexId":[302],"hp":60,"types":["Obscurité"],"stage":"De base","attacks":[{"cost":["Incolore"],"name":"Surnaturel","effect":"Regardez la main de votre adversaire. Vous pouvez utiliser l'effet d'une carte Supporter pour cette attaque. (Votre adversaire garde la carte Supporter en main)."},{"cost":["Obscurité","Incolore"],"name":"Sombre étreinte","effect":"Vous pouvez défausser une carte Énergie  attachée à Tenefix. Dans ce cas, le Pokémon Défenseur est maintenant Paralysé.","damage":20}],"weaknesses":[{"type":"Combat","value":"×2"}],"legal":{"standard":false,"expanded":false}},{"category":"Pokémon","id":"ex2-11","illustrator":"Hajime Kusajima","image":"https://assets.tcgdex.net/fr/ex/ex2/11","localId":"11","name":"Seviper","rarity":"Rare","set":{"cardCount":{"official":100,"total":100},"id":"ex2","name":"EX Tempête de sable","symbol":"https://assets.tcgdex.net/univ/ex/ex2/symbol"},"variants":{"firstEdition":false,"holo":true,"normal":true,"reverse":true,"wPromo":false},"dexId":[336],"hp":80,"types":["Plante"],"stage":"De base","attacks":[{"cost":["Incolore"],"name":"Poison fatal","effect":"Vous pouvez défausser une carte Énergie  attachée à Seviper. Dans ce cas, le Pokémon Défenseur est maintenant Empoisonné.","damage":10},{"cost":["Incolore","Incolore"],"name":"Poison plus","effect":"Si le Pokémon Défenseur est un Pokémon-ex, il est maintenant Endormi et Empoisonné.","damage":20}],"weaknesses":[{"type":"Psy","value":"×2"}],"legal":{"standard":false,"expanded":false}},{"category":"Pokémon","id":"ex2-12","illustrator":"Atsuko Nishida","image":"https://assets.tcgdex.net/fr/ex/ex2/12","localId":"12","name":"Tengalice","rarity":"Rare","set":{"cardCount":{"official":100,"total":100},"id":"ex2","name":"EX Tempête de sable","symbol":"https://assets.tcgdex.net/univ/ex/ex2/symbol"},"variants":{"firstEdition":false,"holo":true,"normal":true,"reverse":true,"wPromo":false},"dexId":[275],"hp":120,"types":["Plante"],"stage":"Niveau 2","abilities":[{"type":"Poké-POWER","name":"Faire de l'air","effect":"Une seule fois pendant votre tour (avant votre attaque), vous pouvez lancer une pièce. Si c'est face, votre adversaire reprend dans sa main une carte Énergie attachée au Pokémon Défenseur. Ce pouvoir ne peut pas être utilisé si Tengalice est affecté par un État Spécial."}],"attacks":[{"cost":["Plante","Plante","Incolore","Incolore"],"name":"Lancer léger","effect":"Inflige 80 dégâts moins 10 dégâts pour chaque Énergie attachée au Pokémon Défenseur.","damage":"80-"}],"weaknesses":[{"type":"Feu","value":"×2"}],"legal":{"standard":false,"expanded":false}},{"category":"Pokémon","id":"ex2-13","illustrator":"Hajime Kusajima","image":"https://assets.tcgdex.net/fr/ex/ex2/13","localId":"13","name":"Solaroc","rarity":"Rare","set":{"cardCount":{"official":100,"total":100},"id":"ex2","name":"EX Tempête de sable","symbol":"https://assets.tcgdex.net/univ/ex/ex2/symbol"},"variants":{"firstEdition":false,"holo":true,"normal":true,"reverse":true,"wPromo":false},"dexId":[338],"hp":70,"types":["Combat"],"stage":"De base","abilities":[{"type":"Poké-POWER","name":"Éclipse de soleil","effect":"Une seule fois pendant votre tour (avant votre attaque), si Seleroc est en jeu, vous pouvez utiliser ce pouvoir. Jusqu'à la fin du tour, Solaroc est . Ce pouvoir ne peut pas être utilisé si Solaroc est affecté par un État Spécial."}],"attacks":[{"cost":["Incolore"],"name":"Pioche cosmik","effect":"Si votre adversaire a un Pokémon Évolué en jeu, piochez trois cartes."},{"cost":["Combat","Incolore","Incolore"],"name":"Explosion solaire","damage":40}],"weaknesses":[{"type":"Plante","value":"×2"}],"legal":{"standard":false,"expanded":false}},{"category":"Pokémon","id":"ex2-14","illustrator":"Kagemaru Himeno","image":"https://assets.tcgdex.net/fr/ex/ex2/14","localId":"14","name":"Mangriff","rarity":"Rare","set":{"cardCount":{"official":100,"total":100},"id":"ex2","name":"EX Tempête de sable","symbol":"https://assets.tcgdex.net/univ/ex/ex2/symbol"},"variants":{"firstEdition":false,"holo":true,"normal":true,"reverse":true,"wPromo":false},"dexId":[335],"hp":70,"types":["Incolore"],"stage":"De base","abilities":[{"type":"Poké-BODY","name":"Résistance au poison","effect":"Mangriff ne peut pas être Empoisonné."}],"attacks":[{"cost":["Incolore"],"name":"Tranche-cible","effect":"Si Seviper est le Pokémon Défenseur, cette attaque inflige 40 dégâts.","damage":"10+"},{"cost":["Incolore","Incolore","Incolore"],"name":"Super entaille","effect":"Si le Pokémon Défenseur est un Pokémon Évolué, cette attaque inflige 60 dégâts.","damage":"30+"}],"weaknesses":[{"type":"Combat","value":"×2"}],"legal":{"standard":false,"expanded":false}},{"category":"Pokémon","id":"ex2-15","illustrator":"Hajime Kusajima","image":"https://assets.tcgdex.net/fr/ex/ex2/15","localId":"15","name":"Arcanin","rarity":"Rare","set":{"cardCount":{"official":100,"total":100},"id":"ex2","name":"EX Tempête de sable","symbol":"https://assets.tcgdex.net/univ/ex/ex2/symbol"},"variants":{"firstEdition":false,"holo":true,"normal":true,"reverse":true,"wPromo":false},"dexId":[59],"hp":80,"types":["Feu"],"stage":"Niveau 1","abilities":[{"type":"Poké-BODY","name":"Voile feu","effect":"Si Arcanin est votre Pokémon Actif et que l'attaque de votre adversaire lui inflige des dégâts (même si Arcanin est mis K.O), le Pokémon Attaquant est maintenant Brûlé."}],"attacks":[{"cost":["Feu","Incolore","Incolore"],"name":"Brûlure","effect":"Lancez une pièce. Si c'est pile, défaussez toutes les cartes Énergie  attachées à Arcanin.","damage":60}],"weaknesses":[{"type":"Eau","value":"×2"}],"legal":{"standard":false,"expanded":false}},{"category":"Pokémon","id":"ex2-16","illustrator":"Mitsuhiro Arita","image":"https://assets.tcgdex.net/fr/ex/ex2/16","localId":"16","name":"Mentali","rarity":"Rare","set":{"cardCount":{"official":100,"total":100},"id":"ex2","name":"EX Tempête de sable","symbol":"https://assets.tcgdex.net/univ/ex/ex2/symbol"},"variants":{"firstEdition":false,"holo":true,"normal":true,"reverse":true,"wPromo":false},"dexId":[196],"hp":80,"types":["Psy"],"stage":"Niveau 1","attacks":[{"cost":["Psy"],"name":"Onde folie","effect":"Lancez une pièce. Si c'est face, le Pokémon Défenseur est maintenant Confus.","damage":20},{"cost":["Incolore","Incolore","Incolore"],"name":"Écras'énergie","effect":"Inflige 20 dégâts plus 10 dégâts supplémentaires pour chaque Énergie attachée aux Pokémon de votre adversaire.","damage":"20+"}],"weaknesses":[{"type":"Psy","value":"×2"}],"legal":{"standard":false,"expanded":false}},{"category":"Pokémon","id":"ex2-17","illustrator":"Hajime Kusajima","image":"https://assets.tcgdex.net/fr/ex/ex2/17","localId":"17","name":"Akwakwak","rarity":"Rare","set":{"cardCount":{"official":100,"total":100},"id":"ex2","name":"EX Tempête de sable","symbol":"https://assets.tcgdex.net/univ/ex/ex2/symbol"},"variants":{"firstEdition":false,"holo":true,"normal":true,"reverse":true,"wPromo":false},"dexId":[55],"hp":70,"types":["Eau"],"stage":"Niveau 1","abilities":[{"type":"Poké-POWER","name":"Flash chaotique","effect":"Une seule fois pendant votre tour (avant votre attaque), si Akwakwak est votre Pokémon Actif, vous pouvez lancer une pièce. Si c'est face, le Pokémon Défenseur (choisissez en un s'il y en a deux) est maintenant Confus. Ce pouvoir ne peut pas être utilisé si Akwakwak est affecté par un État Spécial."}],"attacks":[{"cost":["Eau","Psy"],"name":"Coup spécial","effect":"Si le Pokémon Défenseur possède une ou plusieurs cartes Énergie Spéciales, cette attaque inflige 70 dégâts.","damage":"30+"}],"weaknesses":[{"type":"Électrique","value":"×2"}],"legal":{"standard":false,"expanded":false}},{"category":"Pokémon","id":"ex2-18","illustrator":"Kagemaru Himeno","image":"https://assets.tcgdex.net/fr/ex/ex2/18","localId":"18","name":"Kecleon","rarity":"Rare","set":{"cardCount":{"official":100,"total":100},"id":"ex2","name":"EX Tempête de sable","symbol":"https://assets.tcgdex.net/univ/ex/ex2/symbol"},"variants":{"firstEdition":false,"holo":true,"normal":true,"reverse":true,"wPromo":false},"dexId":[352],"hp":60,"types":["Incolore"],"stage":"De base","abilities":[{"type":"Poké-BODY","name":"Variation d'énergie","effect":"Kecleon est du même type que les cartes Énergie de base qui lui sont attachées."}],"attacks":[{"cost":["Incolore","Incolore"],"name":"Double écorchure","effect":"Lancez deux pièces. Cette attaque inflige 20 dégâts multipliés par le nombre de face.","damage":"20×"}],"weaknesses":[{"type":"Combat","value":"×2"}],"legal":{"standard":false,"expanded":false}},{"category":"Pokémon","id":"ex2-19","illustrator":"Kouki Saitou","image":"https://assets.tcgdex.net/fr/ex/ex2/19","localId":"19","name":"Amonistar","rarity":"Rare","set":{"cardCount":{"official":100,"total":100},"id":"ex2","name":"EX Tempête de sable","symbol":"https://assets.tcgdex.net/univ/ex/ex2/symbol"},"variants":{"firstEdition":false,"holo":true,"normal":true,"reverse":true,"wPromo":false},"dexId":[139],"hp":110,"types":["Eau"],"stage":"Niveau 2","attacks":[{"cost":["Incolore"],"name":"Mise à terre","effect":"Si votre adversaire a un ou plusieurs Pokémon Évolués en jeu, retirez à chacun de ces Pokémon la carte avec le niveau d'Évolution le plus élevé et remettez-la dans la main de votre adversaire."},{"cost":["Incolore","Incolore"],"name":"Canon à O","effect":"Inflige 30 dégâts plus 20 dégâts supplémentaires pour chaque carte Énergie  attachée à Amonistar qui n'a pas été utilisée pour payer le coût en Énergie de cette attaque. Vous ne pouvez pas ajouter plus de 40 dégâts de cette façon.","damage":"30+"}],"weaknesses":[{"type":"Électrique","value":"×2"}],"legal":{"standard":false,"expanded":false}},{"category":"Pokémon","id":"ex2-20","illustrator":"Naoyo Kimura","image":"https://assets.tcgdex.net/fr/ex/ex2/20","localId":"20","name":"Pichu","rarity":"Rare","set":{"cardCount":{"official":100,"total":100},"id":"ex2","name":"EX Tempête de sable","symbol":"https://assets.tcgdex.net/univ/ex/ex2/symbol"},"variants":{"firstEdition":false,"holo":true,"normal":true,"reverse":true,"wPromo":false},"dexId":[172],"hp":40,"types":["Électrique"],"stage":"De base","abilities":[{"type":"Poké-POWER","name":"Évolution bébé","effect":"Une seule fois pendant votre tour (avant votre attaque), vous pouvez placer Pikachu de votre main sur Pichu (vous faites ainsi évoluer Pichu). Retirez à Pichu tous ses marqueurs de dégât."}],"attacks":[{"cost":["Électrique"],"name":"Énergie retrouvée","effect":"Choisissez dans votre pile de défausse jusqu'à deux cartes Énergie de base et attachez-les à un de vos Pokémon. Placez un marqueur de dégât sur ce Pokémon pour chaque carte Énergie que vous lui attachez de cette façon."}],"weaknesses":[{"type":"Combat","value":"×2"}],"legal":{"standard":false,"expanded":false}},{"category":"Pokémon","id":"ex2-21","illustrator":"Kouki Saitou","image":"https://assets.tcgdex.net/fr/ex/ex2/21","localId":"21","name":"Sablaireau","rarity":"Rare","set":{"cardCount":{"official":100,"total":100},"id":"ex2","name":"EX Tempête de sable","symbol":"https://assets.tcgdex.net/univ/ex/ex2/symbol"},"variants":{"firstEdition":false,"holo":true,"normal":true,"reverse":true,"wPromo":false},"dexId":[28],"hp":70,"types":["Combat"],"stage":"Niveau 1","attacks":[{"cost":["Combat","Incolore"],"name":"Tourbillon de sable","effect":"Inflige 20 dégâts à chaque Pokémon Défenseur. Le ou les Pokémon Défenseurs ne peuvent pas battre en retraite jusqu'à la fin du prochain tour de votre adversaire."},{"cost":["Combat","Incolore","Incolore"],"name":"Séisme","effect":"Inflige 10 dégâts à chaque Pokémon de votre Banc. (Vous ne pouvez pas appliquer la Faiblesse et la Résistance aux Pokémon du Banc).","damage":60}],"weaknesses":[{"type":"Plante","value":"×2"}],"legal":{"standard":false,"expanded":false}},{"category":"Pokémon","id":"ex2-22","illustrator":"Ken Sugimori","image":"https://assets.tcgdex.net/fr/ex/ex2/22","localId":"22","name":"Tengalice","rarity":"Rare","set":{"cardCount":{"official":100,"total":100},"id":"ex2","name":"EX Tempête de sable","symbol":"https://assets.tcgdex.net/univ/ex/ex2/symbol"},"variants":{"firstEdition":false,"holo":true,"normal":true,"reverse":true,"wPromo":false},"dexId":[275],"hp":120,"types":["Plante"],"stage":"Niveau 2","attacks":[{"cost":["Incolore","Incolore","Incolore"],"name":"Feinte","effect":"Choisissez un des Pokémon de votre adversaire. Cette attaque lui inflige 40 dégâts. Les dégâts de cette attaque ne sont pas affectés par la Faiblesse, la Résistance, les Poké-Powers, les Poké-Bodies ou tout autre effet."},{"cost":["Plante","Incolore","Incolore","Incolore"],"name":"Tranche","damage":60}],"weaknesses":[{"type":"Feu","value":"×2"}],"legal":{"standard":false,"expanded":false}},{"category":"Pokémon","id":"ex2-23","illustrator":"Midori Harada","image":"https://assets.tcgdex.net/fr/ex/ex2/23","localId":"23","name":"Steelix","rarity":"Rare","set":{"cardCount":{"official":100,"total":100},"id":"ex2","name":"EX Tempête de sable","symbol":"https://assets.tcgdex.net/univ/ex/ex2/symbol"},"variants":{"firstEdition":false,"holo":true,"normal":true,"reverse":true,"wPromo":false},"dexId":[208],"hp":100,"types":["Métal"],"stage":"Niveau 1","attacks":[{"cost":["Combat","Incolore","Incolore"],"name":"Frénésie","effect":"Inflige 10 dégâts plus 10 dégâts supplémentaires pour chaque marqueur de dégât sur Steelix.","damage":"10+"},{"cost":["Métal","Métal","Incolore","Incolore"],"name":"Queue tournante","effect":"Inflige 20 dégâts à chacun des Pokémon de votre adversaire. (Vous ne pouvez pas appliquer la Faiblesse et la Résistance aux Pokémon du Banc.)"}],"weaknesses":[{"type":"Feu","value":"×2"}],"resistances":[{"type":"Plante","value":"-30"}],"legal":{"standard":false,"expanded":false}},{"category":"Pokémon","id":"ex2-24","illustrator":"Kagemaru Himeno","image":"https://assets.tcgdex.net/fr/ex/ex2/24","localId":"24","name":"Noctali","rarity":"Rare","set":{"cardCount":{"official":100,"total":100},"id":"ex2","name":"EX Tempête de sable","symbol":"https://assets.tcgdex.net/univ/ex/ex2/symbol"},"variants":{"firstEdition":false,"holo":true,"normal":true,"reverse":true,"wPromo":false},"dexId":[197],"hp":80,"types":["Obscurité"],"stage":"Niveau 1","attacks":[{"cost":["Incolore"],"name":"Onde folie","effect":"Lancez une pièce. Si c'est face, le Pokémon Défenseur est maintenant Confus.","damage":10},{"cost":["Obscurité","Incolore","Incolore"],"name":"Impact lunaire","damage":40}],"weaknesses":[{"type":"Combat","value":"×2"}],"resistances":[{"type":"Psy","value":"-30"}],"legal":{"standard":false,"expanded":false}},{"category":"Pokémon","id":"ex2-25","illustrator":"Hajime Kusajima","image":"https://assets.tcgdex.net/fr/ex/ex2/25","localId":"25","name":"Aquali","rarity":"Rare","set":{"cardCount":{"official":100,"total":100},"id":"ex2","name":"EX Tempête de sable","symbol":"https://assets.tcgdex.net/univ/ex/ex2/symbol"},"variants":{"firstEdition":false,"holo":true,"normal":true,"reverse":true,"wPromo":false},"dexId":[134],"hp":70,"types":["Eau"],"stage":"Niveau 1","attacks":[{"cost":["Eau","Incolore"],"name":"Onde boréale","damage":30},{"cost":["Eau","Incolore","Incolore"],"name":"Aquasonique","effect":"Les dégâts infligés par cette attaque ne sont pas affectés par la Résistance.","damage":50}],"weaknesses":[{"type":"Électrique","value":"×2"}],"legal":{"standard":false,"expanded":false}},{"category":"Pokémon","id":"ex2-26","illustrator":"Atsuko Nishida","image":"https://assets.tcgdex.net/fr/ex/ex2/26","localId":"26","name":"Qulbutoké","rarity":"Rare","set":{"cardCount":{"official":100,"total":100},"id":"ex2","name":"EX Tempête de sable","symbol":"https://assets.tcgdex.net/univ/ex/ex2/symbol"},"variants":{"firstEdition":false,"holo":true,"normal":true,"reverse":true,"wPromo":false},"dexId":[202],"hp":80,"types":["Psy"],"stage":"De base","abilities":[{"type":"Poké-BODY","name":"Rune protectrice","effect":"Prévenez tous les effets d'une attaque, dégâts inclus, infligés à Qulbutoké par le Pokémon-ex de votre adversaire."}],"attacks":[{"cost":["Psy","Incolore","Incolore"],"name":"Faire ressort","effect":"Qulbutoké s'inflige 10 dégâts. Vous ne pouvez pas appliquer la Faiblesse et la Résistance à ces dégâts.","damage":50}],"weaknesses":[{"type":"Psy","value":"×2"}],"legal":{"standard":false,"expanded":false}},{"category":"Pokémon","id":"ex2-27","illustrator":"Mitsuhiro Arita","image":"https://assets.tcgdex.net/fr/ex/ex2/27","localId":"27","name":"Anorith","rarity":"Peu Commune","set":{"cardCount":{"official":100,"total":100},"id":"ex2","name":"EX Tempête de sable","symbol":"https://assets.tcgdex.net/univ/ex/ex2/symbol"},"variants":{"firstEdition":false,"holo":true,"normal":true,"reverse":true,"wPromo":false},"dexId":[347],"hp":80,"types":["Combat"],"stage":"Niveau 1","attacks":[{"cost":["Incolore"],"name":"Évolution fulgurante","effect":"Choisissez dans votre deck une carte Évolution, montrez-la à votre adversaire et placez-la dans votre main. Ensuite, mélangez votre deck."},{"cost":["Combat","Incolore"],"name":"Transpercer","damage":30}],"weaknesses":[{"type":"Plante","value":"×2"}],"legal":{"standard":false,"expanded":false}},{"category":"Pokémon","id":"ex2-28","illustrator":"Ken Sugimori","image":"https://assets.tcgdex.net/fr/ex/ex2/28","localId":"28","name":"Anorith","rarity":"Peu Commune","set":{"cardCount":{"official":100,"total":100},"id":"ex2","name":"EX Tempête de sable","symbol":"https://assets.tcgdex.net/univ/ex/ex2/symbol"},"variants":{"firstEdition":false,"holo":true,"normal":true,"reverse":true,"wPromo":false},"dexId":[347],"hp":80,"types":["Combat"],"stage":"Niveau 1","attacks":[{"cost":["Combat"],"name":"Tranche","damage":20},{"cost":["Incolore","Incolore","Incolore"],"name":"Double écorchure","effect":"Lancez deux pièces. Cette attaque inflige 40 dégâts multipliés par le nombre de face.","damage":"40×"}],"weaknesses":[{"type":"Plante","value":"×2"}],"legal":{"standard":false,"expanded":false}},{"category":"Pokémon","id":"ex2-29","illustrator":"Midori Harada","image":"https://assets.tcgdex.net/fr/ex/ex2/29","localId":"29","name":"Arbok","rarity":"Peu Commune","set":{"cardCount":{"official":100,"total":100},"id":"ex2","name":"EX Tempête de sable","symbol":"https://assets.tcgdex.net/univ/ex/ex2/symbol"},"variants":{"firstEdition":false,"holo":true,"normal":true,"reverse":true,"wPromo":false},"dexId":[24],"hp":70,"types":["Plante"],"stage":"Niveau 1","abilities":[{"type":"Poké-BODY","name":"Croc intimidant","effect":"Tant qu'Arbok est votre Pokémon Actif, les dégâts qui lui sont infligés par une attaque de votre adversaire sont réduits de 10 (avant application de la Faiblesse et de la Résistance)."}],"attacks":[{"cost":["Plante","Incolore","Incolore"],"name":"Toxik","effect":"Le Pokémon Défenseur est maintenant Empoisonné. Placez deux marqueurs de dégât sur le Pokémon Défenseur entre les deux tours.","damage":20}],"weaknesses":[{"type":"Psy","value":"×2"}],"legal":{"standard":false,"expanded":false}},{"category":"Pokémon","id":"ex2-30","illustrator":"Mitsuhiro Arita","image":"https://assets.tcgdex.net/fr/ex/ex2/30","localId":"30","name":"Azumarill","rarity":"Peu Commune","set":{"cardCount":{"official":100,"total":100},"id":"ex2","name":"EX Tempête de sable","symbol":"https://assets.tcgdex.net/univ/ex/ex2/symbol"},"variants":{"firstEdition":false,"holo":true,"normal":true,"reverse":true,"wPromo":false},"dexId":[184],"hp":70,"types":["Eau"],"stage":"Niveau 1","attacks":[{"cost":["Incolore"],"name":"Crachin","effect":"Si vous avez des cartes Énergie  dans votre main, attachez-en autant que vous le voulez à votre ou vos Pokémon Actifs."},{"cost":["Eau","Incolore"],"name":"Maxi bulles","effect":"Lancez une pièce pour chaque carte Énergie attachée à chacun de vos Pokémon Actifs. Cette attaque inflige 30 dégâts multipliés par le nombre de face.","damage":"30×"}],"weaknesses":[{"type":"Électrique","value":"×2"}],"legal":{"standard":false,"expanded":false}},{"category":"Pokémon","id":"ex2-31","illustrator":"Kagemaru Himeno","image":"https://assets.tcgdex.net/fr/ex/ex2/31","localId":"31","name":"Azurill","rarity":"Peu Commune","set":{"cardCount":{"official":100,"total":100},"id":"ex2","name":"EX Tempête de sable","symbol":"https://assets.tcgdex.net/univ/ex/ex2/symbol"},"variants":{"firstEdition":false,"holo":true,"normal":true,"reverse":true,"wPromo":false},"dexId":[298],"hp":40,"types":["Incolore"],"stage":"De base","abilities":[{"type":"Poké-POWER","name":"Évolution bébé","effect":"Une seule fois pendant votre tour (avant votre attaque), vous pouvez placer Marill de votre main sur Azurill (vous faites ainsi évoluer Azurill). Retirez à Azurill tous ses marqueurs de dégât."}],"attacks":[{"cost":["Incolore"],"name":"Attraper au vol","effect":"Choisissez dans votre deck une carte Dresseur, montrez-la à votre adversaire et placez-la dans votre main. Ensuite, mélangez votre deck."}],"weaknesses":[{"type":"Combat","value":"×2"}],"legal":{"standard":false,"expanded":false}},{"category":"Pokémon","id":"ex2-32","illustrator":"Midori Harada","image":"https://assets.tcgdex.net/fr/ex/ex2/32","localId":"32","name":"Balbuto","rarity":"Peu Commune","set":{"cardCount":{"official":100,"total":100},"id":"ex2","name":"EX Tempête de sable","symbol":"https://assets.tcgdex.net/univ/ex/ex2/symbol"},"variants":{"firstEdition":false,"holo":true,"normal":true,"reverse":true,"wPromo":false},"dexId":[343],"hp":50,"types":["Combat"],"stage":"De base","attacks":[{"cost":["Incolore"],"name":"Tour rapide","effect":"Votre adversaire échange le Pokémon Défenseur contre un des Pokémon de son Banc, s'il en a. Vous échangez Balbuto contre un des Pokémon de votre Banc, si vous en avez.","damage":10}],"weaknesses":[{"type":"Plante","value":"×2"}],"legal":{"standard":false,"expanded":false}},{"category":"Pokémon","id":"ex2-33","illustrator":"Atsuko Nishida","image":"https://assets.tcgdex.net/fr/ex/ex2/33","localId":"33","name":"Chapignon","rarity":"Peu Commune","set":{"cardCount":{"official":100,"total":100},"id":"ex2","name":"EX Tempête de sable","symbol":"https://assets.tcgdex.net/univ/ex/ex2/symbol"},"variants":{"firstEdition":false,"holo":true,"normal":true,"reverse":true,"wPromo":false},"dexId":[286],"hp":70,"types":["Plante"],"stage":"Niveau 1","attacks":[{"cost":["Incolore"],"name":"Super haleine empoisonnée","effect":"Chaque Pokémon Défenseur est maintenant Empoisonné."},{"cost":["Combat","Incolore","Incolore"],"name":"Stratopercut","effect":"Les dégâts de cette attaque ne sont pas affectés par la Résistance.","damage":50}],"weaknesses":[{"type":"Feu","value":"×2"}],"legal":{"standard":false,"expanded":false}},{"category":"Pokémon","id":"ex2-34","illustrator":"Midori Harada","image":"https://assets.tcgdex.net/fr/ex/ex2/34","localId":"34","name":"Delcatty","rarity":"Peu Commune","set":{"cardCount":{"official":100,"total":100},"id":"ex2","name":"EX Tempête de sable","symbol":"https://assets.tcgdex.net/univ/ex/ex2/symbol"},"variants":{"firstEdition":false,"holo":true,"normal":true,"reverse":true,"wPromo":false},"dexId":[301],"hp":80,"types":["Incolore"],"stage":"Niveau 1","attacks":[{"cost":["Incolore","Incolore"],"name":"Griffe","damage":30},{"cost":["Incolore","Incolore","Incolore"],"name":"Source d'énergie ultra","effect":"Inflige 10 dégâts multipliés par le nombre de cartes Énergie attachées aux Pokémon Actifs (les vôtres et ceux de votre adversaire).","damage":"10×"}],"weaknesses":[{"type":"Combat","value":"×2"}],"legal":{"standard":false,"expanded":false}},{"category":"Pokémon","id":"ex2-35","illustrator":"Kouki Saitou","image":"https://assets.tcgdex.net/fr/ex/ex2/35","localId":"35","name":"Elektek","rarity":"Peu Commune","set":{"cardCount":{"official":100,"total":100},"id":"ex2","name":"EX Tempête de sable","symbol":"https://assets.tcgdex.net/univ/ex/ex2/symbol"},"variants":{"firstEdition":false,"holo":true,"normal":true,"reverse":true,"wPromo":false},"dexId":[125],"hp":60,"types":["Électrique"],"stage":"De base","attacks":[{"cost":["Incolore"],"name":"Plasma","effect":"Si vous avez des cartes Énergie  dans votre pile de défausse, lancez une pièce. Si c'est face, attachez l'une d'elles à Elektek.","damage":10},{"cost":["Électrique","Incolore","Incolore"],"name":"Lance-éclair","effect":"Choisissez un des Pokémon de votre adversaire. Cette attaque lui inflige 40 dégâts. (Vous ne pouvez pas appliquer la Faiblesse et la Résistance aux Pokémon du Banc)."}],"weaknesses":[{"type":"Combat","value":"×2"}],"resistances":[{"type":"Métal","value":"-30"}],"legal":{"standard":false,"expanded":false}},{"category":"Pokémon","id":"ex2-36","illustrator":"Kouki Saitou","image":"https://assets.tcgdex.net/fr/ex/ex2/36","localId":"36","name":"Elekid","rarity":"Peu Commune","set":{"cardCount":{"official":100,"total":100},"id":"ex2","name":"EX Tempête de sable","symbol":"https://assets.tcgdex.net/univ/ex/ex2/symbol"},"variants":{"firstEdition":false,"holo":true,"normal":true,"reverse":true,"wPromo":false},"dexId":[239],"hp":40,"types":["Électrique"],"stage":"De base","abilities":[{"type":"Poké-POWER","name":"Évolution bébé","effect":"Une seule fois pendant votre tour (avant votre attaque), vous pouvez placer Elektek de votre main sur Elekid (vous faites ainsi évoluer Elekid). Retirez à Elekid tous ses marqueurs de dégât."}],"attacks":[{"cost":["Électrique"],"name":"Rassemblement d'énergie","effect":"Choisissez dans votre deck une carte Énergie de base et attachez-la à un de vos Pokémon. Ensuite, mélangez votre deck."}],"weaknesses":[{"type":"Combat","value":"×2"}],"legal":{"standard":false,"expanded":false}},{"category":"Pokémon","id":"ex2-37","illustrator":"Aya Kusube","image":"https://assets.tcgdex.net/fr/ex/ex2/37","localId":"37","name":"Rapasdepic","rarity":"Peu Commune","set":{"cardCount":{"official":100,"total":100},"id":"ex2","name":"EX Tempête de sable","symbol":"https://assets.tcgdex.net/univ/ex/ex2/symbol"},"variants":{"firstEdition":false,"holo":true,"normal":true,"reverse":true,"wPromo":false},"dexId":[22],"hp":70,"types":["Incolore"],"stage":"Niveau 1","attacks":[{"cost":["Incolore","Incolore"],"name":"Double cru-aile","effect":"Inflige 20 dégâts à chaque Pokémon Défenseur."},{"cost":["Incolore","Incolore","Incolore"],"name":"Déchirure","effect":"Si le Pokémon Défenseur possède des marqueurs de dégât, cette attaque inflige 50 dégâts.","damage":"30+"}],"weaknesses":[{"type":"Électrique","value":"×2"}],"resistances":[{"type":"Combat","value":"-30"}],"legal":{"standard":false,"expanded":false}},{"category":"Pokémon","id":"ex2-38","illustrator":"Kyoko Umemoto","image":"https://assets.tcgdex.net/fr/ex/ex2/38","localId":"38","name":"Lumivole","rarity":"Peu Commune","set":{"cardCount":{"official":100,"total":100},"id":"ex2","name":"EX Tempête de sable","symbol":"https://assets.tcgdex.net/univ/ex/ex2/symbol"},"variants":{"firstEdition":false,"holo":true,"normal":true,"reverse":true,"wPromo":false},"dexId":[314],"hp":60,"types":["Plante"],"stage":"De base","abilities":[{"type":"Poké-BODY","name":"Écran flamboyant","effect":"Tant que Muciole est en jeu, tous dégâts infligés à Lumivole par des attaques de Pokémon  et  sont réduits de 30, même s'il y a plus d'un Muciole en jeu."}],"attacks":[{"cost":["Incolore"],"name":"Bruit chaotique","effect":"Lancez une pièce. Si c'est face, le Pokémon Défenseur est maintenant Confus. Si c'est pile, le Pokémon Défenseur est maintenant Endormi."},{"cost":["Plante","Incolore"],"name":"Abattre","effect":"Si le Pokémon Défenseur est affecté par un État Spécial, cette attaque inflige 40 dégâts.","damage":"20+"}],"weaknesses":[{"type":"Feu","value":"×2"}],"legal":{"standard":false,"expanded":false}},{"category":"Pokémon","id":"ex2-39","illustrator":"Atsuko Nishida","image":"https://assets.tcgdex.net/fr/ex/ex2/39","localId":"39","name":"Kabuto","rarity":"Peu Commune","set":{"cardCount":{"official":100,"total":100},"id":"ex2","name":"EX Tempête de sable","symbol":"https://assets.tcgdex.net/univ/ex/ex2/symbol"},"variants":{"firstEdition":false,"holo":true,"normal":true,"reverse":true,"wPromo":false},"dexId":[140],"hp":60,"types":["Eau"],"stage":"Niveau 1","abilities":[{"type":"Poké-BODY","name":"Exosquelette","effect":"Tous dégâts infligés à Kabuto par des attaques sont réduits de 20 (après application de la Faiblesse et de la Résistance)."}],"attacks":[{"cost":["Incolore"],"name":"Rassemblement d'équipe","effect":"Cherchez dans votre deck Amonita, Kabuto ou d'autres Pokémon de base et placez-en autant que vous le voulez sur votre Banc. Ensuite, mélangez votre deck. Traitez les nouveaux Pokémon du Banc comme des Pokémon de base."},{"cost":["Combat","Incolore"],"name":"Transpercer","damage":20}],"weaknesses":[{"type":"Plante","value":"×2"}],"legal":{"standard":false,"expanded":false}},{"category":"Pokémon","id":"ex2-40","illustrator":"Hajime Kusajima","image":"https://assets.tcgdex.net/fr/ex/ex2/40","localId":"40","name":"Kirlia","rarity":"Peu Commune","set":{"cardCount":{"official":100,"total":100},"id":"ex2","name":"EX Tempête de sable","symbol":"https://assets.tcgdex.net/univ/ex/ex2/symbol"},"variants":{"firstEdition":false,"holo":true,"normal":true,"reverse":true,"wPromo":false},"dexId":[281],"hp":70,"types":["Psy"],"stage":"Niveau 1","attacks":[{"cost":["Psy","Incolore"],"name":"Choc psy","effect":"Lancez une pièce. Si c'est face, le Pokémon Défenseur est maintenant Paralysé.","damage":20},{"cost":["Psy","Incolore","Incolore"],"name":"Explosion en série","effect":"Si Kirlia et le Pokémon Défenseur ont un total d'Énergie différent, les dégâts de base de cette attaque sont de 30 et non de 60.","damage":60}],"weaknesses":[{"type":"Psy","value":"×2"}],"legal":{"standard":false,"expanded":false}},{"category":"Pokémon","id":"ex2-41","illustrator":"Atsuko Nishida","image":"https://assets.tcgdex.net/fr/ex/ex2/41","localId":"41","name":"Galegon","rarity":"Peu Commune","set":{"cardCount":{"official":100,"total":100},"id":"ex2","name":"EX Tempête de sable","symbol":"https://assets.tcgdex.net/univ/ex/ex2/symbol"},"variants":{"firstEdition":false,"holo":true,"normal":true,"reverse":true,"wPromo":false},"dexId":[305],"hp":70,"types":["Métal"],"stage":"Niveau 1","attacks":[{"cost":["Incolore"],"name":"Mûr de fer","effect":"Lancez une pièce. Si c'est face, prévenez tous les effets d'une attaque, dégâts inclus, infligés à Galegon lors du prochain tour de votre adversaire."},{"cost":["Métal","Incolore","Incolore"],"name":"Coup d'boule","damage":50}],"weaknesses":[{"type":"Feu","value":"×2"}],"resistances":[{"type":"Plante","value":"-30"}],"legal":{"standard":false,"expanded":false}},{"category":"Pokémon","id":"ex2-42","illustrator":"Midori Harada","image":"https://assets.tcgdex.net/fr/ex/ex2/42","localId":"42","name":"Lilia","rarity":"Peu Commune","set":{"cardCount":{"official":100,"total":100},"id":"ex2","name":"EX Tempête de sable","symbol":"https://assets.tcgdex.net/univ/ex/ex2/symbol"},"variants":{"firstEdition":false,"holo":true,"normal":true,"reverse":true,"wPromo":false},"dexId":[345],"hp":80,"types":["Plante"],"stage":"Niveau 1","attacks":[{"cost":["Incolore"],"name":"Influencer","effect":"Cherchez dans votre deck Amonita, Kabuto, Ptera, Lilia ou Anorith et placez jusqu'à deux de ces Pokémon sur votre Banc. Ensuite, mélangez votre deck. Traitez les nouveaux Pokémon du Banc comme des Pokémon de base."},{"cost":["Incolore","Incolore"],"name":"Spirale temporelle","effect":"Si votre adversaire a un ou plusieurs Pokémon Évolués en jeu, choisissez-en un et lancez une pièce. Si c'est face, votre adversaire reprend la carte avec le niveau d'Évolution le plus élevé et la mélange à son deck."}],"weaknesses":[{"type":"Feu","value":"×2"}],"legal":{"standard":false,"expanded":false}},{"category":"Pokémon","id":"ex2-43","illustrator":"Ken Sugimori","image":"https://assets.tcgdex.net/fr/ex/ex2/43","localId":"43","name":"Lilia","rarity":"Peu Commune","set":{"cardCount":{"official":100,"total":100},"id":"ex2","name":"EX Tempête de sable","symbol":"https://assets.tcgdex.net/univ/ex/ex2/symbol"},"variants":{"firstEdition":false,"holo":true,"normal":true,"reverse":true,"wPromo":false},"dexId":[345],"hp":80,"types":["Plante"],"stage":"Niveau 1","attacks":[{"cost":["Incolore","Incolore"],"name":"Amnésie","effect":"Choisissez une des attaques du Pokémon Défenseur. Ce Pokémon ne peut pas utiliser cette attaque lors du prochain tour de votre adversaire."},{"cost":["Plante","Incolore"],"name":"Coup d'boule","damage":30}],"weaknesses":[{"type":"Feu","value":"×2"}],"legal":{"standard":false,"expanded":false}},{"category":"Pokémon","id":"ex2-44","illustrator":"Mitsuhiro Arita","image":"https://assets.tcgdex.net/fr/ex/ex2/44","localId":"44","name":"Lineon","rarity":"Peu Commune","set":{"cardCount":{"official":100,"total":100},"id":"ex2","name":"EX Tempête de sable","symbol":"https://assets.tcgdex.net/univ/ex/ex2/symbol"},"variants":{"firstEdition":false,"holo":true,"normal":true,"reverse":true,"wPromo":false},"dexId":[264],"hp":70,"types":["Incolore"],"stage":"Niveau 1","attacks":[{"cost":["Incolore"],"name":"Flairer","effect":"Placez n'importe quelle carte de votre pile de défausse dans votre main."},{"cost":["Incolore","Incolore"],"name":"Combo-griffe","effect":"Lancez trois pièces. Cette attaque inflige 20 dégâts multipliés par le nombre de face.","damage":"20×"}],"weaknesses":[{"type":"Combat","value":"×2"}],"legal":{"standard":false,"expanded":false}},{"category":"Pokémon","id":"ex2-45","illustrator":"Tomokazu Komiya","image":"https://assets.tcgdex.net/fr/ex/ex2/45","localId":"45","name":"Lombre","rarity":"Peu Commune","set":{"cardCount":{"official":100,"total":100},"id":"ex2","name":"EX Tempête de sable","symbol":"https://assets.tcgdex.net/univ/ex/ex2/symbol"},"variants":{"firstEdition":false,"holo":true,"normal":true,"reverse":true,"wPromo":false},"dexId":[271],"hp":60,"types":["Eau"],"stage":"Niveau 1","abilities":[{"type":"Poké-BODY","name":"Cuvette","effect":"N'importe quand entre deux tours, retirez à Lombre un marqueur de dégât."}],"attacks":[{"cost":["Eau","Incolore"],"name":"Double écorchure","effect":"Lancez deux pièces. Cette attaque inflige 30 dégâts multipliés par le nombre de face.","damage":"30×"}],"weaknesses":[{"type":"Électrique","value":"×2"}],"legal":{"standard":false,"expanded":false}},{"category":"Pokémon","id":"ex2-46","illustrator":"Mitsuhiro Arita","image":"https://assets.tcgdex.net/fr/ex/ex2/46","localId":"46","name":"Lombre","rarity":"Peu Commune","set":{"cardCount":{"official":100,"total":100},"id":"ex2","name":"EX Tempête de sable","symbol":"https://assets.tcgdex.net/univ/ex/ex2/symbol"},"variants":{"firstEdition":false,"holo":true,"normal":true,"reverse":true,"wPromo":false},"dexId":[271],"hp":70,"types":["Eau"],"stage":"Niveau 1","attacks":[{"cost":["Incolore"],"name":"Surprise","effect":"Choisissez sans regarder une carte de la main de votre adversaire. Regardez-la. Votre adversaire doit ensuite mélanger cette carte à son deck.","damage":10},{"cost":["Incolore","Incolore"],"name":"Combo-griffe","effect":"Lancez trois pièces. Cette attaque inflige 20 dégâts multipliés par le nombre de face.","damage":"20×"}],"weaknesses":[{"type":"Électrique","value":"×2"}],"legal":{"standard":false,"expanded":false}},{"category":"Pokémon","id":"ex2-47","illustrator":"Mitsuhiro Arita","image":"https://assets.tcgdex.net/fr/ex/ex2/47","localId":"47","name":"Cornèbre","rarity":"Peu Commune","set":{"cardCount":{"official":100,"total":100},"id":"ex2","name":"EX Tempête de sable","symbol":"https://assets.tcgdex.net/univ/ex/ex2/symbol"},"variants":{"firstEdition":false,"holo":true,"normal":true,"reverse":true,"wPromo":false},"dexId":[198],"hp":60,"types":["Obscurité"],"stage":"De base","attacks":[{"cost":["Incolore"],"name":"Surprise","effect":"Choisissez sans regarder une carte de la main de votre adversaire. Regardez-la. Votre adversaire doit ensuite mélanger cette carte à son deck."},{"cost":["Obscurité","Incolore"],"name":"Sombre-esprit","effect":"Inflige 10 dégâts à un des Pokémon du Banc de votre adversaire. (Vous ne pouvez pas appliquer la Faiblesse et la Résistance aux Pokémon du Banc).","damage":20}],"weaknesses":[{"type":"Combat","value":"×2"}],"resistances":[{"type":"Psy","value":"-30"}],"legal":{"standard":false,"expanded":false}},{"category":"Pokémon","id":"ex2-48","illustrator":"Atsuko Nishida","image":"https://assets.tcgdex.net/fr/ex/ex2/48","localId":"48","name":"Pifeuil","rarity":"Peu Commune","set":{"cardCount":{"official":100,"total":100},"id":"ex2","name":"EX Tempête de sable","symbol":"https://assets.tcgdex.net/univ/ex/ex2/symbol"},"variants":{"firstEdition":false,"holo":true,"normal":true,"reverse":true,"wPromo":false},"dexId":[274],"hp":80,"types":["Plante"],"stage":"Niveau 1","attacks":[{"cost":["Incolore","Incolore"],"name":"Poing énergétique","effect":"Lancez une pièce. Si c'est face, cette attaque inflige 30 dégâts.","damage":"20+"},{"cost":["Plante","Incolore","Incolore"],"name":"Tranch'herbe","damage":40}],"weaknesses":[{"type":"Feu","value":"×2"}],"legal":{"standard":false,"expanded":false}},{"category":"Pokémon","id":"ex2-49","illustrator":"Ken Sugimori","image":"https://assets.tcgdex.net/fr/ex/ex2/49","localId":"49","name":"Pifeuil","rarity":"Peu Commune","set":{"cardCount":{"official":100,"total":100},"id":"ex2","name":"EX Tempête de sable","symbol":"https://assets.tcgdex.net/univ/ex/ex2/symbol"},"variants":{"firstEdition":false,"holo":true,"normal":true,"reverse":true,"wPromo":false},"dexId":[274],"hp":80,"types":["Plante"],"stage":"Niveau 1","attacks":[{"cost":["Plante","Incolore"],"name":"Para-spore","effect":"Lancez une pièce. Si c'est face, le Pokémon Défenseur est maintenant Paralysé.","damage":20},{"cost":["Incolore","Incolore","Incolore"],"name":"Coupe-vent","effect":"Lancez une pièce. Si c'est pile, cette attaque est sans effet.","damage":60}],"weaknesses":[{"type":"Feu","value":"×2"}],"legal":{"standard":false,"expanded":false}},{"category":"Pokémon","id":"ex2-50","illustrator":"Kagemaru Himeno","image":"https://assets.tcgdex.net/fr/ex/ex2/50","localId":"50","name":"Bekipan","rarity":"Peu Commune","set":{"cardCount":{"official":100,"total":100},"id":"ex2","name":"EX Tempête de sable","symbol":"https://assets.tcgdex.net/univ/ex/ex2/symbol"},"variants":{"firstEdition":false,"holo":true,"normal":true,"reverse":true,"wPromo":false},"dexId":[279],"hp":70,"types":["Eau"],"stage":"Niveau 1","attacks":[{"cost":["Incolore","Incolore"],"name":"Pistolet à O","effect":"Cette attaque inflige 30 dégâts plus 10 dégâts supplémentaires pour chaque Énergie  attachée à Bekipan qui n'a pas été utilisée pour payer le coût en Énergie de cette attaque. Vous ne pouvez pas ajouter plus de 20 dégâts de cette façon.","damage":"30+"}],"weaknesses":[{"type":"Électrique","value":"×2"}],"resistances":[{"type":"Combat","value":"-30"}],"legal":{"standard":false,"expanded":false}},{"category":"Pokémon","id":"ex2-51","illustrator":"Naoyo Kimura","image":"https://assets.tcgdex.net/fr/ex/ex2/51","localId":"51","name":"Feurisson","rarity":"Peu Commune","set":{"cardCount":{"official":100,"total":100},"id":"ex2","name":"EX Tempête de sable","symbol":"https://assets.tcgdex.net/univ/ex/ex2/symbol"},"variants":{"firstEdition":false,"holo":true,"normal":true,"reverse":true,"wPromo":false},"dexId":[156],"hp":80,"types":["Feu"],"stage":"Niveau 1","attacks":[{"cost":["Incolore","Incolore"],"name":"Tranche","damage":20},{"cost":["Feu","Incolore","Incolore"],"name":"Griffe brûlante","effect":"Vous pouvez défausser une carte Énergie  attachée à Feurisson. Dans ce cas, le Pokémon Défenseur est maintenant Brûlé.","damage":40}],"weaknesses":[{"type":"Eau","value":"×2"}],"legal":{"standard":false,"expanded":false}},{"category":"Pokémon","id":"ex2-52","illustrator":"Ken Sugimori","image":"https://assets.tcgdex.net/fr/ex/ex2/52","localId":"52","name":"Vigoroth","rarity":"Peu Commune","set":{"cardCount":{"official":100,"total":100},"id":"ex2","name":"EX Tempête de sable","symbol":"https://assets.tcgdex.net/univ/ex/ex2/symbol"},"variants":{"firstEdition":false,"holo":true,"normal":true,"reverse":true,"wPromo":false},"dexId":[288],"hp":70,"types":["Incolore"],"stage":"Niveau 1","attacks":[{"cost":["Incolore"],"name":"Puissance","effect":"Lors de votre prochain tour, les dégâts de base de l'attaque Tranche de Vigoroth sont de 90 et non de 40."},{"cost":["Incolore","Incolore","Incolore"],"name":"Tranche","damage":40}],"weaknesses":[{"type":"Combat","value":"×2"}],"legal":{"standard":false,"expanded":false}},{"category":"Pokémon","id":"ex2-53","illustrator":"Kyoko Umemoto","image":"https://assets.tcgdex.net/fr/ex/ex2/53","localId":"53","name":"Muciole","rarity":"Peu Commune","set":{"cardCount":{"official":100,"total":100},"id":"ex2","name":"EX Tempête de sable","symbol":"https://assets.tcgdex.net/univ/ex/ex2/symbol"},"variants":{"firstEdition":false,"holo":true,"normal":true,"reverse":true,"wPromo":false},"dexId":[313],"hp":60,"types":["Plante"],"stage":"De base","abilities":[{"type":"Poké-BODY","name":"Lueur indicatrice","effect":"Tant que Lumivole est en jeu, le Coût de retraite de Muciole est de 0."}],"attacks":[{"cost":["Incolore"],"name":"Vibration toxik","effect":"Lancez une pièce. Si c'est face, le Pokémon Défenseur est maintenant Empoisonné. Si c'est pile, le Pokémon Défenseur est maintenant Endormi."},{"cost":["Plante","Incolore"],"name":"Abattre","effect":"Si le Pokémon Défenseur est affecté par un État Spécial, cette attaque inflige 40 dégâts.","damage":"20+"}],"weaknesses":[{"type":"Feu","value":"×2"}],"legal":{"standard":false,"expanded":false}},{"category":"Pokémon","id":"ex2-54","illustrator":"Kagemaru Himeno","image":"https://assets.tcgdex.net/fr/ex/ex2/54","localId":"54","name":"Okeoke","rarity":"Peu Commune","set":{"cardCount":{"official":100,"total":100},"id":"ex2","name":"EX Tempête de sable","symbol":"https://assets.tcgdex.net/univ/ex/ex2/symbol"},"variants":{"firstEdition":false,"holo":true,"normal":true,"reverse":true,"wPromo":false},"dexId":[360],"hp":50,"types":["Psy"],"stage":"De base","abilities":[{"type":"Poké-POWER","name":"Évolution bébé","effect":"Une seule fois pendant votre tour (avant votre attaque), vous pouvez placer Qulbutoké de votre main sur Okeoke (vous faites ainsi évoluer Okeoke). Retirez à Okeoke tous ses marqueurs de dégât."}],"attacks":[{"cost":["Psy"],"name":"Sourire attractif","effect":"Choisissez dans votre deck un Pokémon de base ou une carte Évolution pour chaque Énergie attachée à Okeoke. Montrez-les à votre adversaire et placez-les dans votre main. Ensuite, mélangez votre deck."}],"weaknesses":[{"type":"Psy","value":"×2"}],"legal":{"standard":false,"expanded":false}},{"category":"Pokémon","id":"ex2-55","illustrator":"Midori Harada","image":"https://assets.tcgdex.net/fr/ex/ex2/55","localId":"55","name":"Xatu","rarity":"Peu Commune","set":{"cardCount":{"official":100,"total":100},"id":"ex2","name":"EX Tempête de sable","symbol":"https://assets.tcgdex.net/univ/ex/ex2/symbol"},"variants":{"firstEdition":false,"holo":true,"normal":true,"reverse":true,"wPromo":false},"dexId":[178],"hp":70,"types":["Psy"],"stage":"Niveau 1","abilities":[{"type":"Poké-POWER","name":"Vent guérisseur","effect":"Une seule fois pendant votre tour (avant votre attaque), vous pouvez retirer un marqueur de dégât à chacun de vos Pokémon Actifs. Ce pouvoir ne peut pas être utilisé si Xatu est affecté par un État Spécial."}],"attacks":[{"cost":["Psy","Incolore"],"name":"Impact psy","effect":"Placez un marqueur de dégât sur chacun des Pokémon de votre adversaire."}],"weaknesses":[{"type":"Psy","value":"×2"}],"resistances":[{"type":"Combat","value":"-30"}],"legal":{"standard":false,"expanded":false}},{"category":"Pokémon","id":"ex2-56","illustrator":"Atsuko Nishida","image":"https://assets.tcgdex.net/fr/ex/ex2/56","localId":"56","name":"Galekid","rarity":"Commune","set":{"cardCount":{"official":100,"total":100},"id":"ex2","name":"EX Tempête de sable","symbol":"https://assets.tcgdex.net/univ/ex/ex2/symbol"},"variants":{"firstEdition":false,"holo":true,"normal":true,"reverse":true,"wPromo":false},"dexId":[304],"hp":50,"types":["Métal"],"stage":"De base","attacks":[{"cost":["Métal","Incolore"],"name":"Coup d'boule d'acier","effect":"Lancez une pièce. Si c'est face, cette attaque inflige 40 dégâts.","damage":"20+"}],"weaknesses":[{"type":"Feu","value":"×2"}],"resistances":[{"type":"Plante","value":"-30"}],"legal":{"standard":false,"expanded":false}},{"category":"Pokémon","id":"ex2-57","illustrator":"Atsuko Nishida","image":"https://assets.tcgdex.net/fr/ex/ex2/57","localId":"57","name":"Cacnea","rarity":"Commune","set":{"cardCount":{"official":100,"total":100},"id":"ex2","name":"EX Tempête de sable","symbol":"https://assets.tcgdex.net/univ/ex/ex2/symbol"},"variants":{"firstEdition":false,"holo":true,"normal":true,"reverse":true,"wPromo":false},"dexId":[331],"hp":50,"types":["Plante"],"stage":"De base","abilities":[{"type":"Poké-BODY","name":"Retour de poison","effect":"Si Cacnea est votre Pokémon Actif et qu'une attaque de votre adversaire lui inflige des dégâts (même si Cacnea est mis K.O), le Pokémon Attaquant est maintenant Empoisonné."}],"attacks":[{"cost":["Incolore"],"name":"Poing léger","damage":10}],"weaknesses":[{"type":"Feu","value":"×2"}],"legal":{"standard":false,"expanded":false}},{"category":"Pokémon","id":"ex2-58","illustrator":"Midori Harada","image":"https://assets.tcgdex.net/fr/ex/ex2/58","localId":"58","name":"Cacnea","rarity":"Commune","set":{"cardCount":{"official":100,"total":100},"id":"ex2","name":"EX Tempête de sable","symbol":"https://assets.tcgdex.net/univ/ex/ex2/symbol"},"variants":{"firstEdition":false,"holo":true,"normal":true,"reverse":true,"wPromo":false},"dexId":[331],"hp":50,"types":["Plante"],"stage":"De base","attacks":[{"cost":["Plante"],"name":"Dard-venin","effect":"Lancez une pièce. Si c'est face, le Pokémon Défenseur est maintenant Empoisonné.","damage":10}],"weaknesses":[{"type":"Feu","value":"×2"}],"legal":{"standard":false,"expanded":false}},{"category":"Pokémon","id":"ex2-59","illustrator":"Naoyo Kimura","image":"https://assets.tcgdex.net/fr/ex/ex2/59","localId":"59","name":"Héricendre","rarity":"Commune","set":{"cardCount":{"official":100,"total":100},"id":"ex2","name":"EX Tempête de sable","symbol":"https://assets.tcgdex.net/univ/ex/ex2/symbol"},"variants":{"firstEdition":false,"holo":true,"normal":true,"reverse":true,"wPromo":false},"dexId":[155],"hp":50,"types":["Feu"],"stage":"De base","attacks":[{"cost":["Incolore"],"name":"Charge","damage":10},{"cost":["Feu"],"name":"Roussir","effect":"Lancez une pièce. Si c'est face, le Pokémon Défenseur est maintenant Brûlé."}],"weaknesses":[{"type":"Eau","value":"×2"}],"legal":{"standard":false,"expanded":false}},{"category":"Pokémon","id":"ex2-60","illustrator":"Mitsuhiro Arita","image":"https://assets.tcgdex.net/fr/ex/ex2/60","localId":"60","name":"Insolourdo","rarity":"Commune","set":{"cardCount":{"official":100,"total":100},"id":"ex2","name":"EX Tempête de sable","symbol":"https://assets.tcgdex.net/univ/ex/ex2/symbol"},"variants":{"firstEdition":false,"holo":true,"normal":true,"reverse":true,"wPromo":false},"dexId":[206],"hp":50,"types":["Incolore"],"stage":"De base","attacks":[{"cost":["Incolore"],"name":"Frappe et cours","effect":"Choisissez dans votre deck jusqu'à trois Pokémon de base et placez-les sur votre Banc. Ensuite, mélangez votre deck. Vous pouvez échanger Insolourdo contre un des Pokémon de votre Banc."},{"cost":["Incolore"],"name":"Flash surprise","effect":"Lancez une pièce. Si c'est face, chaque Pokémon Défenseur est maintenant Paralysé.","damage":10}],"weaknesses":[{"type":"Combat","value":"×2"}],"legal":{"standard":false,"expanded":false}},{"category":"Pokémon","id":"ex2-61","illustrator":"Midori Harada","image":"https://assets.tcgdex.net/fr/ex/ex2/61","localId":"61","name":"Skelenox","rarity":"Commune","set":{"cardCount":{"official":100,"total":100},"id":"ex2","name":"EX Tempête de sable","symbol":"https://assets.tcgdex.net/univ/ex/ex2/symbol"},"variants":{"firstEdition":false,"holo":true,"normal":true,"reverse":true,"wPromo":false},"dexId":[355],"hp":40,"types":["Psy"],"stage":"De base","attacks":[{"cost":["Incolore"],"name":"Surprise","effect":"Choisissez sans regarder une carte de la main de votre adversaire. Regardez-la. Votre adversaire doit ensuite mélanger cette carte à son deck."},{"cost":["Psy"],"name":"Onde folie","effect":"Lancez une pièce. Si c'est face, le Pokémon Défenseur est maintenant Confus."}],"weaknesses":[{"type":"Obscurité","value":"×2"}],"resistances":[{"type":"Combat","value":"-30"}],"legal":{"standard":false,"expanded":false}},{"category":"Pokémon","id":"ex2-62","illustrator":"Aya Kusube","image":"https://assets.tcgdex.net/fr/ex/ex2/62","localId":"62","name":"Skelenox","rarity":"Commune","set":{"cardCount":{"official":100,"total":100},"id":"ex2","name":"EX Tempête de sable","symbol":"https://assets.tcgdex.net/univ/ex/ex2/symbol"},"variants":{"firstEdition":false,"holo":true,"normal":true,"reverse":true,"wPromo":false},"dexId":[355],"hp":40,"types":["Psy"],"stage":"De base","attacks":[{"cost":["Psy"],"name":"Hanter","effect":"Placez un marqueur de dégât sur le Pokémon Défenseur."},{"cost":["Incolore","Incolore"],"name":"Sombre-esprit","effect":"Inflige 10 dégâts à un des Pokémon du Banc de votre adversaire. (Vous ne pouvez pas appliquer la Faiblesse et la Résistance aux Pokémon du Banc).","damage":10}],"weaknesses":[{"type":"Obscurité","value":"×2"}],"resistances":[{"type":"Feu","value":"-30"}],"legal":{"standard":false,"expanded":false}},{"category":"Pokémon","id":"ex2-63","illustrator":"Kouki Saitou","image":"https://assets.tcgdex.net/fr/ex/ex2/63","localId":"63","name":"Evoli","rarity":"Commune","set":{"cardCount":{"official":100,"total":100},"id":"ex2","name":"EX Tempête de sable","symbol":"https://assets.tcgdex.net/univ/ex/ex2/symbol"},"variants":{"firstEdition":false,"holo":true,"normal":true,"reverse":true,"wPromo":false},"dexId":[133],"hp":50,"types":["Incolore"],"stage":"De base","attacks":[{"cost":["Incolore"],"name":"Signes d'Évolution","effect":"Choisissez dans votre deck jusqu'à trois cartes qui évoluent d'Evoli, montrez-les à votre adversaire et placez-les dans votre main. Ensuite, mélangez votre deck."},{"cost":["Incolore"],"name":"Vive-attaque","effect":"Lancez une pièce. Si c'est face, cette attaque inflige 20 dégâts.","damage":"10+"}],"weaknesses":[{"type":"Combat","value":"×2"}],"legal":{"standard":false,"expanded":false}},{"category":"Pokémon","id":"ex2-64","illustrator":"Midori Harada","image":"https://assets.tcgdex.net/fr/ex/ex2/64","localId":"64","name":"Abo","rarity":"Commune","set":{"cardCount":{"official":100,"total":100},"id":"ex2","name":"EX Tempête de sable","symbol":"https://assets.tcgdex.net/univ/ex/ex2/symbol"},"variants":{"firstEdition":false,"holo":true,"normal":true,"reverse":true,"wPromo":false},"dexId":[23],"hp":50,"types":["Plante"],"stage":"De base","attacks":[{"cost":["Incolore"],"name":"Étreinte","effect":"Lancez une pièce. Si c'est face, le Pokémon Défenseur est maintenant Paralysé.","damage":10}],"weaknesses":[{"type":"Psy","value":"×2"}],"legal":{"standard":false,"expanded":false}},{"category":"Pokémon","id":"ex2-65","illustrator":"Hajime Kusajima","image":"https://assets.tcgdex.net/fr/ex/ex2/65","localId":"65","name":"Caninos","rarity":"Commune","set":{"cardCount":{"official":100,"total":100},"id":"ex2","name":"EX Tempête de sable","symbol":"https://assets.tcgdex.net/univ/ex/ex2/symbol"},"variants":{"firstEdition":false,"holo":true,"normal":true,"reverse":true,"wPromo":false},"dexId":[58],"hp":50,"types":["Feu"],"stage":"De base","abilities":[{"type":"Poké-BODY","name":"Voile feu","effect":"Si Caninos est votre Pokémon Actif et qu'une attaque de votre adversaire lui inflige des dégâts (même si Caninos est mis K.O), le Pokémon Attaquant est maintenant Brûlé."}],"attacks":[{"cost":["Feu","Incolore"],"name":"Intimidation","damage":20}],"weaknesses":[{"type":"Eau","value":"×2"}],"legal":{"standard":false,"expanded":false}},{"category":"Pokémon","id":"ex2-66","illustrator":"Tomokazu Komiya","image":"https://assets.tcgdex.net/fr/ex/ex2/66","localId":"66","name":"Nenupiot","rarity":"Commune","set":{"cardCount":{"official":100,"total":100},"id":"ex2","name":"EX Tempête de sable","symbol":"https://assets.tcgdex.net/univ/ex/ex2/symbol"},"variants":{"firstEdition":false,"holo":true,"normal":true,"reverse":true,"wPromo":false},"dexId":[270],"hp":40,"types":["Eau"],"stage":"De base","abilities":[{"type":"Poké-BODY","name":"Cuvette","effect":"N'importe quand entre deux tours, retirez à Nenupiot un marqueur de dégât."}],"attacks":[{"cost":["Incolore"],"name":"Collision","damage":10}],"weaknesses":[{"type":"Électrique","value":"×2"}],"legal":{"standard":false,"expanded":false}},{"category":"Pokémon","id":"ex2-67","illustrator":"Mitsuhiro Arita","image":"https://assets.tcgdex.net/fr/ex/ex2/67","localId":"67","name":"Nenupiot","rarity":"Commune","set":{"cardCount":{"official":100,"total":100},"id":"ex2","name":"EX Tempête de sable","symbol":"https://assets.tcgdex.net/univ/ex/ex2/symbol"},"variants":{"firstEdition":false,"holo":true,"normal":true,"reverse":true,"wPromo":false},"dexId":[270],"hp":50,"types":["Eau"],"stage":"De base","attacks":[{"cost":["Incolore"],"name":"Charge","damage":10},{"cost":["Incolore","Incolore"],"name":"Pâté","effect":"Retirez à Nenupiot un marqueur de dégât.","damage":20}],"weaknesses":[{"type":"Électrique","value":"×2"}],"legal":{"standard":false,"expanded":false}},{"category":"Pokémon","id":"ex2-68","illustrator":"Mitsuhiro Arita","image":"https://assets.tcgdex.net/fr/ex/ex2/68","localId":"68","name":"Marill","rarity":"Commune","set":{"cardCount":{"official":100,"total":100},"id":"ex2","name":"EX Tempête de sable","symbol":"https://assets.tcgdex.net/univ/ex/ex2/symbol"},"variants":{"firstEdition":false,"holo":true,"normal":true,"reverse":true,"wPromo":false},"dexId":[183],"hp":50,"types":["Eau"],"stage":"De base","attacks":[{"cost":["Eau","Incolore"],"name":"Double bulle","effect":"Lancez deux pièces. Cette attaque inflige 10 dégâts multipliés par le nombre de face. Dès que c'est face, le Pokémon Défenseur est Paralysé.","damage":"10×"}],"weaknesses":[{"type":"Électrique","value":"×2"}],"legal":{"standard":false,"expanded":false}},{"category":"Pokémon","id":"ex2-69","illustrator":"Kouki Saitou","image":"https://assets.tcgdex.net/fr/ex/ex2/69","localId":"69","name":"Natu","rarity":"Commune","set":{"cardCount":{"official":100,"total":100},"id":"ex2","name":"EX Tempête de sable","symbol":"https://assets.tcgdex.net/univ/ex/ex2/symbol"},"variants":{"firstEdition":false,"holo":true,"normal":true,"reverse":true,"wPromo":false},"dexId":[177],"hp":50,"types":["Psy"],"stage":"De base","attacks":[{"cost":["Incolore"],"name":"Picpic","damage":10},{"cost":["Psy"],"name":"Vague relaxante","effect":"Chaque Pokémon Défenseur est maintenant Endormi."}],"weaknesses":[{"type":"Psy","value":"×2"}],"legal":{"standard":false,"expanded":false}},{"category":"Pokémon","id":"ex2-70","illustrator":"Kouki Saitou","image":"https://assets.tcgdex.net/fr/ex/ex2/70","localId":"70","name":"Amonita","rarity":"Commune","set":{"cardCount":{"official":100,"total":100},"id":"ex2","name":"EX Tempête de sable","symbol":"https://assets.tcgdex.net/univ/ex/ex2/symbol"},"variants":{"firstEdition":false,"holo":true,"normal":true,"reverse":true,"wPromo":false},"dexId":[138],"hp":70,"types":["Eau"],"stage":"Niveau 1","attacks":[{"cost":["Incolore"],"name":"Rassemblement d'équipe","effect":"Cherchez dans votre deck Amonita, Kabuto ou d'autres Pokémon de base et placez-en autant que vous le voulez sur votre Banc. Ensuite, mélangez votre deck. Traitez les nouveaux Pokémon du Banc comme des Pokémon de base."},{"cost":["Incolore","Incolore"],"name":"Étreinte","effect":"Lancez une pièce. Si c'est face, le Pokémon Défenseur est maintenant Paralysé.","damage":20}],"weaknesses":[{"type":"Électrique","value":"×2"}],"legal":{"standard":false,"expanded":false}},{"category":"Pokémon","id":"ex2-71","illustrator":"Midori Harada","image":"https://assets.tcgdex.net/fr/ex/ex2/71","localId":"71","name":"Onix","rarity":"Commune","set":{"cardCount":{"official":100,"total":100},"id":"ex2","name":"EX Tempête de sable","symbol":"https://assets.tcgdex.net/univ/ex/ex2/symbol"},"variants":{"firstEdition":false,"holo":true,"normal":true,"reverse":true,"wPromo":false},"dexId":[95],"hp":80,"types":["Combat"],"stage":"De base","attacks":[{"cost":["Incolore","Incolore"],"name":"Étreinte","effect":"Lancez une pièce. Si c'est face, le Pokémon Défenseur est maintenant Paralysé.","damage":10},{"cost":["Combat","Incolore","Incolore"],"name":"Frénésie","effect":"Inflige 10 dégâts plus 10 dégâts supplémentaires pour chaque marqueur de dégât sur Onix.","damage":"10+"}],"weaknesses":[{"type":"Eau","value":"×2"}],"legal":{"standard":false,"expanded":false}},{"category":"Pokémon","id":"ex2-72","illustrator":"Mitsuhiro Arita","image":"https://assets.tcgdex.net/fr/ex/ex2/72","localId":"72","name":"Pikachu","rarity":"Commune","set":{"cardCount":{"official":100,"total":100},"id":"ex2","name":"EX Tempête de sable","symbol":"https://assets.tcgdex.net/univ/ex/ex2/symbol"},"variants":{"firstEdition":false,"holo":true,"normal":true,"reverse":true,"wPromo":false},"dexId":[25],"hp":50,"types":["Électrique"],"stage":"De base","attacks":[{"cost":["Incolore"],"name":"Griffe","damage":10},{"cost":["Électrique","Incolore","Incolore"],"name":"Pik'éclair","damage":40}],"weaknesses":[{"type":"Combat","value":"×2"}],"legal":{"standard":false,"expanded":false}},{"category":"Pokémon","id":"ex2-73","illustrator":"Kouki Saitou","image":"https://assets.tcgdex.net/fr/ex/ex2/73","localId":"73","name":"Psykokwak","rarity":"Commune","set":{"cardCount":{"official":100,"total":100},"id":"ex2","name":"EX Tempête de sable","symbol":"https://assets.tcgdex.net/univ/ex/ex2/symbol"},"variants":{"firstEdition":false,"holo":true,"normal":true,"reverse":true,"wPromo":false},"dexId":[54],"hp":50,"types":["Eau"],"stage":"De base","attacks":[{"cost":["Incolore"],"name":"Vague de confusion","effect":"Psykokwak et le Pokémon Défenseur sont maintenant Confus."}],"weaknesses":[{"type":"Électrique","value":"×2"}],"legal":{"standard":false,"expanded":false}},{"category":"Pokémon","id":"ex2-74","illustrator":"Hajime Kusajima","image":"https://assets.tcgdex.net/fr/ex/ex2/74","localId":"74","name":"Tarsal","rarity":"Commune","set":{"cardCount":{"official":100,"total":100},"id":"ex2","name":"EX Tempête de sable","symbol":"https://assets.tcgdex.net/univ/ex/ex2/symbol"},"variants":{"firstEdition":false,"holo":true,"normal":true,"reverse":true,"wPromo":false},"dexId":[280],"hp":50,"types":["Psy"],"stage":"De base","attacks":[{"cost":["Incolore"],"name":"Hypnose","effect":"Le Pokémon Défenseur est maintenant Endormi."},{"cost":["Psy"],"name":"Psycho-boom","effect":"Inflige 10 dégâts multipliés par le nombre d'Énergie attachées au Pokémon Défenseur.","damage":"10×"}],"weaknesses":[{"type":"Psy","value":"×2"}],"legal":{"standard":false,"expanded":false}},{"category":"Pokémon","id":"ex2-75","illustrator":"Kouki Saitou","image":"https://assets.tcgdex.net/fr/ex/ex2/75","localId":"75","name":"Sabelette","rarity":"Commune","set":{"cardCount":{"official":100,"total":100},"id":"ex2","name":"EX Tempête de sable","symbol":"https://assets.tcgdex.net/univ/ex/ex2/symbol"},"variants":{"firstEdition":false,"holo":true,"normal":true,"reverse":true,"wPromo":false},"dexId":[27],"hp":50,"types":["Combat"],"stage":"De base","attacks":[{"cost":["Combat"],"name":"Dard-venin","effect":"Lancez une pièce. Si c'est face, le Pokémon Défenseur est maintenant Empoisonné.","damage":10}],"weaknesses":[{"type":"Plante","value":"×2"}],"legal":{"standard":false,"expanded":false}},{"category":"Pokémon","id":"ex2-76","illustrator":"Atsuko Nishida","image":"https://assets.tcgdex.net/fr/ex/ex2/76","localId":"76","name":"Grainipiot","rarity":"Commune","set":{"cardCount":{"official":100,"total":100},"id":"ex2","name":"EX Tempête de sable","symbol":"https://assets.tcgdex.net/univ/ex/ex2/symbol"},"variants":{"firstEdition":false,"holo":true,"normal":true,"reverse":true,"wPromo":false},"dexId":[273],"hp":40,"types":["Plante"],"stage":"De base","attacks":[{"cost":["Plante"],"name":"Attaque Surprise","effect":"Lancez une pièce. Si c'est pile, cette attaque est sans effet.","damage":30}],"weaknesses":[{"type":"Feu","value":"×2"}],"legal":{"standard":false,"expanded":false}},{"category":"Pokémon","id":"ex2-77","illustrator":"Ken Sugimori","image":"https://assets.tcgdex.net/fr/ex/ex2/77","localId":"77","name":"Grainipiot","rarity":"Commune","set":{"cardCount":{"official":100,"total":100},"id":"ex2","name":"EX Tempête de sable","symbol":"https://assets.tcgdex.net/univ/ex/ex2/symbol"},"variants":{"firstEdition":false,"holo":true,"normal":true,"reverse":true,"wPromo":false},"dexId":[273],"hp":40,"types":["Plante"],"stage":"De base","attacks":[{"cost":["Incolore"],"name":"Charge","damage":10}],"weaknesses":[{"type":"Feu","value":"×2"}],"legal":{"standard":false,"expanded":false}},{"category":"Pokémon","id":"ex2-78","illustrator":"Ken Sugimori","image":"https://assets.tcgdex.net/fr/ex/ex2/78","localId":"78","name":"Balignon","rarity":"Commune","set":{"cardCount":{"official":100,"total":100},"id":"ex2","name":"EX Tempête de sable","symbol":"https://assets.tcgdex.net/univ/ex/ex2/symbol"},"variants":{"firstEdition":false,"holo":true,"normal":true,"reverse":true,"wPromo":false},"dexId":[285],"hp":40,"types":["Plante"],"stage":"De base","attacks":[{"cost":["Incolore"],"name":"Jaillissement","effect":"Attachez à Balignon une carte Énergie  de votre main."},{"cost":["Plante","Incolore"],"name":"Poudre Toxik","effect":"Le Pokémon Défenseur est maintenant Empoisonné.","damage":10}],"weaknesses":[{"type":"Feu","value":"×2"}],"resistances":[{"type":"Eau","value":"-30"}],"legal":{"standard":false,"expanded":false}},{"category":"Pokémon","id":"ex2-79","illustrator":"Kagemaru Himeno","image":"https://assets.tcgdex.net/fr/ex/ex2/79","localId":"79","name":"Skitty","rarity":"Commune","set":{"cardCount":{"official":100,"total":100},"id":"ex2","name":"EX Tempête de sable","symbol":"https://assets.tcgdex.net/univ/ex/ex2/symbol"},"variants":{"firstEdition":false,"holo":true,"normal":true,"reverse":true,"wPromo":false},"dexId":[300],"hp":50,"types":["Incolore"],"stage":"De base","attacks":[{"cost":["Incolore"],"name":"Attrape-énergie","effect":"Choisissez dans votre pile de défausse une carte Énergie de base, montrez-la à votre adversaire et placez-la dans votre main."},{"cost":["Incolore","Incolore"],"name":"Damoclès","effect":"Skitty s'inflige 10 dégâts.","damage":30}],"weaknesses":[{"type":"Combat","value":"×2"}],"legal":{"standard":false,"expanded":false}},{"category":"Pokémon","id":"ex2-80","illustrator":"Ken Sugimori","image":"https://assets.tcgdex.net/fr/ex/ex2/80","localId":"80","name":"Parecool","rarity":"Commune","set":{"cardCount":{"official":100,"total":100},"id":"ex2","name":"EX Tempête de sable","symbol":"https://assets.tcgdex.net/univ/ex/ex2/symbol"},"variants":{"firstEdition":false,"holo":true,"normal":true,"reverse":true,"wPromo":false},"dexId":[287],"hp":40,"types":["Incolore"],"stage":"De base","attacks":[{"cost":["Incolore"],"name":"Ramollo-poing","effect":"Parecool ne peut pas attaquer lors de votre prochain tour.","damage":10}],"weaknesses":[{"type":"Combat","value":"×2"}],"legal":{"standard":false,"expanded":false}},{"category":"Pokémon","id":"ex2-81","illustrator":"Aya Kusube","image":"https://assets.tcgdex.net/fr/ex/ex2/81","localId":"81","name":"Piafabec","rarity":"Commune","set":{"cardCount":{"official":100,"total":100},"id":"ex2","name":"EX Tempête de sable","symbol":"https://assets.tcgdex.net/univ/ex/ex2/symbol"},"variants":{"firstEdition":false,"holo":true,"normal":true,"reverse":true,"wPromo":false},"dexId":[21],"hp":40,"types":["Incolore"],"stage":"De base","attacks":[{"cost":["Incolore"],"name":"Super vitesse","effect":"Lancez une pièce. Si c'est face, prévenez tous les effets d'une attaque, dégâts inclus, infligés à Piafabec lors du prochain tour de votre adversaire."},{"cost":["Incolore"],"name":"Picpic","damage":10}],"weaknesses":[{"type":"Électrique","value":"×2"}],"resistances":[{"type":"Combat","value":"-30"}],"legal":{"standard":false,"expanded":false}},{"category":"Pokémon","id":"ex2-82","illustrator":"Mitsuhiro Arita","image":"https://assets.tcgdex.net/fr/ex/ex2/82","localId":"82","name":"Kraknoix","rarity":"Commune","set":{"cardCount":{"official":100,"total":100},"id":"ex2","name":"EX Tempête de sable","symbol":"https://assets.tcgdex.net/univ/ex/ex2/symbol"},"variants":{"firstEdition":false,"holo":true,"normal":true,"reverse":true,"wPromo":false},"dexId":[328],"hp":40,"types":["Combat"],"stage":"De base","attacks":[{"cost":["Incolore"],"name":"Bac à sable","effect":"Le Pokémon Défenseur ne peut pas battre en retraite jusqu'à la fin du prochain tour de votre adversaire.","damage":10},{"cost":["Incolore","Incolore"],"name":"Poigne de fer","damage":20}],"weaknesses":[{"type":"Plante","value":"×2"}],"legal":{"standard":false,"expanded":false}},{"category":"Pokémon","id":"ex2-83","illustrator":"Ken Sugimori","image":"https://assets.tcgdex.net/fr/ex/ex2/83","localId":"83","name":"Wailmer","rarity":"Commune","set":{"cardCount":{"official":100,"total":100},"id":"ex2","name":"EX Tempête de sable","symbol":"https://assets.tcgdex.net/univ/ex/ex2/symbol"},"variants":{"firstEdition":false,"holo":true,"normal":true,"reverse":true,"wPromo":false},"dexId":[320],"hp":80,"types":["Eau"],"stage":"De base","attacks":[{"cost":["Incolore","Incolore"],"name":"Roulade","damage":20},{"cost":["Eau","Incolore","Incolore"],"name":"Super hypnovague","effect":"Le Pokémon Défenseur est maintenant Endormi.","damage":30}],"weaknesses":[{"type":"Électrique","value":"×2"}],"legal":{"standard":false,"expanded":false}},{"category":"Pokémon","id":"ex2-84","illustrator":"Kagemaru Himeno","image":"https://assets.tcgdex.net/fr/ex/ex2/84","localId":"84","name":"Goelise","rarity":"Commune","set":{"cardCount":{"official":100,"total":100},"id":"ex2","name":"EX Tempête de sable","symbol":"https://assets.tcgdex.net/univ/ex/ex2/symbol"},"variants":{"firstEdition":false,"holo":true,"normal":true,"reverse":true,"wPromo":false},"dexId":[278],"hp":40,"types":["Eau"],"stage":"De base","attacks":[{"cost":["Incolore"],"name":"Ultrason","effect":"Lancez une pièce. Si c'est face, le Pokémon Défenseur est maintenant Confus."}],"weaknesses":[{"type":"Électrique","value":"×2"}],"resistances":[{"type":"Combat","value":"-30"}],"legal":{"standard":false,"expanded":false}},{"category":"Pokémon","id":"ex2-85","illustrator":"Mitsuhiro Arita","image":"https://assets.tcgdex.net/fr/ex/ex2/85","localId":"85","name":"Zigzaton","rarity":"Commune","set":{"cardCount":{"official":100,"total":100},"id":"ex2","name":"EX Tempête de sable","symbol":"https://assets.tcgdex.net/univ/ex/ex2/symbol"},"variants":{"firstEdition":false,"holo":true,"normal":true,"reverse":true,"wPromo":false},"dexId":[263],"hp":40,"types":["Incolore"],"stage":"De base","attacks":[{"cost":["Incolore"],"name":"Collectionner","effect":"Piochez une carte."},{"cost":["Incolore","Incolore"],"name":"Coup d'boule","damage":20}],"weaknesses":[{"type":"Combat","value":"×2"}],"legal":{"standard":false,"expanded":false}},{"category":"Dresseur","id":"ex2-86","illustrator":"Ryo Ueda","image":"https://assets.tcgdex.net/fr/ex/ex2/86","localId":"86","name":"Double guérison totale","rarity":"Peu Commune","set":{"cardCount":{"official":100,"total":100},"id":"ex2","name":"EX Tempête de sable","symbol":"https://assets.tcgdex.net/univ/ex/ex2/symbol"},"variants":{"firstEdition":false,"holo":true,"normal":true,"reverse":true,"wPromo":false},"effect":"Retirez à chacun de vos Pokémon Actifs ses États Spéciaux.","trainerType":"Objet","legal":{"standard":false,"expanded":false}},{"category":"Dresseur","id":"ex2-87","illustrator":"Ken Sugimori","image":"https://assets.tcgdex.net/fr/ex/ex2/87","localId":"87","name":"Annette surfe sur le net","rarity":"Peu Commune","set":{"cardCount":{"official":100,"total":100},"id":"ex2","name":"EX Tempête de sable","symbol":"https://assets.tcgdex.net/univ/ex/ex2/symbol"},"variants":{"firstEdition":false,"holo":true,"normal":true,"reverse":true,"wPromo":false},"effect":"Vous ne pouvez jouer qu'une seule carte Supporter par tour. Lorsque vous jouez cette carte, placez-la à côté de votre Pokémon Actif. À la fin de votre tour, défaussez-la.\n\nChoisissez dans votre deck jusqu'à trois types de cartes Pokémon de base différents (sauf les cartes Bébé Pokémon), montrez-les à votre adversaire et placez-les dans votre main. Ensuite, mélangez votre deck.","trainerType":"Supporter","legal":{"standard":false,"expanded":false}},{"category":"Dresseur","id":"ex2-88","illustrator":"Ryo Ueda","image":"https://assets.tcgdex.net/fr/ex/ex2/88","localId":"88","name":"Super bonbon","rarity":"Peu Commune","set":{"cardCount":{"official":100,"total":100},"id":"ex2","name":"EX Tempête de sable","symbol":"https://assets.tcgdex.net/univ/ex/ex2/symbol"},"variants":{"firstEdition":false,"holo":true,"normal":true,"reverse":true,"wPromo":false},"effect":"Choisissez un des Pokémon de base que vous avez en jeu. Si vous avez dans votre main une carte Niveau 1 ou Niveau 2 qui évolue de ce Pokémon, placez-la sur ce Pokémon. (Vous le faites ainsi évoluer).","trainerType":"Objet","legal":{"standard":false,"expanded":false}},{"category":"Dresseur","id":"ex2-89","illustrator":"Ken Sugimori","image":"https://assets.tcgdex.net/fr/ex/ex2/89","localId":"89","name":"Timmy au dressage","rarity":"Peu Commune","set":{"cardCount":{"official":100,"total":100},"id":"ex2","name":"EX Tempête de sable","symbol":"https://assets.tcgdex.net/univ/ex/ex2/symbol"},"variants":{"firstEdition":false,"holo":true,"normal":true,"reverse":true,"wPromo":false},"effect":"Vous ne pouvez jouer qu'une seule carte Supporter par tour. Lorsque vous jouez cette carte, placez-la à côté de votre Pokémon Actif. À la fin de votre tour, défaussez-la.\n\nChoisissez dans votre deck une carte qui évolue de votre Pokémon Actif (choisissez un Pokémon Actif si vous en avez deux) et placez-la sur ce Pokémon (Vous le faites ainsi évoluer). Ensuite, mélangez votre deck.","trainerType":"Supporter","legal":{"standard":false,"expanded":false}},{"category":"Dresseur","id":"ex2-90","illustrator":"Ryo Ueda","image":"https://assets.tcgdex.net/fr/ex/ex2/90","localId":"90","name":"Fossile griffe","rarity":"Commune","set":{"cardCount":{"official":100,"total":100},"id":"ex2","name":"EX Tempête de sable","symbol":"https://assets.tcgdex.net/univ/ex/ex2/symbol"},"variants":{"firstEdition":false,"holo":true,"normal":true,"reverse":true,"wPromo":false},"hp":40,"effect":"Jouez Fossile griffe comme si c'était un Pokémon de base. Lorsqu'elle est en jeu, Fossile griffe est un Pokémon  (et non une carte Dresseur). Elle ne possède pas d'attaque, ne peut pas battre en retraite et ne peut pas être affectée par un État Spécial. Si Fossile griffe est mise K.O, elle n'est pas considérée comme un Pokémon K.O (mais défaussez-la quand même). N'importe quand lors de votre tour, avant votre attaque, vous pouvez défausser Fossile Griffe.","trainerType":"Objet","legal":{"standard":false,"expanded":false}},{"category":"Dresseur","id":"ex2-91","illustrator":"Keiji Kinebuchi","image":"https://assets.tcgdex.net/fr/ex/ex2/91","localId":"91","name":"Mystérieux fossile","rarity":"Commune","set":{"cardCount":{"official":100,"total":100},"id":"ex2","name":"EX Tempête de sable","symbol":"https://assets.tcgdex.net/univ/ex/ex2/symbol"},"variants":{"firstEdition":false,"holo":true,"normal":true,"reverse":true,"wPromo":false},"hp":10,"effect":"Jouez Mystérieux Fossile comme si c'était un Pokémon de base. Lorsqu'elle est en jeu, Mystérieux Fossile est un Pokémon  (et non une carte Dresseur). Elle ne possède pas d'attaque, ne peut pas battre en retraite et ne peut pas être affectée par un État Spécial. Si Mystérieux Fossile est mise K.O, elle n'est pas considérée comme un Pokémon K.O (mais défaussez-la quand même). N'importe quand lors de votre tour, avant votre attaque, vous pouvez défausser Mystérieux Fossile.","trainerType":"Objet","legal":{"standard":false,"expanded":false}},{"category":"Dresseur","id":"ex2-92","illustrator":"Ryo Ueda","image":"https://assets.tcgdex.net/fr/ex/ex2/92","localId":"92","name":"Fossile racine","rarity":"Commune","set":{"cardCount":{"official":100,"total":100},"id":"ex2","name":"EX Tempête de sable","symbol":"https://assets.tcgdex.net/univ/ex/ex2/symbol"},"variants":{"firstEdition":false,"holo":true,"normal":true,"reverse":true,"wPromo":false},"hp":40,"effect":"Jouez Fossile racine comme si c'était un Pokémon de base. Lorsqu'elle est en jeu, Fossile racine est un Pokémon  (et non une carte Dresseur). Elle ne possède pas d'attaque, ne peut pas battre en retraite et ne peut pas être affectée par un État Spécial. Si Fossile racine est mise K.O, elle n'est pas considérée comme un Pokémon K.O (mais défaussez-la quand même). N'importe quand lors de votre tour, avant votre attaque, vous pouvez défausser Fossile racine.","trainerType":"Objet","legal":{"standard":false,"expanded":false}},{"category":"Énergie","id":"ex2-93","illustrator":"Takumi Akabane","image":"https://assets.tcgdex.net/fr/ex/ex2/93","localId":"93","name":"Énergies multiples","rarity":"Rare","set":{"cardCount":{"official":100,"total":100},"id":"ex2","name":"EX Tempête de sable","symbol":"https://assets.tcgdex.net/univ/ex/ex2/symbol"},"variants":{"firstEdition":false,"holo":true,"normal":true,"reverse":true,"wPromo":false},"energyType":"Spécial","legal":{"standard":false,"expanded":false}},{"category":"Pokémon","id":"ex2-94","illustrator":"Hikaru Koike","image":"https://assets.tcgdex.net/fr/ex/ex2/94","localId":"94","name":"Ptera ex","rarity":"Rare","set":{"cardCount":{"official":100,"total":100},"id":"ex2","name":"EX Tempête de sable","symbol":"https://assets.tcgdex.net/univ/ex/ex2/symbol"},"variants":{"firstEdition":false,"holo":true,"normal":true,"reverse":true,"wPromo":false},"dexId":[142],"hp":100,"types":["Incolore"],"suffix":"EX","abilities":[{"type":"Poké-BODY","name":"Serrure primordiale","effect":"Tant que Ptera ex est en jeu, votre adversaire ne peut pas jouer de cartes Outil Pokémon. Retirez toutes les cartes Outil Pokémon aux Pokémon de votre adversaire et défaussez-les."}],"attacks":[{"cost":["Incolore"],"name":"Ultrason","effect":"Le Pokémon Défenseur est maintenant Confus.","damage":10},{"cost":["Incolore","Incolore","Incolore"],"name":"Cru-aile","damage":60}],"weaknesses":[{"type":"Électrique","value":"×2"}],"resistances":[{"type":"Combat","value":"-30"}],"legal":{"standard":false,"expanded":false}},{"category":"Pokémon","id":"ex2-95","illustrator":"Hikaru Koike","image":"https://assets.tcgdex.net/fr/ex/ex2/95","localId":"95","name":"Galeking ex","rarity":"Rare","set":{"cardCount":{"official":100,"total":100},"id":"ex2","name":"EX Tempête de sable","symbol":"https://assets.tcgdex.net/univ/ex/ex2/symbol"},"variants":{"firstEdition":false,"holo":true,"normal":true,"reverse":true,"wPromo":false},"dexId":[306],"hp":150,"types":["Métal"],"suffix":"EX","attacks":[{"cost":["Incolore","Incolore","Incolore"],"name":"Déchirer","effect":"Si le Pokémon Défenseur possède des marqueurs de dégât, cette attaque inflige 60 dégâts.","damage":"30+"},{"cost":["Métal","Métal","Incolore","Incolore","Incolore"],"name":"Vague métallique","effect":"Inflige 20 dégâts à chacun des Pokémon du Banc de votre adversaire. (Vous ne pouvez pas appliquer la Faiblesse et la Résistance aux Pokémon du Banc).","damage":50}],"weaknesses":[{"type":"Combat","value":"×2"},{"type":"Feu","value":"×2"}],"resistances":[{"type":"Plante","value":"-30"}],"legal":{"standard":false,"expanded":false}},{"category":"Pokémon","id":"ex2-96","illustrator":"Hikaru Koike","image":"https://assets.tcgdex.net/fr/ex/ex2/96","localId":"96","name":"Gardevoir ex","rarity":"Rare","set":{"cardCount":{"official":100,"total":100},"id":"ex2","name":"EX Tempête de sable","symbol":"https://assets.tcgdex.net/univ/ex/ex2/symbol"},"variants":{"firstEdition":false,"holo":true,"normal":true,"reverse":true,"wPromo":false},"dexId":[282],"hp":150,"types":["Psy"],"suffix":"EX","attacks":[{"cost":["Psy","Incolore"],"name":"Réaction","effect":"Comptez le nombre de cartes dans la main de votre adversaire. Placez sur le Pokémon Défenseur autant de marqueurs de dégât qu'il y a de cartes."},{"cost":["Psy","Incolore","Incolore","Incolore"],"name":"Tempête Psy","effect":"Inflige 10 dégâts multipliés par le nombre de cartes Énergie attachées à tous les Pokémon en jeu.","damage":"10×"}],"weaknesses":[{"type":"Plante","value":"×2"},{"type":"Psy","value":"×2"}],"legal":{"standard":false,"expanded":false}},{"category":"Pokémon","id":"ex2-97","illustrator":"Ryo Ueda","image":"https://assets.tcgdex.net/fr/ex/ex2/97","localId":"97","name":"Kabutops ex","rarity":"Rare","set":{"cardCount":{"official":100,"total":100},"id":"ex2","name":"EX Tempête de sable","symbol":"https://assets.tcgdex.net/univ/ex/ex2/symbol"},"variants":{"firstEdition":false,"holo":true,"normal":true,"reverse":true,"wPromo":false},"dexId":[141],"hp":150,"types":["Eau"],"suffix":"EX","attacks":[{"cost":["Incolore"],"name":"Hydro-lame","effect":"Lancez autant de pièces qu'il y a de cartes Énergie attachées à Kabutops ex. Cette attaque inflige 40 dégâts multipliés par le nombre de face. Vous ne pouvez pas lancer plus de trois pièces.","damage":"40×"},{"cost":["Combat","Combat","Incolore","Incolore"],"name":"Spirale épuisante","effect":"Retirez à Kabutops deux marqueurs de dégât (ou un s'il n'y en a qu'un).","damage":70}],"weaknesses":[{"type":"Plante","value":"×2"},{"type":"Électrique","value":"×2"}],"legal":{"standard":false,"expanded":false}},{"category":"Pokémon","id":"ex2-98","illustrator":"Ryo Ueda","image":"https://assets.tcgdex.net/fr/ex/ex2/98","localId":"98","name":"Raichu ex","rarity":"Rare","set":{"cardCount":{"official":100,"total":100},"id":"ex2","name":"EX Tempête de sable","symbol":"https://assets.tcgdex.net/univ/ex/ex2/symbol"},"variants":{"firstEdition":false,"holo":true,"normal":true,"reverse":true,"wPromo":false},"dexId":[26],"hp":100,"types":["Électrique"],"suffix":"EX","attacks":[{"cost":["Électrique"],"name":"Explosion de lumière","effect":"Lancez une pièce. Si c'est face, le Pokémon Défenseur est maintenant Confus.","damage":20},{"cost":["Électrique","Électrique","Incolore"],"name":"Méga tonnerre","effect":"Défaussez toutes les cartes Énergie attachées à Raichu ex.","damage":120}],"weaknesses":[{"type":"Combat","value":"×2"}],"legal":{"standard":false,"expanded":false}},{"category":"Pokémon","id":"ex2-99","illustrator":"Hikaru Koike","image":"https://assets.tcgdex.net/fr/ex/ex2/99","localId":"99","name":"Typhlosion ex","rarity":"Rare","set":{"cardCount":{"official":100,"total":100},"id":"ex2","name":"EX Tempête de sable","symbol":"https://assets.tcgdex.net/univ/ex/ex2/symbol"},"variants":{"firstEdition":false,"holo":true,"normal":true,"reverse":true,"wPromo":false},"dexId":[157],"hp":160,"types":["Feu"],"suffix":"EX","attacks":[{"cost":["Feu","Incolore","Incolore"],"name":"Anneau de feu","effect":"Le Pokémon Défenseur est maintenant Brûlé et ne peut pas battre en retraite jusqu'à la fin du prochain tour de votre adversaire.","damage":40},{"cost":["Feu","Feu","Feu","Incolore","Incolore"],"name":"Exploser en deux","effect":"Défaussez une carte Énergie attachée à Typhlosion ex. Si votre adversaire a plus d'un Pokémon Défenseur, vous pouvez infliger 50 dégâts à chacun.","damage":100}],"weaknesses":[{"type":"Combat","value":"×2"},{"type":"Eau","value":"×2"}],"legal":{"standard":false,"expanded":false}},{"category":"Pokémon","id":"ex2-100","illustrator":"Ryo Ueda","image":"https://assets.tcgdex.net/fr/ex/ex2/100","localId":"100","name":"Wailord ex","rarity":"Rare","set":{"cardCount":{"official":100,"total":100},"id":"ex2","name":"EX Tempête de sable","symbol":"https://assets.tcgdex.net/univ/ex/ex2/symbol"},"variants":{"firstEdition":false,"holo":true,"normal":true,"reverse":true,"wPromo":false},"dexId":[321],"hp":200,"types":["Eau"],"suffix":"EX","attacks":[{"cost":["Incolore"],"name":"Super gros plongeon","effect":"Si vous n'avez pas de Pokémon sur votre Banc, cette attaque est sans effet. Retirez à Wailord ex trois marqueurs de dégât. Échangez Wailord ex contre un des Pokémon de votre Banc."},{"cost":["Eau","Eau","Eau","Incolore"],"name":"Vague diminutrice","effect":"Inflige 100 dégâts moins 10 dégâts pour chaque marqueur de dégât sur Wailord ex.","damage":"100-"}],"weaknesses":[{"type":"Plante","value":"×2"},{"type":"Électrique","value":"×2"}],"legal":{"standard":false,"expanded":false}}]