[{"category":"Pokémon","id":"ex13-1","illustrator":"Masakazu Fukuda","image":"https://assets.tcgdex.net/fr/ex/ex13/1","localId":"1","name":"Armaldo δ ESPÈCES DELTA","rarity":"Rare","set":{"cardCount":{"official":110,"total":111},"id":"ex13","name":"EX Fantômes Holon","symbol":"https://assets.tcgdex.net/univ/ex/ex13/symbol"},"variants":{"firstEdition":false,"holo":true,"normal":true,"reverse":true,"wPromo":false},"dexId":[348],"hp":110,"types":["Combat","Métal"],"stage":"Niveau 2","attacks":[{"cost":["Métal","Incolore"],"name":"Lame Delta","effect":"Si vous avez des cartes Supporter en jeu, les dégâts de base de cette attaque sont de 20 au lieu de 70.","damage":70},{"cost":["Combat","Incolore","Incolore"],"name":"Attaque fossile","effect":"Vous pouvez défausser Fossile griffe, Mystérieux fossile, Fossile racine ou Fossile Holon de votre main. Choisissez alors 1 des Pokémon de Banc de votre adversaire et infligez-lui 30 dégâts. (Vous ne pouvez pas appliquer la Faiblesse et la Résistance aux Pokémon de Banc.)","damage":50}],"weaknesses":[{"type":"Plante","value":"×2"}],"legal":{"standard":false,"expanded":false}},{"category":"Pokémon","id":"ex13-2","illustrator":"Kouki Saitou","image":"https://assets.tcgdex.net/fr/ex/ex13/2","localId":"2","name":"Vacilys δ ESPÈCES DELTA","rarity":"Rare","set":{"cardCount":{"official":110,"total":111},"id":"ex13","name":"EX Fantômes Holon","symbol":"https://assets.tcgdex.net/univ/ex/ex13/symbol"},"variants":{"firstEdition":false,"holo":true,"normal":true,"reverse":true,"wPromo":false},"dexId":[346],"hp":100,"types":["Obscurité","Métal"],"stage":"Niveau 2","attacks":[{"cost":["Obscurité","Incolore"],"name":"Fluide corrosif","effect":"Placez 5 marqueurs de dégât sur le Pokémon Défenseur à la fin du prochain tour de votre adversaire.","damage":20},{"cost":["Métal","Incolore","Incolore"],"name":"Tentacules empoisonnées","effect":"Le Pokémon Défenseur est maintenant Empoisonné.","damage":50}],"weaknesses":[{"type":"Feu","value":"×2"}],"legal":{"standard":false,"expanded":false}},{"category":"Pokémon","id":"ex13-3","illustrator":"Mitsuhiro Arita","image":"https://assets.tcgdex.net/fr/ex/ex13/3","localId":"3","name":"Deoxys δ ESPÈCES DELTA","rarity":"Rare","set":{"cardCount":{"official":110,"total":111},"id":"ex13","name":"EX Fantômes Holon","symbol":"https://assets.tcgdex.net/univ/ex/ex13/symbol"},"variants":{"firstEdition":false,"holo":true,"normal":true,"reverse":true,"wPromo":false},"dexId":[386],"hp":70,"types":["Obscurité"],"stage":"De base","abilities":[{"type":"Poké-POWER","name":"Changement de forme","effect":"Une seule fois lors de votre tour (avant votre attaque), vous pouvez chercher dans votre deck une autre Deoxys et l'échanger avec Deoxys. (Toutes les cartes attachées à Deoxys, marqueurs de dégât, États Spéciaux et autres effets se trouvent maintenant sur le nouveau Pokémon.) Placez alors Deoxys au dessus de votre deck. Ensuite, mélangez votre deck. Vous ne pouvez pas utiliser plus d'1 Poké-Power Changement de forme par tour."}],"attacks":[{"cost":["Obscurité","Incolore","Incolore"],"name":"Boucle d'énergie","effect":"Reprenez dans votre main 2 Énergies attachées à Deoxys.","damage":60}],"weaknesses":[{"type":"Psy","value":"×2"}],"legal":{"standard":false,"expanded":false}},{"category":"Pokémon","id":"ex13-4","illustrator":"Kagemaru Himeno","image":"https://assets.tcgdex.net/fr/ex/ex13/4","localId":"4","name":"Deoxys δ ESPÈCES DELTA","rarity":"Rare","set":{"cardCount":{"official":110,"total":111},"id":"ex13","name":"EX Fantômes Holon","symbol":"https://assets.tcgdex.net/univ/ex/ex13/symbol"},"variants":{"firstEdition":false,"holo":true,"normal":true,"reverse":true,"wPromo":false},"dexId":[386],"hp":80,"types":["Métal"],"stage":"De base","abilities":[{"type":"Poké-POWER","name":"Changement de forme","effect":"Une seule fois lors de votre tour (avant votre attaque), vous pouvez chercher dans votre deck une autre Deoxys et l'échanger avec Deoxys. (Toutes les cartes attachées à Deoxys, marqueurs de dégât, États Spéciaux et autres effets se trouvent maintenant sur le nouveau Pokémon.) Placez alors Deoxys au dessus de votre deck. Ensuite, mélangez votre deck. Vous ne pouvez pas utiliser plus d'1 Poké-Power Changement de forme par tour."}],"attacks":[{"cost":["Métal","Incolore"],"name":"Réduction Delta","effect":"Lors du prochain tour de votre adversaire, tous dégâts infligés à Deoxys par des attaques sont réduits de 30 (avant application de la Faiblesse et de la Résistance).","damage":30}],"weaknesses":[{"type":"Psy","value":"×2"}],"legal":{"standard":false,"expanded":false}},{"category":"Pokémon","id":"ex13-5","illustrator":"Kouki Saitou","image":"https://assets.tcgdex.net/fr/ex/ex13/5","localId":"5","name":"Deoxys δ ESPÈCES DELTA","rarity":"Rare","set":{"cardCount":{"official":110,"total":111},"id":"ex13","name":"EX Fantômes Holon","symbol":"https://assets.tcgdex.net/univ/ex/ex13/symbol"},"variants":{"firstEdition":false,"holo":true,"normal":true,"reverse":true,"wPromo":false},"dexId":[386],"hp":70,"types":["Incolore"],"stage":"De base","abilities":[{"type":"Poké-POWER","name":"Changement de forme","effect":"Une seule fois lors de votre tour (avant votre attaque), vous pouvez chercher dans votre deck une autre Deoxys et l'échanger avec Deoxys. (Toutes les cartes attachées à Deoxys, marqueurs de dégâts, États Spéciaux et autres effets se trouvent maintenant sur le nouveau Pokémon.) Placez alors Deoxys au dessus de votre deck. Ensuite, mélangez votre deck. Vous ne pouvez pas utiliser plus d'1 Poké-Power Changement de forme par tour."}],"attacks":[{"cost":["Incolore","Incolore"],"name":"Laser de cristal","effect":"Lors de votre prochain tour, les attaques de Deoxys infligent 40 dégâts supplémentaires au Pokémon Défenseur (avant application de la Faiblesse et de la Résistance).","damage":20}],"weaknesses":[{"type":"Psy","value":"×2"}],"legal":{"standard":false,"expanded":false}},{"category":"Pokémon","id":"ex13-6","illustrator":"Masakazu Fukuda","image":"https://assets.tcgdex.net/fr/ex/ex13/6","localId":"6","name":"Deoxys δ ESPÈCES DELTA","rarity":"Rare","set":{"cardCount":{"official":110,"total":111},"id":"ex13","name":"EX Fantômes Holon","symbol":"https://assets.tcgdex.net/univ/ex/ex13/symbol"},"variants":{"firstEdition":false,"holo":true,"normal":true,"reverse":true,"wPromo":false},"dexId":[386],"hp":60,"types":["Électrique"],"stage":"De base","abilities":[{"type":"Poké-POWER","name":"Changement de forme","effect":"Une seule fois lors de votre tour (avant votre attaque), vous pouvez chercher dans votre deck une autre Deoxys et l'échanger avec Deoxys. (Toutes les cartes attachées à Deoxys, marqueurs de dégât, États Spéciaux et autres effets se trouvent maintenant sur le nouveau Pokémon.) Placez alors Deoxys au dessus de votre deck. Ensuite, mélangez votre deck. Vous ne pouvez pas utiliser plus d'1 Poké-Power Changement de forme par tour."}],"attacks":[{"cost":["Électrique"],"name":"Téléportation explosive","effect":"Échangez Deoxys avec 1 des Pokémon de votre Banc.","damage":20}],"weaknesses":[{"type":"Psy","value":"×2"}],"legal":{"standard":false,"expanded":false}},{"category":"Pokémon","id":"ex13-7","illustrator":"Kagemaru Himeno","image":"https://assets.tcgdex.net/fr/ex/ex13/7","localId":"7","name":"Libegon δ ESPÈCES DELTA","rarity":"Rare","set":{"cardCount":{"official":110,"total":111},"id":"ex13","name":"EX Fantômes Holon","symbol":"https://assets.tcgdex.net/univ/ex/ex13/symbol"},"variants":{"firstEdition":false,"holo":true,"normal":true,"reverse":true,"wPromo":false},"dexId":[330],"hp":110,"types":["Plante","Métal"],"stage":"Niveau 2","abilities":[{"type":"Poké-POWER","name":"Provision Delta","effect":"Une seule fois lors de votre tour (avant votre attaque), vous pouvez attacher une carte Énergie de base ou une carte Énergie Multicolore δ de votre main à 1 de vos Pokémon possédant le symbole δ. Ce pouvoir ne peut pas être utilisé si Libegon est affecté par un État Spécial."}],"attacks":[{"cost":["Plante","Métal","Incolore"],"name":"Météores","effect":"Les dégâts de cette attaque ne sont pas affectés par la Faiblesse, la Résistance, les Poké-Powers, les Poké-Bodies ou tout autre effet sur le Pokémon Défenseur.","damage":60}],"weaknesses":[{"type":"Incolore","value":"×2"}],"resistances":[{"type":"Électrique","value":"-30"},{"type":"Combat","value":"-30"}],"legal":{"standard":false,"expanded":false}},{"category":"Pokémon","id":"ex13-8","illustrator":"Hajime Kusajima","image":"https://assets.tcgdex.net/fr/ex/ex13/8","localId":"8","name":"Leviator δ ESPÈCES DELTA","rarity":"Rare","set":{"cardCount":{"official":110,"total":111},"id":"ex13","name":"EX Fantômes Holon","symbol":"https://assets.tcgdex.net/univ/ex/ex13/symbol"},"variants":{"firstEdition":false,"holo":true,"normal":true,"reverse":true,"wPromo":false},"dexId":[130],"hp":90,"types":["Électrique","Métal"],"stage":"Niveau 1","abilities":[{"type":"Poké-BODY","name":"Réacteur Delta","effect":"Tant que des cartes Stade dont le nom comporte Holon sont en jeu, chacun de vos Pokémon possédant le symbole δ inflige au Pokémon Défenseur 10 dégâts supplémentaires (avant application de la Faiblesse et de la Résistance)."}],"attacks":[{"cost":["Métal","Incolore"],"name":"Ultralaser","effect":"Lancez une pièce. Si c'est face, défaussez une carte Énergie attachée au Pokémon Défenseur.","damage":20},{"cost":["Électrique","Métal","Incolore","Incolore","Incolore"],"name":"Gros impact","damage":80}],"weaknesses":[{"type":"Électrique","value":"×2"}],"legal":{"standard":false,"expanded":false}},{"category":"Pokémon","id":"ex13-9","illustrator":"Masakazu Fukuda","image":"https://assets.tcgdex.net/fr/ex/ex13/9","localId":"9","name":"Kabutops δ ESPÈCES DELTA","rarity":"Rare","set":{"cardCount":{"official":110,"total":111},"id":"ex13","name":"EX Fantômes Holon","symbol":"https://assets.tcgdex.net/univ/ex/ex13/symbol"},"variants":{"firstEdition":false,"holo":true,"normal":true,"reverse":true,"wPromo":false},"dexId":[141],"hp":100,"types":["Électrique"],"stage":"Niveau 2","attacks":[{"cost":["Électrique","Incolore"],"name":"Évacuation vitale","effect":"Si le Pokémon Défenseur est mis K.O par cette attaque, retirez à Kabutops tous ses États Spéciaux ainsi que 7 marqueurs de dégât (retirez-les lui tous s'il en a moins de 7).","damage":30},{"cost":["Incolore","Incolore","Incolore"],"name":"Coup tonitruant","effect":"Inflige 40 dégâts plus 10 dégâts supplémentaires pour chaque Énergie  attachée à Kabutops.","damage":"40+"}],"weaknesses":[{"type":"Plante","value":"×2"}],"legal":{"standard":false,"expanded":false}},{"category":"Pokémon","id":"ex13-10","illustrator":"Masakazu Fukuda","image":"https://assets.tcgdex.net/fr/ex/ex13/10","localId":"10","name":"Hyporoi δ ESPÈCES DELTA","rarity":"Rare","set":{"cardCount":{"official":110,"total":111},"id":"ex13","name":"EX Fantômes Holon","symbol":"https://assets.tcgdex.net/univ/ex/ex13/symbol"},"variants":{"firstEdition":false,"holo":true,"normal":true,"reverse":true,"wPromo":false},"dexId":[230],"hp":110,"types":["Feu","Métal"],"stage":"Niveau 2","abilities":[{"type":"Poké-POWER","name":"Malédiction de dragon","effect":"Une seule fois lors de votre tour (avant votre attaque), si Hyporoi est votre Pokémon Actif, vous pouvez placer 2 marqueurs de dégât sur 1 des Pokémon de votre adversaire possédant le symbole δ. Ce pouvoir ne peut pas être utilisé si Hyporoi est affecté par un État spécial."}],"attacks":[{"cost":["Feu","Incolore"],"name":"Flamme supplémentaire","effect":"Si le Pokémon Défenseur est un Pokémon-ex, cette attaque inflige 30 dégâts plus 30 dégâts supplémentaires.","damage":"30+"},{"cost":["Feu","Métal","Incolore","Incolore"],"name":"Explosion de chaleur","damage":80}],"weaknesses":[{"type":"Électrique","value":"×2"}],"legal":{"standard":false,"expanded":false}},{"category":"Pokémon","id":"ex13-11","illustrator":"Masakazu Fukuda","image":"https://assets.tcgdex.net/fr/ex/ex13/11","localId":"11","name":"Latias δ ESPÈCES DELTA","rarity":"Rare","set":{"cardCount":{"official":110,"total":111},"id":"ex13","name":"EX Fantômes Holon","symbol":"https://assets.tcgdex.net/univ/ex/ex13/symbol"},"variants":{"firstEdition":false,"holo":true,"normal":true,"reverse":true,"wPromo":false},"dexId":[380],"hp":70,"types":["Feu"],"stage":"De base","abilities":[{"type":"Poké-BODY","name":"Double aura","effect":"Tant que vous avez Latios ou Latios ex en jeu, les Pokémon Évolués de chaque joueur (Pokémon-ex exclus) ne peuvent pas utiliser de Poké-Bodies."}],"attacks":[{"cost":["Incolore"],"name":"Meneur","effect":"Piochez une carte."},{"cost":["Feu","Incolore","Incolore"],"name":"Griffe de dragon","damage":40}],"weaknesses":[{"type":"Incolore","value":"×2"}],"resistances":[{"type":"Psy","value":"-30"},{"type":"Combat","value":"-30"}],"legal":{"standard":false,"expanded":false}},{"category":"Pokémon","id":"ex13-12","illustrator":"Mitsuhiro Arita","image":"https://assets.tcgdex.net/fr/ex/ex13/12","localId":"12","name":"Latios δ ESPÈCES DELTA","rarity":"Rare","set":{"cardCount":{"official":110,"total":111},"id":"ex13","name":"EX Fantômes Holon","symbol":"https://assets.tcgdex.net/univ/ex/ex13/symbol"},"variants":{"firstEdition":false,"holo":true,"normal":true,"reverse":true,"wPromo":false},"dexId":[381],"hp":80,"types":["Eau"],"stage":"De base","abilities":[{"type":"Poké-BODY","name":"Double aura","effect":"Tant que vous avez Latias ou Latias ex en jeu, les Pokémon Évolués de chaque joueur (Pokémon-ex exclus) ne peuvent pas utiliser de Poké-Bodies."}],"attacks":[{"cost":["Incolore"],"name":"Plongée","damage":10},{"cost":["Eau","Incolore","Incolore"],"name":"Explosion aquatique","effect":"Défaussez une Énergie  attachée à Latios.","damage":50}],"weaknesses":[{"type":"Incolore","value":"×2"}],"resistances":[{"type":"Plante","value":"-30"},{"type":"Combat","value":"-30"}],"legal":{"standard":false,"expanded":false}},{"category":"Pokémon","id":"ex13-13","illustrator":"Midori Harada","image":"https://assets.tcgdex.net/fr/ex/ex13/13","localId":"13","name":"Amonistar δ ESPÈCES DELTA","rarity":"Rare","set":{"cardCount":{"official":110,"total":111},"id":"ex13","name":"EX Fantômes Holon","symbol":"https://assets.tcgdex.net/univ/ex/ex13/symbol"},"variants":{"firstEdition":false,"holo":true,"normal":true,"reverse":true,"wPromo":false},"dexId":[139],"hp":110,"types":["Psy"],"stage":"Niveau 2","attacks":[{"cost":["Psy","Incolore"],"name":"Étreinte","effect":"Lancez une pièce. Si c'est face, le Pokémon Défenseur est maintenant Paralysé.","damage":30},{"cost":["Psy","Incolore","Incolore"],"name":"Piques vengeresses","effect":"Inflige 30 dégâts plus 10 dégâts supplémentaires pour chaque Amonita, Amonistar, Kabuto, Kabutops et Kabutops ex dans votre pile de défausse. Vous ne pouvez pas ajouter plus de 60 dégâts de cette façon.","damage":"30+"}],"weaknesses":[{"type":"Électrique","value":"×2"}],"legal":{"standard":false,"expanded":false}},{"category":"Pokémon","id":"ex13-14","illustrator":"Kouki Saitou","image":"https://assets.tcgdex.net/fr/ex/ex13/14","localId":"14","name":"Roucarnage δ ESPÈCES DELTA","rarity":"Rare","set":{"cardCount":{"official":110,"total":111},"id":"ex13","name":"EX Fantômes Holon","symbol":"https://assets.tcgdex.net/univ/ex/ex13/symbol"},"variants":{"firstEdition":false,"holo":true,"normal":true,"reverse":true,"wPromo":false},"dexId":[18],"hp":100,"types":["Électrique","Métal"],"stage":"Niveau 2","abilities":[{"type":"Poké-BODY","name":"Réserve Delta","effect":"Tant que Roucarnage possède des cartes Énergie Holon, les Pokémon de chaque joueur (Pokémon possédant le symbole δ exclus) ne peuvent pas utiliser de Poké-Powers."}],"attacks":[{"cost":["Électrique","Métal","Incolore"],"name":"Griffes tournantes","effect":"Vous pouvez défausser une carte Énergie attachée à Roucarnage. Choisissez alors dans votre pile de défausse une carte Énergie (celle que vous venez de défausser exclue) et attachez-la à Roucarnage.","damage":50}],"weaknesses":[{"type":"Électrique","value":"×2"}],"resistances":[{"type":"Combat","value":"-30"}],"legal":{"standard":false,"expanded":false}},{"category":"Pokémon","id":"ex13-15","illustrator":"Masakazu Fukuda","image":"https://assets.tcgdex.net/fr/ex/ex13/15","localId":"15","name":"Raichu δ ESPÈCES DELTA","rarity":"Rare","set":{"cardCount":{"official":110,"total":111},"id":"ex13","name":"EX Fantômes Holon","symbol":"https://assets.tcgdex.net/univ/ex/ex13/symbol"},"variants":{"firstEdition":false,"holo":true,"normal":true,"reverse":true,"wPromo":false},"dexId":[26],"hp":70,"types":["Métal"],"stage":"Niveau 1","attacks":[{"cost":["Incolore"],"name":"Zzzap","effect":"Inflige 20 dégâts à chaque Pokémon possédant des Poké-Powers ou des Poké-Bodies (les vôtres et ceux de votre adversaire). Vous ne pouvez pas appliquer la Faiblesse ou la Résistance."},{"cost":["Métal","Métal","Incolore"],"name":"Tonnerre métallique","effect":"Vous pouvez défausser 2 Énergies  attachées à Raichu. Les dégâts de base de cette attaque sont alors de 90 au lieu de 50.","damage":50}],"weaknesses":[{"type":"Combat","value":"×2"}],"legal":{"standard":false,"expanded":false}},{"category":"Pokémon","id":"ex13-16","illustrator":"Mitsuhiro Arita","image":"https://assets.tcgdex.net/fr/ex/ex13/16","localId":"16","name":"Rayquaza δ ESPÈCES DELTA","rarity":"Rare","set":{"cardCount":{"official":110,"total":111},"id":"ex13","name":"EX Fantômes Holon","symbol":"https://assets.tcgdex.net/univ/ex/ex13/symbol"},"variants":{"firstEdition":false,"holo":true,"normal":true,"reverse":true,"wPromo":false},"dexId":[384],"hp":80,"types":["Eau","Métal"],"stage":"De base","abilities":[{"type":"Poké-BODY","name":"Barrière aquatique","effect":"Tant que Rayquaza possède des cartes Énergie Holon, vos Pokémon  ne possèdent pas de Faiblesse."}],"attacks":[{"cost":["Incolore"],"name":"Recherche Delta","effect":"Cherchez dans votre deck une carte Énergie Holon et attachez-la à Rayquaza. Ensuite, mélangez votre deck."},{"cost":["Eau","Métal","Incolore","Incolore"],"name":"Éclat d'ozone","damage":60}],"weaknesses":[{"type":"Incolore","value":"×2"}],"resistances":[{"type":"Eau","value":"-30"},{"type":"Combat","value":"-30"}],"legal":{"standard":false,"expanded":false}},{"category":"Pokémon","id":"ex13-17","illustrator":"Mitsuhiro Arita","image":"https://assets.tcgdex.net/fr/ex/ex13/17","localId":"17","name":"Rafflesia δ ESPÈCES DELTA","rarity":"Rare","set":{"cardCount":{"official":110,"total":111},"id":"ex13","name":"EX Fantômes Holon","symbol":"https://assets.tcgdex.net/univ/ex/ex13/symbol"},"variants":{"firstEdition":false,"holo":true,"normal":true,"reverse":true,"wPromo":false},"dexId":[45],"hp":90,"types":["Psy","Métal"],"stage":"Niveau 2","abilities":[{"type":"Poké-POWER","name":"Pollen toxik","effect":"Une seule fois lors de votre tour (avant votre attaque), vous pouvez lancer une pièce. Si c'est face, choisissez 1 des Pokémon Défenseurs. Ce Pokémon est maintenant Empoisonné. Ce pouvoir ne peut pas être utilisé si Rafflesia est affecté par un État Spécial."}],"attacks":[{"cost":["Psy","Métal"],"name":"Poltergeist","effect":"Regardez la main de votre adversaire. Cette attaque inflige 30 dégâts plus 10 dégâts supplémentaires pour chaque carte Dresseur dans la main de votre adversaire.","damage":"30+"}],"weaknesses":[{"type":"Psy","value":"×2"}],"legal":{"standard":false,"expanded":false}},{"category":"Pokémon","id":"ex13-18","illustrator":"Masakazu Fukuda","image":"https://assets.tcgdex.net/fr/ex/ex13/18","localId":"18","name":"Absol","rarity":"Rare","set":{"cardCount":{"official":110,"total":111},"id":"ex13","name":"EX Fantômes Holon","symbol":"https://assets.tcgdex.net/univ/ex/ex13/symbol"},"variants":{"firstEdition":false,"holo":true,"normal":true,"reverse":true,"wPromo":false},"dexId":[359],"hp":70,"types":["Obscurité"],"stage":"De base","attacks":[{"cost":["Incolore"],"name":"Prévoyance","effect":"Regardes les 5 cartes du dessus du deck d'1 des joueurs et replacez-les au dessus du deck de ce joueur dans n'importe quel ordre."},{"cost":["Obscurité","Incolore"],"name":"Dépassement","effect":"Choisissez 1 des Pokémon de Banc de votre adversaire. Cette attaque lui inflige 20 dégâts. (Vous ne pouvez pas appliquer la Faiblesse et la Résistance aux Pokémon de Banc.)","damage":10}],"weaknesses":[{"type":"Combat","value":"×2"}],"resistances":[{"type":"Psy","value":"-30"}],"legal":{"standard":false,"expanded":false}},{"category":"Pokémon","id":"ex13-19","illustrator":"Kagemaru Himeno","image":"https://assets.tcgdex.net/fr/ex/ex13/19","localId":"19","name":"Joliflor δ ESPÈCES DELTA","rarity":"Rare","set":{"cardCount":{"official":110,"total":111},"id":"ex13","name":"EX Fantômes Holon","symbol":"https://assets.tcgdex.net/univ/ex/ex13/symbol"},"variants":{"firstEdition":false,"holo":true,"normal":true,"reverse":true,"wPromo":false},"dexId":[182],"hp":100,"types":["Eau"],"stage":"Niveau 2","abilities":[{"type":"Poké-BODY","name":"Fraternité","effect":"Joliflor peut utiliser les attaques de tous les Mystherbes, Ortides, Rafflesias, Rafflesias ex ou autres Joliflors que vous avez en jeu à la place des siennes. (Vous avez toujours besoin de l'Énergie nécessaire pour utiliser chaque attaque.)"}],"attacks":[{"cost":["Eau","Incolore"],"name":"Fleur aquatique","effect":"Lors du prochain tour de votre adversaire, Joliflor ne possède pas de Faiblesse.","damage":40}],"weaknesses":[{"type":"Feu","value":"×2"}],"resistances":[{"type":"Eau","value":"-30"}],"legal":{"standard":false,"expanded":false}},{"category":"Pokémon","id":"ex13-20","illustrator":"Hiromichi Sugiyama","image":"https://assets.tcgdex.net/fr/ex/ex13/20","localId":"20","name":"Brasegali","rarity":"Rare","set":{"cardCount":{"official":110,"total":111},"id":"ex13","name":"EX Fantômes Holon","symbol":"https://assets.tcgdex.net/univ/ex/ex13/symbol"},"variants":{"firstEdition":false,"holo":true,"normal":true,"reverse":true,"wPromo":false},"dexId":[257],"hp":100,"types":["Feu"],"stage":"Niveau 2","attacks":[{"cost":["Feu"],"name":"Fournaise","damage":30},{"cost":["Feu","Feu","Incolore"],"name":"Pied Brûleur","effect":"Lancez une pièce. Si c'est face, cette attaque inflige 40 dégâts plus 20 dégâts supplémentaires. Si c'est pile, le Pokémon Défenseur est maintenant Brûlé.","damage":"40+"}],"weaknesses":[{"type":"Eau","value":"×2"}],"legal":{"standard":false,"expanded":false}},{"category":"Pokémon","id":"ex13-21","illustrator":"Mitsuhiro Arita","image":"https://assets.tcgdex.net/fr/ex/ex13/21","localId":"21","name":"Latias δ ESPÈCES DELTA","rarity":"Rare","set":{"cardCount":{"official":110,"total":111},"id":"ex13","name":"EX Fantômes Holon","symbol":"https://assets.tcgdex.net/univ/ex/ex13/symbol"},"variants":{"firstEdition":false,"holo":true,"normal":true,"reverse":true,"wPromo":false},"dexId":[380],"hp":70,"types":["Feu"],"stage":"De base","attacks":[{"cost":["Feu","Incolore"],"name":"Fournaise","damage":20},{"cost":["Feu","Feu","Incolore"],"name":"Ça sent le roussi!","effect":"Lancez une pièce. Si c'est face, le Pokémon Défenseur est maintenant Brûlé.","damage":40}],"weaknesses":[{"type":"Incolore","value":"×2"}],"resistances":[{"type":"Psy","value":"-30"},{"type":"Combat","value":"-30"}],"legal":{"standard":false,"expanded":false}},{"category":"Pokémon","id":"ex13-22","illustrator":"Masakazu Fukuda","image":"https://assets.tcgdex.net/fr/ex/ex13/22","localId":"22","name":"Latios δ ESPÈCES DELTA","rarity":"Rare","set":{"cardCount":{"official":110,"total":111},"id":"ex13","name":"EX Fantômes Holon","symbol":"https://assets.tcgdex.net/univ/ex/ex13/symbol"},"variants":{"firstEdition":false,"holo":true,"normal":true,"reverse":true,"wPromo":false},"dexId":[381],"hp":80,"types":["Eau"],"stage":"De base","attacks":[{"cost":["Incolore","Incolore"],"name":"Aqua-vague","effect":"Lancez une pièce. Si c'est face, cette attaque inflige 10 dégâts plus 20 dégâts supplémentaires.","damage":"10+"},{"cost":["Eau","Eau","Incolore"],"name":"Dracosouffle","effect":"Lancez une pièce. Si c'est pile, cette attaque est sans effet. Si c'est face, le Pokémon Défenseur est maintenant Paralysé.","damage":50}],"weaknesses":[{"type":"Incolore","value":"×2"}],"resistances":[{"type":"Plante","value":"-30"},{"type":"Combat","value":"-30"}],"legal":{"standard":false,"expanded":false}},{"category":"Pokémon","id":"ex13-23","illustrator":"Mitsuhiro Arita","image":"https://assets.tcgdex.net/fr/ex/ex13/23","localId":"23","name":"Mysdibule","rarity":"Rare","set":{"cardCount":{"official":110,"total":111},"id":"ex13","name":"EX Fantômes Holon","symbol":"https://assets.tcgdex.net/univ/ex/ex13/symbol"},"variants":{"firstEdition":false,"holo":true,"normal":true,"reverse":true,"wPromo":false},"dexId":[303],"hp":60,"types":["Métal"],"stage":"De base","attacks":[{"cost":["Incolore"],"name":"Feinte","effect":"Choisissez 1 des Pokémon de votre adversaire. Cette attaque lui inflige 10 dégâts. Les dégâts de cette attaque ne sont pas affectés par la Faiblesse, la Résistance, les Poké-Powers, les Poké-Bodies ou tout autre effet sur ce Pokémon."},{"cost":["Métal","Incolore"],"name":"Surprise","effect":"Choisissez sans regarder 1 carte de la main de votre adversaire. Regardez cette carte puis demandez à votre adversaire de la mélanger à son deck.","damage":20}],"weaknesses":[{"type":"Feu","value":"×2"}],"resistances":[{"type":"Plante","value":"-30"}],"legal":{"standard":false,"expanded":false}},{"category":"Pokémon","id":"ex13-24","illustrator":"Ryo Ueda","image":"https://assets.tcgdex.net/fr/ex/ex13/24","localId":"24","name":"Mewtwo δ ESPÈCES DELTA","rarity":"Rare","set":{"cardCount":{"official":110,"total":111},"id":"ex13","name":"EX Fantômes Holon","symbol":"https://assets.tcgdex.net/univ/ex/ex13/symbol"},"variants":{"firstEdition":false,"holo":true,"normal":true,"reverse":true,"wPromo":false},"dexId":[150],"hp":70,"types":["Électrique"],"stage":"De base","attacks":[{"cost":["Incolore"],"name":"Suppression psy","effect":"Choisissez 1 des attaques du Pokémon Défenseur. Ce Pokémon ne peut pas utiliser cette attaque lors du prochain tour de votre adversaire."},{"cost":["Électrique","Électrique","Incolore"],"name":"Météores","effect":"Les dégâts de cette attaque ne sont pas affectés par la Faiblesse, la Résistance, les Poké-Powers, les Poké-Bodies ou tout autre effet sur ce Pokémon.","damage":40}],"weaknesses":[{"type":"Psy","value":"×2"}],"legal":{"standard":false,"expanded":false}},{"category":"Pokémon","id":"ex13-25","illustrator":"Kagemaru Himeno","image":"https://assets.tcgdex.net/fr/ex/ex13/25","localId":"25","name":"Tarinor","rarity":"Rare","set":{"cardCount":{"official":110,"total":111},"id":"ex13","name":"EX Fantômes Holon","symbol":"https://assets.tcgdex.net/univ/ex/ex13/symbol"},"variants":{"firstEdition":false,"holo":true,"normal":true,"reverse":true,"wPromo":false},"dexId":[299],"hp":60,"types":["Combat"],"stage":"De base","attacks":[{"cost":["Incolore"],"name":"Ultrason","effect":"Lancez une pièce. Si c'est face, le Pokémon Défenseur est maintenant Confus.","damage":10},{"cost":["Combat","Incolore"],"name":"Éboulement","effect":"Inflige 10 dégâts à 2 des Pokémon de Banc de votre adversaire. (Vous ne pouvez pas appliquer la Faiblesse et la Résistance aux Pokémon de Banc.)","damage":20}],"weaknesses":[{"type":"Eau","value":"×2"}],"legal":{"standard":false,"expanded":false}},{"category":"Pokémon","id":"ex13-26","illustrator":"Ryo Ueda","image":"https://assets.tcgdex.net/fr/ex/ex13/26","localId":"26","name":"Rayquaza δ ESPÈCES DELTA","rarity":"Rare","set":{"cardCount":{"official":110,"total":111},"id":"ex13","name":"EX Fantômes Holon","symbol":"https://assets.tcgdex.net/univ/ex/ex13/symbol"},"variants":{"firstEdition":false,"holo":true,"normal":true,"reverse":true,"wPromo":false},"dexId":[384],"hp":80,"types":["Feu"],"stage":"De base","attacks":[{"cost":["Feu","Incolore"],"name":"Colère","effect":"Lancez une pièce. Si c'est pile, cette attaque est sans effet. Si c'est face, cette attaque inflige 10 dégâts plus 10 dégâts supplémentaires pour chaque marqueur de dégât sur Rayquaza.","damage":"10+"},{"cost":["Feu","Incolore","Incolore"],"name":"Lance-flamme","effect":"Défaussez 1 Énergie  attachée à Rayquaza.","damage":40}],"weaknesses":[{"type":"Incolore","value":"×2"}],"legal":{"standard":false,"expanded":false}},{"category":"Pokémon","id":"ex13-27","illustrator":"Ken Sugimori","image":"https://assets.tcgdex.net/fr/ex/ex13/27","localId":"27","name":"Regice","rarity":"Rare","set":{"cardCount":{"official":110,"total":111},"id":"ex13","name":"EX Fantômes Holon","symbol":"https://assets.tcgdex.net/univ/ex/ex13/symbol"},"variants":{"firstEdition":false,"holo":true,"normal":true,"reverse":true,"wPromo":false},"dexId":[378],"hp":80,"types":["Eau"],"stage":"De base","abilities":[{"type":"Poké-BODY","name":"Corps sain","effect":"Regice ne peut pas être affecté par des États Spéciaux."}],"attacks":[{"cost":["Eau","Eau","Incolore"],"name":"Vent glacé","effect":"Lancez une pièce. Si c'est face, le Pokémon Défenseur est maintenant Endormi.","damage":40}],"weaknesses":[{"type":"Métal","value":"×2"}],"legal":{"standard":false,"expanded":false}},{"category":"Pokémon","id":"ex13-28","illustrator":"Ken Sugimori","image":"https://assets.tcgdex.net/fr/ex/ex13/28","localId":"28","name":"Regirock","rarity":"Rare","set":{"cardCount":{"official":110,"total":111},"id":"ex13","name":"EX Fantômes Holon","symbol":"https://assets.tcgdex.net/univ/ex/ex13/symbol"},"variants":{"firstEdition":false,"holo":true,"normal":true,"reverse":true,"wPromo":false},"dexId":[377],"hp":80,"types":["Combat"],"stage":"De base","abilities":[{"type":"Poké-BODY","name":"Corps sain","effect":"Regirock ne peut pas être affecté par des États Spéciaux."}],"attacks":[{"cost":["Combat","Combat","Incolore"],"name":"Éboulement","effect":"Inflige 10 dégâts à 2 des Pokémon de Banc de votre adversaire. (Vous ne pouvez pas appliquer la Faiblesse et la Résistance aux Pokémon de Banc.)","damage":40}],"weaknesses":[{"type":"Eau","value":"×2"}],"legal":{"standard":false,"expanded":false}},{"category":"Pokémon","id":"ex13-29","illustrator":"Ken Sugimori","image":"https://assets.tcgdex.net/fr/ex/ex13/29","localId":"29","name":"Registeel","rarity":"Rare","set":{"cardCount":{"official":110,"total":111},"id":"ex13","name":"EX Fantômes Holon","symbol":"https://assets.tcgdex.net/univ/ex/ex13/symbol"},"variants":{"firstEdition":false,"holo":true,"normal":true,"reverse":true,"wPromo":false},"dexId":[379],"hp":80,"types":["Métal"],"stage":"De base","abilities":[{"type":"Poké-BODY","name":"Corps sain","effect":"Registeel ne peut pas être affecté par des États Spéciaux."}],"attacks":[{"cost":["Métal","Métal","Incolore"],"name":"Ultralaser","effect":"Lancez une pièce. Si c'est face, défaussez une carte Énergie attachée au Pokémon Défenseur.","damage":30}],"weaknesses":[{"type":"Feu","value":"×2"}],"resistances":[{"type":"Plante","value":"-30"}],"legal":{"standard":false,"expanded":false}},{"category":"Pokémon","id":"ex13-30","illustrator":"Mitsuhiro Arita","image":"https://assets.tcgdex.net/fr/ex/ex13/30","localId":"30","name":"Relicanth","rarity":"Rare","set":{"cardCount":{"official":110,"total":111},"id":"ex13","name":"EX Fantômes Holon","symbol":"https://assets.tcgdex.net/univ/ex/ex13/symbol"},"variants":{"firstEdition":false,"holo":true,"normal":true,"reverse":true,"wPromo":false},"dexId":[369],"hp":70,"types":["Eau"],"stage":"De base","abilities":[{"type":"Poké-BODY","name":"Aqua-élévation","effect":"Si Relicanth possède des Énergies , son Coût de retraite est de 0."}],"attacks":[{"cost":["Incolore","Incolore"],"name":"Asticotage","effect":"Lancez une pièce. Si c'est face, cette attaque inflige 20 dégâts plus 10 dégâts supplémentaires.","damage":"20+"}],"weaknesses":[{"type":"Électrique","value":"×2"}],"legal":{"standard":false,"expanded":false}},{"category":"Pokémon","id":"ex13-31","illustrator":"Mitsuhiro Arita","image":"https://assets.tcgdex.net/fr/ex/ex13/31","localId":"31","name":"Tenefix","rarity":"Rare","set":{"cardCount":{"official":110,"total":111},"id":"ex13","name":"EX Fantômes Holon","symbol":"https://assets.tcgdex.net/univ/ex/ex13/symbol"},"variants":{"firstEdition":false,"holo":true,"normal":true,"reverse":true,"wPromo":false},"dexId":[302],"hp":60,"types":["Obscurité"],"stage":"De base","attacks":[{"cost":["Incolore"],"name":"Regard paralysant","effect":"Lancez une pièce. Si c'est face, le Pokémon Défenseur est maintenant Paralysé."},{"cost":["Obscurité","Incolore"],"name":"Sabotage","effect":"Choisissez sans regarder une carte de la main de votre adversaire et défaussez-la.","damage":10}],"resistances":[{"type":"Incolore","value":"-30"}],"legal":{"standard":false,"expanded":false}},{"category":"Pokémon","id":"ex13-32","illustrator":"Kagemaru Himeno","image":"https://assets.tcgdex.net/fr/ex/ex13/32","localId":"32","name":"Seviper","rarity":"Rare","set":{"cardCount":{"official":110,"total":111},"id":"ex13","name":"EX Fantômes Holon","symbol":"https://assets.tcgdex.net/univ/ex/ex13/symbol"},"variants":{"firstEdition":false,"holo":true,"normal":true,"reverse":true,"wPromo":false},"dexId":[336],"hp":70,"types":["Plante"],"stage":"De base","attacks":[{"cost":["Incolore"],"name":"Croc-poison","effect":"Lancez une pièce. Si c'est face, le Pokémon Défenseur est maintenant Empoisonné."},{"cost":["Plante","Incolore","Incolore"],"name":"Morsure","damage":40}],"weaknesses":[{"type":"Psy","value":"×2"}],"legal":{"standard":false,"expanded":false}},{"category":"Pokémon","id":"ex13-33","illustrator":"Mitsuhiro Arita","image":"https://assets.tcgdex.net/fr/ex/ex13/33","localId":"33","name":"Chartor","rarity":"Rare","set":{"cardCount":{"official":110,"total":111},"id":"ex13","name":"EX Fantômes Holon","symbol":"https://assets.tcgdex.net/univ/ex/ex13/symbol"},"variants":{"firstEdition":false,"holo":true,"normal":true,"reverse":true,"wPromo":false},"dexId":[324],"hp":80,"types":["Feu"],"stage":"De base","attacks":[{"cost":["Incolore"],"name":"Écrase","effect":"Inflige 10 dégâts multipliés par le nombre d'Énergies attachées à Chartor.","damage":"10×"},{"cost":["Feu","Incolore","Incolore"],"name":"Fournaise","damage":40}],"weaknesses":[{"type":"Eau","value":"×2"}],"legal":{"standard":false,"expanded":false}},{"category":"Pokémon","id":"ex13-34","illustrator":"Mitsuhiro Arita","image":"https://assets.tcgdex.net/fr/ex/ex13/34","localId":"34","name":"Mangriff","rarity":"Rare","set":{"cardCount":{"official":110,"total":111},"id":"ex13","name":"EX Fantômes Holon","symbol":"https://assets.tcgdex.net/univ/ex/ex13/symbol"},"variants":{"firstEdition":false,"holo":true,"normal":true,"reverse":true,"wPromo":false},"dexId":[335],"hp":70,"types":["Incolore"],"stage":"De base","attacks":[{"cost":["Incolore"],"name":"Griffe","damage":10},{"cost":["Incolore","Incolore"],"name":"Taillade","effect":"Lancez 3 pièces. Si vous obtenez 1 face, cette attaque inflige 10 dégâts plus 10 dégâts supplémentaires. Si vous obtenez 2 faces, cette attaque inflige 10 dégâts plus 20 dégâts supplémentaires. Si vous n'obtenez que des faces, cette attaque inflige 10 dégâts plus 40 dégâts supplémentaires.","damage":"10+"}],"weaknesses":[{"type":"Combat","value":"×2"}],"legal":{"standard":false,"expanded":false}},{"category":"Pokémon","id":"ex13-35","illustrator":"Mitsuhiro Arita","image":"https://assets.tcgdex.net/fr/ex/ex13/35","localId":"35","name":"Ptera δ ESPÈCES DELTA","rarity":"Peu Commune","set":{"cardCount":{"official":110,"total":111},"id":"ex13","name":"EX Fantômes Holon","symbol":"https://assets.tcgdex.net/univ/ex/ex13/symbol"},"variants":{"firstEdition":false,"holo":true,"normal":true,"reverse":true,"wPromo":false},"dexId":[142],"hp":70,"types":["Feu"],"stage":"Niveau 1","abilities":[{"type":"Poké-POWER","name":"Lumière primale","effect":"Une seule fois lors de votre tour (avant votre attaque), vous pouvez choisir dans votre deck une carte Énergie de base, la montrer à votre adversaire et la placer dans votre main. Ensuite, mélangez votre deck. Ce pouvoir ne peut pas être utilisé si Ptera est affecté par un État Spécial."}],"attacks":[{"cost":["Feu","Incolore"],"name":"Tête de granit","effect":"Lors du prochain tour de votre adversaire, tous dégâts infligés à Ptera par des attaques sont réduits de 10 (après application de la Faiblesse et de la Résistance).","damage":30}],"weaknesses":[{"type":"Électrique","value":"×2"}],"resistances":[{"type":"Combat","value":"-30"}],"legal":{"standard":false,"expanded":false}},{"category":"Pokémon","id":"ex13-36","illustrator":"Atsuko Nishida","image":"https://assets.tcgdex.net/fr/ex/ex13/36","localId":"36","name":"Camerupt","rarity":"Peu Commune","set":{"cardCount":{"official":110,"total":111},"id":"ex13","name":"EX Fantômes Holon","symbol":"https://assets.tcgdex.net/univ/ex/ex13/symbol"},"variants":{"firstEdition":false,"holo":true,"normal":true,"reverse":true,"wPromo":false},"dexId":[323],"hp":90,"types":["Feu"],"stage":"Niveau 1","attacks":[{"cost":["Incolore","Incolore"],"name":"Ampleur","effect":"Inflige 10 dégâts à chaque Pokémon de Banc (les vôtres et ceux de votre adversaire). (Vous ne pouvez pas appliquer la Faiblesse et la Résistance aux Pokémon de Banc.)","damage":20},{"cost":["Feu","Incolore","Incolore"],"name":"Bélier","effect":"Camerupt s'inflige 10 dégâts.","damage":60}],"weaknesses":[{"type":"Eau","value":"×2"}],"legal":{"standard":false,"expanded":false}},{"category":"Pokémon","id":"ex13-37","illustrator":"Mitsuhiro Arita","image":"https://assets.tcgdex.net/fr/ex/ex13/37","localId":"37","name":"Eoko δ ESPÈCES DELTA","rarity":"Peu Commune","set":{"cardCount":{"official":110,"total":111},"id":"ex13","name":"EX Fantômes Holon","symbol":"https://assets.tcgdex.net/univ/ex/ex13/symbol"},"variants":{"firstEdition":false,"holo":true,"normal":true,"reverse":true,"wPromo":false},"dexId":[358],"hp":60,"types":["Métal"],"stage":"De base","abilities":[{"type":"Poké-POWER","name":"Support Delta","effect":"Une seule fois lors de votre tour (avant votre attaque), si vous avez une carte Supporter dont le nom comporte Holon en jeu, vous pouvez choisir dans votre pile de défausse une carte Énergie de base ou une carte Énergie Multicolore δ. Montrez-la à votre adversaire et placez-la dans votre main. Ce pouvoir ne peut pas être utilisé si Eoko est affecté par un État Spécial."}],"attacks":[{"cost":["Incolore","Incolore"],"name":"Crochet","damage":20}],"weaknesses":[{"type":"Psy","value":"×2"}],"legal":{"standard":false,"expanded":false}},{"category":"Pokémon","id":"ex13-38","illustrator":"Kagemaru Himeno","image":"https://assets.tcgdex.net/fr/ex/ex13/38","localId":"38","name":"Kaorine","rarity":"Peu Commune","set":{"cardCount":{"official":110,"total":111},"id":"ex13","name":"EX Fantômes Holon","symbol":"https://assets.tcgdex.net/univ/ex/ex13/symbol"},"variants":{"firstEdition":false,"holo":true,"normal":true,"reverse":true,"wPromo":false},"dexId":[344],"hp":80,"types":["Psy"],"stage":"Niveau 1","attacks":[{"cost":["Incolore"],"name":"Laser de grande envergure","effect":"Inflige 10 dégâts à chacun des Pokémon de votre adversaire. (Vous ne pouvez pas appliquer la Faiblesse et la Résistance aux Pokémon de Banc.)"},{"cost":["Psy","Incolore","Incolore"],"name":"Ultralaser","effect":"Lancez une pièce. Si c'est face, défaussez une carte Énergie attachée au Pokémon Défenseur.","damage":40}],"weaknesses":[{"type":"Psy","value":"×2"}],"legal":{"standard":false,"expanded":false}},{"category":"Pokémon","id":"ex13-39","illustrator":"Kagemaru Himeno","image":"https://assets.tcgdex.net/fr/ex/ex13/39","localId":"39","name":"Galifeu","rarity":"Peu Commune","set":{"cardCount":{"official":110,"total":111},"id":"ex13","name":"EX Fantômes Holon","symbol":"https://assets.tcgdex.net/univ/ex/ex13/symbol"},"variants":{"firstEdition":false,"holo":true,"normal":true,"reverse":true,"wPromo":false},"dexId":[256],"hp":70,"types":["Feu"],"stage":"Niveau 1","attacks":[{"cost":["Incolore","Incolore"],"name":"Tranche","damage":20},{"cost":["Feu","Incolore","Incolore"],"name":"Ça sent le roussi !","effect":"Lancez une pièce. Si c'est face, le Pokémon Défenseur est maintenant Brûlé.","damage":40}],"weaknesses":[{"type":"Eau","value":"×2"}],"legal":{"standard":false,"expanded":false}},{"category":"Pokémon","id":"ex13-40","illustrator":"Hisao Nakamura","image":"https://assets.tcgdex.net/fr/ex/ex13/40","localId":"40","name":"Donphan","rarity":"Peu Commune","set":{"cardCount":{"official":110,"total":111},"id":"ex13","name":"EX Fantômes Holon","symbol":"https://assets.tcgdex.net/univ/ex/ex13/symbol"},"variants":{"firstEdition":false,"holo":true,"normal":true,"reverse":true,"wPromo":false},"dexId":[232],"hp":80,"types":["Combat"],"stage":"Niveau 1","attacks":[{"cost":["Combat"],"name":"Lance-pierre","effect":"Les dégâts de cette attaque ne sont pas affectés par la Résistance.","damage":20},{"cost":["Incolore","Incolore","Incolore"],"name":"Double tour","effect":"Lancez 2 pièces. Cette attaque inflige 50 dégâts multipliés par le nombre de faces.","damage":"50×"}],"weaknesses":[{"type":"Plante","value":"×2"}],"legal":{"standard":false,"expanded":false}},{"category":"Pokémon","id":"ex13-41","illustrator":"Midori Harada","image":"https://assets.tcgdex.net/fr/ex/ex13/41","localId":"41","name":"Noadkoko δ ESPÈCES DELTA","rarity":"Peu Commune","set":{"cardCount":{"official":110,"total":111},"id":"ex13","name":"EX Fantômes Holon","symbol":"https://assets.tcgdex.net/univ/ex/ex13/symbol"},"variants":{"firstEdition":false,"holo":true,"normal":true,"reverse":true,"wPromo":false},"dexId":[103],"hp":80,"types":["Combat"],"stage":"Niveau 1","attacks":[{"cost":["Incolore","Incolore"],"name":"Cercle Delta","effect":"Inflige 10 dégâts plus 10 dégâts supplémentaires pour chaque Pokémon possédant le symbole δ que vous avez en jeu.","damage":"10+"},{"cost":["Combat","Incolore","Incolore"],"name":"Bombe fendante","effect":"Choisissez 2 des Pokémon de votre adversaire. Cette attaque inflige 30 dégâts à chacun. (Vous ne pouvez pas appliquer la Faiblesse et la Résistance aux Pokémon de Banc.)"}],"weaknesses":[{"type":"Psy","value":"×2"}],"legal":{"standard":false,"expanded":false}},{"category":"Pokémon","id":"ex13-42","illustrator":"Midori Harada","image":"https://assets.tcgdex.net/fr/ex/ex13/42","localId":"42","name":"Ortide δ ESPÈCES DELTA","rarity":"Peu Commune","set":{"cardCount":{"official":110,"total":111},"id":"ex13","name":"EX Fantômes Holon","symbol":"https://assets.tcgdex.net/univ/ex/ex13/symbol"},"variants":{"firstEdition":false,"holo":true,"normal":true,"reverse":true,"wPromo":false},"dexId":[44],"hp":70,"types":["Psy"],"stage":"Niveau 1","attacks":[{"cost":["Incolore"],"name":"Gluant","damage":20},{"cost":["Psy","Incolore"],"name":"Acide","effect":"Le Pokémon Défenseur ne pourra pas battre en retraite lors du prochain tour de votre adversaire.","damage":30}],"weaknesses":[{"type":"Psy","value":"×2"}],"legal":{"standard":false,"expanded":false}},{"category":"Pokémon","id":"ex13-43","illustrator":"Midori Harada","image":"https://assets.tcgdex.net/fr/ex/ex13/43","localId":"43","name":"Akwakwak δ ESPÈCES DELTA","rarity":"Peu Commune","set":{"cardCount":{"official":110,"total":111},"id":"ex13","name":"EX Fantômes Holon","symbol":"https://assets.tcgdex.net/univ/ex/ex13/symbol"},"variants":{"firstEdition":false,"holo":true,"normal":true,"reverse":true,"wPromo":false},"dexId":[55],"hp":70,"types":["Électrique"],"stage":"Niveau 1","abilities":[{"type":"Poké-BODY","name":"Blocage Delta","effect":"Tant que des cartes Stade dont le nom comporte Holon sont en jeu, votre adversaire ne peut pas jouer de carte Stade de sa main."}],"attacks":[{"cost":["Électrique","Incolore"],"name":"Manoeuvre psychologique","effect":"Choisissez sans regarder 1 carte de la main de votre adversaire. Regardez cette carte. Si c'est une carte Dresseur, cette attaque inflige 30 dégâts plus 30 dégâts supplémentaires. Défaussez cette carte. Si cette carte n'est pas une carte Dresseur, replacez-la dans la main de votre adversaire.","damage":"30+"}],"weaknesses":[{"type":"Électrique","value":"×2"}],"legal":{"standard":false,"expanded":false}},{"category":"Pokémon","id":"ex13-44","illustrator":"Mitsuhiro Arita","image":"https://assets.tcgdex.net/fr/ex/ex13/44","localId":"44","name":"Morpheo d'Holon","rarity":"Peu Commune","set":{"cardCount":{"official":110,"total":111},"id":"ex13","name":"EX Fantômes Holon","symbol":"https://assets.tcgdex.net/univ/ex/ex13/symbol"},"variants":{"firstEdition":false,"holo":true,"normal":true,"reverse":true,"wPromo":false},"dexId":[351],"hp":50,"types":["Incolore"],"stage":"De base","attacks":[{"cost":["Incolore"],"name":"Pioche Delta","effect":"Comptabilisez le nombre de Pokémon possédant le symbole δ que vous avez en jeu. Piochez autant de cartes."}],"weaknesses":[{"type":"Combat","value":"×2"}],"legal":{"standard":false,"expanded":false}},{"category":"Pokémon","id":"ex13-45","illustrator":"Masakazu Fukuda","image":"https://assets.tcgdex.net/fr/ex/ex13/45","localId":"45","name":"Galegon","rarity":"Peu Commune","set":{"cardCount":{"official":110,"total":111},"id":"ex13","name":"EX Fantômes Holon","symbol":"https://assets.tcgdex.net/univ/ex/ex13/symbol"},"variants":{"firstEdition":false,"holo":true,"normal":true,"reverse":true,"wPromo":false},"dexId":[305],"hp":80,"types":["Métal"],"stage":"Niveau 1","attacks":[{"cost":["Incolore","Incolore"],"name":"Charge","damage":20},{"cost":["Incolore","Incolore","Incolore"],"name":"Tête d'acier","effect":"Lancez une pièce jusqu'à ce que vous obteniez pile. Cette attaque inflige 30 dégâts multipliés par le nombre de faces.","damage":"30×"}],"weaknesses":[{"type":"Feu","value":"×2"}],"resistances":[{"type":"Plante","value":"-30"}],"legal":{"standard":false,"expanded":false}},{"category":"Pokémon","id":"ex13-46","illustrator":"Midori Harada","image":"https://assets.tcgdex.net/fr/ex/ex13/46","localId":"46","name":"Elecsprint","rarity":"Peu Commune","set":{"cardCount":{"official":110,"total":111},"id":"ex13","name":"EX Fantômes Holon","symbol":"https://assets.tcgdex.net/univ/ex/ex13/symbol"},"variants":{"firstEdition":false,"holo":true,"normal":true,"reverse":true,"wPromo":false},"dexId":[310],"hp":80,"types":["Électrique"],"stage":"Niveau 1","attacks":[{"cost":["Incolore"],"name":"Plasma","effect":"Cherchez dans votre pile de défausse une carte Énergie  et attachez-la à Elecsprint.","damage":20},{"cost":["Électrique","Incolore","Incolore"],"name":"Coup d'poing éclair","effect":"Lancez une pièce. Si c'est face, cette attaque inflige 40 dégâts plus 20 dégâts supplémentaires.","damage":"40+"}],"weaknesses":[{"type":"Combat","value":"×2"}],"resistances":[{"type":"Métal","value":"-30"}],"legal":{"standard":false,"expanded":false}},{"category":"Pokémon","id":"ex13-47","illustrator":"Atsuko Nishida","image":"https://assets.tcgdex.net/fr/ex/ex13/47","localId":"47","name":"Maskadra","rarity":"Peu Commune","set":{"cardCount":{"official":110,"total":111},"id":"ex13","name":"EX Fantômes Holon","symbol":"https://assets.tcgdex.net/univ/ex/ex13/symbol"},"variants":{"firstEdition":false,"holo":true,"normal":true,"reverse":true,"wPromo":false},"dexId":[284],"hp":70,"types":["Plante"],"stage":"Niveau 1","attacks":[{"cost":["Incolore"],"name":"Doux parfum","effect":"Retirer 2 marqueurs de dégât à 1 de vos Pokémon."},{"cost":["Plante","Incolore"],"name":"Vive-attaque","effect":"Lancez une pièce. Si c'est face, cette attaque inflige 30 dégâts plus 10 dégâts supplémentaires.","damage":"30+"}],"weaknesses":[{"type":"Feu","value":"×2"}],"legal":{"standard":false,"expanded":false}},{"category":"Pokémon","id":"ex13-48","illustrator":"Midori Harada","image":"https://assets.tcgdex.net/fr/ex/ex13/48","localId":"48","name":"Persian δ ESPÈCES DELTA","rarity":"Peu Commune","set":{"cardCount":{"official":110,"total":111},"id":"ex13","name":"EX Fantômes Holon","symbol":"https://assets.tcgdex.net/univ/ex/ex13/symbol"},"variants":{"firstEdition":false,"holo":true,"normal":true,"reverse":true,"wPromo":false},"dexId":[53],"hp":70,"types":["Obscurité","Métal"],"stage":"Niveau 1","attacks":[{"cost":["Obscurité","Incolore"],"name":"Griffer et piocher","effect":"Si une carte Stade dont le nom comporte Holon est en jeu, piochez 3 cartes.","damage":30},{"cost":["Métal","Incolore"],"name":"Trahison","effect":"Votre adversaire choisit 1 de ses Pokémon. Placez 4 marqueurs de dégât sur ce Pokémon."}],"weaknesses":[{"type":"Combat","value":"×2"}],"legal":{"standard":false,"expanded":false}},{"category":"Pokémon","id":"ex13-49","illustrator":"Atsuko Nishida","image":"https://assets.tcgdex.net/fr/ex/ex13/49","localId":"49","name":"Roucoups δ ESPÈCES DELTA","rarity":"Peu Commune","set":{"cardCount":{"official":110,"total":111},"id":"ex13","name":"EX Fantômes Holon","symbol":"https://assets.tcgdex.net/univ/ex/ex13/symbol"},"variants":{"firstEdition":false,"holo":true,"normal":true,"reverse":true,"wPromo":false},"dexId":[17],"hp":70,"types":["Électrique"],"stage":"Niveau 1","attacks":[{"cost":["Électrique","Incolore"],"name":"Cyclone","effect":"Votre adversaire échange le Pokémon Défenseur avec 1 de ses Pokémon de Banc.","damage":30}],"weaknesses":[{"type":"Électrique","value":"×2"}],"resistances":[{"type":"Combat","value":"-30"}],"legal":{"standard":false,"expanded":false}},{"category":"Pokémon","id":"ex13-50","illustrator":"Hajime Kusajima","image":"https://assets.tcgdex.net/fr/ex/ex13/50","localId":"50","name":"Colossinge δ ESPÈCES DELTA","rarity":"Peu Commune","set":{"cardCount":{"official":110,"total":111},"id":"ex13","name":"EX Fantômes Holon","symbol":"https://assets.tcgdex.net/univ/ex/ex13/symbol"},"variants":{"firstEdition":false,"holo":true,"normal":true,"reverse":true,"wPromo":false},"dexId":[57],"hp":70,"types":["Feu"],"stage":"Niveau 1","attacks":[{"cost":["Feu","Incolore"],"name":"Anéantissement","effect":"Si une carte Stade est en jeu, cette attaque inflige 30 dégâts plus 30 dégâts supplémentaires. Défaussez cette carte Stade.","damage":"30+"},{"cost":["Feu","Incolore","Incolore"],"name":"Flammes de rage","effect":"Défaussez 2 Énergies attachées à Colossinge. Cette attaque inflige 10 dégâts plus 20 dégâts supplémentaires pour chaque marqueur de dégât sur Colossinge.","damage":"10+"}],"weaknesses":[{"type":"Psy","value":"×2"}],"legal":{"standard":false,"expanded":false}},{"category":"Pokémon","id":"ex13-51","illustrator":"Kouki Saitou","image":"https://assets.tcgdex.net/fr/ex/ex13/51","localId":"51","name":"Raichu","rarity":"Peu Commune","set":{"cardCount":{"official":110,"total":111},"id":"ex13","name":"EX Fantômes Holon","symbol":"https://assets.tcgdex.net/univ/ex/ex13/symbol"},"variants":{"firstEdition":false,"holo":true,"normal":true,"reverse":true,"wPromo":false},"dexId":[26],"hp":80,"types":["Électrique"],"stage":"Niveau 1","attacks":[{"cost":["Incolore","Incolore"],"name":"Éclair","effect":"Lancez une pièce. Si c'est face, le Pokémon Défenseur est maintenant Paralysé.","damage":20},{"cost":["Électrique","Incolore","Incolore"],"name":"Pik'éclair","damage":50}],"weaknesses":[{"type":"Combat","value":"×2"}],"legal":{"standard":false,"expanded":false}},{"category":"Pokémon","id":"ex13-52","illustrator":"Kouki Saitou","image":"https://assets.tcgdex.net/fr/ex/ex13/52","localId":"52","name":"Hypocéan δ ESPÈCES DELTA","rarity":"Peu Commune","set":{"cardCount":{"official":110,"total":111},"id":"ex13","name":"EX Fantômes Holon","symbol":"https://assets.tcgdex.net/univ/ex/ex13/symbol"},"variants":{"firstEdition":false,"holo":true,"normal":true,"reverse":true,"wPromo":false},"dexId":[117],"hp":70,"types":["Feu"],"stage":"Niveau 1","attacks":[{"cost":["Incolore","Incolore"],"name":"Flammes calcinantes","effect":"Le Pokémon Défenseur est maintenant Brûlé.","damage":10},{"cost":["Feu","Incolore","Incolore"],"name":"Fournaise","damage":40}],"weaknesses":[{"type":"Électrique","value":"×2"}],"legal":{"standard":false,"expanded":false}},{"category":"Pokémon","id":"ex13-53","illustrator":"Mitsuhiro Arita","image":"https://assets.tcgdex.net/fr/ex/ex13/53","localId":"53","name":"Sharpedo δ ESPÈCES DELTA","rarity":"Peu Commune","set":{"cardCount":{"official":110,"total":111},"id":"ex13","name":"EX Fantômes Holon","symbol":"https://assets.tcgdex.net/univ/ex/ex13/symbol"},"variants":{"firstEdition":false,"holo":true,"normal":true,"reverse":true,"wPromo":false},"dexId":[319],"hp":70,"types":["Combat"],"stage":"Niveau 1","attacks":[{"cost":["Incolore","Incolore"],"name":"Repousser","effect":"Si Sharpedo possède des cartes Énergie Holon, choisissez sans regarder 1 carte de la main de votre adversaire et défaussez-la.","damage":30},{"cost":["Combat","Incolore","Incolore"],"name":"Tour express","effect":"Si le Pokémon Défenseur possède une Résistance , cette attaque inflige 50 dégâts plus 30 dégâts supplémentaires.","damage":"50+"}],"weaknesses":[{"type":"Électrique","value":"×2"}],"legal":{"standard":false,"expanded":false}},{"category":"Pokémon","id":"ex13-54","illustrator":"Masakazu Fukuda","image":"https://assets.tcgdex.net/fr/ex/ex13/54","localId":"54","name":"Vibraninf δ ESPÈCES DELTA","rarity":"Peu Commune","set":{"cardCount":{"official":110,"total":111},"id":"ex13","name":"EX Fantômes Holon","symbol":"https://assets.tcgdex.net/univ/ex/ex13/symbol"},"variants":{"firstEdition":false,"holo":true,"normal":true,"reverse":true,"wPromo":false},"dexId":[329],"hp":80,"types":["Plante"],"stage":"Niveau 1","attacks":[{"cost":["Incolore","Incolore"],"name":"Asticotage","effect":"Lancez une pièce. Si c'est face, cette attaque inflige 20 dégâts plus 10 dégâts supplémentaires.","damage":"20+"},{"cost":["Plante","Incolore","Incolore"],"name":"Vent glacial","damage":40}],"weaknesses":[{"type":"Incolore","value":"×2"}],"resistances":[{"type":"Électrique","value":"-30"},{"type":"Combat","value":"-30"}],"legal":{"standard":false,"expanded":false}},{"category":"Pokémon","id":"ex13-55","illustrator":"Midori Harada","image":"https://assets.tcgdex.net/fr/ex/ex13/55","localId":"55","name":"Barbicha","rarity":"Peu Commune","set":{"cardCount":{"official":110,"total":111},"id":"ex13","name":"EX Fantômes Holon","symbol":"https://assets.tcgdex.net/univ/ex/ex13/symbol"},"variants":{"firstEdition":false,"holo":true,"normal":true,"reverse":true,"wPromo":false},"dexId":[340],"hp":80,"types":["Combat"],"stage":"Niveau 1","attacks":[{"cost":["Incolore"],"name":"Jet de galet","effect":"Les dégâts de cette attaque ne sont pas affectés par la Résistance.","damage":20},{"cost":["Combat","Incolore","Incolore"],"name":"Séisme","effect":"Inflige 10 dégâts à chacun des Pokémon de votre Banc. (Vous ne pouvez pas appliquer la Faiblesse et la Résistance aux Pokémon de Banc.)","damage":60}],"weaknesses":[{"type":"Plante","value":"×2"}],"legal":{"standard":false,"expanded":false}},{"category":"Pokémon","id":"ex13-56","illustrator":"Katsura Tabata","image":"https://assets.tcgdex.net/fr/ex/ex13/56","localId":"56","name":"Qulbutoké","rarity":"Peu Commune","set":{"cardCount":{"official":110,"total":111},"id":"ex13","name":"EX Fantômes Holon","symbol":"https://assets.tcgdex.net/univ/ex/ex13/symbol"},"variants":{"firstEdition":false,"holo":true,"normal":true,"reverse":true,"wPromo":false},"dexId":[202],"hp":70,"types":["Psy"],"stage":"De base","attacks":[{"cost":["Incolore"],"name":"À la rescousse!","effect":"Choisissez dans votre deck jusqu'à 2 Pokémon de base et placez-les sur votre Banc. Ensuite, mélangez votre deck."},{"cost":["Psy","Incolore"],"name":"Représailles","effect":"Inflige 10 dégâts multipliés par le nombre de marqueurs de dégât sur Qulbutoké.","damage":"10×"}],"weaknesses":[{"type":"Psy","value":"×2"}],"legal":{"standard":false,"expanded":false}},{"category":"Pokémon","id":"ex13-57","illustrator":"Hajime Kusajima","image":"https://assets.tcgdex.net/fr/ex/ex13/57","localId":"57","name":"Anorith δ ESPÈCES DELTA","rarity":"Commune","set":{"cardCount":{"official":110,"total":111},"id":"ex13","name":"EX Fantômes Holon","symbol":"https://assets.tcgdex.net/univ/ex/ex13/symbol"},"variants":{"firstEdition":false,"holo":true,"normal":true,"reverse":true,"wPromo":false},"dexId":[347],"hp":70,"types":["Métal"],"stage":"Niveau 1","attacks":[{"cost":["Métal"],"name":"Griffe acier","damage":20},{"cost":["Incolore","Incolore","Incolore"],"name":"Botte secrète","effect":"Lancez une pièce. Si c'est face, cette attaque inflige 30 dégâts plus 20 dégâts supplémentaires.","damage":"30+"}],"weaknesses":[{"type":"Plante","value":"×2"}],"legal":{"standard":false,"expanded":false}},{"category":"Pokémon","id":"ex13-58","illustrator":"Masakazu Fukuda","image":"https://assets.tcgdex.net/fr/ex/ex13/58","localId":"58","name":"Galekid","rarity":"Commune","set":{"cardCount":{"official":110,"total":111},"id":"ex13","name":"EX Fantômes Holon","symbol":"https://assets.tcgdex.net/univ/ex/ex13/symbol"},"variants":{"firstEdition":false,"holo":true,"normal":true,"reverse":true,"wPromo":false},"dexId":[304],"hp":40,"types":["Métal"],"stage":"De base","attacks":[{"cost":["Incolore"],"name":"Coud'boue","damage":10},{"cost":["Métal","Incolore"],"name":"Griffe acier","damage":20}],"weaknesses":[{"type":"Feu","value":"×2"}],"resistances":[{"type":"Plante","value":"-30"}],"legal":{"standard":false,"expanded":false}},{"category":"Pokémon","id":"ex13-59","illustrator":"Kagemaru Himeno","image":"https://assets.tcgdex.net/fr/ex/ex13/59","localId":"59","name":"Balbuto","rarity":"Commune","set":{"cardCount":{"official":110,"total":111},"id":"ex13","name":"EX Fantômes Holon","symbol":"https://assets.tcgdex.net/univ/ex/ex13/symbol"},"variants":{"firstEdition":false,"holo":true,"normal":true,"reverse":true,"wPromo":false},"dexId":[343],"hp":50,"types":["Psy"],"stage":"De base","attacks":[{"cost":["Incolore"],"name":"Collision","damage":10},{"cost":["Psy","Incolore"],"name":"Torgnoles","effect":"Lancez 2 pièces. Cette attaque inflige 20 dégâts multipliés par le nombre de faces.","damage":"20×"}],"weaknesses":[{"type":"Psy","value":"×2"}],"legal":{"standard":false,"expanded":false}},{"category":"Pokémon","id":"ex13-60","illustrator":"Midori Harada","image":"https://assets.tcgdex.net/fr/ex/ex13/60","localId":"60","name":"Barloche","rarity":"Commune","set":{"cardCount":{"official":110,"total":111},"id":"ex13","name":"EX Fantômes Holon","symbol":"https://assets.tcgdex.net/univ/ex/ex13/symbol"},"variants":{"firstEdition":false,"holo":true,"normal":true,"reverse":true,"wPromo":false},"dexId":[339],"hp":50,"types":["Combat"],"stage":"De base","attacks":[{"cost":["Incolore"],"name":"Cascade","damage":10},{"cost":["Combat"],"name":"Fléau","effect":"Inflige 10 dégâts multipliés par le nombre de marqueurs de dégât sur Barloche.","damage":"10×"}],"weaknesses":[{"type":"Plante","value":"×2"}],"legal":{"standard":false,"expanded":false}},{"category":"Pokémon","id":"ex13-61","illustrator":"Kouki Saitou","image":"https://assets.tcgdex.net/fr/ex/ex13/61","localId":"61","name":"Carvanha δ ESPÈCES DELTA","rarity":"Commune","set":{"cardCount":{"official":110,"total":111},"id":"ex13","name":"EX Fantômes Holon","symbol":"https://assets.tcgdex.net/univ/ex/ex13/symbol"},"variants":{"firstEdition":false,"holo":true,"normal":true,"reverse":true,"wPromo":false},"dexId":[318],"hp":40,"types":["Combat"],"stage":"De base","attacks":[{"cost":["Incolore"],"name":"Morsure","damage":10},{"cost":["Combat","Incolore"],"name":"Attaque imprudente","effect":"Lancez une pièce. Si c'est pile, Carvanha s'inflige 10 dégâts.","damage":30}],"weaknesses":[{"type":"Électrique","value":"×2"}],"legal":{"standard":false,"expanded":false}},{"category":"Pokémon","id":"ex13-62","illustrator":"Mitsuhiro Arita","image":"https://assets.tcgdex.net/fr/ex/ex13/62","localId":"62","name":"Ecrapince","rarity":"Commune","set":{"cardCount":{"official":110,"total":111},"id":"ex13","name":"EX Fantômes Holon","symbol":"https://assets.tcgdex.net/univ/ex/ex13/symbol"},"variants":{"firstEdition":false,"holo":true,"normal":true,"reverse":true,"wPromo":false},"dexId":[341],"hp":50,"types":["Eau"],"stage":"De base","attacks":[{"cost":["Incolore"],"name":"Poing en tire-bouchon","damage":10},{"cost":["Incolore","Incolore","Incolore"],"name":"Guillotine","damage":30}],"weaknesses":[{"type":"Électrique","value":"×2"}],"legal":{"standard":false,"expanded":false}},{"category":"Pokémon","id":"ex13-63","illustrator":"Midori Harada","image":"https://assets.tcgdex.net/fr/ex/ex13/63","localId":"63","name":"Ecrapince","rarity":"Commune","set":{"cardCount":{"official":110,"total":111},"id":"ex13","name":"EX Fantômes Holon","symbol":"https://assets.tcgdex.net/univ/ex/ex13/symbol"},"variants":{"firstEdition":false,"holo":true,"normal":true,"reverse":true,"wPromo":false},"dexId":[341],"hp":40,"types":["Eau"],"stage":"De base","attacks":[{"cost":["Incolore"],"name":"Fléau","effect":"Inflige 10 dégâts multipliés par le nombre de marqueurs de dégât sur Ecrapince.","damage":"10×"},{"cost":["Eau"],"name":"Pince-masse","damage":10}],"weaknesses":[{"type":"Électrique","value":"×2"}],"legal":{"standard":false,"expanded":false}},{"category":"Pokémon","id":"ex13-64","illustrator":"Midori Harada","image":"https://assets.tcgdex.net/fr/ex/ex13/64","localId":"64","name":"Dynavolt","rarity":"Commune","set":{"cardCount":{"official":110,"total":111},"id":"ex13","name":"EX Fantômes Holon","symbol":"https://assets.tcgdex.net/univ/ex/ex13/symbol"},"variants":{"firstEdition":false,"holo":true,"normal":true,"reverse":true,"wPromo":false},"dexId":[309],"hp":40,"types":["Électrique"],"stage":"De base","attacks":[{"cost":["Incolore"],"name":"Éclair","effect":"Lancez une pièce. Si c'est face, le Pokémon Défenseur est maintenant Paralysé.","damage":10}],"weaknesses":[{"type":"Combat","value":"×2"}],"resistances":[{"type":"Métal","value":"-30"}],"legal":{"standard":false,"expanded":false}},{"category":"Pokémon","id":"ex13-65","illustrator":"Atsuko Nishida","image":"https://assets.tcgdex.net/fr/ex/ex13/65","localId":"65","name":"Noeunoeuf δ ESPÈCES DELTA","rarity":"Commune","set":{"cardCount":{"official":110,"total":111},"id":"ex13","name":"EX Fantômes Holon","symbol":"https://assets.tcgdex.net/univ/ex/ex13/symbol"},"variants":{"firstEdition":false,"holo":true,"normal":true,"reverse":true,"wPromo":false},"dexId":[102],"hp":50,"types":["Combat"],"stage":"De base","attacks":[{"cost":["Incolore"],"name":"Roulade","damage":10},{"cost":["Combat","Incolore"],"name":"Jet de caillou","effect":"Choisissez 1 des Pokémon de Banc de votre adversaire. Cette attaque lui inflige 20 dégâts. (Vous ne pouvez pas appliquer la Faiblesse et la Résistance aux Pokémon de Banc.)"}],"weaknesses":[{"type":"Psy","value":"×2"}],"legal":{"standard":false,"expanded":false}},{"category":"Pokémon","id":"ex13-66","illustrator":"Atsuko Nishida","image":"https://assets.tcgdex.net/fr/ex/ex13/66","localId":"66","name":"Hypotrempe δ ESPÈCES DELTA","rarity":"Commune","set":{"cardCount":{"official":110,"total":111},"id":"ex13","name":"EX Fantômes Holon","symbol":"https://assets.tcgdex.net/univ/ex/ex13/symbol"},"variants":{"firstEdition":false,"holo":true,"normal":true,"reverse":true,"wPromo":false},"dexId":[116],"hp":50,"types":["Feu"],"stage":"De base","attacks":[{"cost":["Incolore"],"name":"Collision","damage":10},{"cost":["Feu","Incolore"],"name":"Crachage de feu régulier","damage":20}],"weaknesses":[{"type":"Électrique","value":"×2"}],"legal":{"standard":false,"expanded":false}},{"category":"Pokémon","id":"ex13-67","illustrator":"Hajime Kusajima","image":"https://assets.tcgdex.net/fr/ex/ex13/67","localId":"67","name":"Kabuto δ ESPÈCES DELTA","rarity":"Commune","set":{"cardCount":{"official":110,"total":111},"id":"ex13","name":"EX Fantômes Holon","symbol":"https://assets.tcgdex.net/univ/ex/ex13/symbol"},"variants":{"firstEdition":false,"holo":true,"normal":true,"reverse":true,"wPromo":false},"dexId":[140],"hp":70,"types":["Électrique"],"stage":"Niveau 1","attacks":[{"cost":["Électrique"],"name":"Lumière étrange","effect":"Le Pokémon Défenseur est maintenant Confus."},{"cost":["Incolore","Incolore"],"name":"Coquill-attaque","damage":20}],"weaknesses":[{"type":"Plante","value":"×2"}],"legal":{"standard":false,"expanded":false}},{"category":"Pokémon","id":"ex13-68","illustrator":"Kagemaru Himeno","image":"https://assets.tcgdex.net/fr/ex/ex13/68","localId":"68","name":"Lilia δ ESPÈCES DELTA","rarity":"Commune","set":{"cardCount":{"official":110,"total":111},"id":"ex13","name":"EX Fantômes Holon","symbol":"https://assets.tcgdex.net/univ/ex/ex13/symbol"},"variants":{"firstEdition":false,"holo":true,"normal":true,"reverse":true,"wPromo":false},"dexId":[345],"hp":80,"types":["Obscurité"],"stage":"Niveau 1","attacks":[{"cost":["Obscurité"],"name":"Tentacules empoisonnées","effect":"Le Pokémon Défenseur est maintenant empoisonné."},{"cost":["Incolore","Incolore"],"name":"Tir de boue","damage":20}],"weaknesses":[{"type":"Feu","value":"×2"}],"legal":{"standard":false,"expanded":false}},{"category":"Pokémon","id":"ex13-69","illustrator":"Midori Harada","image":"https://assets.tcgdex.net/fr/ex/ex13/69","localId":"69","name":"Magicarpe δ ESPÈCES DELTA","rarity":"Commune","set":{"cardCount":{"official":110,"total":111},"id":"ex13","name":"EX Fantômes Holon","symbol":"https://assets.tcgdex.net/univ/ex/ex13/symbol"},"variants":{"firstEdition":false,"holo":true,"normal":true,"reverse":true,"wPromo":false},"dexId":[129],"hp":30,"types":["Métal"],"stage":"De base","attacks":[{"cost":["Métal"],"name":"Trempette","damage":10}],"weaknesses":[{"type":"Électrique","value":"×2"}],"legal":{"standard":false,"expanded":false}},{"category":"Pokémon","id":"ex13-70","illustrator":"Atsuko Nishida","image":"https://assets.tcgdex.net/fr/ex/ex13/70","localId":"70","name":"Férosinge δ ESPÈCES DELTA","rarity":"Commune","set":{"cardCount":{"official":110,"total":111},"id":"ex13","name":"EX Fantômes Holon","symbol":"https://assets.tcgdex.net/univ/ex/ex13/symbol"},"variants":{"firstEdition":false,"holo":true,"normal":true,"reverse":true,"wPromo":false},"dexId":[56],"hp":50,"types":["Feu"],"stage":"De base","attacks":[{"cost":["Incolore"],"name":"Regard paralysant","effect":"Lancez une pièce. Si c'est face, le Pokémon Défenseur est maintenant Paralysé."},{"cost":["Feu","Incolore"],"name":"Balayage","damage":20}],"weaknesses":[{"type":"Psy","value":"×2"}],"legal":{"standard":false,"expanded":false}},{"category":"Pokémon","id":"ex13-71","illustrator":"Kagemaru Himeno","image":"https://assets.tcgdex.net/fr/ex/ex13/71","localId":"71","name":"Miaouss δ ESPÈCES DELTA","rarity":"Commune","set":{"cardCount":{"official":110,"total":111},"id":"ex13","name":"EX Fantômes Holon","symbol":"https://assets.tcgdex.net/univ/ex/ex13/symbol"},"variants":{"firstEdition":false,"holo":true,"normal":true,"reverse":true,"wPromo":false},"dexId":[52],"hp":50,"types":["Obscurité","Métal"],"stage":"De base","attacks":[{"cost":["Obscurité"],"name":"Tranche","damage":10},{"cost":["Métal","Incolore"],"name":"Jackpot","effect":"Piochez une carte.","damage":10}],"weaknesses":[{"type":"Combat","value":"×2"}],"legal":{"standard":false,"expanded":false}},{"category":"Pokémon","id":"ex13-72","illustrator":"Atsuko Nishida","image":"https://assets.tcgdex.net/fr/ex/ex13/72","localId":"72","name":"Chamallot","rarity":"Commune","set":{"cardCount":{"official":110,"total":111},"id":"ex13","name":"EX Fantômes Holon","symbol":"https://assets.tcgdex.net/univ/ex/ex13/symbol"},"variants":{"firstEdition":false,"holo":true,"normal":true,"reverse":true,"wPromo":false},"dexId":[322],"hp":50,"types":["Feu"],"stage":"De base","attacks":[{"cost":["Incolore"],"name":"Roussir","effect":"Lancez une pièce. Si c'est face, le Pokémon Défenseur est maintenant Brûlé."},{"cost":["Feu","Incolore"],"name":"Intimidation","damage":20}],"weaknesses":[{"type":"Eau","value":"×2"}],"legal":{"standard":false,"expanded":false}},{"category":"Pokémon","id":"ex13-73","illustrator":"Atsuko Nishida","image":"https://assets.tcgdex.net/fr/ex/ex13/73","localId":"73","name":"Mystherbe δ ESPÈCES DELTA","rarity":"Commune","set":{"cardCount":{"official":110,"total":111},"id":"ex13","name":"EX Fantômes Holon","symbol":"https://assets.tcgdex.net/univ/ex/ex13/symbol"},"variants":{"firstEdition":false,"holo":true,"normal":true,"reverse":true,"wPromo":false},"dexId":[43],"hp":40,"types":["Eau"],"stage":"De base","attacks":[{"cost":["Incolore"],"name":"Charge","damage":10},{"cost":["Eau"],"name":"Pâté","effect":"Retirez à Mystherbe 2 marqueurs de dégât.","damage":10}],"weaknesses":[{"type":"Feu","value":"×2"}],"legal":{"standard":false,"expanded":false}},{"category":"Pokémon","id":"ex13-74","illustrator":"Kagemaru Himeno","image":"https://assets.tcgdex.net/fr/ex/ex13/74","localId":"74","name":"Amonita δ ESPÈCES DELTA","rarity":"Commune","set":{"cardCount":{"official":110,"total":111},"id":"ex13","name":"EX Fantômes Holon","symbol":"https://assets.tcgdex.net/univ/ex/ex13/symbol"},"variants":{"firstEdition":false,"holo":true,"normal":true,"reverse":true,"wPromo":false},"dexId":[138],"hp":70,"types":["Psy"],"stage":"Niveau 1","attacks":[{"cost":["Psy"],"name":"Collectionner","effect":"Piochez 3 cartes."},{"cost":["Incolore","Incolore"],"name":"Flèche d'eau","effect":"Choisissez 1 des Pokémon de votre adversaire. Cette attaque lui inflige 20 dégâts. (Vous ne pouvez pas appliquer la Faiblesse et la Résistance aux Pokémon de Banc.)"}],"weaknesses":[{"type":"Électrique","value":"×2"}],"legal":{"standard":false,"expanded":false}},{"category":"Pokémon","id":"ex13-75","illustrator":"Hisao Nakamura","image":"https://assets.tcgdex.net/fr/ex/ex13/75","localId":"75","name":"Phanpy","rarity":"Commune","set":{"cardCount":{"official":110,"total":111},"id":"ex13","name":"EX Fantômes Holon","symbol":"https://assets.tcgdex.net/univ/ex/ex13/symbol"},"variants":{"firstEdition":false,"holo":true,"normal":true,"reverse":true,"wPromo":false},"dexId":[231],"hp":50,"types":["Combat"],"stage":"De base","attacks":[{"cost":["Incolore"],"name":"Baillement","effect":"Le Pokémon Défenseur est maintenant Endormi."},{"cost":["Combat"],"name":"Coud'boue","damage":10}],"weaknesses":[{"type":"Plante","value":"×2"}],"legal":{"standard":false,"expanded":false}},{"category":"Pokémon","id":"ex13-76","illustrator":"Kouki Saitou","image":"https://assets.tcgdex.net/fr/ex/ex13/76","localId":"76","name":"Pichu δ ESPÈCES DELTA","rarity":"Commune","set":{"cardCount":{"official":110,"total":111},"id":"ex13","name":"EX Fantômes Holon","symbol":"https://assets.tcgdex.net/univ/ex/ex13/symbol"},"variants":{"firstEdition":false,"holo":true,"normal":true,"reverse":true,"wPromo":false},"dexId":[172],"hp":50,"types":["Métal"],"stage":"De base","abilities":[{"type":"Poké-POWER","name":"Évolution bébé","effect":"Une seule fois lors de votre tour (avant votre attaque), vous pouvez placer Pikachu de votre main sur Pichu (vous le faites ainsi évoluer) et retirer à Pichu tous ses marqueurs de dégât."}],"attacks":[{"cost":["Incolore"],"name":"Coller","effect":"Choisissez dans votre pile de défausse une carte Énergie et attachez-la à 1 de vos Pokémon possédant le symbole δ."}],"weaknesses":[{"type":"Combat","value":"×2"}],"legal":{"standard":false,"expanded":false}},{"category":"Pokémon","id":"ex13-77","illustrator":"Mitsuhiro Arita","image":"https://assets.tcgdex.net/fr/ex/ex13/77","localId":"77","name":"Roucool δ ESPÈCES DELTA","rarity":"Commune","set":{"cardCount":{"official":110,"total":111},"id":"ex13","name":"EX Fantômes Holon","symbol":"https://assets.tcgdex.net/univ/ex/ex13/symbol"},"variants":{"firstEdition":false,"holo":true,"normal":true,"reverse":true,"wPromo":false},"dexId":[16],"hp":40,"types":["Électrique"],"stage":"De base","attacks":[{"cost":["Incolore"],"name":"Cru-aile","damage":10}],"weaknesses":[{"type":"Électrique","value":"×2"}],"resistances":[{"type":"Combat","value":"-30"}],"legal":{"standard":false,"expanded":false}},{"category":"Pokémon","id":"ex13-78","illustrator":"Kouki Saitou","image":"https://assets.tcgdex.net/fr/ex/ex13/78","localId":"78","name":"Pikachu","rarity":"Commune","set":{"cardCount":{"official":110,"total":111},"id":"ex13","name":"EX Fantômes Holon","symbol":"https://assets.tcgdex.net/univ/ex/ex13/symbol"},"variants":{"firstEdition":false,"holo":true,"normal":true,"reverse":true,"wPromo":false},"dexId":[25],"hp":50,"types":["Électrique"],"stage":"De base","attacks":[{"cost":["Incolore"],"name":"Cage-éclair","effect":"Lancez une pièce. Si c'est face, le Pokémon Défenseur est maintenant Paralysé."},{"cost":["Électrique","Incolore"],"name":"Vive-attaque","effect":"Lancez une pièce. Si c'est face, cette attaque inflige 20 dégâts plus 10 dégâts supplémentaires.","damage":"20+"}],"weaknesses":[{"type":"Combat","value":"×2"}],"legal":{"standard":false,"expanded":false}},{"category":"Pokémon","id":"ex13-79","illustrator":"Atsuko Nishida","image":"https://assets.tcgdex.net/fr/ex/ex13/79","localId":"79","name":"Pikachu δ ESPÈCES DELTA","rarity":"Commune","set":{"cardCount":{"official":110,"total":111},"id":"ex13","name":"EX Fantômes Holon","symbol":"https://assets.tcgdex.net/univ/ex/ex13/symbol"},"variants":{"firstEdition":false,"holo":true,"normal":true,"reverse":true,"wPromo":false},"dexId":[25],"hp":50,"types":["Métal"],"stage":"De base","attacks":[{"cost":["Incolore"],"name":"Queue battoir","damage":10},{"cost":["Métal","Incolore","Incolore"],"name":"Coup d'boule d'acier","effect":"Lancez une pièce. Si c'est face, cette attaque inflige 30 dégâts plus 10 dégâts supplémentaires.","damage":"30+"}],"weaknesses":[{"type":"Combat","value":"×2"}],"legal":{"standard":false,"expanded":false}},{"category":"Pokémon","id":"ex13-80","illustrator":"Mitsuhiro Arita","image":"https://assets.tcgdex.net/fr/ex/ex13/80","localId":"80","name":"Medhyena","rarity":"Commune","set":{"cardCount":{"official":110,"total":111},"id":"ex13","name":"EX Fantômes Holon","symbol":"https://assets.tcgdex.net/univ/ex/ex13/symbol"},"variants":{"firstEdition":false,"holo":true,"normal":true,"reverse":true,"wPromo":false},"dexId":[261],"hp":40,"types":["Obscurité"],"stage":"De base","attacks":[{"cost":["Incolore"],"name":"Regard paralysant","effect":"Lancez une pièce. Si c'est face, le Pokémon Défenseur est maintenant Paralysé."},{"cost":["Incolore","Incolore"],"name":"Coud'pattes","damage":20}],"weaknesses":[{"type":"Combat","value":"×2"}],"resistances":[{"type":"Psy","value":"-30"}],"legal":{"standard":false,"expanded":false}},{"category":"Pokémon","id":"ex13-81","illustrator":"Hajime Kusajima","image":"https://assets.tcgdex.net/fr/ex/ex13/81","localId":"81","name":"Psykokwak δ ESPÈCES DELTA","rarity":"Commune","set":{"cardCount":{"official":110,"total":111},"id":"ex13","name":"EX Fantômes Holon","symbol":"https://assets.tcgdex.net/univ/ex/ex13/symbol"},"variants":{"firstEdition":false,"holo":true,"normal":true,"reverse":true,"wPromo":false},"dexId":[54],"hp":50,"types":["Électrique"],"stage":"De base","attacks":[{"cost":["Incolore"],"name":"Griffe","damage":10},{"cost":["Électrique"],"name":"Entrave","effect":"Choisissez 1 des attaques du Pokémon Défenseur. Ce Pokémon ne peut pas utiliser cette attaque lors du prochain tour de votre adversaire."}],"weaknesses":[{"type":"Électrique","value":"×2"}],"legal":{"standard":false,"expanded":false}},{"category":"Pokémon","id":"ex13-82","illustrator":"Atsuko Nishida","image":"https://assets.tcgdex.net/fr/ex/ex13/82","localId":"82","name":"Arakdo","rarity":"Commune","set":{"cardCount":{"official":110,"total":111},"id":"ex13","name":"EX Fantômes Holon","symbol":"https://assets.tcgdex.net/univ/ex/ex13/symbol"},"variants":{"firstEdition":false,"holo":true,"normal":true,"reverse":true,"wPromo":false},"dexId":[283],"hp":40,"types":["Plante"],"stage":"De base","attacks":[{"cost":["Incolore"],"name":"Super hypnovague","effect":"Le Pokémon Défenseur est maintenant Endormi.","damage":10}],"weaknesses":[{"type":"Feu","value":"×2"}],"legal":{"standard":false,"expanded":false}},{"category":"Pokémon","id":"ex13-83","illustrator":"Kagemaru Himeno","image":"https://assets.tcgdex.net/fr/ex/ex13/83","localId":"83","name":"Poussifeu","rarity":"Commune","set":{"cardCount":{"official":110,"total":111},"id":"ex13","name":"EX Fantômes Holon","symbol":"https://assets.tcgdex.net/univ/ex/ex13/symbol"},"variants":{"firstEdition":false,"holo":true,"normal":true,"reverse":true,"wPromo":false},"dexId":[255],"hp":40,"types":["Feu"],"stage":"De base","attacks":[{"cost":["Incolore"],"name":"Picpic","damage":10},{"cost":["Feu","Incolore"],"name":"Intimidation","damage":20}],"weaknesses":[{"type":"Eau","value":"×2"}],"legal":{"standard":false,"expanded":false}},{"category":"Pokémon","id":"ex13-84","illustrator":"Hajime Kusajima","image":"https://assets.tcgdex.net/fr/ex/ex13/84","localId":"84","name":"Kraknoix δ","rarity":"Commune","set":{"cardCount":{"official":110,"total":111},"id":"ex13","name":"EX Fantômes Holon","symbol":"https://assets.tcgdex.net/univ/ex/ex13/symbol"},"variants":{"firstEdition":false,"holo":true,"normal":true,"reverse":true,"wPromo":false},"dexId":[328],"hp":50,"types":["Plante"],"stage":"De base","attacks":[{"cost":["Plante"],"name":"Grosse morsure","effect":"Le Pokémon Défenseur ne pourra pas battre en retraite lors du prochain tour de votre adversaire.","damage":10},{"cost":["Incolore","Incolore"],"name":"Coud'boue","damage":20}],"weaknesses":[{"type":"Plante","value":"×2"}],"legal":{"standard":false,"expanded":false}},{"category":"Dresseur","id":"ex13-85","illustrator":"Kouki Saitou","image":"https://assets.tcgdex.net/fr/ex/ex13/85","localId":"85","name":"Aventurier Holon","rarity":"Peu Commune","set":{"cardCount":{"official":110,"total":111},"id":"ex13","name":"EX Fantômes Holon","symbol":"https://assets.tcgdex.net/univ/ex/ex13/symbol"},"variants":{"firstEdition":false,"holo":true,"normal":true,"reverse":true,"wPromo":false},"effect":"Vous ne pouvez jouer qu'une seule carte Supporter par tour. Lorsque vous la jouez, placez-la à côté de votre Pokémon Actif. À la fin du tour, défaussez-la.\n\nDéfaussez une carte de votre main. Si vous ne pouvez pas défausser de carte de votre main, vous ne pouvez pas jouer cette carte.\n\nPiochez 3 cartes. Si vous avez défaussé un Pokémon possédant le symbole δ, piochez 4 cartes.","trainerType":"Supporter","legal":{"standard":false,"expanded":false}},{"category":"Dresseur","id":"ex13-86","illustrator":"Mitsuhiro Arita","image":"https://assets.tcgdex.net/fr/ex/ex13/86","localId":"86","name":"Fossile Holon","rarity":"Peu Commune","set":{"cardCount":{"official":110,"total":111},"id":"ex13","name":"EX Fantômes Holon","symbol":"https://assets.tcgdex.net/univ/ex/ex13/symbol"},"variants":{"firstEdition":false,"holo":true,"normal":true,"reverse":true,"wPromo":false},"effect":"Lancez une pièce. Si c'est face, cherchez dans votre deck un Amonita, Kabuto, Ptera, Ptera ex, Lilia ou Anorith et placez-le sur votre Banc. Ensuite, mélangez votre deck. Si c'est pile, placez un Amonita, Kabuto, Ptera, Ptera ex, Lilia ou Anorith de votre main sur votre Banc. Traitez le nouveau Pokémon comme un Pokémon de base.","trainerType":"Objet","legal":{"standard":false,"expanded":false}},{"category":"Dresseur","id":"ex13-87","illustrator":"Ryo Ueda","image":"https://assets.tcgdex.net/fr/ex/ex13/87","localId":"87","name":"Lac Holon","rarity":"Peu Commune","set":{"cardCount":{"official":110,"total":111},"id":"ex13","name":"EX Fantômes Holon","symbol":"https://assets.tcgdex.net/univ/ex/ex13/symbol"},"variants":{"firstEdition":false,"holo":true,"normal":true,"reverse":true,"wPromo":false},"effect":"Cette carte reste en jeu lorsque vous la jouez. Défaussez-la si une autre carte Stade est mise en jeu. Si une autre carte comportant le même nom est en jeu, vous ne pouvez pas jouer cette carte.\n\nLes Pokémon de chaque joueur possédant le symbole δ peuvent utiliser les attaques de cette carte à la place des leurs.\n\tAppel Delta\t\nCherchez dans votre deck un Pokémon possédant le symbole δ, montrez-le à votre adversaire et placez-le dans votre main. Ensuite, mélangez votre deck.","trainerType":"Stade","legal":{"standard":false,"expanded":false}},{"category":"Dresseur","id":"ex13-88","illustrator":"Ken Sugimori","image":"https://assets.tcgdex.net/fr/ex/ex13/88","localId":"88","name":"Le projet de M. Rochard","rarity":"Peu Commune","set":{"cardCount":{"official":110,"total":111},"id":"ex13","name":"EX Fantômes Holon","symbol":"https://assets.tcgdex.net/univ/ex/ex13/symbol"},"variants":{"firstEdition":false,"holo":true,"normal":true,"reverse":true,"wPromo":false},"effect":"Vous ne pouvez jouer qu'une seule carte Supporter par tour. Lorsque vous la jouez, placez-la à côté de votre Pokémon Actif. À la fin du tour, défaussez-la.\n\nChoisissez dans votre deck jusqu'à 2 cartes Énergie de base, montrez-les à votre adversaire et placez-les dans votre main. Ensuite, mélangez votre deck. Ou, choisissez dans votre pile de défausse jusqu'à 2 cartes Énergie de base, montrez-les à votre adversaire et placez-les dans votre main.","trainerType":"Supporter","legal":{"standard":false,"expanded":false}},{"category":"Dresseur","id":"ex13-89","illustrator":"Ken Sugimori","image":"https://assets.tcgdex.net/fr/ex/ex13/89","localId":"89","name":"La découverte du Professeur Kosmo","rarity":"Peu Commune","set":{"cardCount":{"official":110,"total":111},"id":"ex13","name":"EX Fantômes Holon","symbol":"https://assets.tcgdex.net/univ/ex/ex13/symbol"},"variants":{"firstEdition":false,"holo":true,"normal":true,"reverse":true,"wPromo":false},"effect":"Vous ne pouvez jouer qu'une seule carte Supporter par tour. Lorsque vous la jouez, placez-la à côté de votre Pokémon Actif. À la fin du tour, défaussez-la.\n\nLancez une pièce. Si c'est face, piochez les 3 cartes du dessous de votre deck. Si c'est pile, piochez les 2 cartes du dessus de votre deck.","trainerType":"Supporter","legal":{"standard":false,"expanded":false}},{"category":"Dresseur","id":"ex13-90","illustrator":"Ryo Ueda","image":"https://assets.tcgdex.net/fr/ex/ex13/90","localId":"90","name":"Super bonbon","rarity":"Peu Commune","set":{"cardCount":{"official":110,"total":111},"id":"ex13","name":"EX Fantômes Holon","symbol":"https://assets.tcgdex.net/univ/ex/ex13/symbol"},"variants":{"firstEdition":false,"holo":true,"normal":true,"reverse":true,"wPromo":false},"effect":"Choisissez 1 des Pokémon de base que vous avez en jeu. Si vous possédez dans votre main une carte de Niveau 1 ou de Niveau 2 qui évolue de ce Pokémon, placez cette carte sur le Pokémon de base (vous le faites ainsi évoluer).","trainerType":"Objet","legal":{"standard":false,"expanded":false}},{"category":"Dresseur","id":"ex13-91","illustrator":"Ryo Ueda","image":"https://assets.tcgdex.net/fr/ex/ex13/91","localId":"91","name":"Fossile griffe","rarity":"Commune","set":{"cardCount":{"official":110,"total":111},"id":"ex13","name":"EX Fantômes Holon","symbol":"https://assets.tcgdex.net/univ/ex/ex13/symbol"},"variants":{"firstEdition":false,"holo":true,"normal":true,"reverse":true,"wPromo":false},"hp":40,"effect":"Jouez Fossile griffe comme si c'était un Pokémon de base. Lorsqu'elle est en jeu, Fossile griffe compte comme un Pokémon  (et comme une carte Dresseur.) Fossile griffe ne possède pas d'attaques, ne peut pas battre en retraite et ne peut pas être affectée par des États Spéciaux. Si Fossile griffe est mise K.O, elle ne compte pas comme un Pokémon K.O (défaussez-la de toutes façons). N'importe quand lors de votre tour, avant votre attaque, vous pouvez défausser Fossile griffe.","trainerType":"Objet","legal":{"standard":false,"expanded":false}},{"category":"Dresseur","id":"ex13-92","illustrator":"Ryo Ueda","image":"https://assets.tcgdex.net/fr/ex/ex13/92","localId":"92","name":"Mystérieux fossile","rarity":"Commune","set":{"cardCount":{"official":110,"total":111},"id":"ex13","name":"EX Fantômes Holon","symbol":"https://assets.tcgdex.net/univ/ex/ex13/symbol"},"variants":{"firstEdition":false,"holo":true,"normal":true,"reverse":true,"wPromo":false},"hp":50,"effect":"Jouez Mystérieux fossile comme si c'était un Pokémon de base. Lorsqu'elle est en jeu, Mystérieux fossile compte comme un Pokémon  (et comme une carte Dresseur). Mystérieux fossile ne possède pas d'attaques, ne peut pas battre en retraite et ne peut pas être affectée par des États Spéciaux. Si Mystérieux fossile est mise K.O, elle ne compte pas comme un Pokémon K.O (défaussez-la de toutes façons). N'importe quand lors de votre tour, avant votre attaque, vous pouvez défausser Mystérieux fossile.","trainerType":"Objet","legal":{"standard":false,"expanded":false}},{"category":"Dresseur","id":"ex13-93","illustrator":"Ryo Ueda","image":"https://assets.tcgdex.net/fr/ex/ex13/93","localId":"93","name":"Fossile racine","rarity":"Commune","set":{"cardCount":{"official":110,"total":111},"id":"ex13","name":"EX Fantômes Holon","symbol":"https://assets.tcgdex.net/univ/ex/ex13/symbol"},"variants":{"firstEdition":false,"holo":true,"normal":true,"reverse":true,"wPromo":false},"hp":40,"effect":"Jouez Fossile racine comme si c'était un Pokémon de base. Lorsqu'elle est en jeu, Fossile racine compte comme un Pokémon  (et comme une carte Dresseur). Fossile racine ne possède pas d'attaques, ne peut pas battre en retraite et ne peut pas être affectée par des États Spéciaux. Si Fossile racine est mise K.O, elle ne compte pas comme un Pokémon K.O (défaussez-la de toutes façons). N'importe quand lors de votre tour, avant votre attaque, vous pouvez défausser Fossile racine.","trainerType":"Objet","legal":{"standard":false,"expanded":false}},{"category":"Énergie","id":"ex13-94","illustrator":"Milky Isobe","image":"https://assets.tcgdex.net/fr/ex/ex13/94","localId":"94","name":"Énergie Obscurité","rarity":"Rare","set":{"cardCount":{"official":110,"total":111},"id":"ex13","name":"EX Fantômes Holon","symbol":"https://assets.tcgdex.net/univ/ex/ex13/symbol"},"variants":{"firstEdition":false,"holo":true,"normal":true,"reverse":true,"wPromo":false},"energyType":"Spécial","legal":{"standard":false,"expanded":false}},{"category":"Énergie","id":"ex13-95","illustrator":"Milky Isobe","image":"https://assets.tcgdex.net/fr/ex/ex13/95","localId":"95","name":"Énergie Métal","rarity":"Rare","set":{"cardCount":{"official":110,"total":111},"id":"ex13","name":"EX Fantômes Holon","symbol":"https://assets.tcgdex.net/univ/ex/ex13/symbol"},"variants":{"firstEdition":false,"holo":true,"normal":true,"reverse":true,"wPromo":false},"energyType":"Spécial","legal":{"standard":false,"expanded":false}},{"category":"Énergie","id":"ex13-96","illustrator":"Takumi Akabane","image":"https://assets.tcgdex.net/fr/ex/ex13/96","localId":"96","name":"Énergies multiples","rarity":"Rare","set":{"cardCount":{"official":110,"total":111},"id":"ex13","name":"EX Fantômes Holon","symbol":"https://assets.tcgdex.net/univ/ex/ex13/symbol"},"variants":{"firstEdition":false,"holo":true,"normal":true,"reverse":true,"wPromo":false},"energyType":"Spécial","legal":{"standard":false,"expanded":false}},{"category":"Énergie","id":"ex13-97","illustrator":"Takumi Akabane","image":"https://assets.tcgdex.net/fr/ex/ex13/97","localId":"97","name":"Énergie Métal Obscur","rarity":"Peu Commune","set":{"cardCount":{"official":110,"total":111},"id":"ex13","name":"EX Fantômes Holon","symbol":"https://assets.tcgdex.net/univ/ex/ex13/symbol"},"variants":{"firstEdition":false,"holo":true,"normal":true,"reverse":true,"wPromo":false},"energyType":"Spécial","legal":{"standard":false,"expanded":false}},{"category":"Énergie","id":"ex13-98","illustrator":"Takumi Akabane","image":"https://assets.tcgdex.net/fr/ex/ex13/98","localId":"98","name":"Énergie Multicolore δ","rarity":"Peu Commune","set":{"cardCount":{"official":110,"total":111},"id":"ex13","name":"EX Fantômes Holon","symbol":"https://assets.tcgdex.net/univ/ex/ex13/symbol"},"variants":{"firstEdition":false,"holo":true,"normal":true,"reverse":true,"wPromo":false},"energyType":"Spécial","legal":{"standard":false,"expanded":false}},{"category":"Pokémon","id":"ex13-99","illustrator":"Ryo Ueda","image":"https://assets.tcgdex.net/fr/ex/ex13/99","localId":"99","name":"Colhomard ex","rarity":"Rare","set":{"cardCount":{"official":110,"total":111},"id":"ex13","name":"EX Fantômes Holon","symbol":"https://assets.tcgdex.net/univ/ex/ex13/symbol"},"variants":{"firstEdition":false,"holo":true,"normal":true,"reverse":true,"wPromo":false},"dexId":[342],"hp":110,"types":["Eau"],"suffix":"EX","abilities":[{"type":"Poké-POWER","name":"Éclabousser","effect":"Une seule fois lors de votre tour (avant votre attaque), si votre adversaire possède au moins 4 Pokémon de Banc, vous pouvez en choisir 1 et le replacer dans la main de votre adversaire avec toutes les cartes qui lui sont attachées. Ce pouvoir ne peut pas être utilisé si Colhomard ex est affecté par un État Spécial."}],"attacks":[{"cost":["Eau","Incolore"],"name":"Coup puissant","effect":"Inflige 20 dégâts multipliés par le nombre d'Énergies attachées à Colhomard ex.","damage":"20×"}],"weaknesses":[{"type":"Électrique","value":"×2"}],"legal":{"standard":false,"expanded":false}},{"category":"Pokémon","id":"ex13-100","illustrator":"Ryo Ueda","image":"https://assets.tcgdex.net/fr/ex/ex13/100","localId":"100","name":"Mew ex","rarity":"Rare","set":{"cardCount":{"official":110,"total":111},"id":"ex13","name":"EX Fantômes Holon","symbol":"https://assets.tcgdex.net/univ/ex/ex13/symbol"},"variants":{"firstEdition":false,"holo":true,"normal":true,"reverse":true,"wPromo":false},"dexId":[151],"hp":90,"types":["Psy"],"suffix":"EX","abilities":[{"type":"Poké-POWER","name":"Vision psy","effect":"Une seule fois lors de votre tour (avant votre attaque), si Mew ex est sur votre Banc, vous pouvez regarder la main de votre adversaire."}],"attacks":[{"cost":["Incolore","Incolore"],"name":"Super psy","damage":30},{"cost":["Psy","Incolore","Incolore"],"name":"Devo broyage","effect":"Vous pouvez défausser 2 Énergies attachées à Mew ex. Vous pouvez alors retirer au Pokémon Défenseur la carte Évolution au niveau le plus élevé et la mélanger au deck de votre adversaire.","damage":50}],"weaknesses":[{"type":"Psy","value":"×2"}],"legal":{"standard":false,"expanded":false}},{"category":"Pokémon","id":"ex13-101","illustrator":"Ryo Ueda","image":"https://assets.tcgdex.net/fr/ex/ex13/101","localId":"101","name":"Gradhyena ex","rarity":"Rare","set":{"cardCount":{"official":110,"total":111},"id":"ex13","name":"EX Fantômes Holon","symbol":"https://assets.tcgdex.net/univ/ex/ex13/symbol"},"variants":{"firstEdition":false,"holo":true,"normal":true,"reverse":true,"wPromo":false},"dexId":[262],"hp":100,"types":["Obscurité"],"suffix":"EX","abilities":[{"type":"Poké-POWER","name":"Hurlement démesuré","effect":"Une seule fois lors de votre tour (avant votre attaque), vous pouvez choisir 1 des Pokémon Défenseurs et l'échanger avec 1 des Pokémon de Banc de votre adversaire. Votre adversaire choisit le Pokémon de Banc à échanger. Ce pouvoir ne peut pas être utilisé si Gradhyena ex est affecté par un État Spécial."}],"attacks":[{"cost":["Incolore","Incolore"],"name":"Croc aiguisé","damage":30},{"cost":["Obscurité","Incolore","Incolore"],"name":"Hyper griffes","effect":"Si le Pokémon Défenseur est un Pokémon Évolué de Niveau 2, cette attaque inflige 50 dégâts plus 40 dégâts supplémentaires.","damage":"50+"}],"weaknesses":[{"type":"Combat","value":"×2"}],"resistances":[{"type":"Psy","value":"-30"}],"legal":{"standard":false,"expanded":false}},{"category":"Pokémon","id":"ex13-102","illustrator":"Masakazu Fukuda","image":"https://assets.tcgdex.net/fr/ex/ex13/102","localId":"102","name":"Leviator ☆ δ","rarity":"Rare","set":{"cardCount":{"official":110,"total":111},"id":"ex13","name":"EX Fantômes Holon","symbol":"https://assets.tcgdex.net/univ/ex/ex13/symbol"},"variants":{"firstEdition":false,"holo":true,"normal":true,"reverse":true,"wPromo":false},"dexId":[130],"hp":80,"types":["Feu"],"stage":"De base","attacks":[{"cost":["Feu","Incolore"],"name":"Croissance en spirale","effect":"Lancez une pièce jusqu'à ce que vous obteniez pile. Pour chaque face, choisissez dans votre pile de défausse une carte Énergie de base et attachez-la à Leviator .","damage":20},{"cost":["Feu","Feu","Feu","Feu"],"name":"Explosion totale","effect":"Défaussez des cartes du dessus de votre deck jusqu'à ce qu'il ne vous reste plus qu'1 carte. Cette attaque inflige 50 dégâts plus 20 dégâts supplémentaires pour chaque carte Énergie défaussée.","damage":"50+"}],"weaknesses":[{"type":"Électrique","value":"×2"}],"legal":{"standard":false,"expanded":false}},{"category":"Pokémon","id":"ex13-103","illustrator":"Masakazu Fukuda","image":"https://assets.tcgdex.net/fr/ex/ex13/103","localId":"103","name":"Mewtwo ☆","rarity":"Rare","set":{"cardCount":{"official":110,"total":111},"id":"ex13","name":"EX Fantômes Holon","symbol":"https://assets.tcgdex.net/univ/ex/ex13/symbol"},"variants":{"firstEdition":false,"holo":true,"normal":true,"reverse":true,"wPromo":false},"dexId":[150],"hp":80,"types":["Psy"],"stage":"De base","attacks":[{"cost":["Incolore"],"name":"Absorption d'énergie","effect":"Choisissez dans votre pile de défausse une carte Énergie et attachez-la à Mewtwo ."},{"cost":["Feu","Électrique","Psy"],"name":"Étoile psy","effect":"Si le Pokémon Défenseur est un Pokémon Évolué, défaussez les Énergies attachées à Mewtwo  et cette attaque inflige 50 dégâts plus 50 dégâts supplémentaires.","damage":"50+"}],"weaknesses":[{"type":"Psy","value":"×2"}],"legal":{"standard":false,"expanded":false}},{"category":"Pokémon","id":"ex13-104","illustrator":"Masakazu Fukuda","image":"https://assets.tcgdex.net/fr/ex/ex13/104","localId":"104","name":"Pikachu ☆","rarity":"Rare","set":{"cardCount":{"official":110,"total":111},"id":"ex13","name":"EX Fantômes Holon","symbol":"https://assets.tcgdex.net/univ/ex/ex13/symbol"},"variants":{"firstEdition":false,"holo":true,"normal":true,"reverse":true,"wPromo":false},"dexId":[25],"hp":60,"types":["Électrique"],"stage":"De base","attacks":[{"cost":["Incolore"],"name":"Éclair","effect":"Lancez une pièce. Si c'est face, le Pokémon Défenseur est maintenant Paralysé.","damage":10},{"cost":["Électrique","Électrique"],"name":"Rebondir","effect":"S'il ne reste à votre adversaire qu'1 carte Récompense, cette attaque inflige 20 dégâts plus 50 dégâts supplémentaires.","damage":"20+"}],"weaknesses":[{"type":"Combat","value":"×2"}],"legal":{"standard":false,"expanded":false}},{"category":"Énergie","id":"ex13-105","image":"https://assets.tcgdex.net/fr/ex/ex13/105","localId":"105","name":"Énergie Plante","rarity":"Rare","set":{"cardCount":{"official":110,"total":111},"id":"ex13","name":"EX Fantômes Holon","symbol":"https://assets.tcgdex.net/univ/ex/ex13/symbol"},"variants":{"firstEdition":false,"holo":true,"normal":true,"reverse":true,"wPromo":false},"stage":"De base","energyType":"De base","legal":{"standard":false,"expanded":false}},{"category":"Énergie","id":"ex13-106","image":"https://assets.tcgdex.net/fr/ex/ex13/106","localId":"106","name":"Énergie Feu","rarity":"Rare","set":{"cardCount":{"official":110,"total":111},"id":"ex13","name":"EX Fantômes Holon","symbol":"https://assets.tcgdex.net/univ/ex/ex13/symbol"},"variants":{"firstEdition":false,"holo":true,"normal":true,"reverse":true,"wPromo":false},"stage":"De base","energyType":"De base","legal":{"standard":false,"expanded":false}},{"category":"Énergie","id":"ex13-107","image":"https://assets.tcgdex.net/fr/ex/ex13/107","localId":"107","name":"Énergie Eau","rarity":"Rare","set":{"cardCount":{"official":110,"total":111},"id":"ex13","name":"EX Fantômes Holon","symbol":"https://assets.tcgdex.net/univ/ex/ex13/symbol"},"variants":{"firstEdition":false,"holo":true,"normal":true,"reverse":true,"wPromo":false},"stage":"De base","energyType":"De base","legal":{"standard":false,"expanded":false}},{"category":"Énergie","id":"ex13-108","image":"https://assets.tcgdex.net/fr/ex/ex13/108","localId":"108","name":"Énergie Électrique","rarity":"Rare","set":{"cardCount":{"official":110,"total":111},"id":"ex13","name":"EX Fantômes Holon","symbol":"https://assets.tcgdex.net/univ/ex/ex13/symbol"},"variants":{"firstEdition":false,"holo":true,"normal":true,"reverse":true,"wPromo":false},"stage":"De base","energyType":"De base","legal":{"standard":false,"expanded":false}},{"category":"Énergie","id":"ex13-109","image":"https://assets.tcgdex.net/fr/ex/ex13/109","localId":"109","name":"Énergie Psy","rarity":"Rare","set":{"cardCount":{"official":110,"total":111},"id":"ex13","name":"EX Fantômes Holon","symbol":"https://assets.tcgdex.net/univ/ex/ex13/symbol"},"variants":{"firstEdition":false,"holo":true,"normal":true,"reverse":true,"wPromo":false},"stage":"De base","energyType":"De base","legal":{"standard":false,"expanded":false}},{"category":"Énergie","id":"ex13-110","image":"https://assets.tcgdex.net/fr/ex/ex13/110","localId":"110","name":"Énergie Combat","rarity":"Rare","set":{"cardCount":{"official":110,"total":111},"id":"ex13","name":"EX Fantômes Holon","symbol":"https://assets.tcgdex.net/univ/ex/ex13/symbol"},"variants":{"firstEdition":false,"holo":true,"normal":true,"reverse":true,"wPromo":false},"stage":"De base","energyType":"De base","legal":{"standard":false,"expanded":false}},{"category":"Pokémon","id":"ex13-111","illustrator":"Ken Sugimori","image":"https://assets.tcgdex.net/fr/ex/ex13/111","localId":"111","name":"Mew","rarity":"Rare","set":{"cardCount":{"official":110,"total":111},"id":"ex13","name":"EX Fantômes Holon","symbol":"https://assets.tcgdex.net/univ/ex/ex13/symbol"},"variants":{"firstEdition":false,"holo":true,"normal":true,"reverse":true,"wPromo":false},"dexId":[151],"hp":50,"types":["Psy"],"stage":"De base","attacks":[{"cost":["Psy","Incolore"],"name":"Super vague psy","effect":"Choisissez 1 des Pokémon de votre adversaire. Comptabilisez le nombre d'Énergies attachées à ce Pokémon. Placez autant de marqueurs de dégât sur ce Pokémon."}],"weaknesses":[{"type":"Psy","value":"×2"}],"legal":{"standard":false,"expanded":false}}]