[{"category":"Pokémon","id":"ex15-1","illustrator":"Kagemaru Himeno","image":"https://assets.tcgdex.net/fr/ex/ex15/1","localId":"1","name":"Pharamp δ ESPÈCES DELTA","rarity":"Rare","set":{"cardCount":{"official":101,"total":101},"id":"ex15","name":"EX Île des Dragons","symbol":"https://assets.tcgdex.net/univ/ex/ex15/symbol"},"variants":{"firstEdition":false,"holo":true,"normal":true,"reverse":true,"wPromo":false},"dexId":[181],"hp":120,"types":["Incolore"],"stage":"Niveau 2","abilities":[{"type":"Poké-BODY","name":"Voile Holon","effect":"Traitez chaque Pokémon de base et chaque carte Évolution dans votre deck, votre pile de défausse, votre main ou en jeu comme un Pokémon possédant le symbole δ."}],"attacks":[{"cost":["Incolore","Incolore","Incolore"],"name":"Cercle Delta","effect":"Inflige 20 dégâts plus 10 dégâts supplémentaires pour chaque Pokémon que vous avez en jeu possédant le symbole δ.","damage":"20+"}],"weaknesses":[{"type":"Combat","value":"×2"}],"legal":{"standard":false,"expanded":false}},{"category":"Pokémon","id":"ex15-2","illustrator":"Kouki Saitou","image":"https://assets.tcgdex.net/fr/ex/ex15/2","localId":"2","name":"Aligatueur δ ESPÈCES DELTA","rarity":"Rare","set":{"cardCount":{"official":101,"total":101},"id":"ex15","name":"EX Île des Dragons","symbol":"https://assets.tcgdex.net/univ/ex/ex15/symbol"},"variants":{"firstEdition":false,"holo":true,"normal":true,"reverse":true,"wPromo":false},"dexId":[160],"hp":120,"types":["Électrique"],"stage":"Niveau 2","abilities":[{"type":"Poké-BODY","name":"Bataille d'aura","effect":"Chacun de vos Pokémon possédant le symbole δ inflige 10 dégâts au Pokémon Défenseur (avant application de la Faiblesse et de la Résistance)."}],"attacks":[{"cost":["Incolore","Incolore"],"name":"Traîne","effect":"Avant d'infliger des dégâts, vous pouvez choisir 1 des Pokémon de Banc de votre adversaire et l'échanger avec 1 des Pokémon Défenseurs. Votre adversaire choisit le Pokémon Défenseur à échanger.","damage":20},{"cost":["Électrique","Électrique","Incolore"],"name":"Croc aiguisé","damage":60}],"weaknesses":[{"type":"Électrique","value":"×2"}],"legal":{"standard":false,"expanded":false}},{"category":"Pokémon","id":"ex15-3","illustrator":"Mitsuhiro Arita","image":"https://assets.tcgdex.net/fr/ex/ex15/3","localId":"3","name":"Scarhino δ ESPÈCES DELTA","rarity":"Rare","set":{"cardCount":{"official":101,"total":101},"id":"ex15","name":"EX Île des Dragons","symbol":"https://assets.tcgdex.net/univ/ex/ex15/symbol"},"variants":{"firstEdition":false,"holo":true,"normal":true,"reverse":true,"wPromo":false},"dexId":[214],"hp":70,"types":["Feu"],"stage":"De base","abilities":[{"type":"Poké-BODY","name":"Corne brillante","effect":"Tant que Scarhino est le seul Pokémon que vous ayez en jeu, les Pokémon de base de votre adversaire ne peuvent pas attaquer."}],"attacks":[{"cost":["Incolore"],"name":"Trou profond","effect":"Choisissez dans votre pile de défausse une carte Énergie, montrez-la à votre adversaire et placez-la dans votre main."},{"cost":["Feu","Incolore"],"name":"Griffes supplémentaires","effect":"Si le Pokémon Défenseur est un Pokémon-ex, cette attaque inflige 30 dégâts plus 20 dégâts supplémentaires.","damage":"30+"}],"weaknesses":[{"type":"Feu","value":"×2"}],"legal":{"standard":false,"expanded":false}},{"category":"Pokémon","id":"ex15-4","illustrator":"Sumiyoshi Kizuki","image":"https://assets.tcgdex.net/fr/ex/ex15/4","localId":"4","name":"Meganium δ ESPÈCES DELTA","rarity":"Rare","set":{"cardCount":{"official":101,"total":101},"id":"ex15","name":"EX Île des Dragons","symbol":"https://assets.tcgdex.net/univ/ex/ex15/symbol"},"variants":{"firstEdition":false,"holo":true,"normal":true,"reverse":true,"wPromo":false},"dexId":[154],"hp":110,"types":["Combat"],"stage":"Niveau 2","abilities":[{"type":"Poké-POWER","name":"Appel à l'évolution","effect":"Une seule fois lors de votre tour, lorsque vous jouez Meganium de votre main pour faire évoluer 1 de vos Pokémon, vous pouvez choisir dans votre deck une combinaison de jusqu'à 3 Pokémon de base et cartes Évolution. Montrez-les à votre adversaire et placez-les dans votre main. Ensuite, mélangez votre deck."}],"attacks":[{"cost":["Combat","Incolore"],"name":"Réduction Delta","effect":"Lors du prochain tour de votre adversaire, les dégâts infligés par des attaques du Pokémon Défenseur sont réduits de 30 (avant application de la Faiblesse et de la Résistance).","damage":40},{"cost":["Combat","Incolore","Incolore"],"name":"Méga impact","damage":60}],"weaknesses":[{"type":"Feu","value":"×2"}],"resistances":[{"type":"Eau","value":"-30"}],"legal":{"standard":false,"expanded":false}},{"category":"Pokémon","id":"ex15-5","illustrator":"Midori Harada","image":"https://assets.tcgdex.net/fr/ex/ex15/5","localId":"5","name":"Milobellus δ ESPÈCES DELTA","rarity":"Rare","set":{"cardCount":{"official":101,"total":101},"id":"ex15","name":"EX Île des Dragons","symbol":"https://assets.tcgdex.net/univ/ex/ex15/symbol"},"variants":{"firstEdition":false,"holo":true,"normal":true,"reverse":true,"wPromo":false},"dexId":[350],"hp":90,"types":["Feu"],"stage":"Niveau 1","abilities":[{"type":"Poké-POWER","name":"Partage","effect":"Une seule fois lors de votre tour (avant votre attaque), vous pouvez regarder la main de votre adversaire. Vous pouvez utiliser l'effet d'une carte Supporter s'y trouvant comme l'effet de ce pouvoir. (La carte Supporter reste dans la main de votre adversaire.) Vous ne pouvez pas utiliser plus d'1 Poké-Power Partage par tour. Ce pouvoir ne peut pas être utilisé si Milobellus est affecté par un État Spécial."}],"attacks":[{"cost":["Feu","Feu","Incolore"],"name":"Intimidation","damage":60}],"weaknesses":[{"type":"Électrique","value":"×2"}],"legal":{"standard":false,"expanded":false}},{"category":"Pokémon","id":"ex15-6","illustrator":"Mitsuhiro Arita","image":"https://assets.tcgdex.net/fr/ex/ex15/6","localId":"6","name":"Nidoking δ ESPÈCES DELTA","rarity":"Rare","set":{"cardCount":{"official":101,"total":101},"id":"ex15","name":"EX Île des Dragons","symbol":"https://assets.tcgdex.net/univ/ex/ex15/symbol"},"variants":{"firstEdition":false,"holo":true,"normal":true,"reverse":true,"wPromo":false},"dexId":[34],"hp":120,"types":["Obscurité"],"stage":"Niveau 2","attacks":[{"cost":["Incolore","Incolore"],"name":"Attaque linéaire","effect":"Choisissez 1 des Pokémon de votre adversaire. Cette attaque lui inflige 30 dégâts. (Vous ne pouvez pas appliquer la Faiblesse et la Résistance aux Pokémon de Banc.)"},{"cost":["Obscurité","Incolore","Incolore"],"name":"Corne obscure","effect":"Vous pouvez défausser un Pokémon de base ou une carte Évolution de votre main. Choisissez alors 1 des Pokémon de Banc de votre adversaire et infligez-lui 20 dégâts. (Vous ne pouvez pas appliquer la Faiblesse et la Résistance aux Pokémon de Banc.)","damage":60}],"weaknesses":[{"type":"Psy","value":"×2"}],"legal":{"standard":false,"expanded":false}},{"category":"Pokémon","id":"ex15-7","illustrator":"Kouki Saitou","image":"https://assets.tcgdex.net/fr/ex/ex15/7","localId":"7","name":"Nidoqueen δ ESPÈCES DELTA","rarity":"Rare","set":{"cardCount":{"official":101,"total":101},"id":"ex15","name":"EX Île des Dragons","symbol":"https://assets.tcgdex.net/univ/ex/ex15/symbol"},"variants":{"firstEdition":false,"holo":true,"normal":true,"reverse":true,"wPromo":false},"dexId":[31],"hp":100,"types":["Métal"],"stage":"Niveau 2","abilities":[{"type":"Poké-POWER","name":"Invitation","effect":"Une seule fois lors de votre tour (avant votre attaque), vous pouvez choisir dans votre deck un Pokémon de base ou une carte Évolution. Montrez-le (ou la) à votre adversaire et placez-le (ou la) dans votre main. Ensuite, mélangez votre deck. Ce pouvoir ne peut pas être utilisé si Nidoqueen est affecté par un État Spécial."}],"attacks":[{"cost":["Incolore","Incolore","Incolore"],"name":"Vengeance","effect":"Inflige 30 dégâts plus 10 dégâts supplémentaires pour chaque Pokémon de base et chaque carte Évolution dans votre pile de défausse. Vous ne pouvez pas ajouter plus de 60 dégâts de cette façon.","damage":"30+"}],"weaknesses":[{"type":"Psy","value":"×2"}],"legal":{"standard":false,"expanded":false}},{"category":"Pokémon","id":"ex15-8","illustrator":"Hajime Kusajima","image":"https://assets.tcgdex.net/fr/ex/ex15/8","localId":"8","name":"Feunard δ ESPÈCES DELTA","rarity":"Rare","set":{"cardCount":{"official":101,"total":101},"id":"ex15","name":"EX Île des Dragons","symbol":"https://assets.tcgdex.net/univ/ex/ex15/symbol"},"variants":{"firstEdition":false,"holo":true,"normal":true,"reverse":true,"wPromo":false},"dexId":[38],"hp":70,"types":["Psy"],"stage":"Niveau 1","abilities":[{"type":"Poké-POWER","name":"Volontaire","effect":"Une seule fois lors de votre tour (avant votre attaque), vous pouvez retirez 4 marqueurs de dégât de Feunard et défausser Feunard de Goupix. Cherchez alors dans votre deck Feunard ou Feunard ex et placez-le sur Goupix (vous le faites ainsi évoluer). Ensuite, mélangez votre deck."}],"attacks":[{"cost":["Incolore","Incolore"],"name":"Queue-piège","effect":"Choisissez dans votre pile de défausse une carte Énergie et attachez-la à 1 de vos Pokémon.","damage":30}],"weaknesses":[{"type":"Eau","value":"×2"}],"legal":{"standard":false,"expanded":false}},{"category":"Pokémon","id":"ex15-9","illustrator":"Yukiko Baba","image":"https://assets.tcgdex.net/fr/ex/ex15/9","localId":"9","name":"Scarabrute δ ESPÈCES DELTA","rarity":"Rare","set":{"cardCount":{"official":101,"total":101},"id":"ex15","name":"EX Île des Dragons","symbol":"https://assets.tcgdex.net/univ/ex/ex15/symbol"},"variants":{"firstEdition":false,"holo":true,"normal":true,"reverse":true,"wPromo":false},"dexId":[127],"hp":60,"types":["Combat"],"stage":"De base","abilities":[{"type":"Poké-BODY","name":"Armure","effect":"Si votre adversaire possède au moins 5 cartes en main, les dégâts infligés à Scarabrute par des attaques sont réduits de 30 (après application de la Faiblesse et de la Résistance)."}],"attacks":[{"cost":["Incolore"],"name":"Appel Delta","effect":"Cherchez dans votre deck un Pokémon possédant le symbole δ, montrez-le à votre adversaire et placez-le dans votre main. Ensuite, mélangez votre deck."},{"cost":["Combat","Incolore","Incolore"],"name":"Guillotine","damage":40}],"weaknesses":[{"type":"Feu","value":"×2"}],"legal":{"standard":false,"expanded":false}},{"category":"Pokémon","id":"ex15-10","illustrator":"Masakazu Fukuda","image":"https://assets.tcgdex.net/fr/ex/ex15/10","localId":"10","name":"Ronflex δ ESPÈCES DELTA","rarity":"Rare","set":{"cardCount":{"official":101,"total":101},"id":"ex15","name":"EX Île des Dragons","symbol":"https://assets.tcgdex.net/univ/ex/ex15/symbol"},"variants":{"firstEdition":false,"holo":true,"normal":true,"reverse":true,"wPromo":false},"dexId":[143],"hp":80,"types":["Plante"],"stage":"De base","abilities":[{"type":"Poké-BODY","name":"Tête de lit","effect":"Tant que Ronflex est Endormi entre deux tours, placez 2 marqueurs de dégât sur 1 des Pokémon Défenseurs."}],"weaknesses":[{"type":"Combat","value":"×2"}],"legal":{"standard":false,"expanded":false}},{"category":"Pokémon","id":"ex15-11","illustrator":"Kouki Saitou","image":"https://assets.tcgdex.net/fr/ex/ex15/11","localId":"11","name":"Togetic δ ESPÈCES DELTA","rarity":"Rare","set":{"cardCount":{"official":101,"total":101},"id":"ex15","name":"EX Île des Dragons","symbol":"https://assets.tcgdex.net/univ/ex/ex15/symbol"},"variants":{"firstEdition":false,"holo":true,"normal":true,"reverse":true,"wPromo":false},"dexId":[176],"hp":60,"types":["Eau"],"stage":"Niveau 1","attacks":[{"cost":["Incolore","Incolore"],"name":"Copiage Delta","effect":"Choisissez une attaque d'1 des Pokémon en jeu de votre adversaire possédant le symbole δ. Copiage Delta copie cette attaque, son Coût en Énergie excepté. (Vous devez toujours faire ce que l'attaque indique.) Togetic utilise cette attaque."},{"cost":["Eau","Incolore"],"name":"Grosse vague","damage":30}],"weaknesses":[{"type":"Électrique","value":"×2"}],"resistances":[{"type":"Combat","value":"-30"}],"legal":{"standard":false,"expanded":false}},{"category":"Pokémon","id":"ex15-12","illustrator":"Hisao Nakamura","image":"https://assets.tcgdex.net/fr/ex/ex15/12","localId":"12","name":"Typhlosion δ ESPÈCES DELTA","rarity":"Rare","set":{"cardCount":{"official":101,"total":101},"id":"ex15","name":"EX Île des Dragons","symbol":"https://assets.tcgdex.net/univ/ex/ex15/symbol"},"variants":{"firstEdition":false,"holo":true,"normal":true,"reverse":true,"wPromo":false},"dexId":[157],"hp":100,"types":["Psy"],"stage":"Niveau 2","abilities":[{"type":"Poké-POWER","name":"Déplacement louche","effect":"Une seule fois lors de votre tour (avant votre attaque), si Typhlosion est votre Pokémon Actif, vous pouvez déplacer 1 marqueur de dégât d'1 Pokémon de n'importe quel joueur sur un autre Pokémon (les vôtres et ceux de votre adversaire). Ce pouvoir ne peut pas être utilisé si Typhlosion est affecté par un État Spécial."}],"attacks":[{"cost":["Psy","Incolore","Incolore"],"name":"Boule brûlante","effect":"Si Typhlosion possède au moins 2 Énergies , le Pokémon Défenseur est maintenant Brûlé.","damage":60}],"weaknesses":[{"type":"Eau","value":"×2"}],"legal":{"standard":false,"expanded":false}},{"category":"Pokémon","id":"ex15-13","illustrator":"Hisao Nakamura","image":"https://assets.tcgdex.net/fr/ex/ex15/13","localId":"13","name":"Arbok δ ESPÈCES DELTA","rarity":"Rare","set":{"cardCount":{"official":101,"total":101},"id":"ex15","name":"EX Île des Dragons","symbol":"https://assets.tcgdex.net/univ/ex/ex15/symbol"},"variants":{"firstEdition":false,"holo":true,"normal":true,"reverse":true,"wPromo":false},"dexId":[24],"hp":80,"types":["Feu"],"stage":"Niveau 1","attacks":[{"cost":["Incolore"],"name":"Venin brûlant","effect":"Le Pokémon Défenseur est maintenant Brûlé et Empoisonné."},{"cost":["Feu","Feu","Incolore"],"name":"Étrangler","effect":"Si le Pokémon Défenseur possède le symbole δ, cette attaque inflige 50 dégâts plus 30 dégâts supplémentaires.","damage":"50+"}],"weaknesses":[{"type":"Psy","value":"×2"}],"legal":{"standard":false,"expanded":false}},{"category":"Pokémon","id":"ex15-14","illustrator":"Mitsuhiro Arita","image":"https://assets.tcgdex.net/fr/ex/ex15/14","localId":"14","name":"Crustabri δ ESPÈCES DELTA","rarity":"Rare","set":{"cardCount":{"official":101,"total":101},"id":"ex15","name":"EX Île des Dragons","symbol":"https://assets.tcgdex.net/univ/ex/ex15/symbol"},"variants":{"firstEdition":false,"holo":true,"normal":true,"reverse":true,"wPromo":false},"dexId":[91],"hp":70,"types":["Combat"],"stage":"Niveau 1","abilities":[{"type":"Poké-BODY","name":"Coquille solide","effect":"Prévenez tous les effets d'attaques, dégâts inclus, infligés par les Pokémon de votre adversaire à chacun de vos Pokémon de Banc possédant le symbole δ."}],"attacks":[{"cost":["Combat"],"name":"Écrase","effect":"Inflige 10 dégâts plus 10 dégâts supplémentaires pour chaque Énergie attachée à Crustabri.","damage":"10+"}],"weaknesses":[{"type":"Électrique","value":"×2"}],"legal":{"standard":false,"expanded":false}},{"category":"Pokémon","id":"ex15-15","illustrator":"Atsuko Nishida","image":"https://assets.tcgdex.net/fr/ex/ex15/15","localId":"15","name":"Lamantine δ ESPÈCES DELTA","rarity":"Rare","set":{"cardCount":{"official":101,"total":101},"id":"ex15","name":"EX Île des Dragons","symbol":"https://assets.tcgdex.net/univ/ex/ex15/symbol"},"variants":{"firstEdition":false,"holo":true,"normal":true,"reverse":true,"wPromo":false},"dexId":[87],"hp":80,"types":["Incolore"],"stage":"Niveau 1","abilities":[{"type":"Poké-BODY","name":"Protection Delta","effect":"Tous dégâts infligés à Lamantine par des attaques de Pokémon de votre adversaire possédant le symbole δ sont réduits de 40 (après application de la Faiblesse et de la Résistance)."}],"attacks":[{"cost":["Incolore","Incolore"],"name":"Laser glace","effect":"Lancez une pièce. Si c'est face, le Pokémon Défenseur est maintenant Paralysé.","damage":20},{"cost":["Incolore","Incolore","Incolore"],"name":"Déferlante","effect":"Si Lamantine possède au moins 2 Énergies , cette attaque inflige 40 dégâts plus 20 dégâts supplémentaires.","damage":"40+"}],"weaknesses":[{"type":"Électrique","value":"×2"}],"legal":{"standard":false,"expanded":false}},{"category":"Pokémon","id":"ex15-16","illustrator":"Kagemaru Himeno","image":"https://assets.tcgdex.net/fr/ex/ex15/16","localId":"16","name":"Scorplane δ ESPÈCES DELTA","rarity":"Rare","set":{"cardCount":{"official":101,"total":101},"id":"ex15","name":"EX Île des Dragons","symbol":"https://assets.tcgdex.net/univ/ex/ex15/symbol"},"variants":{"firstEdition":false,"holo":true,"normal":true,"reverse":true,"wPromo":false},"dexId":[207],"hp":60,"types":["Électrique"],"stage":"De base","attacks":[{"cost":["Incolore"],"name":"Tour piquant","effect":"Lancez une pièce. Si c'est face, le Pokémon Défenseur est maintenant Paralysé. Échangez Scorplane avec 1 Pokémon de votre Banc."},{"cost":["Incolore"],"name":"Queue-dard","effect":"Si le Pokémon Défenseur est un Pokémon-ex, cette attaque inflige 10 dégâts plus 10 dégâts supplémentaires et le Pokémon Défenseur est maintenant Empoisonné.","damage":"10+"}],"weaknesses":[{"type":"Eau","value":"×2"}],"legal":{"standard":false,"expanded":false}},{"category":"Pokémon","id":"ex15-17","illustrator":"Ken Sugimori","image":"https://assets.tcgdex.net/fr/ex/ex15/17","localId":"17","name":"Lippoutou δ ESPÈCES DELTA","rarity":"Rare","set":{"cardCount":{"official":101,"total":101},"id":"ex15","name":"EX Île des Dragons","symbol":"https://assets.tcgdex.net/univ/ex/ex15/symbol"},"variants":{"firstEdition":false,"holo":true,"normal":true,"reverse":true,"wPromo":false},"dexId":[124],"hp":60,"types":["Feu"],"stage":"De base","abilities":[{"type":"Poké-BODY","name":"Niveaux d'Évolution","effect":"Tant que Lippoutou est un Pokémon Évolué, vous payez 1  de moins pour faire battre en retraite vos Pokémon  et ."}],"attacks":[{"cost":["Feu","Incolore"],"name":"Poing de feu","damage":30}],"weaknesses":[{"type":"Psy","value":"×2"}],"legal":{"standard":false,"expanded":false}},{"category":"Pokémon","id":"ex15-18","illustrator":"Hajime Kusajima","image":"https://assets.tcgdex.net/fr/ex/ex15/18","localId":"18","name":"Coxyclaque δ ESPÈCES DELTA","rarity":"Rare","set":{"cardCount":{"official":101,"total":101},"id":"ex15","name":"EX Île des Dragons","symbol":"https://assets.tcgdex.net/univ/ex/ex15/symbol"},"variants":{"firstEdition":false,"holo":true,"normal":true,"reverse":true,"wPromo":false},"dexId":[166],"hp":70,"types":["Métal"],"stage":"Niveau 1","abilities":[{"type":"Poké-POWER","name":"Rôder","effect":"Une seule fois lors de votre tour, lorsque vous jouez Coxyclaque de votre main pour faire évoluer 1 de vos Pokémon, vous pouvez choisir dans votre deck n'importe quelle carte. Placez-la dans votre main. Ensuite, mélangez votre deck."}],"attacks":[{"cost":["Métal","Incolore"],"name":"Étoile métallique","effect":"Si Coxyclaque possède une carte Outil Pokémon, piochez 3 cartes.","damage":30}],"weaknesses":[{"type":"Feu","value":"×2"}],"legal":{"standard":false,"expanded":false}},{"category":"Pokémon","id":"ex15-19","illustrator":"Masakazu Fukuda","image":"https://assets.tcgdex.net/fr/ex/ex15/19","localId":"19","name":"Excelangue δ ESPÈCES DELTA","rarity":"Rare","set":{"cardCount":{"official":101,"total":101},"id":"ex15","name":"EX Île des Dragons","symbol":"https://assets.tcgdex.net/univ/ex/ex15/symbol"},"variants":{"firstEdition":false,"holo":true,"normal":true,"reverse":true,"wPromo":false},"dexId":[108],"hp":60,"types":["Psy"],"stage":"De base","attacks":[{"cost":["Incolore"],"name":"Gober","effect":"Piochez 2 cartes."},{"cost":["Psy"],"name":"Esprit Delta","effect":"Placez 1 marqueur de dégât sur 1 des Pokémon de votre adversaire. Si ce Pokémon possède le symbole δ, placez 3 marqueurs de dégât au lieu d'1."}],"weaknesses":[{"type":"Combat","value":"×2"}],"legal":{"standard":false,"expanded":false}},{"category":"Pokémon","id":"ex15-20","illustrator":"Sumiyoshi Kizuki","image":"https://assets.tcgdex.net/fr/ex/ex15/20","localId":"20","name":"Demanta δ ESPÈCES DELTA","rarity":"Rare","set":{"cardCount":{"official":101,"total":101},"id":"ex15","name":"EX Île des Dragons","symbol":"https://assets.tcgdex.net/univ/ex/ex15/symbol"},"variants":{"firstEdition":false,"holo":true,"normal":true,"reverse":true,"wPromo":false},"dexId":[226],"hp":50,"types":["Électrique"],"stage":"De base","abilities":[{"type":"Poké-POWER","name":"Circulation de puissance","effect":"Une seule fois lors de votre tour (avant votre attaque), vous pouvez choisir dans votre pile de défausse une carte Énergie de base. Montrez-la à votre adversaire et placez-la au dessus de votre deck. Placez alors 1 marqueur de dégât sur Demanta. Ce pouvoir ne peut pas être utilisé si Demanta est affecté par un État Spécial."}],"attacks":[{"cost":["Électrique"],"name":"Spirale épuisante","effect":"Retirez à Demanta 1 marqueur de dégât.","damage":10}],"weaknesses":[{"type":"Électrique","value":"×2"}],"legal":{"standard":false,"expanded":false}},{"category":"Pokémon","id":"ex15-21","illustrator":"Sachiko Adachi","image":"https://assets.tcgdex.net/fr/ex/ex15/21","localId":"21","name":"Maraiste δ ESPÈCES DELTA","rarity":"Rare","set":{"cardCount":{"official":101,"total":101},"id":"ex15","name":"EX Île des Dragons","symbol":"https://assets.tcgdex.net/univ/ex/ex15/symbol"},"variants":{"firstEdition":false,"holo":true,"normal":true,"reverse":true,"wPromo":false},"dexId":[195],"hp":80,"types":["Plante"],"stage":"Niveau 1","abilities":[{"type":"Poké-POWER","name":"Désenfouir","effect":"Une seule fois lors de votre tour, lorsque vous jouez Maraiste de votre main pour faire évoluer 1 de vos Pokémon, vous pouvez choisir dans votre pile de défausse jusqu'à 2 cartes Outil Pokémon. Montrez-la à votre adversaire et placez-les dans votre main."}],"attacks":[{"cost":["Plante","Incolore","Incolore"],"name":"Faire couler à flots","effect":"Si Maraiste possède une carte Outil Pokémon, cette attaque inflige 50 dégâts plus 20 dégâts supplémentaires.","damage":"50+"}],"weaknesses":[{"type":"Plante","value":"×2"}],"legal":{"standard":false,"expanded":false}},{"category":"Pokémon","id":"ex15-22","illustrator":"Sachiko Adachi","image":"https://assets.tcgdex.net/fr/ex/ex15/22","localId":"22","name":"Hypocéan δ ESPÈCES DELTA","rarity":"Rare","set":{"cardCount":{"official":101,"total":101},"id":"ex15","name":"EX Île des Dragons","symbol":"https://assets.tcgdex.net/univ/ex/ex15/symbol"},"variants":{"firstEdition":false,"holo":true,"normal":true,"reverse":true,"wPromo":false},"dexId":[117],"hp":70,"types":["Combat"],"stage":"Niveau 1","attacks":[{"cost":["Incolore","Incolore"],"name":"Brouillard","effect":"Si le Pokémon Défenseur essaie d'attaquer lors du prochain tour de votre adversaire, votre adversaire lance une pièce. Si c'est pile, cette attaque est sans effet.","damage":20},{"cost":["Combat","Incolore","Incolore"],"name":"Aile tranchante","damage":40}],"weaknesses":[{"type":"Électrique","value":"×2"}],"legal":{"standard":false,"expanded":false}},{"category":"Pokémon","id":"ex15-23","illustrator":"Mitsuhiro Arita","image":"https://assets.tcgdex.net/fr/ex/ex15/23","localId":"23","name":"Tropius δ ESPÈCES DELTA","rarity":"Rare","set":{"cardCount":{"official":101,"total":101},"id":"ex15","name":"EX Île des Dragons","symbol":"https://assets.tcgdex.net/univ/ex/ex15/symbol"},"variants":{"firstEdition":false,"holo":true,"normal":true,"reverse":true,"wPromo":false},"dexId":[357],"hp":70,"types":["Métal"],"stage":"De base","abilities":[{"type":"Poké-POWER","name":"Guérison tropicale","effect":"Une seule fois lors de votre tour, lorsque vous placez Tropius de votre main sur votre Banc, vous pouvez retirer à votre Pokémon tous ses États Spéciaux et ses marqueurs Possessif et Électrochoc."}],"attacks":[{"cost":["Métal"],"name":"Écrase","effect":"Inflige 10 dégâts multipliés par le nombre d'Énergies attachées à Tropius","damage":"10×"}],"weaknesses":[{"type":"Feu","value":"×2"}],"legal":{"standard":false,"expanded":false}},{"category":"Pokémon","id":"ex15-24","illustrator":"Tomokazu Komiya","image":"https://assets.tcgdex.net/fr/ex/ex15/24","localId":"24","name":"Vibraninf δ ESPÈCES DELTA","rarity":"Rare","set":{"cardCount":{"official":101,"total":101},"id":"ex15","name":"EX Île des Dragons","symbol":"https://assets.tcgdex.net/univ/ex/ex15/symbol"},"variants":{"firstEdition":false,"holo":true,"normal":true,"reverse":true,"wPromo":false},"dexId":[329],"hp":70,"types":["Psy"],"stage":"Niveau 1","abilities":[{"type":"Poké-POWER","name":"Aile psy","effect":"Si Vibraninf possède de l'Énergie , son Coût de retraite est de 0."}],"attacks":[{"cost":["Incolore","Incolore","Incolore"],"name":"Coup d'poing éclair","effect":"Lancez une pièce. Si c'est face, cette attaque inflige 20 dégâts plus 20 dégâts supplémentaires.","damage":"20+"}],"weaknesses":[{"type":"Incolore","value":"×2"}],"resistances":[{"type":"Électrique","value":"-30"},{"type":"Combat","value":"-30"}],"legal":{"standard":false,"expanded":false}},{"category":"Pokémon","id":"ex15-25","illustrator":"Kouki Saitou","image":"https://assets.tcgdex.net/fr/ex/ex15/25","localId":"25","name":"Xatu δ ESPÈCES DELTA","rarity":"Rare","set":{"cardCount":{"official":101,"total":101},"id":"ex15","name":"EX Île des Dragons","symbol":"https://assets.tcgdex.net/univ/ex/ex15/symbol"},"variants":{"firstEdition":false,"holo":true,"normal":true,"reverse":true,"wPromo":false},"dexId":[178],"hp":70,"types":["Obscurité"],"stage":"Niveau 1","abilities":[{"type":"Poké-POWER","name":"Plume supplémentaire","effect":"Chacun de vos Pokémon-ex de Niveau 2 inflige 10 dégâts supplémentaires au Pokémon Défenseur (avant application de la Faiblesse et de la Résistance)."}],"attacks":[{"cost":["Obscurité","Incolore"],"name":"Onde folie","effect":"Lancez une pièce. Si c'est face, le Pokémon Défenseur est maintenant Confus.","damage":20}],"weaknesses":[{"type":"Psy","value":"×2"}],"legal":{"standard":false,"expanded":false}},{"category":"Pokémon","id":"ex15-26","illustrator":"Kagemaru Himeno","image":"https://assets.tcgdex.net/fr/ex/ex15/26","localId":"26","name":"Macronium δ ESPÈCES DELTA","rarity":"Peu Commune","set":{"cardCount":{"official":101,"total":101},"id":"ex15","name":"EX Île des Dragons","symbol":"https://assets.tcgdex.net/univ/ex/ex15/symbol"},"variants":{"firstEdition":false,"holo":true,"normal":true,"reverse":true,"wPromo":false},"dexId":[153],"hp":70,"types":["Combat"],"stage":"Niveau 1","attacks":[{"cost":["Combat","Incolore"],"name":"Poudre Toxik","effect":"Le Pokémon Défenseur est maintenant Empoisonné.","damage":20}],"weaknesses":[{"type":"Feu","value":"×2"}],"resistances":[{"type":"Eau","value":"-30"}],"legal":{"standard":false,"expanded":false}},{"category":"Pokémon","id":"ex15-27","illustrator":"Yuka Morii","image":"https://assets.tcgdex.net/fr/ex/ex15/27","localId":"27","name":"Crocrodil δ ESPÈCES DELTA","rarity":"Peu Commune","set":{"cardCount":{"official":101,"total":101},"id":"ex15","name":"EX Île des Dragons","symbol":"https://assets.tcgdex.net/univ/ex/ex15/symbol"},"variants":{"firstEdition":false,"holo":true,"normal":true,"reverse":true,"wPromo":false},"dexId":[159],"hp":70,"types":["Électrique"],"stage":"Niveau 1","attacks":[{"cost":["Incolore"],"name":"Grimace","effect":"Lancez une pièce. Si c'est face, le Pokémon Défenseur ne peut pas attaquer ou battre en retraite lors du prochain tour de votre adversaire."},{"cost":["Électrique","Incolore","Incolore"],"name":"Tranche","damage":50}],"weaknesses":[{"type":"Électrique","value":"×2"}],"legal":{"standard":false,"expanded":false}},{"category":"Pokémon","id":"ex15-28","illustrator":"Kouki Saitou","image":"https://assets.tcgdex.net/fr/ex/ex15/28","localId":"28","name":"Draco δ ESPÈCES DELTA","rarity":"Peu Commune","set":{"cardCount":{"official":101,"total":101},"id":"ex15","name":"EX Île des Dragons","symbol":"https://assets.tcgdex.net/univ/ex/ex15/symbol"},"variants":{"firstEdition":false,"holo":true,"normal":true,"reverse":true,"wPromo":false},"dexId":[148],"hp":70,"types":["Plante"],"stage":"Niveau 1","attacks":[{"cost":["Incolore"],"name":"Ligotage","effect":"Lancez une pièce. Si c'est face, le Pokémon Défenseur est maintenant Paralysé."},{"cost":["Plante","Incolore","Incolore"],"name":"Koud'korne","damage":40}],"legal":{"standard":false,"expanded":false}},{"category":"Pokémon","id":"ex15-29","illustrator":"Ken Sugimori","image":"https://assets.tcgdex.net/fr/ex/ex15/29","localId":"29","name":"Elektek δ ESPÈCES DELTA","rarity":"Peu Commune","set":{"cardCount":{"official":101,"total":101},"id":"ex15","name":"EX Île des Dragons","symbol":"https://assets.tcgdex.net/univ/ex/ex15/symbol"},"variants":{"firstEdition":false,"holo":true,"normal":true,"reverse":true,"wPromo":false},"dexId":[125],"hp":60,"types":["Combat"],"stage":"De base","abilities":[{"type":"Poké-POWER","name":"Puissance d'évolution","effect":"Une seule fois lors de votre tour (avant votre attaque), si Elektek est un Pokémon Évolué, vous pouvez piocher une carte du dessous de votre deck. Ce pouvoir ne peut pas être utilisé si Elektek est affecté par un État Spécial."}],"attacks":[{"cost":["Combat","Incolore"],"name":"Météores","effect":"Les dégâts de cette attaque ne sont pas affectés par la Faiblesse, la Résistance, les Poké-Powers, les Poké-Bodies ou tout autre effet sur le Pokémon Défenseur.","damage":30}],"weaknesses":[{"type":"Combat","value":"×2"}],"legal":{"standard":false,"expanded":false}},{"category":"Pokémon","id":"ex15-30","illustrator":"Yuka Morii","image":"https://assets.tcgdex.net/fr/ex/ex15/30","localId":"30","name":"Lainergie δ ESPÈCES DELTA","rarity":"Peu Commune","set":{"cardCount":{"official":101,"total":101},"id":"ex15","name":"EX Île des Dragons","symbol":"https://assets.tcgdex.net/univ/ex/ex15/symbol"},"variants":{"firstEdition":false,"holo":true,"normal":true,"reverse":true,"wPromo":false},"dexId":[180],"hp":70,"types":["Incolore"],"stage":"Niveau 1","attacks":[{"cost":["Incolore","Incolore"],"name":"Éclair","effect":"Lancez une pièce. Si c'est face, le Pokémon Défenseur est maintenant Paralysé.","damage":20}],"weaknesses":[{"type":"Combat","value":"×2"}],"legal":{"standard":false,"expanded":false}},{"category":"Pokémon","id":"ex15-31","illustrator":"Tomokazu Komiya","image":"https://assets.tcgdex.net/fr/ex/ex15/31","localId":"31","name":"Hypotrempe δ ESPÈCES DELTA","rarity":"Peu Commune","set":{"cardCount":{"official":101,"total":101},"id":"ex15","name":"EX Île des Dragons","symbol":"https://assets.tcgdex.net/univ/ex/ex15/symbol"},"variants":{"firstEdition":false,"holo":true,"normal":true,"reverse":true,"wPromo":false},"dexId":[116],"hp":40,"types":["Combat"],"stage":"De base","attacks":[{"cost":["Incolore"],"name":"Charge","damage":10},{"cost":["Combat","Incolore"],"name":"Poussée inverse","effect":"Échangez Hypotrempe avec 1 de vos Pokémon de Banc.","damage":20}],"weaknesses":[{"type":"Électrique","value":"×2"}],"legal":{"standard":false,"expanded":false}},{"category":"Pokémon","id":"ex15-32","illustrator":"Hajime Kusajima","image":"https://assets.tcgdex.net/fr/ex/ex15/32","localId":"32","name":"Kirlia","rarity":"Peu Commune","set":{"cardCount":{"official":101,"total":101},"id":"ex15","name":"EX Île des Dragons","symbol":"https://assets.tcgdex.net/univ/ex/ex15/symbol"},"variants":{"firstEdition":false,"holo":true,"normal":true,"reverse":true,"wPromo":false},"dexId":[281],"hp":70,"types":["Psy"],"stage":"Niveau 1","attacks":[{"cost":["Psy","Incolore"],"name":"Choc psy","effect":"Lancez une pièce. Si c'est face, le Pokémon Défenseur est maintenant Paralysé.","damage":20},{"cost":["Psy","Incolore","Incolore"],"name":"Explosion en série","effect":"Si Kirlia et le Pokémon Défenseur possèdent un nombre d'Énergies différent, les dégâts de base de cette attaque sont de 30 au lieu de 60.","damage":60}],"weaknesses":[{"type":"Psy","value":"×2"}],"legal":{"standard":false,"expanded":false}},{"category":"Pokémon","id":"ex15-33","illustrator":"Kyoko Umemoto","image":"https://assets.tcgdex.net/fr/ex/ex15/33","localId":"33","name":"Kirlia δ ESPÈCES DELTA","rarity":"Peu Commune","set":{"cardCount":{"official":101,"total":101},"id":"ex15","name":"EX Île des Dragons","symbol":"https://assets.tcgdex.net/univ/ex/ex15/symbol"},"variants":{"firstEdition":false,"holo":true,"normal":true,"reverse":true,"wPromo":false},"dexId":[281],"hp":70,"types":["Feu"],"stage":"Niveau 1","attacks":[{"cost":["Feu","Incolore"],"name":"Flammes vacillantes","effect":"Le Pokémon Défenseur est maintenant Endormi.","damage":20},{"cost":["Feu","Incolore","Incolore"],"name":"Claque","damage":40}],"weaknesses":[{"type":"Psy","value":"×2"}],"legal":{"standard":false,"expanded":false}},{"category":"Pokémon","id":"ex15-34","illustrator":"Sumiyoshi Kizuki","image":"https://assets.tcgdex.net/fr/ex/ex15/34","localId":"34","name":"Nidorina δ","rarity":"Peu Commune","set":{"cardCount":{"official":101,"total":101},"id":"ex15","name":"EX Île des Dragons","symbol":"https://assets.tcgdex.net/univ/ex/ex15/symbol"},"variants":{"firstEdition":false,"holo":true,"normal":true,"reverse":true,"wPromo":false},"dexId":[30],"hp":70,"types":["Métal"],"stage":"Niveau 1","attacks":[{"cost":["Incolore","Incolore"],"name":"Dard-venin","effect":"Le Pokémon Défenseur est maintenant Empoisonné.","damage":10},{"cost":["Métal","Incolore","Incolore"],"name":"Ruade","damage":40}],"weaknesses":[{"type":"Psy","value":"×2"}],"legal":{"standard":false,"expanded":false}},{"category":"Pokémon","id":"ex15-35","illustrator":"Atsuko Nishida","image":"https://assets.tcgdex.net/fr/ex/ex15/35","localId":"35","name":"Nidorino δ ESPÈCES DELTA","rarity":"Peu Commune","set":{"cardCount":{"official":101,"total":101},"id":"ex15","name":"EX Île des Dragons","symbol":"https://assets.tcgdex.net/univ/ex/ex15/symbol"},"variants":{"firstEdition":false,"holo":true,"normal":true,"reverse":true,"wPromo":false},"dexId":[33],"hp":70,"types":["Obscurité"],"stage":"Niveau 1","attacks":[{"cost":["Obscurité","Incolore"],"name":"Frénésie","effect":"Inflige 10 dégâts plus 10 dégâts supplémentaires pour chaque marqueur de dégât sur Nidorino.","damage":"10+"},{"cost":["Incolore","Incolore","Incolore"],"name":"Empal'korne","damage":30}],"weaknesses":[{"type":"Psy","value":"×2"}],"legal":{"standard":false,"expanded":false}},{"category":"Pokémon","id":"ex15-36","illustrator":"Midori Harada","image":"https://assets.tcgdex.net/fr/ex/ex15/36","localId":"36","name":"Feurisson δ ESPÈCES DELTA","rarity":"Peu Commune","set":{"cardCount":{"official":101,"total":101},"id":"ex15","name":"EX Île des Dragons","symbol":"https://assets.tcgdex.net/univ/ex/ex15/symbol"},"variants":{"firstEdition":false,"holo":true,"normal":true,"reverse":true,"wPromo":false},"dexId":[156],"hp":70,"types":["Psy"],"stage":"Niveau 1","attacks":[{"cost":["Incolore","Incolore"],"name":"Coud'pattes","damage":20},{"cost":["Psy","Incolore","Incolore"],"name":"Vive-attaque","effect":"Lancez une pièce. Si c'est face, cette attaque inflige 30 dégâts plus 20 dégâts supplémentaires.","damage":"30+"}],"weaknesses":[{"type":"Eau","value":"×2"}],"legal":{"standard":false,"expanded":false}},{"category":"Pokémon","id":"ex15-37","illustrator":"Hisao Nakamura","image":"https://assets.tcgdex.net/fr/ex/ex15/37","localId":"37","name":"Hypocéan δ ESPÈCES DELTA","rarity":"Peu Commune","set":{"cardCount":{"official":101,"total":101},"id":"ex15","name":"EX Île des Dragons","symbol":"https://assets.tcgdex.net/univ/ex/ex15/symbol"},"variants":{"firstEdition":false,"holo":true,"normal":true,"reverse":true,"wPromo":false},"dexId":[117],"hp":70,"types":["Combat"],"stage":"Niveau 1","attacks":[{"cost":["Combat","Incolore"],"name":"Collision","damage":20},{"cost":["Incolore","Incolore","Incolore"],"name":"Boule supplémentaire","effect":"Si le Pokémon Défenseur est un Pokémon-ex, cette attaque inflige 30 dégâts plus 30 dégâts supplémentaires.","damage":"30+"}],"weaknesses":[{"type":"Électrique","value":"×2"}],"legal":{"standard":false,"expanded":false}},{"category":"Pokémon","id":"ex15-38","illustrator":"Kyoko Umemoto","image":"https://assets.tcgdex.net/fr/ex/ex15/38","localId":"38","name":"Drackhaus δ ESPÈCES DELTA","rarity":"Peu Commune","set":{"cardCount":{"official":101,"total":101},"id":"ex15","name":"EX Île des Dragons","symbol":"https://assets.tcgdex.net/univ/ex/ex15/symbol"},"variants":{"firstEdition":false,"holo":true,"normal":true,"reverse":true,"wPromo":false},"dexId":[372],"hp":70,"types":["Eau"],"stage":"Niveau 1","attacks":[{"cost":["Incolore","Incolore"],"name":"Coup d'boule","damage":20},{"cost":["Eau","Incolore","Incolore"],"name":"Damoclès","effect":"Drackhaus s'inflige 10 dégâts.","damage":50}],"legal":{"standard":false,"expanded":false}},{"category":"Pokémon","id":"ex15-39","illustrator":"Kagemaru Himeno","image":"https://assets.tcgdex.net/fr/ex/ex15/39","localId":"39","name":"Queulorior δ ESPÈCES DELTA","rarity":"Peu Commune","set":{"cardCount":{"official":101,"total":101},"id":"ex15","name":"EX Île des Dragons","symbol":"https://assets.tcgdex.net/univ/ex/ex15/symbol"},"variants":{"firstEdition":false,"holo":true,"normal":true,"reverse":true,"wPromo":false},"dexId":[235],"hp":60,"types":["Psy"],"stage":"De base","attacks":[{"cost":["Incolore"],"name":"Collectionner","effect":"Piochez une carte."},{"cost":["Incolore"],"name":"Queue tremblante","effect":"Si le Pokémon Défenseur est un Pokémon-ex, cette attaque inflige 10 dégâts plus 10 dégâts supplémentaires et le Pokémon Défenseur est maintenant Endormi.","damage":"10+"}],"weaknesses":[{"type":"Combat","value":"×2"}],"legal":{"standard":false,"expanded":false}},{"category":"Pokémon","id":"ex15-40","illustrator":"Sumiyoshi Kizuki","image":"https://assets.tcgdex.net/fr/ex/ex15/40","localId":"40","name":"Heledelle δ ESPÈCES DELTA","rarity":"Peu Commune","set":{"cardCount":{"official":101,"total":101},"id":"ex15","name":"EX Île des Dragons","symbol":"https://assets.tcgdex.net/univ/ex/ex15/symbol"},"variants":{"firstEdition":false,"holo":true,"normal":true,"reverse":true,"wPromo":false},"dexId":[277],"hp":70,"types":["Feu"],"stage":"Niveau 1","abilities":[{"type":"Poké-BODY","name":"Aile supplémentaire","effect":"Le Coût de retraite de chacun de vos Pokémon-ex de Niveau 2 est de 0."}],"attacks":[{"cost":["Feu","Incolore"],"name":"Hâte","effect":"Lancez une pièce. Si c'est face, prévenez tous les effets d'une attaque, dégâts inclus, infligés à Heledelle lors du prochain tour de votre adversaire.","damage":30}],"weaknesses":[{"type":"Électrique","value":"×2"}],"resistances":[{"type":"Combat","value":"-30"}],"legal":{"standard":false,"expanded":false}},{"category":"Pokémon","id":"ex15-41","illustrator":"Miki Tanaka","image":"https://assets.tcgdex.net/fr/ex/ex15/41","localId":"41","name":"Togepi δ ESPÈCES DELTA","rarity":"Peu Commune","set":{"cardCount":{"official":101,"total":101},"id":"ex15","name":"EX Île des Dragons","symbol":"https://assets.tcgdex.net/univ/ex/ex15/symbol"},"variants":{"firstEdition":false,"holo":true,"normal":true,"reverse":true,"wPromo":false},"dexId":[175],"hp":40,"types":["Eau"],"stage":"De base","attacks":[{"cost":["Eau"],"name":"Charme","effect":"Lors du prochain tour de votre adversaire, les dégâts infligés par des attaques du Pokémon Défenseur sont réduits de 20 (avant application de la Faiblesse et de la Résistance)."}],"weaknesses":[{"type":"Combat","value":"×2"}],"legal":{"standard":false,"expanded":false}},{"category":"Pokémon","id":"ex15-42","illustrator":"Midori Harada","image":"https://assets.tcgdex.net/fr/ex/ex15/42","localId":"42","name":"Vibraninf δ ESPÈCES DELTA","rarity":"Peu Commune","set":{"cardCount":{"official":101,"total":101},"id":"ex15","name":"EX Île des Dragons","symbol":"https://assets.tcgdex.net/univ/ex/ex15/symbol"},"variants":{"firstEdition":false,"holo":true,"normal":true,"reverse":true,"wPromo":false},"dexId":[329],"hp":70,"types":["Psy"],"stage":"Niveau 1","attacks":[{"cost":["Incolore"],"name":"Morsure","damage":20},{"cost":["Psy","Incolore"],"name":"Bruit supersonique","effect":"Si le Pokémon Défenseur est un Pokémon-ex, il est maintenant Confus.","damage":30}],"legal":{"standard":false,"expanded":false}},{"category":"Pokémon","id":"ex15-43","illustrator":"Hajime Kusajima","image":"https://assets.tcgdex.net/fr/ex/ex15/43","localId":"43","name":"Draby δ ESPÈCES DELTA","rarity":"Commune","set":{"cardCount":{"official":101,"total":101},"id":"ex15","name":"EX Île des Dragons","symbol":"https://assets.tcgdex.net/univ/ex/ex15/symbol"},"variants":{"firstEdition":false,"holo":true,"normal":true,"reverse":true,"wPromo":false},"dexId":[371],"hp":40,"types":["Eau"],"stage":"De base","attacks":[{"cost":["Eau"],"name":"Tête de granit","effect":"Lors du prochain tour de votre adversaire, tous dégâts infligés à Draby par des attaques sont réduits de 10 (après application de la Faiblesse et de la Résistance).","damage":10}],"legal":{"standard":false,"expanded":false}},{"category":"Pokémon","id":"ex15-44","illustrator":"Yuka Morii","image":"https://assets.tcgdex.net/fr/ex/ex15/44","localId":"44","name":"Germignon δ ESPÈCES DELTA","rarity":"Commune","set":{"cardCount":{"official":101,"total":101},"id":"ex15","name":"EX Île des Dragons","symbol":"https://assets.tcgdex.net/univ/ex/ex15/symbol"},"variants":{"firstEdition":false,"holo":true,"normal":true,"reverse":true,"wPromo":false},"dexId":[152],"hp":40,"types":["Combat"],"stage":"De base","attacks":[{"cost":["Incolore"],"name":"Poudre dodo","effect":"Le Pokémon Défenseur est maintenant Endormi."},{"cost":["Incolore","Incolore"],"name":"Charge","damage":20}],"weaknesses":[{"type":"Feu","value":"×2"}],"resistances":[{"type":"Eau","value":"-30"}],"legal":{"standard":false,"expanded":false}},{"category":"Pokémon","id":"ex15-45","illustrator":"Atsuko Nishida","image":"https://assets.tcgdex.net/fr/ex/ex15/45","localId":"45","name":"Héricendre δ ESPÈCES DELTA","rarity":"Commune","set":{"cardCount":{"official":101,"total":101},"id":"ex15","name":"EX Île des Dragons","symbol":"https://assets.tcgdex.net/univ/ex/ex15/symbol"},"variants":{"firstEdition":false,"holo":true,"normal":true,"reverse":true,"wPromo":false},"dexId":[155],"hp":40,"types":["Psy"],"stage":"De base","attacks":[{"cost":["Psy","Incolore"],"name":"Météores","effect":"Les dégâts de cette attaque ne sont pas affectés par la Faiblesse, la Résistance, les Poké-Powers, les Poké-Bodies ou tout autre effet sur le Pokémon Défenseur.","damage":30}],"weaknesses":[{"type":"Eau","value":"×2"}],"legal":{"standard":false,"expanded":false}},{"category":"Pokémon","id":"ex15-46","illustrator":"Tomokazu Komiya","image":"https://assets.tcgdex.net/fr/ex/ex15/46","localId":"46","name":"Minidraco δ ESPÈCES DELTA","rarity":"Commune","set":{"cardCount":{"official":101,"total":101},"id":"ex15","name":"EX Île des Dragons","symbol":"https://assets.tcgdex.net/univ/ex/ex15/symbol"},"variants":{"firstEdition":false,"holo":true,"normal":true,"reverse":true,"wPromo":false},"dexId":[147],"hp":40,"types":["Plante"],"stage":"De base","attacks":[{"cost":["Incolore"],"name":"Collision","damage":10}],"legal":{"standard":false,"expanded":false}},{"category":"Pokémon","id":"ex15-47","illustrator":"Yuka Morii","image":"https://assets.tcgdex.net/fr/ex/ex15/47","localId":"47","name":"Abo δ ESPÈCES DELTA","rarity":"Commune","set":{"cardCount":{"official":101,"total":101},"id":"ex15","name":"EX Île des Dragons","symbol":"https://assets.tcgdex.net/univ/ex/ex15/symbol"},"variants":{"firstEdition":false,"holo":true,"normal":true,"reverse":true,"wPromo":false},"dexId":[23],"hp":50,"types":["Feu"],"stage":"De base","attacks":[{"cost":["Incolore"],"name":"Morsure","damage":10},{"cost":["Feu","Incolore"],"name":"Coud' queue sec","damage":20}],"weaknesses":[{"type":"Psy","value":"×2"}],"legal":{"standard":false,"expanded":false}},{"category":"Pokémon","id":"ex15-48","illustrator":"Ken Sugimori","image":"https://assets.tcgdex.net/fr/ex/ex15/48","localId":"48","name":"Elekid δ ESPÈCES DELTA","rarity":"Commune","set":{"cardCount":{"official":101,"total":101},"id":"ex15","name":"EX Île des Dragons","symbol":"https://assets.tcgdex.net/univ/ex/ex15/symbol"},"variants":{"firstEdition":false,"holo":true,"normal":true,"reverse":true,"wPromo":false},"dexId":[239],"hp":40,"types":["Combat"],"stage":"De base","abilities":[{"type":"Poké-POWER","name":"Évolution bébé","effect":"Une seule fois lors de votre tour (avant votre attaque), vous pouvez placer Elektek de votre main sur Elekid (vous le faites ainsi évoluer) et retirer à Elekid tous ses marqueurs de dégât."}],"attacks":[{"cost":["Incolore"],"name":"Lance-éclair","effect":"Choisissez 1 des Pokémon de votre adversaire. Cette attaque lui inflige 10 dégâts. (Vous ne pouvez pas appliquer la Faiblesse et la Résistance aux Pokémon de Banc.)"}],"weaknesses":[{"type":"Combat","value":"×2"}],"legal":{"standard":false,"expanded":false}},{"category":"Pokémon","id":"ex15-49","illustrator":"Yukiko Baba","image":"https://assets.tcgdex.net/fr/ex/ex15/49","localId":"49","name":"Barpau δ ESPÈCES DELTA","rarity":"Commune","set":{"cardCount":{"official":101,"total":101},"id":"ex15","name":"EX Île des Dragons","symbol":"https://assets.tcgdex.net/univ/ex/ex15/symbol"},"variants":{"firstEdition":false,"holo":true,"normal":true,"reverse":true,"wPromo":false},"dexId":[349],"hp":30,"types":["Feu"],"stage":"De base","attacks":[{"cost":["Feu"],"name":"Fléau","effect":"Inflige 10 dégâts multipliés par le nombre de marqueurs de dégât sur Barpau.","damage":"10×"}],"weaknesses":[{"type":"Électrique","value":"×2"}],"legal":{"standard":false,"expanded":false}},{"category":"Pokémon","id":"ex15-50","illustrator":"Hisao Nakamura","image":"https://assets.tcgdex.net/fr/ex/ex15/50","localId":"50","name":"Hypotrempe δ ESPÈCES DELTA","rarity":"Commune","set":{"cardCount":{"official":101,"total":101},"id":"ex15","name":"EX Île des Dragons","symbol":"https://assets.tcgdex.net/univ/ex/ex15/symbol"},"variants":{"firstEdition":false,"holo":true,"normal":true,"reverse":true,"wPromo":false},"dexId":[116],"hp":40,"types":["Combat"],"stage":"De base","attacks":[{"cost":["Incolore"],"name":"Boule dodo","effect":"Le Pokémon Défenseur est maintenant Endormi.","damage":10}],"weaknesses":[{"type":"Électrique","value":"×2"}],"legal":{"standard":false,"expanded":false}},{"category":"Pokémon","id":"ex15-51","illustrator":"Yukiko Baba","image":"https://assets.tcgdex.net/fr/ex/ex15/51","localId":"51","name":"Embrylex","rarity":"Commune","set":{"cardCount":{"official":101,"total":101},"id":"ex15","name":"EX Île des Dragons","symbol":"https://assets.tcgdex.net/univ/ex/ex15/symbol"},"variants":{"firstEdition":false,"holo":true,"normal":true,"reverse":true,"wPromo":false},"dexId":[246],"hp":50,"types":["Combat"],"stage":"De base","attacks":[{"cost":["Combat"],"name":"Morsure","damage":10},{"cost":["Combat","Incolore"],"name":"Coud'boue","damage":20}],"weaknesses":[{"type":"Eau","value":"×2"}],"legal":{"standard":false,"expanded":false}},{"category":"Pokémon","id":"ex15-52","illustrator":"Kouki Saitou","image":"https://assets.tcgdex.net/fr/ex/ex15/52","localId":"52","name":"Embrylex δ","rarity":"Commune","set":{"cardCount":{"official":101,"total":101},"id":"ex15","name":"EX Île des Dragons","symbol":"https://assets.tcgdex.net/univ/ex/ex15/symbol"},"variants":{"firstEdition":false,"holo":true,"normal":true,"reverse":true,"wPromo":false},"dexId":[246],"hp":50,"types":["Électrique"],"stage":"De base","attacks":[{"cost":["Électrique"],"name":"Regard paralysant","effect":"Lancez une pièce. Si c'est face, le Pokémon Défenseur est maintenant Paralysé."},{"cost":["Incolore","Incolore"],"name":"Koud'korne","damage":20}],"weaknesses":[{"type":"Plante","value":"×2"}],"legal":{"standard":false,"expanded":false}},{"category":"Pokémon","id":"ex15-53","illustrator":"Kyoko Umemoto","image":"https://assets.tcgdex.net/fr/ex/ex15/53","localId":"53","name":"Coxy δ","rarity":"Commune","set":{"cardCount":{"official":101,"total":101},"id":"ex15","name":"EX Île des Dragons","symbol":"https://assets.tcgdex.net/univ/ex/ex15/symbol"},"variants":{"firstEdition":false,"holo":true,"normal":true,"reverse":true,"wPromo":false},"dexId":[165],"hp":40,"types":["Métal"],"stage":"De base","attacks":[{"cost":["Incolore"],"name":"Charge","damage":10},{"cost":["Métal"],"name":"Ultrason","effect":"Lancez une pièce. Si c'est face, le Pokémon Défenseur est maintenant Confus."}],"weaknesses":[{"type":"Feu","value":"×2"}],"legal":{"standard":false,"expanded":false}},{"category":"Pokémon","id":"ex15-54","illustrator":"Sachiko Adachi","image":"https://assets.tcgdex.net/fr/ex/ex15/54","localId":"54","name":"Wattouat δ ESPÈCES DELTA","rarity":"Commune","set":{"cardCount":{"official":101,"total":101},"id":"ex15","name":"EX Île des Dragons","symbol":"https://assets.tcgdex.net/univ/ex/ex15/symbol"},"variants":{"firstEdition":false,"holo":true,"normal":true,"reverse":true,"wPromo":false},"dexId":[179],"hp":40,"types":["Incolore"],"stage":"De base","attacks":[{"cost":["Incolore"],"name":"Queue battoir","damage":10}],"weaknesses":[{"type":"Combat","value":"×2"}],"legal":{"standard":false,"expanded":false}},{"category":"Pokémon","id":"ex15-55","illustrator":"Yukiko Baba","image":"https://assets.tcgdex.net/fr/ex/ex15/55","localId":"55","name":"Natu δ","rarity":"Commune","set":{"cardCount":{"official":101,"total":101},"id":"ex15","name":"EX Île des Dragons","symbol":"https://assets.tcgdex.net/univ/ex/ex15/symbol"},"variants":{"firstEdition":false,"holo":true,"normal":true,"reverse":true,"wPromo":false},"dexId":[177],"hp":40,"types":["Obscurité"],"stage":"De base","attacks":[{"cost":["Obscurité"],"name":"Flop","damage":10}],"weaknesses":[{"type":"Psy","value":"×2"}],"legal":{"standard":false,"expanded":false}},{"category":"Pokémon","id":"ex15-56","illustrator":"Hajime Kusajima","image":"https://assets.tcgdex.net/fr/ex/ex15/56","localId":"56","name":"Nidoran ♀ δ ESPÈCES DELTA","rarity":"Commune","set":{"cardCount":{"official":101,"total":101},"id":"ex15","name":"EX Île des Dragons","symbol":"https://assets.tcgdex.net/univ/ex/ex15/symbol"},"variants":{"firstEdition":false,"holo":true,"normal":true,"reverse":true,"wPromo":false},"dexId":[29],"hp":40,"types":["Métal"],"stage":"De base","attacks":[{"cost":["Incolore"],"name":"Mouvemend'keu","effect":"Lancez une pièce. Si c'est face, le Pokémon Défenseur ne peut pas attaquer lors du prochain tour de votre adversaire."},{"cost":["Incolore"],"name":"Griffe","damage":10}],"weaknesses":[{"type":"Psy","value":"×2"}],"legal":{"standard":false,"expanded":false}},{"category":"Pokémon","id":"ex15-57","illustrator":"Midori Harada","image":"https://assets.tcgdex.net/fr/ex/ex15/57","localId":"57","name":"Nidoran ♂ δ ESPÈCES DELTA","rarity":"Commune","set":{"cardCount":{"official":101,"total":101},"id":"ex15","name":"EX Île des Dragons","symbol":"https://assets.tcgdex.net/univ/ex/ex15/symbol"},"variants":{"firstEdition":false,"holo":true,"normal":true,"reverse":true,"wPromo":false},"dexId":[32],"hp":40,"types":["Obscurité"],"stage":"De base","attacks":[{"cost":["Incolore"],"name":"Picpic","damage":10},{"cost":["Obscurité"],"name":"Corne empoisonnée","effect":"Lancez une pièce. Si c'est face, le Pokémon Défenseur est maintenant Empoisonné."}],"weaknesses":[{"type":"Psy","value":"×2"}],"legal":{"standard":false,"expanded":false}},{"category":"Pokémon","id":"ex15-58","illustrator":"Yukiko Baba","image":"https://assets.tcgdex.net/fr/ex/ex15/58","localId":"58","name":"Ymphect","rarity":"Commune","set":{"cardCount":{"official":101,"total":101},"id":"ex15","name":"EX Île des Dragons","symbol":"https://assets.tcgdex.net/univ/ex/ex15/symbol"},"variants":{"firstEdition":false,"holo":true,"normal":true,"reverse":true,"wPromo":false},"dexId":[247],"hp":70,"types":["Combat"],"stage":"Niveau 1","attacks":[{"cost":["Combat"],"name":"Coup d'boule","damage":20}],"weaknesses":[{"type":"Eau","value":"×2"}],"legal":{"standard":false,"expanded":false}},{"category":"Pokémon","id":"ex15-59","illustrator":"Kouki Saitou","image":"https://assets.tcgdex.net/fr/ex/ex15/59","localId":"59","name":"Ymphect δ ESPÈCES DELTA","rarity":"Commune","set":{"cardCount":{"official":101,"total":101},"id":"ex15","name":"EX Île des Dragons","symbol":"https://assets.tcgdex.net/univ/ex/ex15/symbol"},"variants":{"firstEdition":false,"holo":true,"normal":true,"reverse":true,"wPromo":false},"dexId":[247],"hp":70,"types":["Électrique"],"stage":"Niveau 1","attacks":[{"cost":["Électrique","Incolore"],"name":"Ultralaser","effect":"Lancez une pièce. Si c'est face, défaussez une carte Énergie attachée au Pokémon Défenseur.","damage":20}],"weaknesses":[{"type":"Plante","value":"×2"}],"legal":{"standard":false,"expanded":false}},{"category":"Pokémon","id":"ex15-60","illustrator":"Hajime Kusajima","image":"https://assets.tcgdex.net/fr/ex/ex15/60","localId":"60","name":"Tarsal","rarity":"Commune","set":{"cardCount":{"official":101,"total":101},"id":"ex15","name":"EX Île des Dragons","symbol":"https://assets.tcgdex.net/univ/ex/ex15/symbol"},"variants":{"firstEdition":false,"holo":true,"normal":true,"reverse":true,"wPromo":false},"dexId":[280],"hp":50,"types":["Psy"],"stage":"De base","attacks":[{"cost":["Incolore"],"name":"Hypnose","effect":"Le Pokémon Défenseur est maintenant Endormi."},{"cost":["Psy"],"name":"Psycho-boom","effect":"Inflige 10 dégâts multipliés par le nombre d'Énergies attachées au Pokémon Défenseur.","damage":"10×"}],"weaknesses":[{"type":"Psy","value":"×2"}],"legal":{"standard":false,"expanded":false}},{"category":"Pokémon","id":"ex15-61","illustrator":"Kyoko Umemoto","image":"https://assets.tcgdex.net/fr/ex/ex15/61","localId":"61","name":"Tarsal δ ESPÈCES DELTA","rarity":"Commune","set":{"cardCount":{"official":101,"total":101},"id":"ex15","name":"EX Île des Dragons","symbol":"https://assets.tcgdex.net/univ/ex/ex15/symbol"},"variants":{"firstEdition":false,"holo":true,"normal":true,"reverse":true,"wPromo":false},"dexId":[280],"hp":50,"types":["Feu"],"stage":"De base","attacks":[{"cost":["Incolore"],"name":"Plénitude","effect":"Retirez à Tarsal 2 marqueurs de dégât."},{"cost":["Feu","Incolore"],"name":"Feu follet","damage":20}],"weaknesses":[{"type":"Psy","value":"×2"}],"legal":{"standard":false,"expanded":false}},{"category":"Pokémon","id":"ex15-62","illustrator":"Hajime Kusajima","image":"https://assets.tcgdex.net/fr/ex/ex15/62","localId":"62","name":"Otaria δ ESPÈCES DELTA","rarity":"Commune","set":{"cardCount":{"official":101,"total":101},"id":"ex15","name":"EX Île des Dragons","symbol":"https://assets.tcgdex.net/univ/ex/ex15/symbol"},"variants":{"firstEdition":false,"holo":true,"normal":true,"reverse":true,"wPromo":false},"dexId":[86],"hp":40,"types":["Incolore"],"stage":"De base","attacks":[{"cost":["Incolore"],"name":"Écras'face","damage":10},{"cost":["Incolore","Incolore"],"name":"Onde boréale","damage":20}],"weaknesses":[{"type":"Électrique","value":"×2"}],"legal":{"standard":false,"expanded":false}},{"category":"Pokémon","id":"ex15-63","illustrator":"Hisao Nakamura","image":"https://assets.tcgdex.net/fr/ex/ex15/63","localId":"63","name":"Kokiyas δ ESPÈCES DELTA","rarity":"Commune","set":{"cardCount":{"official":101,"total":101},"id":"ex15","name":"EX Île des Dragons","symbol":"https://assets.tcgdex.net/univ/ex/ex15/symbol"},"variants":{"firstEdition":false,"holo":true,"normal":true,"reverse":true,"wPromo":false},"dexId":[90],"hp":40,"types":["Combat"],"stage":"De base","attacks":[{"cost":["Combat"],"name":"Carap'attrape","effect":"Lancez une pièce. Si c'est face, le Pokémon Défenseur est maintenant Paralysé.","damage":10}],"weaknesses":[{"type":"Électrique","value":"×2"}],"legal":{"standard":false,"expanded":false}},{"category":"Pokémon","id":"ex15-64","illustrator":"Miki Tanaka","image":"https://assets.tcgdex.net/fr/ex/ex15/64","localId":"64","name":"Lippouti δ ESPÈCES DELTA","rarity":"Commune","set":{"cardCount":{"official":101,"total":101},"id":"ex15","name":"EX Île des Dragons","symbol":"https://assets.tcgdex.net/univ/ex/ex15/symbol"},"variants":{"firstEdition":false,"holo":true,"normal":true,"reverse":true,"wPromo":false},"dexId":[238],"hp":40,"types":["Feu"],"stage":"De base","abilities":[{"type":"Poké-POWER","name":"Évolution bébé","effect":"Une seule fois lors de votre tour (avant votre attaque), vous pouvez placer Lippoutou de votre main sur Lippouti (vous le faites ainsi évoluer) et retirer à Lippouti tous ses marqueurs de dégât."}],"attacks":[{"cost":["Incolore"],"name":"Baiser piégeant","effect":"Choisissez dans votre deck un Pokémon de base et une carte Énergie de base. Montrez-les à votre adversaire et placez-les dans votre main. Ensuite, mélangez votre deck."}],"weaknesses":[{"type":"Psy","value":"×2"}],"legal":{"standard":false,"expanded":false}},{"category":"Pokémon","id":"ex15-65","illustrator":"Miki Tanaka","image":"https://assets.tcgdex.net/fr/ex/ex15/65","localId":"65","name":"Tylton δ ESPÈCES DELTA","rarity":"Commune","set":{"cardCount":{"official":101,"total":101},"id":"ex15","name":"EX Île des Dragons","symbol":"https://assets.tcgdex.net/univ/ex/ex15/symbol"},"variants":{"firstEdition":false,"holo":true,"normal":true,"reverse":true,"wPromo":false},"dexId":[333],"hp":40,"types":["Eau"],"stage":"De base","attacks":[{"cost":["Eau"],"name":"Grosse trempette","effect":"Si Tylton possède moins d'Énergies que le Pokémon Défenseur, cette attaque inflige 10 dégâts plus 10 dégâts supplémentaires.","damage":"10+"}],"weaknesses":[{"type":"Électrique","value":"×2"}],"resistances":[{"type":"Combat","value":"-30"}],"legal":{"standard":false,"expanded":false}},{"category":"Pokémon","id":"ex15-66","illustrator":"Miki Tanaka","image":"https://assets.tcgdex.net/fr/ex/ex15/66","localId":"66","name":"Nirondelle δ ESPÈCES DELTA","rarity":"Commune","set":{"cardCount":{"official":101,"total":101},"id":"ex15","name":"EX Île des Dragons","symbol":"https://assets.tcgdex.net/univ/ex/ex15/symbol"},"variants":{"firstEdition":false,"holo":true,"normal":true,"reverse":true,"wPromo":false},"dexId":[276],"hp":40,"types":["Feu"],"stage":"De base","attacks":[{"cost":["Feu"],"name":"Vive-attaque","effect":"Lancez une pièce. Si c'est face, cette attaque inflige 10 dégâts plus 10 dégâts supplémentaires.","damage":"10+"}],"weaknesses":[{"type":"Électrique","value":"×2"}],"resistances":[{"type":"Combat","value":"-30"}],"legal":{"standard":false,"expanded":false}},{"category":"Pokémon","id":"ex15-67","illustrator":"Hisao Nakamura","image":"https://assets.tcgdex.net/fr/ex/ex15/67","localId":"67","name":"Kaiminus δ ESPÈCES DELTA","rarity":"Commune","set":{"cardCount":{"official":101,"total":101},"id":"ex15","name":"EX Île des Dragons","symbol":"https://assets.tcgdex.net/univ/ex/ex15/symbol"},"variants":{"firstEdition":false,"holo":true,"normal":true,"reverse":true,"wPromo":false},"dexId":[158],"hp":40,"types":["Électrique"],"stage":"De base","attacks":[{"cost":["Incolore"],"name":"Griffe","damage":10},{"cost":["Électrique","Incolore"],"name":"Frénésie","effect":"Inflige 10 dégâts plus 10 dégâts supplémentaires pour chaque marqueur de dégât sur Kaiminus.","damage":"10+"}],"weaknesses":[{"type":"Électrique","value":"×2"}],"legal":{"standard":false,"expanded":false}},{"category":"Pokémon","id":"ex15-68","illustrator":"Midori Harada","image":"https://assets.tcgdex.net/fr/ex/ex15/68","localId":"68","name":"Kraknoix δ ESPÈCES DELTA","rarity":"Commune","set":{"cardCount":{"official":101,"total":101},"id":"ex15","name":"EX Île des Dragons","symbol":"https://assets.tcgdex.net/univ/ex/ex15/symbol"},"variants":{"firstEdition":false,"holo":true,"normal":true,"reverse":true,"wPromo":false},"dexId":[328],"hp":40,"types":["Psy"],"stage":"De base","attacks":[{"cost":["Incolore"],"name":"Rogne","damage":10},{"cost":["Psy","Incolore"],"name":"Tunnel","damage":20}],"weaknesses":[{"type":"Plante","value":"×2"}],"legal":{"standard":false,"expanded":false}},{"category":"Pokémon","id":"ex15-69","illustrator":"Yukiko Baba","image":"https://assets.tcgdex.net/fr/ex/ex15/69","localId":"69","name":"Kraknoix δ ESPÈCES DELTA","rarity":"Commune","set":{"cardCount":{"official":101,"total":101},"id":"ex15","name":"EX Île des Dragons","symbol":"https://assets.tcgdex.net/univ/ex/ex15/symbol"},"variants":{"firstEdition":false,"holo":true,"normal":true,"reverse":true,"wPromo":false},"dexId":[328],"hp":40,"types":["Psy"],"stage":"De base","attacks":[{"cost":["Psy"],"name":"Étreinte rapide","effect":"Choisissez 1 des Pokémon de votre adversaire. Cette attaque lui inflige 10 dégâts. Les dégâts de cette attaque ne sont pas affectés par la Faiblesse, la Résistance, les Poké-Powers, les Poké-Bodies ou tout autre effet sur ce Pokémon."}],"weaknesses":[{"type":"Plante","value":"×2"}],"legal":{"standard":false,"expanded":false}},{"category":"Pokémon","id":"ex15-70","illustrator":"Sachiko Adachi","image":"https://assets.tcgdex.net/fr/ex/ex15/70","localId":"70","name":"Goupix δ ESPÈCES DELTA","rarity":"Commune","set":{"cardCount":{"official":101,"total":101},"id":"ex15","name":"EX Île des Dragons","symbol":"https://assets.tcgdex.net/univ/ex/ex15/symbol"},"variants":{"firstEdition":false,"holo":true,"normal":true,"reverse":true,"wPromo":false},"dexId":[37],"hp":50,"types":["Psy"],"stage":"De base","attacks":[{"cost":["Incolore"],"name":"Regard hypnotique","effect":"Le Pokémon Défenseur est maintenant Endormi."},{"cost":["Psy","Incolore"],"name":"Feu follet","damage":20}],"weaknesses":[{"type":"Eau","value":"×2"}],"legal":{"standard":false,"expanded":false}},{"category":"Pokémon","id":"ex15-71","illustrator":"Tomokazu Komiya","image":"https://assets.tcgdex.net/fr/ex/ex15/71","localId":"71","name":"Axoloto δ ESPÈCES DELTA","rarity":"Commune","set":{"cardCount":{"official":101,"total":101},"id":"ex15","name":"EX Île des Dragons","symbol":"https://assets.tcgdex.net/univ/ex/ex15/symbol"},"variants":{"firstEdition":false,"holo":true,"normal":true,"reverse":true,"wPromo":false},"dexId":[194],"hp":40,"types":["Plante"],"stage":"De base","attacks":[{"cost":["Incolore"],"name":"Amnésie","effect":"Choisissez 1 des attaques du Pokémon Défenseur. Ce Pokémon ne peut pas utiliser cette attaque lors du prochain tour de votre adversaire."},{"cost":["Plante","Incolore"],"name":"Coud'Keu","damage":20}],"weaknesses":[{"type":"Plante","value":"×2"}],"legal":{"standard":false,"expanded":false}},{"category":"Dresseur","id":"ex15-72","illustrator":"Katsura Tabata","image":"https://assets.tcgdex.net/fr/ex/ex15/72","localId":"72","name":"Pare-chocs","rarity":"Peu Commune","set":{"cardCount":{"official":101,"total":101},"id":"ex15","name":"EX Île des Dragons","symbol":"https://assets.tcgdex.net/univ/ex/ex15/symbol"},"variants":{"firstEdition":false,"holo":true,"normal":true,"reverse":true,"wPromo":false},"effect":"Attachez Pare-chocs à 1 de vos Pokémon ne possédant pas déjà d'Outil Pokémon. Si ce Pokémon est mis K.O., défaussez cette carte.\n\nLes dégâts infligés par une attaque de votre adversaire au Pokémon auquel Pare-chocs est attachée sont réduits de 20 (après application de la Faiblesse et de la Résistance). À la fin du tour de votre adversaire au cours duquel vous avez joué Pare-chocs, défaussez-la.","trainerType":"Outil","legal":{"standard":false,"expanded":false}},{"category":"Dresseur","id":"ex15-73","illustrator":"Ken Sugimori","image":"https://assets.tcgdex.net/fr/ex/ex15/73","localId":"73","name":"Copieuse","rarity":"Peu Commune","set":{"cardCount":{"official":101,"total":101},"id":"ex15","name":"EX Île des Dragons","symbol":"https://assets.tcgdex.net/univ/ex/ex15/symbol"},"variants":{"firstEdition":false,"holo":true,"normal":true,"reverse":true,"wPromo":false},"effect":"Vous ne pouvez jouer qu'une seule carte Supporter par tour. Lorsque vous la jouez, placez-la à côté de votre Pokémon Actif. À la fin du tour, défaussez-la.\n\nMélangez votre main à votre deck. Ensuite, comptez le nombre de cartes dans la main de votre adversaire et piochez autant de cartes.","trainerType":"Supporter","legal":{"standard":false,"expanded":false}},{"category":"Dresseur","id":"ex15-74","illustrator":"Shizurow","image":"https://assets.tcgdex.net/fr/ex/ex15/74","localId":"74","name":"Héritage Holon","rarity":"Peu Commune","set":{"cardCount":{"official":101,"total":101},"id":"ex15","name":"EX Île des Dragons","symbol":"https://assets.tcgdex.net/univ/ex/ex15/symbol"},"variants":{"firstEdition":false,"holo":true,"normal":true,"reverse":true,"wPromo":false},"effect":"Cette carte reste en jeu lorsque vous la jouez. Défaussez-la si une autre carte Stade est mise en jeu. Si une autre carte comportant le même nom est en jeu, vous ne pouvez pas jouer cette carte.\n\nChaque Pokémon en jeu possédant le symbole δ (les vôtres et ceux de votre adversaire) ne possède pas de Faiblesse et ne peut pas utiliser de Poké-Powers.","trainerType":"Stade","legal":{"standard":false,"expanded":false}},{"category":"Dresseur","id":"ex15-75","illustrator":"Kouki Saitou","image":"https://assets.tcgdex.net/fr/ex/ex15/75","localId":"75","name":"Mentor Holon","rarity":"Peu Commune","set":{"cardCount":{"official":101,"total":101},"id":"ex15","name":"EX Île des Dragons","symbol":"https://assets.tcgdex.net/univ/ex/ex15/symbol"},"variants":{"firstEdition":false,"holo":true,"normal":true,"reverse":true,"wPromo":false},"effect":"Vous ne pouvez jouer qu'une seule carte Supporter par tour. Lorsque vous la jouez, placez-la à côté de votre Pokémon Actif. À la fin du tour, défaussez-la.\n\nDéfaussez une carte de votre main. Si vous ne pouvez pas défausser de carte, vous ne pouvez pas jouer cette carte.\n\nChoisissez dans votre deck jusqu'à 3 cartes Pokémon de base possédant chacun un maximum de 100 PV, montrez-les à votre adversaire et placez-les dans votre main. Ensuite, mélangez votre deck.","trainerType":"Supporter","legal":{"standard":false,"expanded":false}},{"category":"Dresseur","id":"ex15-76","illustrator":"Kouki Saitou","image":"https://assets.tcgdex.net/fr/ex/ex15/76","localId":"76","name":"L'ermite de l'île","rarity":"Peu Commune","set":{"cardCount":{"official":101,"total":101},"id":"ex15","name":"EX Île des Dragons","symbol":"https://assets.tcgdex.net/univ/ex/ex15/symbol"},"variants":{"firstEdition":false,"holo":true,"normal":true,"reverse":true,"wPromo":false},"effect":"Vous ne pouvez jouer qu'une seule carte Supporter par tour. Lorsque vous la jouez, placez-la à côté de votre Pokémon Actif. À la fin du tour, défaussez-la.\n\nChoisissez jusqu'à 2 de vos cartes Récompense et retournez-les. (Ces cartes restent retournées jusqu'à la fin de la partie.) Piochez 2 cartes.","trainerType":"Supporter","legal":{"standard":false,"expanded":false}},{"category":"Dresseur","id":"ex15-77","illustrator":"Ken Sugimori","image":"https://assets.tcgdex.net/fr/ex/ex15/77","localId":"77","name":"Le projet de M. Rochard","rarity":"Peu Commune","set":{"cardCount":{"official":101,"total":101},"id":"ex15","name":"EX Île des Dragons","symbol":"https://assets.tcgdex.net/univ/ex/ex15/symbol"},"variants":{"firstEdition":false,"holo":true,"normal":true,"reverse":true,"wPromo":false},"effect":"Vous ne pouvez jouer qu'une seule carte Supporter par tour. Lorsque vous la jouez, placez-la à côté de votre Pokémon Actif. À la fin du tour, défaussez-la.\n\nChoisissez dans votre deck jusqu'à 2 cartes Énergie de base, montrez-les à votre adversaire et placez-les dans votre main. Ensuite, mélangez votre deck. Ou choisissez dans votre pile de défausse jusqu'à 2 cartes Énergie de base, montrez-les à votre adversaire et placez-les dans votre main.","trainerType":"Supporter","legal":{"standard":false,"expanded":false}},{"category":"Dresseur","id":"ex15-78","illustrator":"Shizurow","image":"https://assets.tcgdex.net/fr/ex/ex15/78","localId":"78","name":"Canne","rarity":"Peu Commune","set":{"cardCount":{"official":101,"total":101},"id":"ex15","name":"EX Île des Dragons","symbol":"https://assets.tcgdex.net/univ/ex/ex15/symbol"},"variants":{"firstEdition":false,"holo":true,"normal":true,"reverse":true,"wPromo":false},"effect":"Lancez 2 pièces. Si ce sont deux faces, choisissez dans votre pile de défausse un Pokémon de base ou une carte Évolution, montrez-le (ou la) à votre adversaire et placez-le (ou la) dans votre main. Si ce sont deux piles, choisissez dans votre pile de défausse une carte Dresseur, montrez-la à votre adversaire et placez-la dans votre main.","trainerType":"Objet","legal":{"standard":false,"expanded":false}},{"category":"Dresseur","id":"ex15-79","illustrator":"Ken Sugimori","image":"https://assets.tcgdex.net/fr/ex/ex15/79","localId":"79","name":"Méthode d'entraînement du Prof. Orme","rarity":"Peu Commune","set":{"cardCount":{"official":101,"total":101},"id":"ex15","name":"EX Île des Dragons","symbol":"https://assets.tcgdex.net/univ/ex/ex15/symbol"},"variants":{"firstEdition":false,"holo":true,"normal":true,"reverse":true,"wPromo":false},"effect":"Vous ne pouvez jouer qu'une seule carte Supporter par tour. Lorsque vous la jouez, placez-la à côté de votre Pokémon Actif. À la fin du tour, défaussez-la.\n\nChoisissez dans votre deck une carte Évolution, montrez-la à votre adversaire et placez-la dans votre main. Ensuite, mélangez votre deck.","trainerType":"Supporter","legal":{"standard":false,"expanded":false}},{"category":"Dresseur","id":"ex15-80","illustrator":"Ken Sugimori","image":"https://assets.tcgdex.net/fr/ex/ex15/80","localId":"80","name":"La recherche du Prof. Chen","rarity":"Peu Commune","set":{"cardCount":{"official":101,"total":101},"id":"ex15","name":"EX Île des Dragons","symbol":"https://assets.tcgdex.net/univ/ex/ex15/symbol"},"variants":{"firstEdition":false,"holo":true,"normal":true,"reverse":true,"wPromo":false},"effect":"Vous ne pouvez jouer qu'une seule carte Supporter par tour. Lorsque vous la jouez, placez-la à côté de votre Pokémon Actif. À la fin du tour, défaussez-la.\n\nMélangez votre main à votre deck. Ensuite, piochez 5 cartes.","trainerType":"Supporter","legal":{"standard":false,"expanded":false}},{"category":"Dresseur","id":"ex15-81","illustrator":"Shizurow","image":"https://assets.tcgdex.net/fr/ex/ex15/81","localId":"81","name":"Fétiche de force","rarity":"Peu Commune","set":{"cardCount":{"official":101,"total":101},"id":"ex15","name":"EX Île des Dragons","symbol":"https://assets.tcgdex.net/univ/ex/ex15/symbol"},"variants":{"firstEdition":false,"holo":true,"normal":true,"reverse":true,"wPromo":false},"effect":"Attachez Fétiche de force à 1 de vos Pokémon qui ne possède pas déjà d'Outil Pokémon. Si ce Pokémon est mis K.O, défaussez cette carte.\n\nLorsqu'une attaque du Pokémon auquel Fétiche de force est attachée inflige des dégâts au Pokémon Actif, cette attaque inflige 10 dégâts supplémentaires (avant application de la Faiblesse et de la Résistance). Défaussez Fétiche de force à la fin du tour au cours duquel ce Pokémon attaque.","trainerType":"Outil","legal":{"standard":false,"expanded":false}},{"category":"Dresseur","id":"ex15-82","illustrator":"Ken Sugimori","image":"https://assets.tcgdex.net/fr/ex/ex15/82","localId":"82","name":"Journaliste télé","rarity":"Peu Commune","set":{"cardCount":{"official":101,"total":101},"id":"ex15","name":"EX Île des Dragons","symbol":"https://assets.tcgdex.net/univ/ex/ex15/symbol"},"variants":{"firstEdition":false,"holo":true,"normal":true,"reverse":true,"wPromo":false},"effect":"Vous ne pouvez jouer qu'une seule carte Supporter par tour. Lorsque vous la jouez, placez-la à côté de votre Pokémon Actif. À la fin de votre tour, défaussez-la.\n\nPiochez 3 cartes. Ensuite, défaussez n'importe quelle carte de votre main.","trainerType":"Supporter","legal":{"standard":false,"expanded":false}},{"category":"Dresseur","id":"ex15-83","illustrator":"Hiromichi Sugiyama","image":"https://assets.tcgdex.net/fr/ex/ex15/83","localId":"83","name":"Échange","rarity":"Commune","set":{"cardCount":{"official":101,"total":101},"id":"ex15","name":"EX Île des Dragons","symbol":"https://assets.tcgdex.net/univ/ex/ex15/symbol"},"variants":{"firstEdition":false,"holo":true,"normal":true,"reverse":true,"wPromo":false},"effect":"Échangez 1 de vos Pokémon Actifs avec 1 de vos Pokémon de Banc.","trainerType":"Objet","legal":{"standard":false,"expanded":false}},{"category":"Énergie","id":"ex15-84","illustrator":"Takumi Akabane","image":"https://assets.tcgdex.net/fr/ex/ex15/84","localId":"84","name":"Énergie Holon FF","rarity":"Rare","set":{"cardCount":{"official":101,"total":101},"id":"ex15","name":"EX Île des Dragons","symbol":"https://assets.tcgdex.net/univ/ex/ex15/symbol"},"variants":{"firstEdition":false,"holo":true,"normal":true,"reverse":true,"wPromo":false},"energyType":"Spécial","legal":{"standard":false,"expanded":false}},{"category":"Énergie","id":"ex15-85","illustrator":"Takumi Akabane","image":"https://assets.tcgdex.net/fr/ex/ex15/85","localId":"85","name":"Énergie Holon GL","rarity":"Rare","set":{"cardCount":{"official":101,"total":101},"id":"ex15","name":"EX Île des Dragons","symbol":"https://assets.tcgdex.net/univ/ex/ex15/symbol"},"variants":{"firstEdition":false,"holo":true,"normal":true,"reverse":true,"wPromo":false},"energyType":"Spécial","legal":{"standard":false,"expanded":false}},{"category":"Énergie","id":"ex15-86","illustrator":"Takumi Akabane","image":"https://assets.tcgdex.net/fr/ex/ex15/86","localId":"86","name":"Énergie Holon WP","rarity":"Rare","set":{"cardCount":{"official":101,"total":101},"id":"ex15","name":"EX Île des Dragons","symbol":"https://assets.tcgdex.net/univ/ex/ex15/symbol"},"variants":{"firstEdition":false,"holo":true,"normal":true,"reverse":true,"wPromo":false},"energyType":"Spécial","legal":{"standard":false,"expanded":false}},{"category":"Énergie","id":"ex15-87","illustrator":"Shin-ichi Yoshikawa","image":"https://assets.tcgdex.net/fr/ex/ex15/87","localId":"87","name":"Énergie Super","rarity":"Peu Commune","set":{"cardCount":{"official":101,"total":101},"id":"ex15","name":"EX Île des Dragons","symbol":"https://assets.tcgdex.net/univ/ex/ex15/symbol"},"variants":{"firstEdition":false,"holo":true,"normal":true,"reverse":true,"wPromo":false},"energyType":"Spécial","legal":{"standard":false,"expanded":false}},{"category":"Énergie","id":"ex15-88","illustrator":"Takumi Akabane","image":"https://assets.tcgdex.net/fr/ex/ex15/88","localId":"88","name":"Énergie Multicolore δ","rarity":"Peu Commune","set":{"cardCount":{"official":101,"total":101},"id":"ex15","name":"EX Île des Dragons","symbol":"https://assets.tcgdex.net/univ/ex/ex15/symbol"},"variants":{"firstEdition":false,"holo":true,"normal":true,"reverse":true,"wPromo":false},"energyType":"Spécial","legal":{"standard":false,"expanded":false}},{"category":"Énergie","id":"ex15-89","illustrator":"Takumi Akabane","image":"https://assets.tcgdex.net/fr/ex/ex15/89","localId":"89","name":"Énergie codée","rarity":"Peu Commune","set":{"cardCount":{"official":101,"total":101},"id":"ex15","name":"EX Île des Dragons","symbol":"https://assets.tcgdex.net/univ/ex/ex15/symbol"},"variants":{"firstEdition":false,"holo":true,"normal":true,"reverse":true,"wPromo":false},"energyType":"Spécial","legal":{"standard":false,"expanded":false}},{"category":"Pokémon","id":"ex15-90","illustrator":"Shizurow","image":"https://assets.tcgdex.net/fr/ex/ex15/90","localId":"90","name":"Altaria ex δ","rarity":"Rare","set":{"cardCount":{"official":101,"total":101},"id":"ex15","name":"EX Île des Dragons","symbol":"https://assets.tcgdex.net/univ/ex/ex15/symbol"},"variants":{"firstEdition":false,"holo":true,"normal":true,"reverse":true,"wPromo":false},"dexId":[334],"hp":100,"types":["Eau"],"stage":"Niveau 1","abilities":[{"type":"Poké-POWER","name":"Extra boost","effect":"Une seule fois lors de votre tour (avant votre attaque), vous pouvez attacher une carte Énergie de base de votre main à 1 de vos Pokémon-ex de Niveau 2. Ce pouvoir ne peut pas être utilisé si Altaria ex est affecté par un État Spécial."}],"attacks":[{"cost":["Eau","Incolore","Incolore"],"name":"Lumière soignante","effect":"Retirez 1 marqueur de dégât à chacun de vos Pokémon.","damage":60}],"weaknesses":[{"type":"Incolore","value":"×2"}],"resistances":[{"type":"Plante","value":"-30"},{"type":"Combat","value":"-30"}],"legal":{"standard":false,"expanded":false}},{"category":"Pokémon","id":"ex15-91","illustrator":"Ryo Ueda","image":"https://assets.tcgdex.net/fr/ex/ex15/91","localId":"91","name":"Dracolosse ex δ","rarity":"Rare","set":{"cardCount":{"official":101,"total":101},"id":"ex15","name":"EX Île des Dragons","symbol":"https://assets.tcgdex.net/univ/ex/ex15/symbol"},"variants":{"firstEdition":false,"holo":true,"normal":true,"reverse":true,"wPromo":false},"dexId":[149],"hp":150,"types":["Plante"],"stage":"Niveau 2","attacks":[{"cost":["Incolore","Incolore"],"name":"Rendre sourd","effect":"Votre adversaire ne peut pas jouer de cartes Dresseur (cartes Supporter exceptées) de sa main lors de son prochain tour.","damage":40},{"cost":["Plante","Plante","Incolore","Incolore"],"name":"Rugissement de dragon","effect":"Placez 8 marqueurs de dégât sur le Pokémon Défenseur. Si ce Pokémon est mis K.O par cette attaque, placez les marqueurs de dégât restants sur les Pokémon de Banc de votre adversaire de la façon que vous voulez."}],"legal":{"standard":false,"expanded":false}},{"category":"Pokémon","id":"ex15-92","illustrator":"Nakaoka","image":"https://assets.tcgdex.net/fr/ex/ex15/92","localId":"92","name":"Libegon ex δ","rarity":"Rare","set":{"cardCount":{"official":101,"total":101},"id":"ex15","name":"EX Île des Dragons","symbol":"https://assets.tcgdex.net/univ/ex/ex15/symbol"},"variants":{"firstEdition":false,"holo":true,"normal":true,"reverse":true,"wPromo":false},"dexId":[330],"hp":150,"types":["Psy"],"stage":"Niveau 2","abilities":[{"type":"Poké-BODY","name":"Sable Volant","effect":"Tant que Libegon ex est votre Pokémon Actif, placez 1 marqueur de dégât sur chacun des Pokémon de base sur le Banc de votre adversaire entre deux tours. Vous ne pouvez pas utiliser plus d'1 Poké-Body Sable Volant entre deux tours."}],"attacks":[{"cost":["Psy","Psy","Incolore"],"name":"Vibration psy","effect":"Inflige 10 dégâts à chacun des Pokémon de Banc de votre adversaire possédant des marqueurs de dégât. (Vous ne pouvez pas appliquer la Faiblesse et la Résistance aux Pokémon de Banc.)","damage":80}],"legal":{"standard":false,"expanded":false}},{"category":"Pokémon","id":"ex15-93","illustrator":"Masahiko Ishii","image":"https://assets.tcgdex.net/fr/ex/ex15/93","localId":"93","name":"Gardevoir ex δ","rarity":"Rare","set":{"cardCount":{"official":101,"total":101},"id":"ex15","name":"EX Île des Dragons","symbol":"https://assets.tcgdex.net/univ/ex/ex15/symbol"},"variants":{"firstEdition":false,"holo":true,"normal":true,"reverse":true,"wPromo":false},"dexId":[282],"hp":150,"types":["Feu"],"stage":"Niveau 2","abilities":[{"type":"Poké-POWER","name":"Possessif","effect":"Une seule fois lors de votre tour (avant votre attaque), si Gardevoir ex est votre Pokémon Actif, vous pouvez placer 1 marqueur Possessif sur 1 des Pokémon de votre adversaire. Tout Pokémon possédant des marqueurs Possessif ne peut pas utiliser de Poké-Powers ou de Poké-Bodies. Ce pouvoir ne peut pas être utilisé si Gardevoir ex est affecté par un État Spécial."}],"attacks":[{"cost":["Feu","Incolore","Incolore"],"name":"Boule de feu","effect":"Vous pouvez déplacer une carte Énergie  attachée à Gardevoir ex sur 1 des Pokémon de votre Banc.","damage":80}],"weaknesses":[{"type":"Psy","value":"×2"}],"legal":{"standard":false,"expanded":false}},{"category":"Pokémon","id":"ex15-94","illustrator":"Masahiko Ishii","image":"https://assets.tcgdex.net/fr/ex/ex15/94","localId":"94","name":"Hyporoi ex δ","rarity":"Rare","set":{"cardCount":{"official":101,"total":101},"id":"ex15","name":"EX Île des Dragons","symbol":"https://assets.tcgdex.net/univ/ex/ex15/symbol"},"variants":{"firstEdition":false,"holo":true,"normal":true,"reverse":true,"wPromo":false},"dexId":[230],"hp":140,"types":["Combat"],"stage":"Niveau 2","abilities":[{"type":"Poké-BODY","name":"Extra fumée","effect":"Tous dégâts infligés à vos Pokémon-ex de Niveau 2 par des attaques de votre adversaire sont réduits de 10 (avant application de la Faiblesse et de la Résistance)."}],"attacks":[{"cost":["Combat","Incolore"],"name":"Chaîne d'énergie","effect":"Cherchez dans votre pile de défausse une carte Énergie et attachez-la à Hyporoi ex.","damage":40},{"cost":["Combat","Incolore","Incolore"],"name":"Tourbillon protecteur","effect":"Hyporoi ex ne possède pas de Faiblesse lors du prochain tour de votre adversaire.","damage":80}],"weaknesses":[{"type":"Électrique","value":"×2"}],"legal":{"standard":false,"expanded":false}},{"category":"Pokémon","id":"ex15-95","illustrator":"Shizurow","image":"https://assets.tcgdex.net/fr/ex/ex15/95","localId":"95","name":"Latias ex δ","rarity":"Rare","set":{"cardCount":{"official":101,"total":101},"id":"ex15","name":"EX Île des Dragons","symbol":"https://assets.tcgdex.net/univ/ex/ex15/symbol"},"variants":{"firstEdition":false,"holo":true,"normal":true,"reverse":true,"wPromo":false},"dexId":[380],"hp":100,"types":["Feu"],"stage":"De base","abilities":[{"type":"Poké-POWER","name":"Boost amical","effect":"Une seule fois lors de votre tour (avant votre attaque), vous pouvez attacher une carte Énergie de base de votre main à votre Latias, Latias ex, Latios ou Latios ex. Votre tour est alors terminé. Ce pouvoir ne peut pas être utilisé si Latias ex est affecté par un État Spécial."}],"attacks":[{"cost":["Feu","Feu","Incolore"],"name":"Puissance écrasante","effect":"Si le Pokémon Défenseur est mis K.O par cette attaque, défaussez 2 Énergies  attachées à Latias ex.","damage":90}],"weaknesses":[{"type":"Psy","value":"×2"}],"legal":{"standard":false,"expanded":false}},{"category":"Pokémon","id":"ex15-96","illustrator":"Ryo Ueda","image":"https://assets.tcgdex.net/fr/ex/ex15/96","localId":"96","name":"Latios ex δ","rarity":"Rare","set":{"cardCount":{"official":101,"total":101},"id":"ex15","name":"EX Île des Dragons","symbol":"https://assets.tcgdex.net/univ/ex/ex15/symbol"},"variants":{"firstEdition":false,"holo":true,"normal":true,"reverse":true,"wPromo":false},"dexId":[381],"hp":100,"types":["Eau"],"stage":"De base","abilities":[{"type":"Poké-BODY","name":"Chaîne d'aile","effect":"Le Coût de retraite de chacun de vos Latias, Latias ex, Latios et Latios ex est de 0."}],"attacks":[{"cost":["Eau","Incolore"],"name":"Barrière de glace","effect":"Prévenez tous les effets d'une attaque, dégâts inclus, infligés à Latios ex par les Pokémon-ex de votre adversaire lors de son prochain tour.","damage":30},{"cost":["Eau","Incolore","Incolore"],"name":"Hydro-éclaboussure","damage":60}],"weaknesses":[{"type":"Psy","value":"×2"}],"legal":{"standard":false,"expanded":false}},{"category":"Pokémon","id":"ex15-97","illustrator":"Ryo Ueda","image":"https://assets.tcgdex.net/fr/ex/ex15/97","localId":"97","name":"Rayquaza ex δ","rarity":"Rare","set":{"cardCount":{"official":101,"total":101},"id":"ex15","name":"EX Île des Dragons","symbol":"https://assets.tcgdex.net/univ/ex/ex15/symbol"},"variants":{"firstEdition":false,"holo":true,"normal":true,"reverse":true,"wPromo":false},"dexId":[384],"hp":110,"types":["Électrique"],"stage":"De base","abilities":[{"type":"Poké-BODY","name":"Aura frénétique","effect":"S'il vous reste plus de cartes Récompense qu'à votre adversaire, ignorez toute l'Énergie  nécessaire pour utiliser les attaques Circuit spécial et Griffes gratte-ciel de Rayquaza ex."}],"attacks":[{"cost":["Électrique","Incolore"],"name":"Circuit spécial","effect":"Choisissez 1 des Pokémon de votre adversaire. Cette attaque lui inflige 30 dégâts. Si vous choisissez un Pokémon possédant des Poké-Powers ou des Poké-Bodies, cette attaque inflige 50 dégâts. (Vous ne pouvez pas appliquer la Faiblesse et la Résistance aux Pokémon de Banc.)"},{"cost":["Électrique","Électrique","Incolore","Incolore"],"name":"Griffes gratte-ciel","damage":70}],"legal":{"standard":false,"expanded":false}},{"category":"Pokémon","id":"ex15-98","illustrator":"Ryo Ueda","image":"https://assets.tcgdex.net/fr/ex/ex15/98","localId":"98","name":"Drattak ex δ","rarity":"Rare","set":{"cardCount":{"official":101,"total":101},"id":"ex15","name":"EX Île des Dragons","symbol":"https://assets.tcgdex.net/univ/ex/ex15/symbol"},"variants":{"firstEdition":false,"holo":true,"normal":true,"reverse":true,"wPromo":false},"dexId":[373],"hp":160,"types":["Eau"],"stage":"Niveau 2","abilities":[{"type":"Poké-POWER","name":"Transfert de type","effect":"Une seule fois lors de votre tour (avant votre attaque), vous pouvez utiliser ce pouvoir. Drattak ex est de type  jusqu'à la fin de votre tour."}],"attacks":[{"cost":["Eau","Incolore","Incolore"],"name":"Combo-serres","damage":60},{"cost":["Eau","Eau","Incolore","Incolore"],"name":"Double ruisseau","effect":"Vous pouvez infliger au Pokémon Défenseur 40 dégâts au lieu de 80. Cette attaque inflige alors 40 dégâts à 1 des Pokémon de Banc de votre adversaire. (Vous ne pouvez pas appliquer la Faiblesse et la Résistance aux Pokémon de Banc.)","damage":80}],"weaknesses":[{"type":"Incolore","value":"×2"}],"resistances":[{"type":"Feu","value":"-30"},{"type":"Combat","value":"-30"}],"legal":{"standard":false,"expanded":false}},{"category":"Pokémon","id":"ex15-99","illustrator":"Yusuke Shimada","image":"https://assets.tcgdex.net/fr/ex/ex15/99","localId":"99","name":"Tyranocif ex δ","rarity":"Rare","set":{"cardCount":{"official":101,"total":101},"id":"ex15","name":"EX Île des Dragons","symbol":"https://assets.tcgdex.net/univ/ex/ex15/symbol"},"variants":{"firstEdition":false,"holo":true,"normal":true,"reverse":true,"wPromo":false},"dexId":[248],"hp":150,"types":["Électrique"],"stage":"Niveau 2","attacks":[{"cost":["Électrique","Incolore"],"name":"Électro-marque","effect":"Placez un marqueur Électrochoc sur 1 des Pokémon de votre adversaire."},{"cost":["Électrique","Incolore","Incolore"],"name":"Hyper griffes","effect":"Si le Pokémon Défenseur est un Pokémon Évolué de Niveau 2, cette attaque inflige 70 dégâts plus 20 dégâts supplémentaires.","damage":"70+"},{"cost":["Électrique","Électrique","Incolore"],"name":"Électrochoc","effect":"Choisissez 1 des Pokémon de votre adversaire possédant des marqueurs Électrochoc. Ce Pokémon est mis K.O."}],"weaknesses":[{"type":"Plante","value":"×2"}],"legal":{"standard":false,"expanded":false}},{"category":"Pokémon","id":"ex15-100","illustrator":"Masakazu Fukuda","image":"https://assets.tcgdex.net/fr/ex/ex15/100","localId":"100","name":"Dracaufeu ☆ δ","rarity":"Rare","set":{"cardCount":{"official":101,"total":101},"id":"ex15","name":"EX Île des Dragons","symbol":"https://assets.tcgdex.net/univ/ex/ex15/symbol"},"variants":{"firstEdition":false,"holo":true,"normal":true,"reverse":true,"wPromo":false},"dexId":[6],"hp":90,"types":["Obscurité"],"stage":"De base","attacks":[{"cost":["Obscurité","Incolore"],"name":"Griffes tournantes","effect":"Vous pouvez défausser une carte Énergie attachée à Dracaufeu . Choisissez alors dans votre pile de défausse une carte Énergie (celle que vous venez de défausser exclue) et attachez-la à Dracaufeu .","damage":20},{"cost":["Obscurité","Obscurité","Obscurité","Obscurité","Incolore"],"name":"Tourbillon obscur","effect":"Défaussez toutes les cartes Énergie attachées à Dracaufeu  et défaussez les 3 cartes du dessus du deck de votre adversaire.","damage":150}],"weaknesses":[{"type":"Eau","value":"×2"}],"legal":{"standard":false,"expanded":false}},{"category":"Pokémon","id":"ex15-101","illustrator":"Masakazu Fukuda","image":"https://assets.tcgdex.net/fr/ex/ex15/101","localId":"101","name":"Mew ☆ δ","rarity":"Rare","set":{"cardCount":{"official":101,"total":101},"id":"ex15","name":"EX Île des Dragons","symbol":"https://assets.tcgdex.net/univ/ex/ex15/symbol"},"variants":{"firstEdition":false,"holo":true,"normal":true,"reverse":true,"wPromo":false},"dexId":[151],"hp":70,"types":["Eau"],"stage":"De base","attacks":[{"cost":["Incolore"],"name":"Mimétisme","effect":"Choisissez une attaque d'1 des Pokémon en jeu de votre adversaire. Mimétisme copie cette attaque. Cette attaque est sans effet si Mew  ne possède pas l'Énergie nécessaire pour utiliser cette attaque. (Vous devez faire tout ce qui est spécifié pour cette attaque.) Mew  utilise cette attaque."},{"cost":["Eau"],"name":"Vague multicolore","effect":"Choisissez 1 carte Énergie de base attachée à Mew . Cette attaque inflige 20 dégâts à chacun des Pokémon de votre adversaire possédant le même type que la carte Énergie de base choisie. (Vous ne pouvez pas appliquer la Faiblesse et la Résistance aux Pokémon de Banc.)"}],"weaknesses":[{"type":"Psy","value":"×2"}],"legal":{"standard":false,"expanded":false}}]