[{"category":"Pokémon","id":"ex9-1","illustrator":"Midori Harada","image":"https://assets.tcgdex.net/fr/ex/ex9/1","localId":"1","name":"Brasegali","rarity":"Rare","set":{"cardCount":{"official":106,"total":107},"id":"ex9","name":"EX Émeraude","symbol":"https://assets.tcgdex.net/univ/ex/ex9/symbol"},"variants":{"firstEdition":false,"holo":true,"normal":true,"reverse":true,"wPromo":false},"dexId":[257],"hp":110,"types":["Feu"],"stage":"Niveau 2","abilities":[{"type":"Poké-BODY","name":"Brasier","effect":"Tant que Brasegali possède 40 Points de vie ou moins, il inflige 40 dégâts supplémentaires au Pokémon Défenseur (avant application de la Faiblesse et de la Résistance)."}],"attacks":[{"cost":["Incolore"],"name":"Flammes calcinantes","effect":"Le Pokémon Défenseur est maintenant Brûlé.","damage":10},{"cost":["Feu","Feu","Incolore"],"name":"Dégâts brûlants","effect":"Si le Pokémon Défenseur possède déjà des marqueurs de dégât, cette attaque inflige 50 dégâts plus 20 dégâts supplémentaires.","damage":"50+"}],"weaknesses":[{"type":"Eau","value":"×2"}],"legal":{"standard":false,"expanded":false}},{"category":"Pokémon","id":"ex9-2","illustrator":"Hironobu Yoshida","image":"https://assets.tcgdex.net/fr/ex/ex9/2","localId":"2","name":"Deoxys","rarity":"Rare","set":{"cardCount":{"official":106,"total":107},"id":"ex9","name":"EX Émeraude","symbol":"https://assets.tcgdex.net/univ/ex/ex9/symbol"},"variants":{"firstEdition":false,"holo":true,"normal":true,"reverse":true,"wPromo":false},"dexId":[386],"hp":70,"types":["Psy"],"stage":"De base","abilities":[{"type":"Poké-POWER","name":"Changement de forme","effect":"Une seule fois lors de votre tour (avant votre attaque), vous pouvez chercher dans votre deck une autre Deoxys et l'échanger avec Deoxys. (Toutes les cartes attachées à Deoxys, marqueurs de dégât, États Spéciaux et autres effets se trouvent maintenant sur le nouveau Pokémon.) Placez alors Deoxys au dessus de votre deck. Ensuite, mélangez votre deck. Vous ne pouvez pas utiliser plus d'1 Poké-Power Changement de forme par tour."}],"attacks":[{"cost":["Incolore","Incolore"],"name":"Météores","effect":"Les dégâts de cette attaque ne sont pas affectés par la Faiblesse, la Résistance, les Poké-Powers, les Poké-Bodies ou tout autre effet sur le Pokémon Défenseur.","damage":30}],"weaknesses":[{"type":"Psy","value":"×2"}],"legal":{"standard":false,"expanded":false}},{"category":"Pokémon","id":"ex9-3","illustrator":"Hajime Kusajima","image":"https://assets.tcgdex.net/fr/ex/ex9/3","localId":"3","name":"Brouhabam","rarity":"Rare","set":{"cardCount":{"official":106,"total":107},"id":"ex9","name":"EX Émeraude","symbol":"https://assets.tcgdex.net/univ/ex/ex9/symbol"},"variants":{"firstEdition":false,"holo":true,"normal":true,"reverse":true,"wPromo":false},"dexId":[295],"hp":120,"types":["Incolore"],"stage":"Niveau 2","attacks":[{"cost":["Incolore"],"name":"Collectionner","effect":"Piochez 3 cartes."},{"cost":["Incolore","Incolore"],"name":"Plaquage","effect":"Lancez une pièce. Si c'est face, le Pokémon Défenseur est maintenant Paralysé.","damage":30},{"cost":["Incolore","Incolore","Incolore"],"name":"Mégaphone","damage":50},{"cost":["Incolore","Incolore","Incolore","Incolore","Incolore"],"name":"Méga lancer","effect":"Si le Pokémon Défenseur est un Pokémon-ex, cette attaque inflige 60 dégâts plus 40 dégâts supplémentaires.","damage":"60+"}],"weaknesses":[{"type":"Combat","value":"×2"}],"legal":{"standard":false,"expanded":false}},{"category":"Pokémon","id":"ex9-4","illustrator":"Kagemaru Himeno","image":"https://assets.tcgdex.net/fr/ex/ex9/4","localId":"4","name":"Gardevoir","rarity":"Rare","set":{"cardCount":{"official":106,"total":107},"id":"ex9","name":"EX Émeraude","symbol":"https://assets.tcgdex.net/univ/ex/ex9/symbol"},"variants":{"firstEdition":false,"holo":true,"normal":true,"reverse":true,"wPromo":false},"dexId":[282],"hp":100,"types":["Psy"],"stage":"Niveau 2","abilities":[{"type":"Poké-POWER","name":"Danse guérisseuse","effect":"Une seule fois lors de votre tour (avant votre attaque), vous pouvez retirer 2 marqueurs de dégât à 1 de vos Pokémon. Vous ne pouvez pas utiliser plus d'1 Poké-Power Danse Guérisseuse par tour. Ce pouvoir ne peut pas être utilisé si Gardevoir est affecté par un État Spécial."}],"attacks":[{"cost":["Psy","Incolore"],"name":"Coup de poing psy","damage":30},{"cost":["Psy","Incolore","Incolore","Incolore"],"name":"Choc cérébral","effect":"Les dégâts de cette attaque ne sont pas affectés par la Faiblesse ou la Résistance.","damage":60}],"weaknesses":[{"type":"Psy","value":"×2"}],"legal":{"standard":false,"expanded":false}},{"category":"Pokémon","id":"ex9-5","illustrator":"Kouki Saitou","image":"https://assets.tcgdex.net/fr/ex/ex9/5","localId":"5","name":"Groudon","rarity":"Rare","set":{"cardCount":{"official":106,"total":107},"id":"ex9","name":"EX Émeraude","symbol":"https://assets.tcgdex.net/univ/ex/ex9/symbol"},"variants":{"firstEdition":false,"holo":true,"normal":true,"reverse":true,"wPromo":false},"dexId":[383],"hp":80,"types":["Combat"],"stage":"De base","attacks":[{"cost":["Combat"],"name":"Tranche","damage":10},{"cost":["Combat","Incolore","Incolore"],"name":"Roule-pierre","effect":"Les dégâts de cette attaque ne sont pas affectés par la Résistance.","damage":40}],"weaknesses":[{"type":"Eau","value":"×2"}],"legal":{"standard":false,"expanded":false}},{"category":"Pokémon","id":"ex9-6","illustrator":"Masakazu Fukuda","image":"https://assets.tcgdex.net/fr/ex/ex9/6","localId":"6","name":"Kyogre","rarity":"Rare","set":{"cardCount":{"official":106,"total":107},"id":"ex9","name":"EX Émeraude","symbol":"https://assets.tcgdex.net/univ/ex/ex9/symbol"},"variants":{"firstEdition":false,"holo":true,"normal":true,"reverse":true,"wPromo":false},"dexId":[382],"hp":80,"types":["Eau"],"stage":"De base","attacks":[{"cost":["Incolore"],"name":"Collision","damage":10},{"cost":["Eau","Incolore","Incolore"],"name":"Aquasonique","effect":"Les dégâts de cette attaque ne sont pas affectés par la Résistance.","damage":40}],"weaknesses":[{"type":"Électrique","value":"×2"}],"legal":{"standard":false,"expanded":false}},{"category":"Pokémon","id":"ex9-7","illustrator":"Masakazu Fukuda","image":"https://assets.tcgdex.net/fr/ex/ex9/7","localId":"7","name":"Elecsprint","rarity":"Rare","set":{"cardCount":{"official":106,"total":107},"id":"ex9","name":"EX Émeraude","symbol":"https://assets.tcgdex.net/univ/ex/ex9/symbol"},"variants":{"firstEdition":false,"holo":true,"normal":true,"reverse":true,"wPromo":false},"dexId":[310],"hp":80,"types":["Électrique"],"stage":"Niveau 1","attacks":[{"cost":["Électrique","Incolore"],"name":"Météores","effect":"Les dégâts de cette attaque ne sont pas affectés par la Faiblesse, la Résistance, les Poké-Powers, les Poké-Bodies ou tout autre effet sur le Pokémon Défenseur.","damage":20},{"cost":["Électrique","Incolore","Incolore"],"name":"Élektri-keu","effect":"Inflige 10 dégâts à chacun des Pokémon de Banc de votre adversaire. (Vous ne pouvez pas appliquer la Faiblesse et la Résistance aux Pokémon de Banc.)","damage":40}],"weaknesses":[{"type":"Combat","value":"×2"}],"resistances":[{"type":"Métal","value":"-30"}],"legal":{"standard":false,"expanded":false}},{"category":"Pokémon","id":"ex9-8","illustrator":"Kagemaru Himeno","image":"https://assets.tcgdex.net/fr/ex/ex9/8","localId":"8","name":"Milobellus","rarity":"Rare","set":{"cardCount":{"official":106,"total":107},"id":"ex9","name":"EX Émeraude","symbol":"https://assets.tcgdex.net/univ/ex/ex9/symbol"},"variants":{"firstEdition":false,"holo":true,"normal":true,"reverse":true,"wPromo":false},"dexId":[350],"hp":90,"types":["Eau"],"stage":"Niveau 1","attacks":[{"cost":["Incolore"],"name":"Surf","damage":20},{"cost":["Eau","Incolore","Incolore"],"name":"Super hypnovague","effect":"Lancez une pièce. Si c'est face, le Pokémon Défenseur est maintenant Endormi.","damage":50}],"weaknesses":[{"type":"Électrique","value":"×2"}],"legal":{"standard":false,"expanded":false}},{"category":"Pokémon","id":"ex9-9","illustrator":"Kouki Saitou","image":"https://assets.tcgdex.net/fr/ex/ex9/9","localId":"9","name":"Rayquaza","rarity":"Rare","set":{"cardCount":{"official":106,"total":107},"id":"ex9","name":"EX Émeraude","symbol":"https://assets.tcgdex.net/univ/ex/ex9/symbol"},"variants":{"firstEdition":false,"holo":true,"normal":true,"reverse":true,"wPromo":false},"dexId":[384],"hp":80,"types":["Incolore"],"stage":"De base","attacks":[{"cost":["Incolore","Incolore"],"name":"Danse de dragon","effect":"Lors de votre prochain tour, si 1 de vos Pokémon Actifs inflige des dégâts à 1 des Pokémon Défenseurs, cette attaque inflige 30 dégâts supplémentaires (avant application de la Faiblesse et de la Résistance)."},{"cost":["Feu","Électrique","Incolore"],"name":"Griffe de dragon","damage":40}],"weaknesses":[{"type":"Incolore","value":"×2"}],"legal":{"standard":false,"expanded":false}},{"category":"Pokémon","id":"ex9-10","illustrator":"Mitsuhiro Arita","image":"https://assets.tcgdex.net/fr/ex/ex9/10","localId":"10","name":"Jungko","rarity":"Rare","set":{"cardCount":{"official":106,"total":107},"id":"ex9","name":"EX Émeraude","symbol":"https://assets.tcgdex.net/univ/ex/ex9/symbol"},"variants":{"firstEdition":false,"holo":true,"normal":true,"reverse":true,"wPromo":false},"dexId":[254],"hp":100,"types":["Plante"],"stage":"Niveau 2","abilities":[{"type":"Poké-BODY","name":"Extrait de plante","effect":"Tant que Jungko est en jeu, vos Pokémon Actifs possédant une Énergie  ne peuvent pas être affectés par un État Spécial."}],"attacks":[{"cost":["Plante"],"name":"Tranch'herbe","damage":30},{"cost":["Plante","Incolore","Incolore","Incolore"],"name":"Météores","effect":"Les dégâts de cette attaque ne sont pas affectés par la Faiblesse, la Résistance, les Poké-Powers, les Poké-Bodies ou tout autre effet sur le Pokémon Défenseur.","damage":60}],"weaknesses":[{"type":"Feu","value":"×2"}],"resistances":[{"type":"Eau","value":"-30"}],"legal":{"standard":false,"expanded":false}},{"category":"Pokémon","id":"ex9-11","illustrator":"Atsuko Nishida","image":"https://assets.tcgdex.net/fr/ex/ex9/11","localId":"11","name":"Laggron","rarity":"Rare","set":{"cardCount":{"official":106,"total":107},"id":"ex9","name":"EX Émeraude","symbol":"https://assets.tcgdex.net/univ/ex/ex9/symbol"},"variants":{"firstEdition":false,"holo":true,"normal":true,"reverse":true,"wPromo":false},"dexId":[260],"hp":110,"types":["Eau"],"stage":"Niveau 2","abilities":[{"type":"Poké-POWER","name":"Cyclone d'O","effect":"Autant de fois que vous le voulez lors de votre tour (avant votre attaque), vous pouvez déplacer 1 Énergie  d'1 de vos Pokémon Actifs à 1 de vos Pokémon de Banc. Ce pouvoir ne peut pas être utilisé si Laggron est affecté par un État Spécial."}],"attacks":[{"cost":["Incolore"],"name":"Queue tournante","effect":"Inflige 10 dégâts à chacun des Pokémon de votre adversaire. (Vous ne pouvez pas appliquer la Faiblesse et la Résistance aux Pokémon de Banc)."},{"cost":["Eau","Eau","Incolore"],"name":"Aquasonique","effect":"Les dégâts de cette attaque ne sont pas affectés par la Résistance.","damage":60}],"weaknesses":[{"type":"Plante","value":"×2"}],"legal":{"standard":false,"expanded":false}},{"category":"Pokémon","id":"ex9-12","illustrator":"Kagemaru Himeno","image":"https://assets.tcgdex.net/fr/ex/ex9/12","localId":"12","name":"Eoko","rarity":"Rare","set":{"cardCount":{"official":106,"total":107},"id":"ex9","name":"EX Émeraude","symbol":"https://assets.tcgdex.net/univ/ex/ex9/symbol"},"variants":{"firstEdition":false,"holo":true,"normal":true,"reverse":true,"wPromo":false},"dexId":[358],"hp":70,"types":["Psy"],"stage":"De base","attacks":[{"cost":["Incolore"],"name":"Collectionner","effect":"Piochez une carte."},{"cost":["Psy","Incolore"],"name":"Fausses notes","effect":"Si le Pokémon Défenseur est un Pokémon Évolué, il est maintenant Confus.","damage":20}],"weaknesses":[{"type":"Psy","value":"×2"}],"legal":{"standard":false,"expanded":false}},{"category":"Pokémon","id":"ex9-13","illustrator":"Atsuko Nishida","image":"https://assets.tcgdex.net/fr/ex/ex9/13","localId":"13","name":"Oniglali","rarity":"Rare","set":{"cardCount":{"official":106,"total":107},"id":"ex9","name":"EX Émeraude","symbol":"https://assets.tcgdex.net/univ/ex/ex9/symbol"},"variants":{"firstEdition":false,"holo":true,"normal":true,"reverse":true,"wPromo":false},"dexId":[362],"hp":80,"types":["Eau"],"stage":"Niveau 1","attacks":[{"cost":["Incolore"],"name":"Grêlon","effect":"Cette attaque inflige 10 dégâts à chacun des Pokémon de votre adversaire. (Vous ne pouvez pas appliquer la Faiblesse et la Résistance aux Pokémon de Banc.)"},{"cost":["Eau","Incolore","Incolore"],"name":"Super entaille","effect":"Si le Pokémon Défenseur est un Pokémon Évolué, cette attaque inflige 40 dégâts plus 20 dégâts supplémentaires.","damage":"40+"}],"weaknesses":[{"type":"Métal","value":"×2"}],"legal":{"standard":false,"expanded":false}},{"category":"Pokémon","id":"ex9-14","illustrator":"Kouki Saitou","image":"https://assets.tcgdex.net/fr/ex/ex9/14","localId":"14","name":"Groudon","rarity":"Rare","set":{"cardCount":{"official":106,"total":107},"id":"ex9","name":"EX Émeraude","symbol":"https://assets.tcgdex.net/univ/ex/ex9/symbol"},"variants":{"firstEdition":false,"holo":true,"normal":true,"reverse":true,"wPromo":false},"dexId":[383],"hp":80,"types":["Combat"],"stage":"De base","attacks":[{"cost":["Combat","Incolore"],"name":"Tranche","damage":20},{"cost":["Combat","Incolore","Incolore","Incolore"],"name":"Éruption","effect":"Chaque joueur défausse la carte du dessus de son deck. Cette attaque inflige 40 dégâts plus 10 dégâts supplémentaires pour chaque carte Énergie défaussée de cette façon.","damage":"40+"}],"weaknesses":[{"type":"Eau","value":"×2"}],"legal":{"standard":false,"expanded":false}},{"category":"Pokémon","id":"ex9-15","illustrator":"Kouki Saitou","image":"https://assets.tcgdex.net/fr/ex/ex9/15","localId":"15","name":"Kyogre","rarity":"Rare","set":{"cardCount":{"official":106,"total":107},"id":"ex9","name":"EX Émeraude","symbol":"https://assets.tcgdex.net/univ/ex/ex9/symbol"},"variants":{"firstEdition":false,"holo":true,"normal":true,"reverse":true,"wPromo":false},"dexId":[382],"hp":80,"types":["Eau"],"stage":"De base","attacks":[{"cost":["Incolore"],"name":"Grimace","effect":"Lancez une pièce. Si c'est face, le Pokémon Défenseur ne peut ni attaquer ni battre en retraite lors du prochain tour de votre adversaire."},{"cost":["Eau","Eau","Incolore"],"name":"Hydrocanon","effect":"Inflige 40 dégâts plus 10 dégâts supplémentaires pour chaque Énergie  attachée à Kyogre qui n'a pas été utilisée pour payer le coût en Énergie de cette attaque. Vous ne pouvez pas ajouter plus de 20 dégâts de cette façon.","damage":"40+"}],"weaknesses":[{"type":"Électrique","value":"×2"}],"legal":{"standard":false,"expanded":false}},{"category":"Pokémon","id":"ex9-16","illustrator":"Kagemaru Himeno","image":"https://assets.tcgdex.net/fr/ex/ex9/16","localId":"16","name":"Elecsprint","rarity":"Rare","set":{"cardCount":{"official":106,"total":107},"id":"ex9","name":"EX Émeraude","symbol":"https://assets.tcgdex.net/univ/ex/ex9/symbol"},"variants":{"firstEdition":false,"holo":true,"normal":true,"reverse":true,"wPromo":false},"dexId":[310],"hp":70,"types":["Électrique"],"stage":"Niveau 1","attacks":[{"cost":["Incolore"],"name":"Explosion de lumière","effect":"Lancez une pièce. Si c'est face, le Pokémon Défenseur est maintenant Confus.","damage":10},{"cost":["Électrique","Incolore"],"name":"Coup de pied ravageur","damage":40}],"weaknesses":[{"type":"Combat","value":"×2"}],"resistances":[{"type":"Métal","value":"-30"}],"legal":{"standard":false,"expanded":false}},{"category":"Pokémon","id":"ex9-17","illustrator":"Kouki Saitou","image":"https://assets.tcgdex.net/fr/ex/ex9/17","localId":"17","name":"Tarinor","rarity":"Rare","set":{"cardCount":{"official":106,"total":107},"id":"ex9","name":"EX Émeraude","symbol":"https://assets.tcgdex.net/univ/ex/ex9/symbol"},"variants":{"firstEdition":false,"holo":true,"normal":true,"reverse":true,"wPromo":false},"dexId":[299],"hp":70,"types":["Combat"],"stage":"De base","attacks":[{"cost":["Incolore"],"name":"Collectionner","effect":"Piochez une carte."},{"cost":["Incolore","Incolore"],"name":"Laser de grande envergure","effect":"Inflige 10 dégâts à chacun des Pokémon de votre adversaire. (Vous ne pouvez pas appliquer la Faiblesse et la Résistance aux Pokémon de Banc.)"}],"weaknesses":[{"type":"Eau","value":"×2"}],"legal":{"standard":false,"expanded":false}},{"category":"Pokémon","id":"ex9-18","illustrator":"Atsuko Nishida","image":"https://assets.tcgdex.net/fr/ex/ex9/18","localId":"18","name":"Relicanth","rarity":"Rare","set":{"cardCount":{"official":106,"total":107},"id":"ex9","name":"EX Émeraude","symbol":"https://assets.tcgdex.net/univ/ex/ex9/symbol"},"variants":{"firstEdition":false,"holo":true,"normal":true,"reverse":true,"wPromo":false},"dexId":[369],"hp":70,"types":["Eau"],"stage":"De base","attacks":[{"cost":["Incolore"],"name":"Aileron aiguisé","damage":10},{"cost":["Eau","Incolore"],"name":"Hypnoplouf","effect":"Le Pokémon Défenseur est maintenant Endormi.","damage":20}],"weaknesses":[{"type":"Électrique","value":"×2"}],"legal":{"standard":false,"expanded":false}},{"category":"Pokémon","id":"ex9-19","illustrator":"Kouki Saitou","image":"https://assets.tcgdex.net/fr/ex/ex9/19","localId":"19","name":"Rhinoferos","rarity":"Rare","set":{"cardCount":{"official":106,"total":107},"id":"ex9","name":"EX Émeraude","symbol":"https://assets.tcgdex.net/univ/ex/ex9/symbol"},"variants":{"firstEdition":false,"holo":true,"normal":true,"reverse":true,"wPromo":false},"dexId":[112],"hp":90,"types":["Combat"],"stage":"Niveau 1","attacks":[{"cost":["Combat","Incolore"],"name":"Koud'korne","damage":30},{"cost":["Incolore","Incolore","Incolore","Incolore"],"name":"Roule-pierre","effect":"Les dégâts de cette attaque ne sont pas affectés par la Résistance.","damage":60}],"weaknesses":[{"type":"Eau","value":"×2"}],"legal":{"standard":false,"expanded":false}},{"category":"Pokémon","id":"ex9-20","illustrator":"Mitsuhiro Arita","image":"https://assets.tcgdex.net/fr/ex/ex9/20","localId":"20","name":"Seviper","rarity":"Rare","set":{"cardCount":{"official":106,"total":107},"id":"ex9","name":"EX Émeraude","symbol":"https://assets.tcgdex.net/univ/ex/ex9/symbol"},"variants":{"firstEdition":false,"holo":true,"normal":true,"reverse":true,"wPromo":false},"dexId":[336],"hp":80,"types":["Plante"],"stage":"De base","attacks":[{"cost":["Incolore"],"name":"Transpercer","damage":10},{"cost":["Plante","Incolore","Incolore"],"name":"Arracher d'un coup de dent","effect":"Si le Pokémon Défenseur est un Pokémon-ex, cette attaque inflige 30 dégâts plus 30 dégâts supplémentaires.","damage":"30+"}],"weaknesses":[{"type":"Psy","value":"×2"}],"legal":{"standard":false,"expanded":false}},{"category":"Pokémon","id":"ex9-21","illustrator":"Midori Harada","image":"https://assets.tcgdex.net/fr/ex/ex9/21","localId":"21","name":"Mangriff","rarity":"Rare","set":{"cardCount":{"official":106,"total":107},"id":"ex9","name":"EX Émeraude","symbol":"https://assets.tcgdex.net/univ/ex/ex9/symbol"},"variants":{"firstEdition":false,"holo":true,"normal":true,"reverse":true,"wPromo":false},"dexId":[335],"hp":70,"types":["Incolore"],"stage":"De base","attacks":[{"cost":["Incolore"],"name":"Griffes supplémentaires","effect":"Si le Pokémon Défenseur est un Pokémon-ex, cette attaque inflige 10 dégâts plus 20 dégâts supplémentaires.","damage":"10+"},{"cost":["Incolore","Incolore"],"name":"Vive-attaque","effect":"Lancez une pièce. Si c'est face, cette attaque inflige 20 dégâts plus 10 dégâts supplémentaires.","damage":"20+"}],"weaknesses":[{"type":"Combat","value":"×2"}],"legal":{"standard":false,"expanded":false}},{"category":"Pokémon","id":"ex9-22","illustrator":"Mitsuhiro Arita","image":"https://assets.tcgdex.net/fr/ex/ex9/22","localId":"22","name":"Chapignon","rarity":"Peu Commune","set":{"cardCount":{"official":106,"total":107},"id":"ex9","name":"EX Émeraude","symbol":"https://assets.tcgdex.net/univ/ex/ex9/symbol"},"variants":{"firstEdition":false,"holo":true,"normal":true,"reverse":true,"wPromo":false},"dexId":[286],"hp":80,"types":["Plante"],"stage":"Niveau 1","attacks":[{"cost":["Incolore"],"name":"Coup puissant","effect":"Inflige 10 dégâts plus 10 dégâts supplémentaires pour chaque Énergie attachée à Chapignon.","damage":"10+"},{"cost":["Plante","Plante","Incolore"],"name":"Plaquage","effect":"Lancez une pièce. Si c'est face, le Pokémon Défenseur est maintenant Paralysé.","damage":40}],"weaknesses":[{"type":"Psy","value":"×2"}],"legal":{"standard":false,"expanded":false}},{"category":"Pokémon","id":"ex9-23","illustrator":"Masakazu Fukuda","image":"https://assets.tcgdex.net/fr/ex/ex9/23","localId":"23","name":"Camerupt","rarity":"Peu Commune","set":{"cardCount":{"official":106,"total":107},"id":"ex9","name":"EX Émeraude","symbol":"https://assets.tcgdex.net/univ/ex/ex9/symbol"},"variants":{"firstEdition":false,"holo":true,"normal":true,"reverse":true,"wPromo":false},"dexId":[323],"hp":80,"types":["Feu"],"stage":"Niveau 1","attacks":[{"cost":["Incolore","Incolore"],"name":"Flamme supplémentaire","effect":"Si le Pokémon Défenseur est un Pokémon-ex, cette attaque inflige 20 dégâts plus 30 dégâts supplémentaires.","damage":"20+"},{"cost":["Feu","Incolore","Incolore"],"name":"Ça sent le roussi !","effect":"Le Pokémon Défenseur est maintenant Brûlé.","damage":40}],"weaknesses":[{"type":"Eau","value":"×2"}],"legal":{"standard":false,"expanded":false}},{"category":"Pokémon","id":"ex9-24","illustrator":"Yuka Morii","image":"https://assets.tcgdex.net/fr/ex/ex9/24","localId":"24","name":"Kaorine","rarity":"Peu Commune","set":{"cardCount":{"official":106,"total":107},"id":"ex9","name":"EX Émeraude","symbol":"https://assets.tcgdex.net/univ/ex/ex9/symbol"},"variants":{"firstEdition":false,"holo":true,"normal":true,"reverse":true,"wPromo":false},"dexId":[344],"hp":80,"types":["Combat"],"stage":"Niveau 1","abilities":[{"type":"Poké-BODY","name":"Lévitation","effect":"Tant que Kaorine possède une Énergie, son Coût de retraite est de 0."}],"attacks":[{"cost":["Combat","Incolore"],"name":"Éclate-roc","effect":"Lancez une pièce. Si c'est face, cette attaque inflige 30 dégâts plus 10 dégâts supplémentaires.","damage":"30+"}],"weaknesses":[{"type":"Plante","value":"×2"}],"legal":{"standard":false,"expanded":false}},{"category":"Pokémon","id":"ex9-25","illustrator":"Midori Harada","image":"https://assets.tcgdex.net/fr/ex/ex9/25","localId":"25","name":"Galifeu","rarity":"Peu Commune","set":{"cardCount":{"official":106,"total":107},"id":"ex9","name":"EX Émeraude","symbol":"https://assets.tcgdex.net/univ/ex/ex9/symbol"},"variants":{"firstEdition":false,"holo":true,"normal":true,"reverse":true,"wPromo":false},"dexId":[256],"hp":70,"types":["Feu"],"stage":"Niveau 1","attacks":[{"cost":["Feu","Incolore"],"name":"Brûlure de lave","effect":"Inflige 10 dégâts à 1 des Pokémon de Banc de votre adversaire. (Vous ne pouvez pas appliquer la Faiblesse et la Résistance aux Pokémon de Banc.)","damage":20},{"cost":["Feu","Incolore","Incolore"],"name":"Griffes affûtées","effect":"Lancez une pièce. Si c'est face, cette attaque inflige 40 dégâts plus 10 dégâts supplémentaires.","damage":"40+"}],"weaknesses":[{"type":"Eau","value":"×2"}],"legal":{"standard":false,"expanded":false}},{"category":"Pokémon","id":"ex9-26","illustrator":"Hajime Kusajima","image":"https://assets.tcgdex.net/fr/ex/ex9/26","localId":"26","name":"Dodrio","rarity":"Peu Commune","set":{"cardCount":{"official":106,"total":107},"id":"ex9","name":"EX Émeraude","symbol":"https://assets.tcgdex.net/univ/ex/ex9/symbol"},"variants":{"firstEdition":false,"holo":true,"normal":true,"reverse":true,"wPromo":false},"dexId":[85],"hp":70,"types":["Incolore"],"stage":"Niveau 1","attacks":[{"cost":["Incolore","Incolore"],"name":"Coud'pattes","damage":30},{"cost":["Incolore","Incolore","Incolore"],"name":"Tour fracassant","effect":"Après votre attaque, vous pouvez échanger Dodrio avec 1 des Pokémon de votre Banc.","damage":40}],"weaknesses":[{"type":"Électrique","value":"×2"}],"resistances":[{"type":"Combat","value":"-30"}],"legal":{"standard":false,"expanded":false}},{"category":"Pokémon","id":"ex9-27","illustrator":"Masakazu Fukuda","image":"https://assets.tcgdex.net/fr/ex/ex9/27","localId":"27","name":"Electrode","rarity":"Peu Commune","set":{"cardCount":{"official":106,"total":107},"id":"ex9","name":"EX Émeraude","symbol":"https://assets.tcgdex.net/univ/ex/ex9/symbol"},"variants":{"firstEdition":false,"holo":true,"normal":true,"reverse":true,"wPromo":false},"dexId":[101],"hp":70,"types":["Électrique"],"stage":"Niveau 1","attacks":[{"cost":["Électrique"],"name":"Éclair","effect":"Lancez une pièce. Si c'est face, le Pokémon Défenseur est maintenant Paralysé.","damage":20},{"cost":["Incolore","Incolore","Incolore"],"name":"Balle rapide","damage":50}],"weaknesses":[{"type":"Combat","value":"×2"}],"legal":{"standard":false,"expanded":false}},{"category":"Pokémon","id":"ex9-28","illustrator":"Mitsuhiro Arita","image":"https://assets.tcgdex.net/fr/ex/ex9/28","localId":"28","name":"Massko","rarity":"Peu Commune","set":{"cardCount":{"official":106,"total":107},"id":"ex9","name":"EX Émeraude","symbol":"https://assets.tcgdex.net/univ/ex/ex9/symbol"},"variants":{"firstEdition":false,"holo":true,"normal":true,"reverse":true,"wPromo":false},"dexId":[253],"hp":70,"types":["Plante"],"stage":"Niveau 1","attacks":[{"cost":["Plante"],"name":"Secoue-queue","effect":"Le Pokémon Défenseur est maintenant Endormi.","damage":10},{"cost":["Incolore","Incolore","Incolore"],"name":"Tranch'herbe","damage":40}],"weaknesses":[{"type":"Feu","value":"×2"}],"resistances":[{"type":"Eau","value":"-30"}],"legal":{"standard":false,"expanded":false}},{"category":"Pokémon","id":"ex9-29","illustrator":"Kagemaru Himeno","image":"https://assets.tcgdex.net/fr/ex/ex9/29","localId":"29","name":"Groret","rarity":"Peu Commune","set":{"cardCount":{"official":106,"total":107},"id":"ex9","name":"EX Émeraude","symbol":"https://assets.tcgdex.net/univ/ex/ex9/symbol"},"variants":{"firstEdition":false,"holo":true,"normal":true,"reverse":true,"wPromo":false},"dexId":[326],"hp":80,"types":["Psy"],"stage":"Niveau 1","attacks":[{"cost":["Psy"],"name":"Choc psy","effect":"Lancez une pièce. Si c'est face, le Pokémon Défenseur est maintenant Paralysé.","damage":20},{"cost":["Incolore","Incolore","Incolore"],"name":"Téléportation instantanée","effect":"Après votre attaque, vous pouvez échanger Groret avec 1 des Pokémon de votre Banc.","damage":40}],"weaknesses":[{"type":"Psy","value":"×2"}],"legal":{"standard":false,"expanded":false}},{"category":"Pokémon","id":"ex9-30","illustrator":"Atsuko Nishida","image":"https://assets.tcgdex.net/fr/ex/ex9/30","localId":"30","name":"Groret","rarity":"Peu Commune","set":{"cardCount":{"official":106,"total":107},"id":"ex9","name":"EX Émeraude","symbol":"https://assets.tcgdex.net/univ/ex/ex9/symbol"},"variants":{"firstEdition":false,"holo":true,"normal":true,"reverse":true,"wPromo":false},"dexId":[326],"hp":70,"types":["Psy"],"stage":"Niveau 1","attacks":[{"cost":["Incolore"],"name":"Claquement de queue","effect":"Choisissez 1 des Pokémon de votre adversaire. Cette attaque lui inflige 10 dégâts. (Vous ne pouvez pas appliquer la Faiblesse et la Résistance aux Pokémon de Banc.)"},{"cost":["Psy","Incolore"],"name":"Coup de poing psy","damage":40}],"weaknesses":[{"type":"Psy","value":"×2"}],"legal":{"standard":false,"expanded":false}},{"category":"Pokémon","id":"ex9-31","illustrator":"Kouki Saitou","image":"https://assets.tcgdex.net/fr/ex/ex9/31","localId":"31","name":"Hariyama","rarity":"Peu Commune","set":{"cardCount":{"official":106,"total":107},"id":"ex9","name":"EX Émeraude","symbol":"https://assets.tcgdex.net/univ/ex/ex9/symbol"},"variants":{"firstEdition":false,"holo":true,"normal":true,"reverse":true,"wPromo":false},"dexId":[297],"hp":80,"types":["Combat"],"stage":"Niveau 1","attacks":[{"cost":["Combat","Incolore"],"name":"Coupe transversale","effect":"Si le Pokémon Défenseur est un Pokémon Évolué, cette attaque inflige 20 dégâts plus 20 dégâts supplémentaires.","damage":"20+"},{"cost":["Combat","Incolore","Incolore"],"name":"Bousculer","effect":"Lancez une pièce. Si c'est face, le Pokémon Défenseur est maintenant Paralysé.","damage":40}],"weaknesses":[{"type":"Psy","value":"×2"}],"legal":{"standard":false,"expanded":false}},{"category":"Pokémon","id":"ex9-32","illustrator":"Kouki Saitou","image":"https://assets.tcgdex.net/fr/ex/ex9/32","localId":"32","name":"Lumivole","rarity":"Peu Commune","set":{"cardCount":{"official":106,"total":107},"id":"ex9","name":"EX Émeraude","symbol":"https://assets.tcgdex.net/univ/ex/ex9/symbol"},"variants":{"firstEdition":false,"holo":true,"normal":true,"reverse":true,"wPromo":false},"dexId":[314],"hp":60,"types":["Plante"],"stage":"De base","attacks":[{"cost":["Incolore"],"name":"Collectionner","effect":"Piochez une carte."},{"cost":["Incolore","Incolore"],"name":"Charge","damage":20}],"weaknesses":[{"type":"Feu","value":"×2"}],"legal":{"standard":false,"expanded":false}},{"category":"Pokémon","id":"ex9-33","illustrator":"Kagemaru Himeno","image":"https://assets.tcgdex.net/fr/ex/ex9/33","localId":"33","name":"Kirlia","rarity":"Peu Commune","set":{"cardCount":{"official":106,"total":107},"id":"ex9","name":"EX Émeraude","symbol":"https://assets.tcgdex.net/univ/ex/ex9/symbol"},"variants":{"firstEdition":false,"holo":true,"normal":true,"reverse":true,"wPromo":false},"dexId":[281],"hp":70,"types":["Psy"],"stage":"Niveau 1","attacks":[{"cost":["Psy","Incolore"],"name":"Coup de poing psy","damage":30},{"cost":["Incolore","Incolore","Incolore"],"name":"Choc cérébral","effect":"Les dégâts de cette attaque ne sont pas affectés par la Faiblesse ou la Résistance.","damage":40}],"weaknesses":[{"type":"Psy","value":"×2"}],"legal":{"standard":false,"expanded":false}},{"category":"Pokémon","id":"ex9-34","illustrator":"Yuka Morii","image":"https://assets.tcgdex.net/fr/ex/ex9/34","localId":"34","name":"Lineon","rarity":"Peu Commune","set":{"cardCount":{"official":106,"total":107},"id":"ex9","name":"EX Émeraude","symbol":"https://assets.tcgdex.net/univ/ex/ex9/symbol"},"variants":{"firstEdition":false,"holo":true,"normal":true,"reverse":true,"wPromo":false},"dexId":[264],"hp":70,"types":["Incolore"],"stage":"Niveau 1","attacks":[{"cost":["Incolore"],"name":"Plaquage","effect":"Lancez une pièce. Si c'est face, le Pokémon Défenseur est maintenant Paralysé.","damage":10},{"cost":["Incolore","Incolore"],"name":"Combo-serres","damage":30}],"weaknesses":[{"type":"Combat","value":"×2"}],"legal":{"standard":false,"expanded":false}},{"category":"Pokémon","id":"ex9-35","illustrator":"Hajime Kusajima","image":"https://assets.tcgdex.net/fr/ex/ex9/35","localId":"35","name":"Ramboum","rarity":"Peu Commune","set":{"cardCount":{"official":106,"total":107},"id":"ex9","name":"EX Émeraude","symbol":"https://assets.tcgdex.net/univ/ex/ex9/symbol"},"variants":{"firstEdition":false,"holo":true,"normal":true,"reverse":true,"wPromo":false},"dexId":[294],"hp":80,"types":["Incolore"],"stage":"Niveau 1","attacks":[{"cost":["Incolore"],"name":"Plaquage","effect":"Lancez une pièce. Si c'est face, le Pokémon Défenseur est maintenant Paralysé.","damage":10},{"cost":["Incolore","Incolore","Incolore"],"name":"Damoclès","effect":"Ramboum s'inflige 10 dégâts.","damage":50}],"weaknesses":[{"type":"Combat","value":"×2"}],"legal":{"standard":false,"expanded":false}},{"category":"Pokémon","id":"ex9-36","illustrator":"Atsuko Nishida","image":"https://assets.tcgdex.net/fr/ex/ex9/36","localId":"36","name":"Flobio","rarity":"Peu Commune","set":{"cardCount":{"official":106,"total":107},"id":"ex9","name":"EX Émeraude","symbol":"https://assets.tcgdex.net/univ/ex/ex9/symbol"},"variants":{"firstEdition":false,"holo":true,"normal":true,"reverse":true,"wPromo":false},"dexId":[259],"hp":70,"types":["Eau"],"stage":"Niveau 1","attacks":[{"cost":["Incolore"],"name":"Super hypnovague","effect":"Le Pokémon Défenseur est maintenant Endormi.","damage":10},{"cost":["Eau","Eau","Incolore"],"name":"Surf","damage":50}],"weaknesses":[{"type":"Plante","value":"×2"}],"legal":{"standard":false,"expanded":false}},{"category":"Pokémon","id":"ex9-37","illustrator":"Naoyo Kimura","image":"https://assets.tcgdex.net/fr/ex/ex9/37","localId":"37","name":"Negapi","rarity":"Peu Commune","set":{"cardCount":{"official":106,"total":107},"id":"ex9","name":"EX Émeraude","symbol":"https://assets.tcgdex.net/univ/ex/ex9/symbol"},"variants":{"firstEdition":false,"holo":true,"normal":true,"reverse":true,"wPromo":false},"dexId":[312],"hp":60,"types":["Électrique"],"stage":"De base","abilities":[{"type":"Poké-BODY","name":"Electro-protection","effect":"Tant que Negapi possède une Énergie , il n'a pas de Faiblesse."}],"attacks":[{"cost":["Incolore","Incolore"],"name":"Vive-attaque","effect":"Lancez une pièce. Si c'est face, cette attaque inflige 20 dégâts plus 20 dégâts supplémentaires.","damage":"20+"}],"weaknesses":[{"type":"Combat","value":"×2"}],"resistances":[{"type":"Métal","value":"-30"}],"legal":{"standard":false,"expanded":false}},{"category":"Pokémon","id":"ex9-38","illustrator":"Midori Harada","image":"https://assets.tcgdex.net/fr/ex/ex9/38","localId":"38","name":"Feunard","rarity":"Peu Commune","set":{"cardCount":{"official":106,"total":107},"id":"ex9","name":"EX Émeraude","symbol":"https://assets.tcgdex.net/univ/ex/ex9/symbol"},"variants":{"firstEdition":false,"holo":true,"normal":true,"reverse":true,"wPromo":false},"dexId":[38],"hp":80,"types":["Feu"],"stage":"Niveau 1","attacks":[{"cost":["Feu"],"name":"Onde folie","effect":"Lancez une pièce. Si c'est face, le Pokémon Défenseur est maintenant Confus.","damage":10},{"cost":["Feu","Incolore","Incolore"],"name":"Flammes calcinantes","effect":"Le Pokémon Défenseur est maintenant Brûlé.","damage":40}],"weaknesses":[{"type":"Eau","value":"×2"}],"legal":{"standard":false,"expanded":false}},{"category":"Pokémon","id":"ex9-39","illustrator":"Naoyo Kimura","image":"https://assets.tcgdex.net/fr/ex/ex9/39","localId":"39","name":"Posipi","rarity":"Peu Commune","set":{"cardCount":{"official":106,"total":107},"id":"ex9","name":"EX Émeraude","symbol":"https://assets.tcgdex.net/univ/ex/ex9/symbol"},"variants":{"firstEdition":false,"holo":true,"normal":true,"reverse":true,"wPromo":false},"dexId":[311],"hp":60,"types":["Électrique"],"stage":"De base","attacks":[{"cost":["Incolore"],"name":"Collectionner","effect":"Piochez une carte."},{"cost":["Électrique","Incolore"],"name":"Éclair","effect":"Lancez une pièce. Si c'est face, le Pokémon Défenseur est maintenant Paralysé.","damage":20}],"weaknesses":[{"type":"Combat","value":"×2"}],"resistances":[{"type":"Métal","value":"-30"}],"legal":{"standard":false,"expanded":false}},{"category":"Pokémon","id":"ex9-40","illustrator":"Atsuko Nishida","image":"https://assets.tcgdex.net/fr/ex/ex9/40","localId":"40","name":"Avaltout","rarity":"Peu Commune","set":{"cardCount":{"official":106,"total":107},"id":"ex9","name":"EX Émeraude","symbol":"https://assets.tcgdex.net/univ/ex/ex9/symbol"},"variants":{"firstEdition":false,"holo":true,"normal":true,"reverse":true,"wPromo":false},"dexId":[317],"hp":80,"types":["Plante"],"stage":"Niveau 1","attacks":[{"cost":["Incolore","Incolore"],"name":"Pâté","effect":"Retirez à Avaltout un marqueur de dégât.","damage":20},{"cost":["Plante","Incolore","Incolore"],"name":"Haleine empoisonnée","effect":"Le Pokémon Défenseur est maintenant Empoisonné.","damage":40}],"weaknesses":[{"type":"Psy","value":"×2"}],"legal":{"standard":false,"expanded":false}},{"category":"Pokémon","id":"ex9-41","illustrator":"Naoyo Kimura","image":"https://assets.tcgdex.net/fr/ex/ex9/41","localId":"41","name":"Heledelle","rarity":"Peu Commune","set":{"cardCount":{"official":106,"total":107},"id":"ex9","name":"EX Émeraude","symbol":"https://assets.tcgdex.net/univ/ex/ex9/symbol"},"variants":{"firstEdition":false,"holo":true,"normal":true,"reverse":true,"wPromo":false},"dexId":[277],"hp":70,"types":["Incolore"],"stage":"Niveau 1","attacks":[{"cost":["Incolore"],"name":"Picpic","damage":20},{"cost":["Incolore","Incolore","Incolore"],"name":"Plongeon contrôlé","effect":"Choisissez 1 des Pokémon de votre adversaire. Cette attaque lui inflige 40 dégâts. (Vous ne pouvez pas appliquer la Faiblesse et la Résistance aux Pokémon de Banc.)"}],"weaknesses":[{"type":"Électrique","value":"×2"}],"resistances":[{"type":"Combat","value":"-30"}],"legal":{"standard":false,"expanded":false}},{"category":"Pokémon","id":"ex9-42","illustrator":"Kouki Saitou","image":"https://assets.tcgdex.net/fr/ex/ex9/42","localId":"42","name":"Muciole","rarity":"Peu Commune","set":{"cardCount":{"official":106,"total":107},"id":"ex9","name":"EX Émeraude","symbol":"https://assets.tcgdex.net/univ/ex/ex9/symbol"},"variants":{"firstEdition":false,"holo":true,"normal":true,"reverse":true,"wPromo":false},"dexId":[313],"hp":60,"types":["Plante"],"stage":"De base","attacks":[{"cost":["Incolore"],"name":"Onde folie","effect":"Lancez une pièce. Si c'est face, le Pokémon Défenseur est maintenant Confus."},{"cost":["Plante","Incolore"],"name":"Damoclès","effect":"Muciole s'inflige 10 dégâts.","damage":30}],"weaknesses":[{"type":"Feu","value":"×2"}],"legal":{"standard":false,"expanded":false}},{"category":"Pokémon","id":"ex9-43","illustrator":"Yuka Morii","image":"https://assets.tcgdex.net/fr/ex/ex9/43","localId":"43","name":"Balbuto","rarity":"Commune","set":{"cardCount":{"official":106,"total":107},"id":"ex9","name":"EX Émeraude","symbol":"https://assets.tcgdex.net/univ/ex/ex9/symbol"},"variants":{"firstEdition":false,"holo":true,"normal":true,"reverse":true,"wPromo":false},"dexId":[343],"hp":50,"types":["Combat"],"stage":"De base","attacks":[{"cost":["Incolore"],"name":"Gifle","damage":10},{"cost":["Incolore","Incolore","Incolore"],"name":"Transpercer","damage":30}],"weaknesses":[{"type":"Plante","value":"×2"}],"legal":{"standard":false,"expanded":false}},{"category":"Pokémon","id":"ex9-44","illustrator":"Mitsuhiro Arita","image":"https://assets.tcgdex.net/fr/ex/ex9/44","localId":"44","name":"Cacnea","rarity":"Commune","set":{"cardCount":{"official":106,"total":107},"id":"ex9","name":"EX Émeraude","symbol":"https://assets.tcgdex.net/univ/ex/ex9/symbol"},"variants":{"firstEdition":false,"holo":true,"normal":true,"reverse":true,"wPromo":false},"dexId":[331],"hp":50,"types":["Plante"],"stage":"De base","attacks":[{"cost":["Incolore"],"name":"Picanon","effect":"Lancez 3 pièces. Cette attaque inflige 10 dégâts multipliés par le nombre de faces.","damage":"10×"}],"weaknesses":[{"type":"Feu","value":"×2"}],"legal":{"standard":false,"expanded":false}},{"category":"Pokémon","id":"ex9-45","illustrator":"Hajime Kusajima","image":"https://assets.tcgdex.net/fr/ex/ex9/45","localId":"45","name":"Doduo","rarity":"Commune","set":{"cardCount":{"official":106,"total":107},"id":"ex9","name":"EX Émeraude","symbol":"https://assets.tcgdex.net/univ/ex/ex9/symbol"},"variants":{"firstEdition":false,"holo":true,"normal":true,"reverse":true,"wPromo":false},"dexId":[84],"hp":40,"types":["Incolore"],"stage":"De base","attacks":[{"cost":["Incolore"],"name":"Regard paralysant","effect":"Lancez une pièce. Si c'est face, le Pokémon Défenseur est maintenant Paralysé."}],"weaknesses":[{"type":"Électrique","value":"×2"}],"resistances":[{"type":"Combat","value":"-30"}],"legal":{"standard":false,"expanded":false}},{"category":"Pokémon","id":"ex9-46","illustrator":"Kagemaru Himeno","image":"https://assets.tcgdex.net/fr/ex/ex9/46","localId":"46","name":"Skelenox","rarity":"Commune","set":{"cardCount":{"official":106,"total":107},"id":"ex9","name":"EX Émeraude","symbol":"https://assets.tcgdex.net/univ/ex/ex9/symbol"},"variants":{"firstEdition":false,"holo":true,"normal":true,"reverse":true,"wPromo":false},"dexId":[355],"hp":40,"types":["Psy"],"stage":"De base","attacks":[{"cost":["Incolore"],"name":"Écras'face","damage":10}],"weaknesses":[{"type":"Obscurité","value":"×2"}],"resistances":[{"type":"Combat","value":"-30"}],"legal":{"standard":false,"expanded":false}},{"category":"Pokémon","id":"ex9-47","illustrator":"Kagemaru Himeno","image":"https://assets.tcgdex.net/fr/ex/ex9/47","localId":"47","name":"Dynavolt","rarity":"Commune","set":{"cardCount":{"official":106,"total":107},"id":"ex9","name":"EX Émeraude","symbol":"https://assets.tcgdex.net/univ/ex/ex9/symbol"},"variants":{"firstEdition":false,"holo":true,"normal":true,"reverse":true,"wPromo":false},"dexId":[309],"hp":50,"types":["Électrique"],"stage":"De base","attacks":[{"cost":["Incolore"],"name":"Double pied","effect":"Lancez 2 pièces. Cette attaque inflige 10 dégâts multipliés par le nombre de faces.","damage":"10×"}],"weaknesses":[{"type":"Combat","value":"×2"}],"resistances":[{"type":"Métal","value":"-30"}],"legal":{"standard":false,"expanded":false}},{"category":"Pokémon","id":"ex9-48","illustrator":"Masakazu Fukuda","image":"https://assets.tcgdex.net/fr/ex/ex9/48","localId":"48","name":"Dynavolt","rarity":"Commune","set":{"cardCount":{"official":106,"total":107},"id":"ex9","name":"EX Émeraude","symbol":"https://assets.tcgdex.net/univ/ex/ex9/symbol"},"variants":{"firstEdition":false,"holo":true,"normal":true,"reverse":true,"wPromo":false},"dexId":[309],"hp":40,"types":["Électrique"],"stage":"De base","attacks":[{"cost":["Incolore"],"name":"Ruade","damage":10},{"cost":["Électrique","Incolore"],"name":"Coud'krane","damage":30}],"weaknesses":[{"type":"Combat","value":"×2"}],"resistances":[{"type":"Métal","value":"-30"}],"legal":{"standard":false,"expanded":false}},{"category":"Pokémon","id":"ex9-49","illustrator":"Atsuko Nishida","image":"https://assets.tcgdex.net/fr/ex/ex9/49","localId":"49","name":"Barpau","rarity":"Commune","set":{"cardCount":{"official":106,"total":107},"id":"ex9","name":"EX Émeraude","symbol":"https://assets.tcgdex.net/univ/ex/ex9/symbol"},"variants":{"firstEdition":false,"holo":true,"normal":true,"reverse":true,"wPromo":false},"dexId":[349],"hp":30,"types":["Eau"],"stage":"De base","abilities":[{"type":"Poké-BODY","name":"Submerger","effect":"Tant que Barpau est sur votre Banc, prévenez tous les dégâts qui lui sont infligés par des attaques (les vôtres et celles de votre adversaire)."}],"attacks":[{"cost":["Eau","Incolore"],"name":"Coup rapide","effect":"Lancez une pièce. Si c'est pile, cette attaque est sans effet.","damage":20}],"weaknesses":[{"type":"Électrique","value":"×2"}],"legal":{"standard":false,"expanded":false}},{"category":"Pokémon","id":"ex9-50","illustrator":"Kagemaru Himeno","image":"https://assets.tcgdex.net/fr/ex/ex9/50","localId":"50","name":"Barpau","rarity":"Commune","set":{"cardCount":{"official":106,"total":107},"id":"ex9","name":"EX Émeraude","symbol":"https://assets.tcgdex.net/univ/ex/ex9/symbol"},"variants":{"firstEdition":false,"holo":true,"normal":true,"reverse":true,"wPromo":false},"dexId":[349],"hp":30,"types":["Eau"],"stage":"De base","attacks":[{"cost":["Eau"],"name":"Flèche d'eau","effect":"Choisissez 1 des Pokémon de votre adversaire. Cette attaque lui inflige 10 dégâts. (Vous ne pouvez pas appliquer la Faiblesse et la Résistance aux Pokémon de Banc.)"}],"weaknesses":[{"type":"Électrique","value":"×2"}],"legal":{"standard":false,"expanded":false}},{"category":"Pokémon","id":"ex9-51","illustrator":"Atsuko Nishida","image":"https://assets.tcgdex.net/fr/ex/ex9/51","localId":"51","name":"Gloupti","rarity":"Commune","set":{"cardCount":{"official":106,"total":107},"id":"ex9","name":"EX Émeraude","symbol":"https://assets.tcgdex.net/univ/ex/ex9/symbol"},"variants":{"firstEdition":false,"holo":true,"normal":true,"reverse":true,"wPromo":false},"dexId":[316],"hp":50,"types":["Plante"],"stage":"De base","attacks":[{"cost":["Incolore"],"name":"Coup d'boule","damage":10},{"cost":["Incolore","Incolore"],"name":"Gluant","damage":20}],"weaknesses":[{"type":"Psy","value":"×2"}],"legal":{"standard":false,"expanded":false}},{"category":"Pokémon","id":"ex9-52","illustrator":"Nakaoka","image":"https://assets.tcgdex.net/fr/ex/ex9/52","localId":"52","name":"Embrylex","rarity":"Commune","set":{"cardCount":{"official":106,"total":107},"id":"ex9","name":"EX Émeraude","symbol":"https://assets.tcgdex.net/univ/ex/ex9/symbol"},"variants":{"firstEdition":false,"holo":true,"normal":true,"reverse":true,"wPromo":false},"dexId":[246],"hp":50,"types":["Combat"],"stage":"De base","attacks":[{"cost":["Combat","Incolore"],"name":"Terrassement","effect":"Choisissez 1 des Pokémon de votre adversaire. Cette attaque lui inflige 20 dégâts. Les dégâts de cette attaque ne sont pas affectés par la Faiblesse ou la Résistance."}],"weaknesses":[{"type":"Plante","value":"×2"}],"legal":{"standard":false,"expanded":false}},{"category":"Pokémon","id":"ex9-53","illustrator":"Hajime Kusajima","image":"https://assets.tcgdex.net/fr/ex/ex9/53","localId":"53","name":"Lovdisc","rarity":"Commune","set":{"cardCount":{"official":106,"total":107},"id":"ex9","name":"EX Émeraude","symbol":"https://assets.tcgdex.net/univ/ex/ex9/symbol"},"variants":{"firstEdition":false,"holo":true,"normal":true,"reverse":true,"wPromo":false},"dexId":[370],"hp":60,"types":["Eau"],"stage":"De base","attacks":[{"cost":["Incolore"],"name":"À la rescousse !","effect":"Choisissez dans votre deck un Pokémon de base et placez-le sur votre Banc. Ensuite, mélangez votre deck."},{"cost":["Eau","Incolore"],"name":"Étrange écaille","effect":"Si le Pokémon Défenseur est un Pokémon Évolué, il est maintenant Confus.","damage":20}],"weaknesses":[{"type":"Électrique","value":"×2"}],"legal":{"standard":false,"expanded":false}},{"category":"Pokémon","id":"ex9-54","illustrator":"Kouki Saitou","image":"https://assets.tcgdex.net/fr/ex/ex9/54","localId":"54","name":"Makuhita","rarity":"Commune","set":{"cardCount":{"official":106,"total":107},"id":"ex9","name":"EX Émeraude","symbol":"https://assets.tcgdex.net/univ/ex/ex9/symbol"},"variants":{"firstEdition":false,"holo":true,"normal":true,"reverse":true,"wPromo":false},"dexId":[296],"hp":50,"types":["Combat"],"stage":"De base","attacks":[{"cost":["Combat"],"name":"Coup-croix","effect":"Lancez une pièce. Si c'est face, cette attaque inflige 10 dégâts plus 10 dégâts supplémentaires.","damage":"10+"}],"weaknesses":[{"type":"Psy","value":"×2"}],"legal":{"standard":false,"expanded":false}},{"category":"Pokémon","id":"ex9-55","illustrator":"Kouki Saitou","image":"https://assets.tcgdex.net/fr/ex/ex9/55","localId":"55","name":"Meditikka","rarity":"Commune","set":{"cardCount":{"official":106,"total":107},"id":"ex9","name":"EX Émeraude","symbol":"https://assets.tcgdex.net/univ/ex/ex9/symbol"},"variants":{"firstEdition":false,"holo":true,"normal":true,"reverse":true,"wPromo":false},"dexId":[307],"hp":50,"types":["Combat"],"stage":"De base","attacks":[{"cost":["Incolore"],"name":"Pied voltige","damage":10},{"cost":["Combat","Incolore"],"name":"Bluff","effect":"Lancez une pièce. Si c'est face, le Pokémon Défenseur est maintenant Paralysé.","damage":20}],"weaknesses":[{"type":"Psy","value":"×2"}],"legal":{"standard":false,"expanded":false}},{"category":"Pokémon","id":"ex9-56","illustrator":"Atsuko Nishida","image":"https://assets.tcgdex.net/fr/ex/ex9/56","localId":"56","name":"Gobou","rarity":"Commune","set":{"cardCount":{"official":106,"total":107},"id":"ex9","name":"EX Émeraude","symbol":"https://assets.tcgdex.net/univ/ex/ex9/symbol"},"variants":{"firstEdition":false,"holo":true,"normal":true,"reverse":true,"wPromo":false},"dexId":[258],"hp":50,"types":["Eau"],"stage":"De base","attacks":[{"cost":["Eau"],"name":"Attaque caudale","effect":"Lancez une pièce. Si c'est face, cette attaque inflige 10 dégâts plus 10 dégâts supplémentaires.","damage":"10+"}],"weaknesses":[{"type":"Plante","value":"×2"}],"legal":{"standard":false,"expanded":false}},{"category":"Pokémon","id":"ex9-57","illustrator":"Midori Harada","image":"https://assets.tcgdex.net/fr/ex/ex9/57","localId":"57","name":"Chamallot","rarity":"Commune","set":{"cardCount":{"official":106,"total":107},"id":"ex9","name":"EX Émeraude","symbol":"https://assets.tcgdex.net/univ/ex/ex9/symbol"},"variants":{"firstEdition":false,"holo":true,"normal":true,"reverse":true,"wPromo":false},"dexId":[322],"hp":50,"types":["Feu"],"stage":"De base","attacks":[{"cost":["Incolore"],"name":"Collectionner","effect":"Piochez une carte."},{"cost":["Feu"],"name":"Coup rapide","effect":"Lancez une pièce. Si c'est pile, cette attaque est sans effet.","damage":20}],"weaknesses":[{"type":"Eau","value":"×2"}],"legal":{"standard":false,"expanded":false}},{"category":"Pokémon","id":"ex9-58","illustrator":"Masakazu Fukuda","image":"https://assets.tcgdex.net/fr/ex/ex9/58","localId":"58","name":"Chamallot","rarity":"Commune","set":{"cardCount":{"official":106,"total":107},"id":"ex9","name":"EX Émeraude","symbol":"https://assets.tcgdex.net/univ/ex/ex9/symbol"},"variants":{"firstEdition":false,"holo":true,"normal":true,"reverse":true,"wPromo":false},"dexId":[322],"hp":50,"types":["Feu"],"stage":"De base","attacks":[{"cost":["Incolore"],"name":"Sauve qui peut","damage":10},{"cost":["Feu","Incolore"],"name":"Crachage de feu régulier","damage":20}],"weaknesses":[{"type":"Eau","value":"×2"}],"legal":{"standard":false,"expanded":false}},{"category":"Pokémon","id":"ex9-59","illustrator":"Nakaoka","image":"https://assets.tcgdex.net/fr/ex/ex9/59","localId":"59","name":"Pichu","rarity":"Commune","set":{"cardCount":{"official":106,"total":107},"id":"ex9","name":"EX Émeraude","symbol":"https://assets.tcgdex.net/univ/ex/ex9/symbol"},"variants":{"firstEdition":false,"holo":true,"normal":true,"reverse":true,"wPromo":false},"dexId":[172],"hp":40,"types":["Électrique"],"stage":"De base","abilities":[{"type":"Poké-POWER","name":"Évolution bébé","effect":"Une seule fois pendant votre tour (avant votre attaque), vous pouvez placer Pikachu de votre main sur Pichu (vous faites ainsi évoluer Pichu). Retirez à Pichu tous ses marqueurs de dégât."}],"attacks":[{"cost":["Incolore"],"name":"Collectionner","effect":"Piochez une carte."}],"weaknesses":[{"type":"Combat","value":"×2"}],"legal":{"standard":false,"expanded":false}},{"category":"Pokémon","id":"ex9-60","illustrator":"Masakazu Fukuda","image":"https://assets.tcgdex.net/fr/ex/ex9/60","localId":"60","name":"Pikachu","rarity":"Commune","set":{"cardCount":{"official":106,"total":107},"id":"ex9","name":"EX Émeraude","symbol":"https://assets.tcgdex.net/univ/ex/ex9/symbol"},"variants":{"firstEdition":false,"holo":true,"normal":true,"reverse":true,"wPromo":false},"dexId":[25],"hp":50,"types":["Électrique"],"stage":"De base","attacks":[{"cost":["Électrique"],"name":"Pika Ball","damage":10},{"cost":["Incolore","Incolore"],"name":"Éclair","effect":"Lancez une pièce. Si c'est face, le Pokémon Défenseur est maintenant Paralysé.","damage":20}],"weaknesses":[{"type":"Combat","value":"×2"}],"legal":{"standard":false,"expanded":false}},{"category":"Pokémon","id":"ex9-61","illustrator":"Kagemaru Himeno","image":"https://assets.tcgdex.net/fr/ex/ex9/61","localId":"61","name":"Tarsal","rarity":"Commune","set":{"cardCount":{"official":106,"total":107},"id":"ex9","name":"EX Émeraude","symbol":"https://assets.tcgdex.net/univ/ex/ex9/symbol"},"variants":{"firstEdition":false,"holo":true,"normal":true,"reverse":true,"wPromo":false},"dexId":[280],"hp":50,"types":["Psy"],"stage":"De base","attacks":[{"cost":["Psy"],"name":"Onde hypnotique","effect":"Le Pokémon Défenseur est maintenant Endormi.","damage":10}],"weaknesses":[{"type":"Psy","value":"×2"}],"legal":{"standard":false,"expanded":false}},{"category":"Pokémon","id":"ex9-62","illustrator":"Kouki Saitou","image":"https://assets.tcgdex.net/fr/ex/ex9/62","localId":"62","name":"Rhinocorne","rarity":"Commune","set":{"cardCount":{"official":106,"total":107},"id":"ex9","name":"EX Émeraude","symbol":"https://assets.tcgdex.net/univ/ex/ex9/symbol"},"variants":{"firstEdition":false,"holo":true,"normal":true,"reverse":true,"wPromo":false},"dexId":[111],"hp":60,"types":["Combat"],"stage":"De base","attacks":[{"cost":["Incolore"],"name":"Koud'korne","damage":10},{"cost":["Combat","Incolore"],"name":"Empal'korne","damage":20}],"weaknesses":[{"type":"Eau","value":"×2"}],"legal":{"standard":false,"expanded":false}},{"category":"Pokémon","id":"ex9-63","illustrator":"Mitsuhiro Arita","image":"https://assets.tcgdex.net/fr/ex/ex9/63","localId":"63","name":"Balignon","rarity":"Commune","set":{"cardCount":{"official":106,"total":107},"id":"ex9","name":"EX Émeraude","symbol":"https://assets.tcgdex.net/univ/ex/ex9/symbol"},"variants":{"firstEdition":false,"holo":true,"normal":true,"reverse":true,"wPromo":false},"dexId":[285],"hp":40,"types":["Plante"],"stage":"De base","attacks":[{"cost":["Incolore"],"name":"Collision","damage":10},{"cost":["Incolore","Incolore"],"name":"Coup d'boule","damage":20}],"weaknesses":[{"type":"Feu","value":"×2"}],"resistances":[{"type":"Eau","value":"-30"}],"legal":{"standard":false,"expanded":false}},{"category":"Pokémon","id":"ex9-64","illustrator":"Atsuko Nishida","image":"https://assets.tcgdex.net/fr/ex/ex9/64","localId":"64","name":"Stalgamin","rarity":"Commune","set":{"cardCount":{"official":106,"total":107},"id":"ex9","name":"EX Émeraude","symbol":"https://assets.tcgdex.net/univ/ex/ex9/symbol"},"variants":{"firstEdition":false,"holo":true,"normal":true,"reverse":true,"wPromo":false},"dexId":[361],"hp":50,"types":["Eau"],"stage":"De base","attacks":[{"cost":["Incolore"],"name":"Bataille","damage":10}],"weaknesses":[{"type":"Métal","value":"×2"}],"legal":{"standard":false,"expanded":false}},{"category":"Pokémon","id":"ex9-65","illustrator":"Kagemaru Himeno","image":"https://assets.tcgdex.net/fr/ex/ex9/65","localId":"65","name":"Spoink","rarity":"Commune","set":{"cardCount":{"official":106,"total":107},"id":"ex9","name":"EX Émeraude","symbol":"https://assets.tcgdex.net/univ/ex/ex9/symbol"},"variants":{"firstEdition":false,"holo":true,"normal":true,"reverse":true,"wPromo":false},"dexId":[325],"hp":50,"types":["Psy"],"stage":"De base","attacks":[{"cost":["Psy"],"name":"Asticotage","effect":"Lancez une pièce. Si c'est face, cette attaque inflige 10 dégâts plus 10 dégâts supplémentaires.","damage":"10+"}],"weaknesses":[{"type":"Psy","value":"×2"}],"legal":{"standard":false,"expanded":false}},{"category":"Pokémon","id":"ex9-66","illustrator":"Atsuko Nishida","image":"https://assets.tcgdex.net/fr/ex/ex9/66","localId":"66","name":"Spoink","rarity":"Commune","set":{"cardCount":{"official":106,"total":107},"id":"ex9","name":"EX Émeraude","symbol":"https://assets.tcgdex.net/univ/ex/ex9/symbol"},"variants":{"firstEdition":false,"holo":true,"normal":true,"reverse":true,"wPromo":false},"dexId":[325],"hp":50,"types":["Psy"],"stage":"De base","attacks":[{"cost":["Incolore"],"name":"Coup rapide","effect":"Lancez une pièce. Si c'est pile, cette attaque est sans effet.","damage":20}],"weaknesses":[{"type":"Psy","value":"×2"}],"legal":{"standard":false,"expanded":false}},{"category":"Pokémon","id":"ex9-67","illustrator":"Hajime Kusajima","image":"https://assets.tcgdex.net/fr/ex/ex9/67","localId":"67","name":"Tylton","rarity":"Commune","set":{"cardCount":{"official":106,"total":107},"id":"ex9","name":"EX Émeraude","symbol":"https://assets.tcgdex.net/univ/ex/ex9/symbol"},"variants":{"firstEdition":false,"holo":true,"normal":true,"reverse":true,"wPromo":false},"dexId":[333],"hp":40,"types":["Incolore"],"stage":"De base","abilities":[{"type":"Poké-BODY","name":"Doux comme une plume","effect":"Tant que Tylton est sur votre Banc, prévenez tous les dégâts qui lui sont infligés par des attaques de votre adversaire."}],"attacks":[{"cost":["Incolore"],"name":"Coupe-vent","effect":"Lancez une pièce. Si c'est pile, cette attaque est sans effet.","damage":20}],"weaknesses":[{"type":"Électrique","value":"×2"}],"resistances":[{"type":"Combat","value":"-30"}],"legal":{"standard":false,"expanded":false}},{"category":"Pokémon","id":"ex9-68","illustrator":"Naoyo Kimura","image":"https://assets.tcgdex.net/fr/ex/ex9/68","localId":"68","name":"Nirondelle","rarity":"Commune","set":{"cardCount":{"official":106,"total":107},"id":"ex9","name":"EX Émeraude","symbol":"https://assets.tcgdex.net/univ/ex/ex9/symbol"},"variants":{"firstEdition":false,"holo":true,"normal":true,"reverse":true,"wPromo":false},"dexId":[276],"hp":50,"types":["Incolore"],"stage":"De base","attacks":[{"cost":["Incolore"],"name":"Coupe-vent","effect":"Lancez une pièce. Si c'est pile, cette attaque est sans effet.","damage":10}],"weaknesses":[{"type":"Électrique","value":"×2"}],"resistances":[{"type":"Combat","value":"-30"}],"legal":{"standard":false,"expanded":false}},{"category":"Pokémon","id":"ex9-69","illustrator":"Midori Harada","image":"https://assets.tcgdex.net/fr/ex/ex9/69","localId":"69","name":"Poussifeu","rarity":"Commune","set":{"cardCount":{"official":106,"total":107},"id":"ex9","name":"EX Émeraude","symbol":"https://assets.tcgdex.net/univ/ex/ex9/symbol"},"variants":{"firstEdition":false,"holo":true,"normal":true,"reverse":true,"wPromo":false},"dexId":[255],"hp":50,"types":["Feu"],"stage":"De base","attacks":[{"cost":["Feu"],"name":"Regard hypnotique","effect":"Le Pokémon Défenseur est maintenant Endormi."}],"weaknesses":[{"type":"Eau","value":"×2"}],"legal":{"standard":false,"expanded":false}},{"category":"Pokémon","id":"ex9-70","illustrator":"Mitsuhiro Arita","image":"https://assets.tcgdex.net/fr/ex/ex9/70","localId":"70","name":"Arcko","rarity":"Commune","set":{"cardCount":{"official":106,"total":107},"id":"ex9","name":"EX Émeraude","symbol":"https://assets.tcgdex.net/univ/ex/ex9/symbol"},"variants":{"firstEdition":false,"holo":true,"normal":true,"reverse":true,"wPromo":false},"dexId":[252],"hp":50,"types":["Plante"],"stage":"De base","attacks":[{"cost":["Plante"],"name":"Éclate-queue","effect":"Lancez une pièce. Si c'est pile, cette attaque est sans effet.","damage":10}],"weaknesses":[{"type":"Feu","value":"×2"}],"resistances":[{"type":"Eau","value":"-30"}],"legal":{"standard":false,"expanded":false}},{"category":"Pokémon","id":"ex9-71","illustrator":"Masakazu Fukuda","image":"https://assets.tcgdex.net/fr/ex/ex9/71","localId":"71","name":"Voltorbe","rarity":"Commune","set":{"cardCount":{"official":106,"total":107},"id":"ex9","name":"EX Émeraude","symbol":"https://assets.tcgdex.net/univ/ex/ex9/symbol"},"variants":{"firstEdition":false,"holo":true,"normal":true,"reverse":true,"wPromo":false},"dexId":[100],"hp":50,"types":["Électrique"],"stage":"De base","attacks":[{"cost":["Incolore"],"name":"Collision","damage":10},{"cost":["Incolore","Incolore","Incolore"],"name":"Balle rapide","damage":30}],"weaknesses":[{"type":"Combat","value":"×2"}],"legal":{"standard":false,"expanded":false}},{"category":"Pokémon","id":"ex9-72","illustrator":"Midori Harada","image":"https://assets.tcgdex.net/fr/ex/ex9/72","localId":"72","name":"Goupix","rarity":"Commune","set":{"cardCount":{"official":106,"total":107},"id":"ex9","name":"EX Émeraude","symbol":"https://assets.tcgdex.net/univ/ex/ex9/symbol"},"variants":{"firstEdition":false,"holo":true,"normal":true,"reverse":true,"wPromo":false},"dexId":[37],"hp":50,"types":["Feu"],"stage":"De base","attacks":[{"cost":["Incolore"],"name":"Morsure","damage":10},{"cost":["Feu","Incolore"],"name":"Souffle-feu","effect":"Lancez une pièce. Si c'est face, cette attaque inflige 20 dégâts plus 10 dégâts supplémentaires.","damage":"20+"}],"weaknesses":[{"type":"Eau","value":"×2"}],"legal":{"standard":false,"expanded":false}},{"category":"Pokémon","id":"ex9-73","illustrator":"Hajime Kusajima","image":"https://assets.tcgdex.net/fr/ex/ex9/73","localId":"73","name":"Chuchmur","rarity":"Commune","set":{"cardCount":{"official":106,"total":107},"id":"ex9","name":"EX Émeraude","symbol":"https://assets.tcgdex.net/univ/ex/ex9/symbol"},"variants":{"firstEdition":false,"holo":true,"normal":true,"reverse":true,"wPromo":false},"dexId":[293],"hp":50,"types":["Incolore"],"stage":"De base","attacks":[{"cost":["Incolore"],"name":"Charge","damage":10},{"cost":["Incolore","Incolore"],"name":"Roulade","damage":20}],"weaknesses":[{"type":"Combat","value":"×2"}],"legal":{"standard":false,"expanded":false}},{"category":"Pokémon","id":"ex9-74","illustrator":"Yuka Morii","image":"https://assets.tcgdex.net/fr/ex/ex9/74","localId":"74","name":"Zigzaton","rarity":"Commune","set":{"cardCount":{"official":106,"total":107},"id":"ex9","name":"EX Émeraude","symbol":"https://assets.tcgdex.net/univ/ex/ex9/symbol"},"variants":{"firstEdition":false,"holo":true,"normal":true,"reverse":true,"wPromo":false},"dexId":[263],"hp":40,"types":["Incolore"],"stage":"De base","attacks":[{"cost":["Incolore"],"name":"Rogne","damage":10},{"cost":["Incolore","Incolore"],"name":"Plaquage","effect":"Lancez une pièce. Si c'est face, le Pokémon Défenseur est maintenant Paralysé.","damage":10}],"weaknesses":[{"type":"Combat","value":"×2"}],"legal":{"standard":false,"expanded":false}},{"category":"Dresseur","id":"ex9-75","illustrator":"Midori Harada","image":"https://assets.tcgdex.net/fr/ex/ex9/75","localId":"75","name":"Zone de combat","rarity":"Peu Commune","set":{"cardCount":{"official":106,"total":107},"id":"ex9","name":"EX Émeraude","symbol":"https://assets.tcgdex.net/univ/ex/ex9/symbol"},"variants":{"firstEdition":false,"holo":true,"normal":true,"reverse":true,"wPromo":false},"effect":"Cette carte reste en jeu lorsque vous la jouez. Défaussez-la si une autre carte Stade est mise en jeu.\n\nLes Pokémon Évolués ,  et  de chaque joueur ne peuvent pas utiliser de Poké-Powers ou de Poké-Bodies.","trainerType":"Stade","legal":{"standard":false,"expanded":false}},{"category":"Dresseur","id":"ex9-76","illustrator":"Ryo Ueda","image":"https://assets.tcgdex.net/fr/ex/ex9/76","localId":"76","name":"Double guérison totale","rarity":"Peu Commune","set":{"cardCount":{"official":106,"total":107},"id":"ex9","name":"EX Émeraude","symbol":"https://assets.tcgdex.net/univ/ex/ex9/symbol"},"variants":{"firstEdition":false,"holo":true,"normal":true,"reverse":true,"wPromo":false},"effect":"Retirez à chacun de vos Pokémon Actifs tous leurs États Spéciaux.","trainerType":"Objet","legal":{"standard":false,"expanded":false}},{"category":"Dresseur","id":"ex9-77","illustrator":"Ken Sugimori","image":"https://assets.tcgdex.net/fr/ex/ex9/77","localId":"77","name":"Annette surfe sur le net","rarity":"Peu Commune","set":{"cardCount":{"official":106,"total":107},"id":"ex9","name":"EX Émeraude","symbol":"https://assets.tcgdex.net/univ/ex/ex9/symbol"},"variants":{"firstEdition":false,"holo":true,"normal":true,"reverse":true,"wPromo":false},"effect":"Vous ne pouvez jouer qu'une seule carte Supporter par tour. Lorsque vous la jouez, placez-la à côté de votre Pokémon Actif. À la fin du tour, défaussez-la.\n\nChoisissez dans dans votre deck jusqu'à 3 types de cartes Pokémon de base différents (Bébé Pokémon exclus), montrez-les à votre adversaire et placez-les dans votre main. Ensuite, mélangez votre deck.","trainerType":"Supporter","legal":{"standard":false,"expanded":false}},{"category":"Dresseur","id":"ex9-78","illustrator":"Kazuo Yazawa","image":"https://assets.tcgdex.net/fr/ex/ex9/78","localId":"78","name":"Baie Prine","rarity":"Peu Commune","set":{"cardCount":{"official":106,"total":107},"id":"ex9","name":"EX Émeraude","symbol":"https://assets.tcgdex.net/univ/ex/ex9/symbol"},"variants":{"firstEdition":false,"holo":true,"normal":true,"reverse":true,"wPromo":false},"effect":"Attachez Baie Prine à 1 de vos Pokémon qui ne possède pas déjà d'Outil Pokémon. Si ce Pokémon est mis K.O., défaussez-la.\n\nÀ la fin de chaque tour, si le Pokémon auquel cette carte est attachée possède des États Spéciaux, retirez-les lui tous. Ensuite, défaussez Baie Prine.[1]","trainerType":"Outil","legal":{"standard":false,"expanded":false}},{"category":"Dresseur","id":"ex9-79","illustrator":"Ken Sugimori","image":"https://assets.tcgdex.net/fr/ex/ex9/79","localId":"79","name":"Le projet de M. Rochard","rarity":"Peu Commune","set":{"cardCount":{"official":106,"total":107},"id":"ex9","name":"EX Émeraude","symbol":"https://assets.tcgdex.net/univ/ex/ex9/symbol"},"variants":{"firstEdition":false,"holo":true,"normal":true,"reverse":true,"wPromo":false},"effect":"Vous ne pouvez jouer qu'une seule carte Supporter par tour. Lorsque vous la jouez, placez-la à côté de votre Pokémon Actif. À la fin du tour, défaussez-la.\n\nChoisissez dans votre deck jusqu'à 2 cartes Énergie de base, montrez-les à votre adversaire et placez-les dans votre main. Ensuite, mélangez votre deck. Ou, choisissez dans votre pile de défausse jusqu'à 2 cartes Énergie de base, montrez-les à votre adversaire et placez-les dans votre main.","trainerType":"Supporter","legal":{"standard":false,"expanded":false}},{"category":"Dresseur","id":"ex9-80","illustrator":"Kazuo Yazawa","image":"https://assets.tcgdex.net/fr/ex/ex9/80","localId":"80","name":"Baie Oran","rarity":"Peu Commune","set":{"cardCount":{"official":106,"total":107},"id":"ex9","name":"EX Émeraude","symbol":"https://assets.tcgdex.net/univ/ex/ex9/symbol"},"variants":{"firstEdition":false,"holo":true,"normal":true,"reverse":true,"wPromo":false},"effect":"Attachez Baie Oran à 1 de vos Pokémon qui ne possède pas déjà d'Outil Pokémon. Si ce Pokémon est mis K.O., défaussez-la.\n\nN'importe quand entre deux tours, si le Pokémon auquel cette carte est attachée possède au moins deux marqueurs de dégât, retirez-les lui. Ensuite, défaussez Baie Oran.","trainerType":"Outil","legal":{"standard":false,"expanded":false}},{"category":"Dresseur","id":"ex9-81","illustrator":"Katsura Tabata","image":"https://assets.tcgdex.net/fr/ex/ex9/81","localId":"81","name":"PokéNav","rarity":"Peu Commune","set":{"cardCount":{"official":106,"total":107},"id":"ex9","name":"EX Émeraude","symbol":"https://assets.tcgdex.net/univ/ex/ex9/symbol"},"variants":{"firstEdition":false,"holo":true,"normal":true,"reverse":true,"wPromo":false},"effect":"Regardez les 3 cartes du dessus de votre deck et choisissez un Pokémon de base, une carte Évolution ou une carte Énergie. Montrez-la à votre adversaire et placez-la dans votre main. Replacez les 2 autres cartes au dessus de votre deck dans n'importe quel ordre.","trainerType":"Objet","legal":{"standard":false,"expanded":false}},{"category":"Dresseur","id":"ex9-82","illustrator":"Ken Sugimori","image":"https://assets.tcgdex.net/fr/ex/ex9/82","localId":"82","name":"Prof. Seko","rarity":"Peu Commune","set":{"cardCount":{"official":106,"total":107},"id":"ex9","name":"EX Émeraude","symbol":"https://assets.tcgdex.net/univ/ex/ex9/symbol"},"variants":{"firstEdition":false,"holo":true,"normal":true,"reverse":true,"wPromo":false},"effect":"Vous ne pouvez jouer qu'une seule carte Supporter par tour. Lorsque vous la jouez, placez-la à côté de votre Pokémon Actif. À la fin du tour, défaussez-la.\n\nPiochez des cartes de votre deck jusqu'à ce que vous ayez 6 cartes en main.","trainerType":"Supporter","legal":{"standard":false,"expanded":false}},{"category":"Dresseur","id":"ex9-83","illustrator":"Ryo Ueda","image":"https://assets.tcgdex.net/fr/ex/ex9/83","localId":"83","name":"Super bonbon","rarity":"Peu Commune","set":{"cardCount":{"official":106,"total":107},"id":"ex9","name":"EX Émeraude","symbol":"https://assets.tcgdex.net/univ/ex/ex9/symbol"},"variants":{"firstEdition":false,"holo":true,"normal":true,"reverse":true,"wPromo":false},"effect":"Choisissez 1 de vos Pokémon de base en jeu. Si vous possédez dans votre main une carte Niveau 1 ou Niveau 2 qui évolue de ce Pokémon, placez cette carte sur le Pokémon de base. (Vous le faites ainsi évoluer).","trainerType":"Objet","legal":{"standard":false,"expanded":false}},{"category":"Dresseur","id":"ex9-84","illustrator":"Ken Sugimori","image":"https://assets.tcgdex.net/fr/ex/ex9/84","localId":"84","name":"Scott","rarity":"Peu Commune","set":{"cardCount":{"official":106,"total":107},"id":"ex9","name":"EX Émeraude","symbol":"https://assets.tcgdex.net/univ/ex/ex9/symbol"},"variants":{"firstEdition":false,"holo":true,"normal":true,"reverse":true,"wPromo":false},"effect":"Vous ne pouvez jouer qu'une seule carte Supporter par tour. Lorsque vous la jouez, placez-la à côté de votre Pokémon Actif. À la fin du tour, défaussez-la.\n\nChoisissez dans votre deck n'importe quelle combinaison de cartes Supporter et Stade (jusqu'à 3), montrez-les à votre adversaire et placez-les dans votre main. Ensuite, mélangez votre deck.","trainerType":"Supporter","legal":{"standard":false,"expanded":false}},{"category":"Dresseur","id":"ex9-85","illustrator":"Ken Sugimori","image":"https://assets.tcgdex.net/fr/ex/ex9/85","localId":"85","name":"Timmy au dressage","rarity":"Peu Commune","set":{"cardCount":{"official":106,"total":107},"id":"ex9","name":"EX Émeraude","symbol":"https://assets.tcgdex.net/univ/ex/ex9/symbol"},"variants":{"firstEdition":false,"holo":true,"normal":true,"reverse":true,"wPromo":false},"effect":"Vous ne pouvez jouer qu'une seule carte Supporter par tour. Lorsque vous la jouez, placez-la à côté de votre Pokémon Actif. À la fin du tour, défaussez-la.\n\nChoisissez dans votre deck une carte qui évolue de votre Pokémon Actif (choisissez un Pokémon Actif si vous en avez deux) et placez-la sur ce Pokémon. (Vous le faites ainsi évoluer). Ensuite, mélangez votre deck.","trainerType":"Supporter","legal":{"standard":false,"expanded":false}},{"category":"Énergie","id":"ex9-86","illustrator":"Milky Isobe","image":"https://assets.tcgdex.net/fr/ex/ex9/86","localId":"86","name":"Énergie Obscurité","rarity":"Rare","set":{"cardCount":{"official":106,"total":107},"id":"ex9","name":"EX Émeraude","symbol":"https://assets.tcgdex.net/univ/ex/ex9/symbol"},"variants":{"firstEdition":false,"holo":true,"normal":true,"reverse":true,"wPromo":false},"energyType":"Spécial","legal":{"standard":false,"expanded":false}},{"category":"Énergie","id":"ex9-87","image":"https://assets.tcgdex.net/fr/ex/ex9/87","localId":"87","name":"Double Énergie Multicolore","rarity":"Rare","set":{"cardCount":{"official":106,"total":107},"id":"ex9","name":"EX Émeraude","symbol":"https://assets.tcgdex.net/univ/ex/ex9/symbol"},"variants":{"firstEdition":false,"holo":true,"normal":true,"reverse":true,"wPromo":false},"energyType":"Spécial","legal":{"standard":false,"expanded":false}},{"category":"Énergie","id":"ex9-88","illustrator":"Milky Isobe","image":"https://assets.tcgdex.net/fr/ex/ex9/88","localId":"88","name":"Énergie Métal","rarity":"Rare","set":{"cardCount":{"official":106,"total":107},"id":"ex9","name":"EX Émeraude","symbol":"https://assets.tcgdex.net/univ/ex/ex9/symbol"},"variants":{"firstEdition":false,"holo":true,"normal":true,"reverse":true,"wPromo":false},"energyType":"Spécial","legal":{"standard":false,"expanded":false}},{"category":"Énergie","id":"ex9-89","illustrator":"Takumi Akabane","image":"https://assets.tcgdex.net/fr/ex/ex9/89","localId":"89","name":"Énergies multiples","rarity":"Rare","set":{"cardCount":{"official":106,"total":107},"id":"ex9","name":"EX Émeraude","symbol":"https://assets.tcgdex.net/univ/ex/ex9/symbol"},"variants":{"firstEdition":false,"holo":true,"normal":true,"reverse":true,"wPromo":false},"energyType":"Spécial","legal":{"standard":false,"expanded":false}},{"category":"Pokémon","id":"ex9-90","illustrator":"Ryo Ueda","image":"https://assets.tcgdex.net/fr/ex/ex9/90","localId":"90","name":"Altaria ex","rarity":"Rare","set":{"cardCount":{"official":106,"total":107},"id":"ex9","name":"EX Émeraude","symbol":"https://assets.tcgdex.net/univ/ex/ex9/symbol"},"variants":{"firstEdition":false,"holo":true,"normal":true,"reverse":true,"wPromo":false},"dexId":[334],"hp":100,"types":["Incolore"],"suffix":"EX","abilities":[{"type":"Poké-BODY","name":"Brume","effect":"Les dégâts infligés à Altaria ex par des attaques de Pokémon Évolués de Niveau 2 (les vôtres et ceux de votre adversaire) sont réduits de 30 (après application de la Faiblesse et de la Résistance)."}],"attacks":[{"cost":["Incolore"],"name":"Plongée","damage":20},{"cost":["Eau","Électrique","Incolore"],"name":"Brume de dragon","effect":"Les dégâts de cette attaque ne sont pas affectés par la Résistance, les Poké-Powers, les Poké-Bodies ou tout autre effet sur le Pokémon Défenseur.","damage":70}],"legal":{"standard":false,"expanded":false}},{"category":"Pokémon","id":"ex9-91","illustrator":"Hikaru Koike","image":"https://assets.tcgdex.net/fr/ex/ex9/91","localId":"91","name":"Cacturne ex","rarity":"Rare","set":{"cardCount":{"official":106,"total":107},"id":"ex9","name":"EX Émeraude","symbol":"https://assets.tcgdex.net/univ/ex/ex9/symbol"},"variants":{"firstEdition":false,"holo":true,"normal":true,"reverse":true,"wPromo":false},"dexId":[332],"hp":110,"types":["Plante"],"suffix":"EX","abilities":[{"type":"Poké-BODY","name":"Regard maléfique","effect":"Tant que Cacturne ex est votre Pokémon Actif, votre adversaire ne peut pas attacher de cartes Énergie spéciales (sauf les cartes Énergie  et ) de sa main à son Pokémon Actif."}],"attacks":[{"cost":["Plante"],"name":"Rafale psy","effect":"Le Pokémon Défenseur est maintenant Confus.","damage":20},{"cost":["Plante","Incolore","Incolore"],"name":"Pointe déchirante","effect":"Si le Pokémon Défenseur possède déjà des marqueurs de dégât, cette attaque inflige 50 dégâts plus 20 dégâts supplémentaires.","damage":"50+"}],"weaknesses":[{"type":"Feu","value":"×2"}],"legal":{"standard":false,"expanded":false}},{"category":"Pokémon","id":"ex9-92","illustrator":"Ryo Ueda","image":"https://assets.tcgdex.net/fr/ex/ex9/92","localId":"92","name":"Camerupt ex","rarity":"Rare","set":{"cardCount":{"official":106,"total":107},"id":"ex9","name":"EX Émeraude","symbol":"https://assets.tcgdex.net/univ/ex/ex9/symbol"},"variants":{"firstEdition":false,"holo":true,"normal":true,"reverse":true,"wPromo":false},"dexId":[323],"hp":120,"types":["Feu"],"suffix":"EX","abilities":[{"type":"Poké-BODY","name":"Magmascudo","effect":"Camerupt ex ne peut pas être Endormi ou Paralysé."}],"attacks":[{"cost":["Incolore","Incolore"],"name":"Flammes calcinantes","effect":"Le Pokémon Défenseur est maintenant Brûlé.","damage":30},{"cost":["Feu","Feu","Incolore"],"name":"Éruption","effect":"Chaque joueur défausse la carte du dessus de son deck. Cette attaque inflige 60 dégâts plus 20 dégâts supplémentaires pour chaque carte Énergie défaussée de cette façon.","damage":"60+"}],"weaknesses":[{"type":"Eau","value":"×2"}],"legal":{"standard":false,"expanded":false}},{"category":"Pokémon","id":"ex9-93","illustrator":"Mitsuhiro Arita","image":"https://assets.tcgdex.net/fr/ex/ex9/93","localId":"93","name":"Deoxys ex","rarity":"Rare","set":{"cardCount":{"official":106,"total":107},"id":"ex9","name":"EX Émeraude","symbol":"https://assets.tcgdex.net/univ/ex/ex9/symbol"},"variants":{"firstEdition":false,"holo":true,"normal":true,"reverse":true,"wPromo":false},"dexId":[386],"hp":110,"types":["Psy"],"suffix":"EX","abilities":[{"type":"Poké-POWER","name":"Changement de forme","effect":"Une seule fois lors de votre tour (avant votre attaque), vous pouvez chercher dans votre deck une autre Deoxys ex et l'échanger avec Deoxys ex. (Toutes les cartes attachées à Deoxys ex, marqueurs de dégât, États Spéciaux et autres effets se trouvent maintenant sur le nouveau Pokémon.) Placez alors Deoxys ex au-dessus de votre deck. Ensuite, mélangez votre deck. Vous ne pouvez pas utiliser plus d'1 Poké-Power Changement de forme par tour."}],"attacks":[{"cost":["Incolore","Incolore","Incolore"],"name":"Lame de fond","effect":"Les dégâts de cette attaque ne sont pas affectés par la Résistance, les Poké-Powers, les Poké-Bodies ou tout autre effet sur le Pokémon Défenseur.","damage":50}],"weaknesses":[{"type":"Psy","value":"×2"}],"legal":{"standard":false,"expanded":false}},{"category":"Pokémon","id":"ex9-94","illustrator":"Mitsuhiro Arita","image":"https://assets.tcgdex.net/fr/ex/ex9/94","localId":"94","name":"Teraclope ex","rarity":"Rare","set":{"cardCount":{"official":106,"total":107},"id":"ex9","name":"EX Émeraude","symbol":"https://assets.tcgdex.net/univ/ex/ex9/symbol"},"variants":{"firstEdition":false,"holo":true,"normal":true,"reverse":true,"wPromo":false},"dexId":[356],"hp":100,"types":["Psy"],"suffix":"EX","abilities":[{"type":"Poké-BODY","name":"Trou obscur","effect":"Tant que Teraclope ex est sur votre Banc, vous ne pouvez pas appliquer la Faiblesse  aux Pokémon que vous avez en jeu."}],"attacks":[{"cost":["Psy"],"name":"Rayon d'ombre","effect":"Placez 2 marqueurs de dégât sur le Pokémon Défenseur pour chaque Énergie attachée à Teraclope ex."}],"weaknesses":[{"type":"Obscurité","value":"×2"}],"resistances":[{"type":"Combat","value":"-30"},{"type":"Incolore","value":"-30"}],"legal":{"standard":false,"expanded":false}},{"category":"Pokémon","id":"ex9-95","illustrator":"Hikaru Koike","image":"https://assets.tcgdex.net/fr/ex/ex9/95","localId":"95","name":"Charmina ex","rarity":"Rare","set":{"cardCount":{"official":106,"total":107},"id":"ex9","name":"EX Émeraude","symbol":"https://assets.tcgdex.net/univ/ex/ex9/symbol"},"variants":{"firstEdition":false,"holo":true,"normal":true,"reverse":true,"wPromo":false},"dexId":[308],"hp":110,"types":["Combat"],"suffix":"EX","abilities":[{"type":"Poké-BODY","name":"Sage aura","effect":"Tant que Charmina ex est votre Pokémon Actif, chaque Pokémon (Pokémon-ex exclus) (les vôtres et ceux de votre adversaire), ne peut pas utiliser de Poké-Powers."}],"attacks":[{"cost":["Incolore","Incolore"],"name":"Pouvoir pur","effect":"Placez 3 marqueurs de dégât sur les Pokémon de votre adversaire de la façon que vous voulez."},{"cost":["Combat","Incolore","Incolore"],"name":"Coup de pied céleste","effect":"Si le Pokémon Défenseur possède une Résistance , cette attaque inflige 60 dégâts plus 40 dégâts supplémentaires.","damage":"60+"}],"weaknesses":[{"type":"Psy","value":"×2"}],"legal":{"standard":false,"expanded":false}},{"category":"Pokémon","id":"ex9-96","illustrator":"Ryo Ueda","image":"https://assets.tcgdex.net/fr/ex/ex9/96","localId":"96","name":"Milobellus ex","rarity":"Rare","set":{"cardCount":{"official":106,"total":107},"id":"ex9","name":"EX Émeraude","symbol":"https://assets.tcgdex.net/univ/ex/ex9/symbol"},"variants":{"firstEdition":false,"holo":true,"normal":true,"reverse":true,"wPromo":false},"dexId":[350],"hp":130,"types":["Eau"],"suffix":"EX","abilities":[{"type":"Poké-BODY","name":"Écaille mystique","effect":"Tant que Milobellus ex est en jeu, chaque joueur ne peut pas jouer de carte Machine Technique de sa main. Défaussez toutes les cartes Machine Technique en jeu (les vôtres et celles de votre adversaire)."}],"attacks":[{"cost":["Eau"],"name":"Enveloppe douce","effect":"Le Pokémon Défenseur ne peut pas battre en retraite avant la fin du prochain tour de votre adversaire.","damage":30},{"cost":["Eau","Incolore","Incolore"],"name":"Renvoi d'énergie","effect":"Déplacez 1 carte Énergie de base attachée à Milobellus ex sur 1 des Pokémon de votre Banc.","damage":70}],"weaknesses":[{"type":"Électrique","value":"×2"}],"legal":{"standard":false,"expanded":false}},{"category":"Pokémon","id":"ex9-97","illustrator":"Mitsuhiro Arita","image":"https://assets.tcgdex.net/fr/ex/ex9/97","localId":"97","name":"Raichu ex","rarity":"Rare","set":{"cardCount":{"official":106,"total":107},"id":"ex9","name":"EX Émeraude","symbol":"https://assets.tcgdex.net/univ/ex/ex9/symbol"},"variants":{"firstEdition":false,"holo":true,"normal":true,"reverse":true,"wPromo":false},"dexId":[26],"hp":100,"types":["Électrique"],"suffix":"EX","abilities":[{"type":"Poké-BODY","name":"Rai-bouclier","effect":"Les dégâts infligés à 1 des Raichu ex que vous avez en jeu par des attaques de Pokémon-ex de votre adversaire sont réduits de 30 (après application de la Faiblesse et de la Résistance). Vous ne pouvez pas utiliser plus d'1 Poké-Body Rai-bouclier par tour."}],"attacks":[{"cost":["Électrique","Incolore"],"name":"Court-circuit","effect":"Choisissez 1 des Pokémon de votre adversaire. Cette attaque lui inflige 30 dégâts. (Vous ne pouvez pas appliquer la Faiblesse et la Résistance aux Pokémon de Banc.) Si ce Pokémon possède des Poké-Powers, cette attaque inflige 30 dégâts plus 20 dégâts supplémentaires."},{"cost":["Électrique","Incolore","Incolore","Incolore"],"name":"Pik'éclair","damage":70}],"weaknesses":[{"type":"Combat","value":"×2"}],"legal":{"standard":false,"expanded":false}},{"category":"Pokémon","id":"ex9-98","illustrator":"Hikaru Koike","image":"https://assets.tcgdex.net/fr/ex/ex9/98","localId":"98","name":"Regice ex","rarity":"Rare","set":{"cardCount":{"official":106,"total":107},"id":"ex9","name":"EX Émeraude","symbol":"https://assets.tcgdex.net/univ/ex/ex9/symbol"},"variants":{"firstEdition":false,"holo":true,"normal":true,"reverse":true,"wPromo":false},"dexId":[378],"hp":100,"types":["Eau"],"suffix":"EX","attacks":[{"cost":["Eau"],"name":"Laser glace","effect":"Lancez une pièce. Si c'est face, le Pokémon Défenseur est maintenant Paralysé.","damage":10},{"cost":["Eau","Eau","Incolore"],"name":"Broyage d'iceberg","effect":"Si Regirock ex est en jeu, lancez une pièce. Si c'est face, défaussez une carte Énergie attachée au Pokémon Défenseur.","damage":40}],"weaknesses":[{"type":"Métal","value":"×2"}],"legal":{"standard":false,"expanded":false}},{"category":"Pokémon","id":"ex9-99","illustrator":"Hikaru Koike","image":"https://assets.tcgdex.net/fr/ex/ex9/99","localId":"99","name":"Regirock ex","rarity":"Rare","set":{"cardCount":{"official":106,"total":107},"id":"ex9","name":"EX Émeraude","symbol":"https://assets.tcgdex.net/univ/ex/ex9/symbol"},"variants":{"firstEdition":false,"holo":true,"normal":true,"reverse":true,"wPromo":false},"dexId":[377],"hp":110,"types":["Combat"],"suffix":"EX","attacks":[{"cost":["Incolore"],"name":"Réparation","effect":"Choisissez dans votre pile de défausse une carte Énergie  et attachez-la à Regirock ex. Retirez alors à Regirock ex 1 marqueur de dégât."},{"cost":["Combat","Combat","Incolore"],"name":"Broyage métallique","effect":"Si Registeel ex est en jeu, cette attaque inflige 40 dégâts plus 20 dégâts supplémentaires.","damage":"40+"}],"weaknesses":[{"type":"Eau","value":"×2"}],"legal":{"standard":false,"expanded":false}},{"category":"Pokémon","id":"ex9-100","illustrator":"Hikaru Koike","image":"https://assets.tcgdex.net/fr/ex/ex9/100","localId":"100","name":"Registeel ex","rarity":"Rare","set":{"cardCount":{"official":106,"total":107},"id":"ex9","name":"EX Émeraude","symbol":"https://assets.tcgdex.net/univ/ex/ex9/symbol"},"variants":{"firstEdition":false,"holo":true,"normal":true,"reverse":true,"wPromo":false},"dexId":[379],"hp":90,"types":["Métal"],"suffix":"EX","attacks":[{"cost":["Incolore"],"name":"Signal lumineux","effect":"Si Regice ex est en jeu, lancez une pièce. Si c'est face, le Pokémon Défenseur est maintenant Confus.","damage":10},{"cost":["Métal","Métal","Incolore"],"name":"Laser de grande envergure","effect":"Inflige 20 dégâts à chacun des Pokémon de votre adversaire. (Vous ne pouvez pas appliquer la Faiblesse et la Résistance aux Pokémon de Banc.)"}],"weaknesses":[{"type":"Feu","value":"×2"}],"legal":{"standard":false,"expanded":false}},{"category":"Énergie","id":"ex9-101","image":"https://assets.tcgdex.net/fr/ex/ex9/101","localId":"101","name":"Énergie Plante","rarity":"Rare","set":{"cardCount":{"official":106,"total":107},"id":"ex9","name":"EX Émeraude","symbol":"https://assets.tcgdex.net/univ/ex/ex9/symbol"},"variants":{"firstEdition":false,"holo":true,"normal":true,"reverse":true,"wPromo":false},"stage":"De base","energyType":"De base","legal":{"standard":false,"expanded":false}},{"category":"Énergie","id":"ex9-102","image":"https://assets.tcgdex.net/fr/ex/ex9/102","localId":"102","name":"Énergie Feu","rarity":"Rare","set":{"cardCount":{"official":106,"total":107},"id":"ex9","name":"EX Émeraude","symbol":"https://assets.tcgdex.net/univ/ex/ex9/symbol"},"variants":{"firstEdition":false,"holo":true,"normal":true,"reverse":true,"wPromo":false},"stage":"De base","energyType":"De base","legal":{"standard":false,"expanded":false}},{"category":"Énergie","id":"ex9-103","image":"https://assets.tcgdex.net/fr/ex/ex9/103","localId":"103","name":"Énergie Eau","rarity":"Rare","set":{"cardCount":{"official":106,"total":107},"id":"ex9","name":"EX Émeraude","symbol":"https://assets.tcgdex.net/univ/ex/ex9/symbol"},"variants":{"firstEdition":false,"holo":true,"normal":true,"reverse":true,"wPromo":false},"stage":"De base","energyType":"De base","legal":{"standard":false,"expanded":false}},{"category":"Énergie","id":"ex9-104","image":"https://assets.tcgdex.net/fr/ex/ex9/104","localId":"104","name":"Énergie Électrique","rarity":"Rare","set":{"cardCount":{"official":106,"total":107},"id":"ex9","name":"EX Émeraude","symbol":"https://assets.tcgdex.net/univ/ex/ex9/symbol"},"variants":{"firstEdition":false,"holo":true,"normal":true,"reverse":true,"wPromo":false},"stage":"De base","energyType":"De base","legal":{"standard":false,"expanded":false}},{"category":"Énergie","id":"ex9-105","image":"https://assets.tcgdex.net/fr/ex/ex9/105","localId":"105","name":"Énergie Psy","rarity":"Rare","set":{"cardCount":{"official":106,"total":107},"id":"ex9","name":"EX Émeraude","symbol":"https://assets.tcgdex.net/univ/ex/ex9/symbol"},"variants":{"firstEdition":false,"holo":true,"normal":true,"reverse":true,"wPromo":false},"stage":"De base","energyType":"De base","legal":{"standard":false,"expanded":false}},{"category":"Énergie","id":"ex9-106","image":"https://assets.tcgdex.net/fr/ex/ex9/106","localId":"106","name":"Énergie Combat","rarity":"Rare","set":{"cardCount":{"official":106,"total":107},"id":"ex9","name":"EX Émeraude","symbol":"https://assets.tcgdex.net/univ/ex/ex9/symbol"},"variants":{"firstEdition":false,"holo":true,"normal":true,"reverse":true,"wPromo":false},"stage":"De base","energyType":"De base","legal":{"standard":false,"expanded":false}},{"category":"Pokémon","id":"ex9-107","illustrator":"Masakazu Fukuda","image":"https://assets.tcgdex.net/fr/ex/ex9/107","localId":"107","name":"Canarticho","rarity":"Rare","set":{"cardCount":{"official":106,"total":107},"id":"ex9","name":"EX Émeraude","symbol":"https://assets.tcgdex.net/univ/ex/ex9/symbol"},"variants":{"firstEdition":false,"holo":true,"normal":true,"reverse":true,"wPromo":false},"dexId":[83],"hp":70,"types":["Incolore"],"stage":"De base","attacks":[{"cost":["Incolore"],"name":"Meneur","effect":"Piochez une carte."},{"cost":["Incolore","Incolore"],"name":"Descendre en piqué","effect":"Canarticho s'inflige 10 dégâts.","damage":30}],"weaknesses":[{"type":"Électrique","value":"×2"}],"resistances":[{"type":"Combat","value":"-20"}],"legal":{"standard":false,"expanded":false}}]