[{"category":"Pokémon","id":"ex16-1","illustrator":"Ken Sugimori","image":"https://assets.tcgdex.net/fr/ex/ex16/1","localId":"1","name":"Galeking","rarity":"Rare","set":{"cardCount":{"official":108,"total":108},"id":"ex16","name":"EX Gardiens du Pouvoir","symbol":"https://assets.tcgdex.net/univ/ex/ex16/symbol"},"variants":{"firstEdition":false,"holo":true,"normal":true,"reverse":true,"wPromo":false},"dexId":[306],"hp":110,"types":["Métal"],"stage":"Niveau 2","abilities":[{"type":"Poké-BODY","name":"Terraformage","effect":"Une seule fois lors de votre tour (avant votre attaque), vous pouvez regarder les 5 cartes du dessus de votre deck et les replacer au dessus de votre deck dans n'importe quel ordre. Ce pouvoir ne peut pas être utilisé si Galeking est affecté par un État Spécial."}],"attacks":[{"cost":["Incolore","Incolore","Incolore"],"name":"Griffe acier","damage":50},{"cost":["Métal","Métal","Incolore","Incolore"],"name":"Mélange","effect":"Votre adversaire défausse la carte du dessus de son deck.","damage":70}],"weaknesses":[{"type":"Feu","value":"×2"}],"resistances":[{"type":"Plante","value":"-30"}],"legal":{"standard":false,"expanded":false}},{"category":"Pokémon","id":"ex16-2","illustrator":"Ken Sugimori","image":"https://assets.tcgdex.net/fr/ex/ex16/2","localId":"2","name":"Altaria","rarity":"Rare","set":{"cardCount":{"official":108,"total":108},"id":"ex16","name":"EX Gardiens du Pouvoir","symbol":"https://assets.tcgdex.net/univ/ex/ex16/symbol"},"variants":{"firstEdition":false,"holo":true,"normal":true,"reverse":true,"wPromo":false},"dexId":[334],"hp":80,"types":["Incolore"],"stage":"Niveau 1","abilities":[{"type":"Poké-BODY","name":"Effet synergie","effect":"Si Stade d'Aragon est en jeu, retirez à Altaria un marqueur de dégât entre deux tours."}],"attacks":[{"cost":["Eau","Incolore"],"name":"Surprise","effect":"Choisissez sans regarder une carte de la main de votre adversaire. Regardez cette carte puis demandez à votre adversaire de la mélanger à son deck.","damage":30},{"cost":["Électrique","Incolore","Incolore"],"name":"Tornade","damage":50}],"weaknesses":[{"type":"Incolore","value":"×2"}],"resistances":[{"type":"Plante","value":"-30"},{"type":"Combat","value":"-30"}],"legal":{"standard":false,"expanded":false}},{"category":"Pokémon","id":"ex16-3","illustrator":"Ken Sugimori","image":"https://assets.tcgdex.net/fr/ex/ex16/3","localId":"3","name":"Armaldo","rarity":"Rare","set":{"cardCount":{"official":108,"total":108},"id":"ex16","name":"EX Gardiens du Pouvoir","symbol":"https://assets.tcgdex.net/univ/ex/ex16/symbol"},"variants":{"firstEdition":false,"holo":true,"normal":true,"reverse":true,"wPromo":false},"dexId":[348],"hp":120,"types":["Combat"],"stage":"Niveau 2","attacks":[{"cost":["Combat"],"name":"Boule roc","effect":"Défaussez jusqu'à 5 cartes Énergie  attachées à Armaldo. Pour chaque carte Énergie défaussée, choisissez des Pokémon en jeu de votre adversaire. Cette attaque inflige 20 dégâts à ces Pokémon. (Vous pouvez choisir le même Pokémon plus d'une fois.) Les dégâts de cette attaque ne sont pas affectés par la Faiblesse et la Résistance."},{"cost":["Incolore","Incolore","Incolore"],"name":"Mach-griffe","effect":"Les dégâts de cette attaque ne sont pas affectés par la Résistance.","damage":60}],"weaknesses":[{"type":"Plante","value":"×2"}],"legal":{"standard":false,"expanded":false}},{"category":"Pokémon","id":"ex16-4","illustrator":"Ken Sugimori","image":"https://assets.tcgdex.net/fr/ex/ex16/4","localId":"4","name":"Branette","rarity":"Rare","set":{"cardCount":{"official":108,"total":108},"id":"ex16","name":"EX Gardiens du Pouvoir","symbol":"https://assets.tcgdex.net/univ/ex/ex16/symbol"},"variants":{"firstEdition":false,"holo":true,"normal":true,"reverse":true,"wPromo":false},"dexId":[354],"hp":70,"types":["Psy"],"stage":"Niveau 1","attacks":[{"cost":["Psy","Incolore"],"name":"Rancune","effect":"Inflige 20 dégâts plus 10 dégâts supplémentaires pour chaque carte Récompense récoltée par votre adversaire.","damage":"20+"},{"cost":["Psy","Psy","Incolore"],"name":"Manipulation de Banc","effect":"Votre adversaire lance autant de pièces qu'il a de Pokémon de Banc. Cette attaque inflige 40 dégâts multipliés par le nombre de piles. Les dégâts de cette attaque ne sont pas affectés par la Faiblesse et la Résistance.","damage":"40×"}],"weaknesses":[{"type":"Obscurité","value":"×2"}],"resistances":[{"type":"Combat","value":"-30"}],"legal":{"standard":false,"expanded":false}},{"category":"Pokémon","id":"ex16-5","illustrator":"Masakazu Fukuda","image":"https://assets.tcgdex.net/fr/ex/ex16/5","localId":"5","name":"Brasegali","rarity":"Rare","set":{"cardCount":{"official":108,"total":108},"id":"ex16","name":"EX Gardiens du Pouvoir","symbol":"https://assets.tcgdex.net/univ/ex/ex16/symbol"},"variants":{"firstEdition":false,"holo":true,"normal":true,"reverse":true,"wPromo":false},"dexId":[257],"hp":100,"types":["Feu"],"stage":"Niveau 2","abilities":[{"type":"Poké-POWER","name":"Pyroteknik","effect":"Une seule fois lors de votre tour (avant votre attaque), vous pouvez attacher une carte Énergie  de votre pile de défausse à un de vos Pokémon de Banc. Ce pouvoir ne peut être utilisé si Brasegali est affecté par un État Spécial."}],"attacks":[{"cost":["Feu","Incolore","Incolore"],"name":"Courant de feu","effect":"Défaussez une carte Énergie  attachée à Brasegali. Cette attaque inflige 10 dégâts à chacun des Pokémon de Banc de votre adversaire. (Vous ne pouvez pas appliquer la Faiblesse et la Résistance aux Pokémon de Banc.)","damage":50}],"weaknesses":[{"type":"Eau","value":"×2"}],"legal":{"standard":false,"expanded":false}},{"category":"Pokémon","id":"ex16-6","illustrator":"Ken Sugimori","image":"https://assets.tcgdex.net/fr/ex/ex16/6","localId":"6","name":"Dracaufeu","rarity":"Rare","set":{"cardCount":{"official":108,"total":108},"id":"ex16","name":"EX Gardiens du Pouvoir","symbol":"https://assets.tcgdex.net/univ/ex/ex16/symbol"},"variants":{"firstEdition":false,"holo":true,"normal":true,"reverse":true,"wPromo":false},"dexId":[6],"hp":120,"types":["Feu"],"stage":"Niveau 2","attacks":[{"cost":["Feu"],"name":"Fournaise","damage":30},{"cost":["Feu","Feu","Incolore","Incolore"],"name":"Enfer explosif","effect":"Chaque Pokémon Défenseur est maintenant Brûlé.","damage":50}],"weaknesses":[{"type":"Eau","value":"×2"}],"legal":{"standard":false,"expanded":false}},{"category":"Pokémon","id":"ex16-7","illustrator":"Ken Sugimori","image":"https://assets.tcgdex.net/fr/ex/ex16/7","localId":"7","name":"Vacilys","rarity":"Rare","set":{"cardCount":{"official":108,"total":108},"id":"ex16","name":"EX Gardiens du Pouvoir","symbol":"https://assets.tcgdex.net/univ/ex/ex16/symbol"},"variants":{"firstEdition":false,"holo":true,"normal":true,"reverse":true,"wPromo":false},"dexId":[346],"hp":110,"types":["Plante"],"stage":"Niveau 2","abilities":[{"type":"Poké-POWER","name":"Appel à l'évolution","effect":"Une seule fois lors de votre tour, lorsque vous jouez Vacilys de votre main pour faire évoluer 1 de vos Pokémon, vous pouvez choisir dans votre deck n'importe quelle combinaison de jusqu'à 3 Pokémon de base ou cartes Évolution. Montrez-les à votre adversaire et placez-les dans votre main. Ensuite, mélangez votre deck."}],"attacks":[{"cost":["Plante","Plante","Incolore"],"name":"Anneau de poison","effect":"Le Pokémon Défenseur est maintenant Empoisonné. Le Pokémon Défenseur ne peut pas battre en retraite lors du prochain tour de votre adversaire.","damage":50}],"weaknesses":[{"type":"Feu","value":"×2"}],"legal":{"standard":false,"expanded":false}},{"category":"Pokémon","id":"ex16-8","illustrator":"Masakazu Fukuda","image":"https://assets.tcgdex.net/fr/ex/ex16/8","localId":"8","name":"Delcatty","rarity":"Rare","set":{"cardCount":{"official":108,"total":108},"id":"ex16","name":"EX Gardiens du Pouvoir","symbol":"https://assets.tcgdex.net/univ/ex/ex16/symbol"},"variants":{"firstEdition":false,"holo":true,"normal":true,"reverse":true,"wPromo":false},"dexId":[301],"hp":70,"types":["Incolore"],"stage":"Niveau 1","abilities":[{"type":"Poké-POWER","name":"Pioche d'énergie","effect":"Une seule fois lors de votre tour (avant votre attaque), vous pouvez défausser une carte Énergie de votre main. Ensuite, piochez jusqu'à 3 cartes de votre deck. Ce pouvoir ne peut pas être utilisé si Delcatty est affecté par un État Spécial."}],"attacks":[{"cost":["Incolore"],"name":"Source d'énergie maximale","effect":"Inflige 10 dégâts multipliés par le nombre d'Énergies attachées à tous vos Pokémon Actifs.","damage":"10×"}],"weaknesses":[{"type":"Combat","value":"×2"}],"legal":{"standard":false,"expanded":false}},{"category":"Pokémon","id":"ex16-9","illustrator":"Midori Harada","image":"https://assets.tcgdex.net/fr/ex/ex16/9","localId":"9","name":"Gardevoir","rarity":"Rare","set":{"cardCount":{"official":108,"total":108},"id":"ex16","name":"EX Gardiens du Pouvoir","symbol":"https://assets.tcgdex.net/univ/ex/ex16/symbol"},"variants":{"firstEdition":false,"holo":true,"normal":true,"reverse":true,"wPromo":false},"dexId":[282],"hp":100,"types":["Psy"],"stage":"Niveau 2","abilities":[{"type":"Poké-POWER","name":"Ombre Psy","effect":"Une seule fois lors de votre tour (avant votre attaque), vous pouvez chercher dans votre deck une carte Énergie  et l'attacher à 1 de vos Pokémon. Placez 2 marqueurs de dégât sur ce Pokémon. Ensuite, mélangez votre deck. Ce pouvoir ne peut pas être utilisé si Gardevoir est affecté par un État Spécial."}],"attacks":[{"cost":["Psy"],"name":"Explosion d'énergie","effect":"Inflige 10 dégâts multipliés par le nombre total d'Énergies attachées à Gardevoir et au Pokémon Défenseur.","damage":"10×"}],"weaknesses":[{"type":"Psy","value":"×2"}],"legal":{"standard":false,"expanded":false}},{"category":"Pokémon","id":"ex16-10","illustrator":"Ken Sugimori","image":"https://assets.tcgdex.net/fr/ex/ex16/10","localId":"10","name":"Kabutops","rarity":"Rare","set":{"cardCount":{"official":108,"total":108},"id":"ex16","name":"EX Gardiens du Pouvoir","symbol":"https://assets.tcgdex.net/univ/ex/ex16/symbol"},"variants":{"firstEdition":false,"holo":true,"normal":true,"reverse":true,"wPromo":false},"dexId":[141],"hp":110,"types":["Combat"],"stage":"Niveau 2","abilities":[{"type":"Poké-BODY","name":"Regard primitif","effect":"Tant que Kabutops est votre Pokémon Actif, votre adversaire ne peut pas jouer de cartes Pokémon de base ou de cartes Évolution de sa main pour faire évoluer son Pokémon Actif."}],"attacks":[{"cost":["Combat","Incolore"],"name":"Antenne trompeuse","effect":"Avant d'infliger des dégâts, vous pouvez choisir 1 des Pokémon de Banc de votre adversaire et l'échanger avec 1 des Pokémon Défenseurs. Cette attaque inflige alors 20 dégâts au nouveau Pokémon Défenseur. Votre adversaire choisit le Pokémon Défenseur à échanger.","damage":20},{"cost":["Combat","Combat","Incolore"],"name":"Pulvérisation aveuglante","damage":60}],"weaknesses":[{"type":"Plante","value":"×2"}],"legal":{"standard":false,"expanded":false}},{"category":"Pokémon","id":"ex16-11","illustrator":"Ken Sugimori","image":"https://assets.tcgdex.net/fr/ex/ex16/11","localId":"11","name":"Mackogneur","rarity":"Rare","set":{"cardCount":{"official":108,"total":108},"id":"ex16","name":"EX Gardiens du Pouvoir","symbol":"https://assets.tcgdex.net/univ/ex/ex16/symbol"},"variants":{"firstEdition":false,"holo":true,"normal":true,"reverse":true,"wPromo":false},"dexId":[68],"hp":120,"types":["Combat"],"stage":"Niveau 2","abilities":[{"type":"Poké-BODY","name":"Excès de zèle","effect":"Si votre adversaire possède des Pokémon-ex en jeu, chacune des attaques de Mackogneur inflige 30 dégâts supplémentaires au Pokémon Défenseur."}],"attacks":[{"cost":["Combat","Incolore"],"name":"Casse-Brique","effect":"Les dégâts de cette attaque ne sont pas affectés par la Résistance, les Poké-Powers, les Poké-Bodies ou tout autre effet sur le Pokémon Défenseur.","damage":40},{"cost":["Combat","Incolore","Incolore","Incolore"],"name":"Coup-croix","effect":"Lancez une pièce. Si c'est face, cette attaque inflige 60 dégâts plus 30 dégâts supplémentaires.","damage":"60+"}],"weaknesses":[{"type":"Psy","value":"×2"}],"legal":{"standard":false,"expanded":false}},{"category":"Pokémon","id":"ex16-12","illustrator":"Hajime Kusajima","image":"https://assets.tcgdex.net/fr/ex/ex16/12","localId":"12","name":"Raichu","rarity":"Rare","set":{"cardCount":{"official":108,"total":108},"id":"ex16","name":"EX Gardiens du Pouvoir","symbol":"https://assets.tcgdex.net/univ/ex/ex16/symbol"},"variants":{"firstEdition":false,"holo":true,"normal":true,"reverse":true,"wPromo":false},"dexId":[26],"hp":70,"types":["Électrique"],"stage":"Niveau 1","attacks":[{"cost":["Incolore"],"name":"Plasma","effect":"Cherchez dans votre pile de défausse une carte Énergie  et attachez-la à Raichu.","damage":10},{"cost":["Électrique","Électrique","Incolore"],"name":"Tonnerre","effect":"Défaussez toutes les cartes Énergie attachées à Raichu.","damage":100}],"weaknesses":[{"type":"Combat","value":"×2"}],"legal":{"standard":false,"expanded":false}},{"category":"Pokémon","id":"ex16-13","illustrator":"Midori Harada","image":"https://assets.tcgdex.net/fr/ex/ex16/13","localId":"13","name":"Monaflemit","rarity":"Rare","set":{"cardCount":{"official":108,"total":108},"id":"ex16","name":"EX Gardiens du Pouvoir","symbol":"https://assets.tcgdex.net/univ/ex/ex16/symbol"},"variants":{"firstEdition":false,"holo":true,"normal":true,"reverse":true,"wPromo":false},"dexId":[289],"hp":120,"types":["Incolore"],"stage":"Niveau 2","abilities":[{"type":"Poké-BODY","name":"Fainéant","effect":"Tant que Monaflemit est votre Pokémon Actif, les Pokémon de votre adversaire ne peuvent pas utiliser de Poké-Powers."}],"attacks":[{"cost":["Incolore","Incolore","Incolore","Incolore"],"name":"Mouvement décisif","effect":"Défaussez une carte Énergie de base attachée à Monaflemit ou cette attaque est sans effet. Monaflemit ne peut pas attaquer lors de votre prochain tour.","damage":100}],"weaknesses":[{"type":"Combat","value":"×2"}],"legal":{"standard":false,"expanded":false}},{"category":"Pokémon","id":"ex16-14","illustrator":"Ken Sugimori","image":"https://assets.tcgdex.net/fr/ex/ex16/14","localId":"14","name":"Teraclope","rarity":"Rare","set":{"cardCount":{"official":108,"total":108},"id":"ex16","name":"EX Gardiens du Pouvoir","symbol":"https://assets.tcgdex.net/univ/ex/ex16/symbol"},"variants":{"firstEdition":false,"holo":true,"normal":true,"reverse":true,"wPromo":false},"dexId":[356],"hp":80,"types":["Psy"],"stage":"Niveau 1","attacks":[{"cost":["Psy","Incolore"],"name":"Sombre-esprit","effect":"Inflige 20 dégâts à 1 des Pokémon de Banc de votre adversaire. (Vous ne pouvez pas appliquer la Faiblesse et la Résistance aux Pokémon de Banc.)","damage":20},{"cost":["Psy","Incolore","Incolore"],"name":"Lumière mystérieuse","effect":"Si Stade de Spectra est en jeu, le Pokémon Défenseur est maintenant Confus.","damage":50}],"weaknesses":[{"type":"Obscurité","value":"×2"}],"resistances":[{"type":"Combat","value":"-30"}],"legal":{"standard":false,"expanded":false}},{"category":"Pokémon","id":"ex16-15","illustrator":"Midori Harada","image":"https://assets.tcgdex.net/fr/ex/ex16/15","localId":"15","name":"Lanturn","rarity":"Rare","set":{"cardCount":{"official":108,"total":108},"id":"ex16","name":"EX Gardiens du Pouvoir","symbol":"https://assets.tcgdex.net/univ/ex/ex16/symbol"},"variants":{"firstEdition":false,"holo":true,"normal":true,"reverse":true,"wPromo":false},"dexId":[171],"hp":80,"types":["Électrique"],"stage":"Niveau 1","abilities":[{"type":"Poké-POWER","name":"Source d'Énergie","effect":"Une seule fois lors du tour de votre adversaire, lorsqu'1 de vos Pokémon est mis K.O par des attaques de votre adversaire, vous pouvez utiliser ce pouvoir. Choisissez une carte Énergie de base défaussée du Pokémon mis K.O et attachez-la à Lanturn. Vous ne pouvez pas utiliser plus d'1 Poké-Power Source d'Énergie par tour."}],"attacks":[{"cost":["Électrique","Électrique","Incolore"],"name":"Frap'éclair","effect":"Vous pouvez défausser toutes les Énergies  attachées à Lanturn. Les dégâts de base de cette attaque sont alors de 90 au lieu de 50.","damage":50}],"weaknesses":[{"type":"Combat","value":"×2"}],"legal":{"standard":false,"expanded":false}},{"category":"Pokémon","id":"ex16-16","illustrator":"Masakazu Fukuda","image":"https://assets.tcgdex.net/fr/ex/ex16/16","localId":"16","name":"Magneton","rarity":"Rare","set":{"cardCount":{"official":108,"total":108},"id":"ex16","name":"EX Gardiens du Pouvoir","symbol":"https://assets.tcgdex.net/univ/ex/ex16/symbol"},"variants":{"firstEdition":false,"holo":true,"normal":true,"reverse":true,"wPromo":false},"dexId":[82],"hp":70,"types":["Électrique"],"stage":"Niveau 1","abilities":[{"type":"Poké-POWER","name":"Champ magnétique","effect":"Une seule fois lors de votre tour (avant votre attaque), si vous possédez des cartes Énergie de base dans votre pile de défausse, vous pouvez défausser n'importe quelle carte de votre main. Choisissez alors jusqu'à 2 cartes Énergie de base dans votre pile de défausse, montrez-les à votre adversaire et placez-les dans votre main. Vous ne pouvez pas reprendre la carte que vous avez défaussée. Ce pouvoir ne peut pas être utilisé si Magneton est affecté par un État Spécial."}],"attacks":[{"cost":["Électrique","Incolore"],"name":"Force magnétique","effect":"Inflige 10 dégâts multipliés par le nombre d'Énergies attachées à tous vos Pokémon (Magneton inclus).","damage":"10×"}],"weaknesses":[{"type":"Combat","value":"×2"}],"resistances":[{"type":"Métal","value":"-30"}],"legal":{"standard":false,"expanded":false}},{"category":"Pokémon","id":"ex16-17","illustrator":"Ken Sugimori","image":"https://assets.tcgdex.net/fr/ex/ex16/17","localId":"17","name":"Mysdibule","rarity":"Rare","set":{"cardCount":{"official":108,"total":108},"id":"ex16","name":"EX Gardiens du Pouvoir","symbol":"https://assets.tcgdex.net/univ/ex/ex16/symbol"},"variants":{"firstEdition":false,"holo":true,"normal":true,"reverse":true,"wPromo":false},"dexId":[303],"hp":60,"types":["Métal"],"stage":"De base","attacks":[{"cost":["Incolore"],"name":"Appel à la famille","effect":"Cherchez dans votre deck un Pokémon de Base et placez-le sur votre Banc. Ensuite, mélangez votre deck."},{"cost":["Incolore","Incolore"],"name":"Arracher","effect":"Si votre adversaire possède au moins 5 cartes dans sa main, il doit défausser des cartes jusqu'à ce qu'il ne lui reste plus que 4 cartes en main.","damage":20}],"weaknesses":[{"type":"Feu","value":"×2"}],"resistances":[{"type":"Plante","value":"-30"}],"legal":{"standard":false,"expanded":false}},{"category":"Pokémon","id":"ex16-18","illustrator":"Midori Harada","image":"https://assets.tcgdex.net/fr/ex/ex16/18","localId":"18","name":"Grahyena","rarity":"Rare","set":{"cardCount":{"official":108,"total":108},"id":"ex16","name":"EX Gardiens du Pouvoir","symbol":"https://assets.tcgdex.net/univ/ex/ex16/symbol"},"variants":{"firstEdition":false,"holo":true,"normal":true,"reverse":true,"wPromo":false},"dexId":[262],"hp":70,"types":["Obscurité"],"stage":"Niveau 1","attacks":[{"cost":["Incolore","Incolore"],"name":"Pillage","effect":"Avant d'infliger des dégâts, défaussez toutes les cartes Dresseur attachées au Pokémon Défenseur.","damage":30},{"cost":["Obscurité","Obscurité","Incolore"],"name":"Explosion obscure","effect":"Si Stade de Damien est en jeu, cette attaque inflige 50 dégâts plus 20 dégâts supplémentaires.","damage":"50+"}],"weaknesses":[{"type":"Combat","value":"×2"}],"resistances":[{"type":"Psy","value":"-30"}],"legal":{"standard":false,"expanded":false}},{"category":"Pokémon","id":"ex16-19","illustrator":"Tomoaki Imakuni","image":"https://assets.tcgdex.net/fr/ex/ex16/19","localId":"19","name":"Feunard","rarity":"Rare","set":{"cardCount":{"official":108,"total":108},"id":"ex16","name":"EX Gardiens du Pouvoir","symbol":"https://assets.tcgdex.net/univ/ex/ex16/symbol"},"variants":{"firstEdition":false,"holo":true,"normal":true,"reverse":true,"wPromo":false},"dexId":[38],"hp":70,"types":["Feu"],"stage":"Niveau 1","abilities":[{"type":"Poké-BODY","name":"Rune protectrice","effect":"Prévenez tous les effets d'attaques, dégâts inclus, infligés à Feunard par les Pokémon-ex de votre adversaire."}],"attacks":[{"cost":["Incolore","Incolore"],"name":"Vive-attaque","effect":"Lancez une pièce. Si c'est face, cette attaque inflige 20 dégâts plus 20 dégâts supplémentaires.","damage":"20+"},{"cost":["Feu","Incolore","Incolore"],"name":"Feu follet","damage":50}],"weaknesses":[{"type":"Eau","value":"×2"}],"legal":{"standard":false,"expanded":false}},{"category":"Pokémon","id":"ex16-20","illustrator":"Ken Sugimori","image":"https://assets.tcgdex.net/fr/ex/ex16/20","localId":"20","name":"Amonistar","rarity":"Rare","set":{"cardCount":{"official":108,"total":108},"id":"ex16","name":"EX Gardiens du Pouvoir","symbol":"https://assets.tcgdex.net/univ/ex/ex16/symbol"},"variants":{"firstEdition":false,"holo":true,"normal":true,"reverse":true,"wPromo":false},"dexId":[139],"hp":110,"types":["Eau"],"stage":"Niveau 2","attacks":[{"cost":["Incolore"],"name":"Mise à terre","effect":"Si votre adversaire possède des Pokémon Évolués en jeu, retirez à chacun leur carte Évolution au niveau le plus élevé et replacez ces cartes dans sa main."},{"cost":["Incolore","Incolore"],"name":"Canon à O","effect":"Inflige 30 dégâts plus 20 dégâts supplémentaires pour chaque Énergie  attachée à Amonistar qui n'a pas été utilisée pour payer le coût en Énergie de cette attaque. Vous ne pouvez pas ajouter plus de 40 dégâts de cette façon.","damage":"30+"}],"weaknesses":[{"type":"Électrique","value":"×2"}],"legal":{"standard":false,"expanded":false}},{"category":"Pokémon","id":"ex16-21","illustrator":"Ken Sugimori","image":"https://assets.tcgdex.net/fr/ex/ex16/21","localId":"21","name":"Pichu","rarity":"Rare","set":{"cardCount":{"official":108,"total":108},"id":"ex16","name":"EX Gardiens du Pouvoir","symbol":"https://assets.tcgdex.net/univ/ex/ex16/symbol"},"variants":{"firstEdition":false,"holo":true,"normal":true,"reverse":true,"wPromo":false},"dexId":[172],"hp":50,"types":["Électrique"],"stage":"De base","abilities":[{"type":"Poké-POWER","name":"Évolution bébé","effect":"Une seule fois lors de votre tour (avant votre attaque), vous pouvez placer Pikachu de votre main sur Pichu (vous le faites ainsi évoluer) et retirer à Pichu tous ses marqueurs de dégât."}],"attacks":[{"cost":["Électrique"],"name":"Appel à l'aide","effect":"Cherchez dans votre deck un Pokémon  (Pokémon-ex exclus), montrez-le à votre adversaire et placez-le dans votre main. Ensuite, mélangez votre deck."}],"weaknesses":[{"type":"Combat","value":"×2"}],"legal":{"standard":false,"expanded":false}},{"category":"Pokémon","id":"ex16-22","illustrator":"Ken Sugimori","image":"https://assets.tcgdex.net/fr/ex/ex16/22","localId":"22","name":"Tenefix","rarity":"Rare","set":{"cardCount":{"official":108,"total":108},"id":"ex16","name":"EX Gardiens du Pouvoir","symbol":"https://assets.tcgdex.net/univ/ex/ex16/symbol"},"variants":{"firstEdition":false,"holo":true,"normal":true,"reverse":true,"wPromo":false},"dexId":[302],"hp":60,"types":["Psy"],"stage":"De base","abilities":[{"type":"Poké-BODY","name":"Effet synergie","effect":"Si Stade de Spectra est en jeu, prévenez tous les dégâts infligés à Tenefix par des attaques de Pokémon-ex de votre adversaire."}],"attacks":[{"cost":["Incolore"],"name":"Pioche du dessous","effect":"Piochez 2 cartes du dessous de votre deck."},{"cost":["Psy","Incolore"],"name":"Feinte","effect":"Choisissez 1 des Pokémon de votre adversaire. Cette attaque lui inflige 20 dégâts. Les dégâts de cette attaque ne sont pas affectés par la Faiblesse, la Résistance, les Poké-Powers, les Poké-Bodies ou tout autre effet sur ce Pokémon."}],"resistances":[{"type":"Incolore","value":"-30"}],"legal":{"standard":false,"expanded":false}},{"category":"Pokémon","id":"ex16-23","illustrator":"Midori Harada","image":"https://assets.tcgdex.net/fr/ex/ex16/23","localId":"23","name":"Seviper","rarity":"Rare","set":{"cardCount":{"official":108,"total":108},"id":"ex16","name":"EX Gardiens du Pouvoir","symbol":"https://assets.tcgdex.net/univ/ex/ex16/symbol"},"variants":{"firstEdition":false,"holo":true,"normal":true,"reverse":true,"wPromo":false},"dexId":[336],"hp":70,"types":["Plante"],"stage":"De base","attacks":[{"cost":["Plante"],"name":"Croc aiguisé","damage":10},{"cost":["Plante","Incolore","Incolore"],"name":"Toxik","effect":"Le Pokémon Défenseur est maintenant Empoisonné. Placez 2 marqueurs de dégât au lieu d'1 sur le Pokémon Défenseur entre deux tours."}],"weaknesses":[{"type":"Psy","value":"×2"}],"legal":{"standard":false,"expanded":false}},{"category":"Pokémon","id":"ex16-24","illustrator":"Masakazu Fukuda","image":"https://assets.tcgdex.net/fr/ex/ex16/24","localId":"24","name":"Qulbutoké","rarity":"Rare","set":{"cardCount":{"official":108,"total":108},"id":"ex16","name":"EX Gardiens du Pouvoir","symbol":"https://assets.tcgdex.net/univ/ex/ex16/symbol"},"variants":{"firstEdition":false,"holo":true,"normal":true,"reverse":true,"wPromo":false},"dexId":[202],"hp":80,"types":["Psy"],"stage":"De base","abilities":[{"type":"Poké-BODY","name":"Rune protectrice","effect":"Prévenez tous les effets d'attaques, dégâts inclus, infligés à Qulbutoké par les Pokémon-ex de votre adversaire."}],"attacks":[{"cost":["Psy","Incolore","Incolore"],"name":"Faire ressort","effect":"Qulbutoké s'inflige 10 dégâts. Vous ne pouvez pas appliquer la Faiblesse et la Résistance à ces dégâts.","damage":50}],"weaknesses":[{"type":"Psy","value":"×2"}],"legal":{"standard":false,"expanded":false}},{"category":"Pokémon","id":"ex16-25","illustrator":"Ken Sugimori","image":"https://assets.tcgdex.net/fr/ex/ex16/25","localId":"25","name":"Mangriff","rarity":"Rare","set":{"cardCount":{"official":108,"total":108},"id":"ex16","name":"EX Gardiens du Pouvoir","symbol":"https://assets.tcgdex.net/univ/ex/ex16/symbol"},"variants":{"firstEdition":false,"holo":true,"normal":true,"reverse":true,"wPromo":false},"dexId":[335],"hp":70,"types":["Incolore"],"stage":"De base","abilities":[{"type":"Poké-BODY","name":"Vaccin","effect":"Mangriff ne peut pas être affecté par des États Spéciaux."}],"attacks":[{"cost":["Incolore"],"name":"Appel à la famille","effect":"Choisissez dans votre deck jusqu'à 2 Pokémon de Base et placez-les sur votre Banc. Ensuite, mélangez votre deck."},{"cost":["Incolore","Incolore"],"name":"Griffes affûtées","effect":"Lancez une pièce. Si c'est face, cette attaque inflige 10 dégâts plus 20 dégâts supplémentaires.","damage":"10+"}],"weaknesses":[{"type":"Combat","value":"×2"}],"legal":{"standard":false,"expanded":false}},{"category":"Pokémon","id":"ex16-26","illustrator":"Midori Harada","image":"https://assets.tcgdex.net/fr/ex/ex16/26","localId":"26","name":"Anorith","rarity":"Peu Commune","set":{"cardCount":{"official":108,"total":108},"id":"ex16","name":"EX Gardiens du Pouvoir","symbol":"https://assets.tcgdex.net/univ/ex/ex16/symbol"},"variants":{"firstEdition":false,"holo":true,"normal":true,"reverse":true,"wPromo":false},"dexId":[347],"hp":70,"types":["Combat"],"stage":"Niveau 1","abilities":[{"type":"Poké-BODY","name":"Coquille dure","effect":"Tous dégâts infligés à Anorith par des attaques sont réduits de 10 (après application de la Faiblesse et de la Résistance)."}],"attacks":[{"cost":["Combat","Incolore"],"name":"Taillade","effect":"Lancez 3 pièces. S'il y a 1 face, cette attaque inflige 10 dégâts plus 10 dégâts supplémentaires. S'il y a 2 faces, cette attaque inflige 10 dégâts plus 30 dégâts supplémentaires. Si ce ne sont que des faces, cette attaque inflige 10 dégâts plus 50 dégâts supplémentaires.","damage":"10+"}],"weaknesses":[{"type":"Plante","value":"×2"}],"legal":{"standard":false,"expanded":false}},{"category":"Pokémon","id":"ex16-27","illustrator":"Ken Sugimori","image":"https://assets.tcgdex.net/fr/ex/ex16/27","localId":"27","name":"Cacturne","rarity":"Peu Commune","set":{"cardCount":{"official":108,"total":108},"id":"ex16","name":"EX Gardiens du Pouvoir","symbol":"https://assets.tcgdex.net/univ/ex/ex16/symbol"},"variants":{"firstEdition":false,"holo":true,"normal":true,"reverse":true,"wPromo":false},"dexId":[332],"hp":70,"types":["Obscurité"],"stage":"Niveau 1","abilities":[{"type":"Poké-POWER","name":"Structure poison","effect":"Une seule fois lors de votre tour (avant votre attaque), si Stade de Damien est en jeu, vous pouvez choisir 1 des Pokémon Défenseurs. Ce Pokémon est maintenant Empoisonné. Ce pouvoir ne peut pas être utilisé si Cacturne est affecté par un État Spécial."}],"attacks":[{"cost":["Incolore","Incolore","Incolore"],"name":"Dard-nuée","effect":"Lancez 4 pièces. Cette attaque inflige 20 dégâts multipliés par le nombre de faces.","damage":"20×"}],"weaknesses":[{"type":"Combat","value":"×2"}],"resistances":[{"type":"Psy","value":"-30"}],"legal":{"standard":false,"expanded":false}},{"category":"Pokémon","id":"ex16-28","illustrator":"Midori Harada","image":"https://assets.tcgdex.net/fr/ex/ex16/28","localId":"28","name":"Reptincel","rarity":"Peu Commune","set":{"cardCount":{"official":108,"total":108},"id":"ex16","name":"EX Gardiens du Pouvoir","symbol":"https://assets.tcgdex.net/univ/ex/ex16/symbol"},"variants":{"firstEdition":false,"holo":true,"normal":true,"reverse":true,"wPromo":false},"dexId":[5],"hp":70,"types":["Feu"],"stage":"Niveau 1","attacks":[{"cost":["Incolore"],"name":"Grimace","effect":"Lancez une pièce. Si c'est face, le Pokémon Défenseur ne peut pas attaquer ou battre en retraite lors du prochain tour de votre adversaire."},{"cost":["Feu","Feu","Incolore"],"name":"Queue de flammes","damage":50}],"weaknesses":[{"type":"Eau","value":"×2"}],"legal":{"standard":false,"expanded":false}},{"category":"Pokémon","id":"ex16-29","illustrator":"Atsuko Nishida","image":"https://assets.tcgdex.net/fr/ex/ex16/29","localId":"29","name":"Galifeu","rarity":"Peu Commune","set":{"cardCount":{"official":108,"total":108},"id":"ex16","name":"EX Gardiens du Pouvoir","symbol":"https://assets.tcgdex.net/univ/ex/ex16/symbol"},"variants":{"firstEdition":false,"holo":true,"normal":true,"reverse":true,"wPromo":false},"dexId":[256],"hp":80,"types":["Feu"],"stage":"Niveau 1","abilities":[{"type":"Poké-BODY","name":"Medic Nature","effect":"Lorsque vous attachez une carte Énergie  de votre main à Galifeu, retirez-lui tous ses États Spéciaux."}],"attacks":[{"cost":["Incolore","Incolore"],"name":"Coup rapide","effect":"Lancez une pièce. Si c'est pile, cette attaque est sans effet.","damage":50}],"weaknesses":[{"type":"Eau","value":"×2"}],"legal":{"standard":false,"expanded":false}},{"category":"Pokémon","id":"ex16-30","illustrator":"Ken Sugimori","image":"https://assets.tcgdex.net/fr/ex/ex16/30","localId":"30","name":"Oniglali","rarity":"Peu Commune","set":{"cardCount":{"official":108,"total":108},"id":"ex16","name":"EX Gardiens du Pouvoir","symbol":"https://assets.tcgdex.net/univ/ex/ex16/symbol"},"variants":{"firstEdition":false,"holo":true,"normal":true,"reverse":true,"wPromo":false},"dexId":[362],"hp":80,"types":["Eau"],"stage":"Niveau 1","abilities":[{"type":"Poké-BODY","name":"Effet synergie","effect":"Si Stade de Glacia est en jeu, tous dégâts infligés à Oniglali par des attaques de Pokémon de votre adversaire sont réduits de 30 (après application de la Faiblesse et de la Résistance)."}],"attacks":[{"cost":["Eau","Incolore"],"name":"Poudreuse","effect":"Le Pokémon Défenseur est maintenant Endormi.","damage":20},{"cost":["Eau","Incolore","Incolore"],"name":"Damoclès","effect":"Oniglali s'inflige 10 dégâts.","damage":60}],"weaknesses":[{"type":"Métal","value":"×2"}],"legal":{"standard":false,"expanded":false}},{"category":"Pokémon","id":"ex16-31","illustrator":"Sachiko Adachi","image":"https://assets.tcgdex.net/fr/ex/ex16/31","localId":"31","name":"Kirlia","rarity":"Peu Commune","set":{"cardCount":{"official":108,"total":108},"id":"ex16","name":"EX Gardiens du Pouvoir","symbol":"https://assets.tcgdex.net/univ/ex/ex16/symbol"},"variants":{"firstEdition":false,"holo":true,"normal":true,"reverse":true,"wPromo":false},"dexId":[281],"hp":70,"types":["Psy"],"stage":"Niveau 1","attacks":[{"cost":["Incolore"],"name":"Hypnose","effect":"Le Pokémon Défenseur est maintenant Endormi."},{"cost":["Psy","Incolore"],"name":"Dévorêve","effect":"Si le Pokémon Défenseur n'est pas Endormi, cette attaque est sans effet.","damage":50}],"weaknesses":[{"type":"Psy","value":"×2"}],"legal":{"standard":false,"expanded":false}},{"category":"Pokémon","id":"ex16-32","illustrator":"Sachiko Adachi","image":"https://assets.tcgdex.net/fr/ex/ex16/32","localId":"32","name":"Galegon","rarity":"Peu Commune","set":{"cardCount":{"official":108,"total":108},"id":"ex16","name":"EX Gardiens du Pouvoir","symbol":"https://assets.tcgdex.net/univ/ex/ex16/symbol"},"variants":{"firstEdition":false,"holo":true,"normal":true,"reverse":true,"wPromo":false},"dexId":[305],"hp":70,"types":["Métal"],"stage":"Niveau 1","attacks":[{"cost":["Métal","Incolore"],"name":"Tête de granit","effect":"Lors du prochain tour de votre adversaire, tous dégâts infligés à Galegon par des attaques sont réduits de 10 (après application de la Faiblesse et de la Résistance).","damage":20},{"cost":["Incolore","Incolore","Incolore"],"name":"Écrasement","effect":"Lancez une pièce. Si c'est face, cette attaque inflige 30 dégâts plus 20 dégâts supplémentaires.","damage":"30+"}],"weaknesses":[{"type":"Feu","value":"×2"}],"resistances":[{"type":"Plante","value":"-30"}],"legal":{"standard":false,"expanded":false}},{"category":"Pokémon","id":"ex16-33","illustrator":"Ken Sugimori","image":"https://assets.tcgdex.net/fr/ex/ex16/33","localId":"33","name":"Machopeur","rarity":"Peu Commune","set":{"cardCount":{"official":108,"total":108},"id":"ex16","name":"EX Gardiens du Pouvoir","symbol":"https://assets.tcgdex.net/univ/ex/ex16/symbol"},"variants":{"firstEdition":false,"holo":true,"normal":true,"reverse":true,"wPromo":false},"dexId":[67],"hp":80,"types":["Combat"],"stage":"Niveau 1","attacks":[{"cost":["Incolore"],"name":"Poing énergétique","effect":"Lancez une pièce. Si c'est face, cette attaque inflige 10 dégâts plus 20 dégâts supplémentaires.","damage":"10+"},{"cost":["Combat","Incolore","Incolore"],"name":"Ultimawashi","damage":50}],"weaknesses":[{"type":"Psy","value":"×2"}],"legal":{"standard":false,"expanded":false}},{"category":"Pokémon","id":"ex16-34","illustrator":"Tomoaki Imakuni","image":"https://assets.tcgdex.net/fr/ex/ex16/34","localId":"34","name":"Charmina","rarity":"Peu Commune","set":{"cardCount":{"official":108,"total":108},"id":"ex16","name":"EX Gardiens du Pouvoir","symbol":"https://assets.tcgdex.net/univ/ex/ex16/symbol"},"variants":{"firstEdition":false,"holo":true,"normal":true,"reverse":true,"wPromo":false},"dexId":[308],"hp":80,"types":["Combat"],"stage":"Niveau 1","abilities":[{"type":"Poké-BODY","name":"Aura énergique","effect":"Tant que Charmina est votre Pokémon Actif, les attaques des Pokémon Actifs de chaque joueur infligent 10 dégâts supplémentaires aux Pokémon Actifs (avant application de la Faiblesse et de la Résistance)."}],"attacks":[{"cost":["Incolore","Incolore"],"name":"Koud'poing","damage":30},{"cost":["Combat","Combat","Incolore"],"name":"Mawashi Geri","effect":"Lancez une pièce. Si c'est face, le Pokémon Défenseur est maintenant Paralysé.","damage":40}],"weaknesses":[{"type":"Psy","value":"×2"}],"legal":{"standard":false,"expanded":false}},{"category":"Pokémon","id":"ex16-35","illustrator":"Tomokazu Komiya","image":"https://assets.tcgdex.net/fr/ex/ex16/35","localId":"35","name":"Metang","rarity":"Peu Commune","set":{"cardCount":{"official":108,"total":108},"id":"ex16","name":"EX Gardiens du Pouvoir","symbol":"https://assets.tcgdex.net/univ/ex/ex16/symbol"},"variants":{"firstEdition":false,"holo":true,"normal":true,"reverse":true,"wPromo":false},"dexId":[375],"hp":80,"types":["Métal"],"stage":"Niveau 1","abilities":[{"type":"Poké-BODY","name":"Corps sain","effect":"Metang ne peut pas être affecté par des États Spéciaux."}],"attacks":[{"cost":["Métal","Incolore"],"name":"Poing météore","effect":"Lors de votre prochain tour, Poing météore inflige 30 dégâts plus 30 dégâts supplémentaires.","damage":"30+"}],"weaknesses":[{"type":"Feu","value":"×2"}],"resistances":[{"type":"Plante","value":"-30"}],"legal":{"standard":false,"expanded":false}},{"category":"Pokémon","id":"ex16-36","illustrator":"Hajime Kusajima","image":"https://assets.tcgdex.net/fr/ex/ex16/36","localId":"36","name":"Pifeuil","rarity":"Peu Commune","set":{"cardCount":{"official":108,"total":108},"id":"ex16","name":"EX Gardiens du Pouvoir","symbol":"https://assets.tcgdex.net/univ/ex/ex16/symbol"},"variants":{"firstEdition":false,"holo":true,"normal":true,"reverse":true,"wPromo":false},"dexId":[274],"hp":70,"types":["Obscurité"],"stage":"Niveau 1","attacks":[{"cost":["Incolore"],"name":"Bluff","effect":"Lancez une pièce. Si c'est face, le Pokémon Défenseur est maintenant Paralysé.","damage":10},{"cost":["Obscurité","Incolore","Incolore"],"name":"Gifle douce","damage":40}],"weaknesses":[{"type":"Combat","value":"×2"}],"resistances":[{"type":"Psy","value":"-30"}],"legal":{"standard":false,"expanded":false}},{"category":"Pokémon","id":"ex16-37","illustrator":"Ken Sugimori","image":"https://assets.tcgdex.net/fr/ex/ex16/37","localId":"37","name":"Phogleur","rarity":"Peu Commune","set":{"cardCount":{"official":108,"total":108},"id":"ex16","name":"EX Gardiens du Pouvoir","symbol":"https://assets.tcgdex.net/univ/ex/ex16/symbol"},"variants":{"firstEdition":false,"holo":true,"normal":true,"reverse":true,"wPromo":false},"dexId":[364],"hp":70,"types":["Eau"],"stage":"Niveau 1","attacks":[{"cost":["Eau","Incolore"],"name":"Laser glace","effect":"Lancez une pièce. Si c'est face, le Pokémon Défenseur est maintenant Paralysé.","damage":20}],"weaknesses":[{"type":"Électrique","value":"×2"}],"legal":{"standard":false,"expanded":false}},{"category":"Pokémon","id":"ex16-38","illustrator":"Midori Harada","image":"https://assets.tcgdex.net/fr/ex/ex16/38","localId":"38","name":"Sharpedo","rarity":"Peu Commune","set":{"cardCount":{"official":108,"total":108},"id":"ex16","name":"EX Gardiens du Pouvoir","symbol":"https://assets.tcgdex.net/univ/ex/ex16/symbol"},"variants":{"firstEdition":false,"holo":true,"normal":true,"reverse":true,"wPromo":false},"dexId":[319],"hp":70,"types":["Obscurité"],"stage":"Niveau 1","attacks":[{"cost":["Obscurité","Incolore"],"name":"Mâchoire serrée","effect":"Lancez une pièce. Si c'est face, le Pokémon Défenseur est maintenant Paralysé.","damage":20},{"cost":["Obscurité","Incolore","Incolore"],"name":"Recharge obscurité","effect":"Placez 1 marqueur de dégât sur Sharpedo.","damage":50}],"weaknesses":[{"type":"Plante","value":"×2"}],"resistances":[{"type":"Psy","value":"-30"}],"legal":{"standard":false,"expanded":false}},{"category":"Pokémon","id":"ex16-39","illustrator":"Midori Harada","image":"https://assets.tcgdex.net/fr/ex/ex16/39","localId":"39","name":"Drackhaus","rarity":"Peu Commune","set":{"cardCount":{"official":108,"total":108},"id":"ex16","name":"EX Gardiens du Pouvoir","symbol":"https://assets.tcgdex.net/univ/ex/ex16/symbol"},"variants":{"firstEdition":false,"holo":true,"normal":true,"reverse":true,"wPromo":false},"dexId":[372],"hp":80,"types":["Incolore"],"stage":"Niveau 1","attacks":[{"cost":["Feu","Incolore"],"name":"Frénésie","effect":"Inflige 10 dégâts plus 10 dégâts supplémentaires pour chaque marqueur de dégât sur Drackhaus.","damage":"10+"},{"cost":["Eau","Incolore","Incolore"],"name":"Roulé-boulé","damage":40}],"weaknesses":[{"type":"Incolore","value":"×2"}],"resistances":[{"type":"Feu","value":"-30"},{"type":"Combat","value":"-30"}],"legal":{"standard":false,"expanded":false}},{"category":"Pokémon","id":"ex16-40","illustrator":"Mitsuhiro Arita","image":"https://assets.tcgdex.net/fr/ex/ex16/40","localId":"40","name":"Vibraninf","rarity":"Peu Commune","set":{"cardCount":{"official":108,"total":108},"id":"ex16","name":"EX Gardiens du Pouvoir","symbol":"https://assets.tcgdex.net/univ/ex/ex16/symbol"},"variants":{"firstEdition":false,"holo":true,"normal":true,"reverse":true,"wPromo":false},"dexId":[329],"hp":80,"types":["Incolore"],"stage":"Niveau 1","attacks":[{"cost":["Incolore","Incolore"],"name":"Collision","damage":20},{"cost":["Plante","Électrique","Incolore"],"name":"Dracosouffle","effect":"Lancez une pièce. Si c'est pile, cette attaque est sans effet. Si c'est face, le Pokémon Défenseur est maintenant Paralysé.","damage":60}],"weaknesses":[{"type":"Incolore","value":"×2"}],"resistances":[{"type":"Électrique","value":"-30"},{"type":"Combat","value":"-30"}],"legal":{"standard":false,"expanded":false}},{"category":"Pokémon","id":"ex16-41","illustrator":"Hajime Kusajima","image":"https://assets.tcgdex.net/fr/ex/ex16/41","localId":"41","name":"Vigoroth","rarity":"Peu Commune","set":{"cardCount":{"official":108,"total":108},"id":"ex16","name":"EX Gardiens du Pouvoir","symbol":"https://assets.tcgdex.net/univ/ex/ex16/symbol"},"variants":{"firstEdition":false,"holo":true,"normal":true,"reverse":true,"wPromo":false},"dexId":[288],"hp":70,"types":["Incolore"],"stage":"Niveau 1","abilities":[{"type":"Poké-BODY","name":"Contre-attaque","effect":"Si Vigoroth est votre Pokémon Actif et qu'une attaque de votre adversaire lui inflige des dégâts (même si Vigoroth est mis K.O), placez 1 marqueur de dégât sur le Pokémon Attaquant."}],"attacks":[{"cost":["Incolore","Incolore"],"name":"Embuscade","effect":"Lancez une pièce. Si c'est face, cette attaque inflige 20 dégâts plus 20 dégâts supplémentaires.","damage":"20+"}],"weaknesses":[{"type":"Combat","value":"×2"}],"legal":{"standard":false,"expanded":false}},{"category":"Pokémon","id":"ex16-42","illustrator":"Tomokazu Komiya","image":"https://assets.tcgdex.net/fr/ex/ex16/42","localId":"42","name":"Galekid","rarity":"Commune","set":{"cardCount":{"official":108,"total":108},"id":"ex16","name":"EX Gardiens du Pouvoir","symbol":"https://assets.tcgdex.net/univ/ex/ex16/symbol"},"variants":{"firstEdition":false,"holo":true,"normal":true,"reverse":true,"wPromo":false},"dexId":[304],"hp":50,"types":["Métal"],"stage":"De base","attacks":[{"cost":["Incolore"],"name":"Trou profond","effect":"Choisissez dans votre pile de défausse une carte Énergie, montrez-la à votre adversaire et placez-la dans votre main."},{"cost":["Métal","Incolore"],"name":"Charge","damage":20}],"weaknesses":[{"type":"Feu","value":"×2"}],"resistances":[{"type":"Plante","value":"-30"}],"legal":{"standard":false,"expanded":false}},{"category":"Pokémon","id":"ex16-43","illustrator":"Midori Harada","image":"https://assets.tcgdex.net/fr/ex/ex16/43","localId":"43","name":"Draby","rarity":"Commune","set":{"cardCount":{"official":108,"total":108},"id":"ex16","name":"EX Gardiens du Pouvoir","symbol":"https://assets.tcgdex.net/univ/ex/ex16/symbol"},"variants":{"firstEdition":false,"holo":true,"normal":true,"reverse":true,"wPromo":false},"dexId":[371],"hp":50,"types":["Incolore"],"stage":"De base","attacks":[{"cost":["Incolore"],"name":"Représailles","effect":"Inflige 10 dégâts multipliés par le nombre de marqueurs de dégât sur Draby.","damage":"10×"}],"weaknesses":[{"type":"Incolore","value":"×2"}],"resistances":[{"type":"Feu","value":"-30"},{"type":"Combat","value":"-30"}],"legal":{"standard":false,"expanded":false}},{"category":"Pokémon","id":"ex16-44","illustrator":"Mitsuhiro Arita","image":"https://assets.tcgdex.net/fr/ex/ex16/44","localId":"44","name":"Balbuto","rarity":"Commune","set":{"cardCount":{"official":108,"total":108},"id":"ex16","name":"EX Gardiens du Pouvoir","symbol":"https://assets.tcgdex.net/univ/ex/ex16/symbol"},"variants":{"firstEdition":false,"holo":true,"normal":true,"reverse":true,"wPromo":false},"dexId":[343],"hp":50,"types":["Psy"],"stage":"De base","attacks":[{"cost":["Psy"],"name":"Rafale psy","effect":"Lancez une pièce. Si c'est face, le Pokémon Défenseur est maintenant Confus.","damage":10},{"cost":["Incolore","Incolore"],"name":"Attaque tournante","damage":20}],"weaknesses":[{"type":"Psy","value":"×2"}],"legal":{"standard":false,"expanded":false}},{"category":"Pokémon","id":"ex16-45","illustrator":"Midori Harada","image":"https://assets.tcgdex.net/fr/ex/ex16/45","localId":"45","name":"Terhal","rarity":"Commune","set":{"cardCount":{"official":108,"total":108},"id":"ex16","name":"EX Gardiens du Pouvoir","symbol":"https://assets.tcgdex.net/univ/ex/ex16/symbol"},"variants":{"firstEdition":false,"holo":true,"normal":true,"reverse":true,"wPromo":false},"dexId":[374],"hp":50,"types":["Métal"],"stage":"De base","attacks":[{"cost":["Métal"],"name":"Lignes magnétiques","effect":"Lancez une pièce. Si c'est face, déplacez une carte Énergie de base du Pokémon Défenseur sur un autre des Pokémon de votre adversaire. (Ignorez cet effet si votre adversaire ne possède qu'1 Pokémon.)","damage":10}],"weaknesses":[{"type":"Feu","value":"×2"}],"resistances":[{"type":"Plante","value":"-30"}],"legal":{"standard":false,"expanded":false}},{"category":"Pokémon","id":"ex16-46","illustrator":"Hajime Kusajima","image":"https://assets.tcgdex.net/fr/ex/ex16/46","localId":"46","name":"Cacnea","rarity":"Commune","set":{"cardCount":{"official":108,"total":108},"id":"ex16","name":"EX Gardiens du Pouvoir","symbol":"https://assets.tcgdex.net/univ/ex/ex16/symbol"},"variants":{"firstEdition":false,"holo":true,"normal":true,"reverse":true,"wPromo":false},"dexId":[331],"hp":50,"types":["Plante"],"stage":"De base","attacks":[{"cost":["Incolore"],"name":"Feinte","effect":"Choisissez 1 des Pokémon de votre adversaire. Cette attaque lui inflige 10 dégâts. Les dégâts de cette attaque ne sont pas affectés par la Faiblesse, la Résistance, les Poké-Powers, les Poké-Bodies ou tout autre effet sur ce Pokémon."}],"weaknesses":[{"type":"Feu","value":"×2"}],"legal":{"standard":false,"expanded":false}},{"category":"Pokémon","id":"ex16-47","illustrator":"Ken Sugimori","image":"https://assets.tcgdex.net/fr/ex/ex16/47","localId":"47","name":"Carvanha","rarity":"Commune","set":{"cardCount":{"official":108,"total":108},"id":"ex16","name":"EX Gardiens du Pouvoir","symbol":"https://assets.tcgdex.net/univ/ex/ex16/symbol"},"variants":{"firstEdition":false,"holo":true,"normal":true,"reverse":true,"wPromo":false},"dexId":[318],"hp":40,"types":["Obscurité"],"stage":"De base","abilities":[{"type":"Poké-BODY","name":"Peau dure","effect":"Si Carvanha est votre Pokémon Actif et qu'une attaque de votre adversaire lui inflige des dégâts (même si Carvanha est mis K.O), placez 1 marqueur de dégât sur le Pokémon Attaquant."}],"attacks":[{"cost":["Obscurité","Incolore"],"name":"Rogne","damage":20}],"weaknesses":[{"type":"Plante","value":"×2"}],"resistances":[{"type":"Psy","value":"-30"}],"legal":{"standard":false,"expanded":false}},{"category":"Pokémon","id":"ex16-48","illustrator":"Sachiko Adachi","image":"https://assets.tcgdex.net/fr/ex/ex16/48","localId":"48","name":"Salamèche","rarity":"Commune","set":{"cardCount":{"official":108,"total":108},"id":"ex16","name":"EX Gardiens du Pouvoir","symbol":"https://assets.tcgdex.net/univ/ex/ex16/symbol"},"variants":{"firstEdition":false,"holo":true,"normal":true,"reverse":true,"wPromo":false},"dexId":[4],"hp":50,"types":["Feu"],"stage":"De base","attacks":[{"cost":["Feu"],"name":"Brouillard","effect":"Si le Pokémon Défenseur essaye d'attaquer lors du prochain tour de votre adversaire, celui-ci lance une pièce. Si c'est pile, cette attaque est sans effet.","damage":10}],"weaknesses":[{"type":"Eau","value":"×2"}],"legal":{"standard":false,"expanded":false}},{"category":"Pokémon","id":"ex16-49","illustrator":"Mitsuhiro Arita","image":"https://assets.tcgdex.net/fr/ex/ex16/49","localId":"49","name":"Loupio","rarity":"Commune","set":{"cardCount":{"official":108,"total":108},"id":"ex16","name":"EX Gardiens du Pouvoir","symbol":"https://assets.tcgdex.net/univ/ex/ex16/symbol"},"variants":{"firstEdition":false,"holo":true,"normal":true,"reverse":true,"wPromo":false},"dexId":[170],"hp":50,"types":["Électrique"],"stage":"De base","attacks":[{"cost":["Électrique"],"name":"Ion positif","effect":"Lancez une pièce. Si c'est face, cette attaque inflige 10 dégâts plus 10 dégâts supplémentaires.","damage":"10+"},{"cost":["Incolore","Incolore"],"name":"Ion négatif","effect":"Lors du prochain tour de votre adversaire, tous dégâts infligés par des attaques du Pokémon Défenseur sont réduits de 10 (avant application de la Faiblesse et de la Résistance).","damage":10}],"weaknesses":[{"type":"Combat","value":"×2"}],"legal":{"standard":false,"expanded":false}},{"category":"Pokémon","id":"ex16-50","illustrator":"Ken Sugimori","image":"https://assets.tcgdex.net/fr/ex/ex16/50","localId":"50","name":"Skélénox","rarity":"Commune","set":{"cardCount":{"official":108,"total":108},"id":"ex16","name":"EX Gardiens du Pouvoir","symbol":"https://assets.tcgdex.net/univ/ex/ex16/symbol"},"variants":{"firstEdition":false,"holo":true,"normal":true,"reverse":true,"wPromo":false},"dexId":[355],"hp":50,"types":["Psy"],"stage":"De base","attacks":[{"cost":["Psy","Incolore"],"name":"Attaque surprise","effect":"Lancez une pièce. Si c'est pile, cette attaque est sans effet.","damage":30}],"weaknesses":[{"type":"Obscurité","value":"×2"}],"resistances":[{"type":"Combat","value":"-30"}],"legal":{"standard":false,"expanded":false}},{"category":"Pokémon","id":"ex16-51","illustrator":"Ken Sugimori","image":"https://assets.tcgdex.net/fr/ex/ex16/51","localId":"51","name":"Kabuto","rarity":"Commune","set":{"cardCount":{"official":108,"total":108},"id":"ex16","name":"EX Gardiens du Pouvoir","symbol":"https://assets.tcgdex.net/univ/ex/ex16/symbol"},"variants":{"firstEdition":false,"holo":true,"normal":true,"reverse":true,"wPromo":false},"dexId":[140],"hp":60,"types":["Combat"],"stage":"Niveau 1","attacks":[{"cost":["Incolore"],"name":"Évolution fulgurante","effect":"Choisissez dans votre deck une carte Évolution, montrez-la à votre adversaire et placez-la dans votre main. Ensuite, mélangez votre deck."},{"cost":["Combat","Incolore"],"name":"Double écorchure","effect":"Lancez 2 pièces. Cette attaque inflige 20 dégâts multipliés par le nombre de faces.","damage":"20×"}],"weaknesses":[{"type":"Plante","value":"×2"}],"legal":{"standard":false,"expanded":false}},{"category":"Pokémon","id":"ex16-52","illustrator":"Hajime Kusajima","image":"https://assets.tcgdex.net/fr/ex/ex16/52","localId":"52","name":"Lilia","rarity":"Commune","set":{"cardCount":{"official":108,"total":108},"id":"ex16","name":"EX Gardiens du Pouvoir","symbol":"https://assets.tcgdex.net/univ/ex/ex16/symbol"},"variants":{"firstEdition":false,"holo":true,"normal":true,"reverse":true,"wPromo":false},"dexId":[345],"hp":80,"types":["Plante"],"stage":"Niveau 1","attacks":[{"cost":["Plante","Incolore"],"name":"Surprise","effect":"Choisissez sans regarder 1 carte de la main de votre adversaire. Regardez-la puis demandez à votre adversaire de la mélanger à son deck.","damage":20},{"cost":["Plante","Incolore","Incolore"],"name":"Acide","effect":"Le Pokémon Défenseur ne peut pas battre en retraite lors du prochain tour de votre adversaire.","damage":40}],"weaknesses":[{"type":"Feu","value":"×2"}],"legal":{"standard":false,"expanded":false}},{"category":"Pokémon","id":"ex16-53","illustrator":"Ken Sugimori","image":"https://assets.tcgdex.net/fr/ex/ex16/53","localId":"53","name":"Machoc","rarity":"Commune","set":{"cardCount":{"official":108,"total":108},"id":"ex16","name":"EX Gardiens du Pouvoir","symbol":"https://assets.tcgdex.net/univ/ex/ex16/symbol"},"variants":{"firstEdition":false,"holo":true,"normal":true,"reverse":true,"wPromo":false},"dexId":[66],"hp":50,"types":["Combat"],"stage":"De base","attacks":[{"cost":["Incolore"],"name":"Poing écrasant","effect":"Lancez une pièce. Si c'est pile, cette attaque est sans effet.","damage":20},{"cost":["Combat","Incolore"],"name":"Sacrifice","effect":"Machoc s'inflige 10 dégâts.","damage":30}],"weaknesses":[{"type":"Psy","value":"×2"}],"legal":{"standard":false,"expanded":false}},{"category":"Pokémon","id":"ex16-54","illustrator":"Hajime Kusajima","image":"https://assets.tcgdex.net/fr/ex/ex16/54","localId":"54","name":"Magneti","rarity":"Commune","set":{"cardCount":{"official":108,"total":108},"id":"ex16","name":"EX Gardiens du Pouvoir","symbol":"https://assets.tcgdex.net/univ/ex/ex16/symbol"},"variants":{"firstEdition":false,"holo":true,"normal":true,"reverse":true,"wPromo":false},"dexId":[81],"hp":50,"types":["Électrique"],"stage":"De base","attacks":[{"cost":["Incolore"],"name":"Collision","damage":10},{"cost":["Électrique","Incolore"],"name":"Étincelle","effect":"Inflige 10 dégâts à 1 des Pokémon de Banc de votre adversaire. (Vous ne pouvez pas appliquer la Faiblesse et la Résistance aux Pokémon de Banc.)","damage":20}],"weaknesses":[{"type":"Combat","value":"×2"}],"resistances":[{"type":"Métal","value":"-30"}],"legal":{"standard":false,"expanded":false}},{"category":"Pokémon","id":"ex16-55","illustrator":"Midori Harada","image":"https://assets.tcgdex.net/fr/ex/ex16/55","localId":"55","name":"Meditikka","rarity":"Commune","set":{"cardCount":{"official":108,"total":108},"id":"ex16","name":"EX Gardiens du Pouvoir","symbol":"https://assets.tcgdex.net/univ/ex/ex16/symbol"},"variants":{"firstEdition":false,"holo":true,"normal":true,"reverse":true,"wPromo":false},"dexId":[307],"hp":40,"types":["Combat"],"stage":"De base","attacks":[{"cost":["Psy"],"name":"Choc psy","effect":"Lancez une pièce. Si c'est face, le Pokémon Défenseur est maintenant Paralysé.","damage":10},{"cost":["Combat"],"name":"Coup-croix","effect":"Lancez une pièce. Si c'est face, cette attaque inflige 10 dégâts plus 10 dégâts supplémentaires.","damage":"10+"}],"weaknesses":[{"type":"Psy","value":"×2"}],"legal":{"standard":false,"expanded":false}},{"category":"Pokémon","id":"ex16-56","illustrator":"Ken Sugimori","image":"https://assets.tcgdex.net/fr/ex/ex16/56","localId":"56","name":"Amonita","rarity":"Commune","set":{"cardCount":{"official":108,"total":108},"id":"ex16","name":"EX Gardiens du Pouvoir","symbol":"https://assets.tcgdex.net/univ/ex/ex16/symbol"},"variants":{"firstEdition":false,"holo":true,"normal":true,"reverse":true,"wPromo":false},"dexId":[138],"hp":70,"types":["Eau"],"stage":"Niveau 1","attacks":[{"cost":["Eau"],"name":"Influencer","effect":"Cherchez dans votre deck Amonita, Kabuto, Ptera, Lilia ou Anorith et placez 2 d'entre eux sur votre Banc. Ensuite, mélangez votre deck. Traitez les nouveaux Pokémon de Banc comme des Pokémon de base."},{"cost":["Incolore","Incolore"],"name":"Tir de boue","damage":20}],"weaknesses":[{"type":"Électrique","value":"×2"}],"legal":{"standard":false,"expanded":false}},{"category":"Pokémon","id":"ex16-57","illustrator":"Kagemaru Himeno","image":"https://assets.tcgdex.net/fr/ex/ex16/57","localId":"57","name":"Pikachu","rarity":"Commune","set":{"cardCount":{"official":108,"total":108},"id":"ex16","name":"EX Gardiens du Pouvoir","symbol":"https://assets.tcgdex.net/univ/ex/ex16/symbol"},"variants":{"firstEdition":false,"holo":true,"normal":true,"reverse":true,"wPromo":false},"dexId":[25],"hp":40,"types":["Électrique"],"stage":"De base","attacks":[{"cost":["Électrique"],"name":"Recharge","effect":"Cherchez dans votre pile de défausse une carte Énergie  et attachez-la à Pikachu."},{"cost":["Incolore","Incolore"],"name":"Souplesse","effect":"Lancez 2 pièces. Cette attaque inflige 20 dégâts multipliés par le nombre de faces.","damage":"20×"}],"weaknesses":[{"type":"Combat","value":"×2"}],"legal":{"standard":false,"expanded":false}},{"category":"Pokémon","id":"ex16-58","illustrator":"Midori Harada","image":"https://assets.tcgdex.net/fr/ex/ex16/58","localId":"58","name":"Medhyena","rarity":"Commune","set":{"cardCount":{"official":108,"total":108},"id":"ex16","name":"EX Gardiens du Pouvoir","symbol":"https://assets.tcgdex.net/univ/ex/ex16/symbol"},"variants":{"firstEdition":false,"holo":true,"normal":true,"reverse":true,"wPromo":false},"dexId":[261],"hp":50,"types":["Obscurité"],"stage":"De base","attacks":[{"cost":["Obscurité"],"name":"Double pied","effect":"Lancez 2 pièces. Cette attaque inflige 10 dégâts multipliés par le nombre de faces.","damage":"10×"}],"weaknesses":[{"type":"Combat","value":"×2"}],"resistances":[{"type":"Psy","value":"-30"}],"legal":{"standard":false,"expanded":false}},{"category":"Pokémon","id":"ex16-59","illustrator":"Midori Harada","image":"https://assets.tcgdex.net/fr/ex/ex16/59","localId":"59","name":"Tarsal","rarity":"Commune","set":{"cardCount":{"official":108,"total":108},"id":"ex16","name":"EX Gardiens du Pouvoir","symbol":"https://assets.tcgdex.net/univ/ex/ex16/symbol"},"variants":{"firstEdition":false,"holo":true,"normal":true,"reverse":true,"wPromo":false},"dexId":[280],"hp":50,"types":["Psy"],"stage":"De base","attacks":[{"cost":["Incolore"],"name":"Gifle","damage":10},{"cost":["Psy","Incolore"],"name":"Téléportation explosive","effect":"Échangez Tarsal avec 1 des Pokémon de votre Banc.","damage":20}],"weaknesses":[{"type":"Psy","value":"×2"}],"legal":{"standard":false,"expanded":false}},{"category":"Pokémon","id":"ex16-60","illustrator":"Midori Harada","image":"https://assets.tcgdex.net/fr/ex/ex16/60","localId":"60","name":"Grainipiot","rarity":"Commune","set":{"cardCount":{"official":108,"total":108},"id":"ex16","name":"EX Gardiens du Pouvoir","symbol":"https://assets.tcgdex.net/univ/ex/ex16/symbol"},"variants":{"firstEdition":false,"holo":true,"normal":true,"reverse":true,"wPromo":false},"dexId":[273],"hp":40,"types":["Plante"],"stage":"De base","attacks":[{"cost":["Incolore"],"name":"Tit'sieste","effect":"Retirez à Grainipiot 2 marqueurs de dégât."},{"cost":["Plante","Incolore"],"name":"Double tour","effect":"Lancez 2 pièces. Cette attaque inflige 20 dégâts multipliés par le nombre de faces.","damage":"20×"}],"weaknesses":[{"type":"Feu","value":"×2"}],"legal":{"standard":false,"expanded":false}},{"category":"Pokémon","id":"ex16-61","illustrator":"Ken Sugimori","image":"https://assets.tcgdex.net/fr/ex/ex16/61","localId":"61","name":"Polichombr","rarity":"Commune","set":{"cardCount":{"official":108,"total":108},"id":"ex16","name":"EX Gardiens du Pouvoir","symbol":"https://assets.tcgdex.net/univ/ex/ex16/symbol"},"variants":{"firstEdition":false,"holo":true,"normal":true,"reverse":true,"wPromo":false},"dexId":[353],"hp":50,"types":["Psy"],"stage":"De base","attacks":[{"cost":["Psy"],"name":"Mauvais rêve","effect":"Lancez une pièce. Si c'est face, le Pokémon Défenseur est maintenant Endormi. Si c'est pile, le Pokémon Défenseur est maintenant Confus.","damage":10}],"weaknesses":[{"type":"Obscurité","value":"×2"}],"resistances":[{"type":"Combat","value":"-30"}],"legal":{"standard":false,"expanded":false}},{"category":"Pokémon","id":"ex16-62","illustrator":"Tomokazu Komiya","image":"https://assets.tcgdex.net/fr/ex/ex16/62","localId":"62","name":"Skitty","rarity":"Commune","set":{"cardCount":{"official":108,"total":108},"id":"ex16","name":"EX Gardiens du Pouvoir","symbol":"https://assets.tcgdex.net/univ/ex/ex16/symbol"},"variants":{"firstEdition":false,"holo":true,"normal":true,"reverse":true,"wPromo":false},"dexId":[300],"hp":50,"types":["Incolore"],"stage":"De base","attacks":[{"cost":["Incolore"],"name":"Mouvemend'keu","effect":"Lancez une pièce. Si c'est face, le Pokémon Défenseur ne peut pas attaquer lors du prochain tour de votre adversaire."},{"cost":["Incolore","Incolore"],"name":"Charge","damage":20}],"weaknesses":[{"type":"Combat","value":"×2"}],"legal":{"standard":false,"expanded":false}},{"category":"Pokémon","id":"ex16-63","illustrator":"Tomokazu Komiya","image":"https://assets.tcgdex.net/fr/ex/ex16/63","localId":"63","name":"Parecool","rarity":"Commune","set":{"cardCount":{"official":108,"total":108},"id":"ex16","name":"EX Gardiens du Pouvoir","symbol":"https://assets.tcgdex.net/univ/ex/ex16/symbol"},"variants":{"firstEdition":false,"holo":true,"normal":true,"reverse":true,"wPromo":false},"dexId":[287],"hp":40,"types":["Incolore"],"stage":"De base","attacks":[{"cost":["Incolore"],"name":"Amnésie","effect":"Choisissez 1 des attaques du Pokémon Défenseur. Il ne pourra pas utiliser cette attaque lors du prochain tour de votre adversaire."},{"cost":["Incolore"],"name":"Griffe","damage":10}],"weaknesses":[{"type":"Combat","value":"×2"}],"legal":{"standard":false,"expanded":false}},{"category":"Pokémon","id":"ex16-64","illustrator":"Ken Sugimori","image":"https://assets.tcgdex.net/fr/ex/ex16/64","localId":"64","name":"Stalgamin","rarity":"Commune","set":{"cardCount":{"official":108,"total":108},"id":"ex16","name":"EX Gardiens du Pouvoir","symbol":"https://assets.tcgdex.net/univ/ex/ex16/symbol"},"variants":{"firstEdition":false,"holo":true,"normal":true,"reverse":true,"wPromo":false},"dexId":[361],"hp":50,"types":["Eau"],"stage":"De base","attacks":[{"cost":["Incolore"],"name":"Jet de caillou","effect":"Choisissez 1 des Pokémon de Banc de votre adversaire. Cette attaque lui inflige 10 dégâts. (Vous ne pouvez pas appliquer la Faiblesse et la Résistance aux Pokémon de Banc.)"},{"cost":["Eau","Incolore"],"name":"Double coup d'boule","effect":"Lancez 2 pièces. Cette attaque inflige 20 dégâts multipliés par le nombre de faces.","damage":"20×"}],"weaknesses":[{"type":"Métal","value":"×2"}],"legal":{"standard":false,"expanded":false}},{"category":"Pokémon","id":"ex16-65","illustrator":"Ken Sugimori","image":"https://assets.tcgdex.net/fr/ex/ex16/65","localId":"65","name":"Obalie","rarity":"Commune","set":{"cardCount":{"official":108,"total":108},"id":"ex16","name":"EX Gardiens du Pouvoir","symbol":"https://assets.tcgdex.net/univ/ex/ex16/symbol"},"variants":{"firstEdition":false,"holo":true,"normal":true,"reverse":true,"wPromo":false},"dexId":[363],"hp":40,"types":["Eau"],"stage":"De base","attacks":[{"cost":["Incolore"],"name":"Boul'armure","effect":"Lancez une pièce. Si c'est face, prévenez tous dégâts infligés à Obalie lors du prochain tour de votre adversaire."},{"cost":["Eau","Incolore"],"name":"Onde boréale","damage":20}],"weaknesses":[{"type":"Électrique","value":"×2"}],"legal":{"standard":false,"expanded":false}},{"category":"Pokémon","id":"ex16-66","illustrator":"Ken Sugimori","image":"https://assets.tcgdex.net/fr/ex/ex16/66","localId":"66","name":"Tylton","rarity":"Commune","set":{"cardCount":{"official":108,"total":108},"id":"ex16","name":"EX Gardiens du Pouvoir","symbol":"https://assets.tcgdex.net/univ/ex/ex16/symbol"},"variants":{"firstEdition":false,"holo":true,"normal":true,"reverse":true,"wPromo":false},"dexId":[333],"hp":40,"types":["Incolore"],"stage":"De base","attacks":[{"cost":["Incolore"],"name":"Furie","effect":"Lancez 3 pièces. Cette attaque inflige 10 dégâts multipliés par le nombre de faces.","damage":"10×"}],"weaknesses":[{"type":"Électrique","value":"×2"}],"resistances":[{"type":"Combat","value":"-30"}],"legal":{"standard":false,"expanded":false}},{"category":"Pokémon","id":"ex16-67","illustrator":"Mitsuhiro Arita","image":"https://assets.tcgdex.net/fr/ex/ex16/67","localId":"67","name":"Poussifeu","rarity":"Commune","set":{"cardCount":{"official":108,"total":108},"id":"ex16","name":"EX Gardiens du Pouvoir","symbol":"https://assets.tcgdex.net/univ/ex/ex16/symbol"},"variants":{"firstEdition":false,"holo":true,"normal":true,"reverse":true,"wPromo":false},"dexId":[255],"hp":50,"types":["Feu"],"stage":"De base","attacks":[{"cost":["Feu"],"name":"Ça sent le roussi!","effect":"Lancez une pièce. Si c'est face, le Pokémon Défenseur est maintenant Brûlé.","damage":10}],"weaknesses":[{"type":"Eau","value":"×2"}],"legal":{"standard":false,"expanded":false}},{"category":"Pokémon","id":"ex16-68","illustrator":"Sachiko Adachi","image":"https://assets.tcgdex.net/fr/ex/ex16/68","localId":"68","name":"Kraknoix","rarity":"Commune","set":{"cardCount":{"official":108,"total":108},"id":"ex16","name":"EX Gardiens du Pouvoir","symbol":"https://assets.tcgdex.net/univ/ex/ex16/symbol"},"variants":{"firstEdition":false,"holo":true,"normal":true,"reverse":true,"wPromo":false},"dexId":[328],"hp":50,"types":["Combat"],"stage":"De base","attacks":[{"cost":["Incolore"],"name":"Attaque surprise","effect":"Lancez une pièce. Si c'est pile, cette attaque est sans effet.","damage":20}],"weaknesses":[{"type":"Plante","value":"×2"}],"legal":{"standard":false,"expanded":false}},{"category":"Pokémon","id":"ex16-69","illustrator":"Ken Sugimori","image":"https://assets.tcgdex.net/fr/ex/ex16/69","localId":"69","name":"Goupix","rarity":"Commune","set":{"cardCount":{"official":108,"total":108},"id":"ex16","name":"EX Gardiens du Pouvoir","symbol":"https://assets.tcgdex.net/univ/ex/ex16/symbol"},"variants":{"firstEdition":false,"holo":true,"normal":true,"reverse":true,"wPromo":false},"dexId":[37],"hp":50,"types":["Feu"],"stage":"De base","attacks":[{"cost":["Incolore"],"name":"Onde folie","effect":"Lancez une pièce. Si c'est face, le Pokémon Défenseur est maintenant Confus."},{"cost":["Feu","Incolore"],"name":"Flammèche","effect":"Défaussez une Énergie  attachée à Goupix.","damage":30}],"weaknesses":[{"type":"Eau","value":"×2"}],"legal":{"standard":false,"expanded":false}},{"category":"Pokémon","id":"ex16-70","illustrator":"Ken Sugimori","image":"https://assets.tcgdex.net/fr/ex/ex16/70","localId":"70","name":"Okéoké","rarity":"Commune","set":{"cardCount":{"official":108,"total":108},"id":"ex16","name":"EX Gardiens du Pouvoir","symbol":"https://assets.tcgdex.net/univ/ex/ex16/symbol"},"variants":{"firstEdition":false,"holo":true,"normal":true,"reverse":true,"wPromo":false},"dexId":[360],"hp":50,"types":["Psy"],"stage":"De base","abilities":[{"type":"Poké-POWER","name":"Évolution bébé","effect":"Une seule fois lors de votre tour (avant votre attaque), vous pouvez placer Qulbutoké de votre main sur Okéoké (vous le faites ainsi évoluer) et lui retirer tous ses marqueurs de dégât."}],"attacks":[{"cost":["Incolore"],"name":"Fléau","effect":"Inflige 10 dégâts multipliés par le nombre de marqueurs de dégât sur Okéoké.","damage":"10×"}],"weaknesses":[{"type":"Psy","value":"×2"}],"legal":{"standard":false,"expanded":false}},{"category":"Dresseur","id":"ex16-71","illustrator":"Midori Harada","image":"https://assets.tcgdex.net/fr/ex/ex16/71","localId":"71","name":"Zone de combat","rarity":"Peu Commune","set":{"cardCount":{"official":108,"total":108},"id":"ex16","name":"EX Gardiens du Pouvoir","symbol":"https://assets.tcgdex.net/univ/ex/ex16/symbol"},"variants":{"firstEdition":false,"holo":true,"normal":true,"reverse":true,"wPromo":false},"effect":"Cette carte reste en jeu lorsque vous la jouez. Défaussez-la si une autre carte Stade est mise en jeu. Si une autre carte comportant le même nom est en jeu, vous ne pouvez pas jouer cette carte.\n\nLes Pokémon Évolués ,  et  de chaque joueur ne peuvent pas utiliser de Poké-Powers ou de Poké-Bodies.","trainerType":"Stade","legal":{"standard":false,"expanded":false}},{"category":"Dresseur","id":"ex16-72","illustrator":"Ryo Ueda","image":"https://assets.tcgdex.net/fr/ex/ex16/72","localId":"72","name":"Stade d'Aragon","rarity":"Peu Commune","set":{"cardCount":{"official":108,"total":108},"id":"ex16","name":"EX Gardiens du Pouvoir","symbol":"https://assets.tcgdex.net/univ/ex/ex16/symbol"},"variants":{"firstEdition":false,"holo":true,"normal":true,"reverse":true,"wPromo":false},"effect":"Cette carte reste en jeu lorsque vous la jouez. Défaussez-la si une autre carte Stade est mise en jeu. Si une autre carte comportant le même nom est en jeu, vous ne pouvez pas jouer cette carte.\n\nTous dégâts infligés aux Pokémon Actifs  (les vôtres et ceux de votre adversaire) par une attaque de votre adversaire sont réduits de 10 (après application de la Faiblesse et de la Résistance).","trainerType":"Stade","legal":{"standard":false,"expanded":false}},{"category":"Dresseur","id":"ex16-73","illustrator":"Zu-Ka","image":"https://assets.tcgdex.net/fr/ex/ex16/73","localId":"73","name":"Recyclage d'énergie","rarity":"Peu Commune","set":{"cardCount":{"official":108,"total":108},"id":"ex16","name":"EX Gardiens du Pouvoir","symbol":"https://assets.tcgdex.net/univ/ex/ex16/symbol"},"variants":{"firstEdition":false,"holo":true,"normal":true,"reverse":true,"wPromo":false},"effect":"Choisissez dans votre pile de défausse des cartes Énergie de base. Vous pouvez soit montrer 1 carte Énergie de base à votre adversaire et la placer dans votre main ou montrer 3 cartes Énergie de base à votre adversaire et les mélanger à votre deck.","trainerType":"Objet","legal":{"standard":false,"expanded":false}},{"category":"Dresseur","id":"ex16-74","illustrator":"Keiji Kinebuchi","image":"https://assets.tcgdex.net/fr/ex/ex16/74","localId":"74","name":"Suppression d'Énergie 2","rarity":"Peu Commune","set":{"cardCount":{"official":108,"total":108},"id":"ex16","name":"EX Gardiens du Pouvoir","symbol":"https://assets.tcgdex.net/univ/ex/ex16/symbol"},"variants":{"firstEdition":false,"holo":true,"normal":true,"reverse":true,"wPromo":false},"effect":"Lancez une pièce. Si c'est face, choisissez 1 carte Énergie attachée à 1 des Pokémon de votre adversaire et défaussez-la.","trainerType":"Objet","legal":{"standard":false,"expanded":false}},{"category":"Dresseur","id":"ex16-75","illustrator":"Ken Ikuji","image":"https://assets.tcgdex.net/fr/ex/ex16/75","localId":"75","name":"Échange d'Énergie","rarity":"Peu Commune","set":{"cardCount":{"official":108,"total":108},"id":"ex16","name":"EX Gardiens du Pouvoir","symbol":"https://assets.tcgdex.net/univ/ex/ex16/symbol"},"variants":{"firstEdition":false,"holo":true,"normal":true,"reverse":true,"wPromo":false},"effect":"Déplacez une carte Énergie de base attachée à 1 de vos Pokémon sur 1 autre de vos Pokémon.","trainerType":"Objet","legal":{"standard":false,"expanded":false}},{"category":"Dresseur","id":"ex16-76","illustrator":"Ryo Ueda","image":"https://assets.tcgdex.net/fr/ex/ex16/76","localId":"76","name":"Stade de Glacia","rarity":"Peu Commune","set":{"cardCount":{"official":108,"total":108},"id":"ex16","name":"EX Gardiens du Pouvoir","symbol":"https://assets.tcgdex.net/univ/ex/ex16/symbol"},"variants":{"firstEdition":false,"holo":true,"normal":true,"reverse":true,"wPromo":false},"effect":"Cette carte reste en jeu lorsque vous la jouez. Défaussez-la si une autre carte Stade est mise en jeu. Si une autre carte comportant le même nom est en jeu, vous ne pouvez pas jouer cette carte.\n\nLes Pokémon  de chaque joueur (Pokémon-ex exclus) ne possèdent pas de Faiblesse.","trainerType":"Stade","legal":{"standard":false,"expanded":false}},{"category":"Dresseur","id":"ex16-77","illustrator":"Nakaoka","image":"https://assets.tcgdex.net/fr/ex/ex16/77","localId":"77","name":"Super Ball","rarity":"Peu Commune","set":{"cardCount":{"official":108,"total":108},"id":"ex16","name":"EX Gardiens du Pouvoir","symbol":"https://assets.tcgdex.net/univ/ex/ex16/symbol"},"variants":{"firstEdition":false,"holo":true,"normal":true,"reverse":true,"wPromo":false},"effect":"Choisissez dans votre deck un Pokémon de base (Pokémon-ex exclus) et placez-le sur votre Banc. Ensuite, mélangez votre deck.","trainerType":"Objet","legal":{"standard":false,"expanded":false}},{"category":"Dresseur","id":"ex16-78","illustrator":"Keiji Kinebuchi","image":"https://assets.tcgdex.net/fr/ex/ex16/78","localId":"78","name":"Master Ball","rarity":"Peu Commune","set":{"cardCount":{"official":108,"total":108},"id":"ex16","name":"EX Gardiens du Pouvoir","symbol":"https://assets.tcgdex.net/univ/ex/ex16/symbol"},"variants":{"firstEdition":false,"holo":true,"normal":true,"reverse":true,"wPromo":false},"effect":"Regardez les 7 cartes du dessus de votre deck. Choisissez un Pokémon de base ou une carte Évolution parmi ces cartes, montrez-le (ou la) à votre adversaire et placez-le (ou la) dans votre main. Replacez les 6 autres cartes au dessus de votre deck. Ensuite, mélangez votre deck.","trainerType":"Objet","legal":{"standard":false,"expanded":false}},{"category":"Dresseur","id":"ex16-79","illustrator":"Ryo Ueda","image":"https://assets.tcgdex.net/fr/ex/ex16/79","localId":"79","name":"Stade de Spectra","rarity":"Peu Commune","set":{"cardCount":{"official":108,"total":108},"id":"ex16","name":"EX Gardiens du Pouvoir","symbol":"https://assets.tcgdex.net/univ/ex/ex16/symbol"},"variants":{"firstEdition":false,"holo":true,"normal":true,"reverse":true,"wPromo":false},"effect":"Cette carte reste en jeu lorsque vous la jouez. Défaussez-la si une autre carte Stade est mise en jeu. Si une autre carte comportant le même nom est en jeu, vous ne pouvez pas jouer cette carte.\n\nChaque joueur paye  en moins pour faire battre son Pokémon  en retraite.","trainerType":"Stade","legal":{"standard":false,"expanded":false}},{"category":"Dresseur","id":"ex16-80","illustrator":"Ken Sugimori","image":"https://assets.tcgdex.net/fr/ex/ex16/80","localId":"80","name":"Prof. Seko","rarity":"Peu Commune","set":{"cardCount":{"official":108,"total":108},"id":"ex16","name":"EX Gardiens du Pouvoir","symbol":"https://assets.tcgdex.net/univ/ex/ex16/symbol"},"variants":{"firstEdition":false,"holo":true,"normal":true,"reverse":true,"wPromo":false},"effect":"Vous ne pouvez jouer qu'une seule carte Supporter par tour. Lorsque vous la jouez, placez-la à côté de votre Pokémon Actif. À la fin du tour, défaussez-la.\n\nPiochez des cartes dans votre deck jusqu'à ce que vous ayez 6 cartes en main.","trainerType":"Supporter","legal":{"standard":false,"expanded":false}},{"category":"Dresseur","id":"ex16-81","illustrator":"Ken Sugimori","image":"https://assets.tcgdex.net/fr/ex/ex16/81","localId":"81","name":"Scott","rarity":"Peu Commune","set":{"cardCount":{"official":108,"total":108},"id":"ex16","name":"EX Gardiens du Pouvoir","symbol":"https://assets.tcgdex.net/univ/ex/ex16/symbol"},"variants":{"firstEdition":false,"holo":true,"normal":true,"reverse":true,"wPromo":false},"effect":"Vous ne pouvez jouer qu'une seule carte Supporter par tour. Lorsque vous la jouez, placez-la à côté de votre Pokémon Actif. À la fin du tour, défaussez-la.\n\nChoisissez dans votre deck une combinaison de jusqu'à 3 cartes Supporter et cartes Stade, montrez-les à votre adversaire et placez-les dans votre main. Ensuite, mélangez votre deck.","trainerType":"Supporter","legal":{"standard":false,"expanded":false}},{"category":"Dresseur","id":"ex16-82","illustrator":"Ryo Ueda","image":"https://assets.tcgdex.net/fr/ex/ex16/82","localId":"82","name":"Stade de Damien","rarity":"Peu Commune","set":{"cardCount":{"official":108,"total":108},"id":"ex16","name":"EX Gardiens du Pouvoir","symbol":"https://assets.tcgdex.net/univ/ex/ex16/symbol"},"variants":{"firstEdition":false,"holo":true,"normal":true,"reverse":true,"wPromo":false},"effect":"Cette carte reste en jeu lorsque vous la jouez. Défaussez-la si une autre carte Stade est mise en jeu. Si une autre carte comportant le même nom est en jeu, vous ne pouvez pas jouer cette carte.\n\nLes Pokémon  de chaque joueur ne peuvent pas être Endormis, Confus ou Paralysés.","trainerType":"Stade","legal":{"standard":false,"expanded":false}},{"category":"Dresseur","id":"ex16-83","illustrator":"Ken Sugimori","image":"https://assets.tcgdex.net/fr/ex/ex16/83","localId":"83","name":"Les conseils de Pierre","rarity":"Peu Commune","set":{"cardCount":{"official":108,"total":108},"id":"ex16","name":"EX Gardiens du Pouvoir","symbol":"https://assets.tcgdex.net/univ/ex/ex16/symbol"},"variants":{"firstEdition":false,"holo":true,"normal":true,"reverse":true,"wPromo":false},"effect":"Vous ne pouvez jouer qu'une seule carte Supporter par tour. Lorsque vous la jouez, placez-la à côté de votre Pokémon Actif. À la fin du tour, défaussez-la.\n\nVous pouvez piocher un nombre de cartes égal au nombre de Pokémon en jeu de votre adversaire. Si vous possédez au moins 7 cartes (celle-ci incluse) dans votre main, vous ne pouvez pas jouer cette carte.","trainerType":"Supporter","legal":{"standard":false,"expanded":false}},{"category":"Dresseur","id":"ex16-84","illustrator":"Ryo Ueda","image":"https://assets.tcgdex.net/fr/ex/ex16/84","localId":"84","name":"Fossile griffe","rarity":"Commune","set":{"cardCount":{"official":108,"total":108},"id":"ex16","name":"EX Gardiens du Pouvoir","symbol":"https://assets.tcgdex.net/univ/ex/ex16/symbol"},"variants":{"firstEdition":false,"holo":true,"normal":true,"reverse":true,"wPromo":false},"hp":40,"effect":"Jouez Fossile griffe comme si c'était un Pokémon de base. Lorsqu'elle est en jeu, Fossile griffe compte comme un Pokémon  (et comme une carte Dresseur). Fossile griffe ne possède pas d'attaques, ne peut pas battre en retraite, et ne peut pas être affectée par des États Spéciaux. Si Fossile griffe est mise K.O., elle ne compte pas comme un Pokémon K.O. (défaussez-la de toutes façons). N'importe quand lors de votre tour, avant votre attaque, vous pouvez défausser Fossile griffe.","trainerType":"Objet","legal":{"standard":false,"expanded":false}},{"category":"Dresseur","id":"ex16-85","illustrator":"Ryo Ueda","image":"https://assets.tcgdex.net/fr/ex/ex16/85","localId":"85","name":"Mystérieux fossile","rarity":"Commune","set":{"cardCount":{"official":108,"total":108},"id":"ex16","name":"EX Gardiens du Pouvoir","symbol":"https://assets.tcgdex.net/univ/ex/ex16/symbol"},"variants":{"firstEdition":false,"holo":true,"normal":true,"reverse":true,"wPromo":false},"hp":50,"effect":"Jouez Mystérieux fossile comme si c'était un Pokémon de base. Lorsqu'elle est en jeu, Mystérieux fossile compte comme un Pokémon  (et comme une carte Dresseur). Mystérieux fossile ne possède pas d'attaques, ne peut pas battre en retraite et ne peut pas être affectée par des États Spéciaux. Si Mystérieux fossile est mise K.O, elle ne compte pas comme un Pokémon K.O (défaussez-la de toutes façons). N'importe quand lors de votre tour, avant votre attaque, vous pouvez défausser Mystérieux fossile.","trainerType":"Objet","legal":{"standard":false,"expanded":false}},{"category":"Dresseur","id":"ex16-86","illustrator":"Ryo Ueda","image":"https://assets.tcgdex.net/fr/ex/ex16/86","localId":"86","name":"Fossile racine","rarity":"Commune","set":{"cardCount":{"official":108,"total":108},"id":"ex16","name":"EX Gardiens du Pouvoir","symbol":"https://assets.tcgdex.net/univ/ex/ex16/symbol"},"variants":{"firstEdition":false,"holo":true,"normal":true,"reverse":true,"wPromo":false},"hp":40,"effect":"Jouez Fossile racine comme si c'était un Pokémon de base. Lorsqu'elle est en jeu, Fossile racine compte comme un Pokémon  (et comme une carte Dresseur). Fossile racine ne possède pas d'attaques, ne peut pas battre en retraite et ne peut pas être affectée par des États Spéciaux. Si Fossile racine est mise K.O, elle ne compte pas comme un Pokémon K.O (défaussez-la de toutes façons). N'importe quand lors de votre tour, avant votre attaque, vous pouvez défausser Fossile racine.","trainerType":"Objet","legal":{"standard":false,"expanded":false}},{"category":"Énergie","id":"ex16-87","illustrator":"Milky Isobe","image":"https://assets.tcgdex.net/fr/ex/ex16/87","localId":"87","name":"Énergie Obscurité","rarity":"Rare","set":{"cardCount":{"official":108,"total":108},"id":"ex16","name":"EX Gardiens du Pouvoir","symbol":"https://assets.tcgdex.net/univ/ex/ex16/symbol"},"variants":{"firstEdition":false,"holo":true,"normal":true,"reverse":true,"wPromo":false},"energyType":"Spécial","legal":{"standard":false,"expanded":false}},{"category":"Énergie","id":"ex16-88","illustrator":"Milky Isobe","image":"https://assets.tcgdex.net/fr/ex/ex16/88","localId":"88","name":"Énergie Métal","rarity":"Rare","set":{"cardCount":{"official":108,"total":108},"id":"ex16","name":"EX Gardiens du Pouvoir","symbol":"https://assets.tcgdex.net/univ/ex/ex16/symbol"},"variants":{"firstEdition":false,"holo":true,"normal":true,"reverse":true,"wPromo":false},"energyType":"Spécial","legal":{"standard":false,"expanded":false}},{"category":"Énergie","id":"ex16-89","illustrator":"Takumi Akabane","image":"https://assets.tcgdex.net/fr/ex/ex16/89","localId":"89","name":"Énergies multiples","rarity":"Rare","set":{"cardCount":{"official":108,"total":108},"id":"ex16","name":"EX Gardiens du Pouvoir","symbol":"https://assets.tcgdex.net/univ/ex/ex16/symbol"},"variants":{"firstEdition":false,"holo":true,"normal":true,"reverse":true,"wPromo":false},"energyType":"Spécial","legal":{"standard":false,"expanded":false}},{"category":"Énergie","id":"ex16-90","illustrator":"Shin-ichi Yoshikawa","image":"https://assets.tcgdex.net/fr/ex/ex16/90","localId":"90","name":"Énergie Cyclone","rarity":"Peu Commune","set":{"cardCount":{"official":108,"total":108},"id":"ex16","name":"EX Gardiens du Pouvoir","symbol":"https://assets.tcgdex.net/univ/ex/ex16/symbol"},"variants":{"firstEdition":false,"holo":true,"normal":true,"reverse":true,"wPromo":false},"energyType":"Spécial","legal":{"standard":false,"expanded":false}},{"category":"Énergie","id":"ex16-91","illustrator":"Shin-ichi Yoshikawa","image":"https://assets.tcgdex.net/fr/ex/ex16/91","localId":"91","name":"Énergie de distorsion","rarity":"Peu Commune","set":{"cardCount":{"official":108,"total":108},"id":"ex16","name":"EX Gardiens du Pouvoir","symbol":"https://assets.tcgdex.net/univ/ex/ex16/symbol"},"variants":{"firstEdition":false,"holo":true,"normal":true,"reverse":true,"wPromo":false},"energyType":"Spécial","legal":{"standard":false,"expanded":false}},{"category":"Pokémon","id":"ex16-92","illustrator":"Ryo Ueda","image":"https://assets.tcgdex.net/fr/ex/ex16/92","localId":"92","name":"Absol ex","rarity":"Rare","set":{"cardCount":{"official":108,"total":108},"id":"ex16","name":"EX Gardiens du Pouvoir","symbol":"https://assets.tcgdex.net/univ/ex/ex16/symbol"},"variants":{"firstEdition":false,"holo":true,"normal":true,"reverse":true,"wPromo":false},"dexId":[359],"hp":100,"types":["Obscurité"],"suffix":"EX","abilities":[{"type":"Poké-POWER","name":"Yeux maléfiques","effect":"Une seule fois lors de votre tour, lorsque vous placez Absol ex de votre main sur votre Banc, vous pouvez déplacer 3 marqueurs de dégât d'1 des Pokémon de votre adversaire sur 1 autre de ses Pokémon."}],"attacks":[{"cost":["Obscurité","Incolore"],"name":"Vibration psy","effect":"Inflige 10 dégâts à chacun des Pokémon de Banc de votre adversaire possèdant des marqueurs de dégât. (Vous ne pouvez pas appliquer la Faiblesse et la Résistance aux Pokémon de Banc.)","damage":30}],"weaknesses":[{"type":"Combat","value":"×2"}],"resistances":[{"type":"Psy","value":"-30"}],"legal":{"standard":false,"expanded":false}},{"category":"Pokémon","id":"ex16-93","illustrator":"Ryo Ueda","image":"https://assets.tcgdex.net/fr/ex/ex16/93","localId":"93","name":"Kaorine ex","rarity":"Rare","set":{"cardCount":{"official":108,"total":108},"id":"ex16","name":"EX Gardiens du Pouvoir","symbol":"https://assets.tcgdex.net/univ/ex/ex16/symbol"},"variants":{"firstEdition":false,"holo":true,"normal":true,"reverse":true,"wPromo":false},"dexId":[344],"hp":120,"types":["Psy"],"suffix":"EX","abilities":[{"type":"Poké-POWER","name":"Transfert de type","effect":"Une seule fois lors de votre tour (avant votre attaque), vous pouvez utiliser ce pouvoir. Le type de Kaorine ex est  jusqu'à la fin de votre tour."}],"attacks":[{"cost":["Incolore","Incolore"],"name":"Psycho-boom","effect":"Inflige 20 dégâts plus 10 dégâts supplémentaires pour chaque Énergie attachée au Pokémon Défenseur.","damage":"20+"},{"cost":["Psy","Psy","Incolore"],"name":"Écras'ombre","effect":"Vous pouvez défausser une carte Énergie  attachée à Kaorine ex. Défaussez alors une carte Énergie attachée au Pokémon Défenseur.","damage":60}],"weaknesses":[{"type":"Psy","value":"×2"}],"legal":{"standard":false,"expanded":false}},{"category":"Pokémon","id":"ex16-94","illustrator":"Mitsuhiro Arita","image":"https://assets.tcgdex.net/fr/ex/ex16/94","localId":"94","name":"Libegon ex","rarity":"Rare","set":{"cardCount":{"official":108,"total":108},"id":"ex16","name":"EX Gardiens du Pouvoir","symbol":"https://assets.tcgdex.net/univ/ex/ex16/symbol"},"variants":{"firstEdition":false,"holo":true,"normal":true,"reverse":true,"wPromo":false},"dexId":[330],"hp":150,"types":["Incolore"],"suffix":"EX","abilities":[{"type":"Poké-BODY","name":"Protecteur psy","effect":"Si une attaque de votre adversaire inflige des dégâts à Libegon ex, vous pouvez défausser jusqu'à 4 cartes de votre main. Tous dégâts infligés alors à Libegon ex sont réduits de 10 pour chaque carte défaussée."}],"attacks":[{"cost":["Incolore","Incolore","Incolore"],"name":"Coup déchirant","effect":"Lancez une pièce. Si c'est pile, Libegon ex ne peut pas utiliser Coup déchirant lors de votre prochain tour.","damage":70}],"weaknesses":[{"type":"Incolore","value":"×2"}],"resistances":[{"type":"Électrique","value":"-30"},{"type":"Combat","value":"-30"}],"legal":{"standard":false,"expanded":false}},{"category":"Pokémon","id":"ex16-95","illustrator":"Ryo Ueda","image":"https://assets.tcgdex.net/fr/ex/ex16/95","localId":"95","name":"Metalosse ex","rarity":"Rare","set":{"cardCount":{"official":108,"total":108},"id":"ex16","name":"EX Gardiens du Pouvoir","symbol":"https://assets.tcgdex.net/univ/ex/ex16/symbol"},"variants":{"firstEdition":false,"holo":true,"normal":true,"reverse":true,"wPromo":false},"dexId":[376],"hp":150,"types":["Métal"],"suffix":"EX","abilities":[{"type":"Poké-POWER","name":"Repioche magnétique","effect":"Une seule fois lors de votre tour (avant votre attaque), si Metalosse ex est votre Pokémon Actif, vous pouvez utiliser ce pouvoir. Chaque joueur mélange sa main à son deck. Ensuite, chaque joueur pioche 4 cartes. Ce pouvoir ne peut pas être utilisé si Metalosse ex est affecté par un État Spécial."}],"attacks":[{"cost":["Métal","Métal","Incolore"],"name":"Explosion balayante","effect":"Inflige 70 dégâts à chacun des Pokémon de Banc de votre adversaire possédant le même nom que le Pokémon Défenseur. (Vous ne pouvez pas appliquer la Faiblesse et la Résistance aux Pokémon de Banc.)","damage":70}],"weaknesses":[{"type":"Feu","value":"×2"}],"resistances":[{"type":"Plante","value":"-30"}],"legal":{"standard":false,"expanded":false}},{"category":"Pokémon","id":"ex16-96","illustrator":"Mitsuhiro Arita","image":"https://assets.tcgdex.net/fr/ex/ex16/96","localId":"96","name":"Drattak ex","rarity":"Rare","set":{"cardCount":{"official":108,"total":108},"id":"ex16","name":"EX Gardiens du Pouvoir","symbol":"https://assets.tcgdex.net/univ/ex/ex16/symbol"},"variants":{"firstEdition":false,"holo":true,"normal":true,"reverse":true,"wPromo":false},"dexId":[373],"hp":160,"types":["Incolore"],"suffix":"EX","attacks":[{"cost":["Feu","Feu","Incolore","Incolore"],"name":"Flamme volcanique","effect":"Défaussez les 5 cartes du dessus de votre deck.","damage":150},{"cost":["Eau","Eau","Incolore","Incolore"],"name":"Hydro-vague","effect":"Défaussez toutes les Énergies  attachées à Drattak ex. Cette attaque inflige 30 dégâts à chacun des Pokémon de Banc de votre adversaire. (Vous ne pouvez pas appliquer la Faiblesse et la Résistance aux Pokémon de Banc.)"}],"weaknesses":[{"type":"Incolore","value":"×2"}],"resistances":[{"type":"Feu","value":"-30"},{"type":"Combat","value":"-30"}],"legal":{"standard":false,"expanded":false}},{"category":"Pokémon","id":"ex16-97","illustrator":"Ryo Ueda","image":"https://assets.tcgdex.net/fr/ex/ex16/97","localId":"97","name":"Tengalice ex","rarity":"Rare","set":{"cardCount":{"official":108,"total":108},"id":"ex16","name":"EX Gardiens du Pouvoir","symbol":"https://assets.tcgdex.net/univ/ex/ex16/symbol"},"variants":{"firstEdition":false,"holo":true,"normal":true,"reverse":true,"wPromo":false},"dexId":[275],"hp":140,"types":["Obscurité"],"suffix":"EX","attacks":[{"cost":["Obscurité"],"name":"Solution pro","effect":"Regardez la main de votre adversaire et choisissez un Pokémon de base ou une carte Évolution. Choisissez 1 des attaques de ce Pokémon. Entaille pro copie cette attaque, son Coût en Énergie excepté. (Vous devez toujours faire ce que l'attaque indique.) (Peu importe le type de ce Pokémon, Tengalice ex est toujours de type .) Tengalice ex utilise cette attaque."},{"cost":["Obscurité","Incolore","Incolore"],"name":"Explosion spirituelle","effect":"Inflige 60 dégâts à chacun des Pokémon de Banc de votre adversaire possédant le même nom que le Pokémon Défenseur. (Vous ne pouvez pas appliquer la Faiblesse et la Résistance aux Pokémon de Banc.)","damage":60}],"weaknesses":[{"type":"Plante","value":"×2"}],"resistances":[{"type":"Psy","value":"-30"}],"legal":{"standard":false,"expanded":false}},{"category":"Pokémon","id":"ex16-98","illustrator":"Ryo Ueda","image":"https://assets.tcgdex.net/fr/ex/ex16/98","localId":"98","name":"Airmure ex","rarity":"Rare","set":{"cardCount":{"official":108,"total":108},"id":"ex16","name":"EX Gardiens du Pouvoir","symbol":"https://assets.tcgdex.net/univ/ex/ex16/symbol"},"variants":{"firstEdition":false,"holo":true,"normal":true,"reverse":true,"wPromo":false},"dexId":[227],"hp":100,"types":["Métal"],"suffix":"EX","abilities":[{"type":"Poké-BODY","name":"Gravité métallique","effect":"Si le Pokémon Actif de votre adversaire bat en retraite et qu'il lui reste au moins 40 Points de vie, placez 3 marqueurs de dégât sur ce Pokémon. Vous ne pouvez pas utiliser plus d'1 Poké-Body Gravité métallique par tour."}],"attacks":[{"cost":["Incolore","Incolore"],"name":"Cyclone","effect":"Votre adversaire échange le Pokémon Défenseur avec 1 de ses Pokémon de Banc.","damage":30},{"cost":["Métal","Métal","Incolore"],"name":"Aile tranchante","damage":60}],"weaknesses":[{"type":"Feu","value":"×2"}],"resistances":[{"type":"Plante","value":"-30"}],"legal":{"standard":false,"expanded":false}},{"category":"Pokémon","id":"ex16-99","illustrator":"Ryo Ueda","image":"https://assets.tcgdex.net/fr/ex/ex16/99","localId":"99","name":"Kaimorse ex","rarity":"Rare","set":{"cardCount":{"official":108,"total":108},"id":"ex16","name":"EX Gardiens du Pouvoir","symbol":"https://assets.tcgdex.net/univ/ex/ex16/symbol"},"variants":{"firstEdition":false,"holo":true,"normal":true,"reverse":true,"wPromo":false},"dexId":[365],"hp":150,"types":["Eau"],"suffix":"EX","abilities":[{"type":"Poké-POWER","name":"Haleine glaçante","effect":"Une seule fois lors de votre tour, lorsque vous jouez Kaimorse ex de votre main pour faire évoluer 1 de vos Pokémon, vous pouvez utiliser ce pouvoir. Votre adversaire ne peut pas jouer de carte Dresseur de sa main lors de son prochain tour."}],"attacks":[{"cost":["Eau","Eau","Incolore"],"name":"Anéantissement","effect":"Si une carte Stade est en jeu, cette attaque inflige 70 dégâts plus 20 dégâts supplémentaires. Défaussez cette carte Stade.","damage":"70+"}],"weaknesses":[{"type":"Électrique","value":"×2"}],"legal":{"standard":false,"expanded":false}},{"category":"Pokémon","id":"ex16-100","illustrator":"Masakazu Fukuda","image":"https://assets.tcgdex.net/fr/ex/ex16/100","localId":"100","name":"Pyroli","rarity":"Rare","set":{"cardCount":{"official":108,"total":108},"id":"ex16","name":"EX Gardiens du Pouvoir","symbol":"https://assets.tcgdex.net/univ/ex/ex16/symbol"},"variants":{"firstEdition":false,"holo":true,"normal":true,"reverse":true,"wPromo":false},"dexId":[136],"hp":70,"types":["Feu"],"stage":"De base","abilities":[{"type":"Poké-POWER","name":"Rayon rouge","effect":"Une seule fois lors de votre tour, lorsque vous placez Pyroli  de votre main sur votre Banc, vous pouvez utiliser ce pouvoir. Chaque Pokémon Actif (les vôtres et ceux de votre adversaire) est maintenant Brûlé."}],"attacks":[{"cost":["Feu","Feu","Incolore"],"name":"Lance-flamme","effect":"Défaussez une Énergie  attachée à Pyroli .","damage":50}],"weaknesses":[{"type":"Eau","value":"×2"}],"legal":{"standard":false,"expanded":false}},{"category":"Pokémon","id":"ex16-101","illustrator":"Masakazu Fukuda","image":"https://assets.tcgdex.net/fr/ex/ex16/101","localId":"101","name":"Voltali","rarity":"Rare","set":{"cardCount":{"official":108,"total":108},"id":"ex16","name":"EX Gardiens du Pouvoir","symbol":"https://assets.tcgdex.net/univ/ex/ex16/symbol"},"variants":{"firstEdition":false,"holo":true,"normal":true,"reverse":true,"wPromo":false},"dexId":[135],"hp":70,"types":["Électrique"],"stage":"De base","abilities":[{"type":"Poké-POWER","name":"Rayon jaune","effect":"Une seule fois lors de votre tour, lorsque vous placez Voltali  de votre main sur votre Banc, vous pouvez placer 1 marqueur de dégât sur chaque Pokémon Actif (les vôtres et ceux de votre adversaire)."}],"attacks":[{"cost":["Électrique","Électrique","Incolore"],"name":"Hâte","effect":"Lancez une pièce. Si c'est face, prévenez tous les effets d'une attaque, dégâts inclus, infligés à Voltali  lors du prochain tour de votre adversaire.","damage":40}],"weaknesses":[{"type":"Combat","value":"×2"}],"resistances":[{"type":"Métal","value":"-30"}],"legal":{"standard":false,"expanded":false}},{"category":"Pokémon","id":"ex16-102","illustrator":"Masakazu Fukuda","image":"https://assets.tcgdex.net/fr/ex/ex16/102","localId":"102","name":"Aquali","rarity":"Rare","set":{"cardCount":{"official":108,"total":108},"id":"ex16","name":"EX Gardiens du Pouvoir","symbol":"https://assets.tcgdex.net/univ/ex/ex16/symbol"},"variants":{"firstEdition":false,"holo":true,"normal":true,"reverse":true,"wPromo":false},"dexId":[134],"hp":70,"types":["Eau"],"stage":"De base","abilities":[{"type":"Poké-POWER","name":"Rayon bleu","effect":"Une seule fois lors de votre tour, lorsque vous placez Aquali  de votre main sur votre Banc, vous pouvez retirer aux Pokémon Actifs (les vôtres et ceux de votre adversaire) tous leurs États Spéciaux ainsi que 3 marqueurs de dégât."}],"attacks":[{"cost":["Eau","Eau","Incolore"],"name":"Siphon","effect":"Lancez une pièce. Si c'est face, défaussez une carte Énergie attachée au Pokémon Défenseur.","damage":40}],"weaknesses":[{"type":"Électrique","value":"×2"}],"legal":{"standard":false,"expanded":false}},{"category":"Énergie","id":"ex16-103","image":"https://assets.tcgdex.net/fr/ex/ex16/103","localId":"103","name":"Énergie Plante","rarity":"Rare","set":{"cardCount":{"official":108,"total":108},"id":"ex16","name":"EX Gardiens du Pouvoir","symbol":"https://assets.tcgdex.net/univ/ex/ex16/symbol"},"variants":{"firstEdition":false,"holo":true,"normal":true,"reverse":true,"wPromo":false},"stage":"De base","energyType":"De base","legal":{"standard":false,"expanded":false}},{"category":"Énergie","id":"ex16-104","image":"https://assets.tcgdex.net/fr/ex/ex16/104","localId":"104","name":"Énergie Feu","rarity":"Rare","set":{"cardCount":{"official":108,"total":108},"id":"ex16","name":"EX Gardiens du Pouvoir","symbol":"https://assets.tcgdex.net/univ/ex/ex16/symbol"},"variants":{"firstEdition":false,"holo":true,"normal":true,"reverse":true,"wPromo":false},"stage":"De base","energyType":"De base","legal":{"standard":false,"expanded":false}},{"category":"Énergie","id":"ex16-105","image":"https://assets.tcgdex.net/fr/ex/ex16/105","localId":"105","name":"Énergie Eau","rarity":"Rare","set":{"cardCount":{"official":108,"total":108},"id":"ex16","name":"EX Gardiens du Pouvoir","symbol":"https://assets.tcgdex.net/univ/ex/ex16/symbol"},"variants":{"firstEdition":false,"holo":true,"normal":true,"reverse":true,"wPromo":false},"stage":"De base","energyType":"De base","legal":{"standard":false,"expanded":false}},{"category":"Énergie","id":"ex16-106","image":"https://assets.tcgdex.net/fr/ex/ex16/106","localId":"106","name":"Énergie Électrique","rarity":"Rare","set":{"cardCount":{"official":108,"total":108},"id":"ex16","name":"EX Gardiens du Pouvoir","symbol":"https://assets.tcgdex.net/univ/ex/ex16/symbol"},"variants":{"firstEdition":false,"holo":true,"normal":true,"reverse":true,"wPromo":false},"stage":"De base","energyType":"De base","legal":{"standard":false,"expanded":false}},{"category":"Énergie","id":"ex16-107","image":"https://assets.tcgdex.net/fr/ex/ex16/107","localId":"107","name":"Énergie Psy","rarity":"Rare","set":{"cardCount":{"official":108,"total":108},"id":"ex16","name":"EX Gardiens du Pouvoir","symbol":"https://assets.tcgdex.net/univ/ex/ex16/symbol"},"variants":{"firstEdition":false,"holo":true,"normal":true,"reverse":true,"wPromo":false},"stage":"De base","energyType":"De base","legal":{"standard":false,"expanded":false}},{"category":"Énergie","id":"ex16-108","image":"https://assets.tcgdex.net/fr/ex/ex16/108","localId":"108","name":"Énergie Combat","rarity":"Rare","set":{"cardCount":{"official":108,"total":108},"id":"ex16","name":"EX Gardiens du Pouvoir","symbol":"https://assets.tcgdex.net/univ/ex/ex16/symbol"},"variants":{"firstEdition":false,"holo":true,"normal":true,"reverse":true,"wPromo":false},"stage":"De base","energyType":"De base","legal":{"standard":false,"expanded":false}}]