[{"category":"Pokémon","id":"hgss2-1","illustrator":"Wataru Kawahara","image":"https://assets.tcgdex.net/fr/hgss/hgss2/1","localId":"1","name":"Jirachi","rarity":"Rare","set":{"cardCount":{"official":95,"total":96},"id":"hgss2","logo":"https://assets.tcgdex.net/fr/hgss/hgss2/logo","name":"Déchaînement","symbol":"https://assets.tcgdex.net/univ/hgss/hgss2/symbol"},"variants":{"firstEdition":false,"holo":true,"normal":false,"reverse":true,"wPromo":false},"dexId":[385],"hp":60,"types":["Psy"],"stage":"De base","abilities":[{"type":"Poké-POWER","name":"Chanson céleste","effect":"Une seule fois pendant votre tour, lorsque vous placez Jirachi de votre main sur votre Banc, vous pouvez lancer 3 pièces. Pour chaque côté face, récupérez une carte Énergie Psychic dans votre pile de défausse et attachez-la à Jirachi."}],"attacks":[{"cost":["Psy"],"name":"Creux temporel","effect":"Choisissez au maximum autant de cartes Pokémon Évolution de votre adversaire (niveau 1 ou 2) qu’il y a de cartes Énergie attachées à Jirachi. Retirez les cartes Évolution de niveau le plus élevé de ces Pokémon et remettez-les dans la main de votre adversaire."}],"weaknesses":[{"type":"Psy","value":"×2"}],"retreat":1,"legal":{"standard":false,"expanded":false}},{"category":"Pokémon","id":"hgss2-2","illustrator":"Hajime Kusajima","image":"https://assets.tcgdex.net/fr/hgss/hgss2/2","localId":"2","name":"Maganon","rarity":"Rare","set":{"cardCount":{"official":95,"total":96},"id":"hgss2","logo":"https://assets.tcgdex.net/fr/hgss/hgss2/logo","name":"Déchaînement","symbol":"https://assets.tcgdex.net/univ/hgss/hgss2/symbol"},"variants":{"firstEdition":false,"holo":true,"normal":false,"reverse":true,"wPromo":false},"dexId":[467],"hp":110,"types":["Feu"],"evolveFrom":"Magmar","stage":"Niveau 1","attacks":[{"cost":["Feu","Incolore","Incolore"],"name":"Écras’dur","effect":"Défaussez les 3 cartes du dessus de votre deck. Cette attaque inflige 50 dégâts multipliés par le nombre de cartes Énergie que vous avez défaussées.","damage":"50×"},{"cost":["Feu","Feu","Incolore","Incolore"],"name":"Bazoocape","effect":"Défaussez 2 cartes Énergie Fire attachées à Maganon.","damage":100}],"weaknesses":[{"type":"Eau","value":"×2"}],"retreat":2,"legal":{"standard":false,"expanded":false}},{"category":"Pokémon","id":"hgss2-3","illustrator":"Masakazu Fukuda","image":"https://assets.tcgdex.net/fr/hgss/hgss2/3","localId":"3","name":"Manaphy","rarity":"Rare","set":{"cardCount":{"official":95,"total":96},"id":"hgss2","logo":"https://assets.tcgdex.net/fr/hgss/hgss2/logo","name":"Déchaînement","symbol":"https://assets.tcgdex.net/univ/hgss/hgss2/symbol"},"variants":{"firstEdition":false,"holo":true,"normal":false,"reverse":true,"wPromo":false},"dexId":[490],"hp":60,"types":["Eau"],"stage":"De base","attacks":[{"cost":["Incolore"],"name":"Remous abyssal","effect":"Mélangez votre main avec votre deck. Ensuite, piochez 5 cartes."},{"cost":["Eau"],"name":"Grosse vague","damage":20}],"weaknesses":[{"type":"Électrique","value":"×2"}],"retreat":0,"legal":{"standard":false,"expanded":false}},{"category":"Pokémon","id":"hgss2-4","illustrator":"Wataru Kawahara","image":"https://assets.tcgdex.net/fr/hgss/hgss2/4","localId":"4","name":"Metalosse","rarity":"Rare","set":{"cardCount":{"official":95,"total":96},"id":"hgss2","logo":"https://assets.tcgdex.net/fr/hgss/hgss2/logo","name":"Déchaînement","symbol":"https://assets.tcgdex.net/univ/hgss/hgss2/symbol"},"variants":{"firstEdition":false,"holo":true,"normal":false,"reverse":true,"wPromo":false},"dexId":[376],"hp":130,"types":["Psy"],"evolveFrom":"Metang","stage":"Niveau 2","abilities":[{"type":"Poké-BODY","name":"Psy-flotteur","effect":"Si une ou plusieurs cartes Énergie Psychic sont attachées à votre Pokémon Actif, le Coût de retraite de ce dernier est de 0."}],"attacks":[{"cost":["Incolore","Incolore"],"name":"Explosion vibrante","damage":60},{"cost":["Psy","Psy","Psy"],"name":"Marteau têtu","effect":"Choisissez 2 des Pokémon se trouvant sur le Banc de votre adversaire. Cette attaque inflige 40 dégâts à chacun d’entre eux. (N’appliquez ni la Faiblesse ni la Résistance aux Pokémon de Banc.)"}],"weaknesses":[{"type":"Psy","value":"×2"}],"retreat":4,"legal":{"standard":false,"expanded":false}},{"category":"Pokémon","id":"hgss2-5","illustrator":"Hideaki Hakozaki","image":"https://assets.tcgdex.net/fr/hgss/hgss2/5","localId":"5","name":"Magirêve","rarity":"Rare","set":{"cardCount":{"official":95,"total":96},"id":"hgss2","logo":"https://assets.tcgdex.net/fr/hgss/hgss2/logo","name":"Déchaînement","symbol":"https://assets.tcgdex.net/univ/hgss/hgss2/symbol"},"variants":{"firstEdition":false,"holo":true,"normal":false,"reverse":true,"wPromo":false},"dexId":[429],"hp":90,"types":["Psy"],"evolveFrom":"Feuforêve","stage":"Niveau 1","abilities":[{"type":"Poké-POWER","name":"Transfert magique","effect":"Une seule fois pendant votre tour (avant votre attaque), vous pouvez prendre une carte Énergie Psychic attachée à l’un de vos Pokémon et l’attacher à un autre Pokémon. Ce pouvoir ne peut pas être utilisé si Magirêve est affecté par un État Spécial."}],"attacks":[{"cost":["Psy"],"name":"Vibration psy","effect":"Inflige 10 dégâts à chacun des Pokémon se trouvant sur le Banc de votre adversaire et ayant des marqueurs de dégât. (N’appliquez ni la Faiblesse ni la Résistance aux Pokémon de Banc.)","damage":30}],"weaknesses":[{"type":"Obscurité","value":"×2"}],"resistances":[{"type":"Incolore","value":"-20"}],"retreat":1,"legal":{"standard":false,"expanded":false}},{"category":"Pokémon","id":"hgss2-6","illustrator":"Ken Sugimori","image":"https://assets.tcgdex.net/fr/hgss/hgss2/6","localId":"6","name":"Octillery","rarity":"Rare","set":{"cardCount":{"official":95,"total":96},"id":"hgss2","logo":"https://assets.tcgdex.net/fr/hgss/hgss2/logo","name":"Déchaînement","symbol":"https://assets.tcgdex.net/univ/hgss/hgss2/symbol"},"variants":{"firstEdition":false,"holo":true,"normal":false,"reverse":true,"wPromo":false},"dexId":[224],"hp":80,"types":["Eau"],"evolveFrom":"Remoraid","stage":"Niveau 1","attacks":[{"cost":["Eau"],"name":"Canon d’échange","effect":"Choisissez l’un des Pokémon de votre adversaire. Cette attaque inflige 30 dégâts à ce Pokémon. (N’appliquez ni la Faiblesse ni la Résistance aux Pokémon de Banc.) Échangez Octillery avec l’un des Pokémon de votre Banc."},{"cost":["Eau","Incolore","Incolore"],"name":"Bombe à encre","effect":"Si le Pokémon Défenseur essaie d’attaquer pendant le prochain tour de votre adversaire, ce dernier lance une pièce. Si c’est pile, cette attaque ne fait rien.","damage":50}],"weaknesses":[{"type":"Électrique","value":"×2"}],"retreat":2,"legal":{"standard":false,"expanded":false}},{"category":"Pokémon","id":"hgss2-7","illustrator":"Naoyo Kimura","image":"https://assets.tcgdex.net/fr/hgss/hgss2/7","localId":"7","name":"Tarpaud","rarity":"Rare","set":{"cardCount":{"official":95,"total":96},"id":"hgss2","logo":"https://assets.tcgdex.net/fr/hgss/hgss2/logo","name":"Déchaînement","symbol":"https://assets.tcgdex.net/univ/hgss/hgss2/symbol"},"variants":{"firstEdition":false,"holo":true,"normal":false,"reverse":true,"wPromo":false},"dexId":[186],"hp":120,"types":["Eau"],"evolveFrom":"Tetarte","stage":"Niveau 2","abilities":[{"type":"Poké-POWER","name":"Saute-grenouille","effect":"Une seule fois pendant votre tour (avant votre attaque), vous pouvez choisir un Pokémon Water de votre Banc et l’échanger avec votre Pokémon Actif. Ce pouvoir ne peut pas être utilisé si Tarpaud est affecté par un État Spécial."}],"attacks":[{"cost":["Eau","Incolore","Incolore"],"name":"Choralissime","effect":"Lancez une pièce pour chacun de vos Pokémon Water en jeu. Cette attaque inflige 30 dégâts multipliés par le nombre de côtés face.","damage":"30×"}],"weaknesses":[{"type":"Électrique","value":"×2"}],"retreat":2,"legal":{"standard":false,"expanded":false}},{"category":"Pokémon","id":"hgss2-8","illustrator":"Hideaki Hakozaki","image":"https://assets.tcgdex.net/fr/hgss/hgss2/8","localId":"8","name":"Shaymin","rarity":"Rare","set":{"cardCount":{"official":95,"total":96},"id":"hgss2","logo":"https://assets.tcgdex.net/fr/hgss/hgss2/logo","name":"Déchaînement","symbol":"https://assets.tcgdex.net/univ/hgss/hgss2/symbol"},"variants":{"firstEdition":false,"holo":true,"normal":false,"reverse":true,"wPromo":false},"dexId":[492],"hp":70,"types":["Plante"],"stage":"De base","abilities":[{"type":"Poké-POWER","name":"Vent de fête","effect":"Une seule fois pendant votre tour, lorsque vous placez Shaymin de votre main sur votre Banc, vous pouvez prendre une ou plusieurs cartes Énergie attachées à l’un de vos Pokémon et les attacher à un autre Pokémon."}],"attacks":[{"cost":["Plante","Incolore"],"name":"Énergie florissante","effect":"Retirez 3 marqueurs de dégât à chacun de vos Pokémon ayant une ou plusieurs cartes Énergie.","damage":30}],"weaknesses":[{"type":"Feu","value":"×2"}],"resistances":[{"type":"Combat","value":"-20"}],"retreat":1,"legal":{"standard":false,"expanded":false}},{"category":"Pokémon","id":"hgss2-9","illustrator":"Sachiko Adachi","image":"https://assets.tcgdex.net/fr/hgss/hgss2/9","localId":"9","name":"Simularbre","rarity":"Rare","set":{"cardCount":{"official":95,"total":96},"id":"hgss2","logo":"https://assets.tcgdex.net/fr/hgss/hgss2/logo","name":"Déchaînement","symbol":"https://assets.tcgdex.net/univ/hgss/hgss2/symbol"},"variants":{"firstEdition":false,"holo":true,"normal":false,"reverse":true,"wPromo":false},"dexId":[185],"hp":90,"types":["Combat"],"stage":"De base","attacks":[{"cost":["Combat"],"name":"Facilité","effect":"Inflige 20 dégâts multipliés par le nombre de cartes Énergie Fighting attachées à Simularbre.","damage":"20×"},{"cost":["Incolore","Incolore","Incolore"],"name":"Bagarre","effect":"Le Pokémon Défenseur ne peut pas battre en retraite durant le prochain tour de votre adversaire.","damage":40}],"weaknesses":[{"type":"Eau","value":"×2"}],"retreat":2,"legal":{"standard":false,"expanded":false}},{"category":"Pokémon","id":"hgss2-10","illustrator":"match","image":"https://assets.tcgdex.net/fr/hgss/hgss2/10","localId":"10","name":"Torterra","rarity":"Rare","set":{"cardCount":{"official":95,"total":96},"id":"hgss2","logo":"https://assets.tcgdex.net/fr/hgss/hgss2/logo","name":"Déchaînement","symbol":"https://assets.tcgdex.net/univ/hgss/hgss2/symbol"},"variants":{"firstEdition":false,"holo":false,"normal":false,"reverse":false,"wPromo":false},"dexId":[389],"hp":140,"types":["Plante"],"evolveFrom":"Boskara","stage":"Niveau 2","attacks":[{"cost":["Plante","Incolore","Incolore"],"name":"Giga-sangsue","effect":"Retirez de Torterra un nombre de marqueurs de dégât équivalant aux dégâts que vous avez infligés au Pokémon Défenseur.","damage":40},{"cost":["Plante","Incolore","Incolore","Incolore"],"name":"Écras’terre","damage":80}],"weaknesses":[{"type":"Feu","value":"×2"}],"retreat":4,"legal":{"standard":false,"expanded":false}},{"category":"Pokémon","id":"hgss2-11","illustrator":"sui","image":"https://assets.tcgdex.net/fr/hgss/hgss2/11","localId":"11","name":"Xatu","rarity":"Rare","set":{"cardCount":{"official":95,"total":96},"id":"hgss2","logo":"https://assets.tcgdex.net/fr/hgss/hgss2/logo","name":"Déchaînement","symbol":"https://assets.tcgdex.net/univ/hgss/hgss2/symbol"},"variants":{"firstEdition":false,"holo":true,"normal":false,"reverse":true,"wPromo":false},"dexId":[178],"hp":90,"types":["Psy"],"evolveFrom":"Natu","stage":"Niveau 1","attacks":[{"cost":["Psy"],"name":"Vague psy","effect":"Inflige 20 dégâts multipliés par le nombre de cartes Énergie attachées au Pokémon Défenseur.","damage":"20×"},{"cost":["Psy","Incolore","Incolore"],"name":"Onde folie","effect":"Lancez une pièce. Si c’est face, le Pokémon Défenseur est maintenant Confus.","damage":50}],"weaknesses":[{"type":"Électrique","value":"×2"}],"resistances":[{"type":"Combat","value":"-20"}],"retreat":1,"legal":{"standard":false,"expanded":false}},{"category":"Pokémon","id":"hgss2-12","illustrator":"Kyoko Umemoto","image":"https://assets.tcgdex.net/fr/hgss/hgss2/12","localId":"12","name":"Dardargnan","rarity":"Rare","set":{"cardCount":{"official":95,"total":96},"id":"hgss2","logo":"https://assets.tcgdex.net/fr/hgss/hgss2/logo","name":"Déchaînement","symbol":"https://assets.tcgdex.net/univ/hgss/hgss2/symbol"},"variants":{"firstEdition":false,"holo":false,"normal":true,"reverse":true,"wPromo":false},"dexId":[15],"hp":110,"types":["Plante"],"evolveFrom":"Coconfort","stage":"Niveau 2","attacks":[{"cost":["Plante"],"name":"Double-dard","effect":"Lancez 2 pièces. Cette attaque inflige 50 dégâts multipliés par le nombre de côtés face.","damage":"50×"},{"cost":["Plante","Incolore"],"name":"Poison paralysant","effect":"Le Pokémon Défenseur est maintenant Empoisonné. Lancez une pièce. Si c’est face, le Pokémon Défenseur est aussi Paralysé.","damage":20}],"weaknesses":[{"type":"Feu","value":"×2"}],"retreat":0,"legal":{"standard":false,"expanded":false}},{"category":"Pokémon","id":"hgss2-13","illustrator":"Masakazu Fukuda","image":"https://assets.tcgdex.net/fr/hgss/hgss2/13","localId":"13","name":"Tortank","rarity":"Rare","set":{"cardCount":{"official":95,"total":96},"id":"hgss2","logo":"https://assets.tcgdex.net/fr/hgss/hgss2/logo","name":"Déchaînement","symbol":"https://assets.tcgdex.net/univ/hgss/hgss2/symbol"},"variants":{"firstEdition":false,"holo":false,"normal":true,"reverse":true,"wPromo":false},"dexId":[9],"hp":130,"types":["Eau"],"evolveFrom":"Carabaffe","stage":"Niveau 2","abilities":[{"type":"Poké-POWER","name":"Surlavage","effect":"Autant de fois que vous le souhaitez pendant votre tour (avant votre attaque), vous pouvez prendre une carte Énergie Water attachée à l’un des Pokémon de votre Banc et l’attacher à votre Pokémon Actif. Ce pouvoir ne peut pas être utilisé si Tortank est affecté par un État Spécial."}],"attacks":[{"cost":["Eau","Eau","Incolore","Incolore"],"name":"Hydrolanceur","effect":"Récupérez dans votre main 2 cartes Énergie Water attachées à Tortank. Choisissez l’un des Pokémon de votre adversaire. Cette attaque inflige 100 dégâts à ce Pokémon. (N’appliquez ni la Faiblesse ni la Résistance aux Pokémon de Banc.)"}],"weaknesses":[{"type":"Électrique","value":"×2"}],"retreat":3,"legal":{"standard":false,"expanded":false}},{"category":"Pokémon","id":"hgss2-14","illustrator":"kawayoo","image":"https://assets.tcgdex.net/fr/hgss/hgss2/14","localId":"14","name":"Nostenfer","rarity":"Rare","set":{"cardCount":{"official":95,"total":96},"id":"hgss2","logo":"https://assets.tcgdex.net/fr/hgss/hgss2/logo","name":"Déchaînement","symbol":"https://assets.tcgdex.net/univ/hgss/hgss2/symbol"},"variants":{"firstEdition":false,"holo":false,"normal":true,"reverse":false,"wPromo":false},"dexId":[169],"hp":110,"types":["Psy"],"evolveFrom":"Nosferalto","stage":"Niveau 2","attacks":[{"cost":["Psy"],"name":"Ultrason","effect":"Le Pokémon Défenseur est maintenant Confus.","damage":30},{"cost":["Psy","Incolore","Incolore"],"name":"Tornad’aile","effect":"Lancez 4 pièces. Cette attaque inflige 30 dégâts multipliés par le nombre de côtés face.","damage":"30×"}],"weaknesses":[{"type":"Électrique","value":"×2"}],"resistances":[{"type":"Combat","value":"-20"}],"retreat":0,"legal":{"standard":false,"expanded":false}},{"category":"Pokémon","id":"hgss2-15","illustrator":"Kagemaru Himeno","image":"https://assets.tcgdex.net/fr/hgss/hgss2/15","localId":"15","name":"Rapasdepic","rarity":"Rare","set":{"cardCount":{"official":95,"total":96},"id":"hgss2","logo":"https://assets.tcgdex.net/fr/hgss/hgss2/logo","name":"Déchaînement","symbol":"https://assets.tcgdex.net/univ/hgss/hgss2/symbol"},"variants":{"firstEdition":false,"holo":false,"normal":true,"reverse":true,"wPromo":false},"dexId":[22],"hp":80,"types":["Incolore"],"evolveFrom":"Piafabec","stage":"Niveau 1","attacks":[{"cost":["Incolore","Incolore"],"name":"Cru-aile","damage":30},{"cost":["Incolore","Incolore","Incolore"],"name":"Multivrille","effect":"Lancez 5 pièces. Cette attaque inflige 20 dégâts multipliés par le nombre de côtés face.","damage":"20×"}],"weaknesses":[{"type":"Électrique","value":"×2"}],"resistances":[{"type":"Combat","value":"-20"}],"retreat":1,"legal":{"standard":false,"expanded":false}},{"category":"Pokémon","id":"hgss2-16","illustrator":"Masakazu Fukuda","image":"https://assets.tcgdex.net/fr/hgss/hgss2/16","localId":"16","name":"Mustéflott","rarity":"Rare","set":{"cardCount":{"official":95,"total":96},"id":"hgss2","logo":"https://assets.tcgdex.net/fr/hgss/hgss2/logo","name":"Déchaînement","symbol":"https://assets.tcgdex.net/univ/hgss/hgss2/symbol"},"variants":{"firstEdition":false,"holo":false,"normal":true,"reverse":true,"wPromo":false},"dexId":[419],"hp":80,"types":["Eau"],"evolveFrom":"Mustébouée","stage":"Niveau 1","abilities":[{"type":"Poké-POWER","name":"Hydro-accélération","effect":"Une seule fois pendant votre tour (avant votre attaque), vous pouvez attacher une carte Énergie Water de votre main à Mustéflott. Ce pouvoir ne peut pas être utilisé si Mustéflott est affecté par un État Spécial."}],"attacks":[{"cost":["Eau","Eau","Incolore"],"name":"Cascade","damage":60}],"weaknesses":[{"type":"Électrique","value":"×2"}],"retreat":0,"legal":{"standard":false,"expanded":false}},{"category":"Pokémon","id":"hgss2-17","illustrator":"Shin Nagasawa","image":"https://assets.tcgdex.net/fr/hgss/hgss2/17","localId":"17","name":"Hyporoi","rarity":"Rare","set":{"cardCount":{"official":95,"total":96},"id":"hgss2","logo":"https://assets.tcgdex.net/fr/hgss/hgss2/logo","name":"Déchaînement","symbol":"https://assets.tcgdex.net/univ/hgss/hgss2/symbol"},"variants":{"firstEdition":false,"holo":false,"normal":true,"reverse":true,"wPromo":false},"dexId":[230],"hp":130,"types":["Eau"],"evolveFrom":"Hypocean","stage":"Niveau 2","attacks":[{"cost":["Eau"],"name":"Flèche d’eau","effect":"Choisissez l’un des Pokémon de votre adversaire. Cette attaque inflige 30 dégâts à ce Pokémon. (N’appliquez ni la Faiblesse ni la Résistance aux Pokémon de Banc.)"},{"cost":["Eau","Incolore","Incolore"],"name":"Pompe à eau","effect":"Vous pouvez infliger 50 dégâts plus 30 dégâts supplémentaires. Dans ce cas, récupérez dans votre main une carte Énergie attachée à Hyporoi.","damage":"50+"}],"weaknesses":[{"type":"Électrique","value":"×2"}],"retreat":1,"legal":{"standard":false,"expanded":false}},{"category":"Pokémon","id":"hgss2-18","illustrator":"sui","image":"https://assets.tcgdex.net/fr/hgss/hgss2/18","localId":"18","name":"Lanturn","rarity":"Rare","set":{"cardCount":{"official":95,"total":96},"id":"hgss2","logo":"https://assets.tcgdex.net/fr/hgss/hgss2/logo","name":"Déchaînement","symbol":"https://assets.tcgdex.net/univ/hgss/hgss2/symbol"},"variants":{"firstEdition":false,"holo":false,"normal":true,"reverse":true,"wPromo":false},"dexId":[171],"hp":90,"types":["Électrique"],"evolveFrom":"Loupio","stage":"Niveau 1","attacks":[{"cost":["Électrique"],"name":"Onde folie","effect":"Lancez une pièce. Si c’est face, le Pokémon Défenseur est maintenant Confus.","damage":20},{"cost":["Électrique","Incolore","Incolore"],"name":"Renvoi d’énergie","effect":"Prenez une carte Énergie attachée à Lanturn et attachez-la à l’un des Pokémon de votre Banc.","damage":60}],"weaknesses":[{"type":"Combat","value":"×2"}],"retreat":2,"legal":{"standard":false,"expanded":false}},{"category":"Pokémon","id":"hgss2-19","illustrator":"Kouki Saitou","image":"https://assets.tcgdex.net/fr/hgss/hgss2/19","localId":"19","name":"Lucario","rarity":"Rare","set":{"cardCount":{"official":95,"total":96},"id":"hgss2","logo":"https://assets.tcgdex.net/fr/hgss/hgss2/logo","name":"Déchaînement","symbol":"https://assets.tcgdex.net/univ/hgss/hgss2/symbol"},"variants":{"firstEdition":false,"holo":false,"normal":true,"reverse":true,"wPromo":false},"dexId":[448],"hp":90,"types":["Combat"],"evolveFrom":"Riolu","stage":"Niveau 1","attacks":[{"cost":["Incolore"],"name":"Gonflette","effect":"Lors de votre prochain tour, chaque attaque de Lucario inflige 30 dégâts supplémentaires au Pokémon Défenseur (avant application de la Faiblesse et de la Résistance).","damage":30},{"cost":["Combat","Combat"],"name":"Poing magnum","damage":50}],"weaknesses":[{"type":"Psy","value":"×2"}],"retreat":1,"legal":{"standard":false,"expanded":false}},{"category":"Pokémon","id":"hgss2-20","illustrator":"Hajime Kusajima","image":"https://assets.tcgdex.net/fr/hgss/hgss2/20","localId":"20","name":"Feunard","rarity":"Rare","set":{"cardCount":{"official":95,"total":96},"id":"hgss2","logo":"https://assets.tcgdex.net/fr/hgss/hgss2/logo","name":"Déchaînement","symbol":"https://assets.tcgdex.net/univ/hgss/hgss2/symbol"},"variants":{"firstEdition":false,"holo":false,"normal":false,"reverse":true,"wPromo":false},"dexId":[38],"hp":90,"types":["Feu"],"evolveFrom":"Goupix","stage":"Niveau 1","attacks":[{"cost":["Feu"],"name":"Accélération ardente","effect":"Cherchez dans votre pile de défausse jusqu’à 3 cartes Énergie Fire et attachez-les à l’un de vos Pokémon."},{"cost":["Feu","Incolore"],"name":"Flammes calcinantes","effect":"Le Pokémon Défenseur est maintenant Brûlé.","damage":30}],"weaknesses":[{"type":"Eau","value":"×2"}],"retreat":1,"legal":{"standard":false,"expanded":false}},{"category":"Pokémon","id":"hgss2-21","illustrator":"Naoyo Kimura","image":"https://assets.tcgdex.net/fr/hgss/hgss2/21","localId":"21","name":"Tartard","rarity":"Rare","set":{"cardCount":{"official":95,"total":96},"id":"hgss2","logo":"https://assets.tcgdex.net/fr/hgss/hgss2/logo","name":"Déchaînement","symbol":"https://assets.tcgdex.net/univ/hgss/hgss2/symbol"},"variants":{"firstEdition":false,"holo":false,"normal":true,"reverse":true,"wPromo":false},"dexId":[62],"hp":130,"types":["Eau"],"evolveFrom":"Tetarte","stage":"Niveau 2","attacks":[{"cost":["Eau","Incolore"],"name":"Rouleau compresseur","effect":"Inflige 20 dégâts à l’un des Pokémon se trouvant sur le Banc de votre adversaire. (N’appliquez ni la Faiblesse ni la Résistance aux Pokémon de Banc.)","damage":40},{"cost":["Eau","Incolore","Incolore"],"name":"Dynamo-poing","effect":"Lancez une pièce. Si c’est face, cette attaque inflige 60 dégâts plus 40 dégâts supplémentaires et le Pokémon Défenseur est maintenant Confus.","damage":"60+"}],"weaknesses":[{"type":"Électrique","value":"×2"}],"retreat":3,"legal":{"standard":false,"expanded":false}},{"category":"Pokémon","id":"hgss2-22","illustrator":"Sachiko Adachi","image":"https://assets.tcgdex.net/fr/hgss/hgss2/22","localId":"22","name":"Colossinge","rarity":"Rare","set":{"cardCount":{"official":95,"total":96},"id":"hgss2","logo":"https://assets.tcgdex.net/fr/hgss/hgss2/logo","name":"Déchaînement","symbol":"https://assets.tcgdex.net/univ/hgss/hgss2/symbol"},"variants":{"firstEdition":false,"holo":false,"normal":true,"reverse":true,"wPromo":false},"dexId":[57],"hp":90,"types":["Combat"],"evolveFrom":"Férosinge","stage":"Niveau 1","attacks":[{"cost":["Incolore","Incolore"],"name":"Balayage","damage":30},{"cost":["Combat","Combat"],"name":"Rythmofrappe","effect":"Choisissez l’un des Pokémon de votre adversaire. Lancez une pièce jusqu’à ce qu’elle tombe sur pile. Cette attaque inflige à ce Pokémon 50 dégâts multipliés par le nombre de côtés face. (N’appliquez ni la Faiblesse ni la Résistance aux Pokémon de Banc.)"}],"weaknesses":[{"type":"Psy","value":"×2"}],"retreat":1,"legal":{"standard":false,"expanded":false}},{"category":"Pokémon","id":"hgss2-23","illustrator":"Takashi Yamaguchi","image":"https://assets.tcgdex.net/fr/hgss/hgss2/23","localId":"23","name":"Roserade","rarity":"Rare","set":{"cardCount":{"official":95,"total":96},"id":"hgss2","logo":"https://assets.tcgdex.net/fr/hgss/hgss2/logo","name":"Déchaînement","symbol":"https://assets.tcgdex.net/univ/hgss/hgss2/symbol"},"variants":{"firstEdition":false,"holo":false,"normal":true,"reverse":true,"wPromo":false},"dexId":[407],"hp":90,"types":["Plante"],"evolveFrom":"Roselia","stage":"Niveau 1","abilities":[{"type":"Poké-POWER","name":"Signal d’énergie","effect":"Lorsque vous attachez une carte Énergie Grass ou Énergie Psychic de votre main à Roserade, vous pouvez utiliser ce pouvoir. Si vous attachez une carte Énergie Grass, le Pokémon Défenseur est maintenant Confus. Si vous attachez une carte Énergie Psychic, le Pokémon Défenseur est maintenant Empoisonné. Ce pouvoir ne peut pas être utilisé si Roserade est affecté par un État Spécial."}],"attacks":[{"cost":["Plante","Incolore"],"name":"Coup puissant","effect":"Inflige 20 dégâts multipliés par le nombre de cartes Énergie attachées à Roserade.","damage":"20×"}],"weaknesses":[{"type":"Feu","value":"×2"}],"retreat":1,"legal":{"standard":false,"expanded":false}},{"category":"Pokémon","id":"hgss2-24","illustrator":"Masakazu Fukuda","image":"https://assets.tcgdex.net/fr/hgss/hgss2/24","localId":"24","name":"Steelix","rarity":"Rare","set":{"cardCount":{"official":95,"total":96},"id":"hgss2","logo":"https://assets.tcgdex.net/fr/hgss/hgss2/logo","name":"Déchaînement","symbol":"https://assets.tcgdex.net/univ/hgss/hgss2/symbol"},"variants":{"firstEdition":false,"holo":false,"normal":true,"reverse":false,"wPromo":false},"dexId":[208],"hp":120,"types":["Métal"],"evolveFrom":"Onix","stage":"Niveau 1","attacks":[{"cost":["Métal","Incolore","Incolore"],"name":"Pression de garde","effect":"Tous les dégâts infligés à Steelix par des attaques pendant le prochain tour de votre adversaire sont réduits de 20 (après application de la Faiblesse et de la Résistance).","damage":40},{"cost":["Métal","Métal","Incolore","Incolore"],"name":"Frappe d’acier","effect":"Lancez 2 pièces. Cette attaque inflige 80 dégâts multipliés par le nombre de côtés face.","damage":"80×"}],"weaknesses":[{"type":"Feu","value":"×2"}],"resistances":[{"type":"Psy","value":"-20"}],"retreat":4,"legal":{"standard":false,"expanded":false}},{"category":"Pokémon","id":"hgss2-25","illustrator":"Hideaki Hakozaki","image":"https://assets.tcgdex.net/fr/hgss/hgss2/25","localId":"25","name":"Chartor","rarity":"Rare","set":{"cardCount":{"official":95,"total":96},"id":"hgss2","logo":"https://assets.tcgdex.net/fr/hgss/hgss2/logo","name":"Déchaînement","symbol":"https://assets.tcgdex.net/univ/hgss/hgss2/symbol"},"variants":{"firstEdition":false,"holo":false,"normal":true,"reverse":true,"wPromo":false},"dexId":[324],"hp":80,"types":["Feu"],"stage":"De base","abilities":[{"type":"Poké-POWER","name":"Grognement ardent","effect":"Une seule fois pendant votre tour, lorsque vous placez Chartor de votre main sur votre Banc, vous pouvez lancer une pièce. Si c’est face, le Pokémon Défenseur est maintenant Brûlé."}],"attacks":[{"cost":["Feu","Incolore"],"name":"Intimidation","damage":30}],"weaknesses":[{"type":"Eau","value":"×2"}],"retreat":2,"legal":{"standard":false,"expanded":false}},{"category":"Pokémon","id":"hgss2-26","illustrator":"Kouki Saitou","image":"https://assets.tcgdex.net/fr/hgss/hgss2/26","localId":"26","name":"Tyranocif","rarity":"Rare","set":{"cardCount":{"official":95,"total":96},"id":"hgss2","logo":"https://assets.tcgdex.net/fr/hgss/hgss2/logo","name":"Déchaînement","symbol":"https://assets.tcgdex.net/univ/hgss/hgss2/symbol"},"variants":{"firstEdition":false,"holo":false,"normal":true,"reverse":false,"wPromo":false},"dexId":[248],"hp":140,"types":["Obscurité"],"evolveFrom":"Ymphect","stage":"Niveau 2","attacks":[{"cost":["Incolore","Incolore","Incolore"],"name":"Destruqueue","effect":"Lancez une pièce. Si c’est face, cette attaque inflige 40 dégâts plus 20 dégâts supplémentaires.","damage":"40+"},{"cost":["Obscurité","Obscurité","Incolore","Incolore"],"name":"Ultralaser","effect":"Défaussez une carte Énergie attachée au Pokémon Défenseur.","damage":80}],"weaknesses":[{"type":"Combat","value":"×2"}],"resistances":[{"type":"Psy","value":"-20"}],"retreat":3,"legal":{"standard":false,"expanded":false}},{"category":"Pokémon","id":"hgss2-27","illustrator":"Kouki Saitou","image":"https://assets.tcgdex.net/fr/hgss/hgss2/27","localId":"27","name":"Ursaring","rarity":"Rare","set":{"cardCount":{"official":95,"total":96},"id":"hgss2","logo":"https://assets.tcgdex.net/fr/hgss/hgss2/logo","name":"Déchaînement","symbol":"https://assets.tcgdex.net/univ/hgss/hgss2/symbol"},"variants":{"firstEdition":false,"holo":false,"normal":true,"reverse":false,"wPromo":false},"dexId":[217],"hp":100,"types":["Incolore"],"evolveFrom":"Teddiursa","stage":"Niveau 1","attacks":[{"cost":["Incolore"],"name":"Confrontation","damage":20},{"cost":["Incolore","Incolore","Incolore"],"name":"Coup-croix","effect":"Lancez une pièce. Si c’est face, cette attaque inflige 50 dégâts plus 30 dégâts supplémentaires.","damage":"50+"}],"weaknesses":[{"type":"Combat","value":"×2"}],"retreat":3,"legal":{"standard":false,"expanded":false}},{"category":"Pokémon","id":"hgss2-28","illustrator":"match","image":"https://assets.tcgdex.net/fr/hgss/hgss2/28","localId":"28","name":"Ceriflor","rarity":"Peu Commune","set":{"cardCount":{"official":95,"total":96},"id":"hgss2","logo":"https://assets.tcgdex.net/fr/hgss/hgss2/logo","name":"Déchaînement","symbol":"https://assets.tcgdex.net/univ/hgss/hgss2/symbol"},"variants":{"firstEdition":false,"holo":false,"normal":true,"reverse":true,"wPromo":false},"dexId":[421],"hp":80,"types":["Plante"],"evolveFrom":"Ceribou","stage":"Niveau 1","abilities":[{"type":"Poké-POWER","name":"Guérison solaire","effect":"Une seule fois pendant votre tour (avant votre attaque), vous pouvez retirer un marqueur de dégât de votre Pokémon Actif. Ce pouvoir ne peut pas être utilisé si Ceriflor est affecté par un État Spécial."}],"attacks":[{"cost":["Plante"],"name":"Canon graine","damage":30}],"weaknesses":[{"type":"Feu","value":"×2"}],"resistances":[{"type":"Eau","value":"-20"}],"retreat":1,"legal":{"standard":false,"expanded":false}},{"category":"Pokémon","id":"hgss2-29","illustrator":"Takashi Yamaguchi","image":"https://assets.tcgdex.net/fr/hgss/hgss2/29","localId":"29","name":"Insolourdo","rarity":"Peu Commune","set":{"cardCount":{"official":95,"total":96},"id":"hgss2","logo":"https://assets.tcgdex.net/fr/hgss/hgss2/logo","name":"Déchaînement","symbol":"https://assets.tcgdex.net/univ/hgss/hgss2/symbol"},"variants":{"firstEdition":false,"holo":false,"normal":true,"reverse":true,"wPromo":false},"dexId":[206],"hp":60,"types":["Incolore"],"stage":"De base","attacks":[{"cost":["Incolore"],"name":"Retour","effect":"Piochez jusqu’à ce que vous ayez 6 cartes en main.","damage":10}],"weaknesses":[{"type":"Combat","value":"×2"}],"retreat":1,"legal":{"standard":false,"expanded":false}},{"category":"Pokémon","id":"hgss2-30","illustrator":"kawayoo","image":"https://assets.tcgdex.net/fr/hgss/hgss2/30","localId":"30","name":"Nosferalto","rarity":"Peu Commune","set":{"cardCount":{"official":95,"total":96},"id":"hgss2","logo":"https://assets.tcgdex.net/fr/hgss/hgss2/logo","name":"Déchaînement","symbol":"https://assets.tcgdex.net/univ/hgss/hgss2/symbol"},"variants":{"firstEdition":false,"holo":false,"normal":true,"reverse":true,"wPromo":false},"dexId":[42],"hp":80,"types":["Psy"],"evolveFrom":"Nosferapti","stage":"Niveau 1","attacks":[{"cost":["Psy"],"name":"Regard noir","effect":"Le Pokémon Défenseur ne peut pas battre en retraite durant le prochain tour de votre adversaire.","damage":20}],"weaknesses":[{"type":"Électrique","value":"×2"}],"resistances":[{"type":"Combat","value":"-20"}],"retreat":0,"legal":{"standard":false,"expanded":false}},{"category":"Pokémon","id":"hgss2-31","illustrator":"match","image":"https://assets.tcgdex.net/fr/hgss/hgss2/31","localId":"31","name":"Boskara","rarity":"Peu Commune","set":{"cardCount":{"official":95,"total":96},"id":"hgss2","logo":"https://assets.tcgdex.net/fr/hgss/hgss2/logo","name":"Déchaînement","symbol":"https://assets.tcgdex.net/univ/hgss/hgss2/symbol"},"variants":{"firstEdition":false,"holo":false,"normal":true,"reverse":true,"wPromo":false},"dexId":[388],"hp":90,"types":["Plante"],"evolveFrom":"Tortipouss","stage":"Niveau 1","attacks":[{"cost":["Plante","Incolore"],"name":"Tranch’herbe","damage":30},{"cost":["Plante","Incolore","Incolore"],"name":"Poudre dodo","effect":"Lancez une pièce. Si c’est face, le Pokémon Défenseur est maintenant Endormi.","damage":50}],"weaknesses":[{"type":"Feu","value":"×2"}],"resistances":[{"type":"Eau","value":"-20"}],"retreat":2,"legal":{"standard":false,"expanded":false}},{"category":"Pokémon","id":"hgss2-32","illustrator":"Kyoko Umemoto","image":"https://assets.tcgdex.net/fr/hgss/hgss2/32","localId":"32","name":"Coconfort","rarity":"Peu Commune","set":{"cardCount":{"official":95,"total":96},"id":"hgss2","logo":"https://assets.tcgdex.net/fr/hgss/hgss2/logo","name":"Déchaînement","symbol":"https://assets.tcgdex.net/univ/hgss/hgss2/symbol"},"variants":{"firstEdition":false,"holo":false,"normal":true,"reverse":true,"wPromo":false},"dexId":[14],"hp":80,"types":["Plante"],"evolveFrom":"Aspicot","stage":"Niveau 1","attacks":[{"cost":["Incolore"],"name":"Évolution rapide","effect":"Cherchez dans votre deck une carte Évolution de Coconfort et placez-la sur Coconfort (cela équivaut à faire évoluer Coconfort). Mélangez ensuite votre deck."},{"cost":["Plante"],"name":"Dard-venin","effect":"Le Pokémon Défenseur est maintenant Empoisonné."}],"weaknesses":[{"type":"Feu","value":"×2"}],"retreat":2,"legal":{"standard":false,"expanded":false}},{"category":"Pokémon","id":"hgss2-33","illustrator":"Wataru Kawahara","image":"https://assets.tcgdex.net/fr/hgss/hgss2/33","localId":"33","name":"Metang","rarity":"Peu Commune","set":{"cardCount":{"official":95,"total":96},"id":"hgss2","logo":"https://assets.tcgdex.net/fr/hgss/hgss2/logo","name":"Déchaînement","symbol":"https://assets.tcgdex.net/univ/hgss/hgss2/symbol"},"variants":{"firstEdition":false,"holo":false,"normal":true,"reverse":true,"wPromo":false},"dexId":[375],"hp":80,"types":["Psy"],"evolveFrom":"Terhal","stage":"Niveau 1","attacks":[{"cost":["Psy"],"name":"Grue d’énergie","effect":"Cherchez jusqu’à 2 cartes Énergie Psychic dans votre pile de défausse et attachez-les à vos Pokémon comme bon vous semble."},{"cost":["Psy","Incolore","Incolore"],"name":"Coup de poing psy","damage":50}],"weaknesses":[{"type":"Psy","value":"×2"}],"retreat":3,"legal":{"standard":false,"expanded":false}},{"category":"Pokémon","id":"hgss2-34","illustrator":"Kouki Saitou","image":"https://assets.tcgdex.net/fr/hgss/hgss2/34","localId":"34","name":"Negapi","rarity":"Peu Commune","set":{"cardCount":{"official":95,"total":96},"id":"hgss2","logo":"https://assets.tcgdex.net/fr/hgss/hgss2/logo","name":"Déchaînement","symbol":"https://assets.tcgdex.net/univ/hgss/hgss2/symbol"},"variants":{"firstEdition":false,"holo":false,"normal":true,"reverse":true,"wPromo":false},"dexId":[312],"hp":60,"types":["Électrique"],"stage":"De base","attacks":[{"cost":["Incolore"],"name":"Appel à la famille","effect":"Cherchez jusqu’à 2 cartes Pokémon de base dans votre deck et placez-les sur votre Banc. Mélangez ensuite votre deck."},{"cost":["Électrique"],"name":"Boost de groupe","effect":"Si Posipi se trouve sur votre Banc, cette attaque inflige 10 dégâts plus 20 dégâts supplémentaires.","damage":"10+"}],"weaknesses":[{"type":"Combat","value":"×2"}],"resistances":[{"type":"Métal","value":"-20"}],"retreat":1,"legal":{"standard":false,"expanded":false}},{"category":"Pokémon","id":"hgss2-35","illustrator":"Hajime Kusajima","image":"https://assets.tcgdex.net/fr/hgss/hgss2/35","localId":"35","name":"Chamallot","rarity":"Peu Commune","set":{"cardCount":{"official":95,"total":96},"id":"hgss2","logo":"https://assets.tcgdex.net/fr/hgss/hgss2/logo","name":"Déchaînement","symbol":"https://assets.tcgdex.net/univ/hgss/hgss2/symbol"},"variants":{"firstEdition":false,"holo":false,"normal":true,"reverse":true,"wPromo":false},"dexId":[322],"hp":60,"types":["Feu"],"stage":"De base","attacks":[{"cost":["Incolore"],"name":"Bonus d’intimidation","effect":"Défaussez une carte Énergie Fire de votre main. Ensuite, piochez 3 cartes."},{"cost":["Feu","Feu","Incolore"],"name":"Fournaise","damage":40}],"weaknesses":[{"type":"Eau","value":"×2"}],"retreat":1,"legal":{"standard":false,"expanded":false}},{"category":"Pokémon","id":"hgss2-36","illustrator":"Kouki Saitou","image":"https://assets.tcgdex.net/fr/hgss/hgss2/36","localId":"36","name":"Posipi","rarity":"Peu Commune","set":{"cardCount":{"official":95,"total":96},"id":"hgss2","logo":"https://assets.tcgdex.net/fr/hgss/hgss2/logo","name":"Déchaînement","symbol":"https://assets.tcgdex.net/univ/hgss/hgss2/symbol"},"variants":{"firstEdition":false,"holo":false,"normal":true,"reverse":true,"wPromo":false},"dexId":[311],"hp":60,"types":["Électrique"],"stage":"De base","attacks":[{"cost":["Incolore"],"name":"Collectionner","effect":"Piochez 2 cartes."},{"cost":["Électrique"],"name":"Secousse tonnerre","effect":"Lancez une pièce. Si c’est pile, Posipi s’inflige 10 dégâts.","damage":20}],"weaknesses":[{"type":"Combat","value":"×2"}],"resistances":[{"type":"Métal","value":"-20"}],"retreat":1,"legal":{"standard":false,"expanded":false}},{"category":"Pokémon","id":"hgss2-37","illustrator":"Naoyo Kimura","image":"https://assets.tcgdex.net/fr/hgss/hgss2/37","localId":"37","name":"Tetarte","rarity":"Peu Commune","set":{"cardCount":{"official":95,"total":96},"id":"hgss2","logo":"https://assets.tcgdex.net/fr/hgss/hgss2/logo","name":"Déchaînement","symbol":"https://assets.tcgdex.net/univ/hgss/hgss2/symbol"},"variants":{"firstEdition":false,"holo":false,"normal":true,"reverse":true,"wPromo":false},"dexId":[61],"hp":80,"types":["Eau"],"evolveFrom":"Ptitard","stage":"Niveau 1","attacks":[{"cost":["Eau"],"name":"Hypnoblast","effect":"Le Pokémon Défenseur est maintenant Endormi.","damage":20},{"cost":["Incolore","Incolore"],"name":"Poing léger","damage":30}],"weaknesses":[{"type":"Électrique","value":"×2"}],"retreat":1,"legal":{"standard":false,"expanded":false}},{"category":"Pokémon","id":"hgss2-38","illustrator":"Sumiyoshi Kizuki","image":"https://assets.tcgdex.net/fr/hgss/hgss2/38","localId":"38","name":"Ymphect","rarity":"Peu Commune","set":{"cardCount":{"official":95,"total":96},"id":"hgss2","logo":"https://assets.tcgdex.net/fr/hgss/hgss2/logo","name":"Déchaînement","symbol":"https://assets.tcgdex.net/univ/hgss/hgss2/symbol"},"variants":{"firstEdition":false,"holo":false,"normal":true,"reverse":true,"wPromo":false},"dexId":[247],"hp":70,"types":["Combat"],"evolveFrom":"Embrylex","stage":"Niveau 1","abilities":[{"type":"Poké-BODY","name":"Gazoboost","effect":"Si une ou plusieurs cartes Énergie sont attachées à Ymphect, le Coût de retraite de ce dernier est de 0."}],"attacks":[{"cost":["Incolore","Incolore"],"name":"Frénésie","effect":"Inflige 20 dégâts plus 10 dégâts supplémentaires pour chaque marqueur de dégât placé sur Ymphect.","damage":"20+"}],"weaknesses":[{"type":"Eau","value":"×2"}],"resistances":[{"type":"Électrique","value":"-20"}],"retreat":1,"legal":{"standard":false,"expanded":false}},{"category":"Pokémon","id":"hgss2-39","illustrator":"Kouki Saitou","image":"https://assets.tcgdex.net/fr/hgss/hgss2/39","localId":"39","name":"Ymphect","rarity":"Peu Commune","set":{"cardCount":{"official":95,"total":96},"id":"hgss2","logo":"https://assets.tcgdex.net/fr/hgss/hgss2/logo","name":"Déchaînement","symbol":"https://assets.tcgdex.net/univ/hgss/hgss2/symbol"},"variants":{"firstEdition":false,"holo":false,"normal":true,"reverse":true,"wPromo":false},"dexId":[247],"hp":80,"types":["Combat"],"evolveFrom":"Embrylex","stage":"Niveau 1","attacks":[{"cost":["Combat","Incolore"],"name":"Enfoncer","damage":30},{"cost":["Combat","Incolore","Incolore"],"name":"Attaque rapide","damage":50}],"weaknesses":[{"type":"Eau","value":"×2"}],"resistances":[{"type":"Électrique","value":"-20"}],"retreat":1,"legal":{"standard":false,"expanded":false}},{"category":"Pokémon","id":"hgss2-40","illustrator":"Shin Nagasawa","image":"https://assets.tcgdex.net/fr/hgss/hgss2/40","localId":"40","name":"Hypocean","rarity":"Peu Commune","set":{"cardCount":{"official":95,"total":96},"id":"hgss2","logo":"https://assets.tcgdex.net/fr/hgss/hgss2/logo","name":"Déchaînement","symbol":"https://assets.tcgdex.net/univ/hgss/hgss2/symbol"},"variants":{"firstEdition":false,"holo":false,"normal":true,"reverse":true,"wPromo":false},"dexId":[117],"hp":80,"types":["Eau"],"evolveFrom":"Hypotrempe","stage":"Niveau 1","attacks":[{"cost":["Eau"],"name":"Ocroupi","effect":"Inflige 10 dégâts à l’un des Pokémon se trouvant sur le Banc de votre adversaire. (N’appliquez ni la Faiblesse ni la Résistance aux Pokémon de Banc.)","damage":20},{"cost":["Eau","Incolore","Incolore"],"name":"Aileron-rasoir","damage":50}],"weaknesses":[{"type":"Électrique","value":"×2"}],"retreat":1,"legal":{"standard":false,"expanded":false}},{"category":"Pokémon","id":"hgss2-41","illustrator":"Tomokazu Komiya","image":"https://assets.tcgdex.net/fr/hgss/hgss2/41","localId":"41","name":"Tauros","rarity":"Peu Commune","set":{"cardCount":{"official":95,"total":96},"id":"hgss2","logo":"https://assets.tcgdex.net/fr/hgss/hgss2/logo","name":"Déchaînement","symbol":"https://assets.tcgdex.net/univ/hgss/hgss2/symbol"},"variants":{"firstEdition":false,"holo":false,"normal":true,"reverse":true,"wPromo":false},"dexId":[128],"hp":90,"types":["Incolore"],"stage":"De base","attacks":[{"cost":["Incolore","Incolore"],"name":"Coud’pattes","damage":20},{"cost":["Incolore","Incolore"],"name":"Taurouge","effect":"Lancez 3 pièces. Cette attaque inflige 30 dégâts multipliés par le nombre de côtés face. Tauros est maintenant Confus.","damage":"30×"}],"weaknesses":[{"type":"Combat","value":"×2"}],"retreat":2,"legal":{"standard":false,"expanded":false}},{"category":"Pokémon","id":"hgss2-42","illustrator":"Masakazu Fukuda","image":"https://assets.tcgdex.net/fr/hgss/hgss2/42","localId":"42","name":"Carabaffe","rarity":"Peu Commune","set":{"cardCount":{"official":95,"total":96},"id":"hgss2","logo":"https://assets.tcgdex.net/fr/hgss/hgss2/logo","name":"Déchaînement","symbol":"https://assets.tcgdex.net/univ/hgss/hgss2/symbol"},"variants":{"firstEdition":false,"holo":false,"normal":true,"reverse":false,"wPromo":false},"dexId":[8],"hp":80,"types":["Eau"],"evolveFrom":"Carapuce","stage":"Niveau 1","attacks":[{"cost":["Eau"],"name":"Flèche d’eau","effect":"Choisissez l’un des Pokémon de votre adversaire. Cette attaque inflige 20 dégâts à ce Pokémon. (N’appliquez ni la Faiblesse ni la Résistance aux Pokémon de Banc.)"},{"cost":["Eau","Incolore","Incolore"],"name":"Surf","damage":50}],"weaknesses":[{"type":"Électrique","value":"×2"}],"retreat":1,"legal":{"standard":false,"expanded":false}},{"category":"Pokémon","id":"hgss2-43","illustrator":"Ken Sugimori","image":"https://assets.tcgdex.net/fr/hgss/hgss2/43","localId":"43","name":"Capumain","rarity":"Commune","set":{"cardCount":{"official":95,"total":96},"id":"hgss2","logo":"https://assets.tcgdex.net/fr/hgss/hgss2/logo","name":"Déchaînement","symbol":"https://assets.tcgdex.net/univ/hgss/hgss2/symbol"},"variants":{"firstEdition":false,"holo":false,"normal":true,"reverse":true,"wPromo":false},"dexId":[190],"hp":50,"types":["Incolore"],"stage":"De base","attacks":[{"cost":["Incolore"],"name":"Queue codée","effect":"Prenez une carte Énergie attachée au Pokémon Défenseur et attachez-la à un autre des Pokémon de votre adversaire."},{"cost":["Incolore","Incolore"],"name":"Éclate-queue","effect":"Lancez une pièce. Si c’est pile, cette attaque ne fait rien.","damage":30}],"weaknesses":[{"type":"Combat","value":"×2"}],"retreat":1,"legal":{"standard":false,"expanded":false}},{"category":"Pokémon","id":"hgss2-44","illustrator":"Wataru Kawahara","image":"https://assets.tcgdex.net/fr/hgss/hgss2/44","localId":"44","name":"Terhal","rarity":"Commune","set":{"cardCount":{"official":95,"total":96},"id":"hgss2","logo":"https://assets.tcgdex.net/fr/hgss/hgss2/logo","name":"Déchaînement","symbol":"https://assets.tcgdex.net/univ/hgss/hgss2/symbol"},"variants":{"firstEdition":false,"holo":false,"normal":true,"reverse":true,"wPromo":false},"dexId":[374],"hp":60,"types":["Psy"],"stage":"De base","attacks":[{"cost":["Psy"],"name":"Réagir","effect":"Vous pouvez échanger Terhal avec un Pokémon de votre Banc.","damage":10}],"weaknesses":[{"type":"Psy","value":"×2"}],"retreat":2,"legal":{"standard":false,"expanded":false}},{"category":"Pokémon","id":"hgss2-45","illustrator":"Masakazu Fukuda","image":"https://assets.tcgdex.net/fr/hgss/hgss2/45","localId":"45","name":"Mustébouée","rarity":"Commune","set":{"cardCount":{"official":95,"total":96},"id":"hgss2","logo":"https://assets.tcgdex.net/fr/hgss/hgss2/logo","name":"Déchaînement","symbol":"https://assets.tcgdex.net/univ/hgss/hgss2/symbol"},"variants":{"firstEdition":false,"holo":false,"normal":true,"reverse":false,"wPromo":false},"dexId":[418],"hp":60,"types":["Eau"],"stage":"De base","attacks":[{"cost":["Eau"],"name":"Ocroupi","effect":"Inflige 10 dégâts à l’un des Pokémon se trouvant sur le Banc de votre adversaire. (N’appliquez ni la Faiblesse ni la Résistance aux Pokémon de Banc.)","damage":10}],"weaknesses":[{"type":"Électrique","value":"×2"}],"retreat":1,"legal":{"standard":false,"expanded":false}},{"category":"Pokémon","id":"hgss2-46","illustrator":"Wataru Kawahara","image":"https://assets.tcgdex.net/fr/hgss/hgss2/46","localId":"46","name":"Vortente","rarity":"Commune","set":{"cardCount":{"official":95,"total":96},"id":"hgss2","logo":"https://assets.tcgdex.net/fr/hgss/hgss2/logo","name":"Déchaînement","symbol":"https://assets.tcgdex.net/univ/hgss/hgss2/symbol"},"variants":{"firstEdition":false,"holo":false,"normal":true,"reverse":true,"wPromo":false},"dexId":[455],"hp":80,"types":["Plante"],"stage":"De base","attacks":[{"cost":["Incolore"],"name":"Pouvoir bloquant","effect":"Cherchez une carte Énergie dans votre deck, montrez-la à votre adversaire, puis ajoutez-la à votre main. Mélangez ensuite votre deck."},{"cost":["Plante"],"name":"Relâche","damage":20}],"weaknesses":[{"type":"Feu","value":"×2"}],"resistances":[{"type":"Eau","value":"-20"}],"retreat":1,"legal":{"standard":false,"expanded":false}},{"category":"Pokémon","id":"hgss2-47","illustrator":"match","image":"https://assets.tcgdex.net/fr/hgss/hgss2/47","localId":"47","name":"Ceribou","rarity":"Commune","set":{"cardCount":{"official":95,"total":96},"id":"hgss2","logo":"https://assets.tcgdex.net/fr/hgss/hgss2/logo","name":"Déchaînement","symbol":"https://assets.tcgdex.net/univ/hgss/hgss2/symbol"},"variants":{"firstEdition":false,"holo":false,"normal":true,"reverse":true,"wPromo":false},"dexId":[420],"hp":50,"types":["Plante"],"stage":"De base","attacks":[{"cost":["Incolore"],"name":"Charge","damage":10}],"weaknesses":[{"type":"Feu","value":"×2"}],"resistances":[{"type":"Eau","value":"-20"}],"retreat":1,"legal":{"standard":false,"expanded":false}},{"category":"Pokémon","id":"hgss2-48","illustrator":"sui","image":"https://assets.tcgdex.net/fr/hgss/hgss2/48","localId":"48","name":"Loupio","rarity":"Commune","set":{"cardCount":{"official":95,"total":96},"id":"hgss2","logo":"https://assets.tcgdex.net/fr/hgss/hgss2/logo","name":"Déchaînement","symbol":"https://assets.tcgdex.net/univ/hgss/hgss2/symbol"},"variants":{"firstEdition":false,"holo":false,"normal":true,"reverse":false,"wPromo":false},"dexId":[170],"hp":60,"types":["Électrique"],"stage":"De base","attacks":[{"cost":["Incolore"],"name":"Collision","damage":10},{"cost":["Électrique","Incolore"],"name":"Boule éclair","damage":20}],"weaknesses":[{"type":"Combat","value":"×2"}],"retreat":1,"legal":{"standard":false,"expanded":false}},{"category":"Pokémon","id":"hgss2-49","illustrator":"Shin Nagasawa","image":"https://assets.tcgdex.net/fr/hgss/hgss2/49","localId":"49","name":"Hypotrempe","rarity":"Commune","set":{"cardCount":{"official":95,"total":96},"id":"hgss2","logo":"https://assets.tcgdex.net/fr/hgss/hgss2/logo","name":"Déchaînement","symbol":"https://assets.tcgdex.net/univ/hgss/hgss2/symbol"},"variants":{"firstEdition":false,"holo":false,"normal":true,"reverse":true,"wPromo":false},"dexId":[116],"hp":50,"types":["Eau"],"stage":"De base","attacks":[{"cost":["Incolore"],"name":"Bataille","damage":10},{"cost":["Eau","Incolore"],"name":"Coup d’aileron","effect":"Lancez 2 pièces. Cette attaque inflige 20 dégâts multipliés par le nombre de côtés face.","damage":"20×"}],"weaknesses":[{"type":"Électrique","value":"×2"}],"retreat":1,"legal":{"standard":false,"expanded":false}},{"category":"Pokémon","id":"hgss2-50","illustrator":"Sumiyoshi Kizuki","image":"https://assets.tcgdex.net/fr/hgss/hgss2/50","localId":"50","name":"Embrylex","rarity":"Commune","set":{"cardCount":{"official":95,"total":96},"id":"hgss2","logo":"https://assets.tcgdex.net/fr/hgss/hgss2/logo","name":"Déchaînement","symbol":"https://assets.tcgdex.net/univ/hgss/hgss2/symbol"},"variants":{"firstEdition":false,"holo":false,"normal":true,"reverse":true,"wPromo":false},"dexId":[246],"hp":50,"types":["Combat"],"stage":"De base","attacks":[{"cost":["Incolore"],"name":"Mange-montagne","effect":"Défaussez la carte du dessus du deck de votre adversaire. Ensuite, retirez 2 marqueurs de dégât à Embrylex."},{"cost":["Incolore"],"name":"Attaque imprudente","effect":"Embrylex s’inflige 10 dégâts.","damage":20}],"weaknesses":[{"type":"Eau","value":"×2"}],"resistances":[{"type":"Électrique","value":"-20"}],"retreat":1,"legal":{"standard":false,"expanded":false}},{"category":"Pokémon","id":"hgss2-51","illustrator":"Kouki Saitou","image":"https://assets.tcgdex.net/fr/hgss/hgss2/51","localId":"51","name":"Embrylex","rarity":"Commune","set":{"cardCount":{"official":95,"total":96},"id":"hgss2","logo":"https://assets.tcgdex.net/fr/hgss/hgss2/logo","name":"Déchaînement","symbol":"https://assets.tcgdex.net/univ/hgss/hgss2/symbol"},"variants":{"firstEdition":false,"holo":false,"normal":true,"reverse":true,"wPromo":false},"dexId":[246],"hp":60,"types":["Combat"],"stage":"De base","attacks":[{"cost":["Incolore"],"name":"Morsure","damage":10},{"cost":["Combat","Incolore"],"name":"Coud’phalange","damage":20}],"weaknesses":[{"type":"Eau","value":"×2"}],"resistances":[{"type":"Électrique","value":"-20"}],"retreat":1,"legal":{"standard":false,"expanded":false}},{"category":"Pokémon","id":"hgss2-52","illustrator":"Hajime Kusajima","image":"https://assets.tcgdex.net/fr/hgss/hgss2/52","localId":"52","name":"Magmar","rarity":"Commune","set":{"cardCount":{"official":95,"total":96},"id":"hgss2","logo":"https://assets.tcgdex.net/fr/hgss/hgss2/logo","name":"Déchaînement","symbol":"https://assets.tcgdex.net/univ/hgss/hgss2/symbol"},"variants":{"firstEdition":false,"holo":false,"normal":true,"reverse":true,"wPromo":false},"dexId":[126],"hp":70,"types":["Feu"],"stage":"De base","attacks":[{"cost":["Feu"],"name":"Charbon mutant","damage":10},{"cost":["Feu","Incolore"],"name":"Poing magma","damage":20}],"weaknesses":[{"type":"Eau","value":"×2"}],"retreat":1,"legal":{"standard":false,"expanded":false}},{"category":"Pokémon","id":"hgss2-53","illustrator":"Sachiko Adachi","image":"https://assets.tcgdex.net/fr/hgss/hgss2/53","localId":"53","name":"Férosinge","rarity":"Commune","set":{"cardCount":{"official":95,"total":96},"id":"hgss2","logo":"https://assets.tcgdex.net/fr/hgss/hgss2/logo","name":"Déchaînement","symbol":"https://assets.tcgdex.net/univ/hgss/hgss2/symbol"},"variants":{"firstEdition":false,"holo":false,"normal":true,"reverse":true,"wPromo":false},"dexId":[56],"hp":50,"types":["Combat"],"stage":"De base","attacks":[{"cost":["Incolore"],"name":"Koud’poing","damage":10},{"cost":["Combat","Incolore"],"name":"Poing-Karaté","effect":"Inflige 40 dégâts moins 10 dégâts pour chaque marqueur de dégât sur Férosinge.","damage":"40-"}],"weaknesses":[{"type":"Psy","value":"×2"}],"retreat":1,"legal":{"standard":false,"expanded":false}},{"category":"Pokémon","id":"hgss2-54","illustrator":"Hideaki Hakozaki","image":"https://assets.tcgdex.net/fr/hgss/hgss2/54","localId":"54","name":"Feuforêve","rarity":"Commune","set":{"cardCount":{"official":95,"total":96},"id":"hgss2","logo":"https://assets.tcgdex.net/fr/hgss/hgss2/logo","name":"Déchaînement","symbol":"https://assets.tcgdex.net/univ/hgss/hgss2/symbol"},"variants":{"firstEdition":false,"holo":false,"normal":true,"reverse":true,"wPromo":false},"dexId":[200],"hp":50,"types":["Psy"],"stage":"De base","attacks":[{"cost":["Psy"],"name":"Tir de précision","effect":"Choisissez l’un des Pokémon de votre adversaire. Cette attaque inflige 10 dégâts à ce Pokémon. (N’appliquez ni la Faiblesse ni la Résistance aux Pokémon de Banc.)"}],"weaknesses":[{"type":"Obscurité","value":"×2"}],"resistances":[{"type":"Incolore","value":"-20"}],"retreat":1,"legal":{"standard":false,"expanded":false}},{"category":"Pokémon","id":"hgss2-55","illustrator":"sui","image":"https://assets.tcgdex.net/fr/hgss/hgss2/55","localId":"55","name":"Natu","rarity":"Commune","set":{"cardCount":{"official":95,"total":96},"id":"hgss2","logo":"https://assets.tcgdex.net/fr/hgss/hgss2/logo","name":"Déchaînement","symbol":"https://assets.tcgdex.net/univ/hgss/hgss2/symbol"},"variants":{"firstEdition":false,"holo":false,"normal":true,"reverse":true,"wPromo":false},"dexId":[177],"hp":50,"types":["Psy"],"stage":"De base","attacks":[{"cost":["Incolore"],"name":"Picpic","damage":10},{"cost":["Psy"],"name":"Téléport","effect":"Échangez Natu avec l’un des Pokémon de votre Banc."}],"weaknesses":[{"type":"Électrique","value":"×2"}],"resistances":[{"type":"Combat","value":"-20"}],"retreat":1,"legal":{"standard":false,"expanded":false}},{"category":"Pokémon","id":"hgss2-56","illustrator":"MAHOU","image":"https://assets.tcgdex.net/fr/hgss/hgss2/56","localId":"56","name":"Onix","rarity":"Commune","set":{"cardCount":{"official":95,"total":96},"id":"hgss2","logo":"https://assets.tcgdex.net/fr/hgss/hgss2/logo","name":"Déchaînement","symbol":"https://assets.tcgdex.net/univ/hgss/hgss2/symbol"},"variants":{"firstEdition":false,"holo":false,"normal":true,"reverse":true,"wPromo":false},"dexId":[95],"hp":90,"types":["Combat"],"stage":"De base","abilities":[{"type":"Poké-BODY","name":"Guérisseur d’énergie","effect":"Lorsque vous attachez une carte Énergie de votre main à Onix, retirez-lui 1 marqueur de dégât."}],"attacks":[{"cost":["Combat","Incolore","Incolore","Incolore"],"name":"Puissance illimitée","effect":"Pendant votre prochain tour, Onix ne peut pas attaquer.","damage":80}],"weaknesses":[{"type":"Plante","value":"×2"}],"retreat":4,"legal":{"standard":false,"expanded":false}},{"category":"Pokémon","id":"hgss2-57","illustrator":"Masakazu Fukuda","image":"https://assets.tcgdex.net/fr/hgss/hgss2/57","localId":"57","name":"Onix","rarity":"Commune","set":{"cardCount":{"official":95,"total":96},"id":"hgss2","logo":"https://assets.tcgdex.net/fr/hgss/hgss2/logo","name":"Déchaînement","symbol":"https://assets.tcgdex.net/univ/hgss/hgss2/symbol"},"variants":{"firstEdition":false,"holo":false,"normal":true,"reverse":true,"wPromo":false},"dexId":[95],"hp":90,"types":["Combat"],"stage":"De base","attacks":[{"cost":["Incolore","Incolore","Incolore"],"name":"Balançoire","effect":"Lancez 2 pièces. Cette attaque inflige 20 dégâts plus 20 dégâts supplémentaires pour chaque côté face.","damage":"20+"}],"weaknesses":[{"type":"Plante","value":"×2"}],"retreat":3,"legal":{"standard":false,"expanded":false}},{"category":"Pokémon","id":"hgss2-58","illustrator":"Naoyo Kimura","image":"https://assets.tcgdex.net/fr/hgss/hgss2/58","localId":"58","name":"Ptitard","rarity":"Commune","set":{"cardCount":{"official":95,"total":96},"id":"hgss2","logo":"https://assets.tcgdex.net/fr/hgss/hgss2/logo","name":"Déchaînement","symbol":"https://assets.tcgdex.net/univ/hgss/hgss2/symbol"},"variants":{"firstEdition":false,"holo":false,"normal":true,"reverse":true,"wPromo":false},"dexId":[60],"hp":50,"types":["Eau"],"stage":"De base","attacks":[{"cost":["Incolore"],"name":"Appel à la famille","effect":"Cherchez dans votre deck une carte Pokémon de base et placez-la sur votre Banc. Mélangez ensuite votre deck."},{"cost":["Eau","Incolore"],"name":"Aileron-rasoir","damage":20}],"weaknesses":[{"type":"Électrique","value":"×2"}],"retreat":1,"legal":{"standard":false,"expanded":false}},{"category":"Pokémon","id":"hgss2-59","illustrator":"Ken Sugimori","image":"https://assets.tcgdex.net/fr/hgss/hgss2/59","localId":"59","name":"Remoraid","rarity":"Commune","set":{"cardCount":{"official":95,"total":96},"id":"hgss2","logo":"https://assets.tcgdex.net/fr/hgss/hgss2/logo","name":"Déchaînement","symbol":"https://assets.tcgdex.net/univ/hgss/hgss2/symbol"},"variants":{"firstEdition":false,"holo":false,"normal":true,"reverse":true,"wPromo":false},"dexId":[223],"hp":50,"types":["Eau"],"stage":"De base","attacks":[{"cost":["Eau"],"name":"Pluie éclaboussante","damage":10},{"cost":["Eau","Incolore"],"name":"Flèche d’eau","effect":"Choisissez l’un des Pokémon de votre adversaire. Cette attaque inflige 20 dégâts à ce Pokémon. (N’appliquez ni la Faiblesse ni la Résistance aux Pokémon de Banc.)"}],"weaknesses":[{"type":"Électrique","value":"×2"}],"retreat":1,"legal":{"standard":false,"expanded":false}},{"category":"Pokémon","id":"hgss2-60","illustrator":"Kouki Saitou","image":"https://assets.tcgdex.net/fr/hgss/hgss2/60","localId":"60","name":"Riolu","rarity":"Commune","set":{"cardCount":{"official":95,"total":96},"id":"hgss2","logo":"https://assets.tcgdex.net/fr/hgss/hgss2/logo","name":"Déchaînement","symbol":"https://assets.tcgdex.net/univ/hgss/hgss2/symbol"},"variants":{"firstEdition":false,"holo":false,"normal":true,"reverse":true,"wPromo":false},"dexId":[447],"hp":60,"types":["Combat"],"stage":"De base","attacks":[{"cost":["Incolore"],"name":"Koud’pied","damage":10},{"cost":["Combat","Incolore"],"name":"Double coup","effect":"Lancez 2 pièces. Cette attaque inflige 20 dégâts multipliés par le nombre de côtés face.","damage":"20×"}],"weaknesses":[{"type":"Psy","value":"×2"}],"retreat":1,"legal":{"standard":false,"expanded":false}},{"category":"Pokémon","id":"hgss2-61","illustrator":"Takashi Yamaguchi","image":"https://assets.tcgdex.net/fr/hgss/hgss2/61","localId":"61","name":"Roselia","rarity":"Commune","set":{"cardCount":{"official":95,"total":96},"id":"hgss2","logo":"https://assets.tcgdex.net/fr/hgss/hgss2/logo","name":"Déchaînement","symbol":"https://assets.tcgdex.net/univ/hgss/hgss2/symbol"},"variants":{"firstEdition":false,"holo":false,"normal":true,"reverse":true,"wPromo":false},"dexId":[315],"hp":60,"types":["Plante"],"stage":"De base","attacks":[{"cost":["Plante"],"name":"Danse-fleur","effect":"Lancez 3 pièces. Cette attaque inflige 20 dégâts multipliés par le nombre de côtés face. Roselia est maintenant Confus.","damage":"20×"}],"weaknesses":[{"type":"Feu","value":"×2"}],"retreat":1,"legal":{"standard":false,"expanded":false}},{"category":"Pokémon","id":"hgss2-62","illustrator":"Kagemaru Himeno","image":"https://assets.tcgdex.net/fr/hgss/hgss2/62","localId":"62","name":"Piafabec","rarity":"Commune","set":{"cardCount":{"official":95,"total":96},"id":"hgss2","logo":"https://assets.tcgdex.net/fr/hgss/hgss2/logo","name":"Déchaînement","symbol":"https://assets.tcgdex.net/univ/hgss/hgss2/symbol"},"variants":{"firstEdition":false,"holo":false,"normal":true,"reverse":true,"wPromo":false},"dexId":[21],"hp":50,"types":["Incolore"],"stage":"De base","attacks":[{"cost":["Incolore"],"name":"Atterrissage","effect":"Retirez 4 marqueurs de dégât à Piafabec. Piafabec ne peut pas battre en retraite pendant votre prochain tour."},{"cost":["Incolore"],"name":"Battement","damage":10}],"weaknesses":[{"type":"Électrique","value":"×2"}],"resistances":[{"type":"Combat","value":"-20"}],"retreat":1,"legal":{"standard":false,"expanded":false}},{"category":"Pokémon","id":"hgss2-63","illustrator":"Masakazu Fukuda","image":"https://assets.tcgdex.net/fr/hgss/hgss2/63","localId":"63","name":"Carapuce","rarity":"Commune","set":{"cardCount":{"official":95,"total":96},"id":"hgss2","logo":"https://assets.tcgdex.net/fr/hgss/hgss2/logo","name":"Déchaînement","symbol":"https://assets.tcgdex.net/univ/hgss/hgss2/symbol"},"variants":{"firstEdition":false,"holo":false,"normal":true,"reverse":false,"wPromo":false},"dexId":[7],"hp":60,"types":["Eau"],"stage":"De base","attacks":[{"cost":["Eau"],"name":"Pluie éclaboussante","damage":10},{"cost":["Eau","Eau","Incolore"],"name":"Coquill-attaque","damage":40}],"weaknesses":[{"type":"Électrique","value":"×2"}],"retreat":1,"legal":{"standard":false,"expanded":false}},{"category":"Pokémon","id":"hgss2-64","illustrator":"Ken Sugimori","image":"https://assets.tcgdex.net/fr/hgss/hgss2/64","localId":"64","name":"Cerfrousse","rarity":"Commune","set":{"cardCount":{"official":95,"total":96},"id":"hgss2","logo":"https://assets.tcgdex.net/fr/hgss/hgss2/logo","name":"Déchaînement","symbol":"https://assets.tcgdex.net/univ/hgss/hgss2/symbol"},"variants":{"firstEdition":false,"holo":false,"normal":true,"reverse":true,"wPromo":false},"dexId":[234],"hp":70,"types":["Incolore"],"stage":"De base","attacks":[{"cost":["Incolore"],"name":"Appel à la famille","effect":"Cherchez dans votre deck jusqu’à deux cartes Pokémon de base et placez-les sur votre Banc. Mélangez ensuite votre deck."},{"cost":["Incolore","Incolore","Incolore"],"name":"Mysti-cornes","effect":"Le Pokémon Défenseur est maintenant Confus.","damage":30}],"weaknesses":[{"type":"Combat","value":"×2"}],"retreat":1,"legal":{"standard":false,"expanded":false}},{"category":"Pokémon","id":"hgss2-65","illustrator":"Kouki Saitou","image":"https://assets.tcgdex.net/fr/hgss/hgss2/65","localId":"65","name":"Teddiursa","rarity":"Commune","set":{"cardCount":{"official":95,"total":96},"id":"hgss2","logo":"https://assets.tcgdex.net/fr/hgss/hgss2/logo","name":"Déchaînement","symbol":"https://assets.tcgdex.net/univ/hgss/hgss2/symbol"},"variants":{"firstEdition":false,"holo":false,"normal":true,"reverse":false,"wPromo":false},"dexId":[216],"hp":60,"types":["Incolore"],"stage":"De base","attacks":[{"cost":["Incolore"],"name":"Bélier","effect":"Teddiursa s’inflige 10 dégâts.","damage":20}],"weaknesses":[{"type":"Combat","value":"×2"}],"retreat":1,"legal":{"standard":false,"expanded":false}},{"category":"Pokémon","id":"hgss2-66","illustrator":"match","image":"https://assets.tcgdex.net/fr/hgss/hgss2/66","localId":"66","name":"Tropius","rarity":"Commune","set":{"cardCount":{"official":95,"total":96},"id":"hgss2","logo":"https://assets.tcgdex.net/fr/hgss/hgss2/logo","name":"Déchaînement","symbol":"https://assets.tcgdex.net/univ/hgss/hgss2/symbol"},"variants":{"firstEdition":false,"holo":false,"normal":true,"reverse":true,"wPromo":false},"dexId":[357],"hp":80,"types":["Plante"],"stage":"De base","attacks":[{"cost":["Plante"],"name":"Appel de la verdure","effect":"Lancez 2 pièces. Pour chaque côté face, cherchez un Pokémon Grass dans votre deck, montrez-le à votre adversaire, puis ajoutez-le à votre main. Dans ce cas, mélangez ensuite votre deck."},{"cost":["Plante","Incolore"],"name":"Tornade","damage":20}],"weaknesses":[{"type":"Feu","value":"×2"}],"resistances":[{"type":"Combat","value":"-20"}],"retreat":1,"legal":{"standard":false,"expanded":false}},{"category":"Pokémon","id":"hgss2-67","illustrator":"match","image":"https://assets.tcgdex.net/fr/hgss/hgss2/67","localId":"67","name":"Tortipouss","rarity":"Commune","set":{"cardCount":{"official":95,"total":96},"id":"hgss2","logo":"https://assets.tcgdex.net/fr/hgss/hgss2/logo","name":"Déchaînement","symbol":"https://assets.tcgdex.net/univ/hgss/hgss2/symbol"},"variants":{"firstEdition":false,"holo":false,"normal":true,"reverse":false,"wPromo":false},"dexId":[387],"hp":50,"types":["Plante"],"stage":"De base","attacks":[{"cost":["Plante"],"name":"Vampigraine","effect":"Si cette attaque inflige des dégâts au Pokémon Défenseur (après application de la Faiblesse et de la Résistance), retirez 1 marqueur de dégât à Tortipouss.","damage":10},{"cost":["Incolore","Incolore"],"name":"Collision","damage":20}],"weaknesses":[{"type":"Feu","value":"×2"}],"resistances":[{"type":"Eau","value":"-20"}],"retreat":1,"legal":{"standard":false,"expanded":false}},{"category":"Pokémon","id":"hgss2-68","illustrator":"Hajime Kusajima","image":"https://assets.tcgdex.net/fr/hgss/hgss2/68","localId":"68","name":"Goupix","rarity":"Commune","set":{"cardCount":{"official":95,"total":96},"id":"hgss2","logo":"https://assets.tcgdex.net/fr/hgss/hgss2/logo","name":"Déchaînement","symbol":"https://assets.tcgdex.net/univ/hgss/hgss2/symbol"},"variants":{"firstEdition":false,"holo":false,"normal":true,"reverse":true,"wPromo":false},"dexId":[37],"hp":60,"types":["Feu"],"stage":"De base","attacks":[{"cost":["Feu"],"name":"Feux d’artifice","effect":"Lancez une pièce. Si c’est pile, défaussez une carte Énergie Fire attachée à Goupix.","damage":20}],"weaknesses":[{"type":"Eau","value":"×2"}],"retreat":1,"legal":{"standard":false,"expanded":false}},{"category":"Pokémon","id":"hgss2-69","illustrator":"Kyoko Umemoto","image":"https://assets.tcgdex.net/fr/hgss/hgss2/69","localId":"69","name":"Aspicot","rarity":"Commune","set":{"cardCount":{"official":95,"total":96},"id":"hgss2","logo":"https://assets.tcgdex.net/fr/hgss/hgss2/logo","name":"Déchaînement","symbol":"https://assets.tcgdex.net/univ/hgss/hgss2/symbol"},"variants":{"firstEdition":false,"holo":false,"normal":true,"reverse":true,"wPromo":false},"dexId":[13],"hp":40,"types":["Plante"],"stage":"De base","attacks":[{"cost":["Incolore"],"name":"Évolution rapide","effect":"Cherchez une carte Évolution d’Aspicot dans votre deck et placez-la sur Aspicot (cela équivaut à faire évoluer Aspicot). Mélangez ensuite votre deck."},{"cost":["Plante"],"name":"Dard","damage":10}],"weaknesses":[{"type":"Feu","value":"×2"}],"retreat":1,"legal":{"standard":false,"expanded":false}},{"category":"Pokémon","id":"hgss2-70","illustrator":"kawayoo","image":"https://assets.tcgdex.net/fr/hgss/hgss2/70","localId":"70","name":"Nosferapti","rarity":"Commune","set":{"cardCount":{"official":95,"total":96},"id":"hgss2","logo":"https://assets.tcgdex.net/fr/hgss/hgss2/logo","name":"Déchaînement","symbol":"https://assets.tcgdex.net/univ/hgss/hgss2/symbol"},"variants":{"firstEdition":false,"holo":false,"normal":true,"reverse":false,"wPromo":false},"dexId":[41],"hp":50,"types":["Psy"],"stage":"De base","attacks":[{"cost":["Incolore"],"name":"Glissade","damage":10},{"cost":["Psy"],"name":"Double attaque","effect":"Choisissez 2 des Pokémon se trouvant sur le Banc de votre adversaire. Cette attaque inflige 10 dégâts à chacun de ces Pokémon. (N’appliquez ni la Faiblesse ni la Résistance aux Pokémon de Banc.)"}],"weaknesses":[{"type":"Électrique","value":"×2"}],"resistances":[{"type":"Combat","value":"-20"}],"retreat":1,"legal":{"standard":false,"expanded":false}},{"category":"Dresseur","id":"hgss2-71","illustrator":"Kouki Saitou","image":"https://assets.tcgdex.net/fr/hgss/hgss2/71","localId":"71","name":"Encouragements hystériques","rarity":"Peu Commune","set":{"cardCount":{"official":95,"total":96},"id":"hgss2","logo":"https://assets.tcgdex.net/fr/hgss/hgss2/logo","name":"Déchaînement","symbol":"https://assets.tcgdex.net/univ/hgss/hgss2/symbol"},"variants":{"firstEdition":false,"holo":false,"normal":true,"reverse":true,"wPromo":false},"hp":0,"effect":"Piochez 3 cartes. Votre adversaire peut piocher une carte.","trainerType":"Supporter","legal":{"standard":false,"expanded":false}},{"category":"Dresseur","id":"hgss2-72","illustrator":"Takashi Yamaguchi","image":"https://assets.tcgdex.net/fr/hgss/hgss2/72","localId":"72","name":"Double boule","rarity":"Peu Commune","set":{"cardCount":{"official":95,"total":96},"id":"hgss2","logo":"https://assets.tcgdex.net/fr/hgss/hgss2/logo","name":"Déchaînement","symbol":"https://assets.tcgdex.net/univ/hgss/hgss2/symbol"},"variants":{"firstEdition":false,"holo":false,"normal":true,"reverse":true,"wPromo":false},"effect":"Lancez 2 pièces. Pour chaque côté face, cherchez un Pokémon de base dans votre deck, montrez-le à votre adversaire, puis ajoutez-le à votre main. Dans ce cas, mélangez ensuite votre deck.","trainerType":"Objet","legal":{"standard":false,"expanded":false}},{"category":"Dresseur","id":"hgss2-73","illustrator":"Kouki Saitou","image":"https://assets.tcgdex.net/fr/hgss/hgss2/73","localId":"73","name":"Bavardage du maître","rarity":"Peu Commune","set":{"cardCount":{"official":95,"total":96},"id":"hgss2","logo":"https://assets.tcgdex.net/fr/hgss/hgss2/logo","name":"Déchaînement","symbol":"https://assets.tcgdex.net/univ/hgss/hgss2/symbol"},"variants":{"firstEdition":false,"holo":false,"normal":true,"reverse":true,"wPromo":false},"hp":0,"effect":"Lancez une pièce. Si c’est face, piochez 3 cartes. Si c’est pile, piochez 2 cartes.","trainerType":"Supporter","legal":{"standard":false,"expanded":false}},{"category":"Dresseur","id":"hgss2-74","illustrator":"Wataru Kawahara","image":"https://assets.tcgdex.net/fr/hgss/hgss2/74","localId":"74","name":"Récupérateur d’énergie","rarity":"Peu Commune","set":{"cardCount":{"official":95,"total":96},"id":"hgss2","logo":"https://assets.tcgdex.net/fr/hgss/hgss2/logo","name":"Déchaînement","symbol":"https://assets.tcgdex.net/univ/hgss/hgss2/symbol"},"variants":{"firstEdition":false,"holo":false,"normal":true,"reverse":true,"wPromo":false},"hp":0,"effect":"Cherchez 4 cartes Énergie de base dans votre pile de défausse, montrez-les à votre adversaire et mélangez-les à votre deck.","trainerType":"Objet","legal":{"standard":false,"expanded":false}},{"category":"Dresseur","id":"hgss2-75","illustrator":"Kouki Saitou","image":"https://assets.tcgdex.net/fr/hgss/hgss2/75","localId":"75","name":"Réglages techniques","rarity":"Peu Commune","set":{"cardCount":{"official":95,"total":96},"id":"hgss2","logo":"https://assets.tcgdex.net/fr/hgss/hgss2/logo","name":"Déchaînement","symbol":"https://assets.tcgdex.net/univ/hgss/hgss2/symbol"},"variants":{"firstEdition":false,"holo":false,"normal":true,"reverse":true,"wPromo":false},"hp":0,"effect":"Défaussez une carte Énergie de votre main. Piochez 4 cartes dans votre deck.","trainerType":"Supporter","legal":{"standard":false,"expanded":false}},{"category":"Dresseur","id":"hgss2-76","illustrator":"Wataru Kawahara","image":"https://assets.tcgdex.net/fr/hgss/hgss2/76","localId":"76","name":"Bonne canne","rarity":"Peu Commune","set":{"cardCount":{"official":95,"total":96},"id":"hgss2","logo":"https://assets.tcgdex.net/fr/hgss/hgss2/logo","name":"Déchaînement","symbol":"https://assets.tcgdex.net/univ/hgss/hgss2/symbol"},"variants":{"firstEdition":false,"holo":false,"normal":true,"reverse":true,"wPromo":false},"hp":0,"effect":"Lancez une pièce. Si c’est face, cherchez un Pokémon dans votre pile de défausse, montrez-le à votre adversaire, puis placez-le sur le dessus de votre deck. Si c’est pile, cherchez une carte Dresseur dans votre pile de défausse, montrez-la à votre adversaire, puis placez-la sur le dessus de votre deck.","trainerType":"Objet","legal":{"standard":false,"expanded":false}},{"category":"Dresseur","id":"hgss2-77","illustrator":"Kouki Saitou","image":"https://assets.tcgdex.net/fr/hgss/hgss2/77","localId":"77","name":"Questionnaire d’interview","rarity":"Peu Commune","set":{"cardCount":{"official":95,"total":96},"id":"hgss2","logo":"https://assets.tcgdex.net/fr/hgss/hgss2/logo","name":"Déchaînement","symbol":"https://assets.tcgdex.net/univ/hgss/hgss2/symbol"},"variants":{"firstEdition":false,"holo":false,"normal":true,"reverse":true,"wPromo":false},"hp":0,"effect":"Regardez les 8 cartes du dessus de votre deck. Choisissez autant de cartes Énergie que vous le souhaitez, montrez-les à votre adversaire et ajoutez-les à votre main. Mélangez les autres cartes avec votre deck.","trainerType":"Supporter","legal":{"standard":false,"expanded":false}},{"category":"Dresseur","id":"hgss2-78","illustrator":"Kouki Saitou","image":"https://assets.tcgdex.net/fr/hgss/hgss2/78","localId":"78","name":"Juge","rarity":"Peu Commune","set":{"cardCount":{"official":95,"total":96},"id":"hgss2","logo":"https://assets.tcgdex.net/fr/hgss/hgss2/logo","name":"Déchaînement","symbol":"https://assets.tcgdex.net/univ/hgss/hgss2/symbol"},"variants":{"firstEdition":false,"holo":false,"normal":true,"reverse":true,"wPromo":false},"hp":0,"effect":"Chaque joueur mélange sa main avec son deck, puis pioche 4 cartes (c’est vous qui piochez en premier).","trainerType":"Supporter","legal":{"standard":false,"expanded":false}},{"category":"Dresseur","id":"hgss2-79","illustrator":"Hideaki Hakozaki","image":"https://assets.tcgdex.net/fr/hgss/hgss2/79","localId":"79","name":"Herbe sauveuse","rarity":"Peu Commune","set":{"cardCount":{"official":95,"total":96},"id":"hgss2","logo":"https://assets.tcgdex.net/fr/hgss/hgss2/logo","name":"Déchaînement","symbol":"https://assets.tcgdex.net/univ/hgss/hgss2/symbol"},"variants":{"firstEdition":false,"holo":false,"normal":true,"reverse":true,"wPromo":false},"hp":0,"effect":"Lancez une pièce. Si c’est face, choisissez l’un de vos Pokémon et retirez à ce dernier jusqu’à 6 marqueurs de dégât. Tous les États Spéciaux de ce Pokémon sont également annulés.","trainerType":"Objet","legal":{"standard":false,"expanded":false}},{"category":"Dresseur","id":"hgss2-80","illustrator":"Takashi Yamaguchi","image":"https://assets.tcgdex.net/fr/hgss/hgss2/80","localId":"80","name":"PlusPower","rarity":"Peu Commune","set":{"cardCount":{"official":95,"total":96},"id":"hgss2","logo":"https://assets.tcgdex.net/fr/hgss/hgss2/logo","name":"Déchaînement","symbol":"https://assets.tcgdex.net/univ/hgss/hgss2/symbol"},"variants":{"firstEdition":false,"holo":false,"normal":true,"reverse":true,"wPromo":false},"hp":0,"effect":"Attachez PlusPower à l’un de vos Pokémon. Une fois votre tour terminé, défaussez cette carte. Si la carte PlusPower est attachée à un Pokémon effectuant une attaque, cette dernière inflige 10 dégâts supplémentaires au Pokémon Actif (avant application de la Faiblesse et de la Résistance).","trainerType":"Objet","legal":{"standard":false,"expanded":false}},{"category":"Dresseur","id":"hgss2-81","illustrator":"Hideaki Hakozaki","image":"https://assets.tcgdex.net/fr/hgss/hgss2/81","localId":"81","name":"Circulateur de Pokémon","rarity":"Peu Commune","set":{"cardCount":{"official":95,"total":96},"id":"hgss2","logo":"https://assets.tcgdex.net/fr/hgss/hgss2/logo","name":"Déchaînement","symbol":"https://assets.tcgdex.net/univ/hgss/hgss2/symbol"},"variants":{"firstEdition":false,"holo":false,"normal":true,"reverse":true,"wPromo":false},"hp":0,"effect":"Votre adversaire échange son Pokémon Actif avec l’un des Pokémon de son Banc.","trainerType":"Objet","legal":{"standard":false,"expanded":false}},{"category":"Dresseur","id":"hgss2-82","illustrator":"Noriko Hotta","image":"https://assets.tcgdex.net/fr/hgss/hgss2/82","localId":"82","name":"Super bonbon","rarity":"Peu Commune","set":{"cardCount":{"official":95,"total":96},"id":"hgss2","logo":"https://assets.tcgdex.net/fr/hgss/hgss2/logo","name":"Déchaînement","symbol":"https://assets.tcgdex.net/univ/hgss/hgss2/symbol"},"variants":{"firstEdition":false,"holo":false,"normal":true,"reverse":true,"wPromo":false},"hp":0,"effect":"Choisissez l’un de vos Pokémon de base en jeu. Si vous avez dans votre main une carte Évolution de niveau 1 ou 2 correspondant à ce Pokémon, placez-la sur ce dernier (cela équivaut à faire évoluer ce Pokémon). (Si vous choisissez dans votre main une carte Évolution de niveau 2, placez-la sur le Pokémon de base correspondant au lieu d’un Pokémon de niveau 1.)","trainerType":"Objet","legal":{"standard":false,"expanded":false}},{"category":"Dresseur","id":"hgss2-83","illustrator":"Wataru Kawahara","image":"https://assets.tcgdex.net/fr/hgss/hgss2/83","localId":"83","name":"Super rappel","rarity":"Peu Commune","set":{"cardCount":{"official":95,"total":96},"id":"hgss2","logo":"https://assets.tcgdex.net/fr/hgss/hgss2/logo","name":"Déchaînement","symbol":"https://assets.tcgdex.net/univ/hgss/hgss2/symbol"},"variants":{"firstEdition":false,"holo":false,"normal":true,"reverse":true,"wPromo":false},"hp":0,"effect":"Lancez une pièce. Si c’est face, reprenez dans votre main l’un de vos Pokémon ainsi que toutes les cartes qui lui sont attachées.","trainerType":"Objet","legal":{"standard":false,"expanded":false}},{"category":"Pokémon","id":"hgss2-84","illustrator":"Hideaki Hakozaki","image":"https://assets.tcgdex.net/fr/hgss/hgss2/84","localId":"84","name":"Nostenfer","rarity":"Ultra Rare","set":{"cardCount":{"official":95,"total":96},"id":"hgss2","logo":"https://assets.tcgdex.net/fr/hgss/hgss2/logo","name":"Déchaînement","symbol":"https://assets.tcgdex.net/univ/hgss/hgss2/symbol"},"variants":{"firstEdition":false,"holo":true,"normal":false,"reverse":false,"wPromo":false},"dexId":[169],"hp":130,"types":["Psy"],"evolveFrom":"Nosferalto","stage":"Niveau 2","suffix":"Prime","attacks":[{"cost":["Psy"],"name":"Poison violent","effect":"Le Pokémon Défenseur est maintenant Empoisonné. Placez 4 marqueurs de dégât au lieu d’un seul sur ce Pokémon entre deux tours."},{"cost":["Psy"],"name":"Plongeon contrôlé","effect":"Choisissez l’un des Pokémon de votre adversaire. Cette attaque inflige 30 dégâts à ce Pokémon. (N’appliquez ni la Faiblesse ni la Résistance aux Pokémon de Banc.)"}],"weaknesses":[{"type":"Électrique","value":"×2"}],"resistances":[{"type":"Combat","value":"-20"}],"retreat":0,"legal":{"standard":false,"expanded":false}},{"category":"Pokémon","id":"hgss2-85","illustrator":"Hideaki Hakozaki","image":"https://assets.tcgdex.net/fr/hgss/hgss2/85","localId":"85","name":"Hyporoi","rarity":"Ultra Rare","set":{"cardCount":{"official":95,"total":96},"id":"hgss2","logo":"https://assets.tcgdex.net/fr/hgss/hgss2/logo","name":"Déchaînement","symbol":"https://assets.tcgdex.net/univ/hgss/hgss2/symbol"},"variants":{"firstEdition":false,"holo":true,"normal":false,"reverse":false,"wPromo":false},"dexId":[230],"hp":130,"types":["Eau"],"evolveFrom":"Hypocean","stage":"Niveau 2","suffix":"Prime","abilities":[{"type":"Poké-POWER","name":"Embruns","effect":"Une seule fois pendant votre tour (avant votre attaque), vous pouvez placer un marqueur de dégât sur l’un des Pokémon de votre adversaire. Ce pouvoir ne peut pas être utilisé si Hyporoi est affecté par un État Spécial."}],"attacks":[{"cost":["Eau"],"name":"Dragovapeur","effect":"Si votre adversaire dispose de n’importe quel Pokémon Fire en jeu, cette attaque inflige 20 dégâts de base au lieu de 60.","damage":60}],"weaknesses":[{"type":"Électrique","value":"×2"}],"retreat":1,"legal":{"standard":false,"expanded":false}},{"category":"Pokémon","id":"hgss2-86","illustrator":"Hideaki Hakozaki","image":"https://assets.tcgdex.net/fr/hgss/hgss2/86","localId":"86","name":"Lanturn","rarity":"Ultra Rare","set":{"cardCount":{"official":95,"total":96},"id":"hgss2","logo":"https://assets.tcgdex.net/fr/hgss/hgss2/logo","name":"Déchaînement","symbol":"https://assets.tcgdex.net/univ/hgss/hgss2/symbol"},"variants":{"firstEdition":false,"holo":true,"normal":false,"reverse":false,"wPromo":false},"dexId":[171],"hp":110,"types":["Électrique"],"evolveFrom":"Loupio","stage":"Niveau 1","suffix":"Prime","abilities":[{"type":"Poké-POWER","name":"Submerger","effect":"Une seule fois pendant votre tour (avant votre attaque), vous pouvez utiliser ce pouvoir. Lanturn devient un Pokémon de type Water jusqu’à la fin de votre tour. Ce pouvoir ne peut pas être utilisé si Lanturn est affecté par un État Spécial."}],"attacks":[{"cost":["Électrique","Incolore","Incolore"],"name":"Étincelle puissante","effect":"Inflige 40 dégâts plus 10 dégâts supplémentaires pour chaque carte Énergie attachée à tous vos Pokémon.","damage":"40+"}],"weaknesses":[{"type":"Combat","value":"×2"}],"retreat":2,"legal":{"standard":false,"expanded":false}},{"category":"Pokémon","id":"hgss2-87","illustrator":"Wataru Kawahara","image":"https://assets.tcgdex.net/fr/hgss/hgss2/87","localId":"87","name":"Steelix","rarity":"Ultra Rare","set":{"cardCount":{"official":95,"total":96},"id":"hgss2","logo":"https://assets.tcgdex.net/fr/hgss/hgss2/logo","name":"Déchaînement","symbol":"https://assets.tcgdex.net/univ/hgss/hgss2/symbol"},"variants":{"firstEdition":false,"holo":true,"normal":false,"reverse":false,"wPromo":false},"dexId":[208],"hp":140,"types":["Métal"],"evolveFrom":"Onix","stage":"Niveau 1","suffix":"Prime","abilities":[{"type":"Poké-BODY","name":"Métal parfait","effect":"Steelix ne peut pas être affecté par les États Spéciaux."}],"attacks":[{"cost":["Incolore","Incolore"],"name":"Courant d’énergie","effect":"Cherchez une carte Énergie dans votre pile de défausse et attachez-la à Steelix.","damage":30},{"cost":["Métal","Métal","Incolore","Incolore","Incolore"],"name":"Anéantissement de Gaïa","effect":"Vous pouvez défausser n’importe quelle carte Stade en jeu.","damage":100}],"weaknesses":[{"type":"Feu","value":"×2"}],"resistances":[{"type":"Psy","value":"-20"}],"retreat":4,"legal":{"standard":false,"expanded":false}},{"category":"Pokémon","id":"hgss2-88","illustrator":"Wataru Kawahara","image":"https://assets.tcgdex.net/fr/hgss/hgss2/88","localId":"88","name":"Tyranocif","rarity":"Ultra Rare","set":{"cardCount":{"official":95,"total":96},"id":"hgss2","logo":"https://assets.tcgdex.net/fr/hgss/hgss2/logo","name":"Déchaînement","symbol":"https://assets.tcgdex.net/univ/hgss/hgss2/symbol"},"variants":{"firstEdition":false,"holo":true,"normal":false,"reverse":false,"wPromo":false},"dexId":[248],"hp":160,"types":["Obscurité"],"evolveFrom":"Ymphect","stage":"Niveau 2","suffix":"Prime","attacks":[{"cost":["Obscurité"],"name":"Obscurlement","effect":"Cette attaque inflige 20 dégâts à chaque Pokémon en jeu (les vôtres et ceux de votre adversaire), à l’exception des Pokémon Darkness. (N’appliquez ni la Faiblesse ni la Résistance aux Pokémon de Banc.)"},{"cost":["Obscurité","Incolore","Incolore"],"name":"Griffes puissantes","effect":"Les dégâts de cette attaque ne sont pas affectés par les Poké-Powers, les Poké-Bodies ou tout autre effet actif sur le Pokémon Défenseur.","damage":60},{"cost":["Obscurité","Obscurité","Incolore","Incolore"],"name":"Queue titanesque","effect":"Défaussez les 3 cartes du dessus de votre deck.","damage":120}],"weaknesses":[{"type":"Combat","value":"×2"}],"resistances":[{"type":"Psy","value":"-20"}],"retreat":3,"legal":{"standard":false,"expanded":false}},{"category":"Pokémon","id":"hgss2-89","illustrator":"Wataru Kawahara","image":"https://assets.tcgdex.net/fr/hgss/hgss2/89","localId":"89","name":"Ursaring","rarity":"Ultra Rare","set":{"cardCount":{"official":95,"total":96},"id":"hgss2","logo":"https://assets.tcgdex.net/fr/hgss/hgss2/logo","name":"Déchaînement","symbol":"https://assets.tcgdex.net/univ/hgss/hgss2/symbol"},"variants":{"firstEdition":false,"holo":true,"normal":false,"reverse":false,"wPromo":false},"dexId":[217],"hp":110,"types":["Incolore"],"evolveFrom":"Teddiursa","stage":"Niveau 1","suffix":"Prime","abilities":[{"type":"Poké-BODY","name":"Fou-furieux","effect":"Si Ursaring a des marqueurs de dégât, chacune de ses attaques inflige 60 dégâts supplémentaires (avant application de la Faiblesse et de la Résistance)."}],"attacks":[{"cost":["Incolore","Incolore","Incolore"],"name":"Marto-Poing","effect":"Défaussez la première carte du dessus du deck de votre adversaire.","damage":30},{"cost":["Incolore","Incolore","Incolore","Incolore"],"name":"Lasso titanesque","damage":60}],"weaknesses":[{"type":"Combat","value":"×2"}],"retreat":3,"legal":{"standard":false,"expanded":false}},{"category":"Pokémon","id":"hgss2-90","illustrator":"Shinji Higuchi + Sachiko Eba 樋口 真嗣 + 江場 左知子","image":"https://assets.tcgdex.net/fr/hgss/hgss2/90","localId":"90","name":"Entei & Raikou LÉGENDE (haut)","rarity":"Ultra Rare","set":{"cardCount":{"official":95,"total":96},"id":"hgss2","logo":"https://assets.tcgdex.net/fr/hgss/hgss2/logo","name":"Déchaînement","symbol":"https://assets.tcgdex.net/univ/hgss/hgss2/symbol"},"variants":{"firstEdition":false,"holo":true,"normal":false,"reverse":false,"wPromo":false},"dexId":[243],"hp":140,"types":["Feu","Électrique"],"stage":"De base","suffix":"LÉGENDE","retreat":0,"legal":{"standard":false,"expanded":false}},{"category":"Pokémon","id":"hgss2-91","illustrator":"Shinji Higuchi + Sachiko Eba","image":"https://assets.tcgdex.net/fr/hgss/hgss2/91","localId":"91","name":"Entei & Raikou LÉGENDE (bas)","rarity":"Ultra Rare","set":{"cardCount":{"official":95,"total":96},"id":"hgss2","logo":"https://assets.tcgdex.net/fr/hgss/hgss2/logo","name":"Déchaînement","symbol":"https://assets.tcgdex.net/univ/hgss/hgss2/symbol"},"variants":{"firstEdition":false,"holo":true,"normal":false,"reverse":false,"wPromo":false},"dexId":[243],"hp":140,"types":["Feu","Électrique"],"stage":"De base","suffix":"LÉGENDE","attacks":[{"cost":["Feu","Incolore"],"name":"Détonations en pagaille","effect":"Défaussez une carte Énergie Fire attachée à Entei & Raikou LÉGENDE.","damage":90},{"cost":["Électrique","Incolore"],"name":"Cascatonnerre","effect":"Défaussez toutes les cartes Énergie attachées à Entei & Raikou LÉGENDE. Cette attaque inflige 80 dégâts à chaque Pokémon ayant des Poké-Powers (les vôtres et ceux de votre adversaire). Les dégâts infligés par cette attaque ne sont pas affectés par la Faiblesse ou la Résistance."}],"weaknesses":[{"type":"Eau","value":"×2"},{"type":"Combat","value":"×2"}],"retreat":0,"legal":{"standard":false,"expanded":false}},{"category":"Pokémon","id":"hgss2-92","illustrator":"Shinji Higuchi + Noriko Takaya","image":"https://assets.tcgdex.net/fr/hgss/hgss2/92","localId":"92","name":"Raikou & Suicune LÉGENDE (haut)","rarity":"Ultra Rare","set":{"cardCount":{"official":95,"total":96},"id":"hgss2","logo":"https://assets.tcgdex.net/fr/hgss/hgss2/logo","name":"Déchaînement","symbol":"https://assets.tcgdex.net/univ/hgss/hgss2/symbol"},"variants":{"firstEdition":false,"holo":true,"normal":false,"reverse":false,"wPromo":false},"dexId":[243],"hp":160,"types":["Électrique","Eau"],"stage":"De base","suffix":"LÉGENDE","retreat":0,"legal":{"standard":false,"expanded":false}},{"category":"Pokémon","id":"hgss2-93","illustrator":"Shinji Higuchi + Noriko Takaya","image":"https://assets.tcgdex.net/fr/hgss/hgss2/93","localId":"93","name":"Raikou & Suicune LÉGENDE (bas)","rarity":"Ultra Rare","set":{"cardCount":{"official":95,"total":96},"id":"hgss2","logo":"https://assets.tcgdex.net/fr/hgss/hgss2/logo","name":"Déchaînement","symbol":"https://assets.tcgdex.net/univ/hgss/hgss2/symbol"},"variants":{"firstEdition":false,"holo":true,"normal":false,"reverse":false,"wPromo":false},"dexId":[243],"hp":160,"types":["Électrique","Eau"],"stage":"De base","suffix":"LÉGENDE","attacks":[{"cost":["Électrique","Électrique","Incolore"],"name":"Lance de tonnerre","effect":"Raikou & Suicune LÉGENDE s'infligent 50 dégâts. N'appliquez pas la Faiblesse à ces dégâts.","damage":150},{"cost":["Eau","Incolore","Incolore"],"name":"Puissance boréale","effect":"Retirez 5 marqueurs de dégât à Raikou & Suicune LÉGENDE.","damage":50}],"weaknesses":[{"type":"Combat","value":"×2"},{"type":"Électrique","value":"×2"}],"retreat":1,"legal":{"standard":false,"expanded":false}},{"category":"Pokémon","id":"hgss2-94","illustrator":"Shinji Higuchi + Sachiko Eba","image":"https://assets.tcgdex.net/fr/hgss/hgss2/94","localId":"94","name":"Suicune & Entei LÉGENDE (haut)","rarity":"Ultra Rare","set":{"cardCount":{"official":95,"total":96},"id":"hgss2","logo":"https://assets.tcgdex.net/fr/hgss/hgss2/logo","name":"Déchaînement","symbol":"https://assets.tcgdex.net/univ/hgss/hgss2/symbol"},"variants":{"firstEdition":false,"holo":true,"normal":false,"reverse":false,"wPromo":false},"dexId":[244],"hp":160,"types":["Eau","Feu"],"stage":"De base","suffix":"LÉGENDE","retreat":0,"legal":{"standard":false,"expanded":false}},{"category":"Pokémon","id":"hgss2-95","illustrator":"Shinji Higuchi + Sachiko Eba","image":"https://assets.tcgdex.net/fr/hgss/hgss2/95","localId":"95","name":"Suicune & Entei LÉGENDE (bas)","rarity":"Ultra Rare","set":{"cardCount":{"official":95,"total":96},"id":"hgss2","logo":"https://assets.tcgdex.net/fr/hgss/hgss2/logo","name":"Déchaînement","symbol":"https://assets.tcgdex.net/univ/hgss/hgss2/symbol"},"variants":{"firstEdition":false,"holo":true,"normal":false,"reverse":false,"wPromo":false},"dexId":[244],"hp":160,"types":["Eau","Feu"],"stage":"De base","suffix":"LÉGENDE","attacks":[{"cost":["Eau","Eau","Incolore"],"name":"Croc torrentiel","effect":"Reprenez dans votre main 2 cartes Énergie Water attachées à Suicune & Entei LÉGENDE. Cette attaque inflige 100 dégâts à l'un des Pokémon se trouvant sur le Banc de votre adversaire. (N'appliquez ni la Faiblesse ni la Résistance aux Pokémon de Banc.)"},{"cost":["Feu","Incolore","Incolore"],"name":"Enfer explosif","effect":"Le Pokémon Défenseur est maintenant Brûlé.","damage":80}],"weaknesses":[{"type":"Électrique","value":"×2"},{"type":"Eau","value":"×2"}],"retreat":1,"legal":{"standard":false,"expanded":false}},{"category":"Dresseur","id":"hgss2-TWO","illustrator":"Milky Isobe","localId":"TWO","name":"Lithographie d'Alpha","rarity":"Ultra Rare","set":{"cardCount":{"official":95,"total":96},"id":"hgss2","logo":"https://assets.tcgdex.net/fr/hgss/hgss2/logo","name":"Déchaînement","symbol":"https://assets.tcgdex.net/univ/hgss/hgss2/symbol"},"variants":{"firstEdition":false,"holo":true,"normal":false,"reverse":false,"wPromo":false},"hp":0,"effect":"Mélangez votre deck.","trainerType":"Objet","legal":{"standard":false,"expanded":false}}]