[{"category":"Pokémon","id":"neo2-1","illustrator":"Atsuko Nishida","image":"https://assets.tcgdex.net/fr/neo/neo2/1","localId":"1","name":"Mentali","rarity":"Rare","set":{"cardCount":{"official":75,"total":75},"id":"neo2","name":"Neo Discovery","symbol":"https://assets.tcgdex.net/univ/neo/neo2/symbol"},"variants":{"firstEdition":false,"holo":true,"normal":true,"reverse":true,"wPromo":false},"dexId":[196],"hp":80,"types":["Psy"],"description":"La belle fourrure qui recouvre son corps peut sentir les courants aériens et prédire les actions de son ennemi.","stage":"Niveau 1","attacks":[{"cost":["Incolore","Incolore"],"name":"Morsure","damage":20},{"cost":["Psy","Psy","Incolore"],"name":"Psyko","effect":"Inflige 30 dégâts plus 10 dégâts supplémentaires pour chaque carte Énergie attachée au Pokémon Défenseur.","damage":"30+"}],"weaknesses":[{"type":"Psy","value":"×2"}],"legal":{"standard":false,"expanded":false}},{"category":"Pokémon","id":"neo2-2","illustrator":"CR CG gangs","image":"https://assets.tcgdex.net/fr/neo/neo2/2","localId":"2","name":"Foretress","rarity":"Rare","set":{"cardCount":{"official":75,"total":75},"id":"neo2","name":"Neo Discovery","symbol":"https://assets.tcgdex.net/univ/neo/neo2/symbol"},"variants":{"firstEdition":false,"holo":true,"normal":true,"reverse":true,"wPromo":false},"dexId":[205],"hp":80,"types":["Métal"],"description":"Son corps est protégé par une coquille dure comme l'acier. Ce que cache l'armure reste un mystère complet.","stage":"Niveau 1","abilities":[{"type":"Pouvoir Pokémon","name":"Picots","effect":"Pendant le tour de votre adversaire, si un des Pokémon de son Banc devient son Pokémon Actif, Foretress lui inflige 10 dégâts. (N'appliquez ni la Faiblesse, ni la Résistance.) Ce pouvoir ne fait plus effet si Foretress est Endormi, Confus ou Paralysé."}],"attacks":[{"cost":["Métal","Incolore","Incolore"],"name":"Tour rapide","effect":"Si votre adversaire a des Pokémon sur son Banc, il en choisit un qu'il échange contre son Pokémon Actif. Puis, si vous avez des Pokémon sur votre Banc, vous échangez l'un d'eux contre votre Pokémon Actif. (Infligez les dégâts avant d'échanger les Pokémon.)","damage":30}],"weaknesses":[{"type":"Feu","value":"×2"}],"resistances":[{"type":"Plante","value":"-30"}],"legal":{"standard":false,"expanded":false}},{"category":"Pokémon","id":"neo2-3","illustrator":"Sumiyoshi Kizuki","image":"https://assets.tcgdex.net/fr/neo/neo2/3","localId":"3","name":"Kapoera","rarity":"Rare","set":{"cardCount":{"official":75,"total":75},"id":"neo2","name":"Neo Discovery","symbol":"https://assets.tcgdex.net/univ/neo/neo2/symbol"},"variants":{"firstEdition":false,"holo":true,"normal":true,"reverse":true,"wPromo":false},"dexId":[237],"hp":60,"types":["Combat"],"description":"Si vous vous laissez ensorceler par l'élégance de ses coups de pieds, vous risquez de vous faire perforer.","stage":"De base","attacks":[{"cost":["Combat"],"name":"Détection","effect":"Lancez une pièce. Si c'est face, pendant le prochain tour de votre adversaire, tous les effets des attaques contre Kapoera, y compris les dégâts, sont annulés."},{"cost":["Combat","Combat","Combat"],"name":"Triple pied","effect":"Lancez 3 pièces. Cette attaque inflige 30 dégâts multipliés par le nombre de faces.","damage":"30×"}],"weaknesses":[{"type":"Psy","value":"×2"}],"legal":{"standard":false,"expanded":false}},{"category":"Pokémon","id":"neo2-4","illustrator":"Shin-ichi Yoshida","image":"https://assets.tcgdex.net/fr/neo/neo2/4","localId":"4","name":"Démolosse","rarity":"Rare","set":{"cardCount":{"official":75,"total":75},"id":"neo2","name":"Neo Discovery","symbol":"https://assets.tcgdex.net/univ/neo/neo2/symbol"},"variants":{"firstEdition":false,"holo":true,"normal":true,"reverse":true,"wPromo":false},"dexId":[229],"hp":70,"types":["Obscurité"],"description":"Quand ils entendent ses hurlements sinistres, les autres Pokémon ont un frisson dans le dos et ils retournent au nid.","stage":"Niveau 1","attacks":[{"cost":["Obscurité","Incolore","Incolore"],"name":"Mâchouille","effect":"Jusqu'à la fin de votre prochain tour, si une attaque inflige des dégâts au Pokémon Défenseur (après application de la Faiblesse et de la Résistance), elle lui inflige 20 dégâts de plus.","damage":30},{"cost":["Feu","Feu","Incolore"],"name":"Lance-flammes","effect":"Défaussez 1 carte Énergie  attachée à Démolosse pour pouvoir utiliser cette attaque.","damage":50}],"resistances":[{"type":"Psy","value":"-30"}],"legal":{"standard":false,"expanded":false}},{"category":"Pokémon","id":"neo2-5","illustrator":"Aya Kusube","image":"https://assets.tcgdex.net/fr/neo/neo2/5","localId":"5","name":"Malosse","rarity":"Rare","set":{"cardCount":{"official":75,"total":75},"id":"neo2","name":"Neo Discovery","symbol":"https://assets.tcgdex.net/univ/neo/neo2/symbol"},"variants":{"firstEdition":false,"holo":true,"normal":true,"reverse":true,"wPromo":false},"dexId":[228],"hp":50,"types":["Feu"],"description":"Pour traquer leur proie, ils se localisent mutuellement avec des aboiements compris par eux seuls.","stage":"De base","attacks":[{"cost":["Feu"],"name":"Purédpois","effect":"Lancez une pièce. Si c'est face, le Pokémon Défenseur est maintenant Empoisonné.","damage":10},{"cost":["Feu","Feu"],"name":"Quête du feu","effect":"S'il y a des cartes Énergie  dans votre pile de défausse, choisissez l'une d'entre elles et attachez-la à Malosse.","damage":20}],"weaknesses":[{"type":"Eau","value":"×2"}],"legal":{"standard":false,"expanded":false}},{"category":"Pokémon","id":"neo2-6","illustrator":"Kimiya Masago","image":"https://assets.tcgdex.net/fr/neo/neo2/6","localId":"6","name":"Kabutops","rarity":"Rare","set":{"cardCount":{"official":75,"total":75},"id":"neo2","name":"Neo Discovery","symbol":"https://assets.tcgdex.net/univ/neo/neo2/symbol"},"variants":{"firstEdition":false,"holo":true,"normal":true,"reverse":true,"wPromo":false},"dexId":[141],"hp":90,"types":["Eau"],"description":"Dans l'eau, il rentre ses pattes pour devenir plus compact, puis il agite sa carapace pour nager plus vite.","stage":"Niveau 2","attacks":[{"cost":["Incolore"],"name":"Tranche","damage":20},{"cost":["Combat"],"name":"Hydro-lame","effect":"Lancez un nombre de pièces égal au nombre de cartes Énergie attachées à Kabutops. Cette attaque inflige 40 dégâts, multipliés par le nombre de faces. Vous ne pouvez pas lancer plus de 3 pièces.","damage":"40×"}],"weaknesses":[{"type":"Plante","value":"×2"}],"legal":{"standard":false,"expanded":false}},{"category":"Pokémon","id":"neo2-7","image":"https://assets.tcgdex.net/fr/neo/neo2/7","localId":"7","name":"Magneti","rarity":"Rare","set":{"cardCount":{"official":75,"total":75},"id":"neo2","name":"Neo Discovery","symbol":"https://assets.tcgdex.net/univ/neo/neo2/symbol"},"variants":{"firstEdition":false,"holo":true,"normal":true,"reverse":true,"wPromo":false},"dexId":[81],"hp":40,"types":["Métal"],"description":"Ces Pokémon sont attirés par les émissions électriques et ils suivent souvent les gens qui se servent de Pokéquipement.","stage":"De base","attacks":[{"cost":["Incolore"],"name":"Verrouillage","effect":"Pendant votre prochain tour, considérez que les pièces tombées sur pile lors de l'attaque Élécanon de Magneti sur le Pokémon Défenseur sont en fait tombées sur face. (Faire évoluer ou renvoyer l'un ou l'autre Pokémon sur son Banc annule cet effet.)"},{"cost":["Électrique","Incolore"],"name":"Élécanon","effect":"Lancez 2 pièces. Si c'est face dans les deux cas, le Pokémon Défenseur est Paralysé. Si c'est pile (même pour une pièce seulement), cette attaque ne fait rien (pas même de dégâts).","damage":50}],"weaknesses":[{"type":"Feu","value":"×2"}],"resistances":[{"type":"Plante","value":"-30"}],"legal":{"standard":false,"expanded":false}},{"category":"Pokémon","id":"neo2-8","illustrator":"Tomokazu Komiya","image":"https://assets.tcgdex.net/fr/neo/neo2/8","localId":"8","name":"Tarpaud","rarity":"Rare","set":{"cardCount":{"official":75,"total":75},"id":"neo2","name":"Neo Discovery","symbol":"https://assets.tcgdex.net/univ/neo/neo2/symbol"},"variants":{"firstEdition":false,"holo":true,"normal":true,"reverse":true,"wPromo":false},"dexId":[186],"hp":100,"types":["Eau"],"description":"Quand trois d'entre eux se retrouvent, ils chantent d'une voix tonitruante qui ressemble à des beuglements.","stage":"Niveau 2","abilities":[{"type":"Pouvoir Pokémon","name":"Chant de crapaud","effect":"Quand l'attaque de Tarpaud fait des dégâts au Pokémon Défenseur (après application de la Faiblesse et de la Résistance), s'il y a plus de 3 Ptitards, Têtartes, Tartards et/ou Tarpauds en jeu (y compris chez votre adversaire), cette attaque fait 40 dégâts supplémentaires (quel que soit le nombre de faces obtenu). Ce pouvoir cesse de faire effet si Tarpaud est Endormi, Confus ou Paralysé."}],"attacks":[{"cost":["Eau","Eau","Incolore","Incolore"],"name":"Torgnoles","effect":"Lancez 2 pièces. Cette attaque inflige 40 dégâts multipliés par le nombre de faces.","damage":"40×"}],"weaknesses":[{"type":"Plante","value":"×2"}],"legal":{"standard":false,"expanded":false}},{"category":"Pokémon","id":"neo2-9","illustrator":"Shin-ichi Yoshida","image":"https://assets.tcgdex.net/fr/neo/neo2/9","localId":"9","name":"Tartard","rarity":"Rare","set":{"cardCount":{"official":75,"total":75},"id":"neo2","name":"Neo Discovery","symbol":"https://assets.tcgdex.net/univ/neo/neo2/symbol"},"variants":{"firstEdition":false,"holo":true,"normal":true,"reverse":true,"wPromo":false},"dexId":[62],"hp":90,"types":["Combat"],"description":"Bien qu'excellent nageur qui utilise tous ses muscles, il vit sur la terre ferme.","stage":"Niveau 2","attacks":[{"cost":["Combat","Incolore"],"name":"Poing tire-bouchon","damage":30},{"cost":["Combat","Combat","Incolore","Incolore"],"name":"Sacrifice","effect":"Tartard s'inflige 20 dégâts.","damage":70}],"weaknesses":[{"type":"Psy","value":"×2"}],"legal":{"standard":false,"expanded":false}},{"category":"Pokémon","id":"neo2-10","illustrator":"Kimiya Masago","image":"https://assets.tcgdex.net/fr/neo/neo2/10","localId":"10","name":"Cizayox","rarity":"Rare","set":{"cardCount":{"official":75,"total":75},"id":"neo2","name":"Neo Discovery","symbol":"https://assets.tcgdex.net/univ/neo/neo2/symbol"},"variants":{"firstEdition":false,"holo":true,"normal":true,"reverse":true,"wPromo":false},"dexId":[212],"hp":80,"types":["Métal"],"description":"Il brandit ses pinces décorées d'yeux pour effrayer ses ennemis, qui ont l'impression qu'il a trois têtes.","stage":"Niveau 1","attacks":[{"cost":["Métal"],"name":"Faux-Chage","effect":"Inflige des dégâts équivalents à la moitié des PV restants au Pokémon Défenseur (arrondis à la dizaine la plus proche.)","damage":"?"},{"cost":["Incolore","Incolore","Incolore"],"name":"Combo-griffe","effect":"Lancez 2 pièces. Cette attaque inflige 20 dégâts multipliés par le nombre de faces.","damage":"20+"}],"weaknesses":[{"type":"Feu","value":"×2"}],"resistances":[{"type":"Plante","value":"-30"}],"legal":{"standard":false,"expanded":false}},{"category":"Pokémon","id":"neo2-11","illustrator":"Hironobu Yoshida","image":"https://assets.tcgdex.net/fr/neo/neo2/11","localId":"11","name":"Queulorior","rarity":"Rare","set":{"cardCount":{"official":75,"total":75},"id":"neo2","name":"Neo Discovery","symbol":"https://assets.tcgdex.net/univ/neo/neo2/symbol"},"variants":{"firstEdition":false,"holo":true,"normal":true,"reverse":true,"wPromo":false},"dexId":[235],"hp":50,"types":["Incolore"],"description":"Un liquide spécial recouvre l'extrémité de sa queue. Il l'utilise comme peinture pour marquer son territoire.","stage":"De base","attacks":[{"cost":["Incolore","Incolore"],"name":"Gribouille","effect":"Si le Pokémon Défenseur a attaqué au tour précédent et si Queulorior était en jeu pendant cette attaque, Queulorior peut copier cette attaque excepté son coût en Énergie et les autres éléments nécessaires à cette attaque."}],"weaknesses":[{"type":"Combat","value":"×2"}],"resistances":[{"type":"Psy","value":"-30"}],"legal":{"standard":false,"expanded":false}},{"category":"Pokémon","id":"neo2-12","illustrator":"Hironobu Yoshida","image":"https://assets.tcgdex.net/fr/neo/neo2/12","localId":"12","name":"Tyranocif","rarity":"Rare","set":{"cardCount":{"official":75,"total":75},"id":"neo2","name":"Neo Discovery","symbol":"https://assets.tcgdex.net/univ/neo/neo2/symbol"},"variants":{"firstEdition":false,"holo":true,"normal":true,"reverse":true,"wPromo":false},"dexId":[248],"hp":100,"types":["Obscurité"],"description":"Son corps est invulnérable à toutes les attaques, alors il s'empresse de défier ses ennemis.","stage":"Niveau 2","attacks":[{"cost":["Incolore","Incolore","Incolore"],"name":"Souplesse","effect":"Lancez 2 pièces. Cette attaque inflige 30 dégâts multipliés par le nombre de faces.","damage":"30×"},{"cost":["Obscurité","Obscurité","Incolore","Incolore"],"name":"Bousculade","effect":"Pour chaque Pokémon sur le Banc (celui de votre adversaire et le vôtre), lancez une pièce. Si c'est face, cette attaque fait 30 dégâts à ce Pokémon. (N'appliquez ni la Faiblesse ni la Résistance aux Pokémon de Banc.)","damage":50}],"resistances":[{"type":"Psy","value":"-30"}],"legal":{"standard":false,"expanded":false}},{"category":"Pokémon","id":"neo2-13","illustrator":"Kimiya Masago","image":"https://assets.tcgdex.net/fr/neo/neo2/13","localId":"13","name":"Noctali","rarity":"Rare","set":{"cardCount":{"official":75,"total":75},"id":"neo2","name":"Neo Discovery","symbol":"https://assets.tcgdex.net/univ/neo/neo2/symbol"},"variants":{"firstEdition":false,"holo":true,"normal":true,"reverse":true,"wPromo":false},"dexId":[197],"hp":80,"types":["Obscurité"],"description":"Quand la nuit tombe, les anneaux de son corps se mettent à luire, éveillant la peur dans le cœur de ceux qui sont dans les parages.","stage":"Niveau 1","attacks":[{"cost":["Incolore","Incolore"],"name":"Morsure","damage":20},{"cost":["Obscurité","Obscurité","Incolore"],"name":"Feinte","effect":"Choisissez 1 des Pokémon de votre adversaire. Cette attaque lui inflige 30 dégâts. Les dégâts de l'attaque ne sont pas affectés par la Faiblesse, la Résistance, les Pouvoirs Pokémon ou tout autre effet en action sur le Pokémon Défenseur."}],"resistances":[{"type":"Psy","value":"-30"}],"legal":{"standard":false,"expanded":false}},{"category":"Pokémon","id":"neo2-14","illustrator":"CR CG gangs","image":"https://assets.tcgdex.net/fr/neo/neo2/14","localId":"14","name":"Zarbi A","rarity":"Rare","set":{"cardCount":{"official":75,"total":75},"id":"neo2","name":"Neo Discovery","symbol":"https://assets.tcgdex.net/univ/neo/neo2/symbol"},"variants":{"firstEdition":false,"holo":true,"normal":true,"reverse":true,"wPromo":false},"dexId":[201],"hp":40,"types":["Psy"],"description":"Ils ressemblent à des hiéroglyphes inscrits sur d'antiques tablettes. On prétend qu'ils sont de la même origine.","stage":"De base","abilities":[{"type":"Pouvoir Pokémon","name":"[Anger]","effect":"Quand 1 de vos Pokémon Zarbi utilise son attaque Puissance cachée, cette attaque inflige 10 dégâts supplémentaires par marqueur de dégâts placé sur Zarbi [A]. Si vous avez plus d' 1 Zarbi [A] en jeu, n'utilisez que 1 [Anger] par attaque."}],"attacks":[{"cost":["Psy"],"name":"Puissance cachée","damage":10}],"weaknesses":[{"type":"Psy","value":"×2"}],"legal":{"standard":false,"expanded":false}},{"category":"Pokémon","id":"neo2-15","illustrator":"Naoyo Kimura","image":"https://assets.tcgdex.net/fr/neo/neo2/15","localId":"15","name":"Ursaring","rarity":"Rare","set":{"cardCount":{"official":75,"total":75},"id":"neo2","name":"Neo Discovery","symbol":"https://assets.tcgdex.net/univ/neo/neo2/symbol"},"variants":{"firstEdition":false,"holo":true,"normal":true,"reverse":true,"wPromo":false},"dexId":[217],"hp":80,"types":["Incolore"],"description":"Il sait monter aux arbres, mais il préfère casser les troncs avec ses pattes avant pour manger les baies qui sont tombées.","stage":"Niveau 1","attacks":[{"cost":["Incolore","Incolore"],"name":"Press'tête","effect":"Lancez une pièce. Si c'est face, le Pokémon Défenseur est Paralysé. Si c'est pile, cette attaque ne fait rien (pas même de dégâts).","damage":20},{"cost":["Incolore","Incolore","Incolore","Incolore"],"name":"Double lasso","effect":"Lancez 2 pièces. Cette attaque inflige 40 dégâts multipliés par le nombre de faces.","damage":"40×"}],"weaknesses":[{"type":"Combat","value":"×2"}],"resistances":[{"type":"Psy","value":"-30"}],"legal":{"standard":false,"expanded":false}},{"category":"Pokémon","id":"neo2-16","illustrator":"Hironobu Yoshida","image":"https://assets.tcgdex.net/fr/neo/neo2/16","localId":"16","name":"Qulbutoke","rarity":"Rare","set":{"cardCount":{"official":75,"total":75},"id":"neo2","name":"Neo Discovery","symbol":"https://assets.tcgdex.net/univ/neo/neo2/symbol"},"variants":{"firstEdition":false,"holo":true,"normal":true,"reverse":true,"wPromo":false},"dexId":[202],"hp":90,"types":["Psy"],"description":"Pour cacher sa queue noire, il vit discrètement dans l'obscurité. Il n'attaque jamais le premier.","stage":"De base","attacks":[{"cost":["Psy"],"name":"Riposte","effect":"Si une attaque inflige des dégâts à Qulbutoke pendant le prochain tour de votre adversaire (même si Qulbutoke est K.O.), lancez 1 pièce. Si c'est face, Qulbutoke attaque le Pokémon Défenseur et lui inflige le même nombre de dégâts."}],"weaknesses":[{"type":"Psy","value":"×2"}],"legal":{"standard":false,"expanded":false}},{"category":"Pokémon","id":"neo2-17","illustrator":"Atsuko Nishida","image":"https://assets.tcgdex.net/fr/neo/neo2/17","localId":"17","name":"Yanma","rarity":"Rare","set":{"cardCount":{"official":75,"total":75},"id":"neo2","name":"Neo Discovery","symbol":"https://assets.tcgdex.net/univ/neo/neo2/symbol"},"variants":{"firstEdition":false,"holo":true,"normal":true,"reverse":true,"wPromo":false},"dexId":[193],"hp":60,"types":["Plante"],"description":"S'il agite ses ailes très vite, il peut provoquer des ondes de choc qui font exploser toutes les vitres du voisinage.","stage":"De base","attacks":[{"cost":["Plante"],"name":"Onde de choc","effect":"Lancez une pièce. Si c'est face, cette attaque inflige 10 dégâts à chacun des Pokémon de votre adversaire. N'appliquez pas la Faiblesse et la Résistance. Puis, si votre adversaire a des Pokémon sur son Banc, il choisit l'un d'eux et l'échange contre le Pokémon Défenseur."},{"cost":["Plante","Plante","Plante"],"name":"Météores","effect":"Les dégâts de cette attaque ne sont pas affectés par la Faiblesse, la Résistance, les Pouvoirs Pokémon ou tout autre effet en action sur le Pokémon Défenseur.","damage":30}],"weaknesses":[{"type":"Feu","value":"×2"}],"resistances":[{"type":"Combat","value":"-30"}],"legal":{"standard":false,"expanded":false}},{"category":"Pokémon","id":"neo2-18","illustrator":"Aya Kusube","image":"https://assets.tcgdex.net/fr/neo/neo2/18","localId":"18","name":"Dardargnan","rarity":"Rare","set":{"cardCount":{"official":75,"total":75},"id":"neo2","name":"Neo Discovery","symbol":"https://assets.tcgdex.net/univ/neo/neo2/symbol"},"variants":{"firstEdition":false,"holo":true,"normal":true,"reverse":true,"wPromo":false},"dexId":[15],"hp":80,"types":["Plante"],"description":"Il peut vaincre ses adversaires avec ses puissants dards empoisonnés. Parfois, il attaque avec le reste de l'essaim.","stage":"Niveau 2","attacks":[{"cost":["Plante"],"name":"Triple poison","effect":"Lancez 1 pièce. Si c'est face, le Pokémon Défenseur est Empoisonné. Votre adversaire ajoute 3 marqueurs de dégâts au lieu de 1 après chaque tour (même s'il était déjà Empoisonné).","damage":10},{"cost":["Plante","Plante","Incolore"],"name":"Dard-nuée","effect":"Lancez 4 pièces. Cette attaque inflige 20 dégâts multipliés par le nombre de faces.","damage":"20×"}],"weaknesses":[{"type":"Feu","value":"×2"}],"resistances":[{"type":"Combat","value":"-30"}],"legal":{"standard":false,"expanded":false}},{"category":"Pokémon","id":"neo2-19","illustrator":"Atsuko Nishida","image":"https://assets.tcgdex.net/fr/neo/neo2/19","localId":"19","name":"Papilusion","rarity":"Rare","set":{"cardCount":{"official":75,"total":75},"id":"neo2","name":"Neo Discovery","symbol":"https://assets.tcgdex.net/univ/neo/neo2/symbol"},"variants":{"firstEdition":false,"holo":true,"normal":true,"reverse":true,"wPromo":false},"dexId":[12],"hp":80,"types":["Plante"],"description":"Il ramasse du miel tous les jours en le frottant contre les poils de ses pattes pour le rapporter dans son nid.","stage":"Niveau 2","attacks":[{"cost":["Plante","Incolore"],"name":"Poussière magique","effect":"Lancez une pièce. Si c'est face, le Pokémon Défenseur est Endormi, Confus, Paralysé ou Empoisonné (selon votre choix).","damage":20},{"cost":["Plante","Plante","Incolore"],"name":"Hyper Inversion","effect":"Infligez 10 dégâts multipliés par le nombre de cartes Énergie attachées au Pokémon Défenseur. Après avoir appliqué les dégâts, retirez autant de marqueurs de dégâts à Papilusion que le Pokémon Défenseur en a reçu (après application de la Faiblesse et de la Résistance)."}],"weaknesses":[{"type":"Feu","value":"×2"}],"resistances":[{"type":"Combat","value":"-30"}],"legal":{"standard":false,"expanded":false}},{"category":"Pokémon","id":"neo2-20","illustrator":"Naoyo Kimura","image":"https://assets.tcgdex.net/fr/neo/neo2/20","localId":"20","name":"Mentali","rarity":"Rare","set":{"cardCount":{"official":75,"total":75},"id":"neo2","name":"Neo Discovery","symbol":"https://assets.tcgdex.net/univ/neo/neo2/symbol"},"variants":{"firstEdition":false,"holo":true,"normal":true,"reverse":true,"wPromo":false},"dexId":[196],"hp":70,"types":["Psy"],"description":"En analysant les courants aériens, il peut prédire le temps ou la prochaine action de son ennemi.","stage":"Niveau 1","attacks":[{"cost":["Incolore","Incolore"],"name":"Vive-attaque","effect":"Lancez une pièce. Si c'est face, cette attaque inflige 10 dégâts plus 20 dégâts supplémentaires. Si c'est pile, cette attaque inflige 10 dégâts.","damage":"10+"},{"cost":["Psy","Psy","Incolore"],"name":"Rafale psy","effect":"Lancez une pièce. Si c'est face, le Pokémon Défenseur est maintenant Confus.","damage":30}],"weaknesses":[{"type":"Psy","value":"×2"}],"legal":{"standard":false,"expanded":false}},{"category":"Pokémon","id":"neo2-21","illustrator":"CR CG gangs","image":"https://assets.tcgdex.net/fr/neo/neo2/21","localId":"21","name":"Foretress","rarity":"Rare","set":{"cardCount":{"official":75,"total":75},"id":"neo2","name":"Neo Discovery","symbol":"https://assets.tcgdex.net/univ/neo/neo2/symbol"},"variants":{"firstEdition":false,"holo":true,"normal":true,"reverse":true,"wPromo":false},"dexId":[205],"hp":80,"types":["Métal"],"description":"Son corps est protégé par une coquille dure comme l'acier. Ce que cache l'armure reste un mystère complet.","stage":"Niveau 1","abilities":[{"type":"Pouvoir Pokémon","name":"Picots","effect":"Pendant le tour de votre adversaire, si un des Pokémon de son Banc devient son Pokémon Actif, Foretress lui inflige 10 dégâts. (N'appliquez ni la Faiblesse, ni la Résistance.) Ce pouvoir ne fait plus effet si Foretress est Endormi, Confus ou Paralysé."}],"attacks":[{"cost":["Métal","Incolore","Incolore"],"name":"Tour rapide","effect":"Si votre adversaire a des Pokémon sur son Banc, il en choisit un qu'il échange contre son Pokémon Actif. Puis, si vous avez des Pokémon sur votre Banc, vous échangez l'un d'eux contre votre Pokémon Actif. (Infligez les dégâts avant d'échanger les Pokémon.)","damage":30}],"weaknesses":[{"type":"Feu","value":"×2"}],"resistances":[{"type":"Plante","value":"-30"}],"legal":{"standard":false,"expanded":false}},{"category":"Pokémon","id":"neo2-22","illustrator":"Sumiyoshi Kizuki","image":"https://assets.tcgdex.net/fr/neo/neo2/22","localId":"22","name":"Kapoera","rarity":"Rare","set":{"cardCount":{"official":75,"total":75},"id":"neo2","name":"Neo Discovery","symbol":"https://assets.tcgdex.net/univ/neo/neo2/symbol"},"variants":{"firstEdition":false,"holo":true,"normal":true,"reverse":true,"wPromo":false},"dexId":[237],"hp":60,"types":["Combat"],"description":"Si vous vous laissez ensorceler par l'élégance de ses coups de pieds, vous risquez de vous faire perforer.","stage":"De base","attacks":[{"cost":["Combat"],"name":"Détection","effect":"Lancez une pièce. Si c'est face, pendant le prochain tour de votre adversaire, tous les effets des attaques contre Kapoera, y compris les dégâts, sont annulés."},{"cost":["Combat","Combat","Combat"],"name":"Triple pied","effect":"Lancez 3 pièces. Cette attaque inflige 30 dégâts multipliés par le nombre de faces.","damage":"30×"}],"weaknesses":[{"type":"Psy","value":"×2"}],"legal":{"standard":false,"expanded":false}},{"category":"Pokémon","id":"neo2-23","illustrator":"Shin-ichi Yoshida","image":"https://assets.tcgdex.net/fr/neo/neo2/23","localId":"23","name":"Démolosse","rarity":"Rare","set":{"cardCount":{"official":75,"total":75},"id":"neo2","name":"Neo Discovery","symbol":"https://assets.tcgdex.net/univ/neo/neo2/symbol"},"variants":{"firstEdition":false,"holo":true,"normal":true,"reverse":true,"wPromo":false},"dexId":[229],"hp":70,"types":["Obscurité"],"description":"Quand ils entendent ses hurlements sinistres, les autres Pokémon ont un frisson dans le dos et ils retournent au nid.","stage":"Niveau 1","attacks":[{"cost":["Obscurité","Incolore","Incolore"],"name":"Mâchouille","effect":"Jusqu'à la fin de votre prochain tour, si une attaque inflige des dégâts au Pokémon Défenseur (après application de la Faiblesse et de la Résistance), elle lui inflige 20 dégâts de plus.","damage":30},{"cost":["Feu","Feu","Incolore"],"name":"Lance-flammes","effect":"Défaussez 1 carte Énergie  attachée à Démolosse pour pouvoir utiliser cette attaque.","damage":50}],"resistances":[{"type":"Psy","value":"-30"}],"legal":{"standard":false,"expanded":false}},{"category":"Pokémon","id":"neo2-24","illustrator":"Aya Kusube","image":"https://assets.tcgdex.net/fr/neo/neo2/24","localId":"24","name":"Malosse","rarity":"Rare","set":{"cardCount":{"official":75,"total":75},"id":"neo2","name":"Neo Discovery","symbol":"https://assets.tcgdex.net/univ/neo/neo2/symbol"},"variants":{"firstEdition":false,"holo":true,"normal":true,"reverse":true,"wPromo":false},"dexId":[228],"hp":50,"types":["Feu"],"description":"Pour traquer leur proie, ils se localisent mutuellement avec des aboiements compris par eux seuls.","stage":"De base","attacks":[{"cost":["Feu"],"name":"Purédpois","effect":"Lancez une pièce. Si c'est face, le Pokémon Défenseur est maintenant Empoisonné.","damage":10},{"cost":["Feu","Feu"],"name":"Quête du feu","effect":"S'il y a des cartes Énergie  dans votre pile de défausse, choisissez l'une d'entre elles et attachez-la à Malosse.","damage":20}],"weaknesses":[{"type":"Eau","value":"×2"}],"legal":{"standard":false,"expanded":false}},{"category":"Pokémon","id":"neo2-25","illustrator":"Kimiya Masago","image":"https://assets.tcgdex.net/fr/neo/neo2/25","localId":"25","name":"Kabutops","rarity":"Rare","set":{"cardCount":{"official":75,"total":75},"id":"neo2","name":"Neo Discovery","symbol":"https://assets.tcgdex.net/univ/neo/neo2/symbol"},"variants":{"firstEdition":false,"holo":true,"normal":true,"reverse":true,"wPromo":false},"dexId":[141],"hp":90,"types":["Eau"],"description":"Dans l'eau, il rentre ses pattes pour devenir plus compact, puis il agite sa carapace pour nager plus vite.","stage":"Niveau 2","attacks":[{"cost":["Incolore"],"name":"Tranche","damage":20},{"cost":["Combat"],"name":"Hydro-lame","effect":"Lancez un nombre de pièces égal au nombre de cartes Énergie attachées à Kabutops. Cette attaque inflige 40 dégâts, multipliés par le nombre de faces. Vous ne pouvez pas lancer plus de 3 pièces.","damage":"40×"}],"weaknesses":[{"type":"Plante","value":"×2"}],"legal":{"standard":false,"expanded":false}},{"category":"Pokémon","id":"neo2-26","image":"https://assets.tcgdex.net/fr/neo/neo2/26","localId":"26","name":"Magneti","rarity":"Rare","set":{"cardCount":{"official":75,"total":75},"id":"neo2","name":"Neo Discovery","symbol":"https://assets.tcgdex.net/univ/neo/neo2/symbol"},"variants":{"firstEdition":false,"holo":true,"normal":true,"reverse":true,"wPromo":false},"dexId":[81],"hp":40,"types":["Métal"],"description":"Ces Pokémon sont attirés par les émissions électriques et ils suivent souvent les gens qui se servent de Pokéquipement.","stage":"De base","attacks":[{"cost":["Incolore"],"name":"Verrouillage","effect":"Pendant votre prochain tour, considérez que les pièces tombées sur pile lors de l'attaque Élécanon de Magneti sur le Pokémon Défenseur sont en fait tombées sur face. (Faire évoluer ou renvoyer l'un ou l'autre Pokémon sur son Banc annule cet effet.)"},{"cost":["Électrique","Incolore"],"name":"Élécanon","effect":"Lancez 2 pièces. Si c'est face dans les deux cas, le Pokémon Défenseur est Paralysé. Si c'est pile (même pour une pièce seulement), cette attaque ne fait rien (pas même de dégâts).","damage":50}],"weaknesses":[{"type":"Feu","value":"×2"}],"resistances":[{"type":"Plante","value":"-30"}],"legal":{"standard":false,"expanded":false}},{"category":"Pokémon","id":"neo2-27","illustrator":"Tomokazu Komiya","image":"https://assets.tcgdex.net/fr/neo/neo2/27","localId":"27","name":"Tarpaud","rarity":"Rare","set":{"cardCount":{"official":75,"total":75},"id":"neo2","name":"Neo Discovery","symbol":"https://assets.tcgdex.net/univ/neo/neo2/symbol"},"variants":{"firstEdition":false,"holo":true,"normal":true,"reverse":true,"wPromo":false},"dexId":[186],"hp":100,"types":["Eau"],"description":"Quand trois d'entre eux se retrouvent, ils chantent d'une voix tonitruante qui ressemble à des beuglements.","stage":"Niveau 2","abilities":[{"type":"Pouvoir Pokémon","name":"Chant de crapaud","effect":"Quand l'attaque de Tarpaud fait des dégâts au Pokémon Défenseur (après application de la Faiblesse et de la Résistance), s'il y a plus de 3 Ptitards, Têtartes, Tartards et/ou Tarpauds en jeu (y compris chez votre adversaire), cette attaque fait 40 dégâts supplémentaires (quel que soit le nombre de faces obtenu). Ce pouvoir cesse de faire effet si Tarpaud est Endormi, Confus ou Paralysé."}],"attacks":[{"cost":["Eau","Eau","Incolore","Incolore"],"name":"Torgnoles","effect":"Lancez 2 pièces. Cette attaque inflige 40 dégâts multipliés par le nombre de faces.","damage":"40×"}],"weaknesses":[{"type":"Plante","value":"×2"}],"legal":{"standard":false,"expanded":false}},{"category":"Pokémon","id":"neo2-28","illustrator":"Shin-ichi Yoshida","image":"https://assets.tcgdex.net/fr/neo/neo2/28","localId":"28","name":"Tartard","rarity":"Rare","set":{"cardCount":{"official":75,"total":75},"id":"neo2","name":"Neo Discovery","symbol":"https://assets.tcgdex.net/univ/neo/neo2/symbol"},"variants":{"firstEdition":false,"holo":true,"normal":true,"reverse":true,"wPromo":false},"dexId":[62],"hp":90,"types":["Combat"],"description":"Bien qu'excellent nageur qui utilise tous ses muscles, il vit sur la terre ferme.","stage":"Niveau 2","attacks":[{"cost":["Combat","Incolore"],"name":"Poing tire-bouchon","damage":30},{"cost":["Combat","Combat","Incolore","Incolore"],"name":"Sacrifice","effect":"Tartard s'inflige 20 dégâts.","damage":70}],"weaknesses":[{"type":"Psy","value":"×2"}],"legal":{"standard":false,"expanded":false}},{"category":"Pokémon","id":"neo2-29","illustrator":"Kimiya Masago","image":"https://assets.tcgdex.net/fr/neo/neo2/29","localId":"29","name":"Cizayox","rarity":"Rare","set":{"cardCount":{"official":75,"total":75},"id":"neo2","name":"Neo Discovery","symbol":"https://assets.tcgdex.net/univ/neo/neo2/symbol"},"variants":{"firstEdition":false,"holo":true,"normal":true,"reverse":true,"wPromo":false},"dexId":[212],"hp":80,"types":["Métal"],"description":"Il brandit ses pinces décorées d'yeux pour effrayer ses ennemis, qui ont l'impression qu'il a trois têtes.","stage":"Niveau 1","attacks":[{"cost":["Métal"],"name":"Faux-Chage","effect":"Inflige des dégâts équivalents à la moitié des PV restants au Pokémon Défenseur (arrondis à la dizaine la plus proche.)","damage":"?"},{"cost":["Incolore","Incolore","Incolore"],"name":"Combo-griffe","effect":"Lancez 2 pièces. Cette attaque inflige 20 dégâts multipliés par le nombre de faces.","damage":"20+"}],"weaknesses":[{"type":"Feu","value":"×2"}],"resistances":[{"type":"Plante","value":"-30"}],"legal":{"standard":false,"expanded":false}},{"category":"Pokémon","id":"neo2-30","illustrator":"Hironobu Yoshida","image":"https://assets.tcgdex.net/fr/neo/neo2/30","localId":"30","name":"Queulorior","rarity":"Rare","set":{"cardCount":{"official":75,"total":75},"id":"neo2","name":"Neo Discovery","symbol":"https://assets.tcgdex.net/univ/neo/neo2/symbol"},"variants":{"firstEdition":false,"holo":true,"normal":true,"reverse":true,"wPromo":false},"dexId":[235],"hp":50,"types":["Incolore"],"description":"Un liquide spécial recouvre l'extrémité de sa queue. Il l'utilise comme peinture pour marquer son territoire.","stage":"De base","attacks":[{"cost":["Incolore","Incolore"],"name":"Gribouille","effect":"Si le Pokémon Défenseur a attaqué au tour précédent et si Queulorior était en jeu pendant cette attaque, Queulorior peut copier cette attaque excepté son coût en Énergie et les autres éléments nécessaires à cette attaque."}],"weaknesses":[{"type":"Combat","value":"×2"}],"resistances":[{"type":"Psy","value":"-30"}],"legal":{"standard":false,"expanded":false}},{"category":"Pokémon","id":"neo2-31","illustrator":"Hironobu Yoshida","image":"https://assets.tcgdex.net/fr/neo/neo2/31","localId":"31","name":"Tyranocif","rarity":"Rare","set":{"cardCount":{"official":75,"total":75},"id":"neo2","name":"Neo Discovery","symbol":"https://assets.tcgdex.net/univ/neo/neo2/symbol"},"variants":{"firstEdition":false,"holo":true,"normal":true,"reverse":true,"wPromo":false},"dexId":[248],"hp":100,"types":["Obscurité"],"description":"Son corps est invulnérable à toutes les attaques, alors il s'empresse de défier ses ennemis.","stage":"Niveau 2","attacks":[{"cost":["Incolore","Incolore","Incolore"],"name":"Souplesse","effect":"Lancez 2 pièces. Cette attaque inflige 30 dégâts multipliés par le nombre de faces.","damage":"30×"},{"cost":["Obscurité","Obscurité","Incolore","Incolore"],"name":"Bousculade","effect":"Pour chaque Pokémon sur le Banc (celui de votre adversaire et le vôtre), lancez une pièce. Si c'est face, cette attaque fait 30 dégâts à ce Pokémon. (N'appliquez ni la Faiblesse ni la Résistance aux Pokémon de Banc.)","damage":50}],"resistances":[{"type":"Psy","value":"-30"}],"legal":{"standard":false,"expanded":false}},{"category":"Pokémon","id":"neo2-32","illustrator":"Naoyo Kimura","image":"https://assets.tcgdex.net/fr/neo/neo2/32","localId":"32","name":"Noctali","rarity":"Rare","set":{"cardCount":{"official":75,"total":75},"id":"neo2","name":"Neo Discovery","symbol":"https://assets.tcgdex.net/univ/neo/neo2/symbol"},"variants":{"firstEdition":false,"holo":true,"normal":true,"reverse":true,"wPromo":false},"dexId":[197],"hp":70,"types":["Obscurité"],"description":"Quand il est énervé, ce Pokémon se protège avec une sueur empoisonnée émise par ses pores.","stage":"Niveau 1","attacks":[{"cost":["Incolore","Incolore"],"name":"Vive-attaque","effect":"Lancez une pièce. Si c'est face, cette attaque inflige 10 dégâts plus 20 dégâts supplémentaires ; si c'est pile, cette attaque inflige 10 dégâts.","damage":"10+"},{"cost":["Obscurité","Incolore","Incolore"],"name":"Poursuite","effect":"Pendant le prochain tour de votre adversaire, si le Pokémon Défenseur essaie de battre en retraite, infligez-lui 10 dégâts. (N'appliquez pas la Faiblesse et la Résistance.)","damage":30}],"resistances":[{"type":"Psy","value":"-30"}],"legal":{"standard":false,"expanded":false}},{"category":"Pokémon","id":"neo2-33","illustrator":"CR CG gangs","image":"https://assets.tcgdex.net/fr/neo/neo2/33","localId":"33","name":"Zarbi A","rarity":"Rare","set":{"cardCount":{"official":75,"total":75},"id":"neo2","name":"Neo Discovery","symbol":"https://assets.tcgdex.net/univ/neo/neo2/symbol"},"variants":{"firstEdition":false,"holo":true,"normal":true,"reverse":true,"wPromo":false},"dexId":[201],"hp":40,"types":["Psy"],"description":"Ils ressemblent à des hiéroglyphes inscrits sur d'antiques tablettes. On prétend qu'ils sont de la même origine.","stage":"De base","abilities":[{"type":"Pouvoir Pokémon","name":"[Anger]","effect":"Quand 1 de vos Pokémon Zarbi utilise son attaque Puissance cachée, cette attaque inflige 10 dégâts supplémentaires par marqueur de dégâts placé sur Zarbi [A]. Si vous avez plus d' 1 Zarbi [A] en jeu, n'utilisez que 1 [Anger] par attaque."}],"attacks":[{"cost":["Psy"],"name":"Puissance cachée","damage":10}],"weaknesses":[{"type":"Psy","value":"×2"}],"legal":{"standard":false,"expanded":false}},{"category":"Pokémon","id":"neo2-34","illustrator":"Naoyo Kimura","image":"https://assets.tcgdex.net/fr/neo/neo2/34","localId":"34","name":"Ursaring","rarity":"Rare","set":{"cardCount":{"official":75,"total":75},"id":"neo2","name":"Neo Discovery","symbol":"https://assets.tcgdex.net/univ/neo/neo2/symbol"},"variants":{"firstEdition":false,"holo":true,"normal":true,"reverse":true,"wPromo":false},"dexId":[217],"hp":80,"types":["Incolore"],"description":"Il sait monter aux arbres, mais il préfère casser les troncs avec ses pattes avant pour manger les baies qui sont tombées.","stage":"Niveau 1","attacks":[{"cost":["Incolore","Incolore"],"name":"Press'tête","effect":"Lancez une pièce. Si c'est face, le Pokémon Défenseur est Paralysé. Si c'est pile, cette attaque ne fait rien (pas même de dégâts).","damage":20},{"cost":["Incolore","Incolore","Incolore","Incolore"],"name":"Double lasso","effect":"Lancez 2 pièces. Cette attaque inflige 40 dégâts multipliés par le nombre de faces.","damage":"40×"}],"weaknesses":[{"type":"Combat","value":"×2"}],"resistances":[{"type":"Psy","value":"-30"}],"legal":{"standard":false,"expanded":false}},{"category":"Pokémon","id":"neo2-35","illustrator":"Hironobu Yoshida","image":"https://assets.tcgdex.net/fr/neo/neo2/35","localId":"35","name":"Qulbutoke","rarity":"Rare","set":{"cardCount":{"official":75,"total":75},"id":"neo2","name":"Neo Discovery","symbol":"https://assets.tcgdex.net/univ/neo/neo2/symbol"},"variants":{"firstEdition":false,"holo":true,"normal":true,"reverse":true,"wPromo":false},"dexId":[202],"hp":90,"types":["Psy"],"description":"Pour cacher sa queue noire, il vit discrètement dans l'obscurité. Il n'attaque jamais le premier.","stage":"De base","attacks":[{"cost":["Psy"],"name":"Riposte","effect":"Si une attaque inflige des dégâts à Qulbutoke pendant le prochain tour de votre adversaire (même si Qulbutoke est K.O.), lancez 1 pièce. Si c'est face, Qulbutoke attaque le Pokémon Défenseur et lui inflige le même nombre de dégâts."}],"weaknesses":[{"type":"Psy","value":"×2"}],"legal":{"standard":false,"expanded":false}},{"category":"Pokémon","id":"neo2-36","illustrator":"Atsuko Nishida","image":"https://assets.tcgdex.net/fr/neo/neo2/36","localId":"36","name":"Yanma","rarity":"Rare","set":{"cardCount":{"official":75,"total":75},"id":"neo2","name":"Neo Discovery","symbol":"https://assets.tcgdex.net/univ/neo/neo2/symbol"},"variants":{"firstEdition":false,"holo":true,"normal":true,"reverse":true,"wPromo":false},"dexId":[193],"hp":60,"types":["Plante"],"description":"S'il agite ses ailes très vite, il peut provoquer des ondes de choc qui font exploser toutes les vitres du voisinage.","stage":"De base","attacks":[{"cost":["Plante"],"name":"Onde de choc","effect":"Lancez une pièce. Si c'est face, cette attaque inflige 10 dégâts à chacun des Pokémon de votre adversaire. N'appliquez pas la Faiblesse et la Résistance. Puis, si votre adversaire a des Pokémon sur son Banc, il choisit l'un d'eux et l'échange contre le Pokémon Défenseur."},{"cost":["Plante","Plante","Plante"],"name":"Météores","effect":"Les dégâts de cette attaque ne sont pas affectés par la Faiblesse, la Résistance, les Pouvoirs Pokémon ou tout autre effet en action sur le Pokémon Défenseur.","damage":30}],"weaknesses":[{"type":"Feu","value":"×2"}],"resistances":[{"type":"Combat","value":"-30"}],"legal":{"standard":false,"expanded":false}},{"category":"Pokémon","id":"neo2-37","illustrator":"Yuka Morii","image":"https://assets.tcgdex.net/fr/neo/neo2/37","localId":"37","name":"Corayon","rarity":"Peu Commune","set":{"cardCount":{"official":75,"total":75},"id":"neo2","name":"Neo Discovery","symbol":"https://assets.tcgdex.net/univ/neo/neo2/symbol"},"variants":{"firstEdition":false,"holo":true,"normal":true,"reverse":true,"wPromo":false},"dexId":[222],"hp":50,"types":["Eau"],"description":"Il ne cesse de grandir et de changer de peau. La pointe de sa tête est très recherchée à cause de sa beauté.","stage":"De base","attacks":[{"cost":["Eau"],"name":"Soin","effect":"Défaussez 1 carte Énergie  attachée à Corayon pour pouvoir utiliser cette attaque. Retirez tous les marqueurs de dégâts sur Corayon."},{"cost":["Combat","Combat"],"name":"Picanon","effect":"Lancez 2 pièces. Cette attaque inflige 30 dégâts multipliés par le nombre de faces.","damage":"30×"}],"weaknesses":[{"type":"Plante","value":"×2"}],"legal":{"standard":false,"expanded":false}},{"category":"Pokémon","id":"neo2-38","illustrator":"Aya Kusube","image":"https://assets.tcgdex.net/fr/neo/neo2/38","localId":"38","name":"Évoli","rarity":"Peu Commune","set":{"cardCount":{"official":75,"total":75},"id":"neo2","name":"Neo Discovery","symbol":"https://assets.tcgdex.net/univ/neo/neo2/symbol"},"variants":{"firstEdition":false,"holo":true,"normal":true,"reverse":true,"wPromo":false},"dexId":[133],"hp":50,"types":["Incolore"],"description":"Son ADN instable est affecté par son environnement. Il évolue en fonction des changements de son habitat.","stage":"De base","abilities":[{"type":"Pouvoir Pokémon","name":"Évolution de l'Énergie","effect":"Quand vous attachez une carte Énergie à Évoli, lancez une pièce. Si c'est face, cherchez dans votre deck une carte Évolution d'Évoli qui est du même type que la carte Énergie que vous venez de lui attacher. Attachez aussi cette carte à Évoli. Cela revient à le faire évoluer. Mélangez ensuite votre deck. Ce pouvoir ne peut être utilisé si Évoli est Endormi, Confus ou Paralysé."}],"attacks":[{"cost":["Incolore"],"name":"Ruade","damage":10}],"weaknesses":[{"type":"Combat","value":"×2"}],"resistances":[{"type":"Psy","value":"-30"}],"legal":{"standard":false,"expanded":false}},{"category":"Pokémon","id":"neo2-39","illustrator":"Shin-ichi Yoshida","image":"https://assets.tcgdex.net/fr/neo/neo2/39","localId":"39","name":"Malosse","rarity":"Peu Commune","set":{"cardCount":{"official":75,"total":75},"id":"neo2","name":"Neo Discovery","symbol":"https://assets.tcgdex.net/univ/neo/neo2/symbol"},"variants":{"firstEdition":false,"holo":true,"normal":true,"reverse":true,"wPromo":false},"dexId":[228],"hp":40,"types":["Obscurité"],"description":"Il utilise différents types d'aboiements pour communiquer avec les autres de son espèce et pour chasser sa proie.","stage":"De base","attacks":[{"cost":["Incolore"],"name":"Morsure","damage":10},{"cost":["Obscurité","Incolore"],"name":"Pillage","effect":"Avant d'infliger les dégâts, défaussez toutes les cartes Dresseur attachées au Pokémon Défenseur (avant qu'elles agissent sur les dégâts).","damage":20}],"resistances":[{"type":"Psy","value":"-30"}],"legal":{"standard":false,"expanded":false}},{"category":"Pokémon","id":"neo2-40","illustrator":"Miki Tanaka","image":"https://assets.tcgdex.net/fr/neo/neo2/40","localId":"40","name":"Toudoudou","rarity":"Peu Commune","set":{"cardCount":{"official":75,"total":75},"id":"neo2","name":"Neo Discovery","symbol":"https://assets.tcgdex.net/univ/neo/neo2/symbol"},"variants":{"firstEdition":false,"holo":true,"normal":true,"reverse":true,"wPromo":false},"dexId":[174],"hp":30,"types":["Incolore"],"description":"Son corps extrêmement flexible et élastique le fait rebondir continuellement — tout le temps, et dans toutes les directions.","stage":"De base","abilities":[{"type":"Pouvoir Pokémon","name":"Regard","effect":"Une fois pendant votre tour (avant votre attaque), choisissez 1 des Pokémon du Banc de votre adversaire qui a un Pouvoir Pokémon. Ce pouvoir cesse de fonctionner jusqu'à la fin du tour. L'effet de ce pouvoir cesse si le Pokémon quitte le Banc."}],"legal":{"standard":false,"expanded":false}},{"category":"Pokémon","id":"neo2-41","illustrator":"Yukiko Baba","image":"https://assets.tcgdex.net/fr/neo/neo2/41","localId":"41","name":"Coconfort","rarity":"Peu Commune","set":{"cardCount":{"official":75,"total":75},"id":"neo2","name":"Neo Discovery","symbol":"https://assets.tcgdex.net/univ/neo/neo2/symbol"},"variants":{"firstEdition":false,"holo":true,"normal":true,"reverse":true,"wPromo":false},"dexId":[14],"hp":70,"types":["Plante"],"description":"Même si c'est un cocon, il peut bouger un peu. Il peut allonger ses pointes empoisonnées s'il est attrapé.","stage":"Niveau 1","attacks":[{"cost":["Plante","Plante"],"name":"Sécrétion de poison","effect":"Pendant le prochain tour de votre adversaire, quand son attaque fait des dégâts à Coconfort (même si Coconfort est K.O.), le Pokémon Actif de votre adversaire est Empoisonné et Coconfort inflige 10 dégâts à chaque Pokémon du Banc de votre adversaire. (N'appliquez pas la Faiblesse et la Résistance pour les Pokémon du Banc.)"}],"weaknesses":[{"type":"Feu","value":"×2"}],"legal":{"standard":false,"expanded":false}},{"category":"Pokémon","id":"neo2-42","illustrator":"Sumiyoshi Kizuki","image":"https://assets.tcgdex.net/fr/neo/neo2/42","localId":"42","name":"Chrysacier","rarity":"Peu Commune","set":{"cardCount":{"official":75,"total":75},"id":"neo2","name":"Neo Discovery","symbol":"https://assets.tcgdex.net/univ/neo/neo2/symbol"},"variants":{"firstEdition":false,"holo":true,"normal":true,"reverse":true,"wPromo":false},"dexId":[11],"hp":70,"types":["Plante"],"description":"Son corps est tendre et mou dans sa carapace. Il reste immobile dans son cocon.","stage":"Niveau 1","attacks":[{"cost":["Incolore","Incolore"],"name":"Armure","effect":"Pendant le prochain tour de votre adversaire, à chaque fois que 20 dégâts ou moins sont infligés à Chrysacier (après application de la Faiblesse et de la Résistance), prévenez ces dégâts. (Tout autre effet ou attaque est toujours valide.)"},{"cost":["Plante","Plante"],"name":"Éclosion","effect":"Lancez une pièce. Si c'est face, retirez tous les marqueurs de dégâts sur Chrysacier. Puis, cherchez dans votre deck une carte Évolution de Chrysacier et attachez-la à Chrysacier. Cela revient à le faire évoluer. Mélangez ensuite votre deck."}],"weaknesses":[{"type":"Feu","value":"×2"}],"legal":{"standard":false,"expanded":false}},{"category":"Pokémon","id":"neo2-43","illustrator":"Shin-ichi Yoshida","image":"https://assets.tcgdex.net/fr/neo/neo2/43","localId":"43","name":"Amonistar","rarity":"Peu Commune","set":{"cardCount":{"official":75,"total":75},"id":"neo2","name":"Neo Discovery","symbol":"https://assets.tcgdex.net/univ/neo/neo2/symbol"},"variants":{"firstEdition":false,"holo":true,"normal":true,"reverse":true,"wPromo":false},"dexId":[139],"hp":80,"types":["Combat"],"description":"Apparemment, il a brisé la coquille de Kokiyas avec ses crocs acérés et il a mangé ce qui était à l'intérieur.","stage":"Niveau 2","attacks":[{"cost":["Eau"],"name":"Compression","effect":"Lancez une pièce. Si c'est face, cette attaque fait 10 dégâts plus 20 dégâts supplémentaires et le Pokémon Défenseur est Paralysé. Si c'est pile, l'attaque ne fait que 10 dégâts.","damage":"10+"},{"cost":["Eau","Eau","Eau"],"name":"Barrage de pics","effect":"Lancez un nombre de pièces équivalent au nombre d'Énergies  attachées à Amonistar. Cette attaque fait 20 dégâts plus 20 dégâts par face.","damage":"20+"}],"weaknesses":[{"type":"Plante","value":"×2"}],"legal":{"standard":false,"expanded":false}},{"category":"Pokémon","id":"neo2-44","illustrator":"Kagemaru Himeno","image":"https://assets.tcgdex.net/fr/neo/neo2/44","localId":"44","name":"Têtarte","rarity":"Peu Commune","set":{"cardCount":{"official":75,"total":75},"id":"neo2","name":"Neo Discovery","symbol":"https://assets.tcgdex.net/univ/neo/neo2/symbol"},"variants":{"firstEdition":false,"holo":true,"normal":true,"reverse":true,"wPromo":false},"dexId":[61],"hp":70,"types":["Eau"],"description":"La spirale sur son ventre ondule subtilement. A force de la regarder, on risque de s'assoupir.","stage":"Niveau 1","attacks":[{"cost":["Incolore"],"name":"Cognobidon","effect":"Placez 3 marqueurs de dégâts sur Têtarte. S'il n'est pas K.O., cherchez dans votre deck 2 cartes Énergie de base et attachez-les à Têtarte. Mélangez ensuite votre deck."},{"cost":["Eau","Eau","Incolore"],"name":"Pistolet à O","effect":"Inflige 30 dégâts plus 10 dégâts supplémentaires pour chaque Énergie  attachée à Têtarte en plus du coût en Énergie de cette attaque. Vous ne pouvez pas ajouter plus de 20 dégâts de cette façon.","damage":"30+"}],"weaknesses":[{"type":"Plante","value":"×2"}],"legal":{"standard":false,"expanded":false}},{"category":"Pokémon","id":"neo2-45","illustrator":"Hironobu Yoshida","image":"https://assets.tcgdex.net/fr/neo/neo2/45","localId":"45","name":"Ymphect","rarity":"Peu Commune","set":{"cardCount":{"official":75,"total":75},"id":"neo2","name":"Neo Discovery","symbol":"https://assets.tcgdex.net/univ/neo/neo2/symbol"},"variants":{"firstEdition":false,"holo":true,"normal":true,"reverse":true,"wPromo":false},"dexId":[247],"hp":70,"types":["Combat"],"description":"Sa carapace est dure comme de la pierre, et elle le rend très fort. Ses coups peuvent renverser une montagne.","stage":"Niveau 1","attacks":[{"cost":["Incolore","Incolore"],"name":"Coud'krane","damage":20},{"cost":["Combat","Combat"],"name":"Tempête de sable","effect":"Inflige 10 dégâts à chaque Pokémon non- en jeu. N'appliquez pas la Faiblesse et la Résistance."}],"weaknesses":[{"type":"Plante","value":"×2"}],"resistances":[{"type":"Électrique","value":"-30"}],"legal":{"standard":false,"expanded":false}},{"category":"Pokémon","id":"neo2-46","illustrator":"Kimiya Masago","image":"https://assets.tcgdex.net/fr/neo/neo2/46","localId":"46","name":"Insécateur","rarity":"Peu Commune","set":{"cardCount":{"official":75,"total":75},"id":"neo2","name":"Neo Discovery","symbol":"https://assets.tcgdex.net/univ/neo/neo2/symbol"},"variants":{"firstEdition":false,"holo":true,"normal":true,"reverse":true,"wPromo":false},"dexId":[123],"hp":60,"types":["Plante"],"description":"Il se fraie un chemin dans les herbes avec ses cisailles, trop rapidement pour qu'un être humain puisse le suivre.","stage":"De base","attacks":[{"cost":["Plante","Plante"],"name":"Taillade","effect":"Lancez 4 pièces. Cette attaque inflige 10 dégâts plus 10 dégâts supplémentaires si c'est 1 face, ou 20 dégâts supplémentaires si c'est 2 faces, ou 40 dégâts supplémentaires si c'est 3 faces, ou 80 dégâts supplémentaires si c'est 4 faces.","damage":"10+"}],"weaknesses":[{"type":"Feu","value":"×2"}],"resistances":[{"type":"Combat","value":"-30"}],"legal":{"standard":false,"expanded":false}},{"category":"Pokémon","id":"neo2-47","illustrator":"CR CG gangs","image":"https://assets.tcgdex.net/fr/neo/neo2/47","localId":"47","name":"Zarbi D","rarity":"Peu Commune","set":{"cardCount":{"official":75,"total":75},"id":"neo2","name":"Neo Discovery","symbol":"https://assets.tcgdex.net/univ/neo/neo2/symbol"},"variants":{"firstEdition":false,"holo":true,"normal":true,"reverse":true,"wPromo":false},"dexId":[201],"hp":40,"types":["Psy"],"description":"Ils ressemblent à des hiéroglyphes inscrits sur d'antiques tablettes. On prétend qu'ils sont de la même origine.","stage":"De base","abilities":[{"type":"Pouvoir Pokémon","name":"[Darkness]","effect":"Quand un Pokémon  inflige des dégâts à votre Pokémon, réduisez ces dégâts de 30 (après application de la Faiblesse et de la Résistance). Ce pouvoir cesse de fonctionner s'il y a plus d'un Zarbi [D] en jeu. (Ce pouvoir fonctionne même si Zarbi [D] est Endormi, Confus ou Paralysé.)"}],"attacks":[{"cost":["Psy"],"name":"Puissance cachée","damage":10}],"weaknesses":[{"type":"Psy","value":"×2"}],"legal":{"standard":false,"expanded":false}},{"category":"Pokémon","id":"neo2-48","illustrator":"CR CG gangs","image":"https://assets.tcgdex.net/fr/neo/neo2/48","localId":"48","name":"Zarbi F","rarity":"Peu Commune","set":{"cardCount":{"official":75,"total":75},"id":"neo2","name":"Neo Discovery","symbol":"https://assets.tcgdex.net/univ/neo/neo2/symbol"},"variants":{"firstEdition":false,"holo":true,"normal":true,"reverse":true,"wPromo":false},"dexId":[201],"hp":40,"types":["Psy"],"description":"Ils ressemblent à des hiéroglyphes inscrits sur d'antiques tablettes. On prétend qu'ils sont de la même origine.","stage":"De base","abilities":[{"type":"Pouvoir Pokémon","name":"[Find]","effect":"Une fois pendant votre tour (avant votre attaque), si vous avez Zarbi [F], Zarbi [I], Zarbi [N], et Zarbi [D] sur votre Banc, vous pouvez chercher dans votre deck une carte Dresseur. Montrez cette carte à votre adversaire, puis placez-la dans votre main. Mélangez ensuite votre deck."}],"attacks":[{"cost":["Psy"],"name":"Puissance cachée","damage":10}],"weaknesses":[{"type":"Psy","value":"×2"}],"legal":{"standard":false,"expanded":false}},{"category":"Pokémon","id":"neo2-49","illustrator":"CR CG gangs","image":"https://assets.tcgdex.net/fr/neo/neo2/49","localId":"49","name":"Zarbi M","rarity":"Peu Commune","set":{"cardCount":{"official":75,"total":75},"id":"neo2","name":"Neo Discovery","symbol":"https://assets.tcgdex.net/univ/neo/neo2/symbol"},"variants":{"firstEdition":false,"holo":true,"normal":true,"reverse":true,"wPromo":false},"dexId":[201],"hp":40,"types":["Psy"],"description":"Ils ressemblent à des hiéroglyphes inscrits sur d'antiques tablettes. On prétend qu'ils sont de la même origine.","stage":"De base","abilities":[{"type":"Pouvoir Pokémon","name":"[Metal]","effect":"Quand un Pokémon  inflige des dégâts à votre Pokémon, réduisez ces dégâts de 30 (après application de la Faiblesse et de la Résistance). Ce pouvoir cesse de fonctionner s'il y a plus d'un Zarbi [M] en jeu. (Ce pouvoir fonctionne même si Zarbi [M] est Endormi, Confus ou Paralysé.)"}],"attacks":[{"cost":["Psy"],"name":"Puissance cachée","damage":10}],"weaknesses":[{"type":"Psy","value":"×2"}],"legal":{"standard":false,"expanded":false}},{"category":"Pokémon","id":"neo2-50","illustrator":"CR CG gangs","image":"https://assets.tcgdex.net/fr/neo/neo2/50","localId":"50","name":"Zarbi N","rarity":"Peu Commune","set":{"cardCount":{"official":75,"total":75},"id":"neo2","name":"Neo Discovery","symbol":"https://assets.tcgdex.net/univ/neo/neo2/symbol"},"variants":{"firstEdition":false,"holo":true,"normal":true,"reverse":true,"wPromo":false},"dexId":[201],"hp":40,"types":["Psy"],"description":"Ils ressemblent à des hiéroglyphes inscrits sur d'antiques tablettes. On prétend qu'ils sont de la même origine.","stage":"De base","abilities":[{"type":"Pouvoir Pokémon","name":"[Normal]","effect":"Quand un Pokémon  inflige des dégâts à un de vos Pokémon, réduisez ces dégâts de 30 (après application de la Faiblesse et de la Résistance). Ce pouvoir cesse de fonctionner s'il y a plus d'un Zarbi [N] en jeu. (Ce pouvoir fonctionne même si Zarbi [N] est Endormi, Confus ou Paralysé.)"}],"attacks":[{"cost":["Psy"],"name":"Puissance cachée","damage":10}],"weaknesses":[{"type":"Psy","value":"×2"}],"legal":{"standard":false,"expanded":false}},{"category":"Pokémon","id":"neo2-51","illustrator":"CR CG gangs","image":"https://assets.tcgdex.net/fr/neo/neo2/51","localId":"51","name":"Zarbi U","rarity":"Peu Commune","set":{"cardCount":{"official":75,"total":75},"id":"neo2","name":"Neo Discovery","symbol":"https://assets.tcgdex.net/univ/neo/neo2/symbol"},"variants":{"firstEdition":false,"holo":true,"normal":true,"reverse":true,"wPromo":false},"dexId":[201],"hp":40,"types":["Psy"],"description":"Ils ressemblent à des hiéroglyphes inscrits sur d'antiques tablettes. On prétend qu'ils sont de la même origine.","stage":"De base","abilities":[{"type":"Pouvoir Pokémon","name":"[Undo]","effect":"Une fois pendant votre tour (avant votre attaque), si vous avez Zarbi [U], Zarbi [N], Zarbi [D], et Zarbi [O] sur votre Banc, vous pouvez remettre votre Pokémon Actif et toutes les cartes attachées à lui dans votre main."}],"attacks":[{"cost":["Psy"],"name":"Puissance cachée","damage":10}],"weaknesses":[{"type":"Psy","value":"×2"}],"legal":{"standard":false,"expanded":false}},{"category":"Pokémon","id":"neo2-52","illustrator":"Sumiyoshi Kizuki","image":"https://assets.tcgdex.net/fr/neo/neo2/52","localId":"52","name":"Xatu","rarity":"Peu Commune","set":{"cardCount":{"official":75,"total":75},"id":"neo2","name":"Neo Discovery","symbol":"https://assets.tcgdex.net/univ/neo/neo2/symbol"},"variants":{"firstEdition":false,"holo":true,"normal":true,"reverse":true,"wPromo":false},"dexId":[178],"hp":70,"types":["Psy"],"description":"En Amérique du Sud, on dit que son œil droit voit l'avenir et le gauche, le passé.","stage":"Niveau 1","attacks":[{"cost":["Psy"],"name":"Cycle énergétique","effect":"Lancez une pièce. Si c'est face, choisissez une carte Énergie attachée au Pokémon Défenseur et 1 Pokémon du Banc de votre adversaire. Attachez-lui cette carte Énergie."},{"cost":["Psy","Psy","Incolore"],"name":"Super psy","damage":50}],"weaknesses":[{"type":"Psy","value":"×2"}],"resistances":[{"type":"Combat","value":"-30"}],"legal":{"standard":false,"expanded":false}},{"category":"Pokémon","id":"neo2-53","illustrator":"Yuka Morii","image":"https://assets.tcgdex.net/fr/neo/neo2/53","localId":"53","name":"Chenipan","rarity":"Commune","set":{"cardCount":{"official":75,"total":75},"id":"neo2","name":"Neo Discovery","symbol":"https://assets.tcgdex.net/univ/neo/neo2/symbol"},"variants":{"firstEdition":false,"holo":true,"normal":true,"reverse":true,"wPromo":false},"dexId":[10],"hp":50,"types":["Plante"],"description":"Pour se protéger, une horrible puanteur émane de ses antennes pour repousser ses ennemis.","stage":"De base","attacks":[{"cost":["Incolore"],"name":"Charge vrille","effect":"Chenipan s'inflige 10 dégâts.","damage":20}],"weaknesses":[{"type":"Feu","value":"×2"}],"legal":{"standard":false,"expanded":false}},{"category":"Pokémon","id":"neo2-54","illustrator":"Yukiko Baba","image":"https://assets.tcgdex.net/fr/neo/neo2/54","localId":"54","name":"Insolourdo","rarity":"Commune","set":{"cardCount":{"official":75,"total":75},"id":"neo2","name":"Neo Discovery","symbol":"https://assets.tcgdex.net/univ/neo/neo2/symbol"},"variants":{"firstEdition":false,"holo":true,"normal":true,"reverse":true,"wPromo":false},"dexId":[206],"hp":30,"types":["Incolore"],"description":"Quand il se fait remarquer, ce Pokémon fuit à reculons en plantant furieusement sa queue dans le sol.","stage":"De base","attacks":[{"cost":["Incolore"],"name":"Intimidation","effect":"Lancez une pièce. Si c'est face, le Pokémon Défenseur est Paralysé.","damage":10}],"weaknesses":[{"type":"Combat","value":"×2"}],"resistances":[{"type":"Psy","value":"-30"}],"legal":{"standard":false,"expanded":false}},{"category":"Pokémon","id":"neo2-55","illustrator":"Kagemaru Himeno","image":"https://assets.tcgdex.net/fr/neo/neo2/55","localId":"55","name":"Granivol","rarity":"Commune","set":{"cardCount":{"official":75,"total":75},"id":"neo2","name":"Neo Discovery","symbol":"https://assets.tcgdex.net/univ/neo/neo2/symbol"},"variants":{"firstEdition":false,"holo":true,"normal":true,"reverse":true,"wPromo":false},"dexId":[187],"hp":30,"types":["Plante"],"description":"Son corps est si léger qu'il doit s'accrocher fermement au sol avec ses pattes pour éviter d'être emporté par le vent.","stage":"De base","attacks":[{"cost":["Plante"],"name":"Roulé-boulé","damage":20}],"weaknesses":[{"type":"Feu","value":"×2"}],"resistances":[{"type":"Combat","value":"-30"}],"legal":{"standard":false,"expanded":false}},{"category":"Pokémon","id":"neo2-56","illustrator":"Yuka Morii","image":"https://assets.tcgdex.net/fr/neo/neo2/56","localId":"56","name":"Kabuto","rarity":"Commune","set":{"cardCount":{"official":75,"total":75},"id":"neo2","name":"Neo Discovery","symbol":"https://assets.tcgdex.net/univ/neo/neo2/symbol"},"variants":{"firstEdition":false,"holo":true,"normal":true,"reverse":true,"wPromo":false},"dexId":[140],"hp":50,"types":["Eau"],"description":"Parfois, ces Pokémon sont devenus des fossiles en voulant se cacher au fond de l'océan.","stage":"Niveau 1","abilities":[{"type":"Pouvoir Pokémon","name":"Réanimation","effect":"Une fois pendant votre tour (avant votre attaque), vous pouvez lancer une pièce. Si c'est face, cherchez dans votre deck une carte Kabuto et placez-la sur votre Banc. Mélangez ensuite votre deck. Utilisez le nouveau Kabuto comme un Pokémon de base. Ce pouvoir ne peut pas être utilisé si Kabuto est Endormi, Confus ou Paralysé (ou si votre Banc est plein)."}],"attacks":[{"cost":["Combat","Incolore"],"name":"Synergie","effect":"Lancez une pièce. Si c'est face, cette attaque fait 10 dégâts plus 10 dégâts supplémentaires pour chaque Amonita, Amonistar, Kabuto et Kabutops sur votre Banc.","damage":"10+"}],"weaknesses":[{"type":"Plante","value":"×2"}],"legal":{"standard":false,"expanded":false}},{"category":"Pokémon","id":"neo2-57","illustrator":"Hironobu Yoshida","image":"https://assets.tcgdex.net/fr/neo/neo2/57","localId":"57","name":"Embrylex","rarity":"Commune","set":{"cardCount":{"official":75,"total":75},"id":"neo2","name":"Neo Discovery","symbol":"https://assets.tcgdex.net/univ/neo/neo2/symbol"},"variants":{"firstEdition":false,"holo":true,"normal":true,"reverse":true,"wPromo":false},"dexId":[246],"hp":40,"types":["Combat"],"description":"Il se nourrit de terre. Après avoir mangé une grosse montagne, il s'endort pour pouvoir grandir.","stage":"De base","attacks":[{"cost":["Incolore"],"name":"Morsure","damage":10}],"weaknesses":[{"type":"Plante","value":"×2"}],"resistances":[{"type":"Électrique","value":"-30"}],"legal":{"standard":false,"expanded":false}},{"category":"Pokémon","id":"neo2-58","illustrator":"Atsuko Nishida","image":"https://assets.tcgdex.net/fr/neo/neo2/58","localId":"58","name":"Wattouat","rarity":"Commune","set":{"cardCount":{"official":75,"total":75},"id":"neo2","name":"Neo Discovery","symbol":"https://assets.tcgdex.net/univ/neo/neo2/symbol"},"variants":{"firstEdition":false,"holo":true,"normal":true,"reverse":true,"wPromo":false},"dexId":[179],"hp":50,"types":["Électrique"],"description":"Sa toison pousse constamment. En été, même tondu, sa laine repousse en moins d'une semaine.","stage":"De base","attacks":[{"cost":["Électrique","Incolore"],"name":"Secousse Tonnerre","effect":"Lancez une pièce. Si c'est face, Wattouat s'inflige 10 dégâts.","damage":30}],"weaknesses":[{"type":"Combat","value":"×2"}],"legal":{"standard":false,"expanded":false}},{"category":"Pokémon","id":"neo2-59","illustrator":"Sumiyoshi Kizuki","image":"https://assets.tcgdex.net/fr/neo/neo2/59","localId":"59","name":"Natu","rarity":"Commune","set":{"cardCount":{"official":75,"total":75},"id":"neo2","name":"Neo Discovery","symbol":"https://assets.tcgdex.net/univ/neo/neo2/symbol"},"variants":{"firstEdition":false,"holo":true,"normal":true,"reverse":true,"wPromo":false},"dexId":[177],"hp":40,"types":["Psy"],"description":"Il picore souvent le sol à la recherche de nourriture mais, de temps en temps, il saute sur les branches pour picorer des pousses.","stage":"De base","attacks":[{"cost":["Psy"],"name":"Onde folie","effect":"Lancez une pièce. Si c'est face, le Pokémon Défenseur est maintenant Confus.","damage":10}],"weaknesses":[{"type":"Psy","value":"×2"}],"resistances":[{"type":"Combat","value":"-30"}],"legal":{"standard":false,"expanded":false}},{"category":"Pokémon","id":"neo2-60","illustrator":"Yuka Morii","image":"https://assets.tcgdex.net/fr/neo/neo2/60","localId":"60","name":"Amonita","rarity":"Commune","set":{"cardCount":{"official":75,"total":75},"id":"neo2","name":"Neo Discovery","symbol":"https://assets.tcgdex.net/univ/neo/neo2/symbol"},"variants":{"firstEdition":false,"holo":true,"normal":true,"reverse":true,"wPromo":false},"dexId":[138],"hp":50,"types":["Combat"],"description":"Un ancien fossile ramené à la vie, ce Pokémon utilise l'air conservé dans sa carapace pour plonger dans l'eau et refaire surface.","stage":"Niveau 1","abilities":[{"type":"Pouvoir Pokémon","name":"Réanimation Fossile","effect":"Une fois pendant votre tour (avant votre attaque), vous pouvez lancer une pièce. Si c'est face, cherchez dans votre deck une carte Évolution de Mystérieux Fossile et placez-la sur votre Banc. Utilisez cette carte comme un Pokémon de base. Ce pouvoir ne peut pas être utilisé si Amonita est Endormi, Confus ou Paralysé (ou si votre Banc est plein)."}],"attacks":[{"cost":["Eau"],"name":"Étreinte","effect":"Lancez une pièce. Si c'est face, le Pokémon Défenseur est maintenant Paralysé.","damage":10}],"weaknesses":[{"type":"Plante","value":"×2"}],"legal":{"standard":false,"expanded":false}},{"category":"Pokémon","id":"neo2-61","illustrator":"Tomokazu Komiya","image":"https://assets.tcgdex.net/fr/neo/neo2/61","localId":"61","name":"Pomdepik","rarity":"Commune","set":{"cardCount":{"official":75,"total":75},"id":"neo2","name":"Neo Discovery","symbol":"https://assets.tcgdex.net/univ/neo/neo2/symbol"},"variants":{"firstEdition":false,"holo":true,"normal":true,"reverse":true,"wPromo":false},"dexId":[204],"hp":40,"types":["Plante"],"description":"Il aime faire épaissir sa carapace en y ajoutant des couches d'écorce. Le poids supplémentaire ne le dérange pas.","stage":"De base","attacks":[{"cost":["Plante"],"name":"Explosion","effect":"Lancez une pièce. Si c'est face, Pomdepik s'inflige 40 dégâts et inflige 10 dégâts à chaque Pokémon du Banc de chaque joueur. (N'appliquez pas la Faiblesse et la Résistance pour les Pokémon du Banc.) Lancez une pièce. Si c'est face, cette attaque ne fait rien (pas même de dégâts).","damage":40}],"weaknesses":[{"type":"Feu","value":"×2"}],"legal":{"standard":false,"expanded":false}},{"category":"Pokémon","id":"neo2-62","illustrator":"Aya Kusube","image":"https://assets.tcgdex.net/fr/neo/neo2/62","localId":"62","name":"Ptitard","rarity":"Commune","set":{"cardCount":{"official":75,"total":75},"id":"neo2","name":"Neo Discovery","symbol":"https://assets.tcgdex.net/univ/neo/neo2/symbol"},"variants":{"firstEdition":false,"holo":true,"normal":true,"reverse":true,"wPromo":false},"dexId":[60],"hp":40,"types":["Eau"],"description":"Comme il ne sait pas encore très bien marcher avec ses pattes, il passe son temps à nager.","stage":"De base","attacks":[{"cost":["Incolore"],"name":"Roulade","damage":10},{"cost":["Eau"],"name":"Hypnose","effect":"Le Pokémon Défenseur est maintenant Endormi."}],"weaknesses":[{"type":"Plante","value":"×2"}],"legal":{"standard":false,"expanded":false}},{"category":"Pokémon","id":"neo2-63","illustrator":"Sumiyoshi Kizuki","image":"https://assets.tcgdex.net/fr/neo/neo2/63","localId":"63","name":"Fouinette","rarity":"Commune","set":{"cardCount":{"official":75,"total":75},"id":"neo2","name":"Neo Discovery","symbol":"https://assets.tcgdex.net/univ/neo/neo2/symbol"},"variants":{"firstEdition":false,"holo":true,"normal":true,"reverse":true,"wPromo":false},"dexId":[161],"hp":50,"types":["Incolore"],"description":"Il se tient dressé sur sa queue pour voir les ennemis arriver de loin. A ce moment, il avertit ses amis.","stage":"De base","attacks":[{"cost":["Incolore"],"name":"Espion","effect":"Regardez la main de votre adversaire."},{"cost":["Incolore","Incolore"],"name":"Charge","damage":20}],"weaknesses":[{"type":"Combat","value":"×2"}],"resistances":[{"type":"Psy","value":"-30"}],"legal":{"standard":false,"expanded":false}},{"category":"Pokémon","id":"neo2-64","illustrator":"Yukiko Baba","image":"https://assets.tcgdex.net/fr/neo/neo2/64","localId":"64","name":"Mimigal","rarity":"Commune","set":{"cardCount":{"official":75,"total":75},"id":"neo2","name":"Neo Discovery","symbol":"https://assets.tcgdex.net/univ/neo/neo2/symbol"},"variants":{"firstEdition":false,"holo":true,"normal":true,"reverse":true,"wPromo":false},"dexId":[167],"hp":50,"types":["Plante"],"description":"Il tisse une toile en utilisant un fil fin mais solide, puis il attend tranquillement sa proie.","stage":"De base","attacks":[{"cost":["Plante","Incolore"],"name":"Dard-venin","effect":"Lancez une pièce. Si c'est face, le Pokémon Défenseur est maintenant Empoisonné.","damage":20}],"weaknesses":[{"type":"Feu","value":"×2"}],"legal":{"standard":false,"expanded":false}},{"category":"Pokémon","id":"neo2-65","illustrator":"Miki Tanaka","image":"https://assets.tcgdex.net/fr/neo/neo2/65","localId":"65","name":"Teddiursa","rarity":"Commune","set":{"cardCount":{"official":75,"total":75},"id":"neo2","name":"Neo Discovery","symbol":"https://assets.tcgdex.net/univ/neo/neo2/symbol"},"variants":{"firstEdition":false,"holo":true,"normal":true,"reverse":true,"wPromo":false},"dexId":[216],"hp":40,"types":["Incolore"],"description":"S'il trouve du miel, sa marque en forme de croissant se met à luire. Il se lèche toujours les pattes parce qu'elles sont couvertes de miel.","stage":"De base","attacks":[{"cost":["Incolore"],"name":"Griffe","damage":10},{"cost":["Incolore","Incolore"],"name":"Sieste","effect":"Retirez tous les marqueurs de dégâts de Teddiursa. Teddiursa est maintenant Endormi."}],"weaknesses":[{"type":"Combat","value":"×2"}],"resistances":[{"type":"Psy","value":"-30"}],"legal":{"standard":false,"expanded":false}},{"category":"Pokémon","id":"neo2-66","illustrator":"Miki Tanaka","image":"https://assets.tcgdex.net/fr/neo/neo2/66","localId":"66","name":"Débugant","rarity":"Commune","set":{"cardCount":{"official":75,"total":75},"id":"neo2","name":"Neo Discovery","symbol":"https://assets.tcgdex.net/univ/neo/neo2/symbol"},"variants":{"firstEdition":false,"holo":true,"normal":true,"reverse":true,"wPromo":false},"dexId":[236],"hp":30,"types":["Combat"],"description":"Il déborde toujours d'énergie. Pour devenir plus fort, il continue de se battre même s'il perd.","stage":"De base","attacks":[{"cost":["Incolore"],"name":"Boxe","effect":"Lancez une pièce. Si c'est pile, cette attaque ne fait rien.","damage":30}],"legal":{"standard":false,"expanded":false}},{"category":"Pokémon","id":"neo2-67","illustrator":"CR CG gangs","image":"https://assets.tcgdex.net/fr/neo/neo2/67","localId":"67","name":"Zarbi E","rarity":"Commune","set":{"cardCount":{"official":75,"total":75},"id":"neo2","name":"Neo Discovery","symbol":"https://assets.tcgdex.net/univ/neo/neo2/symbol"},"variants":{"firstEdition":false,"holo":true,"normal":true,"reverse":true,"wPromo":false},"dexId":[201],"hp":40,"types":["Psy"],"description":"Ils ressemblent à des hiéroglyphes inscrits sur d'antiques tablettes. On prétend qu'ils sont de la même origine.","stage":"De base","abilities":[{"type":"Pouvoir Pokémon","name":"[Engage]","effect":"Quand vous jouez Zarbi [E] depuis votre main, votre adversaire peut mélanger sa main avec son deck et piocher 4 cartes. Vous pouvez aussi mélanger votre main avec votre deck et piocher 4 cartes."}],"attacks":[{"cost":["Psy"],"name":"Puissance cachée","damage":10}],"weaknesses":[{"type":"Psy","value":"×2"}],"legal":{"standard":false,"expanded":false}},{"category":"Pokémon","id":"neo2-68","illustrator":"CR CG gangs","image":"https://assets.tcgdex.net/fr/neo/neo2/68","localId":"68","name":"Zarbi I","rarity":"Commune","set":{"cardCount":{"official":75,"total":75},"id":"neo2","name":"Neo Discovery","symbol":"https://assets.tcgdex.net/univ/neo/neo2/symbol"},"variants":{"firstEdition":false,"holo":true,"normal":true,"reverse":true,"wPromo":false},"dexId":[201],"hp":40,"types":["Psy"],"description":"Ils ressemblent à des hiéroglyphes inscrits sur d'antiques tablettes. On prétend qu'ils sont de la même origine.","stage":"De base","abilities":[{"type":"Pouvoir Pokémon","name":"[Increase]","effect":"Quand vous jouez Zarbi [I] depuis votre main, vous pouvez chercher dans votre deck une autre carte Zarbi et la placer sur votre Banc. Mélangez ensuite votre deck. Vous ne pouvez pas utiliser ce pouvoir si votre Banc est plein."}],"attacks":[{"cost":["Psy"],"name":"Puissance cachée","damage":10}],"weaknesses":[{"type":"Psy","value":"×2"}],"legal":{"standard":false,"expanded":false}},{"category":"Pokémon","id":"neo2-69","illustrator":"CR CG gangs","image":"https://assets.tcgdex.net/fr/neo/neo2/69","localId":"69","name":"Zarbi O","rarity":"Commune","set":{"cardCount":{"official":75,"total":75},"id":"neo2","name":"Neo Discovery","symbol":"https://assets.tcgdex.net/univ/neo/neo2/symbol"},"variants":{"firstEdition":false,"holo":true,"normal":true,"reverse":true,"wPromo":false},"dexId":[201],"hp":40,"types":["Psy"],"description":"Ils ressemblent à des hiéroglyphes inscrits sur d'antiques tablettes. On prétend qu'ils sont de la même origine.","stage":"De base","abilities":[{"type":"Pouvoir Pokémon","name":"[Observe]","effect":"Une fois pendant votre tour (avant votre attaque), vous pouvez regarder les 5 premières cartes du deck de votre adversaire et les replacer dans le même ordre."}],"attacks":[{"cost":["Psy"],"name":"Puissance cachée","damage":10}],"weaknesses":[{"type":"Psy","value":"×2"}],"legal":{"standard":false,"expanded":false}},{"category":"Pokémon","id":"neo2-70","illustrator":"Miki Tanaka","image":"https://assets.tcgdex.net/fr/neo/neo2/70","localId":"70","name":"Aspicot","rarity":"Commune","set":{"cardCount":{"official":75,"total":75},"id":"neo2","name":"Neo Discovery","symbol":"https://assets.tcgdex.net/univ/neo/neo2/symbol"},"variants":{"firstEdition":false,"holo":true,"normal":true,"reverse":true,"wPromo":false},"dexId":[13],"hp":40,"types":["Plante"],"description":"Son dard empoisonné est très puissant. Son corps de couleur criarde est conçu pour repousser ses ennemis.","stage":"De base","attacks":[{"cost":["Plante"],"name":"Koud'pic","effect":"Lancez une pièce. Si c'est face, le Pokémon Défenseur est maintenant Empoisonné. Si c'est pile, cette attaque ne fait rien (pas même de dégâts).","damage":20}],"weaknesses":[{"type":"Feu","value":"×2"}],"legal":{"standard":false,"expanded":false}},{"category":"Pokémon","id":"neo2-71","illustrator":"Yukiko Baba","image":"https://assets.tcgdex.net/fr/neo/neo2/71","localId":"71","name":"Axoloto","rarity":"Commune","set":{"cardCount":{"official":75,"total":75},"id":"neo2","name":"Neo Discovery","symbol":"https://assets.tcgdex.net/univ/neo/neo2/symbol"},"variants":{"firstEdition":false,"holo":true,"normal":true,"reverse":true,"wPromo":false},"dexId":[194],"hp":50,"types":["Eau"],"description":"Quand il marche sur le sol, il recouvre son corps d'un film visqueux et empoisonné.","stage":"De base","attacks":[{"cost":["Eau"],"name":"Bave","effect":"Si une attaque va infliger des dégâts à Axoloto pendant le prochain tour de votre adversaire, il doit lancer une pièce. Si c'est pile, retirez tous les dégâts infligés à Axoloto pendant l'attaque. (Tous les autres effets de l'attaque sont appliqués.)"},{"cost":["Incolore","Incolore"],"name":"Coud'keu","damage":20}],"weaknesses":[{"type":"Plante","value":"×2"}],"resistances":[{"type":"Électrique","value":"-30"}],"legal":{"standard":false,"expanded":false}},{"category":"Dresseur","id":"neo2-72","image":"https://assets.tcgdex.net/fr/neo/neo2/72","localId":"72","name":"Oeuf fossile","rarity":"Peu Commune","set":{"cardCount":{"official":75,"total":75},"id":"neo2","name":"Neo Discovery","symbol":"https://assets.tcgdex.net/univ/neo/neo2/symbol"},"variants":{"firstEdition":false,"holo":true,"normal":true,"reverse":true,"wPromo":false},"effect":"Lancez une pièce. Si c'est face, cherchez dans votre deck ou prenez dans votre main une carte Évolution de Mystérieux Fossile et placez-la sur votre Banc. Dans un cas ou l'autre, utilisez la nouvelle carte comme un Pokémon de base. Si vous avez cherché dans votre deck, mélangez-le. (Vous ne pouvez pas jouer cette carte si votre Banc est plein.)","legal":{"standard":false,"expanded":false}},{"category":"Dresseur","id":"neo2-73","image":"https://assets.tcgdex.net/fr/neo/neo2/73","localId":"73","name":"Vaporisateur hyper rétrograde","rarity":"Peu Commune","set":{"cardCount":{"official":75,"total":75},"id":"neo2","name":"Neo Discovery","symbol":"https://assets.tcgdex.net/univ/neo/neo2/symbol"},"variants":{"firstEdition":false,"holo":true,"normal":true,"reverse":true,"wPromo":false},"effect":"Choisissez 1 de vos Pokémon évolués. Prenez la carte Évolution de niveau le plus élevé de ce Pokémon et replacez-la dans votre main. (Vous ne pouvez pas faire évoluer un Pokémon pendant le tour où il est rétrogradé.)","legal":{"standard":false,"expanded":false}},{"category":"Dresseur","id":"neo2-74","image":"https://assets.tcgdex.net/fr/neo/neo2/74","localId":"74","name":"Mur en ruines","rarity":"Peu Commune","set":{"cardCount":{"official":75,"total":75},"id":"neo2","name":"Neo Discovery","symbol":"https://assets.tcgdex.net/univ/neo/neo2/symbol"},"variants":{"firstEdition":false,"holo":true,"normal":true,"reverse":true,"wPromo":false},"effect":"Cherchez dans votre deck une carte Zarbi et placez-la sur votre Banc. Mélangez ensuite votre deck. (Vous ne pouvez pas jouer cette carte si votre Banc est plein.)","legal":{"standard":false,"expanded":false}},{"category":"Dresseur","id":"neo2-75","image":"https://assets.tcgdex.net/fr/neo/neo2/75","localId":"75","name":"Arche d'Énergie","rarity":"Commune","set":{"cardCount":{"official":75,"total":75},"id":"neo2","name":"Neo Discovery","symbol":"https://assets.tcgdex.net/univ/neo/neo2/symbol"},"variants":{"firstEdition":false,"holo":true,"normal":true,"reverse":true,"wPromo":false},"effect":"Lancez 2 pièces. Pour chaque face, cherchez dans votre deck une carte Énergie de base. Montrez cette carte à votre adversaire, puis placez-la dans votre main. Mélangez ensuite votre deck.","legal":{"standard":false,"expanded":false}}]