[{"category":"Dresseur","id":"pop2-10","illustrator":"Kazuo Yazawa","image":"https://assets.tcgdex.net/fr/pop/pop2/10","localId":"10","name":"Parc Pokémon","rarity":"Peu Commune","set":{"cardCount":{"official":17,"total":17},"id":"pop2","name":"POP Série 2","symbol":"https://assets.tcgdex.net/univ/pop/pop2/symbol"},"variants":{"firstEdition":false,"holo":false,"normal":true,"reverse":false,"wPromo":false},"effect":"Cette carte reste en jeu lorsque vous la jouez. Défaussez-la si une autre carte Stade est mise en jeu.\n\nUne seule fois lors du tour de chaque joueur, lorsqu'un joueur attache une carte Énergie de sa main à 1 des Pokémon de son Banc, il retire à ce Pokémon 1 marqueur de dégât.","trainerType":"Stade","legal":{"standard":false,"expanded":false}},{"category":"Pokémon","id":"pop2-2","illustrator":"Ken Sugimori","image":"https://assets.tcgdex.net/fr/pop/pop2/2","localId":"2","name":"Roucarnage","rarity":"Rare","set":{"cardCount":{"official":17,"total":17},"id":"pop2","name":"POP Série 2","symbol":"https://assets.tcgdex.net/univ/pop/pop2/symbol"},"variants":{"firstEdition":false,"holo":true,"normal":true,"reverse":false,"wPromo":false},"dexId":[18],"hp":80,"types":["Incolore"],"stage":"Niveau 2","abilities":[{"type":"Poké-POWER","name":"Badelaile","effect":"Une seule fois pendant votre tour (avant votre attaque), si Roucarnage est votre Pokémon Actif, vous pouvez mélanger un des Pokémon de votre Banc et toutes les cartes qui lui sont attachées à votre deck. Ce pouvoir ne peut être utilisé si Roucarnage est affecté par un État spécial."}],"attacks":[{"cost":["Incolore","Incolore","Incolore"],"name":"Bec-aiguisé","effect":"Lancez une pièce. Si c'est face, cette attaque inflige 20 dégâts plus 30 dégâts supplémentaires.","damage":"20+"}],"weaknesses":[{"type":"Électrique"}],"resistances":[{"type":"Combat","value":"-30"}],"retreat":0,"legal":{"standard":false,"expanded":false}},{"category":"Pokémon","id":"pop2-3","illustrator":"Kouki Saitou","image":"https://assets.tcgdex.net/fr/pop/pop2/3","localId":"3","name":"Raikou","rarity":"Rare","set":{"cardCount":{"official":17,"total":17},"id":"pop2","name":"POP Série 2","symbol":"https://assets.tcgdex.net/univ/pop/pop2/symbol"},"variants":{"firstEdition":false,"holo":true,"normal":true,"reverse":false,"wPromo":false},"dexId":[243],"hp":70,"types":["Électrique"],"stage":"De base","attacks":[{"cost":["Incolore"],"name":"Hurlement","effect":"Si votre adversaire a des Pokémon sur son Banc, il choisit l'un d'eux et l'échange contre le Pokémon Défenseur."},{"cost":["Électrique","Électrique","Incolore"],"name":"Fatal-Foudre","effect":"Lancez une pièce. Si c'est pile, Raikou s'inflige 20 dégâts.","damage":50}],"weaknesses":[{"type":"Combat"}],"retreat":1,"legal":{"standard":false,"expanded":false}},{"category":"Pokémon","id":"pop2-5","illustrator":"Kouki Saitou","image":"https://assets.tcgdex.net/fr/pop/pop2/5","localId":"5","name":"Tauros","rarity":"Rare","set":{"cardCount":{"official":17,"total":17},"id":"pop2","name":"POP Série 2","symbol":"https://assets.tcgdex.net/univ/pop/pop2/symbol"},"variants":{"firstEdition":false,"holo":true,"normal":false,"reverse":false,"wPromo":false},"dexId":[128],"hp":70,"types":["Incolore"],"stage":"De base","attacks":[{"cost":["Incolore","Incolore"],"name":"Frénésie","effect":"Inflige 10 dégâts plus 10 dégâts supplémentaires pour chaque marqueur de dégât sur Tauros.","damage":"10+"},{"cost":["Incolore","Incolore","Incolore"],"name":"Bélier","effect":"Tauros s'inflige 10 dégâts.","damage":40}],"weaknesses":[{"type":"Combat"}],"retreat":1,"legal":{"standard":false,"expanded":false}},{"category":"Pokémon","id":"pop2-7","illustrator":"Ken Sugimori","image":"https://assets.tcgdex.net/fr/pop/pop2/7","localId":"7","name":"Herbizarre","rarity":"Peu Commune","set":{"cardCount":{"official":17,"total":17},"id":"pop2","name":"POP Série 2","symbol":"https://assets.tcgdex.net/univ/pop/pop2/symbol"},"variants":{"firstEdition":false,"holo":false,"normal":true,"reverse":false,"wPromo":false},"dexId":[2],"hp":80,"types":["Plante"],"stage":"Niveau 1","attacks":[{"cost":["Incolore"],"name":"Graine poison","effect":"Le Pokémon Défenseur est maintenant Empoisonné."},{"cost":["Plante","Plante","Incolore"],"name":"Tranch'herbe","damage":50}],"weaknesses":[{"type":"Psy"}],"retreat":1,"legal":{"standard":false,"expanded":false}},{"category":"Dresseur","id":"pop2-8","illustrator":"Ken Sugimori","image":"https://assets.tcgdex.net/fr/pop/pop2/8","localId":"8","name":"La compassion de M. Briney","rarity":"Peu Commune","set":{"cardCount":{"official":17,"total":17},"id":"pop2","name":"POP Série 2","symbol":"https://assets.tcgdex.net/univ/pop/pop2/symbol"},"variants":{"firstEdition":false,"holo":false,"normal":true,"reverse":false,"wPromo":false},"effect":"Vous ne pouvez jouer qu'une seule carte Supporter par tour. Lorsque vous jouez cette carte, placez-la à côté de votre Pokémon Actif. À la fin du tour, défaussez-la.\n\nChoisissez 1 des Pokémon que vous avez en jeu (sauf les Pokémon-ex). Reprenez dans votre main ce Pokémon ainsi que toutes les cartes qui lui sont attachées.","trainerType":"Supporter","legal":{"standard":false,"expanded":false}},{"category":"Dresseur","id":"pop2-9","illustrator":"\"Big Mama\" Tagawa","image":"https://assets.tcgdex.net/fr/pop/pop2/9","localId":"9","name":"Machine multi-technique 01","rarity":"Peu Commune","set":{"cardCount":{"official":17,"total":17},"id":"pop2","name":"POP Série 2","symbol":"https://assets.tcgdex.net/univ/pop/pop2/symbol"},"variants":{"firstEdition":false,"holo":false,"normal":false,"reverse":false,"wPromo":false},"attacks":[{"cost":["Incolore"]}],"effect":"Attachez cette carte à 1 des Pokémon que vous avez en jeu. Ce Pokémon peut utiliser l'attaque de cette carte à la place de ses attaques. À la fin de votre tour, défaussez Machine multi-technique 01.","trainerType":"Machine Technique","legal":{"standard":false,"expanded":false}},{"category":"Dresseur","id":"pop2-10","illustrator":"Kazuo Yazawa","image":"https://assets.tcgdex.net/fr/pop/pop2/10","localId":"10","name":"Parc Pokémon","rarity":"Peu Commune","set":{"cardCount":{"official":17,"total":17},"id":"pop2","name":"POP Série 2","symbol":"https://assets.tcgdex.net/univ/pop/pop2/symbol"},"variants":{"firstEdition":false,"holo":false,"normal":true,"reverse":false,"wPromo":false},"effect":"Cette carte reste en jeu lorsque vous la jouez. Défaussez-la si une autre carte Stade est mise en jeu.\n\nUne seule fois lors du tour de chaque joueur, lorsqu'un joueur attache une carte Énergie de sa main à 1 des Pokémon de son Banc, il retire à ce Pokémon 1 marqueur de dégât.","trainerType":"Stade","legal":{"standard":false,"expanded":false}},{"category":"Dresseur","id":"pop2-11","illustrator":"Ken Sugimori","image":"https://assets.tcgdex.net/fr/pop/pop2/11","localId":"11","name":"Journaliste télé","rarity":"Peu Commune","set":{"cardCount":{"official":17,"total":17},"id":"pop2","name":"POP Série 2","symbol":"https://assets.tcgdex.net/univ/pop/pop2/symbol"},"variants":{"firstEdition":false,"holo":true,"normal":true,"reverse":true,"wPromo":false},"effect":"Vous ne pouvez jouer qu'une seule carte Supporter par tour. Lorsque vous la jouez, placez-la à côté de votre Pokémon Actif. À la fin du tour, défaussez-la.\n\nPiochez 3 cartes. Ensuite, défaussez une carte de votre main.","trainerType":"Supporter","legal":{"standard":false,"expanded":false}},{"category":"Pokémon","id":"pop2-12","illustrator":"Midori Harada","image":"https://assets.tcgdex.net/fr/pop/pop2/12","localId":"12","name":"Bulbizarre","rarity":"Commune","set":{"cardCount":{"official":17,"total":17},"id":"pop2","name":"POP Série 2","symbol":"https://assets.tcgdex.net/univ/pop/pop2/symbol"},"variants":{"firstEdition":false,"holo":true,"normal":true,"reverse":true,"wPromo":false},"dexId":[1],"hp":40,"types":["Plante"],"stage":"De base","attacks":[{"cost":["Incolore"],"name":"Morsure","damage":10},{"cost":["Plante","Incolore"],"name":"Tranch'herbe","damage":20}],"weaknesses":[{"type":"Psy"}],"retreat":1,"legal":{"standard":false,"expanded":false}},{"category":"Pokémon","id":"pop2-13","illustrator":"Ken Sugimori","image":"https://assets.tcgdex.net/fr/pop/pop2/13","localId":"13","name":"Cacnea","rarity":"Commune","set":{"cardCount":{"official":17,"total":17},"id":"pop2","name":"POP Série 2","symbol":"https://assets.tcgdex.net/univ/pop/pop2/symbol"},"variants":{"firstEdition":false,"holo":true,"normal":true,"reverse":true,"wPromo":false},"dexId":[331],"hp":40,"types":["Plante"],"stage":"De base","attacks":[{"cost":["Incolore"],"name":"Jet de Sable","effect":"Si le Pokémon Défenseur essaye d'attaquer lors du prochain tour de votre adversaire, celui-ci lance une pièce. Si c'est pile, cette attaque est sans effet.","damage":10}],"weaknesses":[{"type":"Feu"}],"retreat":1,"legal":{"standard":false,"expanded":false}},{"category":"Pokémon","id":"pop2-14","illustrator":"Atsuko Nishida","image":"https://assets.tcgdex.net/fr/pop/pop2/14","localId":"14","name":"Lovdisc","rarity":"Commune","set":{"cardCount":{"official":17,"total":17},"id":"pop2","name":"POP Série 2","symbol":"https://assets.tcgdex.net/univ/pop/pop2/symbol"},"variants":{"firstEdition":false,"holo":true,"normal":true,"reverse":true,"wPromo":false},"dexId":[370],"hp":60,"types":["Eau"],"stage":"De base","attacks":[{"cost":["Incolore"],"name":"Baiser paralysant","effect":"S'il y a 2 Pokémon Défenseurs en jeu, choisissez-en un. Ce Pokémon est maintenant Paralysé. (S'il n'y a qu'1 Pokémon Défenseur, cette attaque est sans effet.)"},{"cost":["Eau","Incolore"],"name":"Torrent","effect":"Prenez une carte Énergie attachée au Pokémon Défenseur et attachez-la à l'autre Pokémon Défenseur. (Ne tenez pas compte de cet effet si votre adversaire ne possède qu'un seul Pokémon Défenseur).","damage":20}],"weaknesses":[{"type":"Électrique"}],"retreat":1,"legal":{"standard":false,"expanded":false}},{"category":"Pokémon","id":"pop2-15","illustrator":"Tomokazu Komiya","image":"https://assets.tcgdex.net/fr/pop/pop2/15","localId":"15","name":"Phanpy","rarity":"Commune","set":{"cardCount":{"official":17,"total":17},"id":"pop2","name":"POP Série 2","symbol":"https://assets.tcgdex.net/univ/pop/pop2/symbol"},"variants":{"firstEdition":false,"holo":true,"normal":true,"reverse":true,"wPromo":false},"dexId":[231],"hp":50,"types":["Combat"],"stage":"De base","attacks":[{"cost":["Combat"],"name":"Double tour","effect":"Lancez 2 pièces. Cette attaque inflige 10 dégâts multipliés par le nombre de faces.","damage":"10×"},{"cost":["Incolore","Incolore"],"name":"Plaquage","effect":"Lancez une pièce. Si c'est face, le Pokémon Défenseur est maintenant Paralysé.","damage":10}],"weaknesses":[{"type":"Plante"}],"retreat":1,"legal":{"standard":false,"expanded":false}},{"category":"Pokémon","id":"pop2-16","illustrator":"Yuka Morii","image":"https://assets.tcgdex.net/fr/pop/pop2/16","localId":"16","name":"Pikachu","rarity":"Commune","set":{"cardCount":{"official":17,"total":17},"id":"pop2","name":"POP Série 2","symbol":"https://assets.tcgdex.net/univ/pop/pop2/symbol"},"variants":{"firstEdition":false,"holo":true,"normal":true,"reverse":true,"wPromo":false},"dexId":[25],"hp":40,"types":["Électrique"],"stage":"De base","attacks":[{"cost":["Incolore"],"name":"Rogne","damage":10},{"cost":["Électrique","Incolore"],"name":"Secousse tonnerre","effect":"Lancez une pièce. Si c'est pile, Pikachu s'inflige 10 dégâts.","damage":30}],"weaknesses":[{"type":"Combat"}],"retreat":1,"legal":{"standard":false,"expanded":false}}]