[{"category":"Pokémon","id":"xy0-1","illustrator":"Akira Komayama","image":"https://assets.tcgdex.net/fr/xy/xy0/1","localId":"1","name":"Aspicot","rarity":"Sans Rareté","set":{"cardCount":{"official":45,"total":45},"id":"xy0","logo":"https://assets.tcgdex.net/fr/xy/xy0/logo","name":"Bienvenue à Kalos","symbol":"https://assets.tcgdex.net/univ/xy/xy0/symbol"},"variants":{"firstEdition":false,"holo":true,"normal":true,"reverse":true,"wPromo":false},"dexId":[13],"hp":40,"types":["Plante"],"stage":"De base","attacks":[{"cost":["Plante"],"name":"Sécrétion","effect":"Lancez une pièce. Si c'est face, le Pokémon Actif de votre adversaire est maintenant Paralysé.","damage":10}],"weaknesses":[{"type":"Feu","value":"×2"}],"retreat":1,"legal":{"standard":false,"expanded":true}},{"category":"Pokémon","id":"xy0-2","illustrator":"Masakazu Fukuda","image":"https://assets.tcgdex.net/fr/xy/xy0/2","localId":"2","name":"Feuillajou","rarity":"Sans Rareté","set":{"cardCount":{"official":45,"total":45},"id":"xy0","logo":"https://assets.tcgdex.net/fr/xy/xy0/logo","name":"Bienvenue à Kalos","symbol":"https://assets.tcgdex.net/univ/xy/xy0/symbol"},"variants":{"firstEdition":false,"holo":true,"normal":true,"reverse":true,"wPromo":false},"dexId":[511],"hp":70,"types":["Plante"],"stage":"De base","attacks":[{"cost":["Incolore"],"name":"Collecte","effect":"Piochez une carte."},{"cost":["Incolore","Incolore"],"name":"Combo-Griffe","effect":"Lancez 3 pièces. Cette attaque inflige 10 dégâts multipliés par le nombre de côtés face.","damage":"10×"}],"weaknesses":[{"type":"Feu","value":"×2"}],"retreat":1,"legal":{"standard":false,"expanded":true}},{"category":"Pokémon","id":"xy0-3","illustrator":"5ban Graphics","image":"https://assets.tcgdex.net/fr/xy/xy0/3","localId":"3","name":"Marisson","rarity":"Sans Rareté","set":{"cardCount":{"official":45,"total":45},"id":"xy0","logo":"https://assets.tcgdex.net/fr/xy/xy0/logo","name":"Bienvenue à Kalos","symbol":"https://assets.tcgdex.net/univ/xy/xy0/symbol"},"variants":{"firstEdition":false,"holo":true,"normal":true,"reverse":true,"wPromo":false},"dexId":[650],"hp":60,"types":["Plante"],"stage":"De base","attacks":[{"cost":["Plante"],"name":"Fouet Lianes","damage":10},{"cost":["Plante","Incolore"],"name":"Canon Graine","damage":20}],"weaknesses":[{"type":"Feu","value":"×2"}],"retreat":1,"legal":{"standard":false,"expanded":true}},{"category":"Pokémon","id":"xy0-4","illustrator":"5ban Graphics","image":"https://assets.tcgdex.net/fr/xy/xy0/4","localId":"4","name":"Boguérisse","rarity":"Sans Rareté","set":{"cardCount":{"official":45,"total":45},"id":"xy0","logo":"https://assets.tcgdex.net/fr/xy/xy0/logo","name":"Bienvenue à Kalos","symbol":"https://assets.tcgdex.net/univ/xy/xy0/symbol"},"variants":{"firstEdition":false,"holo":true,"normal":true,"reverse":true,"wPromo":false},"dexId":[651],"hp":90,"types":["Plante"],"evolveFrom":"Marisson","stage":"Niveau 1","attacks":[{"cost":["Plante","Incolore"],"name":"Vampigraine","effect":"Soignez 10 dégâts à ce Pokémon.","damage":20},{"cost":["Plante","Incolore","Incolore"],"name":"Poing Dard","damage":50}],"weaknesses":[{"type":"Feu","value":"×2"}],"retreat":2,"legal":{"standard":false,"expanded":true}},{"category":"Pokémon","id":"xy0-5","illustrator":"5ban Graphics","image":"https://assets.tcgdex.net/fr/xy/xy0/5","localId":"5","name":"Blindépique","rarity":"Sans Rareté","set":{"cardCount":{"official":45,"total":45},"id":"xy0","logo":"https://assets.tcgdex.net/fr/xy/xy0/logo","name":"Bienvenue à Kalos","symbol":"https://assets.tcgdex.net/univ/xy/xy0/symbol"},"variants":{"firstEdition":false,"holo":true,"normal":true,"reverse":true,"wPromo":false},"dexId":[652],"hp":150,"types":["Plante"],"evolveFrom":"Boguérisse","stage":"Niveau 2","attacks":[{"cost":["Plante","Incolore","Incolore"],"name":"Poing Dard","damage":50},{"cost":["Plante","Plante","Incolore","Incolore"],"name":"Attaque Trébuchante","effect":"Lancez une pièce. Si c'est face, cette attaque inflige 40 dégâts supplémentaires.","damage":"80+"}],"weaknesses":[{"type":"Feu","value":"×2"}],"retreat":4,"legal":{"standard":false,"expanded":true}},{"category":"Pokémon","id":"xy0-6","illustrator":"Mitsuhiro Arita","image":"https://assets.tcgdex.net/fr/xy/xy0/6","localId":"6","name":"Limagma","rarity":"Sans Rareté","set":{"cardCount":{"official":45,"total":45},"id":"xy0","logo":"https://assets.tcgdex.net/fr/xy/xy0/logo","name":"Bienvenue à Kalos","symbol":"https://assets.tcgdex.net/univ/xy/xy0/symbol"},"variants":{"firstEdition":false,"holo":true,"normal":true,"reverse":true,"wPromo":false},"dexId":[218],"hp":80,"types":["Feu"],"stage":"De base","attacks":[{"cost":["Feu","Incolore"],"name":"Fournaise","damage":20}],"weaknesses":[{"type":"Eau","value":"×2"}],"retreat":2,"legal":{"standard":false,"expanded":true}},{"category":"Pokémon","id":"xy0-7","illustrator":"Naoyo Kimura","image":"https://assets.tcgdex.net/fr/xy/xy0/7","localId":"7","name":"Flamajou","rarity":"Sans Rareté","set":{"cardCount":{"official":45,"total":45},"id":"xy0","logo":"https://assets.tcgdex.net/fr/xy/xy0/logo","name":"Bienvenue à Kalos","symbol":"https://assets.tcgdex.net/univ/xy/xy0/symbol"},"variants":{"firstEdition":false,"holo":true,"normal":true,"reverse":true,"wPromo":false},"dexId":[513],"hp":70,"types":["Feu"],"stage":"De base","attacks":[{"cost":["Incolore"],"name":"Collecte","effect":"Piochez une carte."},{"cost":["Incolore","Incolore"],"name":"Combo-Griffe","effect":"Lancez 3 pièces. Cette attaque inflige 10 dégâts multipliés par le nombre de côtés face.","damage":"10×"}],"weaknesses":[{"type":"Eau","value":"×2"}],"retreat":1,"legal":{"standard":false,"expanded":true}},{"category":"Pokémon","id":"xy0-8","illustrator":"5ban Graphics","image":"https://assets.tcgdex.net/fr/xy/xy0/8","localId":"8","name":"Feunnec","rarity":"Sans Rareté","set":{"cardCount":{"official":45,"total":45},"id":"xy0","logo":"https://assets.tcgdex.net/fr/xy/xy0/logo","name":"Bienvenue à Kalos","symbol":"https://assets.tcgdex.net/univ/xy/xy0/symbol"},"variants":{"firstEdition":false,"holo":true,"normal":true,"reverse":true,"wPromo":false},"dexId":[653],"hp":60,"types":["Feu"],"stage":"De base","attacks":[{"cost":["Feu"],"name":"Griffe","damage":10},{"cost":["Feu","Incolore"],"name":"Charbon Mutant","damage":20}],"weaknesses":[{"type":"Eau","value":"×2"}],"retreat":1,"legal":{"standard":false,"expanded":true}},{"category":"Pokémon","id":"xy0-9","illustrator":"5ban Graphics","image":"https://assets.tcgdex.net/fr/xy/xy0/9","localId":"9","name":"Roussil","rarity":"Sans Rareté","set":{"cardCount":{"official":45,"total":45},"id":"xy0","logo":"https://assets.tcgdex.net/fr/xy/xy0/logo","name":"Bienvenue à Kalos","symbol":"https://assets.tcgdex.net/univ/xy/xy0/symbol"},"variants":{"firstEdition":false,"holo":true,"normal":true,"reverse":true,"wPromo":false},"dexId":[654],"hp":80,"types":["Feu"],"evolveFrom":"Feunnec","stage":"Niveau 1","attacks":[{"cost":["Feu","Incolore"],"name":"Souffle-Feu","effect":"Lancez une pièce. Si c'est face, cette attaque inflige 20 dégâts supplémentaires.","damage":"20+"},{"cost":["Feu","Incolore","Incolore"],"name":"Queue de Flammes","damage":60}],"weaknesses":[{"type":"Eau","value":"×2"}],"retreat":1,"legal":{"standard":false,"expanded":true}},{"category":"Pokémon","id":"xy0-10","illustrator":"5ban Graphics","image":"https://assets.tcgdex.net/fr/xy/xy0/10","localId":"10","name":"Goupelin","rarity":"Sans Rareté","set":{"cardCount":{"official":45,"total":45},"id":"xy0","logo":"https://assets.tcgdex.net/fr/xy/xy0/logo","name":"Bienvenue à Kalos","symbol":"https://assets.tcgdex.net/univ/xy/xy0/symbol"},"variants":{"firstEdition":false,"holo":true,"normal":true,"reverse":true,"wPromo":false},"dexId":[655],"hp":140,"types":["Feu"],"evolveFrom":"Roussil","stage":"Niveau 2","attacks":[{"cost":["Feu","Incolore"],"name":"Feu Follet","damage":30},{"cost":["Feu","Incolore","Incolore","Incolore"],"name":"Déflagration","effect":"Défaussez une Énergie attachée à ce Pokémon.","damage":120}],"weaknesses":[{"type":"Eau","value":"×2"}],"retreat":2,"legal":{"standard":false,"expanded":true}},{"category":"Pokémon","id":"xy0-11","illustrator":"Shin Nagasawa","image":"https://assets.tcgdex.net/fr/xy/xy0/11","localId":"11","name":"Flotajou","rarity":"Sans Rareté","set":{"cardCount":{"official":45,"total":45},"id":"xy0","logo":"https://assets.tcgdex.net/fr/xy/xy0/logo","name":"Bienvenue à Kalos","symbol":"https://assets.tcgdex.net/univ/xy/xy0/symbol"},"variants":{"firstEdition":false,"holo":true,"normal":true,"reverse":true,"wPromo":false},"dexId":[515],"hp":70,"types":["Eau"],"stage":"De base","attacks":[{"cost":["Incolore"],"name":"Collecte","effect":"Piochez une carte."},{"cost":["Incolore","Incolore"],"name":"Combo-Griffe","effect":"Lancez 3 pièces. Cette attaque inflige 10 dégâts multipliés par le nombre de côtés face.","damage":"10×"}],"weaknesses":[{"type":"Plante","value":"×2"}],"retreat":1,"legal":{"standard":false,"expanded":true}},{"category":"Pokémon","id":"xy0-12","illustrator":"5ban Graphics","image":"https://assets.tcgdex.net/fr/xy/xy0/12","localId":"12","name":"Grenousse","rarity":"Sans Rareté","set":{"cardCount":{"official":45,"total":45},"id":"xy0","logo":"https://assets.tcgdex.net/fr/xy/xy0/logo","name":"Bienvenue à Kalos","symbol":"https://assets.tcgdex.net/univ/xy/xy0/symbol"},"variants":{"firstEdition":false,"holo":true,"normal":true,"reverse":true,"wPromo":false},"dexId":[656],"hp":60,"types":["Eau"],"stage":"De base","attacks":[{"cost":["Eau"],"name":"Écras'Face","damage":10},{"cost":["Eau","Incolore"],"name":"Goutte à Goutte","damage":20}],"weaknesses":[{"type":"Plante","value":"×2"}],"retreat":1,"legal":{"standard":false,"expanded":true}},{"category":"Pokémon","id":"xy0-13","illustrator":"5ban Graphics","image":"https://assets.tcgdex.net/fr/xy/xy0/13","localId":"13","name":"Croâporal","rarity":"Sans Rareté","set":{"cardCount":{"official":45,"total":45},"id":"xy0","logo":"https://assets.tcgdex.net/fr/xy/xy0/logo","name":"Bienvenue à Kalos","symbol":"https://assets.tcgdex.net/univ/xy/xy0/symbol"},"variants":{"firstEdition":false,"holo":true,"normal":true,"reverse":true,"wPromo":false},"dexId":[657],"hp":80,"types":["Eau"],"evolveFrom":"Grenousse","stage":"Niveau 1","attacks":[{"cost":["Eau"],"name":"Goutte à Goutte","damage":20},{"cost":["Eau","Eau","Incolore"],"name":"Aqua-Vague","effect":"Lancez 2 pièces. Cette attaque inflige 20 dégâts supplémentaires pour chaque côté face.","damage":"40+"}],"weaknesses":[{"type":"Plante","value":"×2"}],"retreat":1,"legal":{"standard":false,"expanded":true}},{"category":"Pokémon","id":"xy0-14","illustrator":"5ban Graphics","image":"https://assets.tcgdex.net/fr/xy/xy0/14","localId":"14","name":"Amphinobi","rarity":"Sans Rareté","set":{"cardCount":{"official":45,"total":45},"id":"xy0","logo":"https://assets.tcgdex.net/fr/xy/xy0/logo","name":"Bienvenue à Kalos","symbol":"https://assets.tcgdex.net/univ/xy/xy0/symbol"},"variants":{"firstEdition":false,"holo":true,"normal":true,"reverse":true,"wPromo":false},"dexId":[658],"hp":140,"types":["Eau"],"evolveFrom":"Croâporal","stage":"Niveau 2","attacks":[{"cost":["Eau"],"name":"Tatamigaeshi","effect":"Lancez une pièce. Si c'est face, défaussez une Énergie attachée au Pokémon Actif de votre adversaire.","damage":40},{"cost":["Eau","Eau","Incolore"],"name":"Aqua-Dague","damage":80}],"weaknesses":[{"type":"Plante","value":"×2"}],"retreat":1,"legal":{"standard":false,"expanded":true}},{"category":"Pokémon","id":"xy0-15","illustrator":"5ban Graphics","image":"https://assets.tcgdex.net/fr/xy/xy0/15","localId":"15","name":"Flingouste","rarity":"Sans Rareté","set":{"cardCount":{"official":45,"total":45},"id":"xy0","logo":"https://assets.tcgdex.net/fr/xy/xy0/logo","name":"Bienvenue à Kalos","symbol":"https://assets.tcgdex.net/univ/xy/xy0/symbol"},"variants":{"firstEdition":false,"holo":true,"normal":true,"reverse":true,"wPromo":false},"dexId":[692],"hp":70,"types":["Eau"],"stage":"De base","attacks":[{"cost":["Eau","Incolore"],"name":"Pistolet à O","damage":20}],"weaknesses":[{"type":"Plante","value":"×2"}],"retreat":1,"legal":{"standard":false,"expanded":true}},{"category":"Pokémon","id":"xy0-16","illustrator":"Mizue","image":"https://assets.tcgdex.net/fr/xy/xy0/16","localId":"16","name":"Medhyèna","rarity":"Sans Rareté","set":{"cardCount":{"official":45,"total":45},"id":"xy0","logo":"https://assets.tcgdex.net/fr/xy/xy0/logo","name":"Bienvenue à Kalos","symbol":"https://assets.tcgdex.net/univ/xy/xy0/symbol"},"variants":{"firstEdition":false,"holo":true,"normal":true,"reverse":true,"wPromo":false},"dexId":[261],"hp":60,"types":["Obscurité"],"stage":"De base","attacks":[{"cost":["Obscurité","Incolore"],"name":"Morsure","damage":20}],"weaknesses":[{"type":"Combat","value":"×2"}],"resistances":[{"type":"Psy","value":"-20"}],"retreat":1,"legal":{"standard":false,"expanded":true}},{"category":"Pokémon","id":"xy0-17","illustrator":"Mitsuhiro Arita","image":"https://assets.tcgdex.net/fr/xy/xy0/17","localId":"17","name":"Grahyèna","rarity":"Sans Rareté","set":{"cardCount":{"official":45,"total":45},"id":"xy0","logo":"https://assets.tcgdex.net/fr/xy/xy0/logo","name":"Bienvenue à Kalos","symbol":"https://assets.tcgdex.net/univ/xy/xy0/symbol"},"variants":{"firstEdition":false,"holo":true,"normal":true,"reverse":true,"wPromo":false},"dexId":[262],"hp":90,"types":["Obscurité"],"evolveFrom":"Medhyèna","stage":"Niveau 1","attacks":[{"cost":["Obscurité","Incolore"],"name":"Morsure Profonde","effect":"Lancez une pièce. Si c'est face, cette attaque inflige 20 dégâts supplémentaires.","damage":"40+"}],"weaknesses":[{"type":"Combat","value":"×2"}],"resistances":[{"type":"Psy","value":"-20"}],"retreat":1,"legal":{"standard":false,"expanded":true}},{"category":"Pokémon","id":"xy0-18","illustrator":"5ban Graphics","image":"https://assets.tcgdex.net/fr/xy/xy0/18","localId":"18","name":"Sepiatop","rarity":"Sans Rareté","set":{"cardCount":{"official":45,"total":45},"id":"xy0","logo":"https://assets.tcgdex.net/fr/xy/xy0/logo","name":"Bienvenue à Kalos","symbol":"https://assets.tcgdex.net/univ/xy/xy0/symbol"},"variants":{"firstEdition":false,"holo":true,"normal":true,"reverse":true,"wPromo":false},"dexId":[686],"hp":60,"types":["Obscurité"],"stage":"De base","attacks":[{"cost":["Obscurité"],"name":"Picpic","damage":10}],"weaknesses":[{"type":"Combat","value":"×2"}],"resistances":[{"type":"Psy","value":"-20"}],"retreat":1,"legal":{"standard":false,"expanded":true}},{"category":"Pokémon","id":"xy0-19","illustrator":"Kouki Saitou","image":"https://assets.tcgdex.net/fr/xy/xy0/19","localId":"19","name":"Scalpion","rarity":"Sans Rareté","set":{"cardCount":{"official":45,"total":45},"id":"xy0","logo":"https://assets.tcgdex.net/fr/xy/xy0/logo","name":"Bienvenue à Kalos","symbol":"https://assets.tcgdex.net/univ/xy/xy0/symbol"},"variants":{"firstEdition":false,"holo":true,"normal":true,"reverse":true,"wPromo":false},"dexId":[624],"hp":60,"types":["Métal"],"stage":"De base","attacks":[{"cost":["Métal"],"name":"Transpercement","damage":10},{"cost":["Incolore","Incolore"],"name":"Coupe","damage":20}],"weaknesses":[{"type":"Feu","value":"×2"}],"resistances":[{"type":"Psy","value":"-20"}],"retreat":1,"legal":{"standard":false,"expanded":true}},{"category":"Pokémon","id":"xy0-20","illustrator":"Kagemaru Himeno","image":"https://assets.tcgdex.net/fr/xy/xy0/20","localId":"20","name":"Scalproie","rarity":"Sans Rareté","set":{"cardCount":{"official":45,"total":45},"id":"xy0","logo":"https://assets.tcgdex.net/fr/xy/xy0/logo","name":"Bienvenue à Kalos","symbol":"https://assets.tcgdex.net/univ/xy/xy0/symbol"},"variants":{"firstEdition":false,"holo":true,"normal":true,"reverse":true,"wPromo":false},"dexId":[625],"hp":90,"types":["Métal"],"evolveFrom":"Scalpion","stage":"Niveau 1","attacks":[{"cost":["Métal"],"name":"Piqûre Infernale","effect":"Lancez une pièce. Si c'est face, le Pokémon Actif de votre adversaire est maintenant Paralysé.","damage":20},{"cost":["Métal","Incolore","Incolore"],"name":"Griffe Acier","damage":70}],"weaknesses":[{"type":"Feu","value":"×2"}],"resistances":[{"type":"Psy","value":"-20"}],"retreat":1,"legal":{"standard":false,"expanded":true}},{"category":"Pokémon","id":"xy0-21","illustrator":"5ban Graphics","image":"https://assets.tcgdex.net/fr/xy/xy0/21","localId":"21","name":"Monorpale","rarity":"Sans Rareté","set":{"cardCount":{"official":45,"total":45},"id":"xy0","logo":"https://assets.tcgdex.net/fr/xy/xy0/logo","name":"Bienvenue à Kalos","symbol":"https://assets.tcgdex.net/univ/xy/xy0/symbol"},"variants":{"firstEdition":false,"holo":true,"normal":true,"reverse":true,"wPromo":false},"dexId":[679],"hp":60,"types":["Métal"],"stage":"De base","attacks":[{"cost":["Métal","Incolore"],"name":"Tranche Sans Fin","effect":"Lancez une pièce jusqu'à ce que vous obteniez un côté pile. Cette attaque inflige 30 dégâts multipliés par le nombre de côtés face.","damage":"30x"}],"weaknesses":[{"type":"Feu","value":"×2"}],"resistances":[{"type":"Psy","value":"-20"}],"retreat":2,"legal":{"standard":false,"expanded":true}},{"category":"Pokémon","id":"xy0-22","illustrator":"Naoki Saito","image":"https://assets.tcgdex.net/fr/xy/xy0/22","localId":"22","name":"Snubbull","rarity":"Sans Rareté","set":{"cardCount":{"official":45,"total":45},"id":"xy0","logo":"https://assets.tcgdex.net/fr/xy/xy0/logo","name":"Bienvenue à Kalos","symbol":"https://assets.tcgdex.net/univ/xy/xy0/symbol"},"variants":{"firstEdition":false,"holo":true,"normal":true,"reverse":true,"wPromo":false},"dexId":[209],"hp":70,"types":["Fée"],"stage":"De base","attacks":[{"cost":["Fée","Incolore"],"name":"Coup d'Boule","damage":20}],"weaknesses":[{"type":"Métal","value":"×2"}],"resistances":[{"type":"Obscurité","value":"-20"}],"retreat":2,"legal":{"standard":false,"expanded":true}},{"category":"Pokémon","id":"xy0-23","illustrator":"Masakazu Fukuda","image":"https://assets.tcgdex.net/fr/xy/xy0/23","localId":"23","name":"Granbull","rarity":"Sans Rareté","set":{"cardCount":{"official":45,"total":45},"id":"xy0","logo":"https://assets.tcgdex.net/fr/xy/xy0/logo","name":"Bienvenue à Kalos","symbol":"https://assets.tcgdex.net/univ/xy/xy0/symbol"},"variants":{"firstEdition":false,"holo":true,"normal":true,"reverse":true,"wPromo":false},"dexId":[210],"hp":100,"types":["Fée"],"evolveFrom":"Snubbull","stage":"Niveau 1","attacks":[{"cost":["Fée","Incolore"],"name":"Coup d'Boule","damage":30},{"cost":["Fée","Incolore","Incolore"],"name":"Double Écrasement","effect":"Lancez 2 pièces. Cette attaque inflige 20 dégâts supplémentaires pour chaque côté face.","damage":"50+"}],"weaknesses":[{"type":"Métal","value":"×2"}],"resistances":[{"type":"Obscurité","value":"-20"}],"retreat":3,"legal":{"standard":false,"expanded":true}},{"category":"Pokémon","id":"xy0-24","illustrator":"5ban Graphics","image":"https://assets.tcgdex.net/fr/xy/xy0/24","localId":"24","name":"Sucroquin","rarity":"Sans Rareté","set":{"cardCount":{"official":45,"total":45},"id":"xy0","logo":"https://assets.tcgdex.net/fr/xy/xy0/logo","name":"Bienvenue à Kalos","symbol":"https://assets.tcgdex.net/univ/xy/xy0/symbol"},"variants":{"firstEdition":false,"holo":true,"normal":true,"reverse":true,"wPromo":false},"dexId":[684],"hp":60,"types":["Fée"],"stage":"De base","attacks":[{"cost":["Fée"],"name":"Vampibaiser","effect":"Soignez 10 dégâts à ce Pokémon.","damage":10}],"weaknesses":[{"type":"Métal","value":"×2"}],"resistances":[{"type":"Obscurité","value":"-20"}],"retreat":1,"legal":{"standard":false,"expanded":true}},{"category":"Pokémon","id":"xy0-25","illustrator":"Kagemaru Himeno","image":"https://assets.tcgdex.net/fr/xy/xy0/25","localId":"25","name":"Canarticho","rarity":"Sans Rareté","set":{"cardCount":{"official":45,"total":45},"id":"xy0","logo":"https://assets.tcgdex.net/fr/xy/xy0/logo","name":"Bienvenue à Kalos","symbol":"https://assets.tcgdex.net/univ/xy/xy0/symbol"},"variants":{"firstEdition":false,"holo":true,"normal":true,"reverse":true,"wPromo":false},"dexId":[83],"hp":70,"types":["Incolore"],"stage":"De base","attacks":[{"cost":["Incolore"],"name":"Tranche","damage":30}],"weaknesses":[{"type":"Électrique","value":"×2"}],"resistances":[{"type":"Combat","value":"-20"}],"retreat":1,"legal":{"standard":false,"expanded":true}},{"category":"Pokémon","id":"xy0-26","illustrator":"Naoki Saito","image":"https://assets.tcgdex.net/fr/xy/xy0/26","localId":"26","name":"Ronflex","rarity":"Sans Rareté","set":{"cardCount":{"official":45,"total":45},"id":"xy0","logo":"https://assets.tcgdex.net/fr/xy/xy0/logo","name":"Bienvenue à Kalos","symbol":"https://assets.tcgdex.net/univ/xy/xy0/symbol"},"variants":{"firstEdition":false,"holo":true,"normal":true,"reverse":true,"wPromo":false},"dexId":[143],"hp":120,"types":["Incolore"],"stage":"De base","attacks":[{"cost":["Incolore","Incolore","Incolore"],"name":"Éclate-Roc","effect":"Lancez une pièce. Si c'est face, cette attaque inflige 30 dégâts supplémentaires.","damage":"10+"},{"cost":["Incolore","Incolore","Incolore","Incolore"],"name":"Force","damage":70}],"weaknesses":[{"type":"Combat","value":"×2"}],"retreat":4,"legal":{"standard":false,"expanded":true}},{"category":"Pokémon","id":"xy0-27","illustrator":"Akira Komayama","image":"https://assets.tcgdex.net/fr/xy/xy0/27","localId":"27","name":"Écrémeuh","rarity":"Sans Rareté","set":{"cardCount":{"official":45,"total":45},"id":"xy0","logo":"https://assets.tcgdex.net/fr/xy/xy0/logo","name":"Bienvenue à Kalos","symbol":"https://assets.tcgdex.net/univ/xy/xy0/symbol"},"variants":{"firstEdition":false,"holo":true,"normal":true,"reverse":true,"wPromo":false},"dexId":[241],"hp":100,"types":["Incolore"],"stage":"De base","attacks":[{"cost":["Incolore","Incolore","Incolore"],"name":"Grosse Éclaboussure","effect":"Lancez une pièce. Si c'est face, cette attaque inflige 20 dégâts supplémentaires.","damage":"50+"}],"weaknesses":[{"type":"Combat","value":"×2"}],"retreat":3,"legal":{"standard":false,"expanded":true}},{"category":"Pokémon","id":"xy0-28","illustrator":"Shin Nagasawa","image":"https://assets.tcgdex.net/fr/xy/xy0/28","localId":"28","name":"Skitty","rarity":"Sans Rareté","set":{"cardCount":{"official":45,"total":45},"id":"xy0","logo":"https://assets.tcgdex.net/fr/xy/xy0/logo","name":"Bienvenue à Kalos","symbol":"https://assets.tcgdex.net/univ/xy/xy0/symbol"},"variants":{"firstEdition":false,"holo":true,"normal":true,"reverse":true,"wPromo":false},"dexId":[300],"hp":60,"types":["Incolore"],"stage":"De base","attacks":[{"cost":["Incolore","Incolore"],"name":"Saut","effect":"Lancez une pièce. Si c'est face, cette attaque inflige 20 dégâts supplémentaires.","damage":"20+"}],"weaknesses":[{"type":"Combat","value":"×2"}],"retreat":1,"legal":{"standard":false,"expanded":true}},{"category":"Pokémon","id":"xy0-29","illustrator":"Kouki Saitou","image":"https://assets.tcgdex.net/fr/xy/xy0/29","localId":"29","name":"Keunotor","rarity":"Sans Rareté","set":{"cardCount":{"official":45,"total":45},"id":"xy0","logo":"https://assets.tcgdex.net/fr/xy/xy0/logo","name":"Bienvenue à Kalos","symbol":"https://assets.tcgdex.net/univ/xy/xy0/symbol"},"variants":{"firstEdition":false,"holo":true,"normal":true,"reverse":true,"wPromo":false},"dexId":[399],"hp":70,"types":["Incolore"],"stage":"De base","attacks":[{"cost":["Incolore","Incolore","Incolore"],"name":"Roulade","damage":60}],"weaknesses":[{"type":"Combat","value":"×2"}],"retreat":2,"legal":{"standard":false,"expanded":true}},{"category":"Pokémon","id":"xy0-30","illustrator":"5ban Graphics","image":"https://assets.tcgdex.net/fr/xy/xy0/30","localId":"30","name":"Sapereau","rarity":"Sans Rareté","set":{"cardCount":{"official":45,"total":45},"id":"xy0","logo":"https://assets.tcgdex.net/fr/xy/xy0/logo","name":"Bienvenue à Kalos","symbol":"https://assets.tcgdex.net/univ/xy/xy0/symbol"},"variants":{"firstEdition":false,"holo":true,"normal":true,"reverse":true,"wPromo":false},"dexId":[659],"hp":60,"types":["Incolore"],"stage":"De base","attacks":[{"cost":["Incolore","Incolore"],"name":"Charge","damage":20}],"weaknesses":[{"type":"Combat","value":"×2"}],"retreat":1,"legal":{"standard":false,"expanded":true}},{"category":"Pokémon","id":"xy0-31","illustrator":"5ban Graphics","image":"https://assets.tcgdex.net/fr/xy/xy0/31","localId":"31","name":"Passerouge","rarity":"Sans Rareté","set":{"cardCount":{"official":45,"total":45},"id":"xy0","logo":"https://assets.tcgdex.net/fr/xy/xy0/logo","name":"Bienvenue à Kalos","symbol":"https://assets.tcgdex.net/univ/xy/xy0/symbol"},"variants":{"firstEdition":false,"holo":true,"normal":true,"reverse":true,"wPromo":false},"dexId":[661],"hp":50,"types":["Incolore"],"stage":"De base","attacks":[{"cost":["Incolore"],"name":"Coupe-Vent","effect":"Lancez une pièce. Si c'est pile, cette attaque ne fait rien.","damage":20}],"weaknesses":[{"type":"Électrique","value":"×2"}],"resistances":[{"type":"Combat","value":"-20"}],"retreat":1,"legal":{"standard":false,"expanded":true}},{"category":"Pokémon","id":"xy0-32","illustrator":"5ban Graphics","image":"https://assets.tcgdex.net/fr/xy/xy0/32","localId":"32","name":"Couafarel","rarity":"Sans Rareté","set":{"cardCount":{"official":45,"total":45},"id":"xy0","logo":"https://assets.tcgdex.net/fr/xy/xy0/logo","name":"Bienvenue à Kalos","symbol":"https://assets.tcgdex.net/univ/xy/xy0/symbol"},"variants":{"firstEdition":false,"holo":true,"normal":true,"reverse":true,"wPromo":false},"dexId":[676],"hp":90,"types":["Incolore"],"stage":"De base","attacks":[{"cost":["Incolore","Incolore"],"name":"Mâchoire Serrée","effect":"Lancez une pièce. Si c'est face, le Pokémon Actif de votre adversaire est maintenant Paralysé.","damage":20},{"cost":["Incolore","Incolore","Incolore"],"name":"Croc Aiguisé","damage":50}],"weaknesses":[{"type":"Combat","value":"×2"}],"retreat":1,"legal":{"standard":false,"expanded":true}},{"category":"Pokémon","id":"xy0-33","illustrator":"5ban Graphics","image":"https://assets.tcgdex.net/fr/xy/xy0/33","localId":"33","name":"Couafarel","rarity":"Sans Rareté","set":{"cardCount":{"official":45,"total":45},"id":"xy0","logo":"https://assets.tcgdex.net/fr/xy/xy0/logo","name":"Bienvenue à Kalos","symbol":"https://assets.tcgdex.net/univ/xy/xy0/symbol"},"variants":{"firstEdition":false,"holo":true,"normal":true,"reverse":true,"wPromo":false},"dexId":[676],"hp":90,"types":["Incolore"],"stage":"De base","attacks":[{"cost":["Incolore","Incolore"],"name":"Mâchoire Serrée","effect":"Lancez une pièce. Si c'est face, le Pokémon Actif de votre adversaire est maintenant Paralysé.","damage":20},{"cost":["Incolore","Incolore","Incolore"],"name":"Croc Aiguisé","damage":50}],"weaknesses":[{"type":"Combat","value":"×2"}],"retreat":1,"legal":{"standard":false,"expanded":true}},{"category":"Dresseur","id":"xy0-34","illustrator":"5ban Graphics","image":"https://assets.tcgdex.net/fr/xy/xy0/34","localId":"34","name":"Maillet Écrasant","rarity":"Sans Rareté","set":{"cardCount":{"official":45,"total":45},"id":"xy0","logo":"https://assets.tcgdex.net/fr/xy/xy0/logo","name":"Bienvenue à Kalos","symbol":"https://assets.tcgdex.net/univ/xy/xy0/symbol"},"variants":{"firstEdition":false,"holo":true,"normal":true,"reverse":true,"wPromo":false},"effect":"Lancez une pièce. Si c'est face, défaussez une Énergie attachée à l'un des Pokémon de votre adversaire.","trainerType":"Objet","legal":{"standard":false,"expanded":true}},{"category":"Dresseur","id":"xy0-35","illustrator":"5ban Graphics","image":"https://assets.tcgdex.net/fr/xy/xy0/35","localId":"35","name":"Poké Ball","rarity":"Sans Rareté","set":{"cardCount":{"official":45,"total":45},"id":"xy0","logo":"https://assets.tcgdex.net/fr/xy/xy0/logo","name":"Bienvenue à Kalos","symbol":"https://assets.tcgdex.net/univ/xy/xy0/symbol"},"variants":{"firstEdition":false,"holo":true,"normal":true,"reverse":true,"wPromo":false},"effect":"Lancez une pièce. Si c'est face, cherchez un Pokémon dans votre deck, montrez-le, puis ajoutez-le à votre main. Mélangez ensuite votre deck.","trainerType":"Objet","legal":{"standard":false,"expanded":true}},{"category":"Dresseur","id":"xy0-36","illustrator":"5ban Graphics","image":"https://assets.tcgdex.net/fr/xy/xy0/36","localId":"36","name":"Attrape-Pokémon","rarity":"Sans Rareté","set":{"cardCount":{"official":45,"total":45},"id":"xy0","logo":"https://assets.tcgdex.net/fr/xy/xy0/logo","name":"Bienvenue à Kalos","symbol":"https://assets.tcgdex.net/univ/xy/xy0/symbol"},"variants":{"firstEdition":false,"holo":true,"normal":true,"reverse":true,"wPromo":false},"effect":"Lancez une pièce. Si c'est face, échangez l'un des Pokémon de Banc de votre adversaire avec son Pokémon Actif.","trainerType":"Objet","legal":{"standard":false,"expanded":true}},{"category":"Dresseur","id":"xy0-37","illustrator":"5ban Graphics","image":"https://assets.tcgdex.net/fr/xy/xy0/37","localId":"37","name":"Potion","rarity":"Sans Rareté","set":{"cardCount":{"official":45,"total":45},"id":"xy0","logo":"https://assets.tcgdex.net/fr/xy/xy0/logo","name":"Bienvenue à Kalos","symbol":"https://assets.tcgdex.net/univ/xy/xy0/symbol"},"variants":{"firstEdition":false,"holo":true,"normal":true,"reverse":true,"wPromo":false},"effect":"Soignez 30 dégâts à l'un de vos Pokémon.","trainerType":"Objet","legal":{"standard":false,"expanded":true}},{"category":"Dresseur","id":"xy0-38","illustrator":"5ban Graphics","image":"https://assets.tcgdex.net/fr/xy/xy0/38","localId":"38","name":"Échange","rarity":"Sans Rareté","set":{"cardCount":{"official":45,"total":45},"id":"xy0","logo":"https://assets.tcgdex.net/fr/xy/xy0/logo","name":"Bienvenue à Kalos","symbol":"https://assets.tcgdex.net/univ/xy/xy0/symbol"},"variants":{"firstEdition":false,"holo":true,"normal":true,"reverse":true,"wPromo":false},"effect":"Échangez votre Pokémon Actif avec l'un de vos Pokémon de Banc.","trainerType":"Objet","legal":{"standard":false,"expanded":true}},{"category":"Dresseur","id":"xy0-39","illustrator":"Ken Sugimori","image":"https://assets.tcgdex.net/fr/xy/xy0/39","localId":"39","name":"Tierno","rarity":"Sans Rareté","set":{"cardCount":{"official":45,"total":45},"id":"xy0","logo":"https://assets.tcgdex.net/fr/xy/xy0/logo","name":"Bienvenue à Kalos","symbol":"https://assets.tcgdex.net/univ/xy/xy0/symbol"},"variants":{"firstEdition":false,"holo":true,"normal":true,"reverse":true,"wPromo":false},"effect":"Piochez 3 cartes.","trainerType":"Supporter","legal":{"standard":false,"expanded":true}}]