[{"category":"Pokémon","id":"xy12-1","illustrator":"Eske Yoshinob","image":"https://assets.tcgdex.net/fr/xy/xy12/1","localId":"1","name":"Florizarre EX","rarity":"Ultra Rare","set":{"cardCount":{"official":108,"total":113},"id":"xy12","logo":"https://assets.tcgdex.net/fr/xy/xy12/logo","name":"Évolutions","symbol":"https://assets.tcgdex.net/univ/xy/xy12/symbol"},"variants":{"firstEdition":false,"holo":true,"normal":true,"reverse":true,"wPromo":false},"dexId":[3],"hp":180,"types":["Plante"],"stage":"De base","suffix":"EX","attacks":[{"cost":["Plante","Incolore","Incolore"],"name":"Poudre Toxik","effect":"Le Pokémon Actif de votre adversaire est maintenant Empoisonné.","damage":60},{"cost":["Plante","Plante","Incolore","Incolore"],"name":"Marteau Végétal","effect":"Soignez 30 dégâts à ce Pokémon.","damage":90}],"weaknesses":[{"type":"Feu","value":"×2"}],"retreat":4,"legal":{"standard":false,"expanded":true}},{"category":"Pokémon","id":"xy12-2","illustrator":"5ban Graphics","image":"https://assets.tcgdex.net/fr/xy/xy12/2","localId":"2","name":"M-Florizarre EX","rarity":"Ultra Rare","set":{"cardCount":{"official":108,"total":113},"id":"xy12","logo":"https://assets.tcgdex.net/fr/xy/xy12/logo","name":"Évolutions","symbol":"https://assets.tcgdex.net/univ/xy/xy12/symbol"},"variants":{"firstEdition":false,"holo":true,"normal":true,"reverse":true,"wPromo":false},"dexId":[3],"hp":230,"types":["Plante"],"evolveFrom":"Florizarre-EX","stage":"MÉGA","suffix":"EX","attacks":[{"cost":["Plante","Plante","Plante","Incolore"],"name":"Crise-Lianes","effect":"Le Pokémon Actif de votre adversaire est maintenant Paralysé et Empoisonné.","damage":120}],"weaknesses":[{"type":"Feu","value":"×2"}],"retreat":4,"legal":{"standard":false,"expanded":true}},{"category":"Pokémon","id":"xy12-3","illustrator":"Ken Sugimori","image":"https://assets.tcgdex.net/fr/xy/xy12/3","localId":"3","name":"Chenipan","rarity":"Commune","set":{"cardCount":{"official":108,"total":113},"id":"xy12","logo":"https://assets.tcgdex.net/fr/xy/xy12/logo","name":"Évolutions","symbol":"https://assets.tcgdex.net/univ/xy/xy12/symbol"},"variants":{"firstEdition":false,"holo":true,"normal":true,"reverse":true,"wPromo":false},"dexId":[10],"hp":40,"types":["Plante"],"stage":"De base","attacks":[{"cost":["Plante"],"name":"Sécrétion","effect":"Lancez une pièce. Si c'est face, le Pokémon Actif de votre adversaire est maintenant Paralysé.","damage":10}],"weaknesses":[{"type":"Feu","value":"×2"}],"retreat":1,"legal":{"standard":false,"expanded":true}},{"category":"Pokémon","id":"xy12-4","illustrator":"Ken Sugimori","image":"https://assets.tcgdex.net/fr/xy/xy12/4","localId":"4","name":"Chrysacier","rarity":"Peu Commune","set":{"cardCount":{"official":108,"total":113},"id":"xy12","logo":"https://assets.tcgdex.net/fr/xy/xy12/logo","name":"Évolutions","symbol":"https://assets.tcgdex.net/univ/xy/xy12/symbol"},"variants":{"firstEdition":false,"holo":true,"normal":true,"reverse":true,"wPromo":false},"dexId":[11],"hp":70,"types":["Plante"],"evolveFrom":"Chenipan","stage":"Niveau 1","attacks":[{"cost":["Incolore","Incolore"],"name":"Raidissement","effect":"Pendant le prochain tour de votre adversaire, tous les dégâts infligés à ce Pokémon par des attaques sont réduits de 40 (après application de la Faiblesse et de la Résistance)."},{"cost":["Plante","Plante"],"name":"Para-Spore","effect":"Lancez une pièce. Si c'est face, le Pokémon Actif de votre adversaire est maintenant Paralysé.","damage":20}],"weaknesses":[{"type":"Feu","value":"×2"}],"retreat":2,"legal":{"standard":false,"expanded":true}},{"category":"Pokémon","id":"xy12-5","illustrator":"Mitsuhiro Arita","image":"https://assets.tcgdex.net/fr/xy/xy12/5","localId":"5","name":"Aspicot","rarity":"Commune","set":{"cardCount":{"official":108,"total":113},"id":"xy12","logo":"https://assets.tcgdex.net/fr/xy/xy12/logo","name":"Évolutions","symbol":"https://assets.tcgdex.net/univ/xy/xy12/symbol"},"variants":{"firstEdition":false,"holo":true,"normal":true,"reverse":true,"wPromo":false},"dexId":[13],"hp":40,"types":["Plante"],"stage":"De base","attacks":[{"cost":["Plante"],"name":"Dard-Venin","effect":"Lancez une pièce. Si c'est face, le Pokémon Actif de votre adversaire est maintenant Empoisonné.","damage":10}],"weaknesses":[{"type":"Feu","value":"×2"}],"retreat":1,"legal":{"standard":false,"expanded":true}},{"category":"Pokémon","id":"xy12-6","illustrator":"Keiji Kinebuchi","image":"https://assets.tcgdex.net/fr/xy/xy12/6","localId":"6","name":"Coconfort","rarity":"Peu Commune","set":{"cardCount":{"official":108,"total":113},"id":"xy12","logo":"https://assets.tcgdex.net/fr/xy/xy12/logo","name":"Évolutions","symbol":"https://assets.tcgdex.net/univ/xy/xy12/symbol"},"variants":{"firstEdition":false,"holo":true,"normal":true,"reverse":true,"wPromo":false},"dexId":[14],"hp":80,"types":["Plante"],"evolveFrom":"Aspicot","stage":"Niveau 1","attacks":[{"cost":["Incolore","Incolore"],"name":"Raidissement","effect":"Pendant le prochain tour de votre adversaire, tous les dégâts infligés à ce Pokémon par des attaques sont réduits de 40 (après application de la Faiblesse et de la Résistance)."},{"cost":["Plante","Plante"],"name":"Poudre Toxik","effect":"Lancez une pièce. Si c'est face, le Pokémon Actif de votre adversaire est maintenant Empoisonné.","damage":20}],"weaknesses":[{"type":"Feu","value":"×2"}],"retreat":2,"legal":{"standard":false,"expanded":true}},{"category":"Pokémon","id":"xy12-7","illustrator":"Ken Sugimori","image":"https://assets.tcgdex.net/fr/xy/xy12/7","localId":"7","name":"Dardargnan","rarity":"Rare","set":{"cardCount":{"official":108,"total":113},"id":"xy12","logo":"https://assets.tcgdex.net/fr/xy/xy12/logo","name":"Évolutions","symbol":"https://assets.tcgdex.net/univ/xy/xy12/symbol"},"variants":{"firstEdition":false,"holo":true,"normal":true,"reverse":true,"wPromo":false},"dexId":[15],"hp":120,"types":["Plante"],"evolveFrom":"Coconfort","stage":"Niveau 2","attacks":[{"cost":["Plante"],"name":"Dard-Venin","effect":"Le Pokémon Actif de votre adversaire est maintenant Empoisonné.","damage":30},{"cost":["Plante","Incolore"],"name":"Essaim Piqûre","effect":"Cette attaque inflige 40 dégâts, multipliés par le nombre de Dardargnan que vous avez en jeu, à l'un des Pokémon de votre adversaire. (N'appliquez ni la Faiblesse ni la Résistance aux Pokémon de Banc.)"}],"weaknesses":[{"type":"Feu","value":"×2"}],"retreat":0,"legal":{"standard":false,"expanded":true}},{"category":"Pokémon","id":"xy12-8","illustrator":"Mitsuhiro Arita","image":"https://assets.tcgdex.net/fr/xy/xy12/8","localId":"8","name":"Saquedeneu","rarity":"Commune","set":{"cardCount":{"official":108,"total":113},"id":"xy12","logo":"https://assets.tcgdex.net/fr/xy/xy12/logo","name":"Évolutions","symbol":"https://assets.tcgdex.net/univ/xy/xy12/symbol"},"variants":{"firstEdition":false,"holo":true,"normal":true,"reverse":true,"wPromo":false},"dexId":[114],"hp":80,"types":["Plante"],"stage":"De base","attacks":[{"cost":["Plante","Incolore"],"name":"Étreinte","effect":"Lancez une pièce. Si c'est face, le Pokémon Actif de votre adversaire est maintenant Paralysé.","damage":20},{"cost":["Plante","Plante","Plante"],"name":"Poudre Toxik","effect":"Le Pokémon Actif de votre adversaire est maintenant Empoisonné.","damage":30}],"weaknesses":[{"type":"Feu","value":"×2"}],"retreat":2,"legal":{"standard":false,"expanded":true}},{"category":"Pokémon","id":"xy12-9","illustrator":"Mitsuhiro Arita","image":"https://assets.tcgdex.net/fr/xy/xy12/9","localId":"9","name":"Salamèche","rarity":"Commune","set":{"cardCount":{"official":108,"total":113},"id":"xy12","logo":"https://assets.tcgdex.net/fr/xy/xy12/logo","name":"Évolutions","symbol":"https://assets.tcgdex.net/univ/xy/xy12/symbol"},"variants":{"firstEdition":false,"holo":true,"normal":true,"reverse":true,"wPromo":false},"dexId":[4],"hp":60,"types":["Feu"],"stage":"De base","attacks":[{"cost":["Incolore"],"name":"Griffe","damage":10},{"cost":["Feu","Incolore"],"name":"Flammèche","effect":"Défaussez une Énergie Fire attachée à ce Pokémon.","damage":30}],"weaknesses":[{"type":"Eau","value":"×2"}],"retreat":1,"legal":{"standard":false,"expanded":true}},{"category":"Pokémon","id":"xy12-10","illustrator":"Mitsuhiro Arita","image":"https://assets.tcgdex.net/fr/xy/xy12/10","localId":"10","name":"Reptincel","rarity":"Peu Commune","set":{"cardCount":{"official":108,"total":113},"id":"xy12","logo":"https://assets.tcgdex.net/fr/xy/xy12/logo","name":"Évolutions","symbol":"https://assets.tcgdex.net/univ/xy/xy12/symbol"},"variants":{"firstEdition":false,"holo":true,"normal":true,"reverse":true,"wPromo":false},"dexId":[5],"hp":80,"types":["Feu"],"evolveFrom":"Salamèche","stage":"Niveau 1","attacks":[{"cost":["Incolore","Incolore","Incolore"],"name":"Tranche","damage":50},{"cost":["Feu","Feu","Incolore"],"name":"Lance-Flammes","effect":"Défaussez une Énergie Fire attachée à ce Pokémon.","damage":90}],"weaknesses":[{"type":"Eau","value":"×2"}],"retreat":1,"legal":{"standard":false,"expanded":true}},{"category":"Pokémon","id":"xy12-11","illustrator":"Mitsuhiro Arita","image":"https://assets.tcgdex.net/fr/xy/xy12/11","localId":"11","name":"Dracaufeu","rarity":"Rare","set":{"cardCount":{"official":108,"total":113},"id":"xy12","logo":"https://assets.tcgdex.net/fr/xy/xy12/logo","name":"Évolutions","symbol":"https://assets.tcgdex.net/univ/xy/xy12/symbol"},"variants":{"firstEdition":false,"holo":true,"normal":true,"reverse":true,"wPromo":false},"dexId":[6],"hp":150,"types":["Feu"],"evolveFrom":"Reptincel","stage":"Niveau 2","abilities":[{"type":"Talent","name":"Dépense d'Énergie","effect":"Toutes les Énergies attachées à ce Pokémon sont des Énergies Fire au lieu de leur type habituel."}],"attacks":[{"cost":["Feu","Feu","Feu","Feu"],"name":"Danse Flamme","effect":"Défaussez 3 Énergies attachées à ce Pokémon.","damage":200}],"weaknesses":[{"type":"Eau","value":"×2"}],"resistances":[{"type":"Combat","value":"-20"}],"retreat":3,"legal":{"standard":false,"expanded":true}},{"category":"Pokémon","id":"xy12-12","illustrator":"PLANETA","image":"https://assets.tcgdex.net/fr/xy/xy12/12","localId":"12","name":"Dracaufeu EX","rarity":"Ultra Rare","set":{"cardCount":{"official":108,"total":113},"id":"xy12","logo":"https://assets.tcgdex.net/fr/xy/xy12/logo","name":"Évolutions","symbol":"https://assets.tcgdex.net/univ/xy/xy12/symbol"},"variants":{"firstEdition":false,"holo":true,"normal":true,"reverse":true,"wPromo":false},"dexId":[6],"hp":180,"types":["Feu"],"stage":"De base","suffix":"EX","attacks":[{"cost":["Incolore","Incolore","Incolore"],"name":"Cru-Aile","damage":60},{"cost":["Feu","Feu","Incolore","Incolore"],"name":"Explo-Combustion","effect":"Ce Pokémon ne peut pas utiliser Explo-Combustion pendant votre prochain tour.","damage":150}],"weaknesses":[{"type":"Eau","value":"×2"}],"retreat":2,"legal":{"standard":false,"expanded":true}},{"category":"Pokémon","id":"xy12-13","illustrator":"5ban Graphics","image":"https://assets.tcgdex.net/fr/xy/xy12/13","localId":"13","name":"M-Dracaufeu EX","rarity":"Ultra Rare","set":{"cardCount":{"official":108,"total":113},"id":"xy12","logo":"https://assets.tcgdex.net/fr/xy/xy12/logo","name":"Évolutions","symbol":"https://assets.tcgdex.net/univ/xy/xy12/symbol"},"variants":{"firstEdition":false,"holo":true,"normal":true,"reverse":true,"wPromo":false},"dexId":[6],"hp":220,"types":["Feu"],"evolveFrom":"Dracaufeu-EX","stage":"MÉGA","suffix":"EX","attacks":[{"cost":["Feu","Feu","Incolore","Incolore","Incolore"],"name":"Plongeon Écarlate","effect":"Ce Pokémon s'inflige 50 dégâts.","damage":300}],"weaknesses":[{"type":"Eau","value":"×2"}],"retreat":1,"legal":{"standard":false,"expanded":true}},{"category":"Pokémon","id":"xy12-14","illustrator":"Ken Sugimori","image":"https://assets.tcgdex.net/fr/xy/xy12/14","localId":"14","name":"Goupix","rarity":"Commune","set":{"cardCount":{"official":108,"total":113},"id":"xy12","logo":"https://assets.tcgdex.net/fr/xy/xy12/logo","name":"Évolutions","symbol":"https://assets.tcgdex.net/univ/xy/xy12/symbol"},"variants":{"firstEdition":false,"holo":true,"normal":true,"reverse":true,"wPromo":false},"dexId":[37],"hp":60,"types":["Feu"],"stage":"De base","attacks":[{"cost":["Feu","Feu"],"name":"Onde Folie","effect":"Lancez une pièce. Si c'est face, le Pokémon Actif de votre adversaire est maintenant Confus.","damage":20}],"weaknesses":[{"type":"Eau","value":"×2"}],"retreat":1,"legal":{"standard":false,"expanded":true}},{"category":"Pokémon","id":"xy12-15","illustrator":"Ken Sugimori","image":"https://assets.tcgdex.net/fr/xy/xy12/15","localId":"15","name":"Feunard","rarity":"Rare","set":{"cardCount":{"official":108,"total":113},"id":"xy12","logo":"https://assets.tcgdex.net/fr/xy/xy12/logo","name":"Évolutions","symbol":"https://assets.tcgdex.net/univ/xy/xy12/symbol"},"variants":{"firstEdition":false,"holo":true,"normal":true,"reverse":true,"wPromo":false},"dexId":[38],"hp":100,"types":["Feu"],"evolveFrom":"Goupix","stage":"Niveau 1","attacks":[{"cost":["Feu"],"name":"Leurre","effect":"Échangez l'un des Pokémon de Banc de votre adversaire avec son Pokémon Actif. Le nouveau Pokémon Actif ne peut pas battre en retraite pendant le prochain tour de votre adversaire."},{"cost":["Feu","Feu","Incolore"],"name":"Déflagration","effect":"Défaussez une Énergie Fire attachée à ce Pokémon.","damage":120}],"weaknesses":[{"type":"Eau","value":"×2"}],"retreat":1,"legal":{"standard":false,"expanded":true}},{"category":"Pokémon","id":"xy12-16","illustrator":"5ban Graphics","image":"https://assets.tcgdex.net/fr/xy/xy12/16","localId":"16","name":"Feunard TURBO","rarity":"Ultra Rare","set":{"cardCount":{"official":108,"total":113},"id":"xy12","logo":"https://assets.tcgdex.net/fr/xy/xy12/logo","name":"Évolutions","symbol":"https://assets.tcgdex.net/univ/xy/xy12/symbol"},"variants":{"firstEdition":false,"holo":true,"normal":true,"reverse":true,"wPromo":false},"dexId":[38],"hp":140,"types":["Feu"],"evolveFrom":"Feunard","stage":"TURBO","attacks":[{"cost":["Feu","Incolore"],"name":"Boule de Feu Explosive","effect":"Défaussez toutes les Énergies Fire attachées à ce Pokémon. Cette attaque inflige 60 dégâts supplémentaires pour chaque carte Énergie défaussée de cette façon.","damage":"10+"}],"retreat":0,"legal":{"standard":false,"expanded":true}},{"category":"Pokémon","id":"xy12-17","illustrator":"Ken Sugimori","image":"https://assets.tcgdex.net/fr/xy/xy12/17","localId":"17","name":"Caninos","rarity":"Commune","set":{"cardCount":{"official":108,"total":113},"id":"xy12","logo":"https://assets.tcgdex.net/fr/xy/xy12/logo","name":"Évolutions","symbol":"https://assets.tcgdex.net/univ/xy/xy12/symbol"},"variants":{"firstEdition":false,"holo":true,"normal":true,"reverse":true,"wPromo":false},"dexId":[58],"hp":70,"types":["Feu"],"stage":"De base","attacks":[{"cost":["Incolore"],"name":"Coup d'Pied Arrière","effect":"Échangez ce Pokémon avec l'un de vos Pokémon de Banc.","damage":10},{"cost":["Feu","Incolore"],"name":"Flamboiement","damage":20}],"weaknesses":[{"type":"Eau","value":"×2"}],"retreat":2,"legal":{"standard":false,"expanded":true}},{"category":"Pokémon","id":"xy12-18","illustrator":"Ken Sugimori","image":"https://assets.tcgdex.net/fr/xy/xy12/18","localId":"18","name":"Arcanin","rarity":"Rare","set":{"cardCount":{"official":108,"total":113},"id":"xy12","logo":"https://assets.tcgdex.net/fr/xy/xy12/logo","name":"Évolutions","symbol":"https://assets.tcgdex.net/univ/xy/xy12/symbol"},"variants":{"firstEdition":false,"holo":true,"normal":true,"reverse":true,"wPromo":false},"dexId":[59],"hp":130,"types":["Feu"],"evolveFrom":"Caninos","stage":"Niveau 1","abilities":[{"type":"Talent","name":"Route Enflammée","effect":"Une seule fois pendant votre tour (avant votre attaque), si ce Pokémon était sur le Banc et est devenu votre Pokémon Actif lors de ce tour, vous pouvez déplacer des Énergies Fire attachées à vos Pokémon vers ce Pokémon."}],"attacks":[{"cost":["Feu","Feu","Feu","Incolore"],"name":"Souffle Brûlant","effect":"Ce Pokémon ne peut pas attaquer pendant votre prochain tour.","damage":150}],"weaknesses":[{"type":"Eau","value":"×2"}],"retreat":2,"legal":{"standard":false,"expanded":true}},{"category":"Pokémon","id":"xy12-19","illustrator":"Ken Sugimori","image":"https://assets.tcgdex.net/fr/xy/xy12/19","localId":"19","name":"Ponyta","rarity":"Commune","set":{"cardCount":{"official":108,"total":113},"id":"xy12","logo":"https://assets.tcgdex.net/fr/xy/xy12/logo","name":"Évolutions","symbol":"https://assets.tcgdex.net/univ/xy/xy12/symbol"},"variants":{"firstEdition":false,"holo":true,"normal":true,"reverse":true,"wPromo":false},"dexId":[77],"hp":60,"types":["Feu"],"stage":"De base","attacks":[{"cost":["Incolore","Incolore"],"name":"Coud'Pattes","damage":20},{"cost":["Feu","Feu"],"name":"Queue de Flammes","damage":30}],"weaknesses":[{"type":"Eau","value":"×2"}],"retreat":1,"legal":{"standard":false,"expanded":true}},{"category":"Pokémon","id":"xy12-20","illustrator":"Ken Sugimori","image":"https://assets.tcgdex.net/fr/xy/xy12/20","localId":"20","name":"Magmar","rarity":"Peu Commune","set":{"cardCount":{"official":108,"total":113},"id":"xy12","logo":"https://assets.tcgdex.net/fr/xy/xy12/logo","name":"Évolutions","symbol":"https://assets.tcgdex.net/univ/xy/xy12/symbol"},"variants":{"firstEdition":false,"holo":true,"normal":true,"reverse":true,"wPromo":false},"dexId":[126],"hp":80,"types":["Feu"],"stage":"De base","attacks":[{"cost":["Feu","Feu"],"name":"Poing de Feu","damage":30},{"cost":["Feu","Feu","Incolore"],"name":"Lance-Flammes","effect":"Défaussez une Énergie Fire attachée à ce Pokémon.","damage":60}],"weaknesses":[{"type":"Eau","value":"×2"}],"retreat":2,"legal":{"standard":false,"expanded":true}},{"category":"Pokémon","id":"xy12-21","illustrator":"Eske Yoshinob","image":"https://assets.tcgdex.net/fr/xy/xy12/21","localId":"21","name":"Tortank EX","rarity":"Ultra Rare","set":{"cardCount":{"official":108,"total":113},"id":"xy12","logo":"https://assets.tcgdex.net/fr/xy/xy12/logo","name":"Évolutions","symbol":"https://assets.tcgdex.net/univ/xy/xy12/symbol"},"variants":{"firstEdition":false,"holo":true,"normal":true,"reverse":true,"wPromo":false},"dexId":[9],"hp":180,"types":["Eau"],"stage":"De base","suffix":"EX","attacks":[{"cost":["Incolore","Incolore"],"name":"Tour Rapide","effect":"Échangez ce Pokémon avec l'un de vos Pokémon de Banc. Ensuite, votre adversaire échange son Pokémon Actif avec l'un de ses Pokémon de Banc.","damage":30},{"cost":["Eau","Eau","Eau"],"name":"Bombe Éclaboussante","effect":"Lancez une pièce. Si c'est pile, ce Pokémon s'inflige 30 dégâts.","damage":120}],"weaknesses":[{"type":"Plante","value":"×2"}],"retreat":3,"legal":{"standard":false,"expanded":true}},{"category":"Pokémon","id":"xy12-22","illustrator":"5ban Graphics","image":"https://assets.tcgdex.net/fr/xy/xy12/22","localId":"22","name":"M-Tortank EX","rarity":"Ultra Rare","set":{"cardCount":{"official":108,"total":113},"id":"xy12","logo":"https://assets.tcgdex.net/fr/xy/xy12/logo","name":"Évolutions","symbol":"https://assets.tcgdex.net/univ/xy/xy12/symbol"},"variants":{"firstEdition":false,"holo":true,"normal":true,"reverse":true,"wPromo":false},"dexId":[9],"hp":220,"types":["Eau"],"evolveFrom":"Tortank-EX","stage":"MÉGA","suffix":"EX","attacks":[{"cost":["Eau","Eau","Eau"],"name":"Hydroflagration","effect":"Cette attaque inflige 30 dégâts à 2 des Pokémon de Banc de votre adversaire. (N'appliquez ni la Faiblesse ni la Résistance aux Pokémon de Banc.)","damage":120}],"weaknesses":[{"type":"Plante","value":"×2"}],"retreat":3,"legal":{"standard":false,"expanded":true}},{"category":"Pokémon","id":"xy12-23","illustrator":"Ken Sugimori","image":"https://assets.tcgdex.net/fr/xy/xy12/23","localId":"23","name":"Ptitard","rarity":"Commune","set":{"cardCount":{"official":108,"total":113},"id":"xy12","logo":"https://assets.tcgdex.net/fr/xy/xy12/logo","name":"Évolutions","symbol":"https://assets.tcgdex.net/univ/xy/xy12/symbol"},"variants":{"firstEdition":false,"holo":true,"normal":true,"reverse":true,"wPromo":false},"dexId":[60],"hp":60,"types":["Eau"],"stage":"De base","attacks":[{"cost":["Eau","Eau"],"name":"Pistolet à O","damage":30}],"weaknesses":[{"type":"Plante","value":"×2"}],"retreat":1,"legal":{"standard":false,"expanded":true}},{"category":"Pokémon","id":"xy12-24","illustrator":"Ken Sugimori","image":"https://assets.tcgdex.net/fr/xy/xy12/24","localId":"24","name":"Têtarte","rarity":"Peu Commune","set":{"cardCount":{"official":108,"total":113},"id":"xy12","logo":"https://assets.tcgdex.net/fr/xy/xy12/logo","name":"Évolutions","symbol":"https://assets.tcgdex.net/univ/xy/xy12/symbol"},"variants":{"firstEdition":false,"holo":true,"normal":true,"reverse":true,"wPromo":false},"dexId":[61],"hp":80,"types":["Eau"],"evolveFrom":"Ptitard","stage":"Niveau 1","attacks":[{"cost":["Eau","Eau"],"name":"Amnésie","effect":"Choisissez l'une des attaques du Pokémon Actif de votre adversaire. Ce Pokémon ne peut pas utiliser cette attaque pendant le prochain tour de votre adversaire.","damage":30},{"cost":["Eau","Eau","Incolore"],"name":"Torgnoles","effect":"Lancez 2 pièces. Cette attaque inflige 50 dégâts multipliés par le nombre de côtés face.","damage":"50×"}],"weaknesses":[{"type":"Plante","value":"×2"}],"retreat":1,"legal":{"standard":false,"expanded":true}},{"category":"Pokémon","id":"xy12-25","illustrator":"Ken Sugimori","image":"https://assets.tcgdex.net/fr/xy/xy12/25","localId":"25","name":"Tartard","rarity":"Rare","set":{"cardCount":{"official":108,"total":113},"id":"xy12","logo":"https://assets.tcgdex.net/fr/xy/xy12/logo","name":"Évolutions","symbol":"https://assets.tcgdex.net/univ/xy/xy12/symbol"},"variants":{"firstEdition":false,"holo":true,"normal":true,"reverse":true,"wPromo":false},"dexId":[62],"hp":140,"types":["Eau"],"evolveFrom":"Têtarte","stage":"Niveau 2","attacks":[{"cost":["Eau"],"name":"Poing Épique","effect":"Si ce Pokémon était sur le Banc et est devenu votre Pokémon Actif pendant ce tour, cette attaque inflige 50 dégâts supplémentaires.","damage":"50+"},{"cost":["Eau","Eau","Eau"],"name":"Siphon","effect":"Défaussez une Énergie attachée au Pokémon Actif de votre adversaire.","damage":80}],"weaknesses":[{"type":"Plante","value":"×2"}],"retreat":2,"legal":{"standard":false,"expanded":true}},{"category":"Pokémon","id":"xy12-26","illustrator":"Ayaka Yoshida","image":"https://assets.tcgdex.net/fr/xy/xy12/26","localId":"26","name":"Flagadoss EX","rarity":"Ultra Rare","set":{"cardCount":{"official":108,"total":113},"id":"xy12","logo":"https://assets.tcgdex.net/fr/xy/xy12/logo","name":"Évolutions","symbol":"https://assets.tcgdex.net/univ/xy/xy12/symbol"},"variants":{"firstEdition":false,"holo":true,"normal":true,"reverse":true,"wPromo":false},"dexId":[80],"hp":180,"types":["Eau"],"stage":"De base","suffix":"EX","attacks":[{"cost":["Incolore","Incolore"],"name":"Paresse","effect":"Soignez 60 dégâts à ce Pokémon. Ce Pokémon ne peut pas attaquer pendant votre prochain tour."},{"cost":["Eau","Eau","Eau"],"name":"Éclaboussure Éclair","damage":100}],"weaknesses":[{"type":"Plante","value":"×2"}],"retreat":3,"legal":{"standard":false,"expanded":true}},{"category":"Pokémon","id":"xy12-27","illustrator":"5ban Graphics","image":"https://assets.tcgdex.net/fr/xy/xy12/27","localId":"27","name":"M-Flagadoss EX","rarity":"Ultra Rare","set":{"cardCount":{"official":108,"total":113},"id":"xy12","logo":"https://assets.tcgdex.net/fr/xy/xy12/logo","name":"Évolutions","symbol":"https://assets.tcgdex.net/univ/xy/xy12/symbol"},"variants":{"firstEdition":false,"holo":true,"normal":true,"reverse":true,"wPromo":false},"dexId":[80],"hp":220,"types":["Eau"],"evolveFrom":"Flagadoss-EX","stage":"MÉGA","suffix":"EX","attacks":[{"cost":["Eau","Eau","Eau"],"name":"Tournicote","effect":"Ce Pokémon est maintenant Confus. Pendant votre prochain tour, l'attaque Tournicote de ce Pokémon inflige 100 dégâts supplémentaires (avant application de la Faiblesse et de la Résistance).","damage":"100+"}],"weaknesses":[{"type":"Plante","value":"×2"}],"retreat":3,"legal":{"standard":false,"expanded":true}},{"category":"Pokémon","id":"xy12-28","illustrator":"Ken Sugimori","image":"https://assets.tcgdex.net/fr/xy/xy12/28","localId":"28","name":"Otaria","rarity":"Commune","set":{"cardCount":{"official":108,"total":113},"id":"xy12","logo":"https://assets.tcgdex.net/fr/xy/xy12/logo","name":"Évolutions","symbol":"https://assets.tcgdex.net/univ/xy/xy12/symbol"},"variants":{"firstEdition":false,"holo":true,"normal":true,"reverse":true,"wPromo":false},"dexId":[86],"hp":80,"types":["Eau"],"stage":"De base","attacks":[{"cost":["Incolore"],"name":"Rugissement","effect":"Pendant le prochain tour de votre adversaire, tous les dégâts infligés par des attaques du Pokémon Défenseur sont réduits de 20 (avant application de la Faiblesse et de la Résistance)."},{"cost":["Eau","Incolore"],"name":"Coup d'Boule","damage":20}],"weaknesses":[{"type":"Plante","value":"×2"}],"retreat":2,"legal":{"standard":false,"expanded":true}},{"category":"Pokémon","id":"xy12-29","illustrator":"Mitsuhiro Arita","image":"https://assets.tcgdex.net/fr/xy/xy12/29","localId":"29","name":"Lamantine","rarity":"Rare","set":{"cardCount":{"official":108,"total":113},"id":"xy12","logo":"https://assets.tcgdex.net/fr/xy/xy12/logo","name":"Évolutions","symbol":"https://assets.tcgdex.net/univ/xy/xy12/symbol"},"variants":{"firstEdition":false,"holo":true,"normal":true,"reverse":true,"wPromo":false},"dexId":[87],"hp":120,"types":["Eau"],"evolveFrom":"Otaria","stage":"Niveau 1","attacks":[{"cost":["Eau"],"name":"Super Gros Plongeon","effect":"Soignez 40 dégâts à ce Pokémon. Échangez ce Pokémon avec l'un de vos Pokémon de Banc."},{"cost":["Eau","Incolore","Incolore"],"name":"Bélier","effect":"Ce Pokémon s'inflige 20 dégâts.","damage":90}],"weaknesses":[{"type":"Plante","value":"×2"}],"retreat":3,"legal":{"standard":false,"expanded":true}},{"category":"Pokémon","id":"xy12-30","illustrator":"Keiji Kinebuchi","image":"https://assets.tcgdex.net/fr/xy/xy12/30","localId":"30","name":"Stari","rarity":"Commune","set":{"cardCount":{"official":108,"total":113},"id":"xy12","logo":"https://assets.tcgdex.net/fr/xy/xy12/logo","name":"Évolutions","symbol":"https://assets.tcgdex.net/univ/xy/xy12/symbol"},"variants":{"firstEdition":false,"holo":true,"normal":true,"reverse":true,"wPromo":false},"dexId":[120],"hp":60,"types":["Eau"],"stage":"De base","attacks":[{"cost":["Eau"],"name":"Coup d'Poing Éclair","effect":"Lancez une pièce. Si c'est face, cette attaque inflige 10 dégâts supplémentaires.","damage":"10+"}],"weaknesses":[{"type":"Plante","value":"×2"}],"retreat":1,"legal":{"standard":false,"expanded":true}},{"category":"Pokémon","id":"xy12-31","illustrator":"Keiji Kinebuchi","image":"https://assets.tcgdex.net/fr/xy/xy12/31","localId":"31","name":"Staross","rarity":"Rare","set":{"cardCount":{"official":108,"total":113},"id":"xy12","logo":"https://assets.tcgdex.net/fr/xy/xy12/logo","name":"Évolutions","symbol":"https://assets.tcgdex.net/univ/xy/xy12/symbol"},"variants":{"firstEdition":false,"holo":true,"normal":true,"reverse":true,"wPromo":false},"dexId":[121],"hp":90,"types":["Eau"],"evolveFrom":"Stari","stage":"Niveau 1","abilities":[{"type":"Talent","name":"Lumière Spatiale","effect":"Une seule fois pendant votre tour (avant votre attaque), vous pouvez défausser une carte de votre main. Dans ce cas, prenez 2 cartes Énergie de base dans votre pile de défausse et ajoutez-les à votre main. (Vous ne pouvez pas choisir une carte que vous avez défaussée du fait de l'effet de ce talent.)"}],"attacks":[{"cost":["Eau","Incolore"],"name":"Étoile Gelante","effect":"Lancez une pièce. Si c'est face, le Pokémon Actif de votre adversaire est maintenant Paralysé.","damage":30}],"weaknesses":[{"type":"Plante","value":"×2"}],"retreat":1,"legal":{"standard":false,"expanded":true}},{"category":"Pokémon","id":"xy12-32","illustrator":"5ban Graphics","image":"https://assets.tcgdex.net/fr/xy/xy12/32","localId":"32","name":"Staross TURBO","rarity":"Ultra Rare","set":{"cardCount":{"official":108,"total":113},"id":"xy12","logo":"https://assets.tcgdex.net/fr/xy/xy12/logo","name":"Évolutions","symbol":"https://assets.tcgdex.net/univ/xy/xy12/symbol"},"variants":{"firstEdition":false,"holo":true,"normal":true,"reverse":true,"wPromo":false},"dexId":[121],"hp":130,"types":["Eau"],"evolveFrom":"Staross","stage":"TURBO","attacks":[{"cost":["Eau"],"name":"Étoile Turbo","effect":"Cette attaque inflige 100 dégâts à chacun des Pokémon TURBO de votre adversaire. (N'appliquez ni la Faiblesse ni la Résistance aux Pokémon de Banc.)"}],"retreat":0,"legal":{"standard":false,"expanded":true}},{"category":"Pokémon","id":"xy12-33","illustrator":"Mitsuhiro Arita","image":"https://assets.tcgdex.net/fr/xy/xy12/33","localId":"33","name":"Magicarpe","rarity":"Commune","set":{"cardCount":{"official":108,"total":113},"id":"xy12","logo":"https://assets.tcgdex.net/fr/xy/xy12/logo","name":"Évolutions","symbol":"https://assets.tcgdex.net/univ/xy/xy12/symbol"},"variants":{"firstEdition":false,"holo":true,"normal":true,"reverse":true,"wPromo":false},"dexId":[129],"hp":30,"types":["Eau"],"stage":"De base","attacks":[{"cost":["Eau"],"name":"Fléau","effect":"Cette attaque inflige 10 dégâts multipliés par le nombre de marqueurs de dégâts placés sur ce Pokémon.","damage":"10×"}],"weaknesses":[{"type":"Électrique","value":"×2"}],"retreat":1,"legal":{"standard":false,"expanded":true}},{"category":"Pokémon","id":"xy12-34","illustrator":"Mitsuhiro Arita","image":"https://assets.tcgdex.net/fr/xy/xy12/34","localId":"34","name":"Léviator","rarity":"Rare","set":{"cardCount":{"official":108,"total":113},"id":"xy12","logo":"https://assets.tcgdex.net/fr/xy/xy12/logo","name":"Évolutions","symbol":"https://assets.tcgdex.net/univ/xy/xy12/symbol"},"variants":{"firstEdition":false,"holo":true,"normal":true,"reverse":true,"wPromo":false},"dexId":[130],"hp":130,"types":["Eau"],"evolveFrom":"Magicarpe","stage":"Niveau 1","attacks":[{"cost":["Eau","Eau","Eau"],"name":"Bulles d'O","effect":"Lancez une pièce. Si c'est face, le Pokémon Actif de votre adversaire est maintenant Paralysé.","damage":50},{"cost":["Eau","Eau","Eau","Eau"],"name":"Draco-Rage","effect":"Lancez 2 pièces. Si vous obtenez au moins un côté pile, cette attaque ne fait rien.","damage":180}],"weaknesses":[{"type":"Électrique","value":"×2"}],"retreat":3,"legal":{"standard":false,"expanded":true}},{"category":"Pokémon","id":"xy12-35","illustrator":"Mitsuhiro Arita","image":"https://assets.tcgdex.net/fr/xy/xy12/35","localId":"35","name":"Pikachu","rarity":"Commune","set":{"cardCount":{"official":108,"total":113},"id":"xy12","logo":"https://assets.tcgdex.net/fr/xy/xy12/logo","name":"Évolutions","symbol":"https://assets.tcgdex.net/univ/xy/xy12/symbol"},"variants":{"firstEdition":false,"holo":true,"normal":true,"reverse":true,"wPromo":false},"dexId":[25],"hp":60,"types":["Électrique"],"stage":"De base","attacks":[{"cost":["Incolore"],"name":"Ronge","damage":10},{"cost":["Électrique","Incolore"],"name":"Secousse Tonnerre","effect":"Lancez une pièce. Si c'est pile, ce Pokémon s'inflige 10 dégâts.","damage":30}],"weaknesses":[{"type":"Combat","value":"×2"}],"resistances":[{"type":"Métal","value":"-20"}],"retreat":1,"legal":{"standard":false,"expanded":true}},{"category":"Pokémon","id":"xy12-36","illustrator":"Ken Sugimori","image":"https://assets.tcgdex.net/fr/xy/xy12/36","localId":"36","name":"Raichu","rarity":"Rare","set":{"cardCount":{"official":108,"total":113},"id":"xy12","logo":"https://assets.tcgdex.net/fr/xy/xy12/logo","name":"Évolutions","symbol":"https://assets.tcgdex.net/univ/xy/xy12/symbol"},"variants":{"firstEdition":false,"holo":true,"normal":true,"reverse":true,"wPromo":false},"dexId":[26],"hp":100,"types":["Électrique"],"evolveFrom":"Pikachu","stage":"Niveau 1","attacks":[{"cost":["Électrique"],"name":"Énergisant","effect":"Attachez une carte Énergie Lightning de votre pile de défausse à ce Pokémon."},{"cost":["Électrique","Électrique","Incolore"],"name":"Éclair Étincelant","effect":"Vous pouvez défausser toutes les Énergies attachées à ce Pokémon. Dans ce cas, cette attaque inflige 70 dégâts supplémentaires.","damage":"70+"}],"weaknesses":[{"type":"Combat","value":"×2"}],"resistances":[{"type":"Métal","value":"-20"}],"retreat":1,"legal":{"standard":false,"expanded":true}},{"category":"Pokémon","id":"xy12-37","illustrator":"Keiji Kinebuchi","image":"https://assets.tcgdex.net/fr/xy/xy12/37","localId":"37","name":"Magnéti","rarity":"Commune","set":{"cardCount":{"official":108,"total":113},"id":"xy12","logo":"https://assets.tcgdex.net/fr/xy/xy12/logo","name":"Évolutions","symbol":"https://assets.tcgdex.net/univ/xy/xy12/symbol"},"variants":{"firstEdition":false,"holo":true,"normal":true,"reverse":true,"wPromo":false},"dexId":[81],"hp":50,"types":["Électrique"],"stage":"De base","attacks":[{"cost":["Électrique"],"name":"Cage-Éclair","effect":"Lancez une pièce. Si c'est face, le Pokémon Actif de votre adversaire est maintenant Paralysé."},{"cost":["Électrique","Incolore"],"name":"Destruction","effect":"Ce Pokémon s'inflige 50 dégâts.","damage":50}],"weaknesses":[{"type":"Combat","value":"×2"}],"resistances":[{"type":"Métal","value":"-20"}],"retreat":1,"legal":{"standard":false,"expanded":true}},{"category":"Pokémon","id":"xy12-38","illustrator":"Keiji Kinebuchi","image":"https://assets.tcgdex.net/fr/xy/xy12/38","localId":"38","name":"Magnéton","rarity":"Rare","set":{"cardCount":{"official":108,"total":113},"id":"xy12","logo":"https://assets.tcgdex.net/fr/xy/xy12/logo","name":"Évolutions","symbol":"https://assets.tcgdex.net/univ/xy/xy12/symbol"},"variants":{"firstEdition":false,"holo":true,"normal":true,"reverse":true,"wPromo":false},"dexId":[82],"hp":80,"types":["Électrique"],"evolveFrom":"Magnéti","stage":"Niveau 1","attacks":[{"cost":["Électrique","Incolore"],"name":"Cage-Éclair","effect":"Lancez une pièce. Si c'est face, le Pokémon Actif de votre adversaire est maintenant Paralysé.","damage":30},{"cost":["Électrique","Incolore","Incolore"],"name":"Destruction","effect":"Ce Pokémon s'inflige 80 dégâts.","damage":80}],"weaknesses":[{"type":"Combat","value":"×2"}],"resistances":[{"type":"Métal","value":"-20"}],"retreat":1,"legal":{"standard":false,"expanded":true}},{"category":"Pokémon","id":"xy12-39","illustrator":"Keiji Kinebuchi","image":"https://assets.tcgdex.net/fr/xy/xy12/39","localId":"39","name":"Voltorbe","rarity":"Commune","set":{"cardCount":{"official":108,"total":113},"id":"xy12","logo":"https://assets.tcgdex.net/fr/xy/xy12/logo","name":"Évolutions","symbol":"https://assets.tcgdex.net/univ/xy/xy12/symbol"},"variants":{"firstEdition":false,"holo":true,"normal":true,"reverse":true,"wPromo":false},"dexId":[100],"hp":60,"types":["Électrique"],"stage":"De base","attacks":[{"cost":["Incolore"],"name":"Roulade Continue","effect":"Lancez une pièce jusqu'à ce que vous obteniez un côté pile. Cette attaque inflige 10 dégâts multipliés par le nombre de côtés face.","damage":"10×"}],"weaknesses":[{"type":"Combat","value":"×2"}],"resistances":[{"type":"Métal","value":"-20"}],"retreat":1,"legal":{"standard":false,"expanded":true}},{"category":"Pokémon","id":"xy12-40","illustrator":"Keiji Kinebuchi","image":"https://assets.tcgdex.net/fr/xy/xy12/40","localId":"40","name":"Électrode","rarity":"Rare","set":{"cardCount":{"official":108,"total":113},"id":"xy12","logo":"https://assets.tcgdex.net/fr/xy/xy12/logo","name":"Évolutions","symbol":"https://assets.tcgdex.net/univ/xy/xy12/symbol"},"variants":{"firstEdition":false,"holo":true,"normal":true,"reverse":true,"wPromo":false},"dexId":[101],"hp":80,"types":["Électrique"],"evolveFrom":"Voltorbe","stage":"Niveau 1","abilities":[{"type":"Talent","name":"Tonnerre Buzzap","effect":"Une seule fois pendant votre tour (avant votre attaque), vous pouvez mettre K.O. ce Pokémon et l'attacher à l'un de vos Pokémon Lightning en tant que carte Énergie spéciale. Cette carte ne fournit 2 Énergies Lightning que pendant qu'elle est attachée à un Pokémon."}],"attacks":[{"cost":["Électrique","Électrique","Incolore"],"name":"Éclair Frontal","damage":70}],"weaknesses":[{"type":"Combat","value":"×2"}],"resistances":[{"type":"Métal","value":"-20"}],"retreat":1,"legal":{"standard":false,"expanded":true}},{"category":"Pokémon","id":"xy12-41","illustrator":"Ken Sugimori","image":"https://assets.tcgdex.net/fr/xy/xy12/41","localId":"41","name":"Élektek","rarity":"Commune","set":{"cardCount":{"official":108,"total":113},"id":"xy12","logo":"https://assets.tcgdex.net/fr/xy/xy12/logo","name":"Évolutions","symbol":"https://assets.tcgdex.net/univ/xy/xy12/symbol"},"variants":{"firstEdition":false,"holo":true,"normal":true,"reverse":true,"wPromo":false},"dexId":[125],"hp":70,"types":["Électrique"],"stage":"De base","attacks":[{"cost":["Électrique"],"name":"Éclair","effect":"Lancez une pièce. Si c'est face, le Pokémon Actif de votre adversaire est maintenant Paralysé.","damage":10},{"cost":["Électrique","Incolore"],"name":"Poing-Éclair","effect":"Lancez une pièce. Si c'est face, cette attaque inflige 10 dégâts supplémentaires. Si c'est pile, ce Pokémon s'inflige 10 dégâts.","damage":"30+"}],"weaknesses":[{"type":"Combat","value":"×2"}],"resistances":[{"type":"Métal","value":"-20"}],"retreat":2,"legal":{"standard":false,"expanded":true}},{"category":"Pokémon","id":"xy12-42","illustrator":"Ken Sugimori","image":"https://assets.tcgdex.net/fr/xy/xy12/42","localId":"42","name":"Électhor","rarity":"Rare","set":{"cardCount":{"official":108,"total":113},"id":"xy12","logo":"https://assets.tcgdex.net/fr/xy/xy12/logo","name":"Évolutions","symbol":"https://assets.tcgdex.net/univ/xy/xy12/symbol"},"variants":{"firstEdition":false,"holo":true,"normal":true,"reverse":true,"wPromo":false},"dexId":[145],"hp":110,"types":["Électrique"],"stage":"De base","attacks":[{"cost":["Électrique","Électrique","Incolore","Incolore"],"name":"Fatal-Foudre","effect":"Ce Pokémon s'inflige 30 dégâts.","damage":90},{"cost":["Électrique","Électrique","Électrique","Électrique"],"name":"Tonnerre","effect":"Défaussez toutes les Énergies attachées à ce Pokémon.","damage":170}],"resistances":[{"type":"Combat","value":"-20"}],"retreat":2,"legal":{"standard":false,"expanded":true}},{"category":"Pokémon","id":"xy12-43","illustrator":"Ken Sugimori","image":"https://assets.tcgdex.net/fr/xy/xy12/43","localId":"43","name":"Nidoran♂","rarity":"Commune","set":{"cardCount":{"official":108,"total":113},"id":"xy12","logo":"https://assets.tcgdex.net/fr/xy/xy12/logo","name":"Évolutions","symbol":"https://assets.tcgdex.net/univ/xy/xy12/symbol"},"variants":{"firstEdition":false,"holo":true,"normal":true,"reverse":true,"wPromo":false},"dexId":[32],"hp":60,"types":["Psy"],"stage":"De base","attacks":[{"cost":["Psy"],"name":"Entaille Double","effect":"Lancez 2 pièces. Cette attaque inflige 10 dégâts multipliés par le nombre de côtés face.","damage":"10×"}],"weaknesses":[{"type":"Psy","value":"×2"}],"retreat":1,"legal":{"standard":false,"expanded":true}},{"category":"Pokémon","id":"xy12-44","illustrator":"Mitsuhiro Arita","image":"https://assets.tcgdex.net/fr/xy/xy12/44","localId":"44","name":"Nidorino","rarity":"Peu Commune","set":{"cardCount":{"official":108,"total":113},"id":"xy12","logo":"https://assets.tcgdex.net/fr/xy/xy12/logo","name":"Évolutions","symbol":"https://assets.tcgdex.net/univ/xy/xy12/symbol"},"variants":{"firstEdition":false,"holo":true,"normal":true,"reverse":true,"wPromo":false},"dexId":[33],"hp":90,"types":["Psy"],"evolveFrom":"Nidoran♂","stage":"Niveau 1","attacks":[{"cost":["Psy"],"name":"Koud'Korne","damage":20},{"cost":["Incolore","Incolore","Incolore"],"name":"Furie","effect":"Lancez 3 pièces. Cette attaque inflige 30 dégâts multipliés par le nombre de côtés face.","damage":"30×"}],"weaknesses":[{"type":"Psy","value":"×2"}],"retreat":2,"legal":{"standard":false,"expanded":true}},{"category":"Pokémon","id":"xy12-45","illustrator":"Ken Sugimori","image":"https://assets.tcgdex.net/fr/xy/xy12/45","localId":"45","name":"Nidoking","rarity":"Rare","set":{"cardCount":{"official":108,"total":113},"id":"xy12","logo":"https://assets.tcgdex.net/fr/xy/xy12/logo","name":"Évolutions","symbol":"https://assets.tcgdex.net/univ/xy/xy12/symbol"},"variants":{"firstEdition":false,"holo":true,"normal":true,"reverse":true,"wPromo":false},"dexId":[34],"hp":150,"types":["Psy"],"evolveFrom":"Nidorino","stage":"Niveau 2","attacks":[{"cost":["Psy","Incolore"],"name":"Bagarre","effect":"Le Pokémon Défenseur ne peut pas battre en retraite pendant le prochain tour de votre adversaire.","damage":40},{"cost":["Psy","Psy","Incolore"],"name":"Balance Queue","effect":"Cette attaque inflige 20 dégâts à chacun des Pokémon de base sur le Banc de votre adversaire. (N'appliquez ni la Faiblesse ni la Résistance aux Pokémon de Banc.)","damage":100}],"weaknesses":[{"type":"Psy","value":"×2"}],"retreat":3,"legal":{"standard":false,"expanded":true}},{"category":"Pokémon","id":"xy12-46","illustrator":"5ban Graphics","image":"https://assets.tcgdex.net/fr/xy/xy12/46","localId":"46","name":"Nidoking TURBO","rarity":"Ultra Rare","set":{"cardCount":{"official":108,"total":113},"id":"xy12","logo":"https://assets.tcgdex.net/fr/xy/xy12/logo","name":"Évolutions","symbol":"https://assets.tcgdex.net/univ/xy/xy12/symbol"},"variants":{"firstEdition":false,"holo":true,"normal":true,"reverse":true,"wPromo":false},"dexId":[34],"hp":180,"types":["Psy"],"evolveFrom":"Nidoking","stage":"TURBO","attacks":[{"cost":["Psy","Psy","Incolore"],"name":"Perce Toxique","effect":"Le Pokémon Actif de votre adversaire est maintenant Empoisonné. Placez 2 marqueurs de dégâts au lieu d'un sur le Pokémon ciblé entre chaque tour.","damage":120}],"retreat":0,"legal":{"standard":false,"expanded":true}},{"category":"Pokémon","id":"xy12-47","illustrator":"Keiji Kinebuchi","image":"https://assets.tcgdex.net/fr/xy/xy12/47","localId":"47","name":"Fantominus","rarity":"Commune","set":{"cardCount":{"official":108,"total":113},"id":"xy12","logo":"https://assets.tcgdex.net/fr/xy/xy12/logo","name":"Évolutions","symbol":"https://assets.tcgdex.net/univ/xy/xy12/symbol"},"variants":{"firstEdition":false,"holo":true,"normal":true,"reverse":true,"wPromo":false},"dexId":[92],"hp":40,"types":["Psy"],"stage":"De base","attacks":[{"cost":["Psy"],"name":"Petite Rancune","effect":"Pendant le prochain tour de votre adversaire, si ce Pokémon est mis K.O. par les dégâts d'une attaque, défaussez une Énergie attachée au Pokémon Attaquant."},{"cost":["Psy","Incolore"],"name":"Cauchemar","effect":"Lancez une pièce. Si c'est face, le Pokémon Actif de votre adversaire est maintenant Endormi.","damage":20}],"weaknesses":[{"type":"Obscurité","value":"×2"}],"resistances":[{"type":"Combat","value":"-20"}],"retreat":1,"legal":{"standard":false,"expanded":true}},{"category":"Pokémon","id":"xy12-48","illustrator":"Keiji Kinebuchi","image":"https://assets.tcgdex.net/fr/xy/xy12/48","localId":"48","name":"Spectrum","rarity":"Peu Commune","set":{"cardCount":{"official":108,"total":113},"id":"xy12","logo":"https://assets.tcgdex.net/fr/xy/xy12/logo","name":"Évolutions","symbol":"https://assets.tcgdex.net/univ/xy/xy12/symbol"},"variants":{"firstEdition":false,"holo":true,"normal":true,"reverse":true,"wPromo":false},"dexId":[93],"hp":70,"types":["Psy"],"evolveFrom":"Fantominus","stage":"Niveau 1","attacks":[{"cost":["Psy"],"name":"Hypnose","effect":"Le Pokémon Actif de votre adversaire est maintenant Endormi."},{"cost":["Psy","Incolore"],"name":"Dévorêve","effect":"Si le Pokémon Actif de votre adversaire n'est pas Endormi, cette attaque ne fait rien.","damage":80}],"weaknesses":[{"type":"Obscurité","value":"×2"}],"resistances":[{"type":"Combat","value":"-20"}],"retreat":1,"legal":{"standard":false,"expanded":true}},{"category":"Pokémon","id":"xy12-49","illustrator":"Ken Sugimori","image":"https://assets.tcgdex.net/fr/xy/xy12/49","localId":"49","name":"Soporifik","rarity":"Commune","set":{"cardCount":{"official":108,"total":113},"id":"xy12","logo":"https://assets.tcgdex.net/fr/xy/xy12/logo","name":"Évolutions","symbol":"https://assets.tcgdex.net/univ/xy/xy12/symbol"},"variants":{"firstEdition":false,"holo":true,"normal":true,"reverse":true,"wPromo":false},"dexId":[96],"hp":60,"types":["Psy"],"stage":"De base","attacks":[{"cost":["Incolore"],"name":"Écras'Face","damage":10},{"cost":["Psy","Psy"],"name":"Onde Folie","effect":"Le Pokémon Actif de votre adversaire est maintenant Confus.","damage":10}],"weaknesses":[{"type":"Psy","value":"×2"}],"retreat":1,"legal":{"standard":false,"expanded":true}},{"category":"Pokémon","id":"xy12-50","illustrator":"Mitsuhiro Arita","image":"https://assets.tcgdex.net/fr/xy/xy12/50","localId":"50","name":"Smogo","rarity":"Peu Commune","set":{"cardCount":{"official":108,"total":113},"id":"xy12","logo":"https://assets.tcgdex.net/fr/xy/xy12/logo","name":"Évolutions","symbol":"https://assets.tcgdex.net/univ/xy/xy12/symbol"},"variants":{"firstEdition":false,"holo":true,"normal":true,"reverse":true,"wPromo":false},"dexId":[109],"hp":60,"types":["Psy"],"stage":"De base","attacks":[{"cost":["Psy","Psy"],"name":"Gaz Infect","effect":"Lancez une pièce. Si c'est face, le Pokémon Actif de votre adversaire est maintenant Empoisonné. Si c'est pile, le Pokémon Actif de votre adversaire est maintenant Confus.","damage":10}],"weaknesses":[{"type":"Psy","value":"×2"}],"retreat":1,"legal":{"standard":false,"expanded":true}},{"category":"Pokémon","id":"xy12-51","illustrator":"Ken Sugimori","image":"https://assets.tcgdex.net/fr/xy/xy12/51","localId":"51","name":"Mewtwo","rarity":"Rare","set":{"cardCount":{"official":108,"total":113},"id":"xy12","logo":"https://assets.tcgdex.net/fr/xy/xy12/logo","name":"Évolutions","symbol":"https://assets.tcgdex.net/univ/xy/xy12/symbol"},"variants":{"firstEdition":false,"holo":true,"normal":true,"reverse":true,"wPromo":false},"dexId":[150],"hp":130,"types":["Psy"],"stage":"De base","attacks":[{"cost":["Incolore","Incolore"],"name":"Psyko","effect":"Cette attaque inflige 20 dégâts supplémentaires pour chaque Énergie attachée au Pokémon Actif de votre adversaire.","damage":"20+"},{"cost":["Psy","Psy"],"name":"Bouclier","effect":"Pendant le prochain tour de votre adversaire, évitez tous les effets d'attaques, y compris les dégâts, infligés à ce Pokémon. Si l'un de vos Pokémon a utilisé Bouclier lors de votre dernier tour, cette attaque ne peut pas être utilisée."}],"weaknesses":[{"type":"Psy","value":"×2"}],"retreat":2,"legal":{"standard":false,"expanded":true}},{"category":"Pokémon","id":"xy12-52","illustrator":"Eske Yoshinob","image":"https://assets.tcgdex.net/fr/xy/xy12/52","localId":"52","name":"Mewtwo EX","rarity":"Ultra Rare","set":{"cardCount":{"official":108,"total":113},"id":"xy12","logo":"https://assets.tcgdex.net/fr/xy/xy12/logo","name":"Évolutions","symbol":"https://assets.tcgdex.net/univ/xy/xy12/symbol"},"variants":{"firstEdition":false,"holo":true,"normal":true,"reverse":true,"wPromo":false},"dexId":[150],"hp":180,"types":["Psy"],"stage":"De base","suffix":"EX","attacks":[{"cost":["Incolore"],"name":"Absorption d'énergie","effect":"Attachez une carte Énergie de votre pile de défausse à ce Pokémon."},{"cost":["Psy"],"name":"Rétablissement","effect":"Soignez 60 dégâts à ce Pokémon."},{"cost":["Psy","Incolore","Incolore","Incolore"],"name":"Brûlure Psy","damage":110}],"weaknesses":[{"type":"Psy","value":"×2"}],"retreat":2,"legal":{"standard":false,"expanded":true}},{"category":"Pokémon","id":"xy12-53","illustrator":"Ken Sugimori","image":"https://assets.tcgdex.net/fr/xy/xy12/53","localId":"53","name":"Mew","rarity":"Rare","set":{"cardCount":{"official":108,"total":113},"id":"xy12","logo":"https://assets.tcgdex.net/fr/xy/xy12/logo","name":"Évolutions","symbol":"https://assets.tcgdex.net/univ/xy/xy12/symbol"},"variants":{"firstEdition":false,"holo":true,"normal":true,"reverse":true,"wPromo":false},"dexId":[151],"hp":40,"types":["Psy"],"stage":"De base","abilities":[{"type":"Talent","name":"Bouclier Neutre","effect":"Évitez tous les effets d'attaques, y compris les dégâts, infligés à ce Pokémon par les Pokémon Évolutifs de votre adversaire."}],"attacks":[{"cost":["Psy","Incolore"],"name":"Choc Mental","effect":"Lancez une pièce. Si c'est face, le Pokémon Actif de votre adversaire est maintenant Paralysé.","damage":30}],"weaknesses":[{"type":"Psy","value":"×2"}],"retreat":1,"legal":{"standard":false,"expanded":true}},{"category":"Pokémon","id":"xy12-54","illustrator":"Ken Sugimori","image":"https://assets.tcgdex.net/fr/xy/xy12/54","localId":"54","name":"Sabelette","rarity":"Commune","set":{"cardCount":{"official":108,"total":113},"id":"xy12","logo":"https://assets.tcgdex.net/fr/xy/xy12/logo","name":"Évolutions","symbol":"https://assets.tcgdex.net/univ/xy/xy12/symbol"},"variants":{"firstEdition":false,"holo":true,"normal":true,"reverse":true,"wPromo":false},"dexId":[27],"hp":60,"types":["Combat"],"stage":"De base","attacks":[{"cost":["Combat"],"name":"Jet de Sable","effect":"Si le Pokémon Défenseur essaie d'attaquer pendant le prochain tour de votre adversaire, ce dernier lance une pièce. Si c'est pile, son attaque ne fait rien.","damage":10}],"weaknesses":[{"type":"Plante","value":"×2"}],"retreat":1,"legal":{"standard":false,"expanded":true}},{"category":"Pokémon","id":"xy12-55","illustrator":"Keiji Kinebuchi","image":"https://assets.tcgdex.net/fr/xy/xy12/55","localId":"55","name":"Taupiqueur","rarity":"Commune","set":{"cardCount":{"official":108,"total":113},"id":"xy12","logo":"https://assets.tcgdex.net/fr/xy/xy12/logo","name":"Évolutions","symbol":"https://assets.tcgdex.net/univ/xy/xy12/symbol"},"variants":{"firstEdition":false,"holo":true,"normal":true,"reverse":true,"wPromo":false},"dexId":[50],"hp":40,"types":["Combat"],"stage":"De base","abilities":[{"type":"Talent","name":"Submerger","effect":"Tant que ce Pokémon est sur votre Banc, évitez tous les dégâts infligés à ce Pokémon par des attaques (les vôtres et celles de votre adversaire)."}],"attacks":[{"cost":["Combat","Incolore"],"name":"Tunnel Profond","effect":"Cette attaque inflige 30 dégâts à l'un des Pokémon de Banc de votre adversaire. (N'appliquez ni la Faiblesse ni la Résistance aux Pokémon de Banc.)"}],"weaknesses":[{"type":"Plante","value":"×2"}],"retreat":1,"legal":{"standard":false,"expanded":true}},{"category":"Pokémon","id":"xy12-56","illustrator":"Keiji Kinebuchi","image":"https://assets.tcgdex.net/fr/xy/xy12/56","localId":"56","name":"Triopikeur","rarity":"Rare","set":{"cardCount":{"official":108,"total":113},"id":"xy12","logo":"https://assets.tcgdex.net/fr/xy/xy12/logo","name":"Évolutions","symbol":"https://assets.tcgdex.net/univ/xy/xy12/symbol"},"variants":{"firstEdition":false,"holo":true,"normal":true,"reverse":true,"wPromo":false},"dexId":[51],"hp":90,"types":["Combat"],"evolveFrom":"Taupiqueur","stage":"Niveau 1","attacks":[{"cost":["Incolore","Incolore"],"name":"Tranche","damage":40},{"cost":["Combat","Combat","Combat"],"name":"Séisme","effect":"Cette attaque inflige 20 dégâts à chacun de vos Pokémon de Banc. (N'appliquez ni la Faiblesse ni la Résistance aux Pokémon de Banc.)","damage":130}],"weaknesses":[{"type":"Plante","value":"×2"}],"retreat":1,"legal":{"standard":false,"expanded":true}},{"category":"Pokémon","id":"xy12-57","illustrator":"Mitsuhiro Arita","image":"https://assets.tcgdex.net/fr/xy/xy12/57","localId":"57","name":"Machoc","rarity":"Commune","set":{"cardCount":{"official":108,"total":113},"id":"xy12","logo":"https://assets.tcgdex.net/fr/xy/xy12/logo","name":"Évolutions","symbol":"https://assets.tcgdex.net/univ/xy/xy12/symbol"},"variants":{"firstEdition":false,"holo":true,"normal":true,"reverse":true,"wPromo":false},"dexId":[66],"hp":70,"types":["Combat"],"stage":"De base","attacks":[{"cost":["Combat","Combat"],"name":"Double Baffe","effect":"Lancez 2 pièces. Cette attaque inflige 20 dégâts multipliés par le nombre de côtés face.","damage":"20×"}],"weaknesses":[{"type":"Psy","value":"×2"}],"retreat":2,"legal":{"standard":false,"expanded":true}},{"category":"Pokémon","id":"xy12-58","illustrator":"Ken Sugimori","image":"https://assets.tcgdex.net/fr/xy/xy12/58","localId":"58","name":"Machopeur","rarity":"Peu Commune","set":{"cardCount":{"official":108,"total":113},"id":"xy12","logo":"https://assets.tcgdex.net/fr/xy/xy12/logo","name":"Évolutions","symbol":"https://assets.tcgdex.net/univ/xy/xy12/symbol"},"variants":{"firstEdition":false,"holo":true,"normal":true,"reverse":true,"wPromo":false},"dexId":[67],"hp":90,"types":["Combat"],"evolveFrom":"Machoc","stage":"Niveau 1","attacks":[{"cost":["Combat","Combat"],"name":"Poing-Karaté","effect":"Cette attaque inflige 60 dégâts moins 10 dégâts pour chaque marqueur de dégâts placé sur ce Pokémon.","damage":"60−"},{"cost":["Combat","Combat","Combat"],"name":"Sacrifice","effect":"Ce Pokémon s'inflige 20 dégâts.","damage":80}],"weaknesses":[{"type":"Psy","value":"×2"}],"retreat":2,"legal":{"standard":false,"expanded":true}},{"category":"Pokémon","id":"xy12-59","illustrator":"Ken Sugimori","image":"https://assets.tcgdex.net/fr/xy/xy12/59","localId":"59","name":"Mackogneur","rarity":"Rare","set":{"cardCount":{"official":108,"total":113},"id":"xy12","logo":"https://assets.tcgdex.net/fr/xy/xy12/logo","name":"Évolutions","symbol":"https://assets.tcgdex.net/univ/xy/xy12/symbol"},"variants":{"firstEdition":false,"holo":true,"normal":true,"reverse":true,"wPromo":false},"dexId":[68],"hp":160,"types":["Combat"],"evolveFrom":"Machopeur","stage":"Niveau 2","abilities":[{"type":"Talent","name":"Contre-Attaque","effect":"Si ce Pokémon est votre Pokémon Actif et qu'il subit les dégâts d'une attaque de votre adversaire (même si ce Pokémon est mis K.O.), placez 3 marqueurs de dégâts sur le Pokémon Attaquant."}],"attacks":[{"cost":["Combat","Combat","Combat"],"name":"Frappe Atlas","damage":120}],"weaknesses":[{"type":"Psy","value":"×2"}],"retreat":2,"legal":{"standard":false,"expanded":true}},{"category":"Pokémon","id":"xy12-60","illustrator":"5ban Graphics","image":"https://assets.tcgdex.net/fr/xy/xy12/60","localId":"60","name":"Mackogneur TURBO","rarity":"Ultra Rare","set":{"cardCount":{"official":108,"total":113},"id":"xy12","logo":"https://assets.tcgdex.net/fr/xy/xy12/logo","name":"Évolutions","symbol":"https://assets.tcgdex.net/univ/xy/xy12/symbol"},"variants":{"firstEdition":false,"holo":true,"normal":true,"reverse":true,"wPromo":false},"dexId":[68],"hp":190,"types":["Combat"],"evolveFrom":"Mackogneur","stage":"TURBO","attacks":[{"cost":["Combat","Combat","Combat"],"name":"Lasso Boomerang","effect":"Pendant votre prochain tour, les attaques de ce Pokémon infligent 100 dégâts supplémentaires au Pokémon Actif de votre adversaire (avant application de la Faiblesse et de la Résistance).","damage":100}],"retreat":0,"legal":{"standard":false,"expanded":true}},{"category":"Pokémon","id":"xy12-61","illustrator":"Ken Sugimori","image":"https://assets.tcgdex.net/fr/xy/xy12/61","localId":"61","name":"Onix","rarity":"Commune","set":{"cardCount":{"official":108,"total":113},"id":"xy12","logo":"https://assets.tcgdex.net/fr/xy/xy12/logo","name":"Évolutions","symbol":"https://assets.tcgdex.net/univ/xy/xy12/symbol"},"variants":{"firstEdition":false,"holo":true,"normal":true,"reverse":true,"wPromo":false},"dexId":[95],"hp":100,"types":["Combat"],"stage":"De base","attacks":[{"cost":["Combat"],"name":"Armure","effect":"Pendant le prochain tour de votre adversaire, si ce Pokémon doit subir les dégâts d'une attaque, évitez les dégâts infligés à ce Pokémon si ces dégâts sont de 60 ou moins."},{"cost":["Combat","Combat"],"name":"Jet-Pierres","damage":40}],"weaknesses":[{"type":"Plante","value":"×2"}],"retreat":3,"legal":{"standard":false,"expanded":true}},{"category":"Pokémon","id":"xy12-62","illustrator":"Ken Sugimori","image":"https://assets.tcgdex.net/fr/xy/xy12/62","localId":"62","name":"Tygnon","rarity":"Rare","set":{"cardCount":{"official":108,"total":113},"id":"xy12","logo":"https://assets.tcgdex.net/fr/xy/xy12/logo","name":"Évolutions","symbol":"https://assets.tcgdex.net/univ/xy/xy12/symbol"},"variants":{"firstEdition":false,"holo":true,"normal":true,"reverse":true,"wPromo":false},"dexId":[107],"hp":90,"types":["Combat"],"stage":"De base","attacks":[{"cost":["Combat"],"name":"Taquet","damage":30},{"cost":["Combat","Combat","Incolore"],"name":"Punch spécial","damage":90}],"weaknesses":[{"type":"Psy","value":"×2"}],"retreat":2,"legal":{"standard":false,"expanded":true}},{"category":"Pokémon","id":"xy12-63","illustrator":"Ken Sugimori","image":"https://assets.tcgdex.net/fr/xy/xy12/63","localId":"63","name":"Mélofée","rarity":"Rare","set":{"cardCount":{"official":108,"total":113},"id":"xy12","logo":"https://assets.tcgdex.net/fr/xy/xy12/logo","name":"Évolutions","symbol":"https://assets.tcgdex.net/univ/xy/xy12/symbol"},"variants":{"firstEdition":false,"holo":true,"normal":true,"reverse":true,"wPromo":false},"dexId":[35],"hp":40,"types":["Fée"],"stage":"De base","attacks":[{"cost":["Incolore"],"name":"Berceuse","effect":"Lancez une pièce. Si c'est face, le Pokémon Actif de votre adversaire est maintenant Endormi."},{"cost":["Incolore","Incolore","Incolore"],"name":"Métronome","effect":"Choisissez l'une des attaques du Pokémon Actif de votre adversaire et utilisez-la en tant que cette attaque."}],"weaknesses":[{"type":"Métal","value":"×2"}],"resistances":[{"type":"Obscurité","value":"-20"}],"retreat":1,"legal":{"standard":false,"expanded":true}},{"category":"Pokémon","id":"xy12-64","illustrator":"Eske Yoshinob","image":"https://assets.tcgdex.net/fr/xy/xy12/64","localId":"64","name":"Roucarnage EX","rarity":"Ultra Rare","set":{"cardCount":{"official":108,"total":113},"id":"xy12","logo":"https://assets.tcgdex.net/fr/xy/xy12/logo","name":"Évolutions","symbol":"https://assets.tcgdex.net/univ/xy/xy12/symbol"},"variants":{"firstEdition":false,"holo":true,"normal":true,"reverse":true,"wPromo":false},"dexId":[18],"hp":170,"types":["Incolore"],"stage":"De base","suffix":"EX","attacks":[{"cost":["Incolore"],"name":"Mimique","effect":"Si ce Pokémon a subi les dégâts d'une attaque pendant le dernier tour de votre adversaire, cette attaque inflige la même quantité de dégâts au Pokémon Actif de votre adversaire."},{"cost":["Incolore","Incolore","Incolore"],"name":"Lance Plume","effect":"Cette attaque inflige 20 dégâts à l'un des Pokémon de Banc de votre adversaire. (N'appliquez ni la Faiblesse ni la Résistance aux Pokémon de Banc.)","damage":80}],"weaknesses":[{"type":"Électrique","value":"×2"}],"resistances":[{"type":"Combat","value":"-20"}],"retreat":1,"legal":{"standard":false,"expanded":true}},{"category":"Pokémon","id":"xy12-65","illustrator":"5ban Graphics","image":"https://assets.tcgdex.net/fr/xy/xy12/65","localId":"65","name":"M-Roucarnage EX","rarity":"Ultra Rare","set":{"cardCount":{"official":108,"total":113},"id":"xy12","logo":"https://assets.tcgdex.net/fr/xy/xy12/logo","name":"Évolutions","symbol":"https://assets.tcgdex.net/univ/xy/xy12/symbol"},"variants":{"firstEdition":false,"holo":true,"normal":true,"reverse":true,"wPromo":false},"dexId":[18],"hp":220,"types":["Incolore"],"evolveFrom":"Roucarnage-EX","stage":"MÉGA","suffix":"EX","attacks":[{"cost":["Incolore","Incolore","Incolore"],"name":"Mach Cyclone","effect":"Vous pouvez demander à votre adversaire d'échanger son Pokémon Actif avec l'un de ses Pokémon de Banc.","damage":130}],"weaknesses":[{"type":"Électrique","value":"×2"}],"resistances":[{"type":"Combat","value":"-20"}],"retreat":0,"legal":{"standard":false,"expanded":true}},{"category":"Pokémon","id":"xy12-66","illustrator":"Mitsuhiro Arita","image":"https://assets.tcgdex.net/fr/xy/xy12/66","localId":"66","name":"Rattata","rarity":"Commune","set":{"cardCount":{"official":108,"total":113},"id":"xy12","logo":"https://assets.tcgdex.net/fr/xy/xy12/logo","name":"Évolutions","symbol":"https://assets.tcgdex.net/univ/xy/xy12/symbol"},"variants":{"firstEdition":false,"holo":true,"normal":true,"reverse":true,"wPromo":false},"dexId":[19],"hp":40,"types":["Incolore"],"stage":"De base","abilities":[{"type":"Talent","name":"Croc Facétieux","effect":"Lorsque vous jouez ce Pokémon de votre main sur votre Banc, vous pouvez défausser toutes les cartes Outil Pokémon attachées au Pokémon Actif de votre adversaire."}],"attacks":[{"cost":["Incolore"],"name":"Morsure","damage":10}],"weaknesses":[{"type":"Combat","value":"×2"}],"retreat":1,"legal":{"standard":false,"expanded":true}},{"category":"Pokémon","id":"xy12-67","illustrator":"Ken Sugimori","image":"https://assets.tcgdex.net/fr/xy/xy12/67","localId":"67","name":"Rattatac","rarity":"Rare","set":{"cardCount":{"official":108,"total":113},"id":"xy12","logo":"https://assets.tcgdex.net/fr/xy/xy12/logo","name":"Évolutions","symbol":"https://assets.tcgdex.net/univ/xy/xy12/symbol"},"variants":{"firstEdition":false,"holo":true,"normal":true,"reverse":true,"wPromo":false},"dexId":[20],"hp":60,"types":["Incolore"],"evolveFrom":"Rattata","stage":"Niveau 1","attacks":[{"cost":["Incolore"],"name":"Mâchouille","effect":"Défaussez une Énergie attachée au Pokémon Actif de votre adversaire.","damage":10},{"cost":["Incolore"],"name":"Morsure d'Ombre","effect":"Cette attaque inflige 60 dégâts multipliés par le nombre de cartes Énergie spéciale dans la pile de défausse de votre adversaire.","damage":"60×"}],"weaknesses":[{"type":"Combat","value":"×2"}],"retreat":1,"legal":{"standard":false,"expanded":true}},{"category":"Pokémon","id":"xy12-68","illustrator":"Ken Sugimori","image":"https://assets.tcgdex.net/fr/xy/xy12/68","localId":"68","name":"Canarticho","rarity":"Rare","set":{"cardCount":{"official":108,"total":113},"id":"xy12","logo":"https://assets.tcgdex.net/fr/xy/xy12/logo","name":"Évolutions","symbol":"https://assets.tcgdex.net/univ/xy/xy12/symbol"},"variants":{"firstEdition":false,"holo":true,"normal":true,"reverse":true,"wPromo":false},"dexId":[83],"hp":70,"types":["Incolore"],"stage":"De base","attacks":[{"cost":["Incolore"],"name":"Coup d'oignon","effect":"Ce Pokémon ne peut pas utiliser Coup d'Oignon pendant votre prochain tour.","damage":50},{"cost":["Incolore","Incolore","Incolore"],"name":"Coup de Casserole","damage":50}],"weaknesses":[{"type":"Électrique","value":"×2"}],"resistances":[{"type":"Combat","value":"-20"}],"retreat":1,"legal":{"standard":false,"expanded":true}},{"category":"Pokémon","id":"xy12-69","illustrator":"Mitsuhiro Arita","image":"https://assets.tcgdex.net/fr/xy/xy12/69","localId":"69","name":"Doduo","rarity":"Commune","set":{"cardCount":{"official":108,"total":113},"id":"xy12","logo":"https://assets.tcgdex.net/fr/xy/xy12/logo","name":"Évolutions","symbol":"https://assets.tcgdex.net/univ/xy/xy12/symbol"},"variants":{"firstEdition":false,"holo":true,"normal":true,"reverse":true,"wPromo":false},"dexId":[84],"hp":60,"types":["Incolore"],"stage":"De base","attacks":[{"cost":["Incolore"],"name":"Furie","effect":"Lancez 3 pièces. Cette attaque inflige 10 dégâts multipliés par le nombre de côtés face.","damage":"10×"}],"weaknesses":[{"type":"Électrique","value":"×2"}],"resistances":[{"type":"Combat","value":"-20"}],"retreat":1,"legal":{"standard":false,"expanded":true}},{"category":"Pokémon","id":"xy12-70","illustrator":"Ken Sugimori","image":"https://assets.tcgdex.net/fr/xy/xy12/70","localId":"70","name":"Leveinard","rarity":"Rare","set":{"cardCount":{"official":108,"total":113},"id":"xy12","logo":"https://assets.tcgdex.net/fr/xy/xy12/logo","name":"Évolutions","symbol":"https://assets.tcgdex.net/univ/xy/xy12/symbol"},"variants":{"firstEdition":false,"holo":true,"normal":true,"reverse":true,"wPromo":false},"dexId":[113],"hp":120,"types":["Incolore"],"stage":"De base","attacks":[{"cost":["Incolore","Incolore"],"name":"Compresse","effect":"Lancez une pièce. Si c'est face, évitez tous les dégâts infligés à ce Pokémon par des attaques pendant le prochain tour de votre adversaire."},{"cost":["Incolore","Incolore","Incolore","Incolore"],"name":"Damoclès","effect":"Ce Pokémon s'inflige 80 dégâts.","damage":80}],"weaknesses":[{"type":"Combat","value":"×2"}],"retreat":3,"legal":{"standard":false,"expanded":true}},{"category":"Pokémon","id":"xy12-71","illustrator":"Tomoaki Imakuni","image":"https://assets.tcgdex.net/fr/xy/xy12/71","localId":"71","name":"Porygon","rarity":"Peu Commune","set":{"cardCount":{"official":108,"total":113},"id":"xy12","logo":"https://assets.tcgdex.net/fr/xy/xy12/logo","name":"Évolutions","symbol":"https://assets.tcgdex.net/univ/xy/xy12/symbol"},"variants":{"firstEdition":false,"holo":true,"normal":true,"reverse":true,"wPromo":false},"dexId":[137],"hp":60,"types":["Incolore"],"stage":"De base","attacks":[{"cost":["Incolore"],"name":"Conversion 3","effect":"Choisissez le type Grass, Fire, Water, Lightning, Psychic, Fighting, Darkness, Metal, Fairy ou Dragon. La Faiblesse du Pokémon Défenseur est maintenant de ce type jusqu'à la fin de votre prochain tour. (La valeur de la Faiblesse ne change pas.)"}],"weaknesses":[{"type":"Combat","value":"×2"}],"retreat":1,"legal":{"standard":false,"expanded":true}},{"category":"Pokémon","id":"xy12-72","illustrator":"Ayaka Yoshida","image":"https://assets.tcgdex.net/fr/xy/xy12/72","localId":"72","name":"Dracolosse EX","rarity":"Ultra Rare","set":{"cardCount":{"official":108,"total":113},"id":"xy12","logo":"https://assets.tcgdex.net/fr/xy/xy12/logo","name":"Évolutions","symbol":"https://assets.tcgdex.net/univ/xy/xy12/symbol"},"variants":{"firstEdition":false,"holo":true,"normal":true,"reverse":true,"wPromo":false},"dexId":[149],"hp":180,"types":["Incolore"],"stage":"De base","suffix":"EX","abilities":[{"type":"Talent","name":"Élévation","effect":"Lorsque vous jouez ce Pokémon de votre main sur votre Banc, vous pouvez ajouter 2 Pokémon de base (sauf Dracolosse-EX) de votre pile de défausse à votre main."}],"attacks":[{"cost":["Incolore","Incolore","Incolore","Incolore"],"name":"Ultralaser","effect":"Défaussez une Énergie attachée au Pokémon Actif de votre adversaire.","damage":130}],"weaknesses":[{"type":"Électrique","value":"×2"}],"resistances":[{"type":"Combat","value":"-20"}],"retreat":3,"legal":{"standard":false,"expanded":true}},{"category":"Dresseur","id":"xy12-73","illustrator":"5ban Graphics","image":"https://assets.tcgdex.net/fr/xy/xy12/73","localId":"73","name":"Lien Spirituel Tortank","rarity":"Peu Commune","set":{"cardCount":{"official":108,"total":113},"id":"xy12","logo":"https://assets.tcgdex.net/fr/xy/xy12/logo","name":"Évolutions","symbol":"https://assets.tcgdex.net/univ/xy/xy12/symbol"},"variants":{"firstEdition":false,"holo":true,"normal":true,"reverse":true,"wPromo":false},"effect":"Votre tour ne se termine pas si le Pokémon auquel cette carte est attachée devient M-Tortank-EX.","trainerType":"Outil","legal":{"standard":false,"expanded":true}},{"category":"Dresseur","id":"xy12-74","illustrator":"Ken Sugimori","image":"https://assets.tcgdex.net/fr/xy/xy12/74","localId":"74","name":"Vaillance de Pierre","rarity":"Peu Commune","set":{"cardCount":{"official":108,"total":113},"id":"xy12","logo":"https://assets.tcgdex.net/fr/xy/xy12/logo","name":"Évolutions","symbol":"https://assets.tcgdex.net/univ/xy/xy12/symbol"},"variants":{"firstEdition":false,"holo":true,"normal":true,"reverse":true,"wPromo":false},"effect":"Choisissez une combinaison de 6 cartes de Pokémon et d'Énergies de base dans votre pile de défausse et mélangez-les avec votre deck.","trainerType":"Supporter","legal":{"standard":false,"expanded":true}},{"category":"Dresseur","id":"xy12-75","illustrator":"5ban Graphics","image":"https://assets.tcgdex.net/fr/xy/xy12/75","localId":"75","name":"Lien Spirituel Dracaufeu","rarity":"Peu Commune","set":{"cardCount":{"official":108,"total":113},"id":"xy12","logo":"https://assets.tcgdex.net/fr/xy/xy12/logo","name":"Évolutions","symbol":"https://assets.tcgdex.net/univ/xy/xy12/symbol"},"variants":{"firstEdition":false,"holo":true,"normal":true,"reverse":true,"wPromo":false},"effect":"Votre tour ne se termine pas si le Pokémon auquel cette carte est attachée devient M-Dracaufeu-EX.","trainerType":"Outil","legal":{"standard":false,"expanded":true}},{"category":"Dresseur","id":"xy12-76","illustrator":"Keiji Kinebuchi","image":"https://assets.tcgdex.net/fr/xy/xy12/76","localId":"76","name":"Spray Dés-Évoluant","rarity":"Peu Commune","set":{"cardCount":{"official":108,"total":113},"id":"xy12","logo":"https://assets.tcgdex.net/fr/xy/xy12/logo","name":"Évolutions","symbol":"https://assets.tcgdex.net/univ/xy/xy12/symbol"},"variants":{"firstEdition":false,"holo":true,"normal":true,"reverse":true,"wPromo":false},"effect":"Faites dés-évoluer l'un de vos Pokémon évolués et mettez sa carte Évolution de plus haut Niveau dans votre main. (Le Pokémon choisi ne peut pas évoluer pendant ce tour.)","trainerType":"Objet","legal":{"standard":false,"expanded":true}},{"category":"Dresseur","id":"xy12-77","illustrator":"Keiji Kinebuchi","image":"https://assets.tcgdex.net/fr/xy/xy12/77","localId":"77","name":"Récupération d'Énergie","rarity":"Peu Commune","set":{"cardCount":{"official":108,"total":113},"id":"xy12","logo":"https://assets.tcgdex.net/fr/xy/xy12/logo","name":"Évolutions","symbol":"https://assets.tcgdex.net/univ/xy/xy12/symbol"},"variants":{"firstEdition":false,"holo":true,"normal":true,"reverse":true,"wPromo":false},"effect":"Prenez 2 cartes Énergie de base dans votre pile de défausse et ajoutez-les à votre main.","trainerType":"Objet","legal":{"standard":false,"expanded":true}},{"category":"Dresseur","id":"xy12-78","illustrator":"Keiji Kinebuchi","image":"https://assets.tcgdex.net/fr/xy/xy12/78","localId":"78","name":"Total Soin","rarity":"Peu Commune","set":{"cardCount":{"official":108,"total":113},"id":"xy12","logo":"https://assets.tcgdex.net/fr/xy/xy12/logo","name":"Évolutions","symbol":"https://assets.tcgdex.net/univ/xy/xy12/symbol"},"variants":{"firstEdition":false,"holo":true,"normal":true,"reverse":true,"wPromo":false},"effect":"Retirez tous les États Spéciaux de votre Pokémon Actif.","trainerType":"Objet","legal":{"standard":false,"expanded":true}},{"category":"Dresseur","id":"xy12-79","illustrator":"Keiji Kinebuchi","image":"https://assets.tcgdex.net/fr/xy/xy12/79","localId":"79","name":"Entretien","rarity":"Peu Commune","set":{"cardCount":{"official":108,"total":113},"id":"xy12","logo":"https://assets.tcgdex.net/fr/xy/xy12/logo","name":"Évolutions","symbol":"https://assets.tcgdex.net/univ/xy/xy12/symbol"},"variants":{"firstEdition":false,"holo":true,"normal":true,"reverse":true,"wPromo":false},"effect":"Mélangez 2 cartes de votre main avec votre deck. (Si vous ne pouvez pas mélanger 2 cartes avec votre deck, vous ne pouvez pas jouer cette carte.) Ensuite, piochez une carte.","trainerType":"Objet","legal":{"standard":false,"expanded":true}},{"category":"Dresseur","id":"xy12-80","illustrator":"Ken Sugimori","image":"https://assets.tcgdex.net/fr/xy/xy12/80","localId":"80","name":"Détermination d'Ondine","rarity":"Peu Commune","set":{"cardCount":{"official":108,"total":113},"id":"xy12","logo":"https://assets.tcgdex.net/fr/xy/xy12/logo","name":"Évolutions","symbol":"https://assets.tcgdex.net/univ/xy/xy12/symbol"},"variants":{"firstEdition":false,"holo":true,"normal":true,"reverse":true,"wPromo":false},"effect":"Défaussez une carte de votre main. Dans ce cas, regardez les 8 cartes du dessus de votre deck et ajoutez l'une d'entre elles à votre main. Mélangez les autres cartes avec votre deck.","trainerType":"Supporter","legal":{"standard":false,"expanded":true}},{"category":"Dresseur","id":"xy12-81","illustrator":"5ban Graphics","image":"https://assets.tcgdex.net/fr/xy/xy12/81","localId":"81","name":"Lien Spirituel Roucarnage","rarity":"Peu Commune","set":{"cardCount":{"official":108,"total":113},"id":"xy12","logo":"https://assets.tcgdex.net/fr/xy/xy12/logo","name":"Évolutions","symbol":"https://assets.tcgdex.net/univ/xy/xy12/symbol"},"variants":{"firstEdition":false,"holo":true,"normal":true,"reverse":true,"wPromo":false},"effect":"Votre tour ne se termine pas si le Pokémon auquel cette carte est attachée devient M-Roucarnage-EX.","trainerType":"Outil","legal":{"standard":false,"expanded":true}},{"category":"Dresseur","id":"xy12-82","illustrator":"Keiji Kinebuchi","image":"https://assets.tcgdex.net/fr/xy/xy12/82","localId":"82","name":"Pokédex","rarity":"Peu Commune","set":{"cardCount":{"official":108,"total":113},"id":"xy12","logo":"https://assets.tcgdex.net/fr/xy/xy12/logo","name":"Évolutions","symbol":"https://assets.tcgdex.net/univ/xy/xy12/symbol"},"variants":{"firstEdition":false,"holo":true,"normal":true,"reverse":true,"wPromo":false},"effect":"Regardez les 5 cartes du dessus de votre deck et replacez-les dans l'ordre de votre choix.","trainerType":"Objet","legal":{"standard":false,"expanded":true}},{"category":"Dresseur","id":"xy12-83","illustrator":"Keiji Kinebuchi","image":"https://assets.tcgdex.net/fr/xy/xy12/83","localId":"83","name":"Potion","rarity":"Peu Commune","set":{"cardCount":{"official":108,"total":113},"id":"xy12","logo":"https://assets.tcgdex.net/fr/xy/xy12/logo","name":"Évolutions","symbol":"https://assets.tcgdex.net/univ/xy/xy12/symbol"},"variants":{"firstEdition":false,"holo":true,"normal":true,"reverse":true,"wPromo":false},"effect":"Soignez 30 dégâts à l'un de vos Pokémon.","trainerType":"Objet","legal":{"standard":false,"expanded":true}},{"category":"Dresseur","id":"xy12-84","illustrator":"Ken Sugimori","image":"https://assets.tcgdex.net/fr/xy/xy12/84","localId":"84","name":"Indice du Prof. Chen","rarity":"Peu Commune","set":{"cardCount":{"official":108,"total":113},"id":"xy12","logo":"https://assets.tcgdex.net/fr/xy/xy12/logo","name":"Évolutions","symbol":"https://assets.tcgdex.net/univ/xy/xy12/symbol"},"variants":{"firstEdition":false,"holo":true,"normal":true,"reverse":true,"wPromo":false},"effect":"Piochez des cartes jusqu'à ce que vous ayez 7 cartes en main. Votre tour se termine.","trainerType":"Supporter","legal":{"standard":false,"expanded":true}},{"category":"Dresseur","id":"xy12-85","illustrator":"Keiji Kinebuchi","image":"https://assets.tcgdex.net/fr/xy/xy12/85","localId":"85","name":"Rappel","rarity":"Peu Commune","set":{"cardCount":{"official":108,"total":113},"id":"xy12","logo":"https://assets.tcgdex.net/fr/xy/xy12/logo","name":"Évolutions","symbol":"https://assets.tcgdex.net/univ/xy/xy12/symbol"},"variants":{"firstEdition":false,"holo":true,"normal":true,"reverse":true,"wPromo":false},"effect":"Prenez un Pokémon de base dans votre pile de défausse et placez-le sur votre Banc.","trainerType":"Objet","legal":{"standard":false,"expanded":true}},{"category":"Dresseur","id":"xy12-86","illustrator":"5ban Graphics","image":"https://assets.tcgdex.net/fr/xy/xy12/86","localId":"86","name":"Lien Spirituel Flagadoss","rarity":"Peu Commune","set":{"cardCount":{"official":108,"total":113},"id":"xy12","logo":"https://assets.tcgdex.net/fr/xy/xy12/logo","name":"Évolutions","symbol":"https://assets.tcgdex.net/univ/xy/xy12/symbol"},"variants":{"firstEdition":false,"holo":true,"normal":true,"reverse":true,"wPromo":false},"effect":"Votre tour ne se termine pas si le Pokémon auquel cette carte est attachée devient M-Flagadoss-EX.","trainerType":"Outil","legal":{"standard":false,"expanded":true}},{"category":"Dresseur","id":"xy12-87","illustrator":"Keiji Kinebuchi","image":"https://assets.tcgdex.net/fr/xy/xy12/87","localId":"87","name":"Super Potion","rarity":"Peu Commune","set":{"cardCount":{"official":108,"total":113},"id":"xy12","logo":"https://assets.tcgdex.net/fr/xy/xy12/logo","name":"Évolutions","symbol":"https://assets.tcgdex.net/univ/xy/xy12/symbol"},"variants":{"firstEdition":false,"holo":true,"normal":true,"reverse":true,"wPromo":false},"effect":"Soignez 60 dégâts à l'un de vos Pokémon. Dans ce cas, défaussez une Énergie attachée au Pokémon choisi.","trainerType":"Objet","legal":{"standard":false,"expanded":true}},{"category":"Dresseur","id":"xy12-88","illustrator":"Keiji Kinebuchi","image":"https://assets.tcgdex.net/fr/xy/xy12/88","localId":"88","name":"Échange","rarity":"Peu Commune","set":{"cardCount":{"official":108,"total":113},"id":"xy12","logo":"https://assets.tcgdex.net/fr/xy/xy12/logo","name":"Évolutions","symbol":"https://assets.tcgdex.net/univ/xy/xy12/symbol"},"variants":{"firstEdition":false,"holo":true,"normal":true,"reverse":true,"wPromo":false},"effect":"Échangez votre Pokémon Actif avec l'un de vos Pokémon de Banc.","trainerType":"Objet","legal":{"standard":false,"expanded":true}},{"category":"Dresseur","id":"xy12-89","illustrator":"5ban Graphics","image":"https://assets.tcgdex.net/fr/xy/xy12/89","localId":"89","name":"Lien Spirituel Florizarre","rarity":"Peu Commune","set":{"cardCount":{"official":108,"total":113},"id":"xy12","logo":"https://assets.tcgdex.net/fr/xy/xy12/logo","name":"Évolutions","symbol":"https://assets.tcgdex.net/univ/xy/xy12/symbol"},"variants":{"firstEdition":false,"holo":true,"normal":true,"reverse":true,"wPromo":false},"effect":"Votre tour ne se termine pas si le Pokémon auquel cette carte est attachée devient M-Florizarre-EX.","trainerType":"Outil","legal":{"standard":false,"expanded":true}},{"category":"Énergie","id":"xy12-90","illustrator":"Keiji Kinebuchi","image":"https://assets.tcgdex.net/fr/xy/xy12/90","localId":"90","name":"Double Énergie Incolore","rarity":"Peu Commune","set":{"cardCount":{"official":108,"total":113},"id":"xy12","logo":"https://assets.tcgdex.net/fr/xy/xy12/logo","name":"Évolutions","symbol":"https://assets.tcgdex.net/univ/xy/xy12/symbol"},"variants":{"firstEdition":false,"holo":true,"normal":true,"reverse":true,"wPromo":false},"effect":"Double Énergie Incolore fournit de l'Énergie ColorlessColorless.","energyType":"Spécial","legal":{"standard":false,"expanded":true}},{"category":"Énergie","id":"xy12-91","image":"https://assets.tcgdex.net/fr/xy/xy12/91","localId":"91","name":"Énergie Plante","rarity":"Commune","set":{"cardCount":{"official":108,"total":113},"id":"xy12","logo":"https://assets.tcgdex.net/fr/xy/xy12/logo","name":"Évolutions","symbol":"https://assets.tcgdex.net/univ/xy/xy12/symbol"},"variants":{"firstEdition":false,"holo":true,"normal":true,"reverse":true,"wPromo":false},"energyType":"De base","legal":{"standard":false,"expanded":true}},{"category":"Énergie","id":"xy12-92","image":"https://assets.tcgdex.net/fr/xy/xy12/92","localId":"92","name":"Énergie Feu","rarity":"Commune","set":{"cardCount":{"official":108,"total":113},"id":"xy12","logo":"https://assets.tcgdex.net/fr/xy/xy12/logo","name":"Évolutions","symbol":"https://assets.tcgdex.net/univ/xy/xy12/symbol"},"variants":{"firstEdition":false,"holo":true,"normal":true,"reverse":true,"wPromo":false},"energyType":"De base","legal":{"standard":false,"expanded":true}},{"category":"Énergie","id":"xy12-93","image":"https://assets.tcgdex.net/fr/xy/xy12/93","localId":"93","name":"Énergie Eau","rarity":"Commune","set":{"cardCount":{"official":108,"total":113},"id":"xy12","logo":"https://assets.tcgdex.net/fr/xy/xy12/logo","name":"Évolutions","symbol":"https://assets.tcgdex.net/univ/xy/xy12/symbol"},"variants":{"firstEdition":false,"holo":true,"normal":true,"reverse":true,"wPromo":false},"energyType":"De base","legal":{"standard":false,"expanded":true}},{"category":"Énergie","id":"xy12-94","image":"https://assets.tcgdex.net/fr/xy/xy12/94","localId":"94","name":"Énergie Electrik","rarity":"Commune","set":{"cardCount":{"official":108,"total":113},"id":"xy12","logo":"https://assets.tcgdex.net/fr/xy/xy12/logo","name":"Évolutions","symbol":"https://assets.tcgdex.net/univ/xy/xy12/symbol"},"variants":{"firstEdition":false,"holo":true,"normal":true,"reverse":true,"wPromo":false},"energyType":"De base","legal":{"standard":false,"expanded":true}},{"category":"Énergie","id":"xy12-95","image":"https://assets.tcgdex.net/fr/xy/xy12/95","localId":"95","name":"Énergie Psy","rarity":"Commune","set":{"cardCount":{"official":108,"total":113},"id":"xy12","logo":"https://assets.tcgdex.net/fr/xy/xy12/logo","name":"Évolutions","symbol":"https://assets.tcgdex.net/univ/xy/xy12/symbol"},"variants":{"firstEdition":false,"holo":true,"normal":true,"reverse":true,"wPromo":false},"energyType":"De base","legal":{"standard":false,"expanded":true}},{"category":"Énergie","id":"xy12-96","image":"https://assets.tcgdex.net/fr/xy/xy12/96","localId":"96","name":"Énergie Combat","rarity":"Commune","set":{"cardCount":{"official":108,"total":113},"id":"xy12","logo":"https://assets.tcgdex.net/fr/xy/xy12/logo","name":"Évolutions","symbol":"https://assets.tcgdex.net/univ/xy/xy12/symbol"},"variants":{"firstEdition":false,"holo":true,"normal":true,"reverse":true,"wPromo":false},"energyType":"De base","legal":{"standard":false,"expanded":true}},{"category":"Énergie","id":"xy12-97","image":"https://assets.tcgdex.net/fr/xy/xy12/97","localId":"97","name":"Énergie Obscurité","rarity":"Commune","set":{"cardCount":{"official":108,"total":113},"id":"xy12","logo":"https://assets.tcgdex.net/fr/xy/xy12/logo","name":"Évolutions","symbol":"https://assets.tcgdex.net/univ/xy/xy12/symbol"},"variants":{"firstEdition":false,"holo":true,"normal":true,"reverse":true,"wPromo":false},"energyType":"De base","legal":{"standard":false,"expanded":true}},{"category":"Énergie","id":"xy12-98","image":"https://assets.tcgdex.net/fr/xy/xy12/98","localId":"98","name":"Énergie Métal","rarity":"Commune","set":{"cardCount":{"official":108,"total":113},"id":"xy12","logo":"https://assets.tcgdex.net/fr/xy/xy12/logo","name":"Évolutions","symbol":"https://assets.tcgdex.net/univ/xy/xy12/symbol"},"variants":{"firstEdition":false,"holo":true,"normal":true,"reverse":true,"wPromo":false},"energyType":"De base","legal":{"standard":false,"expanded":true}},{"category":"Énergie","id":"xy12-99","image":"https://assets.tcgdex.net/fr/xy/xy12/99","localId":"99","name":"Énergie Fée","rarity":"Commune","set":{"cardCount":{"official":108,"total":113},"id":"xy12","logo":"https://assets.tcgdex.net/fr/xy/xy12/logo","name":"Évolutions","symbol":"https://assets.tcgdex.net/univ/xy/xy12/symbol"},"variants":{"firstEdition":false,"holo":true,"normal":true,"reverse":true,"wPromo":false},"energyType":"De base","legal":{"standard":false,"expanded":true}},{"category":"Pokémon","id":"xy12-100","illustrator":"5ban Graphics","image":"https://assets.tcgdex.net/fr/xy/xy12/100","localId":"100","name":"M-Florizarre EX","rarity":"Ultra Rare","set":{"cardCount":{"official":108,"total":113},"id":"xy12","logo":"https://assets.tcgdex.net/fr/xy/xy12/logo","name":"Évolutions","symbol":"https://assets.tcgdex.net/univ/xy/xy12/symbol"},"variants":{"firstEdition":false,"holo":true,"normal":true,"reverse":true,"wPromo":false},"dexId":[3],"hp":230,"types":["Plante"],"evolveFrom":"Florizarre-EX","stage":"MÉGA","suffix":"EX","attacks":[{"cost":["Plante","Plante","Plante","Incolore"],"name":"Crise-Lianes","effect":"Le Pokémon Actif de votre adversaire est maintenant Paralysé et Empoisonné.","damage":120}],"weaknesses":[{"type":"Feu","value":"×2"}],"retreat":4,"legal":{"standard":false,"expanded":true}},{"category":"Pokémon","id":"xy12-101","illustrator":"5ban Graphics","image":"https://assets.tcgdex.net/fr/xy/xy12/101","localId":"101","name":"M-Dracaufeu EX","rarity":"Ultra Rare","set":{"cardCount":{"official":108,"total":113},"id":"xy12","logo":"https://assets.tcgdex.net/fr/xy/xy12/logo","name":"Évolutions","symbol":"https://assets.tcgdex.net/univ/xy/xy12/symbol"},"variants":{"firstEdition":false,"holo":true,"normal":true,"reverse":true,"wPromo":false},"dexId":[6],"hp":220,"types":["Feu"],"evolveFrom":"Dracaufeu-EX","stage":"MÉGA","suffix":"EX","attacks":[{"cost":["Feu","Feu","Incolore","Incolore","Incolore"],"name":"Plongeon Écarlate","effect":"Ce Pokémon s'inflige 50 dégâts.","damage":300}],"weaknesses":[{"type":"Eau","value":"×2"}],"retreat":1,"legal":{"standard":false,"expanded":true}},{"category":"Pokémon","id":"xy12-102","illustrator":"5ban Graphics","image":"https://assets.tcgdex.net/fr/xy/xy12/102","localId":"102","name":"M-Tortank EX","rarity":"Ultra Rare","set":{"cardCount":{"official":108,"total":113},"id":"xy12","logo":"https://assets.tcgdex.net/fr/xy/xy12/logo","name":"Évolutions","symbol":"https://assets.tcgdex.net/univ/xy/xy12/symbol"},"variants":{"firstEdition":false,"holo":true,"normal":true,"reverse":true,"wPromo":false},"dexId":[9],"hp":220,"types":["Eau"],"evolveFrom":"Tortank-EX","stage":"MÉGA","suffix":"EX","attacks":[{"cost":["Eau","Eau","Eau"],"name":"Hydroflagration","effect":"Cette attaque inflige 30 dégâts à 2 des Pokémon de Banc de votre adversaire. (N'appliquez ni la Faiblesse ni la Résistance aux Pokémon de Banc.)","damage":120}],"weaknesses":[{"type":"Plante","value":"×2"}],"retreat":3,"legal":{"standard":false,"expanded":true}},{"category":"Pokémon","id":"xy12-103","illustrator":"Ryo Ueda","image":"https://assets.tcgdex.net/fr/xy/xy12/103","localId":"103","name":"Mewtwo EX","rarity":"Ultra Rare","set":{"cardCount":{"official":108,"total":113},"id":"xy12","logo":"https://assets.tcgdex.net/fr/xy/xy12/logo","name":"Évolutions","symbol":"https://assets.tcgdex.net/univ/xy/xy12/symbol"},"variants":{"firstEdition":false,"holo":true,"normal":true,"reverse":true,"wPromo":false},"dexId":[150],"hp":180,"types":["Psy"],"stage":"De base","suffix":"EX","attacks":[{"cost":["Incolore"],"name":"Absorption d'énergie","effect":"Attachez une carte Énergie de votre pile de défausse à ce Pokémon."},{"cost":["Psy"],"name":"Rétablissement","effect":"Soignez 60 dégâts à ce Pokémon."},{"cost":["Psy","Incolore","Incolore","Incolore"],"name":"Brûlure Psy","damage":110}],"weaknesses":[{"type":"Psy","value":"×2"}],"retreat":2,"legal":{"standard":false,"expanded":true}},{"category":"Pokémon","id":"xy12-104","illustrator":"Ryo Ueda","image":"https://assets.tcgdex.net/fr/xy/xy12/104","localId":"104","name":"Roucarnage EX","rarity":"Ultra Rare","set":{"cardCount":{"official":108,"total":113},"id":"xy12","logo":"https://assets.tcgdex.net/fr/xy/xy12/logo","name":"Évolutions","symbol":"https://assets.tcgdex.net/univ/xy/xy12/symbol"},"variants":{"firstEdition":false,"holo":true,"normal":true,"reverse":true,"wPromo":false},"dexId":[18],"hp":170,"types":["Incolore"],"stage":"De base","suffix":"EX","attacks":[{"cost":["Incolore"],"name":"Mimique","effect":"Si ce Pokémon a subi les dégâts d'une attaque pendant le dernier tour de votre adversaire, cette attaque inflige la même quantité de dégâts au Pokémon Actif de votre adversaire."},{"cost":["Incolore","Incolore","Incolore"],"name":"Lance Plume","effect":"Cette attaque inflige 20 dégâts à l'un des Pokémon de Banc de votre adversaire. (N'appliquez ni la Faiblesse ni la Résistance aux Pokémon de Banc.)","damage":80}],"weaknesses":[{"type":"Électrique","value":"×2"}],"resistances":[{"type":"Combat","value":"-20"}],"retreat":1,"legal":{"standard":false,"expanded":true}},{"category":"Pokémon","id":"xy12-105","illustrator":"5ban Graphics","image":"https://assets.tcgdex.net/fr/xy/xy12/105","localId":"105","name":"M-Roucarnage EX","rarity":"Ultra Rare","set":{"cardCount":{"official":108,"total":113},"id":"xy12","logo":"https://assets.tcgdex.net/fr/xy/xy12/logo","name":"Évolutions","symbol":"https://assets.tcgdex.net/univ/xy/xy12/symbol"},"variants":{"firstEdition":false,"holo":true,"normal":true,"reverse":true,"wPromo":false},"dexId":[18],"hp":220,"types":["Incolore"],"evolveFrom":"Roucarnage-EX","stage":"MÉGA","suffix":"EX","attacks":[{"cost":["Incolore","Incolore","Incolore"],"name":"Mach Cyclone","effect":"Vous pouvez demander à votre adversaire d'échanger son Pokémon Actif avec l'un de ses Pokémon de Banc.","damage":130}],"weaknesses":[{"type":"Électrique","value":"×2"}],"resistances":[{"type":"Combat","value":"-20"}],"retreat":0,"legal":{"standard":false,"expanded":true}},{"category":"Pokémon","id":"xy12-106","illustrator":"Ryo Ueda","image":"https://assets.tcgdex.net/fr/xy/xy12/106","localId":"106","name":"Dracolosse EX","rarity":"Ultra Rare","set":{"cardCount":{"official":108,"total":113},"id":"xy12","logo":"https://assets.tcgdex.net/fr/xy/xy12/logo","name":"Évolutions","symbol":"https://assets.tcgdex.net/univ/xy/xy12/symbol"},"variants":{"firstEdition":false,"holo":true,"normal":true,"reverse":true,"wPromo":false},"dexId":[149],"hp":180,"types":["Incolore"],"stage":"De base","suffix":"EX","abilities":[{"type":"Talent","name":"Élévation","effect":"Lorsque vous jouez ce Pokémon de votre main sur votre Banc, vous pouvez ajouter 2 Pokémon de base (sauf Dracolosse-EX) de votre pile de défausse à votre main."}],"attacks":[{"cost":["Incolore","Incolore","Incolore","Incolore"],"name":"Ultralaser","effect":"Défaussez une Énergie attachée au Pokémon Actif de votre adversaire.","damage":130}],"weaknesses":[{"type":"Électrique","value":"×2"}],"resistances":[{"type":"Combat","value":"-20"}],"retreat":3,"legal":{"standard":false,"expanded":true}},{"category":"Dresseur","id":"xy12-107","illustrator":"Hitoshi Ariga","image":"https://assets.tcgdex.net/fr/xy/xy12/107","localId":"107","name":"Vaillance de Pierre","rarity":"Ultra Rare","set":{"cardCount":{"official":108,"total":113},"id":"xy12","logo":"https://assets.tcgdex.net/fr/xy/xy12/logo","name":"Évolutions","symbol":"https://assets.tcgdex.net/univ/xy/xy12/symbol"},"variants":{"firstEdition":false,"holo":true,"normal":true,"reverse":true,"wPromo":false},"effect":"Choisissez une combinaison de 6 cartes de Pokémon et d'Énergies de base dans votre pile de défausse et mélangez-les avec votre deck.","trainerType":"Supporter","legal":{"standard":false,"expanded":true}},{"category":"Dresseur","id":"xy12-108","illustrator":"Megumi Mizutani","image":"https://assets.tcgdex.net/fr/xy/xy12/108","localId":"108","name":"Détermination d'Ondine","rarity":"Ultra Rare","set":{"cardCount":{"official":108,"total":113},"id":"xy12","logo":"https://assets.tcgdex.net/fr/xy/xy12/logo","name":"Évolutions","symbol":"https://assets.tcgdex.net/univ/xy/xy12/symbol"},"variants":{"firstEdition":false,"holo":true,"normal":true,"reverse":true,"wPromo":false},"effect":"Défaussez une carte de votre main. Dans ce cas, regardez les 8 cartes du dessus de votre deck et ajoutez l'une d'entre elles à votre main. Mélangez les autres cartes avec votre deck.","trainerType":"Supporter","legal":{"standard":false,"expanded":true}},{"category":"Pokémon","id":"xy12-109","illustrator":"Dr.Ooyama","image":"https://assets.tcgdex.net/fr/xy/xy12/109","localId":"109","name":"ナッシー[Noadkoko]","rarity":"Magnifique rare","set":{"cardCount":{"official":108,"total":113},"id":"xy12","logo":"https://assets.tcgdex.net/fr/xy/xy12/logo","name":"Évolutions","symbol":"https://assets.tcgdex.net/univ/xy/xy12/symbol"},"variants":{"firstEdition":false,"holo":true,"normal":true,"reverse":true,"wPromo":false},"dexId":[103],"hp":80,"types":["Plante"],"evolveFrom":"Noeunoeuf","stage":"Niveau 1","attacks":[{"cost":["Incolore","Incolore"],"name":"ふみつけ [Écrasement]","effect":"コインを1回投げオモテなら、10ダメージを追加。\nLancez une pièce. Si c'est face, cette attaque inflige 10 dégâts supplémentaires.","damage":"20+"}],"weaknesses":[{"type":"Feu","value":"×2"}],"retreat":2,"legal":{"standard":false,"expanded":true}},{"category":"Pokémon","id":"xy12-110","illustrator":"Toshinao Aoki","image":"https://assets.tcgdex.net/fr/xy/xy12/110","localId":"110","name":"Pikachu Volant","rarity":"Magnifique rare","set":{"cardCount":{"official":108,"total":113},"id":"xy12","logo":"https://assets.tcgdex.net/fr/xy/xy12/logo","name":"Évolutions","symbol":"https://assets.tcgdex.net/univ/xy/xy12/symbol"},"variants":{"firstEdition":false,"holo":true,"normal":true,"reverse":true,"wPromo":false},"dexId":[25],"hp":40,"types":["Électrique"],"stage":"De base","attacks":[{"cost":["Électrique"],"name":"Éclair","effect":"Lancez une pièce. Si c'est face, le Pokémon Actif de votre adversaire est maintenant Paralysé.","damage":10},{"cost":["Incolore","Incolore","Incolore"],"name":"Vol","effect":"Lancez une pièce. Si c'est pile, cette attaque ne fait rien. Si c'est face, évitez tous les effets d'attaques, y compris les dégâts, infligés à ce Pokémon pendant le prochain tour de votre adversaire.","damage":30}],"resistances":[{"type":"Combat","value":"-20"}],"retreat":1,"legal":{"standard":false,"expanded":true}},{"category":"Pokémon","id":"xy12-111","illustrator":"Toshinao Aoki","image":"https://assets.tcgdex.net/fr/xy/xy12/111","localId":"111","name":"Pikachu Surfeur","rarity":"Magnifique rare","set":{"cardCount":{"official":108,"total":113},"id":"xy12","logo":"https://assets.tcgdex.net/fr/xy/xy12/logo","name":"Évolutions","symbol":"https://assets.tcgdex.net/univ/xy/xy12/symbol"},"variants":{"firstEdition":false,"holo":true,"normal":true,"reverse":true,"wPromo":false},"dexId":[25],"hp":50,"types":["Électrique"],"stage":"De base","attacks":[{"cost":["Eau","Eau"],"name":"Surf","damage":30}],"weaknesses":[{"type":"Combat","value":"×2"}],"retreat":1,"legal":{"standard":false,"expanded":true}},{"category":"Pokémon","id":"xy12-112","illustrator":"Imakuni?","image":"https://assets.tcgdex.net/fr/xy/xy12/112","localId":"112","name":"Doduo d'Imakuni?","rarity":"Magnifique rare","set":{"cardCount":{"official":108,"total":113},"id":"xy12","logo":"https://assets.tcgdex.net/fr/xy/xy12/logo","name":"Évolutions","symbol":"https://assets.tcgdex.net/univ/xy/xy12/symbol"},"variants":{"firstEdition":false,"holo":true,"normal":true,"reverse":true,"wPromo":false},"dexId":[84],"hp":50,"types":["Incolore"],"stage":"De base","abilities":[{"type":"Poké-POWER","name":"Sortie Précipitée","effect":"Lorsque ce Doduo bat en retraite, saisissez cette carte et jetez-la aussi fort que possible car Doduo s'enfuit. Jetez la carte horizontalement et fort pour qu'elle aille le plus loin possible !"}],"attacks":[{"cost":["Incolore","Incolore"],"name":"Harmoniser","effect":"Dès que vous utilisez cette attaque, vous devez chanter une chanson. (Pendant ce temps, la partie continue.) Lorsque la chanson se termine, cette attaque inflige 30 dégâts.","damage":30}],"weaknesses":[{"type":"Électrique","value":"×2"}],"resistances":[{"type":"Combat","value":"-20"}],"legal":{"standard":false,"expanded":true}},{"category":"Dresseur","id":"xy12-113","illustrator":"Ken Sugimori","image":"https://assets.tcgdex.net/fr/xy/xy12/113","localId":"113","name":"Et voilà la Team Rocket !","rarity":"Magnifique rare","set":{"cardCount":{"official":108,"total":113},"id":"xy12","logo":"https://assets.tcgdex.net/fr/xy/xy12/logo","name":"Évolutions","symbol":"https://assets.tcgdex.net/univ/xy/xy12/symbol"},"variants":{"firstEdition":false,"holo":true,"normal":true,"reverse":true,"wPromo":false},"effect":"Chaque joueur tourne toutes ses cartes Récompense face découverte. (Ces cartes Récompense restent face découverte pour le reste de la partie.)","trainerType":"Supporter","legal":{"standard":false,"expanded":true}}]