{"meta": {"date": "2023-08-19", "version": "5.2.1+20230819"}, "data": {"baseSetSize": 0, "cards": [], "code": "DD3", "isFoilOnly": false, "isOnlineOnly": false, "keyruneCode": "PMEI", "mcmId": 1509, "mcmName": "Duel Decks: Anthology", "name": "Duel Decks: Anthology", "releaseDate": "2014-12-05", "sealedProduct": [{"identifiers": {"cardKingdomId": "197095", "tcgplayerProductId": "94108"}, "name": "Duel Deck Anthology", "purchaseUrls": {"cardKingdom": "https://mtgjson.com/links/5623a82b4e697788", "tcgplayer": "https://mtgjson.com/links/ed2c51a10138a228"}, "uuid": "ce642320-8d31-5eec-87d2-ef7992dbc95e"}], "tcgplayerGroupId": 1490, "tokens": [], "totalSetSize": 0, "translations": {}, "type": "duel_deck"}}