{"meta": {"date": "2023-08-19", "version": "5.2.1+20230819"}, "data": {"baseSetSize": 7, "block": "Friday Night Magic", "cards": [{"artist": "Jeff A. Menges", "artistIds": ["14a1de4b-1237-4e7b-8868-b71e87c9a46e"], "availability": ["paper"], "borderColor": "black", "colorIdentity": ["W"], "colors": ["W"], "convertedManaCost": 1.0, "edhrecRank": 11, "edhrecSaltiness": 0.44, "finishes": ["foil"], "flavorText": "\"Peace hath her victories\nNo less renownd than war.\"\n—John Milton,\n\"To the Lord General Cromwell\"", "foreignData": [], "frameVersion": "1997", "hasFoil": true, "hasNonFoil": false, "identifiers": {"cardKingdomFoilId": "117264", "cardsphereId": "17483", "mcmId": "15786", "mtgjsonV4Id": "28c1d8ed-0429-589b-b9bb-96613a579d2b", "scryfallId": "e95a352d-187f-4d8d-a6bb-4188da756b7c", "scryfallIllustrationId": "2aa59be5-ca4a-4e36-928c-8b72362c9ae5", "scryfallOracleId": "b1544f21-7e98-461b-aed5-e748b0168c52", "tcgplayerProductId": "38163"}, "isPromo": true, "isReprint": true, "isStarter": true, "language": "English", "layout": "normal", "legalities": {"commander": "Legal", "duel": "Legal", "gladiator": "Legal", "historic": "Banned", "historicbrawl": "Legal", "legacy": "Legal", "oathbreaker": "Legal", "predh": "Legal", "premodern": "Legal", "vintage": "Legal"}, "manaCost": "{W}", "manaValue": 1.0, "name": "Swords to Plowshares", "number": "6", "printings": ["2ED", "30A", "3ED", "40K", "4BB", "4ED", "A25", "AFC", "ATH", "BBD", "BRB", "BRC", "C16", "C17", "CED", "CEI", "CMM", "CMR", "CNS", "CST", "DDF", "DMR", "EMA", "F01", "FBB", "GN3", "ICE", "IMA", "J13", "J21", "LEA", "LEB", "LTC", "MB1", "ME2", "ME4", "MIC", "MOC", "NCC", "NEC", "OLEP", "ONC", "PRM", "PTC", "SCD", "SLD", "STA", "SUM", "TD0", "V13", "VMA", "VOC", "WC97"], "promoTypes": ["tourney", "fnm"], "purchaseUrls": {"cardKingdomFoil": "https://mtgjson.com/links/dfa06224ae832171", "tcgplayer": "https://mtgjson.com/links/e8ca6d649fea1631"}, "rarity": "rare", "rulings": [{"date": "2022-12-08", "text": "Use the power of the creature from when it was last on the battlefield to determine how much life is gained."}], "setCode": "F01", "subtypes": [], "supertypes": [], "text": "Exile target creature. Its controller gains life equal to its power.", "type": "Instant", "types": ["Instant"], "uuid": "54f7abde-61ea-54ca-9cee-a408169d176d"}, {"artist": "Cliff Nielsen", "artistIds": ["7416bbed-fa7f-426b-b712-8b3ccd9fd858"], "availability": ["paper"], "borderColor": "black", "colorIdentity": ["U"], "colors": ["U"], "convertedManaCost": 3.0, "edhrecRank": 17824, "finishes": ["foil"], "flavorText": "\"I will ... tell thee more than thou hast wit to ask.\"\n—Christopher Marlowe, *Doctor Faustus*", "foreignData": [], "frameVersion": "1997", "hasFoil": true, "hasNonFoil": false, "identifiers": {"cardKingdomFoilId": "117186", "cardsphereId": "17438", "mcmId": "15787", "mtgjsonV4Id": "27f22c95-c06c-53a8-981e-4aa3a65dcaca", "scryfallId": "e3aecfdf-a1ad-4884-bd29-2fa53d39b8a3", "scryfallIllustrationId": "f8b49db6-f854-4a5f-b290-c7e80dc8a8be", "scryfallOracleId": "953bdefa-4639-4524-af5c-5055d1289f40", "tcgplayerProductId": "38137"}, "isPromo": true, "isReprint": true, "isStarter": true, "language": "English", "layout": "normal", "legalities": {"commander": "Legal", "duel": "Legal", "legacy": "Legal", "oathbreaker": "Legal", "pauper": "Legal", "paupercommander": "Legal", "penny": "Legal", "predh": "Legal", "premodern": "Legal", "vintage": "Legal"}, "manaCost": "{2}{U}", "manaValue": 3.0, "name": "Ophidian", "number": "7", "power": "1", "printings": ["DD2", "F01", "JVC", "PRM", "VMA", "WC97", "WTH"], "promoTypes": ["tourney", "fnm"], "purchaseUrls": {"cardKingdomFoil": "https://mtgjson.com/links/d6596a91dfb64aaf", "tcgplayer": "https://mtgjson.com/links/caee4c7fbabe9427"}, "rarity": "rare", "rulings": [{"date": "2013-04-15", "text": "An ability that triggers when something “attacks and isn’t blocked” triggers in the declare blockers step after blockers are declared if (1) that creature is attacking and (2) no creatures are declared to block it. It will trigger even if that creature was put onto the battlefield attacking rather than having been declared as an attacker in the declare attackers step."}], "setCode": "F01", "subtypes": ["Snake"], "supertypes": [], "text": "Whenever Ophidian attacks and isn't blocked, you may draw a card. If you do, Ophidian assigns no combat damage this turn.", "toughness": "3", "type": "Creature — Snake", "types": ["Creature"], "uuid": "52b4d2ba-cbd2-5f97-a231-ca395260c8fc"}, {"artist": "Susan Van Camp", "artistIds": ["8921d44a-837d-4d6e-bf9f-e4f7c33f11e8"], "availability": ["paper"], "borderColor": "black", "colorIdentity": ["R"], "colors": ["R"], "convertedManaCost": 1.0, "edhrecRank": 17655, "edhrecSaltiness": 0.05, "finishes": ["foil"], "flavorText": "\"Cry havoc and let slip the dogs of war.\"\n—William Shakespeare, *Julius Caesar*", "foreignData": [], "frameVersion": "1997", "hasFoil": true, "hasNonFoil": false, "identifiers": {"cardKingdomFoilId": "117250", "cardsphereId": "17411", "mcmId": "15788", "mtgjsonV4Id": "8e031bc7-4ccf-5d49-ae17-4c8e57edc736", "scryfallId": "581b5da1-764e-48c1-9711-35d50a6d16ec", "scryfallIllustrationId": "49677b00-6127-40e4-b340-a02631b84cc2", "scryfallOracleId": "993e41e6-0643-4a1f-8ada-b7a4aae486d9", "tcgplayerProductId": "38113"}, "isPromo": true, "isReprint": true, "isStarter": true, "language": "English", "layout": "normal", "legalities": {"commander": "Legal", "duel": "Legal", "legacy": "Legal", "oathbreaker": "Legal", "pauper": "Legal", "paupercommander": "Legal", "penny": "Legal", "predh": "Legal", "premodern": "Legal", "vintage": "Legal"}, "manaCost": "{R}", "manaValue": 1.0, "name": "Jackal Pup", "number": "8", "power": "2", "printings": ["A25", "F01", "MB1", "PD2", "PRM", "TMP", "WC98", "WC99"], "promoTypes": ["tourney", "fnm"], "purchaseUrls": {"cardKingdomFoil": "https://mtgjson.com/links/5509f2d7e4b82f74", "tcgplayer": "https://mtgjson.com/links/be61becdfc9ea239"}, "rarity": "rare", "setCode": "F01", "subtypes": ["Jackal"], "supertypes": [], "text": "Whenever Jackal Pup is dealt damage, it deals that much damage to you.", "toughness": "1", "type": "Creature — Jackal", "types": ["Creature"], "uuid": "de293e30-e209-537c-a6e4-3b0124756afa"}, {"artist": "Tom Kyffin", "artistIds": ["8f43afbf-ce7e-4c01-8815-6d51eaa801cd"], "availability": ["paper"], "borderColor": "black", "colorIdentity": ["G"], "colors": ["G"], "convertedManaCost": 1.0, "edhrecRank": 1261, "edhrecSaltiness": 0.31, "finishes": ["foil"], "flavorText": "\"I went to the woods because I wished to live deliberately.\"\n—Henry David Thoreau, *Walden*", "foreignData": [], "frameVersion": "1997", "hasFoil": true, "hasNonFoil": false, "identifiers": {"cardKingdomFoilId": "117221", "cardsphereId": "17446", "mcmId": "15789", "mtgjsonV4Id": "c96c119d-9431-57c5-a8a9-6efc2353330b", "scryfallId": "a7a64413-ab7b-4f0d-8e9a-3d1fbe66a99f", "scryfallIllustrationId": "d2e77b5d-32dc-4337-8a83-88b586526dfb", "scryfallOracleId": "3ecaefc8-ead2-47a3-a7ea-b030faab65a7", "tcgplayerProductId": "38142"}, "isPromo": true, "isReprint": true, "isStarter": true, "language": "English", "layout": "normal", "legalities": {"commander": "Legal", "duel": "Legal", "legacy": "Legal", "modern": "Legal", "oathbreaker": "Legal", "pauper": "Legal", "paupercommander": "Legal", "predh": "Legal", "premodern": "Legal", "vintage": "Legal"}, "manaCost": "{G}", "manaValue": 1.0, "name": "Quirion Ranger", "number": "9", "power": "1", "printings": ["F01", "MH2", "PRM", "VIS", "WC97"], "promoTypes": ["tourney", "fnm"], "purchaseUrls": {"cardKingdomFoil": "https://mtgjson.com/links/4e1c73e8043b0663", "tcgplayer": "https://mtgjson.com/links/b7043fa41e68e266"}, "rarity": "rare", "rulings": [{"date": "2021-06-18", "text": "Returning the Forest you control to its owner's hand is the cost to activate the ability. Once you activate the ability, no one can try to do anything to the Forest to stop you from activating the ability."}, {"date": "2021-06-18", "text": "You may return any land you control with the subtype Forest. It doesn't have to be one named Forest."}, {"date": "2021-06-18", "text": "You can target any creature with Quirion Ranger's ability, not just a tapped creature."}], "setCode": "F01", "subtypes": ["Elf", "Ranger"], "supertypes": [], "text": "Return a Forest you control to its owner's hand: Untap target creature. Activate only once each turn.", "toughness": "1", "type": "Creature — Elf Ranger", "types": ["Creature"], "uuid": "a4c0674f-d2c7-5875-a470-0db76ba59a10"}, {"artist": "Pete Venters", "artistIds": ["d54c4a1a-c0c5-4834-84db-125d341f3ad8"], "availability": ["paper"], "borderColor": "black", "colorIdentity": ["B"], "colors": ["B"], "convertedManaCost": 1.0, "edhrecRank": 20436, "finishes": ["foil"], "flavorText": "\"And in their blind and unattaining state their miserable lives have sunk so low that they must envy every other fate.\"\n—Dante, *Inferno*, trans. Ciardi", "foreignData": [], "frameVersion": "1997", "hasFoil": true, "hasNonFoil": false, "identifiers": {"cardKingdomFoilId": "117232", "cardsphereId": "17343", "mcmId": "15790", "mtgjsonV4Id": "c9c527ad-35c7-5c51-ba50-9dea807341e3", "scryfallId": "e6b157a0-e922-4a87-8856-ec86e81ed222", "scryfallIllustrationId": "50b1e14b-f3c0-433a-adaf-2493fba7fe87", "scryfallOracleId": "9ac77cfd-7d78-4c8a-bffc-17649a852114", "tcgplayerProductId": "38078"}, "isPromo": true, "isReprint": true, "isStarter": true, "language": "English", "layout": "normal", "legalities": {"commander": "Legal", "duel": "Legal", "legacy": "Legal", "oathbreaker": "Legal", "pauper": "Legal", "paupercommander": "Legal", "penny": "Legal", "predh": "Legal", "premodern": "Legal", "vintage": "Legal"}, "manaCost": "{B}", "manaValue": 1.0, "name": "Carnophage", "number": "10", "power": "2", "printings": ["EXO", "F01", "PRM", "TPR", "VMA"], "promoTypes": ["tourney", "fnm"], "purchaseUrls": {"cardKingdomFoil": "https://mtgjson.com/links/e17bb6fb039dedf2", "tcgplayer": "https://mtgjson.com/links/3676c311755a1e4e"}, "rarity": "rare", "setCode": "F01", "subtypes": ["Zombie"], "supertypes": [], "text": "At the beginning of your upkeep, tap Carnophage unless you pay 1 life.", "toughness": "2", "type": "Creature — Zombie", "types": ["Creature"], "uuid": "cca07780-8369-5082-bd5a-0ec0c1df915a"}, {"artist": "Bryan Talbot", "artistIds": ["76427e43-406f-43f9-bf47-14147f53cebb"], "availability": ["paper"], "borderColor": "black", "colorIdentity": ["U"], "colors": ["U"], "convertedManaCost": 2.0, "edhrecRank": 1384, "edhrecSaltiness": 0.05, "finishes": ["foil"], "foreignData": [], "frameVersion": "1997", "hasFoil": true, "hasNonFoil": false, "identifiers": {"cardKingdomFoilId": "117247", "cardsphereId": "17407", "mcmId": "15791", "mtgjsonV4Id": "33b5d87e-2893-5cdf-ac21-f26b84ff43a7", "scryfallId": "267bf226-3326-49ae-a6a3-8aed8a61ff40", "scryfallIllustrationId": "01c4ad83-22ff-4138-8550-c778ec68746c", "scryfallOracleId": "f6bd2902-7f8b-419e-bbc7-bcab0c1b7e01", "tcgplayerProductId": "38111"}, "isPromo": true, "isReprint": true, "isStarter": true, "language": "English", "layout": "normal", "legalities": {"alchemy": "Legal", "brawl": "Legal", "commander": "Legal", "duel": "Legal", "explorer": "Legal", "future": "Legal", "gladiator": "Legal", "historic": "Legal", "historicbrawl": "Legal", "legacy": "Legal", "modern": "Legal", "oathbreaker": "Legal", "pauper": "Legal", "paupercommander": "Legal", "penny": "Legal", "pioneer": "Legal", "predh": "Legal", "premodern": "Legal", "standard": "Legal", "vintage": "Legal"}, "manaCost": "{1}{U}", "manaValue": 2.0, "name": "Impulse", "number": "11", "printings": ["BBD", "BTD", "DDN", "DMR", "DMU", "F01", "GN3", "MB1", "PRM", "V13", "VIS", "WC97", "WC98"], "promoTypes": ["tourney", "fnm"], "purchaseUrls": {"cardKingdomFoil": "https://mtgjson.com/links/bc833337d0de5aff", "tcgplayer": "https://mtgjson.com/links/cd4e4a36481239ff"}, "rarity": "rare", "rulings": [{"date": "2004-10-04", "text": "This is not a draw."}, {"date": "2004-10-04", "text": "Due to errata, you no longer shuffle your library."}], "setCode": "F01", "subtypes": [], "supertypes": [], "text": "Look at the top four cards of your library. Put one of them into your hand and the rest on the bottom of your library in any order.", "type": "Instant", "types": ["Instant"], "uuid": "cdfc39ab-56ee-5ddf-aa3d-0d006c47abce"}, {"artist": "Michael Danza", "artistIds": ["e4a116a8-650e-4dba-bd2c-e94f2abc17ef"], "availability": ["paper"], "borderColor": "black", "colorIdentity": ["R"], "colors": ["R"], "convertedManaCost": 6.0, "edhrecRank": 13199, "edhrecSaltiness": 0.17, "finishes": ["foil"], "foreignData": [], "frameVersion": "1997", "hasFoil": true, "hasNonFoil": false, "identifiers": {"cardKingdomFoilId": "117242", "cardsphereId": "17380", "mcmId": "15792", "mtgjsonV4Id": "af283fa8-7620-5d94-b2cd-52004a92a893", "scryfallId": "3ea010a6-75dc-468f-862c-c0857b04a1a3", "scryfallIllustrationId": "f001571b-d24f-4ac1-8a1a-8182584e19f6", "scryfallOracleId": "9dd7f27a-e862-47d7-9158-034cf4d353b8", "tcgplayerProductId": "38098"}, "isPromo": true, "isReprint": true, "isStarter": true, "language": "English", "layout": "normal", "legalities": {"commander": "Legal", "duel": "Legal", "legacy": "Legal", "oathbreaker": "Legal", "pauper": "Legal", "paupercommander": "Legal", "predh": "Legal", "premodern": "Legal", "vintage": "Legal"}, "manaCost": "{4}{R}{R}", "manaValue": 6.0, "name": "Fireblast", "number": "12", "printings": ["DD2", "DMR", "F01", "JVC", "PD2", "PRM", "TD0", "VIS", "VMA", "WC98"], "promoTypes": ["tourney", "fnm"], "purchaseUrls": {"cardKingdomFoil": "https://mtgjson.com/links/09558cd099aae2e1", "tcgplayer": "https://mtgjson.com/links/dd68ef5ac13ce3ea"}, "rarity": "rare", "setCode": "F01", "subtypes": [], "supertypes": [], "text": "You may sacrifice two Mountains rather than pay this spell's mana cost.\nFireblast deals 4 damage to any target.", "type": "Instant", "types": ["Instant"], "uuid": "d6c5b22e-9fa8-553c-9a23-41d24ead1ea8"}], "code": "F01", "isFoilOnly": true, "isOnlineOnly": false, "keyruneCode": "PARL", "languages": ["English"], "name": "Friday Night Magic 2001", "releaseDate": "2001-01-01", "tokens": [], "totalSetSize": 7, "translations": {}, "type": "promo"}}