{"meta": {"date": "2023-08-19", "version": "5.2.1+20230819"}, "data": {"baseSetSize": 12, "block": "Friday Night Magic", "cards": [{"artist": "Jesper Myrfors", "artistIds": ["c011318e-8503-48c1-a990-46e50aff48a0"], "availability": ["paper"], "borderColor": "black", "colorIdentity": ["B", "G"], "colors": ["G"], "convertedManaCost": 1.0, "edhrecRank": 412, "edhrecSaltiness": 0.08, "finishes": ["foil"], "flavorText": "\"They are aberrations who have turned on everything we hold sacred. Let them be cast out.\"\n—Ailheen, Speaker of the Council", "foreignData": [], "frameVersion": "2003", "hasFoil": true, "hasNonFoil": false, "identifiers": {"cardKingdomFoilId": "122318", "cardsphereId": "17366", "mcmId": "15842", "mtgjsonV4Id": "ff10272a-d5b0-5456-9071-dffd0e626c93", "scryfallId": "f74f4377-38ab-4822-b14b-e679247ec991", "scryfallIllustrationId": "de45f473-21f2-4949-b223-67faf35f2149", "scryfallOracleId": "20347559-95a9-4689-bb79-c5bb3809b719", "tcgplayerProductId": "38092"}, "isPromo": true, "isReprint": true, "isStarter": true, "language": "English", "layout": "normal", "legalities": {"commander": "Legal", "duel": "Legal", "legacy": "Legal", "modern": "Legal", "oathbreaker": "Legal", "pauper": "Legal", "paupercommander": "Legal", "penny": "Legal", "predh": "Legal", "vintage": "Legal"}, "manaCost": "{G}", "manaValue": 1.0, "name": "Elves of Deep Shadow", "number": "1", "power": "1", "printings": ["DDJ", "DRK", "F06", "GK1", "MB1", "ME3", "PRM", "RAV"], "promoTypes": ["tourney", "fnm"], "purchaseUrls": {"cardKingdomFoil": "https://mtgjson.com/links/4f1ee6a1d28d4d1d", "tcgplayer": "https://mtgjson.com/links/523d4ee445a09e59"}, "rarity": "rare", "setCode": "F06", "subtypes": ["Elf", "Druid"], "supertypes": [], "text": "{T}: Add {B}. Elves of Deep Shadow deals 1 damage to you.", "toughness": "1", "type": "Creature — Elf Druid", "types": ["Creature"], "uuid": "4b92b0a2-8b99-561b-855e-092aabda25e5", "watermark": "fnm"}, {"artist": "Paolo Parente", "artistIds": ["d48dd097-720d-476a-8722-6a02854ae28b"], "availability": ["paper"], "borderColor": "black", "colorIdentity": ["G", "W"], "colors": ["G", "W"], "convertedManaCost": 3.0, "edhrecRank": 3516, "edhrecSaltiness": 0.18, "finishes": ["foil"], "flavorText": "\"Don't laugh. It works.\"\n—Yavimaya ranger", "foreignData": [], "frameVersion": "2003", "hasFoil": true, "hasNonFoil": false, "identifiers": {"cardKingdomFoilId": "122317", "cardsphereId": "17319", "mcmId": "15843", "mtgjsonV4Id": "38086f54-5b65-5aac-9717-6d2ef6ef94b4", "scryfallId": "d3f3777a-16b4-4860-b67e-23a25e65df50", "scryfallIllustrationId": "ae556b68-5552-4a87-8054-dd770db89ac6", "scryfallOracleId": "15397a59-70a8-441f-abf7-230405a1602b", "tcgplayerProductId": "38062"}, "isPromo": true, "isReprint": true, "isStarter": true, "keywords": ["Enchant"], "language": "English", "layout": "normal", "legalities": {"commander": "Legal", "duel": "Legal", "legacy": "Legal", "oathbreaker": "Legal", "pauper": "Legal", "paupercommander": "Legal", "penny": "Legal", "predh": "Legal", "premodern": "Legal", "vintage": "Legal"}, "manaCost": "{1}{G}{W}", "manaValue": 3.0, "name": "Armadillo Cloak", "number": "2", "printings": ["ARC", "DDE", "EMA", "F06", "INV", "MB1", "PRM", "TD0", "VMA"], "promoTypes": ["tourney", "fnm"], "purchaseUrls": {"cardKingdomFoil": "https://mtgjson.com/links/9d96ef7398a0ed5d", "tcgplayer": "https://mtgjson.com/links/17e862d809dc3292"}, "rarity": "rare", "rulings": [{"date": "2016-06-08", "text": "While Armadillo Cloak’s last ability is similar to lifelink, it isn’t lifelink—it’s a normal triggered ability. If a creature you control with lifelink wears an Armadillo Cloak and deals damage, first you’ll gain that much life for lifelink, and then Armadillo Cloak’s triggered ability is put onto the stack. This also means that multiple instances of Armadillo Cloak’s triggered ability do trigger separately."}, {"date": "2016-06-08", "text": "If Armadillo Cloak enchants a creature you don’t control, you’ll gain life when it deals damage, as long as that damage hasn’t already caused you to lose the game."}], "setCode": "F06", "subtypes": ["Aura"], "supertypes": [], "text": "Enchant creature\nEnchanted creature gets +2/+2 and has trample.\nWhenever enchanted creature deals damage, you gain that much life.", "type": "Enchantment — Aura", "types": ["Enchantment"], "uuid": "bc19d0c9-51a3-5f9e-8ef0-ae124ce64501", "watermark": "fnm"}, {"artist": "DiTerlizzi", "artistIds": ["ed44dce4-30cf-4c2c-b2e1-a19ba2295690"], "availability": ["paper"], "borderColor": "black", "colorIdentity": ["B", "R"], "colors": ["B", "R"], "convertedManaCost": 2.0, "edhrecRank": 192, "edhrecSaltiness": 0.17, "finishes": ["foil"], "flavorText": "Like his mother before him, Darigaaz gave his life defending Dominaria from the tyranny of self-styled \"gods.\"", "foreignData": [], "frameVersion": "2003", "hasFoil": true, "hasNonFoil": false, "identifiers": {"cardKingdomFoilId": "121915", "cardsphereId": "17488", "mcmId": "15844", "mtgjsonV4Id": "9647f625-8d72-5380-ad50-e2077a9ce27f", "scryfallId": "b752cbd8-5f8b-4cd6-854d-69138be9fbdc", "scryfallIllustrationId": "9aa617c0-0471-41e4-a397-200047006af9", "scryfallOracleId": "6257c2fd-005f-41e3-8a72-af76df1eb134", "tcgplayerProductId": "38165"}, "isPromo": true, "isReprint": true, "isStarter": true, "language": "English", "layout": "normal", "legalities": {"commander": "Legal", "duel": "Legal", "legacy": "Legal", "modern": "Legal", "oathbreaker": "Legal", "pauper": "Legal", "paupercommander": "Legal", "penny": "Legal", "predh": "Legal", "premodern": "Legal", "vintage": "Legal"}, "manaCost": "{B}{R}", "manaValue": 2.0, "name": "Terminate", "number": "3", "printings": ["2X2", "AFC", "ARB", "ARC", "C16", "C17", "C20", "CMA", "CMD", "DDK", "DMC", "F06", "MB1", "MM3", "NCC", "P09", "PLIST", "PLS", "PRM", "PS11", "SCD", "TD0", "WC01"], "promoTypes": ["tourney", "fnm"], "purchaseUrls": {"cardKingdomFoil": "https://mtgjson.com/links/3f547c7a254232f2", "tcgplayer": "https://mtgjson.com/links/3318d9cead5b9ea0"}, "rarity": "rare", "setCode": "F06", "subtypes": [], "supertypes": [], "text": "Destroy target creature. It can't be regenerated.", "type": "Instant", "types": ["Instant"], "uuid": "583e0471-3ac3-5b2b-bac8-3e97a52c9198", "watermark": "fnm"}, {"artist": "Thomas M. Baxa", "artistIds": ["ff346569-557d-4043-ae44-97c2c7cabd7d"], "availability": ["paper"], "borderColor": "black", "colorIdentity": ["B", "U"], "colors": ["B", "U"], "convertedManaCost": 4.0, "edhrecRank": 24387, "edhrecSaltiness": 0.1, "finishes": ["foil"], "foreignData": [], "frameVersion": "2003", "hasFoil": true, "hasNonFoil": false, "identifiers": {"cardKingdomFoilId": "122321", "cardsphereId": "17424", "mcmId": "15845", "mtgjsonV4Id": "1d160a24-c6bd-5cf0-be3b-2157119fe5a0", "scryfallId": "894e5b74-61e0-4165-82ab-5e7e22e5a817", "scryfallIllustrationId": "1f0014ae-9c56-4c12-ac08-c185a8a16ff6", "scryfallOracleId": "a7ebe748-c3de-402f-8a6e-236a6413c0f8", "tcgplayerProductId": "38125"}, "isPromo": true, "isReprint": true, "isStarter": true, "language": "English", "layout": "normal", "legalities": {"commander": "Legal", "duel": "Legal", "legacy": "Legal", "oathbreaker": "Legal", "predh": "Legal", "premodern": "Legal", "vintage": "Legal"}, "manaCost": "{2}{U}{B}", "manaValue": 4.0, "name": "Lobotomy", "number": "4", "printings": ["F06", "INV", "PRM", "TMP", "WC01", "WC98"], "promoTypes": ["tourney", "fnm"], "purchaseUrls": {"cardKingdomFoil": "https://mtgjson.com/links/b1865b65e4690358", "tcgplayer": "https://mtgjson.com/links/79e5deb390f55c58"}, "rarity": "rare", "rulings": [{"date": "2004-10-04", "text": "If the player has no cards in their hand, you still get to look through their deck, but you do not get to exile any cards."}, {"date": "2004-10-04", "text": "You only get to pick one card from the player’s hand."}, {"date": "2004-10-04", "text": "It exiles the chosen card plus all others in the hand, library, and graveyard. Some people thought the chosen card was not exiled due to some vague wording."}, {"date": "2004-10-04", "text": "Does not affect cards on the battlefield."}, {"date": "2005-02-01", "text": "The copies must be found if they are in publicly viewable zones. Finding copies while searching private zones is optional."}], "setCode": "F06", "subtypes": [], "supertypes": [], "text": "Target player reveals their hand, then you choose a card other than a basic land card from it. Search that player's graveyard, hand, and library for all cards with the same name as the chosen card and exile them. Then that player shuffles.", "type": "Sorcery", "types": ["Sorcery"], "uuid": "76de72b2-a154-5fab-bad2-10659619edeb", "watermark": "fnm"}, {"artist": "Greg Hildebrandt & Tim Hildebrandt", "artistIds": ["020f967b-0d2f-4166-aabe-901dba8bc7ec", "caa7228c-f74c-4145-91fb-1af8d623c353"], "availability": ["paper"], "borderColor": "black", "colorIdentity": ["R"], "colors": ["R"], "convertedManaCost": 3.0, "edhrecRank": 1911, "edhrecSaltiness": 0.18, "finishes": ["foil"], "flavorText": "They poured from the Skirk Ridge like lava, burning and devouring everything in their path.", "foreignData": [], "frameVersion": "2003", "hasFoil": true, "hasNonFoil": false, "identifiers": {"cardKingdomFoilId": "122319", "cardsphereId": "17401", "mcmId": "15846", "mtgjsonV4Id": "30c8688f-4759-5bb9-b55d-196482a8150e", "scryfallId": "566a29cb-e96a-49a3-98b9-43d8a8ad97e8", "scryfallIllustrationId": "1adb9056-beaa-4987-a2d4-52b6da6d4551", "scryfallOracleId": "39882df0-c20f-469d-94ba-1617224e71a1", "tcgplayerProductId": "38109"}, "isPromo": true, "isReprint": true, "isStarter": true, "language": "English", "layout": "normal", "legalities": {"commander": "Legal", "duel": "Legal", "explorer": "Legal", "gladiator": "Legal", "historic": "Legal", "historicbrawl": "Legal", "legacy": "Legal", "modern": "Legal", "oathbreaker": "Legal", "paupercommander": "Restricted", "penny": "Legal", "pioneer": "Legal", "predh": "Legal", "premodern": "Legal", "vintage": "Legal"}, "manaCost": "{1}{R}{R}", "manaValue": 3.0, "name": "Goblin Warchief", "number": "5", "power": "2", "printings": ["DD1", "DDN", "DOM", "EVG", "F06", "F16", "J22", "MB1", "PRM", "SCG", "VMA", "WC03"], "promoTypes": ["tourney", "fnm"], "purchaseUrls": {"cardKingdomFoil": "https://mtgjson.com/links/e32acadef3b9b453", "tcgplayer": "https://mtgjson.com/links/3507d5b922963684"}, "rarity": "rare", "rulings": [{"date": "2018-04-27", "text": "Goblin Warchief’s effect reduces only generic mana in the cost of Goblin spells you cast. For example, it doesn’t reduce the cost of Skirk Prospector below {R}."}], "setCode": "F06", "subtypes": ["Goblin", "Warrior"], "supertypes": [], "text": "Goblin spells you cast cost {1} less to cast.\nGoblins you control have haste.", "toughness": "2", "type": "Creature — Goblin Warrior", "types": ["Creature"], "uuid": "f1551120-0e7f-5ccf-8e1f-e2da8b2cea04", "watermark": "fnm"}, {"artist": "Anthony S. Waters", "artistIds": ["f009de11-3c8d-4663-b996-ca0c3e997fad"], "availability": ["paper"], "borderColor": "black", "colorIdentity": ["G"], "colors": ["G"], "convertedManaCost": 2.0, "edhrecRank": 9581, "finishes": ["foil"], "flavorText": "It teaches *you* to play dead.", "foreignData": [], "frameVersion": "2003", "hasFoil": true, "hasNonFoil": false, "identifiers": {"cardKingdomFoilId": "122322", "cardsphereId": "17504", "mcmId": "15847", "mtgjsonV4Id": "d5786f1d-f66b-5841-bec8-dcef832a3f6c", "scryfallId": "0558a53a-e05b-4eb8-9c48-519f3e6bb13c", "scryfallIllustrationId": "9de731ee-627f-4a2a-894a-4e56b1763278", "scryfallOracleId": "e9441ab3-7a17-4f9b-a873-e5e82f6e9690", "tcgplayerProductId": "38176"}, "isPromo": true, "isReprint": true, "isStarter": true, "language": "English", "layout": "normal", "legalities": {"commander": "Legal", "duel": "Legal", "legacy": "Legal", "oathbreaker": "Legal", "pauper": "Legal", "paupercommander": "Legal", "penny": "Legal", "predh": "Legal", "premodern": "Legal", "vintage": "Legal"}, "manaCost": "{1}{G}", "manaValue": 2.0, "name": "Wild Mongrel", "number": "6", "power": "2", "printings": ["DDD", "F06", "GVL", "MB1", "ODY", "PRM", "SLC", "TD0", "UMA", "VMA", "WC02", "WC03"], "promoTypes": ["tourney", "fnm"], "purchaseUrls": {"cardKingdomFoil": "https://mtgjson.com/links/7e8d31b0bafb6905", "tcgplayer": "https://mtgjson.com/links/077b1af0d677a370"}, "rarity": "rare", "setCode": "F06", "subtypes": ["Dog"], "supertypes": [], "text": "Discard a card: Wild Mongrel gets +1/+1 and becomes the color of your choice until end of turn.", "toughness": "2", "type": "Creature — Dog", "types": ["Creature"], "uuid": "6128d1f3-3610-52f8-9fd2-6bd7f752b72c", "watermark": "fnm"}, {"artist": "Ben Thompson", "artistIds": ["f3116c88-57f4-4fd1-95f3-cfd163977661"], "availability": ["paper"], "borderColor": "black", "colorIdentity": ["B"], "colors": ["B"], "convertedManaCost": 2.0, "edhrecRank": 11080, "edhrecSaltiness": 0.05, "finishes": ["foil"], "flavorText": "The pits have their own form of mercy.", "foreignData": [], "frameEffects": ["tombstone"], "frameVersion": "2003", "hasFoil": true, "hasNonFoil": false, "identifiers": {"cardKingdomFoilId": "124479", "cardsphereId": "17345", "mcmId": "15848", "mtgjsonV4Id": "8701b9cd-5880-5278-b625-878a6afc24e6", "scryfallId": "edcff171-587d-4459-b6cc-8d7bc5ae145e", "scryfallIllustrationId": "aa9a6965-65a9-4a6c-a76b-26ae53d5a8ca", "scryfallOracleId": "7975cb9d-d37e-44f8-9614-86d2ad453c35", "tcgplayerProductId": "38079"}, "isPromo": true, "isReprint": true, "isStarter": true, "keywords": ["Flashback"], "language": "English", "layout": "normal", "legalities": {"commander": "Legal", "duel": "Legal", "gladiator": "Legal", "historic": "Legal", "historicbrawl": "Legal", "legacy": "Legal", "oathbreaker": "Legal", "pauper": "Legal", "paupercommander": "Legal", "predh": "Legal", "premodern": "Legal", "vintage": "Legal"}, "manaCost": "{1}{B}", "manaValue": 2.0, "name": "Chainer's Edict", "number": "7", "printings": ["DMR", "F06", "HA3", "PRM", "TOR", "UMA", "V13", "VMA", "WC02", "WC03"], "promoTypes": ["tourney", "fnm"], "purchaseUrls": {"cardKingdomFoil": "https://mtgjson.com/links/6e369e9fc68dd86d", "tcgplayer": "https://mtgjson.com/links/859f7a76b3f0d7f4"}, "rarity": "rare", "rulings": [{"date": "2021-03-19", "text": "“Flashback [cost]” means “You may cast this card from your graveyard by paying [cost] rather than paying its mana cost” and “If the flashback cost was paid, exile this card instead of putting it anywhere else any time it would leave the stack.”"}, {"date": "2021-03-19", "text": "You must still follow any timing restrictions and permissions, including those based on the card's type. For instance, you can cast a sorcery using flashback only when you could normally cast a sorcery."}, {"date": "2021-03-19", "text": "To determine the total cost of a spell, start with the mana cost or alternative cost (such as a flashback cost) you're paying, add any cost increases, then apply any cost reductions. The mana value of the spell is determined only by its mana cost, no matter what the total cost to cast the spell was."}, {"date": "2021-03-19", "text": "A spell cast using flashback will always be exiled afterward, whether it resolves, is countered, or leaves the stack in some other way."}, {"date": "2021-03-19", "text": "You can cast a spell using flashback even if it was somehow put into your graveyard without having been cast."}, {"date": "2021-03-19", "text": "If a card with flashback is put into your graveyard during your turn, you can cast it if it's legal to do so before any other player can take any actions."}], "setCode": "F06", "subtypes": [], "supertypes": [], "text": "Target player sacrifices a creature.\nFlashback {5}{B}{B} (You may cast this card from your graveyard for its flashback cost. Then exile it.)", "type": "Sorcery", "types": ["Sorcery"], "uuid": "2ab08cce-6ece-5268-b85d-617a59a80065", "watermark": "fnm"}, {"artist": "Anthony S. Waters", "artistIds": ["f009de11-3c8d-4663-b996-ca0c3e997fad"], "availability": ["paper"], "borderColor": "black", "colorIdentity": ["U"], "colors": ["U"], "convertedManaCost": 3.0, "edhrecRank": 8124, "edhrecSaltiness": 0.23, "finishes": ["foil"], "foreignData": [], "frameVersion": "2003", "hasFoil": true, "hasNonFoil": false, "identifiers": {"cardKingdomFoilId": "124480", "cardsphereId": "17347", "mcmId": "15849", "mtgjsonV4Id": "bff85141-f788-56a3-8f79-c5e94352929d", "scryfallId": "617152ea-bacd-42f3-928b-e0bcc686dd41", "scryfallIllustrationId": "fb946ce1-0381-4abc-a0bf-fdebf86894ca", "scryfallOracleId": "b071bbaf-79fa-413b-807b-2cc86c8a8125", "tcgplayerProductId": "38081"}, "isPromo": true, "isReprint": true, "isStarter": true, "keywords": ["Madness"], "language": "English", "layout": "normal", "legalities": {"commander": "Legal", "duel": "Legal", "legacy": "Legal", "oathbreaker": "Legal", "pauper": "Legal", "paupercommander": "Legal", "penny": "Legal", "predh": "Legal", "premodern": "Legal", "vintage": "Legal"}, "manaCost": "{2}{U}", "manaValue": 3.0, "name": "Circular Logic", "number": "8", "printings": ["DMR", "F06", "MB1", "PRM", "TOR", "UMA", "VMA", "WC02", "WC03"], "promoTypes": ["tourney", "fnm"], "purchaseUrls": {"cardKingdomFoil": "https://mtgjson.com/links/6944ed2a3b5ef612", "tcgplayer": "https://mtgjson.com/links/d923a7d300fbfbc6"}, "rarity": "rare", "rulings": [{"date": "2022-12-08", "text": "Count the number of cards in your graveyard as Circular Logic resolves to determine how much the controller of the target spell has to pay. Circular Logic is still on the stack at that time. It doesn’t count itself."}], "setCode": "F06", "subtypes": [], "supertypes": [], "text": "Counter target spell unless its controller pays {1} for each card in your graveyard.\nMadness {U} (If you discard this card, discard it into exile. When you do, cast it for its madness cost or put it into your graveyard.)", "type": "Instant", "types": ["Instant"], "uuid": "0c5d8569-a8bc-5e4e-8d19-46c229dcf9b0", "watermark": "fnm"}, {"artist": "Ron Spears", "artistIds": ["fce9030b-86bd-4439-b06a-920a1eeb184c"], "availability": ["paper"], "borderColor": "black", "colorIdentity": ["W"], "colors": ["W"], "convertedManaCost": 3.0, "edhrecRank": 7803, "edhrecSaltiness": 0.04, "finishes": ["foil"], "flavorText": "\"The hum of the universe is never off-key.\"\n—Mystic elder", "foreignData": [], "frameVersion": "2003", "hasFoil": true, "hasNonFoil": false, "identifiers": {"cardKingdomFoilId": "125561", "cardsphereId": "17322", "mcmId": "15851", "mtgjsonV4Id": "20242b76-4d80-50c4-9911-2c187f987994", "scryfallId": "56d58edc-5c78-48b1-8d33-77e5a728f6bd", "scryfallIllustrationId": "a4d9a3d3-1f0e-46c2-869d-68e59e2dfcfd", "scryfallOracleId": "70f14b10-8129-4249-a267-8b4be5d9befa", "tcgplayerProductId": "38065"}, "isPromo": true, "isReprint": true, "isStarter": true, "language": "English", "layout": "normal", "legalities": {"commander": "Legal", "duel": "Legal", "legacy": "Legal", "oathbreaker": "Legal", "penny": "Legal", "predh": "Legal", "premodern": "Legal", "vintage": "Legal"}, "manaCost": "{2}{W}", "manaValue": 3.0, "name": "Astral Slide", "number": "9", "printings": ["F06", "ONS", "PRM", "VMA", "WC04"], "promoTypes": ["tourney", "fnm"], "purchaseUrls": {"cardKingdomFoil": "https://mtgjson.com/links/e8a9322c484fdf5e", "tcgplayer": "https://mtgjson.com/links/2443f240c7798a5b"}, "rarity": "rare", "rulings": [{"date": "2004-10-04", "text": "If a player cycles a card during the end step, the creature that is exiled won't come back until the end of the next turn."}, {"date": "2008-08-01", "text": "If a face-down card is exiled, it turns face-up and remains face-up when it returns to the battlefield. This does not trigger any abilities that would trigger on it being turned face-up."}], "setCode": "F06", "subtypes": [], "supertypes": [], "text": "Whenever a player cycles a card, you may exile target creature. If you do, return that card to the battlefield under its owner's control at the beginning of the next end step.", "type": "Enchantment", "types": ["Enchantment"], "uuid": "e3d9de7a-01a7-5d3c-b2fa-92785a39d95a", "watermark": "fnm"}, {"artist": "John Avon", "artistIds": ["798f3932-30e0-4420-aa3f-db4d613f89ca"], "availability": ["paper"], "borderColor": "black", "colorIdentity": ["G"], "colors": ["G"], "convertedManaCost": 5.0, "edhrecRank": 19297, "finishes": ["foil"], "flavorText": "It's hard to be humble when the whole world is bite size.", "foreignData": [], "frameVersion": "2003", "hasFoil": true, "hasNonFoil": false, "identifiers": {"cardKingdomFoilId": "124490", "cardsphereId": "17320", "mcmId": "15850", "mtgjsonV4Id": "921ea0fc-e106-528f-8789-30913c715285", "scryfallId": "dc56b3a4-163c-4e7e-bcea-8c4213c2a2f5", "scryfallIllustrationId": "d6e37369-5b93-474e-92a7-d0e5afe384af", "scryfallOracleId": "dc7f0c33-80ea-453e-a237-473f077f038e", "tcgplayerProductId": "38064"}, "isPromo": true, "isReprint": true, "isStarter": true, "keywords": ["Madness", "Trample"], "language": "English", "layout": "normal", "legalities": {"commander": "Legal", "duel": "Legal", "legacy": "Legal", "oathbreaker": "Legal", "pauper": "Legal", "paupercommander": "Legal", "penny": "Legal", "predh": "Legal", "premodern": "Legal", "vintage": "Legal"}, "manaCost": "{3}{G}{G}", "manaValue": 5.0, "name": "Arrogant Wurm", "number": "10", "power": "4", "printings": ["F06", "PRM", "TOR", "VMA", "WC03"], "promoTypes": ["tourney", "fnm"], "purchaseUrls": {"cardKingdomFoil": "https://mtgjson.com/links/2702b4cbfab105df", "tcgplayer": "https://mtgjson.com/links/cc1a84482eeb9ecf"}, "rarity": "rare", "setCode": "F06", "subtypes": ["Wurm"], "supertypes": [], "text": "Trample\nMadness {2}{G} (If you discard this card, discard it into exile. When you do, cast it for its madness cost or put it into your graveyard.)", "toughness": "4", "type": "Creature — Wurm", "types": ["Creature"], "uuid": "ce0834ed-e32f-5c88-8f6c-45d7edba8fc7", "watermark": "fnm"}, {"artist": "Anthony S. Waters", "artistIds": ["f009de11-3c8d-4663-b996-ca0c3e997fad", "b845b8ee-aeea-4822-bcf9-7230625ac95c"], "availability": ["paper"], "borderColor": "black", "colorIdentity": ["B", "G"], "colors": ["G"], "convertedManaCost": 3.0, "edhrecRank": 3604, "edhrecSaltiness": 0.11, "faceConvertedManaCost": 1.0, "faceManaValue": 1.0, "faceName": "Life", "finishes": ["foil"], "foreignData": [], "frameVersion": "2003", "hasFoil": true, "hasNonFoil": false, "identifiers": {"cardKingdomFoilId": "125579", "cardsphereId": "17419", "mcmId": "15852", "mtgjsonV4Id": "4501ea98-2d25-5d7e-a7b0-5f6b6e5bd208", "scryfallId": "776d76de-f8b3-4ab3-a326-6d9623b78ba3", "scryfallIllustrationId": "d16a6ddd-891c-4227-8dc0-5e3be935697e", "scryfallOracleId": "d476f4b3-db63-4756-ab76-4b35f63c2825", "tcgplayerProductId": "38121"}, "isPromo": true, "isReprint": true, "isStarter": true, "language": "English", "layout": "split", "legalities": {"commander": "Legal", "duel": "Legal", "legacy": "Legal", "oathbreaker": "Legal", "predh": "Legal", "premodern": "Legal", "vintage": "Legal"}, "manaCost": "{G}", "manaValue": 3.0, "name": "Life // Death", "number": "11a", "otherFaceIds": ["6f1283b3-92b7-5217-be06-373b51c9b65b"], "printings": ["APC", "DDJ", "DMR", "F06", "PRM"], "promoTypes": ["tourney", "fnm"], "purchaseUrls": {"cardKingdomFoil": "https://mtgjson.com/links/25f469136f94335f", "tcgplayer": "https://mtgjson.com/links/11617d64c3160d16"}, "rarity": "rare", "setCode": "F06", "side": "a", "subtypes": [], "supertypes": [], "text": "All lands you control become 1/1 creatures until end of turn. They're still lands.", "type": "Sorcery", "types": ["Sorcery"], "uuid": "136a4957-6aff-56b0-9376-4eea5711ca3a", "watermark": "fnm"}, {"artist": "Edward P. Beard, Jr.", "artistIds": ["f009de11-3c8d-4663-b996-ca0c3e997fad", "b845b8ee-aeea-4822-bcf9-7230625ac95c"], "availability": ["paper"], "borderColor": "black", "colorIdentity": ["B", "G"], "colors": ["B"], "convertedManaCost": 3.0, "edhrecRank": 3604, "edhrecSaltiness": 0.11, "faceConvertedManaCost": 2.0, "faceManaValue": 2.0, "faceName": "Death", "finishes": ["foil"], "foreignData": [], "frameVersion": "2003", "hasFoil": true, "hasNonFoil": false, "identifiers": {"cardsphereId": "17419", "mcmId": "15852", "mtgjsonV4Id": "fc46b5bf-aa2b-5e37-a6f8-5e75aa547867", "scryfallId": "776d76de-f8b3-4ab3-a326-6d9623b78ba3", "scryfallIllustrationId": "d16a6ddd-891c-4227-8dc0-5e3be935697e", "scryfallOracleId": "d476f4b3-db63-4756-ab76-4b35f63c2825", "tcgplayerProductId": "38121"}, "isPromo": true, "isReprint": true, "isStarter": true, "language": "English", "layout": "split", "legalities": {"commander": "Legal", "duel": "Legal", "legacy": "Legal", "oathbreaker": "Legal", "predh": "Legal", "premodern": "Legal", "vintage": "Legal"}, "manaCost": "{1}{B}", "manaValue": 3.0, "name": "Life // Death", "number": "11a", "otherFaceIds": ["136a4957-6aff-56b0-9376-4eea5711ca3a"], "printings": ["APC", "DDJ", "DMR", "F06", "PRM"], "promoTypes": ["tourney", "fnm"], "purchaseUrls": {"tcgplayer": "https://mtgjson.com/links/e1fc668f72d8620a"}, "rarity": "rare", "setCode": "F06", "side": "b", "subtypes": [], "supertypes": [], "text": "Return target creature card from your graveyard to the battlefield. You lose life equal to its mana value.", "type": "Sorcery", "types": ["Sorcery"], "uuid": "6f1283b3-92b7-5217-be06-373b51c9b65b", "watermark": "fnm"}, {"artist": "David Martin", "artistIds": ["996ad764-4ae0-4952-8bb5-5a75c9d68275", "3a243c17-3baa-4b53-9599-645311cd7d3d"], "availability": ["paper"], "borderColor": "black", "colorIdentity": ["R", "U"], "colors": ["R"], "convertedManaCost": 4.0, "edhrecRank": 8822, "edhrecSaltiness": 0.08, "faceConvertedManaCost": 2.0, "faceManaValue": 2.0, "faceName": "Fire", "finishes": ["foil"], "foreignData": [], "frameVersion": "2003", "hasFoil": true, "hasNonFoil": false, "identifiers": {"cardKingdomFoilId": "125562", "cardsphereId": "17379", "mcmId": "15855", "mtgjsonV4Id": "c83ec2ff-20c6-5f84-852f-51963ddde0a3", "scryfallId": "04cb4e4e-8275-4132-8f1a-84b486725400", "scryfallIllustrationId": "c890cb20-7e04-4ad0-96a6-8854cd409c14", "scryfallOracleId": "ae92942b-919c-4ea9-b693-85fcef765d5a", "tcgplayerProductId": "38097"}, "isPromo": true, "isReprint": true, "isStarter": true, "language": "English", "layout": "split", "legalities": {"commander": "Legal", "duel": "Legal", "legacy": "Legal", "modern": "Legal", "oathbreaker": "Legal", "pauper": "Legal", "paupercommander": "Legal", "predh": "Legal", "premodern": "Legal", "vintage": "Legal"}, "manaCost": "{1}{R}", "manaValue": 4.0, "name": "Fire // Ice", "number": "12a", "otherFaceIds": ["19ca0c3f-8512-5bf0-80b6-86c634c0969f"], "printings": ["APC", "CMD", "DDJ", "DMR", "F06", "MB1", "MH2", "PRM", "UMA", "WC01", "WC02"], "promoTypes": ["tourney", "fnm"], "purchaseUrls": {"cardKingdomFoil": "https://mtgjson.com/links/272366e3f61294a6", "tcgplayer": "https://mtgjson.com/links/1b3d894503525946"}, "rarity": "rare", "setCode": "F06", "side": "a", "subtypes": [], "supertypes": [], "text": "Fire deals 2 damage divided as you choose among one or two targets.", "type": "Instant", "types": ["Instant"], "uuid": "4eadb7f1-0e82-5d7b-80f5-c396692472b5", "watermark": "fnm"}, {"artist": "Franz Vohwinkel", "artistIds": ["996ad764-4ae0-4952-8bb5-5a75c9d68275", "3a243c17-3baa-4b53-9599-645311cd7d3d"], "availability": ["paper"], "borderColor": "black", "colorIdentity": ["R", "U"], "colors": ["U"], "convertedManaCost": 4.0, "edhrecRank": 8822, "edhrecSaltiness": 0.08, "faceConvertedManaCost": 2.0, "faceManaValue": 2.0, "faceName": "Ice", "finishes": ["foil"], "foreignData": [], "frameVersion": "2003", "hasFoil": true, "hasNonFoil": false, "identifiers": {"cardsphereId": "17379", "mcmId": "15855", "mtgjsonV4Id": "9cec0935-26b1-53ca-9149-c46c602f05f6", "scryfallId": "04cb4e4e-8275-4132-8f1a-84b486725400", "scryfallIllustrationId": "c890cb20-7e04-4ad0-96a6-8854cd409c14", "scryfallOracleId": "ae92942b-919c-4ea9-b693-85fcef765d5a", "tcgplayerProductId": "38097"}, "isPromo": true, "isReprint": true, "isStarter": true, "language": "English", "layout": "split", "legalities": {"commander": "Legal", "duel": "Legal", "legacy": "Legal", "modern": "Legal", "oathbreaker": "Legal", "pauper": "Legal", "paupercommander": "Legal", "predh": "Legal", "premodern": "Legal", "vintage": "Legal"}, "manaCost": "{1}{U}", "manaValue": 4.0, "name": "Fire // Ice", "number": "12a", "otherFaceIds": ["4eadb7f1-0e82-5d7b-80f5-c396692472b5"], "printings": ["APC", "CMD", "DDJ", "DMR", "F06", "MB1", "MH2", "PRM", "UMA", "WC01", "WC02"], "promoTypes": ["tourney", "fnm"], "purchaseUrls": {"tcgplayer": "https://mtgjson.com/links/63d95312e6332823"}, "rarity": "rare", "setCode": "F06", "side": "b", "subtypes": [], "supertypes": [], "text": "Tap target permanent.\nDraw a card.", "type": "Instant", "types": ["Instant"], "uuid": "19ca0c3f-8512-5bf0-80b6-86c634c0969f", "watermark": "fnm"}], "code": "F06", "isFoilOnly": true, "isOnlineOnly": false, "keyruneCode": "PARL", "languages": ["English"], "name": "Friday Night Magic 2006", "releaseDate": "2006-01-01", "tokens": [], "totalSetSize": 14, "translations": {}, "type": "promo"}}