{"meta": {"date": "2023-08-19", "version": "5.2.1+20230819"}, "data": {"baseSetSize": 12, "block": "Friday Night Magic", "cards": [{"artist": "Carl Critchlow", "artistIds": ["17948f16-611a-44b8-8d10-9895a0bdfff1"], "availability": ["paper"], "borderColor": "black", "colorIdentity": ["B", "W"], "colors": ["B", "W"], "convertedManaCost": 2.0, "edhrecRank": 14076, "edhrecSaltiness": 0.2, "finishes": ["foil"], "foreignData": [], "frameVersion": "2003", "hasFoil": true, "hasNonFoil": false, "identifiers": {"cardKingdomFoilId": "130028", "cardsphereId": "17491", "mcmId": "22114", "mtgjsonV4Id": "30b1a2d4-df8c-519c-9d67-77d3275fa573", "scryfallId": "71af4228-093e-4b07-8f9e-e95653da07e4", "scryfallIllustrationId": "17447a22-fc58-4dbd-b7f6-5c90c3cb4a18", "scryfallOracleId": "51b55057-8b14-4277-894b-4813b4f7eb39", "tcgplayerProductId": "38168"}, "isPromo": true, "isReprint": true, "isStarter": true, "language": "English", "layout": "normal", "legalities": {"commander": "Legal", "duel": "Legal", "legacy": "Legal", "modern": "Legal", "oathbreaker": "Legal", "paupercommander": "Restricted", "penny": "Legal", "predh": "Legal", "vintage": "Legal"}, "manaCost": "{W}{B}", "manaValue": 2.0, "name": "Tidehollow Sculler", "number": "1", "power": "2", "printings": ["ALA", "F10", "MD1", "MMA", "PRM", "TSR"], "promoTypes": ["tourney", "fnm"], "purchaseUrls": {"cardKingdomFoil": "https://mtgjson.com/links/7eb477024babb198", "tcgplayer": "https://mtgjson.com/links/0603adcb251269b2"}, "rarity": "rare", "rulings": [{"date": "2021-03-19", "text": "If Tidehollow Sculler leaves the battlefield before its first ability has resolved, its second ability triggers. This ability does nothing when it resolves. Then its first ability resolves and exiles the chosen card indefinitely."}], "setCode": "F10", "subtypes": ["Zombie"], "supertypes": [], "text": "When Tidehollow Sculler enters the battlefield, target opponent reveals their hand and you choose a nonland card from it. Exile that card.\nWhen Tidehollow Sculler leaves the battlefield, return the exiled card to its owner's hand.", "toughness": "2", "type": "Artifact Creature — Zombie", "types": ["Artifact", "Creature"], "uuid": "089982a7-a522-5aa1-bd9f-d4fb16b2b54d", "watermark": "fnm"}, {"artist": "Wayne England", "artistIds": ["62dc90c0-4bc2-4d42-ad76-59cad9243566"], "availability": ["paper"], "borderColor": "black", "colorIdentity": ["W"], "colors": ["W"], "convertedManaCost": 3.0, "edhrecRank": 151, "edhrecSaltiness": 0.91, "finishes": ["foil"], "flavorText": "\"May the memory of our fallen heroes ensnare the violent hearts of lesser men.\"\n—Great Threshold of Monserkat inscription", "foreignData": [], "frameVersion": "2003", "hasFoil": true, "hasNonFoil": false, "identifiers": {"cardKingdomFoilId": "130365", "cardsphereId": "17393", "mcmId": "22115", "mtgjsonV4Id": "018892dd-6c29-579c-ab98-b81fe0ddc105", "scryfallId": "220be468-93a3-4905-be7f-903234f9862e", "scryfallIllustrationId": "c27b1dcd-75ad-4ae6-9d5f-3f073ab4f634", "scryfallOracleId": "e828b189-0e8f-43b8-b909-4c23e742e028", "tcgplayerProductId": "38104"}, "isPromo": true, "isReprint": true, "isStarter": true, "language": "English", "layout": "normal", "legalities": {"commander": "Legal", "duel": "Legal", "legacy": "Legal", "modern": "Legal", "oathbreaker": "Legal", "predh": "Legal", "vintage": "Legal"}, "manaCost": "{2}{W}", "manaValue": 3.0, "name": "Ghostly Prison", "number": "2", "printings": ["C16", "C19", "C21", "CHK", "CMD", "CN2", "F10", "KHC", "ONC", "PC2", "PCA", "PRM", "PZ1", "SLD", "TD0", "VOC"], "promoTypes": ["tourney", "fnm"], "purchaseUrls": {"cardKingdomFoil": "https://mtgjson.com/links/cf680ec5a0e47ee8", "tcgplayer": "https://mtgjson.com/links/af32f3eb7fb2b523"}, "rarity": "rare", "rulings": [{"date": "2007-02-01", "text": "In the Two-Headed Giant format, you still only have to pay once per creature."}, {"date": "2014-02-01", "text": "Unless some effect explicitly says otherwise, a creature that can't attack you can still attack a planeswalker you control."}], "setCode": "F10", "subtypes": [], "supertypes": [], "text": "Creatures can't attack you unless their controller pays {2} for each creature they control that's attacking you.", "type": "Enchantment", "types": ["Enchantment"], "uuid": "33f24d9e-32c9-5108-9cef-bf1c2326567f", "watermark": "fnm"}, {"artist": "Randy Gallegos", "artistIds": ["a5048cc7-438a-4378-98e4-da99b78e1db0"], "availability": ["paper"], "borderColor": "black", "colorIdentity": [], "colors": [], "convertedManaCost": 0.0, "edhrecRank": 2903, "edhrecSaltiness": 0.08, "finishes": ["foil"], "flavorText": "Leylines branch out from its foundation like roots from a tree. These draw mana from every region and welcome all living things into its verdant chambers.", "foreignData": [], "frameVersion": "2003", "hasFoil": true, "hasNonFoil": false, "identifiers": {"cardKingdomFoilId": "131138", "cardsphereId": "17318", "mcmId": "22329", "mtgjsonV4Id": "7a50e41d-0313-5587-a286-fb836a017ec7", "scryfallId": "6a631f4a-c79b-4d8a-8c78-6aeb980bc8cb", "scryfallIllustrationId": "a8933d66-2fc0-4426-8445-65a8a11723f3", "scryfallOracleId": "0baabe39-72ae-47bd-a095-cbf7eb8a6361", "tcgplayerProductId": "38061"}, "isPromo": true, "isReprint": true, "isStarter": true, "language": "English", "layout": "normal", "legalities": {"commander": "Legal", "duel": "Legal", "gladiator": "Legal", "historic": "Legal", "historicbrawl": "Legal", "legacy": "Legal", "modern": "Legal", "oathbreaker": "Legal", "penny": "Legal", "predh": "Legal", "vintage": "Legal"}, "manaValue": 0.0, "name": "Ancient Ziggurat", "number": "3", "printings": ["CON", "F10", "H09", "HA3", "MB1", "PRM"], "promoTypes": ["tourney", "fnm"], "purchaseUrls": {"cardKingdomFoil": "https://mtgjson.com/links/4d470952e6428266", "tcgplayer": "https://mtgjson.com/links/a16093e91a50aa55"}, "rarity": "rare", "rulings": [{"date": "2009-02-01", "text": "Mana produced by Ancient Ziggurat can be spent on any part of a creature spell’s total cost. This includes additional costs (such as kicker) and alternative costs (such as evoke or Worldheart Phoenix’s alternative cost)."}, {"date": "2009-02-01", "text": "Mana produced by Ancient Ziggurat can’t be spent on activated abilities that put a creature card directly onto the battlefield, such as unearth or ninjutsu."}], "setCode": "F10", "subtypes": [], "supertypes": [], "text": "{T}: Add one mana of any color. Spend this mana only to cast a creature spell.", "type": "Land", "types": ["Land"], "uuid": "c451946e-8a7e-54a6-a5a5-9cabb76fc734", "watermark": "fnm"}, {"artist": "Steve Argyle", "artistIds": ["a44ddda4-5331-4f83-aac9-3e00ed36bd7b"], "availability": ["paper"], "borderColor": "black", "colorIdentity": ["G", "R"], "colors": ["G", "R"], "convertedManaCost": 4.0, "edhrecRank": 2946, "edhrecSaltiness": 0.1, "finishes": ["foil"], "foreignData": [], "frameVersion": "2003", "hasFoil": true, "hasNonFoil": false, "identifiers": {"cardKingdomFoilId": "131135", "cardsphereId": "17333", "mcmId": "22404", "mtgjsonV4Id": "95aebddd-6329-50d7-99b6-4143b6f4774d", "scryfallId": "e15bdfae-c01b-4345-91b8-047dd0865ed4", "scryfallIllustrationId": "cccb215f-e5cd-460b-99dc-e7daa2e7700d", "scryfallOracleId": "3f0c9466-5ab9-4205-a84f-b4b27b5a678e", "tcgplayerProductId": "38071"}, "isPromo": true, "isReprint": true, "isStarter": true, "keywords": ["Cascade", "Haste"], "language": "English", "layout": "normal", "legalities": {"commander": "Legal", "duel": "Legal", "gladiator": "Legal", "historic": "Legal", "historicbrawl": "Legal", "legacy": "Legal", "modern": "Legal", "oathbreaker": "Legal", "paupercommander": "Restricted", "penny": "Legal", "predh": "Legal", "vintage": "Legal"}, "manaCost": "{2}{R}{G}", "manaValue": 4.0, "name": "Bloodbraid Elf", "number": "4", "power": "3", "printings": ["2X2", "ARB", "C16", "CLB", "EMA", "F10", "HA7", "MB1", "PC2", "PCA", "PRM", "SLC", "TSR"], "promoTypes": ["tourney", "fnm"], "purchaseUrls": {"cardKingdomFoil": "https://mtgjson.com/links/ff30b45e98983b78", "tcgplayer": "https://mtgjson.com/links/6bdc2d490599553f"}, "rarity": "rare", "rulings": [{"date": "2021-06-18", "text": "A spell's mana value is determined only by its mana cost. Ignore any alternative costs, additional costs, cost increases, or cost reductions."}, {"date": "2021-06-18", "text": "Cascade triggers when you cast the spell, meaning that it resolves before that spell. If you end up casting the exiled card, it will go on the stack above the spell with cascade."}, {"date": "2021-06-18", "text": "When the cascade ability resolves, you must exile cards. The only optional part of the ability is whether or not you cast the last card exiled."}, {"date": "2021-06-18", "text": "If a spell with cascade is countered, the cascade ability will still resolve normally."}, {"date": "2021-06-18", "text": "You exile the cards face up. All players will be able to see them."}, {"date": "2021-06-18", "text": "If you cast a card “without paying its mana cost,” you can't choose to cast it for any alternative costs. You can, however, pay additional costs. If the card has any mandatory additional costs, you must pay those to cast the card."}, {"date": "2021-06-18", "text": "If the card has {X} in its mana cost, you must choose 0 as the value of X when casting it without paying its mana cost."}, {"date": "2021-06-18", "text": "Due to a recent rules change to cascade, not only do you stop exiling cards if you exile a nonland card with lesser mana value than the spell with cascade, but the resulting spell you cast must also have lesser mana value. Previously, in cases where a card's mana value differed from the resulting spell, such as with some modal double-faced cards or cards with an Adventure, you could cast a spell with a higher mana value than the exiled card."}, {"date": "2021-06-18", "text": "The mana value of a split card is determined by the combined mana cost of its two halves. If cascade allows you to cast a split card, you may cast either half but not both halves."}], "setCode": "F10", "subtypes": ["Elf", "Berserker"], "supertypes": [], "text": "Haste\nCascade (When you cast this spell, exile cards from the top of your library until you exile a nonland card that costs less. You may cast it without paying its mana cost. Put the exiled cards on the bottom of your library in a random order.)", "toughness": "2", "type": "Creature — Elf Berserker", "types": ["Creature"], "uuid": "5d6cd8db-1cee-5987-91c2-e6a0bcb62078", "watermark": "fnm"}, {"artist": "Jim Nelson", "artistIds": ["aa9f64d1-29e1-4c82-877e-44c18183f40b"], "availability": ["paper"], "borderColor": "black", "colorIdentity": [], "colors": [], "convertedManaCost": 0.0, "edhrecRank": 7149, "edhrecSaltiness": 0.1, "finishes": ["foil"], "flavorText": "\"He watches from above. He watches from below. He watches from within.\"\n—Inscription on Tel-Jilad, the Tree of Tales", "foreignData": [], "frameVersion": "2003", "hasFoil": true, "hasNonFoil": false, "identifiers": {"cardKingdomFoilId": "131558", "cardsphereId": "17349", "mcmId": "22936", "mtgjsonV4Id": "5ce2b2cc-5f70-56e3-86f3-bbbc789f216a", "scryfallId": "498f08b0-18c7-4593-b5df-9f9e0ae8fb6d", "scryfallIllustrationId": "36ebe775-5b77-45f5-8f38-50e1f2dda523", "scryfallOracleId": "f705c0eb-9c6c-4315-a860-208ed0c5d93e", "tcgplayerProductId": "38082"}, "isPromo": true, "isReprint": true, "isStarter": true, "language": "English", "layout": "normal", "legalities": {"commander": "Legal", "duel": "Legal", "legacy": "Legal", "modern": "Banned", "oathbreaker": "Legal", "pauper": "Banned", "paupercommander": "Legal", "penny": "Legal", "predh": "Legal", "vintage": "Legal"}, "manaValue": 0.0, "name": "Cloudpost", "number": "5", "printings": ["F10", "MRD", "PRM", "WC04"], "promoTypes": ["tourney", "fnm"], "purchaseUrls": {"cardKingdomFoil": "https://mtgjson.com/links/e5f892cedc878181", "tcgplayer": "https://mtgjson.com/links/d90f59e3b7ea8bbc"}, "rarity": "rare", "setCode": "F10", "subtypes": ["Locus"], "supertypes": [], "text": "Cloudpost enters the battlefield tapped.\n{T}: Add {C} for each Locus on the battlefield.", "type": "Land — Locus", "types": ["Land"], "uuid": "78007587-115d-5d9a-96de-65a4aaaba9c5", "watermark": "fnm"}, {"artist": "Lucio Parrillo", "artistIds": ["1b452d3f-5c32-46dc-adc3-83eba53052d5"], "availability": ["paper"], "borderColor": "black", "colorIdentity": ["G"], "colors": ["G"], "convertedManaCost": 2.0, "edhrecRank": 1193, "edhrecSaltiness": 0.04, "finishes": ["foil"], "flavorText": "Before any major undertaking, a Cylian elf seeks the guidance of a visionary to learn the will of the gargantuan ancients.", "foreignData": [], "frameVersion": "2003", "hasFoil": true, "hasNonFoil": false, "identifiers": {"cardKingdomFoilId": "131556", "cardsphereId": "17368", "mcmId": "241057", "mtgjsonV4Id": "c63d29b8-b9c0-586a-b330-83b3c87ce10e", "scryfallId": "3e92d855-397f-47e0-942f-002838ad3aed", "scryfallIllustrationId": "761c4437-6dd6-4bd1-9183-a262fd7ba950", "scryfallOracleId": "c6a3a882-a127-4590-93d7-679ef4313efe", "tcgplayerProductId": "38093"}, "isPromo": true, "isReprint": true, "isStarter": true, "language": "English", "layout": "normal", "legalities": {"commander": "Legal", "duel": "Legal", "explorer": "Legal", "gladiator": "Legal", "historic": "Legal", "historicbrawl": "Legal", "legacy": "Legal", "modern": "Legal", "oathbreaker": "Legal", "pauper": "Legal", "paupercommander": "Legal", "penny": "Legal", "pioneer": "Legal", "predh": "Legal", "vintage": "Legal"}, "manaCost": "{1}{G}", "manaValue": 2.0, "name": "Elvish Visionary", "number": "6", "power": "1", "printings": ["ALA", "BBD", "C14", "C15", "CMA", "CMR", "DDR", "DPA", "F10", "GN3", "HA1", "LTC", "M10", "M13", "MB1", "ORI", "PRM", "PS11", "TD0"], "promoTypes": ["tourney", "fnm"], "purchaseUrls": {"cardKingdomFoil": "https://mtgjson.com/links/7b3619844b22cb88", "tcgplayer": "https://mtgjson.com/links/1569209656a5f7e3"}, "rarity": "rare", "setCode": "F10", "subtypes": ["Elf", "Shaman"], "supertypes": [], "text": "When Elvish Visionary enters the battlefield, draw a card.", "toughness": "1", "type": "Creature — Elf Shaman", "types": ["Creature"], "uuid": "c69f9988-d197-55d6-a77e-70f717f91d51", "watermark": "fnm"}, {"artist": "Mark Hyzer", "artistIds": ["85deac3f-b647-4893-993d-3ea4d16d93ef"], "availability": ["paper"], "borderColor": "black", "colorIdentity": ["B", "R"], "colors": ["B", "R"], "convertedManaCost": 3.0, "edhrecRank": 9621, "edhrecSaltiness": 0.35, "finishes": ["foil"], "foreignData": [], "frameVersion": "2003", "hasFoil": true, "hasNonFoil": false, "identifiers": {"cardKingdomFoilId": "133025", "cardsphereId": "17316", "mcmId": "241949", "mtgjsonV4Id": "f15ed27c-7ff4-5d82-b8dc-21a3c51b22a6", "scryfallId": "96fe34d6-278e-4c02-aba0-93201e97e11a", "scryfallIllustrationId": "d6cd314e-c447-480b-9674-c72fc86c0af3", "scryfallOracleId": "137b5708-50a9-4f4c-84e6-9043be9f1989", "tcgplayerProductId": "38060"}, "isPromo": true, "isReprint": true, "isStarter": true, "keywords": ["Unearth"], "language": "English", "layout": "normal", "legalities": {"commander": "Legal", "duel": "Legal", "legacy": "Legal", "modern": "Legal", "oathbreaker": "Legal", "paupercommander": "Restricted", "penny": "Legal", "predh": "Legal", "vintage": "Legal"}, "manaCost": "{1}{B}{R}", "manaValue": 3.0, "name": "Anathemancer", "number": "7", "power": "2", "printings": ["ARB", "F10", "PRM"], "promoTypes": ["tourney", "fnm"], "purchaseUrls": {"cardKingdomFoil": "https://mtgjson.com/links/446d6d798ccebb5f", "tcgplayer": "https://mtgjson.com/links/a13513c021bbd085"}, "rarity": "rare", "setCode": "F10", "subtypes": ["Zombie", "Wizard"], "supertypes": [], "text": "When Anathemancer enters the battlefield, it deals damage to target player equal to the number of nonbasic lands that player controls.\nUnearth {5}{B}{R} ({5}{B}{R}: Return this card from your graveyard to the battlefield. It gains haste. Exile it at the beginning of the next end step or if it would leave the battlefield. Unearth only as a sorcery.)", "toughness": "2", "type": "Creature — Zombie Wizard", "types": ["Creature"], "uuid": "d4117fac-de9c-568b-9175-14a9610b9ad0", "watermark": "fnm"}, {"artist": "Franz Vohwinkel", "artistIds": ["3a243c17-3baa-4b53-9599-645311cd7d3d"], "availability": ["paper"], "borderColor": "black", "colorIdentity": ["G"], "colors": ["G"], "convertedManaCost": 3.0, "edhrecRank": 165, "edhrecSaltiness": 0.29, "finishes": ["foil"], "flavorText": "\"Give up these unnatural weapons, these scrolls. Heart and mind and fist are enough.\"\n—Zyd, Kamahlite druid", "foreignData": [], "frameVersion": "2003", "hasFoil": true, "hasNonFoil": false, "identifiers": {"cardKingdomFoilId": "184465", "cardsphereId": "17416", "mcmId": "242246", "mtgjsonV4Id": "9e62cb5a-0287-5960-80e4-911b173fe95f", "scryfallId": "aec48573-394a-4069-9500-671b188d100a", "scryfallIllustrationId": "b22286ce-907b-4ec1-be53-1d41a8134ccc", "scryfallOracleId": "3e39224c-72ce-4ecc-aa17-12c071ea1f3e", "tcgplayerProductId": "38118"}, "isPromo": true, "isReprint": true, "isStarter": true, "keywords": ["Split second"], "language": "English", "layout": "normal", "legalities": {"commander": "Legal", "duel": "Legal", "gladiator": "Legal", "historic": "Legal", "historicbrawl": "Legal", "legacy": "Legal", "modern": "Legal", "oathbreaker": "Legal", "penny": "Legal", "predh": "Legal", "vintage": "Legal"}, "manaCost": "{2}{G}", "manaValue": 3.0, "name": "Krosan Grip", "number": "8", "printings": ["C13", "C15", "C20", "C21", "CMA", "F10", "MMA", "PRM", "PZ1", "SLD", "STA", "TSP", "TSR"], "promoTypes": ["tourney", "fnm"], "purchaseUrls": {"cardKingdomFoil": "https://mtgjson.com/links/769cecd094c65f53", "tcgplayer": "https://mtgjson.com/links/edd2ae77f4b7b938"}, "rarity": "rare", "rulings": [{"date": "2021-03-19", "text": "Players still get priority while a card with split second is on the stack; their options are just limited to mana abilities and certain special actions."}, {"date": "2021-03-19", "text": "Players may turn face-down creatures face up while a spell with split second is on the stack."}, {"date": "2021-03-19", "text": "Split second doesn't stop triggered abilities from triggering, such as that of Chalice of the Void. If one does, its controller puts it on the stack and chooses targets for it, if any. Those abilities will resolve as normal."}, {"date": "2021-03-19", "text": "Casting a spell with split second won't affect spells and abilities that are already on the stack."}, {"date": "2021-03-19", "text": "If the resolution of a triggered ability involves casting a spell, that spell can't be cast if a spell with split second is on the stack."}, {"date": "2021-03-19", "text": "After a spell with split second resolves (or otherwise leaves the stack), players may again cast spells and activate abilities before the next object on the stack resolves."}], "setCode": "F10", "subtypes": [], "supertypes": [], "text": "Split second (As long as this spell is on the stack, players can't cast spells or activate abilities that aren't mana abilities.)\nDestroy target artifact or enchantment.", "type": "Instant", "types": ["Instant"], "uuid": "47b5ce31-d7df-52f5-86b9-a6e2cc075686", "watermark": "fnm"}, {"artist": "Dave Allsop", "artistIds": ["99b8310a-4fd6-4ded-8ab7-3b5185821cbe"], "availability": ["paper"], "borderColor": "black", "colorIdentity": ["G", "W"], "colors": ["G", "W"], "convertedManaCost": 2.0, "edhrecRank": 2441, "edhrecSaltiness": 0.1, "finishes": ["foil"], "flavorText": "An elder in one pride, of the Sigiled caste in another.", "foreignData": [], "frameVersion": "2003", "hasFoil": true, "hasNonFoil": false, "identifiers": {"cardKingdomFoilId": "185148", "cardsphereId": "17445", "mcmId": "242497", "mtgjsonV4Id": "af287e4a-f730-5591-927a-b5db6517cfc5", "scryfallId": "e669f0d0-30a2-488a-98a2-d9cfcbe9fc01", "scryfallIllustrationId": "9ffe9940-7c0c-4752-877a-3c976858743d", "scryfallOracleId": "10821e37-8a83-4d8e-a12f-249a10933a22", "tcgplayerProductId": "38141"}, "isPromo": true, "isReprint": true, "isStarter": true, "keywords": ["Exalted"], "language": "English", "layout": "normal", "legalities": {"commander": "Legal", "duel": "Legal", "legacy": "Legal", "modern": "Legal", "oathbreaker": "Legal", "pauper": "Legal", "paupercommander": "Legal", "penny": "Legal", "predh": "Legal", "vintage": "Legal"}, "manaCost": "{G}{W}", "manaValue": 2.0, "name": "Qasali Pridemage", "number": "9", "power": "2", "printings": ["2X2", "ARB", "C17", "DDH", "F10", "MB1", "PRM", "TSR"], "promoTypes": ["tourney", "fnm"], "purchaseUrls": {"cardKingdomFoil": "https://mtgjson.com/links/8d38898e1faa2c71", "tcgplayer": "https://mtgjson.com/links/c014d0575e6fea2c"}, "rarity": "rare", "rulings": [{"date": "2021-03-19", "text": "If you declare exactly one creature as an attacker, each exalted ability on each permanent you control (including, perhaps, the attacking creature itself) will trigger."}, {"date": "2021-03-19", "text": "You must attack with exactly one creature for exalted abilities to trigger. Exalted abilities won’t trigger if you attack a player with one creature and a planeswalker with another, for example, or if you attack with two creatures but one is removed from combat."}, {"date": "2021-03-19", "text": "Some effects put creatures onto the battlefield attacking. Since those creatures were never declared as attackers, they’re ignored by exalted abilities. They won’t cause exalted abilities to trigger. If any exalted abilities have already triggered (because exactly one creature was declared as an attacker), those abilities will resolve as normal even though there may now be multiple attackers."}], "setCode": "F10", "subtypes": ["Cat", "Wizard"], "supertypes": [], "text": "Exalted (Whenever a creature you control attacks alone, that creature gets +1/+1 until end of turn.)\n{1}, Sacrifice Qasali Pridemage: Destroy target artifact or enchantment.", "toughness": "2", "type": "Creature — Cat Wizard", "types": ["Creature"], "uuid": "0164738b-78dc-52c0-9d6e-4b76c22b19f2", "watermark": "fnm"}, {"artist": "Daniel Ljunggren", "artistIds": ["0fbd4798-76eb-46d5-a5d4-1e3a25870e34"], "availability": ["paper"], "borderColor": "black", "colorIdentity": ["R"], "colors": ["R"], "convertedManaCost": 3.0, "edhrecRank": 10561, "edhrecSaltiness": 0.05, "finishes": ["foil"], "foreignData": [], "frameVersion": "2003", "hasFoil": true, "hasNonFoil": false, "identifiers": {"cardKingdomFoilId": "184467", "cardsphereId": "17454", "mcmId": "242748", "mtgjsonV4Id": "d75172a7-ac4c-5a0b-98c9-56e0dab8a1fd", "scryfallId": "25176fe7-a5a0-44d2-9619-193063c55902", "scryfallIllustrationId": "d3e1b290-cfce-4c9b-a7ed-1e4c039dac98", "scryfallOracleId": "2b8afa9f-4236-4c02-a8d5-3c145caecfd6", "tcgplayerProductId": "38147"}, "isPromo": true, "isReprint": true, "isStarter": true, "keywords": ["Suspend"], "language": "English", "layout": "normal", "legalities": {"commander": "Legal", "duel": "Legal", "legacy": "Legal", "modern": "Legal", "oathbreaker": "Legal", "pauper": "Legal", "paupercommander": "Legal", "penny": "Legal", "predh": "Legal", "vintage": "Legal"}, "manaCost": "{2}{R}", "manaValue": 3.0, "name": "Rift Bolt", "number": "10", "printings": ["2X2", "DDS", "F10", "IMA", "MMA", "PRM", "TD0", "TSP", "TSR"], "promoTypes": ["tourney", "fnm"], "purchaseUrls": {"cardKingdomFoil": "https://mtgjson.com/links/dfde3eaa0a8c356e", "tcgplayer": "https://mtgjson.com/links/5ae293f3536e38e8"}, "rarity": "rare", "rulings": [{"date": "2021-06-18", "text": "Suspend is a keyword that represents three abilities. The first is a static ability that allows you to exile the card from your hand with the specified number of time counters (the number before the dash) on it by paying its suspend cost (listed after the dash). The second is a triggered ability that removes a time counter from the suspended card at the beginning of each of your upkeeps. The third is a triggered ability that causes you to cast the card when the last time counter is removed. If you cast a creature spell this way, it gains haste until you lose control of that creature (or, in rare cases, you lose control of the creature spell while it’s on the stack)."}, {"date": "2021-06-18", "text": "You can exile a card in your hand using suspend any time you could cast that card. Consider its card type, any effects that modify when you could cast it (such as flash) and any other effects that stop you from casting it (such as from Meddling Mage’s ability) to determine if and when you can do this. Whether you could actually complete all steps in casting the card is irrelevant. For example, you can exile a card with suspend that has no mana cost or that requires a target even if no legal targets are available at that time."}, {"date": "2021-06-18", "text": "Cards exiled with suspend are exiled face up."}, {"date": "2021-06-18", "text": "Exiling a card with suspend isn’t casting that card. This action doesn’t use the stack and can’t be responded to."}, {"date": "2021-06-18", "text": "If the spell requires any targets, those targets are chosen when the spell is finally cast, not when it’s exiled."}, {"date": "2021-06-18", "text": "If an effect refers to a “suspended card,” that means a card that (1) has suspend, (2) is in exile, and (3) has one or more time counters on it."}, {"date": "2021-06-18", "text": "If the first triggered ability of suspend (the one that removes time counters) is countered, no time counter is removed. The ability will trigger again at the beginning of the card’s owner’s next upkeep."}, {"date": "2021-06-18", "text": "When the last time counter is removed, the second triggered ability of suspend (the one that lets you cast the card) triggers. It doesn’t matter why the last time counter was removed or what effect removed it."}, {"date": "2021-06-18", "text": "If the second triggered ability is countered, the card can’t be cast. It remains exiled with no time counters on it, and it’s no longer suspended."}, {"date": "2021-06-18", "text": "As the second triggered ability resolves, you must cast the card if able. You must do so even if it requires targets and the only legal targets are ones that you really don’t want to target. Timing permissions based on the card’s type are ignored."}, {"date": "2021-06-18", "text": "If you can’t cast the card, perhaps because there are no legal targets available, it remains exiled with no time counters on it, and it’s no longer suspended."}, {"date": "2021-06-18", "text": "If you cast a card “without paying its mana cost,” such as with suspend, you can’t choose to cast it for any alternative costs. You can, however, pay additional costs. If the card has any mandatory additional costs, you must pay those if you want to cast the card."}, {"date": "2021-06-18", "text": "You are never forced to activate mana abilities to pay costs, so if there is a mandatory additional mana cost (such as from Thalia, Guardian of Thraben), you can decline to activate mana abilities to pay for it and hence fail to cast the suspended card, leaving it in exile."}, {"date": "2021-06-18", "text": "If the card has {X} in its mana cost, you must choose 0 as the value of X when casting it without paying its mana cost."}, {"date": "2021-06-18", "text": "The mana value of a spell cast without paying its mana cost is determined by its mana cost, even though that cost wasn’t paid."}], "setCode": "F10", "subtypes": [], "supertypes": [], "text": "Rift Bolt deals 3 damage to any target.\nSuspend 1—{R} (Rather than cast this card from your hand, you may pay {R} and exile it with a time counter on it. At the beginning of your upkeep, remove a time counter. When the last is removed, cast it without paying its mana cost.)", "type": "Sorcery", "types": ["Sorcery"], "uuid": "d80efece-e3f9-5450-b06b-6a5773882cbc", "watermark": "fnm"}, {"artist": "Jason Felix", "artistIds": ["af42a44c-8ec3-47a7-9047-5d29ddad186d"], "availability": ["paper"], "borderColor": "black", "colorIdentity": ["B"], "colors": ["B"], "convertedManaCost": 2.0, "edhrecRank": 8833, "edhrecSaltiness": 0.12, "finishes": ["foil"], "flavorText": "\"You may enter the city—once the toll is paid.\"", "foreignData": [], "frameVersion": "2003", "hasFoil": true, "hasNonFoil": false, "identifiers": {"cardKingdomFoilId": "184466", "cardsphereId": "17390", "mcmId": "244250", "mtgjsonV4Id": "0f63d66f-62b3-58d3-9516-dc44fbe574ea", "scryfallId": "108ee811-4a22-40b5-91b1-effe9809e6c8", "scryfallIllustrationId": "d64d92be-c02d-424a-8d26-c905d4a46f76", "scryfallOracleId": "6781f8ae-2a86-4e3d-bc43-48809c9d6c26", "tcgplayerProductId": "38637"}, "isPromo": true, "isReprint": true, "isStarter": true, "keywords": ["Kicker"], "language": "English", "layout": "normal", "legalities": {"commander": "Legal", "duel": "Legal", "legacy": "Legal", "modern": "Legal", "oathbreaker": "Legal", "paupercommander": "Restricted", "penny": "Legal", "predh": "Legal", "vintage": "Legal"}, "manaCost": "{B}{B}", "manaValue": 2.0, "name": "Gatekeeper of Malakir", "number": "11", "power": "2", "printings": ["DDK", "F10", "PLIST", "PRM", "ZEN"], "promoTypes": ["tourney", "fnm"], "purchaseUrls": {"cardKingdomFoil": "https://mtgjson.com/links/c25e15a020590229", "tcgplayer": "https://mtgjson.com/links/0889428d459778fa"}, "rarity": "rare", "setCode": "F10", "subtypes": ["Vampire", "Warrior"], "supertypes": [], "text": "Kicker {B} (You may pay an additional {B} as you cast this spell.)\nWhen Gatekeeper of Malakir enters the battlefield, if it was kicked, target player sacrifices a creature.", "toughness": "2", "type": "Creature — Vampire Warrior", "types": ["Creature"], "uuid": "e94ff963-2b1e-5155-87fd-10668862f019", "watermark": "fnm"}, {"artist": "Kev Walker", "artistIds": ["f366a0ee-a0cd-466d-ba6a-90058c7a31a6"], "availability": ["paper"], "borderColor": "black", "colorIdentity": ["G"], "colors": ["G"], "convertedManaCost": 1.0, "edhrecRank": 9123, "edhrecSaltiness": 0.19, "finishes": ["foil"], "flavorText": "\"The Cloud Nacatl sit and think, a bunch of soft paws. We are the Claws of Marisi, stalking, pouncing, drawing blood.\"", "foreignData": [], "frameVersion": "2003", "hasFoil": true, "hasNonFoil": false, "identifiers": {"cardKingdomFoilId": "185166", "cardsphereId": "17505", "mcmId": "244769", "mtgjsonV4Id": "fddc764c-9db4-5890-83d6-afb311df6abb", "scryfallId": "b48165ac-f1b7-49bd-a993-af6d2ef0a5b2", "scryfallIllustrationId": "168b89e6-ba5b-47aa-a94c-6b62c5068776", "scryfallOracleId": "35d3d96a-d303-4bf5-b972-f311331ec07a", "tcgplayerProductId": "38638"}, "isPromo": true, "isReprint": true, "isStarter": true, "language": "English", "layout": "normal", "legalities": {"commander": "Legal", "duel": "Legal", "gladiator": "Legal", "historic": "Legal", "historicbrawl": "Legal", "legacy": "Legal", "modern": "Legal", "oathbreaker": "Legal", "pauper": "Legal", "paupercommander": "Legal", "penny": "Legal", "predh": "Legal", "vintage": "Legal"}, "manaCost": "{G}", "manaValue": 1.0, "name": "Wild Nacatl", "number": "12", "power": "1", "printings": ["ALA", "DDH", "F10", "HA7", "MB1", "PRM"], "promoTypes": ["tourney", "fnm"], "purchaseUrls": {"cardKingdomFoil": "https://mtgjson.com/links/d2c4d2fe1175837e", "tcgplayer": "https://mtgjson.com/links/8ae56022727aa5c9"}, "rarity": "rare", "rulings": [{"date": "2008-10-01", "text": "Wild Nacatl’s abilities check for lands with the subtypes Mountain and Plains. Those lands don’t need to be named Mountain and Plains. Wild Nacatl will get both bonuses if those two subtypes are contained among the lands you control, even if they’re from the same land (such as Plateau or Sacred Foundry)."}], "setCode": "F10", "subtypes": ["Cat", "Warrior"], "supertypes": [], "text": "Wild Nacatl gets +1/+1 as long as you control a Mountain.\nWild Nacatl gets +1/+1 as long as you control a Plains.", "toughness": "1", "type": "Creature — Cat Warrior", "types": ["Creature"], "uuid": "373aac43-f13d-5622-a727-8ae98affbdd4", "watermark": "fnm"}], "code": "F10", "isFoilOnly": true, "isOnlineOnly": false, "keyruneCode": "PARL", "languages": ["English"], "name": "Friday Night Magic 2010", "releaseDate": "2010-01-01", "tokens": [], "totalSetSize": 12, "translations": {}, "type": "promo"}}