{"meta": {"date": "2023-08-19", "version": "5.2.1+20230819"}, "data": {"baseSetSize": 0, "cards": [], "code": "FLTR", "isFoilOnly": false, "isNonFoilOnly": true, "isOnlineOnly": false, "keyruneCode": "LTR", "languages": ["English"], "name": "Tales of Middle-earth Front Cards", "parentCode": "LTR", "releaseDate": "2023-06-23", "tokenSetCode": "FLTR", "tokens": [{"artist": "Anthony Devine", "artistIds": ["13a4bbe4-4e02-4403-8ecd-58f7744b994f"], "availability": ["paper"], "borderColor": "black", "colorIdentity": [], "colors": ["W"], "finishes": ["nonfoil"], "frameVersion": "2015", "hasFoil": false, "hasNonFoil": true, "identifiers": {"mtgjsonV4Id": "f80be064-29ad-5e92-9c34-f405a77638aa", "scryfallId": "60851aac-ef96-4387-8da1-4e9fdd4352d1", "scryfallIllustrationId": "392e9b3d-27f3-4c0c-8583-b00ab46dc17e", "scryfallOracleId": "5b3aa284-1b13-42c9-89bb-a6911748b015"}, "language": "English", "layout": "token", "name": "Courageous", "number": "1", "reverseRelated": [], "setCode": "FLTR", "subtypes": [], "supertypes": [], "text": "(Theme color: {W})", "type": "Card", "types": ["Card"], "uuid": "2206223d-1626-5f2c-8def-22b612d6fe8f"}, {"artist": "Ekaterina Burmak", "artistIds": ["2a9f3780-fcc8-4ec5-b403-ee1d1370d3b4"], "availability": ["paper"], "borderColor": "black", "colorIdentity": [], "colors": ["U"], "finishes": ["nonfoil"], "frameVersion": "2015", "hasFoil": false, "hasNonFoil": true, "identifiers": {"mtgjsonV4Id": "532aeef4-ed00-5ae8-bc60-684b8c879a54", "scryfallId": "6968cedd-4640-428f-a3bd-19795f43cbb0", "scryfallIllustrationId": "35fef244-66b7-44b2-b24d-6b692c24dbfc", "scryfallOracleId": "2d297469-1f04-4de4-b6e8-cbaa7830fd5e"}, "language": "English", "layout": "token", "name": "Tricksy", "number": "2", "reverseRelated": [], "setCode": "FLTR", "subtypes": [], "supertypes": [], "text": "(Theme color: {U})", "type": "Card", "types": ["Card"], "uuid": "f82385ad-36e5-5673-9fdf-21c5c6d043f7"}, {"artist": "Warren Mahy", "artistIds": ["002c739e-aa1f-4c1d-921b-37cb2d1b1c5b"], "availability": ["paper"], "borderColor": "black", "colorIdentity": [], "colors": ["B"], "finishes": ["nonfoil"], "frameVersion": "2015", "hasFoil": false, "hasNonFoil": true, "identifiers": {"mtgjsonV4Id": "790637bb-0875-547d-bb95-fb44f9f38ab8", "scryfallId": "01188af8-e827-4225-9675-6dc429a522bb", "scryfallIllustrationId": "3a8ca7c6-6506-460d-9447-7765c3ec4636", "scryfallOracleId": "7e02ec37-6ee8-4f6e-a036-9152a5dfdff6"}, "language": "English", "layout": "token", "name": "Mordor", "number": "3", "reverseRelated": [], "setCode": "FLTR", "subtypes": [], "supertypes": [], "text": "(Theme color: {B})", "type": "Card", "types": ["Card"], "uuid": "46f9d341-a541-5dd7-84a3-94a80d582439"}, {"artist": "Andrea Piparo", "artistIds": ["e8ab9604-1b3c-4bb5-9290-dfb3fd3cf01d"], "availability": ["paper"], "borderColor": "black", "colorIdentity": [], "colors": ["R"], "finishes": ["nonfoil"], "frameVersion": "2015", "hasFoil": false, "hasNonFoil": true, "identifiers": {"mtgjsonV4Id": "1054ef42-80a2-59a4-a364-cd4e46a03285", "scryfallId": "c7339ce1-9bc8-4c49-bcfb-04ebf791aa6e", "scryfallIllustrationId": "69e61d06-4510-4994-a065-d7b256afaabb", "scryfallOracleId": "080c4761-66d7-47cd-9f32-61afe924a48c"}, "language": "English", "layout": "token", "name": "Marauders", "number": "4", "reverseRelated": [], "setCode": "FLTR", "subtypes": [], "supertypes": [], "text": "(Theme color: {R})", "type": "Card", "types": ["Card"], "uuid": "1d48686d-3af0-58bd-b168-49640b46840d"}, {"artist": "Tomas Duchek", "artistIds": ["ceb3ce65-efa6-4bcc-b2a3-33e83a047528"], "availability": ["paper"], "borderColor": "black", "colorIdentity": [], "colors": ["G"], "finishes": ["nonfoil"], "frameVersion": "2015", "hasFoil": false, "hasNonFoil": true, "identifiers": {"mtgjsonV4Id": "39b2f3b2-1673-5d10-9676-0b8f770d9cfb", "scryfallId": "227dffa8-7c76-4eda-be4b-04ca719d45d4", "scryfallIllustrationId": "5f80e89f-e9bc-4020-98e3-27d365af31a8", "scryfallOracleId": "ed96bd50-5207-419f-88bb-43ae6741e006"}, "language": "English", "layout": "token", "name": "Journey", "number": "5", "reverseRelated": [], "setCode": "FLTR", "subtypes": [], "supertypes": [], "text": "(Theme color: {G})", "type": "Card", "types": ["Card"], "uuid": "94f75609-c3a3-55de-947a-8ea7dd8f8ccb"}], "totalSetSize": 0, "translations": {}, "type": "memorabilia"}}