{"meta": {"date": "2023-08-19", "version": "5.2.1+20230819"}, "data": {"baseSetSize": 0, "cards": [], "code": "FONE", "isFoilOnly": false, "isNonFoilOnly": true, "isOnlineOnly": false, "keyruneCode": "ONE", "languages": ["English"], "name": "Phyrexia: All Will Be One Jumpstart Front Cards", "parentCode": "ONE", "releaseDate": "2023-02-03", "tokenSetCode": "FONE", "tokens": [{"artist": "Krharts", "artistIds": ["15fdfc66-dccf-4ea7-a4c2-cd37ffcbf960"], "availability": ["paper"], "borderColor": "black", "colorIdentity": [], "colors": [], "finishes": ["nonfoil"], "frameVersion": "2015", "hasFoil": false, "hasNonFoil": true, "identifiers": {"mtgjsonV4Id": "7461f04e-c9d2-59fb-90f7-495b464f754e", "scryfallId": "162c2282-d32e-4465-abc8-df0e858ec118", "scryfallIllustrationId": "3df9ab5a-7c24-4e3f-ae5d-4a658eb4013e", "scryfallOracleId": "72cc108f-5f9f-4a91-afda-7051a4a045be"}, "language": "English", "layout": "token", "name": "Mite-y", "number": "1", "reverseRelated": [], "setCode": "FONE", "subtypes": [], "supertypes": [], "text": "(Theme color: {W})", "type": "Card", "types": ["Card"], "uuid": "7c67e7dc-1653-5644-878d-a1d8b1127b2e"}, {"artist": "Maxime Minard", "artistIds": ["a9065769-afcd-4e54-a3c0-5809e7b4108b"], "availability": ["paper"], "borderColor": "black", "colorIdentity": [], "colors": [], "finishes": ["nonfoil"], "frameVersion": "2015", "hasFoil": false, "hasNonFoil": true, "identifiers": {"mtgjsonV4Id": "4d9cebfc-2942-5ec4-8b31-68e313e1b5ac", "scryfallId": "c069980a-fe26-4697-ad1f-5f277aa2385b", "scryfallIllustrationId": "ff189d7c-992c-4524-a4de-c24b66458517", "scryfallOracleId": "771ec070-c575-4d09-bda4-bb3edacafe5e"}, "language": "English", "layout": "token", "name": "Progress", "number": "2", "reverseRelated": [], "setCode": "FONE", "subtypes": [], "supertypes": [], "text": "(Theme color: {U})", "type": "Card", "types": ["Card"], "uuid": "d22801b3-2783-5ecf-b33b-39c619c4dca2"}, {"artist": "Raluca Marinescu", "artistIds": ["1922e455-d09b-4922-afec-5f6fb5bb5111"], "availability": ["paper"], "borderColor": "black", "colorIdentity": [], "colors": [], "finishes": ["nonfoil"], "frameVersion": "2015", "hasFoil": false, "hasNonFoil": true, "identifiers": {"mtgjsonV4Id": "88e1e990-a17c-5c77-82e2-4938493ed7b4", "scryfallId": "995ee3db-f086-4e18-8b7b-2843d90f7271", "scryfallIllustrationId": "7975d9dd-ad2b-4bf9-a09d-6d84dcc31a96", "scryfallOracleId": "fba71905-d92c-489b-b691-2598cf5a7b89"}, "language": "English", "layout": "token", "name": "Corruption", "number": "3", "reverseRelated": [], "setCode": "FONE", "subtypes": [], "supertypes": [], "text": "(Theme color: {B})", "type": "Card", "types": ["Card"], "uuid": "6e3f2ef5-c50b-5739-b38f-3f0d26fa39ce"}, {"artist": "Andrea De Dominicis", "artistIds": ["d0f5310c-acb8-4df7-b78d-84a4e5fb2a22"], "availability": ["paper"], "borderColor": "black", "colorIdentity": [], "colors": [], "finishes": ["nonfoil"], "frameVersion": "2015", "hasFoil": false, "hasNonFoil": true, "identifiers": {"mtgjsonV4Id": "9bafdb9d-c3c8-537c-a8a4-3a190f20a718", "scryfallId": "bf44aa63-6b9c-43d8-ba95-c9b395e0f06d", "scryfallIllustrationId": "ffa4431b-20e4-4066-9141-62e1a374c835", "scryfallOracleId": "f5e14b0c-c51e-4a65-93c6-828c70cf862e"}, "language": "English", "layout": "token", "name": "Rebellious", "number": "4", "reverseRelated": [], "setCode": "FONE", "subtypes": [], "supertypes": [], "text": "(Theme color: {R})", "type": "Card", "types": ["Card"], "uuid": "873d46d8-d12e-5a55-b10f-d56739f517b0"}, {"artist": "Krharts", "artistIds": ["15fdfc66-dccf-4ea7-a4c2-cd37ffcbf960"], "availability": ["paper"], "borderColor": "black", "colorIdentity": [], "colors": [], "finishes": ["nonfoil"], "frameVersion": "2015", "hasFoil": false, "hasNonFoil": true, "identifiers": {"mtgjsonV4Id": "be0eb179-d264-5064-86b7-6ddc037c0078", "scryfallId": "809e9832-83c4-42ce-9824-3aacb542085f", "scryfallIllustrationId": "cee3e8d3-aa2b-435d-aed2-eec948890aad", "scryfallOracleId": "ff24b8de-2c21-4559-be29-7c181ade6660"}, "language": "English", "layout": "token", "name": "Toxic", "number": "5", "reverseRelated": [], "setCode": "FONE", "subtypes": [], "supertypes": [], "text": "(Theme color: {G})", "type": "Card", "types": ["Card"], "uuid": "572c8427-33c2-5ad0-91b3-8785156e1eaa"}], "totalSetSize": 0, "translations": {}, "type": "memorabilia"}}