{"meta": {"date": "2023-08-19", "version": "5.2.1+20230819"}, "data": {"baseSetSize": 3, "block": "Judge Gift Cards", "cards": [{"artist": "April Lee", "artistIds": ["0a286cc8-963b-4d89-89be-9609a08620ca"], "availability": ["paper"], "borderColor": "black", "colorIdentity": ["U"], "colors": ["U"], "convertedManaCost": 3.0, "edhrecRank": 1738, "edhrecSaltiness": 0.77, "finishes": ["foil"], "foreignData": [], "frameVersion": "1997", "hasFoil": true, "hasNonFoil": false, "identifiers": {"cardKingdomFoilId": "126157", "cardsphereId": "22358", "mcmId": "17595", "mtgjsonV4Id": "9be04aa8-c542-5649-91ca-0bb60441a644", "scryfallId": "3292ac2c-11cf-4fa1-aec5-5ce9a7ba2afb", "scryfallIllustrationId": "19eae4ac-10a4-4860-bcc2-0c9816f8bcdd", "scryfallOracleId": "3c9faba7-f2d3-4978-be94-020dc8003dc0", "tcgplayerProductId": "38251"}, "isPromo": true, "isReprint": true, "isReserved": true, "isStarter": true, "language": "English", "layout": "normal", "legalities": {"commander": "Legal", "duel": "Legal", "legacy": "Legal", "oathbreaker": "Legal", "predh": "Legal", "premodern": "Legal", "vintage": "Legal"}, "manaCost": "{2}{U}", "manaValue": 3.0, "name": "Intuition", "number": "1", "printings": ["G03", "PRM", "TMP", "TPR"], "promoTypes": ["judgegift"], "purchaseUrls": {"cardKingdomFoil": "https://mtgjson.com/links/69622e6f5b387877", "tcgplayer": "https://mtgjson.com/links/24266cbaf39838ad"}, "rarity": "rare", "rulings": [{"date": "2006-07-15", "text": "Targets an opponent. You choose an opponent during announcement. If you can’t target an opponent, you can’t cast this card."}], "setCode": "G03", "subtypes": [], "supertypes": [], "text": "Search your library for three cards and reveal them. Target opponent chooses one. Put that card into your hand and the rest into your graveyard. Then shuffle.", "type": "Instant", "types": ["Instant"], "uuid": "ca20707e-7e4e-5334-8250-d9bdc6512110"}, {"artist": "Daren Bader", "artistIds": ["7da1a585-c875-45e4-b322-5da9e8e1f651"], "availability": ["paper"], "borderColor": "black", "colorIdentity": ["G"], "colors": ["G"], "convertedManaCost": 2.0, "edhrecRank": 2142, "edhrecSaltiness": 0.46, "finishes": ["foil"], "foreignData": [], "frameVersion": "1997", "hasFoil": true, "hasNonFoil": false, "identifiers": {"cardKingdomFoilId": "186672", "cardsphereId": "22314", "mcmId": "17588", "mtgjsonV4Id": "ffdba991-5254-5096-9c5d-dfb9dae33865", "scryfallId": "70364605-5f20-40e1-b18b-dec6d3d4d3aa", "scryfallIllustrationId": "d5ab0377-868a-4a30-ad24-ac027892622e", "scryfallOracleId": "11f17f85-ca97-4551-838f-7cb32f0e5f10", "tcgplayerProductId": "37961"}, "isPromo": true, "isReprint": true, "isStarter": true, "keywords": ["Shroud"], "language": "English", "layout": "normal", "legalities": {"commander": "Legal", "duel": "Legal", "legacy": "Legal", "oathbreaker": "Legal", "predh": "Legal", "premodern": "Legal", "vintage": "Legal"}, "manaCost": "{1}{G}", "manaValue": 2.0, "name": "Argothian Enchantress", "number": "2", "power": "0", "printings": ["EMA", "G03", "PRM", "USG"], "promoTypes": ["judgegift"], "purchaseUrls": {"cardKingdomFoil": "https://mtgjson.com/links/94ba71f29f3e5bd0", "tcgplayer": "https://mtgjson.com/links/b18af9a87da3ce47"}, "rarity": "rare", "rulings": [{"date": "2016-06-08", "text": "Argothian Enchantress’s last ability will resolve before the spell that caused it to trigger."}, {"date": "2016-06-08", "text": "If the enchantment spell is countered, Argothian Enchantress’s last ability still resolves and causes you to draw a card."}, {"date": "2016-06-08", "text": "Enchantments put onto the battlefield without being cast won’t cause Argothian Enchantress’s last ability to trigger."}], "setCode": "G03", "subtypes": ["Human", "Druid"], "supertypes": [], "text": "Shroud (This creature can't be the target of spells or abilities.)\nWhenever you cast an enchantment spell, draw a card.", "toughness": "1", "type": "Creature — Human Druid", "types": ["Creature"], "uuid": "5bc4588f-7e9b-5f05-8b46-56e0e910e3ae"}, {"artist": "Charles Gillespie", "artistIds": ["ec2c14ea-79eb-4c55-963f-c46f7cef1c22"], "availability": ["paper"], "borderColor": "black", "colorIdentity": ["B"], "colors": ["B"], "convertedManaCost": 5.0, "edhrecRank": 455, "edhrecSaltiness": 0.74, "finishes": ["foil"], "foreignData": [], "frameVersion": "1997", "hasFoil": true, "hasNonFoil": false, "identifiers": {"cardKingdomFoilId": "70000", "cardsphereId": "22365", "mcmId": "17597", "mtgjsonV4Id": "330b8fe9-a8cc-52b7-b961-2c8a52eb5301", "scryfallId": "c63ea5de-ac48-4c91-a2c6-758a8594bbb5", "scryfallIllustrationId": "f6bb80d3-d715-44a1-9160-d476b9588330", "scryfallOracleId": "9e6a3df4-67a3-452e-a6ef-f04dbadb21ef", "tcgplayerProductId": "38254"}, "isPromo": true, "isReprint": true, "isStarter": true, "language": "English", "layout": "normal", "legalities": {"commander": "Legal", "duel": "Legal", "legacy": "Legal", "oathbreaker": "Legal", "predh": "Legal", "premodern": "Legal", "vintage": "Legal"}, "manaCost": "{3}{B}{B}", "manaValue": 5.0, "name": "Living Death", "number": "3", "printings": ["40K", "A25", "BRB", "CM2", "CMD", "DDE", "G03", "LTC", "MB1", "PLIST", "PRM", "TMP", "TPR", "V14", "VMA"], "promoTypes": ["judgegift"], "purchaseUrls": {"cardKingdomFoil": "https://mtgjson.com/links/5abad86956ecd0bc", "tcgplayer": "https://mtgjson.com/links/5aee7fc802996a25"}, "rarity": "rare", "rulings": [{"date": "2018-03-16", "text": "As Living Death resolves, all players exile their creature cards from graveyards at the same time. Then all players sacrifice all creatures they control at the same time. Then all players put all creatures they exiled onto the battlefield at the same time."}, {"date": "2018-03-16", "text": "Only cards exiled by Living Death's first instruction are put onto the battlefield. If a replacement effect (such as that of Leyline of the Void) causes any of the sacrificed creatures to be exiled instead of put into a graveyard, those cards aren't returned to the battlefield."}], "setCode": "G03", "subtypes": [], "supertypes": [], "text": "Each player exiles all creature cards from their graveyard, then sacrifices all creatures they control, then puts all cards they exiled this way onto the battlefield.", "type": "Sorcery", "types": ["Sorcery"], "uuid": "cc391b9b-4d95-5e25-a27e-92263d3a64b6"}], "code": "G03", "isFoilOnly": true, "isOnlineOnly": false, "keyruneCode": "PARL", "languages": ["English"], "name": "Judge Gift Cards 2003", "releaseDate": "2003-01-01", "sealedProduct": [{"category": "booster_pack", "identifiers": {"tcgplayerProductId": "448319"}, "name": "Judge Promo Pack 2014 Full Art Land Set", "purchaseUrls": {"tcgplayer": "https://mtgjson.com/links/d12d78a807d20473"}, "subtype": "set", "uuid": "a0b85d64-0b22-5d96-b8fb-f1656e9940b5"}], "tcgplayerGroupId": 62, "tokens": [], "totalSetSize": 3, "translations": {}, "type": "promo"}}