{"meta": {"date": "2023-08-19", "version": "5.2.1+20230819"}, "data": {"baseSetSize": 6, "block": "Judge Gift Cards", "cards": [{"artist": "John Avon", "artistIds": ["798f3932-30e0-4420-aa3f-db4d613f89ca"], "availability": ["paper"], "borderColor": "black", "colorIdentity": ["W"], "colors": ["W"], "convertedManaCost": 4.0, "edhrecRank": 2810, "edhrecSaltiness": 2.47, "finishes": ["foil"], "flavorText": "\"'O miserable of happy! Is this the end\nOf this new glorious world... ?'\"\n—John Milton, *Paradise Lost*", "foreignData": [], "frameVersion": "2003", "hasFoil": true, "hasNonFoil": false, "identifiers": {"cardKingdomFoilId": "122256", "cardsphereId": "22315", "mcmId": "17603", "mtgjsonV4Id": "8622bc16-6278-50e3-9ade-f5aaa3576492", "scryfallId": "4a2f582b-9119-4b52-878e-2c937f7f8541", "scryfallIllustrationId": "295f62a3-b65d-4c24-b608-791b964eef78", "scryfallOracleId": "c9ed8b01-959a-47d6-891e-0abbdccf6e4f", "tcgplayerProductId": "38230"}, "isPromo": true, "isReprint": true, "isStarter": true, "language": "English", "layout": "normal", "legalities": {"commander": "Legal", "duel": "Legal", "legacy": "Legal", "oathbreaker": "Legal", "predh": "Legal", "premodern": "Legal", "vintage": "Legal"}, "manaCost": "{3}{W}", "manaValue": 4.0, "name": "Armageddon", "number": "1", "printings": ["2ED", "30A", "3ED", "4BB", "4ED", "5ED", "6ED", "A25", "ATH", "CED", "CEI", "FBB", "G04", "LEA", "LEB", "ME1", "ME4", "MP2", "P02", "POR", "PRM", "PTC", "S99", "SUM", "V14", "VMA", "WC00", "WC98"], "promoTypes": ["judgegift"], "purchaseUrls": {"cardKingdomFoil": "https://mtgjson.com/links/8712679a7d1edd30", "tcgplayer": "https://mtgjson.com/links/c95d67a0641077fd"}, "rarity": "rare", "setCode": "G04", "subtypes": [], "supertypes": [], "text": "Destroy all lands.", "type": "Sorcery", "types": ["Sorcery"], "uuid": "bcf0de27-c239-5f11-8b37-d08c0dab11a4", "watermark": "dci"}, {"artist": "Kev Walker", "artistIds": ["f366a0ee-a0cd-466d-ba6a-90058c7a31a6"], "availability": ["paper"], "borderColor": "black", "colorIdentity": ["W"], "colors": ["W"], "convertedManaCost": 2.0, "finishes": ["foil"], "foreignData": [], "frameVersion": "2003", "hasFoil": true, "hasNonFoil": false, "identifiers": {"cardKingdomFoilId": "122257", "cardsphereId": "22317", "mcmId": "17589", "mtgjsonV4Id": "6bcdc6c0-d046-56f7-8667-9fafafa521e1", "scryfallId": "52ec6882-a92b-4ee0-b601-638994a65337", "scryfallIllustrationId": "e7cdb27c-ae05-4365-b4ff-be5f25949bce", "scryfallOracleId": "17fa98cd-ed8f-483f-9525-7e989a82ebb2", "tcgplayerProductId": "37962"}, "isPromo": true, "isReprint": true, "isStarter": true, "language": "English", "layout": "normal", "legalities": {"commander": "Banned", "duel": "Legal", "legacy": "Banned", "oathbreaker": "Banned", "predh": "Banned", "premodern": "Banned", "vintage": "Restricted"}, "manaCost": "{1}{W}", "manaValue": 2.0, "name": "Balance", "number": "2", "printings": ["2ED", "30A", "3ED", "4BB", "4ED", "CED", "CEI", "EMA", "FBB", "G04", "LEA", "LEB", "ME4", "OLEP", "PRM", "PTC", "SLD", "SUM", "V09", "VMA"], "promoTypes": ["judgegift"], "purchaseUrls": {"cardKingdomFoil": "https://mtgjson.com/links/b95cfe6e1d3d8442", "tcgplayer": "https://mtgjson.com/links/aca2e404aad60e98"}, "rarity": "rare", "rulings": [{"date": "2016-06-08", "text": "First the player whose turn it is chooses which lands (if any) to keep, then each other player in turn order does the same. Each player will know the choices made by the players who chose before them. All of the unchosen lands are then sacrificed simultaneously. Then the process is repeated for cards in hand, except that no cards are revealed until all players have chosen what to discard, at which point those cards are all discarded simultaneously. Lastly, the process is repeated for creatures, and players will again know earlier choices made when deciding what to sacrifice. All of the unchosen creatures are then sacrificed simultaneously."}, {"date": "2016-06-08", "text": "Balance doesn’t have targets, so permanents that can’t be targeted, such as a creature with shroud or protection from white, are valid choices to be sacrificed."}, {"date": "2016-06-08", "text": "Each type of object is counted during the corresponding part of the process. Cards in hand are counted after lands have been sacrificed, and creatures on the battlefield are counted after cards have been discarded. Thus, a land creature sacrificed to the first part of the spell would not be counted when determining how many creatures are on the battlefield for the last part."}], "setCode": "G04", "subtypes": [], "supertypes": [], "text": "Each player chooses a number of lands they control equal to the number of lands controlled by the player who controls the fewest, then sacrifices the rest. Players discard cards and sacrifice creatures the same way.", "type": "Sorcery", "types": ["Sorcery"], "uuid": "f6fcca71-8ee7-5e92-b212-6e8a2ce1a204", "watermark": "dci"}, {"artist": "Pete Venters", "artistIds": ["d54c4a1a-c0c5-4834-84db-125d341f3ad8"], "availability": ["paper"], "borderColor": "black", "colorIdentity": ["U"], "colors": ["U"], "convertedManaCost": 5.0, "edhrecRank": 1057, "edhrecSaltiness": 1.72, "finishes": ["foil"], "flavorText": "\"Let's do it again!\"\n—Squee, goblin cabin hand", "foreignData": [], "frameVersion": "2003", "hasFoil": true, "hasNonFoil": false, "identifiers": {"cardKingdomFoilId": "119930", "cardsphereId": "22410", "mcmId": "17604", "mtgjsonV4Id": "4fa7b50b-6336-5a02-a921-8224fbc7dc72", "scryfallId": "cd2de76c-e0da-417c-8892-364a01ac69f6", "scryfallIllustrationId": "088d3aef-a371-4be7-8991-7af8ede8b16e", "scryfallOracleId": "dbd6a94b-62ff-4a10-9d52-bdd90b26e425", "tcgplayerProductId": "38276"}, "isPromo": true, "isReprint": true, "isStarter": true, "language": "English", "layout": "normal", "legalities": {"commander": "Legal", "duel": "Banned", "gladiator": "Legal", "historic": "Banned", "historicbrawl": "Legal", "legacy": "Legal", "modern": "Legal", "oathbreaker": "Legal", "predh": "Legal", "premodern": "Legal", "vintage": "Legal"}, "manaCost": "{3}{U}{U}", "manaValue": 5.0, "name": "Time Warp", "number": "3", "printings": ["E02", "G04", "M10", "PRM", "S99", "STA", "TMP", "TPR"], "promoTypes": ["judgegift"], "purchaseUrls": {"cardKingdomFoil": "https://mtgjson.com/links/a3a48b15cf3aa3f5", "tcgplayer": "https://mtgjson.com/links/c32ed2894844a46c"}, "rarity": "rare", "rulings": [{"date": "2004-10-04", "text": "If multiple “extra turn” effects resolve in the same turn, take them in the reverse of the order that the effects resolved."}], "setCode": "G04", "subtypes": [], "supertypes": [], "text": "Target player takes an extra turn after this one.", "type": "Sorcery", "types": ["Sorcery"], "uuid": "0db4d6bb-f7cc-5788-b301-a12de7c55d64", "watermark": "dci"}, {"artist": "John Zeleznik", "artistIds": ["7d96bd59-7779-4740-8658-953f518ff805"], "availability": ["paper"], "borderColor": "black", "colorIdentity": ["B"], "colors": ["B"], "convertedManaCost": 3.0, "edhrecRank": 7618, "edhrecSaltiness": 0.44, "finishes": ["foil"], "flavorText": "They exist to cease.", "foreignData": [], "frameVersion": "2003", "hasFoil": true, "hasNonFoil": false, "identifiers": {"cardKingdomFoilId": "119926", "cardsphereId": "22386", "mcmId": "17606", "mtgjsonV4Id": "ce71d8c8-4e6a-5687-a57e-2d51dda8966b", "scryfallId": "e24579cf-ff2c-4e01-b6d1-9d4efc9e2ca2", "scryfallIllustrationId": "c5e2ae3e-be2c-46b9-b0de-9aac2673f312", "scryfallOracleId": "f22fcd17-bc24-41df-81ce-6d11208861b9", "tcgplayerProductId": "38266"}, "isPromo": true, "isReprint": true, "isReserved": true, "isStarter": true, "keywords": ["Trample"], "language": "English", "layout": "normal", "legalities": {"commander": "Legal", "duel": "Legal", "legacy": "Legal", "oathbreaker": "Legal", "predh": "Legal", "premodern": "Legal", "vintage": "Legal"}, "manaCost": "{2}{B}", "manaValue": 3.0, "name": "Phyrexian Negator", "number": "4", "power": "5", "printings": ["DDE", "G04", "PRM", "UDS", "WC99"], "promoTypes": ["judgegift"], "purchaseUrls": {"cardKingdomFoil": "https://mtgjson.com/links/323b0ecff6c0d6ad", "tcgplayer": "https://mtgjson.com/links/41acad272f6e0f0f"}, "rarity": "rare", "rulings": [{"date": "2004-10-04", "text": "Sacrificing this card does not prevent you from having to make the other sacrifices."}], "setCode": "G04", "subtypes": ["Phyrexian", "Horror"], "supertypes": [], "text": "Trample\nWhenever Phyrexian Negator is dealt damage, sacrifice that many permanents.", "toughness": "5", "type": "Creature — Phyrexian Horror", "types": ["Creature"], "uuid": "b5351678-55a7-5774-8d90-dee1402e88d1", "watermark": "dci"}, {"artist": "Kev Walker", "artistIds": ["f366a0ee-a0cd-466d-ba6a-90058c7a31a6"], "availability": ["paper"], "borderColor": "black", "colorIdentity": ["G"], "colors": ["G"], "convertedManaCost": 5.0, "edhrecRank": 7915, "finishes": ["foil"], "foreignData": [], "frameVersion": "2003", "hasFoil": true, "hasNonFoil": false, "identifiers": {"cardKingdomFoilId": "125295", "cardsphereId": "22335", "mcmId": "17607", "mtgjsonV4Id": "55a0c40b-29bd-5724-bcda-66d8208c83d5", "scryfallId": "5c94e2b8-9fe6-41fd-bf43-ab7534abfd33", "scryfallIllustrationId": "7fa1a931-406d-4cc8-860f-b54b7009c71c", "scryfallOracleId": "b9cd714b-2ad8-4fdb-a8aa-82b17730e071", "tcgplayerProductId": "38239"}, "isPromo": true, "isReprint": true, "isReserved": true, "isStarter": true, "keywords": ["Echo"], "language": "English", "layout": "normal", "legalities": {"commander": "Legal", "duel": "Legal", "legacy": "Legal", "oathbreaker": "Legal", "penny": "Legal", "predh": "Legal", "premodern": "Legal", "vintage": "Legal"}, "manaCost": "{3}{G}{G}", "manaValue": 5.0, "name": "Deranged Hermit", "number": "5", "power": "1", "printings": ["G04", "PRM", "ULG", "VMA"], "promoTypes": ["judgegift"], "purchaseUrls": {"cardKingdomFoil": "https://mtgjson.com/links/d77ea19d86a5aed1", "tcgplayer": "https://mtgjson.com/links/89c752ae05c1e6e7"}, "rarity": "rare", "rulings": [{"date": "2004-10-04", "text": "The Squirrel tokens get the bonus, so they are effectively 2/2 creatures until the Hermit leaves the battlefield. And they get bigger if multiple Hermits are on the battlefield."}], "setCode": "G04", "subtypes": ["Elf"], "supertypes": [], "text": "Echo {3}{G}{G} (At the beginning of your upkeep, if this came under your control since the beginning of your last upkeep, sacrifice it unless you pay its echo cost.)\nWhen Deranged Hermit enters the battlefield, create four 1/1 green Squirrel creature tokens.\nSquirrel creatures get +1/+1.", "toughness": "1", "type": "Creature — Elf", "types": ["Creature"], "uuid": "89d00914-8d0e-522c-ac31-26929ee41486", "watermark": "dci"}, {"artist": "Heather Hudson", "artistIds": ["4441fe52-9e41-40c1-9b74-8510426279ab"], "availability": ["paper"], "borderColor": "black", "colorIdentity": ["G"], "colors": ["G"], "convertedManaCost": 2.0, "edhrecRank": 2876, "edhrecSaltiness": 0.86, "finishes": ["foil"], "flavorText": "Seeking the company of plants ensures that your wits will go to seed.", "foreignData": [], "frameVersion": "2003", "hasFoil": true, "hasNonFoil": false, "identifiers": {"cardKingdomFoilId": "126621", "cardsphereId": "22355", "mcmId": "17608", "mtgjsonV4Id": "e6da69c7-ed82-56ae-aaba-59cc40940d75", "scryfallId": "6d6159f4-f6b0-43e5-b464-39c6c3c530dc", "scryfallIllustrationId": "a912f57d-9622-453d-826d-ef3d83644850", "scryfallOracleId": "16f6438d-2a29-41cb-bf0c-4d02bd66112b", "tcgplayerProductId": "38250"}, "isPromo": true, "isReprint": true, "isStarter": true, "language": "English", "layout": "normal", "legalities": {"commander": "Legal", "duel": "Banned", "legacy": "Banned", "oathbreaker": "Legal", "paupercommander": "Restricted", "predh": "Legal", "premodern": "Legal", "vintage": "Legal"}, "manaCost": "{1}{G}", "manaValue": 2.0, "name": "Hermit Druid", "number": "6", "power": "1", "printings": ["G04", "PLIST", "PRM", "STH", "TPR", "VMA"], "promoTypes": ["judgegift"], "purchaseUrls": {"cardKingdomFoil": "https://mtgjson.com/links/eff517be70997da2", "tcgplayer": "https://mtgjson.com/links/684d4671aa829182"}, "rarity": "rare", "rulings": [{"date": "2004-10-04", "text": "You can put the cards from your library into your graveyard in any order."}], "setCode": "G04", "subtypes": ["Human", "Druid"], "supertypes": [], "text": "{G}, {T}: Reveal cards from the top of your library until you reveal a basic land card. Put that card into your hand and all other cards revealed this way into your graveyard.", "toughness": "1", "type": "Creature — Human Druid", "types": ["Creature"], "uuid": "bd1570c0-7614-54ab-ae10-e9f3f1d9e03b", "watermark": "dci"}], "code": "G04", "isFoilOnly": true, "isOnlineOnly": false, "keyruneCode": "PARL", "languages": ["English"], "name": "Judge Gift Cards 2004", "releaseDate": "2004-01-01", "sealedProduct": [{"category": "booster_pack", "identifiers": {"tcgplayerProductId": "448319"}, "name": "Judge Promo Pack 2014 Full Art Land Set", "purchaseUrls": {"tcgplayer": "https://mtgjson.com/links/d12d78a807d20473"}, "subtype": "set", "uuid": "a0b85d64-0b22-5d96-b8fb-f1656e9940b5"}], "tcgplayerGroupId": 62, "tokens": [], "totalSetSize": 6, "translations": {}, "type": "promo"}}