{"meta": {"date": "2023-08-19", "version": "5.2.1+20230819"}, "data": {"baseSetSize": 4, "block": "Judge Gift Cards", "cards": [{"artist": "Brom", "artistIds": ["bd79c951-2552-45dd-aae7-a333c2b7c1ef"], "availability": ["paper"], "borderColor": "black", "colorIdentity": [], "colors": [], "convertedManaCost": 0.0, "edhrecRank": 2785, "edhrecSaltiness": 0.09, "finishes": ["foil"], "foreignData": [], "frameVersion": "2003", "hasFoil": true, "hasNonFoil": false, "identifiers": {"cardKingdomFoilId": "122259", "cardsphereId": "22347", "mcmId": "17609", "mtgjsonV4Id": "d05e330d-1cb5-572b-9adb-b020fd7a5d49", "scryfallId": "b825eb24-751c-438a-a058-e08a17a30894", "scryfallIllustrationId": "9f565619-3ce5-411d-acac-604814e7c41c", "scryfallOracleId": "0c828f10-4775-492f-9224-1e2814ad2cad", "tcgplayerProductId": "38243"}, "isPromo": true, "isReprint": true, "isStarter": true, "language": "English", "layout": "normal", "legalities": {"commander": "Legal", "duel": "Legal", "legacy": "Legal", "modern": "Legal", "oathbreaker": "Legal", "predh": "Legal", "premodern": "Legal", "vintage": "Legal"}, "manaValue": 0.0, "name": "Gemstone Mine", "number": "1", "printings": ["DMR", "G05", "PLIST", "PRM", "TSB", "WC97", "WC98", "WTH"], "promoTypes": ["judgegift"], "purchaseUrls": {"cardKingdomFoil": "https://mtgjson.com/links/4734789f9730a60a", "tcgplayer": "https://mtgjson.com/links/184308b20d0689a9"}, "rarity": "rare", "rulings": [{"date": "2022-12-08", "text": "If the last mining counter is removed from Gemstone Mine in some way other than activating its ability, Gemstone Mine won’t be sacrificed (and its ability can’t be activated)."}], "setCode": "G05", "subtypes": [], "supertypes": [], "text": "Gemstone Mine enters the battlefield with three mining counters on it.\n{T}, Remove a mining counter from Gemstone Mine: Add one mana of any color. If there are no mining counters on Gemstone Mine, sacrifice it.", "type": "Land", "types": ["Land"], "uuid": "ea1ce36a-06af-5794-b33b-79f2d65e89c6", "watermark": "dci"}, {"artist": "Dameon Willich", "artistIds": ["606a37b0-9d2d-477b-b679-100bc30b46b3"], "availability": ["paper"], "borderColor": "black", "colorIdentity": ["G"], "colors": ["G"], "convertedManaCost": 2.0, "edhrecRank": 588, "edhrecSaltiness": 0.12, "finishes": ["foil"], "foreignData": [], "frameVersion": "2003", "hasFoil": true, "hasNonFoil": false, "identifiers": {"cardKingdomFoilId": "122263", "cardsphereId": "22391", "mcmId": "17610", "mtgjsonV4Id": "40924b4c-6bb4-5490-bb3c-967cc2a6f87c", "scryfallId": "eea5640f-2f6e-485d-bd4c-4c4f9a29afc0", "scryfallIllustrationId": "ac024ad8-f00d-4b5f-b81b-71ebbb2476a2", "scryfallOracleId": "e6e4a8bd-5c40-4654-8de1-0da9afed90fd", "tcgplayerProductId": "38269"}, "isPromo": true, "isReprint": true, "isStarter": true, "language": "English", "layout": "normal", "legalities": {"commander": "Legal", "duel": "Legal", "gladiator": "Legal", "historic": "Legal", "historicbrawl": "Legal", "legacy": "Legal", "modern": "Legal", "oathbreaker": "Legal", "penny": "Legal", "predh": "Legal", "vintage": "Legal"}, "manaCost": "{1}{G}", "manaValue": 2.0, "name": "Regrowth", "number": "2", "printings": ["2ED", "30A", "3ED", "A25", "CED", "CEI", "DDL", "FBB", "G05", "GN3", "LEA", "LEB", "MB1", "ME4", "MH1", "PRM", "STA", "SUM", "VMA"], "promoTypes": ["judgegift"], "purchaseUrls": {"cardKingdomFoil": "https://mtgjson.com/links/df2d1f52a26f951e", "tcgplayer": "https://mtgjson.com/links/93831356f82bda18"}, "rarity": "rare", "setCode": "G05", "subtypes": [], "supertypes": [], "text": "Return target card from your graveyard to your hand.", "type": "Sorcery", "types": ["Sorcery"], "uuid": "f4e44018-ee23-5806-9680-d1af91e1dfaf", "watermark": "dci"}, {"artist": "Mark Tedin", "artistIds": ["9ee9a9cc-c09e-486f-918b-69f80cbc4188"], "availability": ["paper"], "borderColor": "black", "colorIdentity": [], "colors": [], "convertedManaCost": 1.0, "edhrecRank": 1, "edhrecSaltiness": 0.93, "finishes": ["foil"], "foreignData": [], "frameVersion": "2003", "hasFoil": true, "hasNonFoil": false, "identifiers": {"cardKingdomFoilId": "122264", "cardsphereId": "22398", "mcmId": "17611", "mtgjsonV4Id": "c0c7dde8-424e-508d-9ada-5d26350da913", "scryfallId": "1a5b855b-f391-4963-a3d9-47880e084a7f", "scryfallIllustrationId": "54462260-8d64-4ec2-bac7-f2d469f187f3", "scryfallOracleId": "6ad8011d-3471-4369-9d68-b264cc027487", "tcgplayerProductId": "38270"}, "isPromo": true, "isReprint": true, "isStarter": true, "language": "English", "layout": "normal", "legalities": {"commander": "Legal", "duel": "Banned", "legacy": "Banned", "oathbreaker": "Banned", "predh": "Legal", "vintage": "Restricted"}, "manaCost": "{1}", "manaValue": 1.0, "name": "Sol Ring", "number": "3", "printings": ["2ED", "30A", "3ED", "40K", "AFC", "BRC", "C13", "C14", "C15", "C16", "C17", "C18", "C19", "C20", "C21", "CC1", "CC2", "CED", "CEI", "CLB", "CM2", "CMA", "CMD", "CMM", "CMR", "DMC", "FBB", "G05", "KHC", "LEA", "LEB", "LTC", "MB1", "ME4", "MIC", "MOC", "MPS", "NCC", "NEC", "ONC", "PCTB", "PF19", "PHED", "PLG22", "PRM", "PZ1", "SCD", "SLD", "SUM", "V10", "VMA", "VOC", "ZNC"], "promoTypes": ["judgegift"], "purchaseUrls": {"cardKingdomFoil": "https://mtgjson.com/links/13b48251c60cd65b", "tcgplayer": "https://mtgjson.com/links/1145569406b35327"}, "rarity": "rare", "setCode": "G05", "subtypes": [], "supertypes": [], "text": "{T}: Add {C}{C}.", "type": "Artifact", "types": ["Artifact"], "uuid": "f83184b5-ef8a-52e7-ad0e-219063d4e986", "watermark": "dci"}, {"artist": "Kaja Foglio & Phil Foglio", "artistIds": ["e8b85539-756a-4eac-ac66-a2258d7cf547", "3bfc0fd7-f6ce-4c3f-a755-aaafc84ac704"], "availability": ["paper"], "borderColor": "black", "colorIdentity": [], "colors": [], "convertedManaCost": 0.0, "edhrecRank": 1705, "edhrecSaltiness": 0.07, "finishes": ["foil"], "foreignData": [], "frameVersion": "2003", "hasFoil": true, "hasNonFoil": false, "identifiers": {"cardKingdomFoilId": "122261", "cardsphereId": "22373", "mcmId": "17612", "mtgjsonV4Id": "e3cd33f9-5ea1-50c9-a7b3-34db35c5f92e", "scryfallId": "397d5e83-0634-4312-aa95-9f3cf928533c", "scryfallIllustrationId": "94a6f349-9fc7-472e-8713-a78eb95c8713", "scryfallOracleId": "5963e0ef-e0bc-4611-ad4f-813a4c0eacfb", "tcgplayerProductId": "38260"}, "isPromo": true, "isReprint": true, "isStarter": true, "language": "English", "layout": "normal", "legalities": {"commander": "Legal", "duel": "Legal", "legacy": "Legal", "modern": "Legal", "oathbreaker": "Legal", "penny": "Legal", "predh": "Legal", "premodern": "Legal", "vintage": "Legal"}, "manaValue": 0.0, "name": "Mishra's Factory", "number": "4", "printings": ["2XM", "4BB", "4ED", "A25", "AFC", "ATQ", "DDF", "DMR", "EMA", "G05", "J22", "MB1", "ME1", "MH2", "PLIST", "PRM", "PTC", "REN", "RIN", "SLC", "TD0"], "promoTypes": ["judgegift"], "purchaseUrls": {"cardKingdomFoil": "https://mtgjson.com/links/001f11e53e7fcb28", "tcgplayer": "https://mtgjson.com/links/5b57089988d491ac"}, "rarity": "rare", "setCode": "G05", "subtypes": [], "supertypes": [], "text": "{T}: Add {C}.\n{1}: Mishra's Factory becomes a 2/2 Assembly-Worker artifact creature until end of turn. It's still a land.\n{T}: Target Assembly-Worker creature gets +1/+1 until end of turn.", "type": "Land", "types": ["Land"], "uuid": "4b1580c1-546b-5397-8e12-07d097418c4c", "watermark": "dci"}], "code": "G05", "isFoilOnly": true, "isOnlineOnly": false, "keyruneCode": "PARL", "languages": ["English"], "name": "Judge Gift Cards 2005", "releaseDate": "2005-01-01", "sealedProduct": [{"category": "booster_pack", "identifiers": {"tcgplayerProductId": "448319"}, "name": "Judge Promo Pack 2014 Full Art Land Set", "purchaseUrls": {"tcgplayer": "https://mtgjson.com/links/d12d78a807d20473"}, "subtype": "set", "uuid": "a0b85d64-0b22-5d96-b8fb-f1656e9940b5"}], "tcgplayerGroupId": 62, "tokens": [], "totalSetSize": 4, "translations": {}, "type": "promo"}}