{"meta": {"date": "2023-08-19", "version": "5.2.1+20230819"}, "data": {"baseSetSize": 25, "cards": [{"artist": "Slawomir Maniak", "artistIds": ["d887bc66-2779-416c-a1ff-d8720242063e"], "availability": ["arena"], "borderColor": "black", "colorIdentity": ["W"], "colors": ["W"], "convertedManaCost": 2.0, "edhrecRank": 4745, "edhrecSaltiness": 0.04, "finishes": ["nonfoil"], "foreignData": [], "frameVersion": "2015", "hasFoil": false, "hasNonFoil": true, "identifiers": {"mtgArenaId": "65481", "mtgjsonV4Id": "1c00bd9e-cadd-5153-8a0f-2dd2419958d8", "multiverseId": "547418", "scryfallId": "2f5c8b10-eacd-4a7e-aa25-e3406d5c0b5a", "scryfallIllustrationId": "236383a7-2140-4a99-9e6d-0912d20c583f", "scryfallOracleId": "80b8ee3d-4174-4f47-a533-a3db1e703382"}, "isOnlineOnly": true, "isReprint": true, "isStarter": true, "keywords": ["Double strike", "Eternalize"], "language": "English", "layout": "normal", "legalities": {"commander": "Legal", "duel": "Legal", "explorer": "Legal", "gladiator": "Legal", "historic": "Legal", "historicbrawl": "Legal", "legacy": "Legal", "modern": "Legal", "oathbreaker": "Legal", "penny": "Legal", "pioneer": "Legal", "vintage": "Legal"}, "manaCost": "{1}{W}", "manaValue": 2.0, "name": "Adorned Pouncer", "number": "1", "originalText": "Double strike\nEternalize {3}{W}{W}", "originalType": "Creature — Cat", "power": "1", "printings": ["HA4", "HOU", "MB1", "PHOU", "PRM"], "purchaseUrls": {}, "rarity": "rare", "rulings": [{"date": "2017-07-14", "text": "For each card with eternalize, a corresponding game play supplement token can be found in some Hour of Devastation booster packs. These supplements are not required to play with cards with eternalize; you can use the same items to represent an eternalized token as you would any other token."}, {"date": "2017-07-14", "text": "If a creature card with eternalize is put into your graveyard during your main phase, you’ll have priority immediately afterward. You can activate its eternalize ability before any player can try to exile it, such as with Crook of Condemnation, if it’s legal for you to do so."}, {"date": "2017-07-14", "text": "Once you’ve activated an eternalize ability, the card is immediately exiled. Opponents can’t try to stop the ability by exiling the card with an effect such as that of Crook of Condemnation."}, {"date": "2017-07-14", "text": "The token copies exactly what was printed on the original card and nothing else, except the characteristics specifically modified by eternalize. It doesn’t copy any information about the object the card was before it was put into your graveyard."}, {"date": "2017-07-14", "text": "The token is a Zombie in addition to its other types and is black instead of its other colors. Its base power and toughness are 4/4. It has no mana cost, and thus its mana value is 0. These are copiable values of the token that other effects may copy."}], "setCode": "HA4", "subtypes": ["Cat"], "supertypes": [], "text": "Double strike\nEternalize {3}{W}{W} ({3}{W}{W}, Exile this card from your graveyard: Create a token that's a copy of it, except it's a 4/4 black Zombie Cat with no mana cost. Eternalize only as a sorcery.)", "toughness": "1", "type": "Creature — Cat", "types": ["Creature"], "uuid": "47869ae6-97eb-5050-a757-770e606431b0"}, {"artist": "Tyler Jacobson", "artistIds": ["522af130-8db4-4b4b-950c-6e2b246339cf"], "availability": ["arena"], "borderColor": "black", "colorIdentity": ["W"], "colors": ["W"], "convertedManaCost": 2.0, "edhrecRank": 9163, "edhrecSaltiness": 0.1, "finishes": ["nonfoil"], "foreignData": [], "frameVersion": "2015", "hasFoil": false, "hasNonFoil": true, "identifiers": {"mtgArenaId": "62561", "mtgjsonV4Id": "a960013c-c024-59e3-892f-f744dce5cc2d", "multiverseId": "547419", "scryfallId": "f96bf468-f803-4746-b0cc-8b58c1f7987d", "scryfallIllustrationId": "73f500d2-4e90-4f73-b997-73ef0757ecc7", "scryfallOracleId": "49554441-bb48-4829-b8d6-55e687a6c2e2"}, "isOnlineOnly": true, "isReprint": true, "isStarter": true, "keywords": ["Investigate"], "language": "English", "layout": "normal", "legalities": {"commander": "Legal", "duel": "Legal", "explorer": "Legal", "gladiator": "Legal", "historic": "Legal", "historicbrawl": "Legal", "legacy": "Legal", "modern": "Legal", "oathbreaker": "Legal", "penny": "Legal", "pioneer": "Legal", "vintage": "Legal"}, "manaCost": "{1}{W}", "manaValue": 2.0, "name": "Declaration in Stone", "number": "2", "originalText": "Exile target creature and all other creatures its controller controls with the same name as that creature. That player investigates for each nontoken creature exiled this way.", "originalType": "Sorcery", "printings": ["HA4", "NCC", "PSOI", "SIR", "SOI"], "purchaseUrls": {}, "rarity": "rare", "rulings": [{"date": "2016-04-08", "text": "The token is named Clue Token and has the artifact subtype Clue. Clue isn't a creature type."}, {"date": "2016-04-08", "text": "The tokens are normal artifacts. For example, they can be sacrificed to cast Angelic Purge or targeted by Root Out."}, {"date": "2016-04-08", "text": "If you sacrifice a Clue for another card's cost or effect, such as that of Angelic Purge or Tamiyo's Journal, you can't also pay {2} and sacrifice it to draw a card."}, {"date": "2016-04-08", "text": "A face-down creature, such as one cast with a megamorph ability from the Dragons of Tarkir set, has no name and can't share a name with any other creatures."}, {"date": "2016-04-08", "text": "If the target creature is an illegal target when Declaration in Stone tries to resolve, it won't resolve and none of its effects will happen. No creatures will be exiled, including those with the same name as the target."}, {"date": "2016-04-08", "text": "It's possible to have a creature and a noncreature permanent with the same name, such as two copies of the same land, one of which has become a land creature. Only creatures with that name are exiled by Declaration in Stone."}, {"date": "2016-04-08", "text": "Declaration in Stone has only one target. The other creatures with that name aren't targeted. For example, a creature with hexproof will be exiled if it has the same name as the target creature."}, {"date": "2022-06-10", "text": "Unless a token is a copy of another permanent or was explicitly given a name by the effect that created it, its name is the subtypes it was given when it was created plus the word \"Token.\" For example, if an effect creates a 1/1 Soldier creature token, that token is named \"Soldier Token.\""}], "setCode": "HA4", "subtypes": [], "supertypes": [], "text": "Exile target creature and all other creatures its controller controls with the same name as that creature. That player investigates for each nontoken creature exiled this way.", "type": "Sorcery", "types": ["Sorcery"], "uuid": "50ee1688-9da7-5c94-81ca-25a1fbfa38c2"}, {"artist": "Matt Stewart", "artistIds": ["20871267-2d8a-41d5-b03a-be3d557c5734"], "availability": ["arena"], "borderColor": "black", "colorIdentity": ["W"], "colors": ["W"], "convertedManaCost": 1.0, "edhrecRank": 4848, "finishes": ["nonfoil"], "foreignData": [], "frameVersion": "2015", "hasFoil": false, "hasNonFoil": true, "identifiers": {"mtgArenaId": "62629", "mtgjsonV4Id": "047eda14-0912-57b6-a788-79860f637d55", "multiverseId": "547420", "scryfallId": "c9dca1ec-c5cb-4ddf-893c-e95249a288f1", "scryfallIllustrationId": "6b3c5050-45a8-4c16-8064-e61838422424", "scryfallOracleId": "caa02547-66e3-4e27-a2d3-5e94f3e7a069"}, "isOnlineOnly": true, "isReprint": true, "isStarter": true, "keywords": ["Investigate"], "language": "English", "layout": "normal", "legalities": {"commander": "Legal", "duel": "Legal", "explorer": "Legal", "gladiator": "Legal", "historic": "Legal", "historicbrawl": "Legal", "legacy": "Legal", "modern": "Legal", "oathbreaker": "Legal", "pauper": "Legal", "paupercommander": "Legal", "penny": "Legal", "pioneer": "Legal", "vintage": "Legal"}, "manaCost": "{W}", "manaValue": 1.0, "name": "Thraben Inspector", "number": "3", "originalText": "When Thraben Inspector enters the battlefield, investigate.", "originalType": "Creature — Human Soldier", "power": "1", "printings": ["2XM", "CMM", "HA4", "J22", "MB1", "PRCQ", "SIR", "SOI", "TSR"], "purchaseUrls": {}, "rarity": "common", "rulings": [{"date": "2016-04-08", "text": "The token is named Clue and has the artifact subtype Clue. Clue isn't a creature type."}, {"date": "2016-04-08", "text": "The tokens are normal artifacts. For example, they can be sacrificed to cast Angelic Purge or targeted by Root Out."}, {"date": "2016-04-08", "text": "If you sacrifice a Clue for another card's cost or effect, such as that of Angelic Purge or Tamiyo's Journal, you can't also pay {2} and sacrifice it to draw a card."}], "setCode": "HA4", "subtypes": ["Human", "Soldier"], "supertypes": [], "text": "When Thraben Inspector enters the battlefield, investigate. (Create a Clue token. It's an artifact with \"{2}, Sacrifice this artifact: Draw a card.\")", "toughness": "2", "type": "Creature — Human Soldier", "types": ["Creature"], "uuid": "c73eeeb6-e804-544c-badf-11bcac5f7bc9"}, {"artist": "Svetlin Velinov", "artistIds": ["ffd063ae-c097-4f26-b2e6-b1e2137708bc"], "availability": ["arena"], "borderColor": "black", "colorIdentity": ["W"], "colors": ["W"], "convertedManaCost": 9.0, "edhrecRank": 5625, "edhrecSaltiness": 0.25, "finishes": ["nonfoil"], "foreignData": [], "frameVersion": "2015", "hasFoil": false, "hasNonFoil": true, "identifiers": {"mtgArenaId": "77657", "mtgjsonV4Id": "6a6fc9ea-de13-5ee7-a03b-90efcdca88fc", "multiverseId": "547421", "scryfallId": "a3be670f-3909-43b4-8d68-af4b1732c48c", "scryfallIllustrationId": "20b40fd6-c0be-4072-8c43-80da7944676f", "scryfallOracleId": "0d3e0b38-a9ff-489b-8c00-4ca89deb4869"}, "isOnlineOnly": true, "isReprint": true, "isStarter": true, "language": "English", "layout": "normal", "legalities": {"commander": "Legal", "duel": "Legal", "gladiator": "Legal", "historic": "Legal", "historicbrawl": "Legal", "legacy": "Legal", "oathbreaker": "Legal", "vintage": "Legal"}, "manaCost": "{6}{W}{W}{W}", "manaValue": 9.0, "name": "Triumphant Reckoning", "number": "4", "originalText": "Return all artifact, enchantment, and planeswalker cards from your graveyard to the battlefield.", "originalType": "Sorcery", "printings": ["CMR", "HA4", "PRM", "SLD"], "purchaseUrls": {}, "rarity": "mythic", "rulings": [{"date": "2020-11-10", "text": "If you return an Aura card to the battlefield this way, the Aura isn’t being cast, so you choose what it will enchant as is enters the battlefield. An Aura returned this way doesn’t target anything (so it could be attached to an opponent’s permanent with hexproof, for example), but the Aura’s enchant ability restricts what it can be attached to. If the Aura can’t legally be attached to anything, it remains in the graveyard."}, {"date": "2020-11-10", "text": "An Aura returning to the battlefield this way can’t be attached to anything else entering the battlefield at the same time. If it enchants a permanent, you have to choose one already on the battlefield."}], "setCode": "HA4", "subtypes": [], "supertypes": [], "text": "Return all artifact, enchantment, and planeswalker cards from your graveyard to the battlefield.", "type": "Sorcery", "types": ["Sorcery"], "uuid": "c2ccb250-e166-5015-a03c-fd9942c2f434"}, {"artist": "Ravenna Tran", "artistIds": ["e24bc1d0-446b-45e0-b215-89f581837aa4"], "availability": ["arena"], "borderColor": "black", "colorIdentity": ["U"], "colors": ["U"], "convertedManaCost": 2.0, "edhrecRank": 9521, "edhrecSaltiness": 0.15, "finishes": ["nonfoil"], "foreignData": [], "frameVersion": "2015", "hasFoil": false, "hasNonFoil": true, "identifiers": {"mtgArenaId": "71395", "mtgjsonV4Id": "489ea8c3-2e56-55cd-bdfd-a4c070f753e2", "multiverseId": "547422", "scryfallId": "776cf234-2ce3-4948-9ade-cf707d7cdf99", "scryfallIllustrationId": "5a7552d3-e76f-4b9c-9ca1-d7cb3471700b", "scryfallOracleId": "9e00188a-0743-4a39-9229-977a0a115659"}, "isOnlineOnly": true, "isReprint": true, "isStarter": true, "keywords": ["Mill"], "language": "English", "layout": "normal", "legalities": {"commander": "Legal", "duel": "Legal", "gladiator": "Legal", "historic": "Legal", "historicbrawl": "Legal", "legacy": "Legal", "modern": "Legal", "oathbreaker": "Legal", "pauper": "Legal", "paupercommander": "Legal", "penny": "Legal", "vintage": "Legal"}, "manaCost": "{1}{U}", "manaValue": 2.0, "name": "Iceberg Cancrix", "number": "5", "originalText": "Whenever another snow permanent enters the battlefield under your control, you may have target player mill two cards.", "originalType": "Snow Creature — Crab", "power": "0", "printings": ["HA4", "MH1"], "purchaseUrls": {}, "rarity": "common", "setCode": "HA4", "subtypes": ["Crab"], "supertypes": ["Snow"], "text": "Whenever another snow permanent enters the battlefield under your control, you may have target player mill two cards.", "toughness": "4", "type": "Snow Creature — Crab", "types": ["Creature"], "uuid": "f2cd132c-6e65-5843-abdc-9127f71c737b"}, {"artist": "Randy Vargas", "artistIds": ["d20672ca-0555-4238-a984-fd171d36b247"], "availability": ["arena"], "borderColor": "black", "colorIdentity": ["U"], "colors": ["U"], "convertedManaCost": 2.0, "edhrecRank": 5267, "edhrecSaltiness": 0.53, "finishes": ["nonfoil"], "foreignData": [], "frameVersion": "2015", "hasFoil": false, "hasNonFoil": true, "identifiers": {"mtgArenaId": "71397", "mtgjsonV4Id": "cf44f44b-83ba-50d3-8408-be885e6d1504", "multiverseId": "547423", "scryfallId": "6906f70c-8246-4f88-bb3c-93ab73273293", "scryfallIllustrationId": "07b74a7d-358b-439a-81fc-2a5438968224", "scryfallOracleId": "a11d890e-38d4-467c-bc04-948979c142e0"}, "isOnlineOnly": true, "isReprint": true, "isStarter": true, "keywords": ["Scry"], "language": "English", "layout": "normal", "legalities": {"commander": "Legal", "duel": "Legal", "gladiator": "Legal", "historic": "Legal", "historicbrawl": "Legal", "legacy": "Legal", "modern": "Legal", "oathbreaker": "Legal", "penny": "Legal", "vintage": "Legal"}, "manaCost": "{1}{U}", "manaValue": 2.0, "name": "Marit Lage's Slumber", "number": "6", "originalText": "Whenever Marit Lage's Slumber or another snow permanent enters the battlefield under your control, scry 1.\nAt the beginning of your upkeep, if you control ten or more snow permanents, sacrifice Marit Lage's Slumber. If you do, create Marit Lage, a legendary 20/20 black Avatar creature token with flying and indestructible.", "originalType": "Legendary Snow Enchantment", "printings": ["HA4", "J22", "MH1"], "purchaseUrls": {}, "rarity": "rare", "rulings": [{"date": "2019-06-14", "text": "If you don’t control ten or more snow permanents as your upkeep begins, the last ability won’t trigger. No player may take any actions during a turn before the turn’s upkeep begins."}, {"date": "2019-06-14", "text": "If you don’t control ten snow permanents as the last ability resolves, you can’t sacrifice Marit Lage’s Slumber."}, {"date": "2019-06-14", "text": "If Marit Lage’s Slumber leaves the battlefield before its last ability resolves, you won’t be able to sacrifice it, so you won’t create Marit Lage."}], "setCode": "HA4", "subtypes": [], "supertypes": ["Legendary", "Snow"], "text": "Whenever Marit Lage's Slumber or another snow permanent enters the battlefield under your control, scry 1.\nAt the beginning of your upkeep, if you control ten or more snow permanents, sacrifice Marit Lage's Slumber. If you do, create Marit Lage, a legendary 20/20 black Avatar creature token with flying and indestructible.", "type": "Legendary Snow Enchantment", "types": ["Enchantment"], "uuid": "ef90d4c9-3117-5924-9c99-ed5e539b08c9"}, {"artist": "Anthony Francisco", "artistIds": ["6ac24c4b-70e9-4286-8f4b-b40c92ab5847"], "availability": ["arena"], "borderColor": "black", "colorIdentity": ["U"], "colors": ["U"], "convertedManaCost": 2.0, "edhrecRank": 4587, "edhrecSaltiness": 0.09, "finishes": ["nonfoil"], "foreignData": [], "frameVersion": "2015", "hasFoil": false, "hasNonFoil": true, "identifiers": {"mtgArenaId": "42534", "mtgjsonV4Id": "6ff69981-a522-5dbd-a2ab-b2d22acac494", "multiverseId": "547424", "scryfallId": "391f7771-45ce-4925-b0bd-8a06a4fe1ed6", "scryfallIllustrationId": "47d9121c-7988-4e8f-a78b-c560ad412709", "scryfallOracleId": "fa85c5a2-8e83-4624-a35a-a0bbf17ecbb4"}, "isOnlineOnly": true, "isReprint": true, "isStarter": true, "keywords": ["Flashback"], "language": "English", "layout": "normal", "legalities": {"commander": "Legal", "duel": "Legal", "gladiator": "Legal", "historic": "Legal", "historicbrawl": "Legal", "legacy": "Legal", "modern": "Legal", "oathbreaker": "Legal", "pauper": "Legal", "paupercommander": "Legal", "penny": "Legal", "predh": "Legal", "vintage": "Legal"}, "manaCost": "{1}{U}", "manaValue": 2.0, "name": "Think Twice", "number": "7", "originalText": "Draw a card.\nFlashback {2}{U}", "originalType": "Instant", "printings": ["C19", "HA4", "ISD", "TSP", "TSR", "UMA"], "purchaseUrls": {}, "rarity": "common", "rulings": [{"date": "2021-03-19", "text": "“Flashback [cost]” means “You may cast this card from your graveyard by paying [cost] rather than paying its mana cost” and “If the flashback cost was paid, exile this card instead of putting it anywhere else any time it would leave the stack.”"}, {"date": "2021-03-19", "text": "You must still follow any timing restrictions and permissions, including those based on the card’s type. For instance, you can cast a sorcery using flashback only when you could normally cast a sorcery."}, {"date": "2021-03-19", "text": "To determine the total cost of a spell, start with the mana cost or alternative cost (such as a flashback cost) you’re paying, add any cost increases, then apply any cost reductions. The mana value of the spell is determined only by its mana cost, no matter what the total cost to cast the spell was."}, {"date": "2021-03-19", "text": "A spell cast using flashback will always be exiled afterward, whether it resolves, is countered, or leaves the stack in some other way."}, {"date": "2021-03-19", "text": "You can cast a spell using flashback even if it was somehow put into your graveyard without having been cast."}, {"date": "2021-03-19", "text": "If a card with flashback is put into your graveyard during your turn, you can cast it if it’s legal to do so before any other player can take any actions."}], "setCode": "HA4", "subtypes": [], "supertypes": [], "text": "Draw a card.\nFlashback {2}{U} (You may cast this card from your graveyard for its flashback cost. Then exile it.)", "type": "Instant", "types": ["Instant"], "uuid": "2e16f5ed-511a-5893-8b3e-ff9a85b32691"}, {"artist": "Mike Bierek", "artistIds": ["e5f52ef5-1a2e-4128-90b0-ccc71cd47ea7"], "availability": ["arena"], "borderColor": "black", "colorIdentity": ["B"], "colors": ["B"], "convertedManaCost": 3.0, "edhrecRank": 8940, "edhrecSaltiness": 0.27, "finishes": ["nonfoil"], "foreignData": [], "frameVersion": "2015", "hasFoil": false, "hasNonFoil": true, "identifiers": {"mtgArenaId": "65591", "mtgjsonV4Id": "10028e7d-5ce6-51b8-ab77-518fc8f0b32e", "multiverseId": "547425", "scryfallId": "41dfef51-fdfb-495a-a16f-245c92e8f28b", "scryfallIllustrationId": "81d136d1-c7ab-4a75-91da-6a4ef88b610c", "scryfallOracleId": "c2f6ddc2-86bc-43da-9bdd-0c2af79c62fd"}, "isOnlineOnly": true, "isReprint": true, "isStarter": true, "keywords": ["Afflict"], "language": "English", "layout": "normal", "legalities": {"commander": "Legal", "duel": "Legal", "explorer": "Legal", "gladiator": "Legal", "historic": "Legal", "historicbrawl": "Legal", "legacy": "Legal", "modern": "Legal", "oathbreaker": "Legal", "penny": "Legal", "pioneer": "Legal", "vintage": "Legal"}, "manaCost": "{2}{B}", "manaValue": 3.0, "name": "Ammit Eternal", "number": "8", "originalText": "Afflict 3\nWhenever an opponent casts a spell, put a -1/-1 counter on Ammit Eternal.\nWhenever Ammit Eternal deals combat damage to a player, remove all -1/-1 counters from it.", "originalType": "Creature — Zombie Crocodile Demon", "power": "5", "printings": ["HA4", "HOU", "PHOU"], "purchaseUrls": {}, "rarity": "rare", "rulings": [{"date": "2017-07-14", "text": "Ammit Eternal’s middle ability will resolve before the spell that caused it to trigger. The ability will resolve even if that spell is countered."}, {"date": "2017-07-14", "text": "If multiple creatures block a creature with afflict, afflict triggers only once."}, {"date": "2017-07-14", "text": "Afflict causes the defending player to lose life; it’s not damage or combat damage."}, {"date": "2017-07-14", "text": "If a creature is attacking a planeswalker, that planeswalker’s controller is the defending player."}, {"date": "2017-07-14", "text": "Afflict resolves before combat damage is dealt. If this loss of life brings a player to 0 life or less, that player loses the game immediately. A blocking creature with lifelink won’t deal combat damage in time to save that player."}], "setCode": "HA4", "subtypes": ["Zombie", "Crocodile", "Demon"], "supertypes": [], "text": "Afflict 3 (Whenever this creature becomes blocked, defending player loses 3 life.)\nWhenever an opponent casts a spell, put a -1/-1 counter on Ammit Eternal.\nWhenever Ammit Eternal deals combat damage to a player, remove all -1/-1 counters from it.", "toughness": "5", "type": "Creature — Zombie Crocodile Demon", "types": ["Creature"], "uuid": "2db8c9ef-712c-5ba8-862a-74c2151f045b"}, {"artist": "Howard Lyon", "artistIds": ["6dd06426-59fe-4b9c-aad5-6da8446a5c3d"], "availability": ["arena"], "borderColor": "black", "colorIdentity": ["B"], "colors": ["B"], "convertedManaCost": 1.0, "edhrecRank": 11485, "edhrecSaltiness": 0.09, "finishes": ["nonfoil"], "foreignData": [], "frameVersion": "2015", "hasFoil": false, "hasNonFoil": true, "identifiers": {"mtgArenaId": "35573", "mtgjsonV4Id": "c607655e-f14a-5108-abb9-0a5b24da5ecc", "multiverseId": "547426", "scryfallId": "59ed2566-97c4-40d8-bb43-80bcbe465a3c", "scryfallIllustrationId": "54fb8c59-0f21-49e6-9d61-c696daec6076", "scryfallOracleId": "e08722b3-0f79-4c82-b298-603e04a37857"}, "isOnlineOnly": true, "isReprint": true, "isStarter": true, "language": "English", "layout": "normal", "legalities": {"commander": "Legal", "duel": "Legal", "gladiator": "Legal", "historic": "Legal", "historicbrawl": "Legal", "legacy": "Legal", "modern": "Legal", "oathbreaker": "Legal", "predh": "Legal", "vintage": "Legal"}, "manaCost": "{B}", "manaValue": 1.0, "name": "Death's Shadow", "number": "9", "originalText": "Death's Shadow gets -X/-X, where X is your life total.", "originalType": "Creature — Avatar", "power": "13", "printings": ["2XM", "HA4", "MM3", "SLD", "SLP", "WWK"], "purchaseUrls": {}, "rarity": "rare", "rulings": [{"date": "2020-08-07", "text": "Death's Shadow's ability applies only while Death's Shadow is on the battlefield. In all other zones, its power and toughness are 13."}, {"date": "2020-08-07", "text": "The value of X changes as you gain and lose life. It's not locked in as Death's Shadow enters the battlefield."}, {"date": "2020-08-07", "text": "If your life total is negative, X is considered to be 0."}, {"date": "2020-08-07", "text": "In a Two-Headed Giant game, your life total is your team's life total."}], "setCode": "HA4", "subtypes": ["Avatar"], "supertypes": [], "text": "Death's Shadow gets -X/-X, where X is your life total.", "toughness": "13", "type": "Creature — Avatar", "types": ["Creature"], "uuid": "6c7dfa47-f5ab-58ce-bfe1-1243fcfeb929"}, {"artist": "Raoul Vitale", "artistIds": ["c7c15d49-f84b-4d98-9a34-e80e8347b756"], "availability": ["arena"], "borderColor": "black", "colorIdentity": ["B"], "colors": ["B"], "convertedManaCost": 3.0, "edhrecRank": 4535, "edhrecSaltiness": 0.14, "finishes": ["nonfoil"], "foreignData": [], "frameVersion": "2015", "hasFoil": false, "hasNonFoil": true, "identifiers": {"mtgArenaId": "64979", "mtgjsonV4Id": "f6919ce9-e148-5a94-8815-2694eb54b389", "multiverseId": "547427", "scryfallId": "3171e131-349a-4109-9da0-9bfaba785b14", "scryfallIllustrationId": "08e27afc-fb46-4013-9ea4-bda46bc2d858", "scryfallOracleId": "99af5247-06cf-40b2-9a7c-65ad59b1ddf6"}, "isOnlineOnly": true, "isReprint": true, "isStarter": true, "language": "English", "layout": "normal", "legalities": {"commander": "Legal", "duel": "Legal", "explorer": "Legal", "gladiator": "Legal", "historic": "Legal", "historicbrawl": "Legal", "legacy": "Legal", "modern": "Legal", "oathbreaker": "Legal", "pioneer": "Legal", "vintage": "Legal"}, "manaCost": "{2}{B}", "manaValue": 3.0, "name": "Faith of the Devoted", "number": "10", "originalText": "Whenever you cycle or discard a card, you may pay {1}. If you do, each opponent loses 2 life and you gain 2 life.", "originalType": "Enchantment", "printings": ["AKH", "C19", "HA4"], "purchaseUrls": {}, "rarity": "uncommon", "rulings": [{"date": "2017-04-18", "text": "While resolving the triggered ability of Faith of the Devoted, you can’t pay {1} multiple times to multiply the effect."}, {"date": "2017-04-18", "text": "In a Two-Headed Giant game, the triggered ability of Faith of the Devoted causes the opposing team to lose 4 life and you gain 2 life."}], "setCode": "HA4", "subtypes": [], "supertypes": [], "text": "Whenever you cycle or discard a card, you may pay {1}. If you do, each opponent loses 2 life and you gain 2 life.", "type": "Enchantment", "types": ["Enchantment"], "uuid": "1d180723-8cd3-5a64-8a85-0ff4f72093e5"}, {"artist": "Bastien L. Deharme", "artistIds": ["798f63ec-41ad-474e-9708-df08193345c6"], "availability": ["arena"], "borderColor": "black", "colorIdentity": ["B"], "colors": ["B"], "convertedManaCost": 4.0, "edhrecRank": 5389, "edhrecSaltiness": 0.33, "finishes": ["nonfoil"], "foreignData": [], "frameVersion": "2015", "hasFoil": false, "hasNonFoil": true, "identifiers": {"mtgArenaId": "65633", "mtgjsonV4Id": "70368470-6ae5-58bd-a22c-5e5639a7d545", "multiverseId": "547428", "scryfallId": "d978129d-6811-4471-9d91-af969a3d5715", "scryfallIllustrationId": "34b9afef-3628-4497-9a5c-fb5e7e76d794", "scryfallOracleId": "4ba5bcee-fc95-4d05-965e-b1762529ec5f"}, "isOnlineOnly": true, "isReprint": true, "isStarter": true, "keywords": ["Enchant"], "language": "English", "layout": "normal", "legalities": {"commander": "Legal", "duel": "Legal", "explorer": "Legal", "gladiator": "Legal", "historic": "Legal", "historicbrawl": "Legal", "legacy": "Legal", "modern": "Legal", "oathbreaker": "Legal", "penny": "Legal", "pioneer": "Legal", "vintage": "Legal"}, "manaCost": "{3}{B}", "manaValue": 4.0, "name": "Torment of Scarabs", "number": "11", "originalText": "Enchant player\nAt the beginning of enchanted player's upkeep, that player loses 3 life unless they sacrifice a nonland permanent or discard a card.", "originalType": "Enchantment — Aura Curse", "printings": ["HA4", "HOU"], "purchaseUrls": {}, "rarity": "uncommon", "rulings": [{"date": "2017-07-14", "text": "While resolving the triggered ability of Torment of Scarabs, the enchanted player chooses a card to be discarded without revealing it, chooses a nonland permanent to be sacrificed, or chooses to do neither. Then that player discards that card, sacrifices that permanent, or loses 3 life. That player can always choose to lose 3 life, even if they have cards to discard or nonland permanents to sacrifice."}], "setCode": "HA4", "subtypes": ["Aura", "Curse"], "supertypes": [], "text": "Enchant player\nAt the beginning of enchanted player's upkeep, that player loses 3 life unless they sacrifice a nonland permanent or discard a card.", "type": "Enchantment — Aura Curse", "types": ["Enchantment"], "uuid": "390ae050-1306-564a-8381-e32b15b33035"}, {"artist": "Tomasz Jedruszek", "artistIds": ["bba69285-2445-4a4b-a847-59397be972ea"], "availability": ["arena"], "borderColor": "black", "colorIdentity": ["R"], "colors": ["R"], "convertedManaCost": 1.0, "edhrecRank": 16252, "edhrecSaltiness": 0.17, "finishes": ["nonfoil"], "foreignData": [], "frameVersion": "2015", "hasFoil": false, "hasNonFoil": true, "identifiers": {"mtgArenaId": "65061", "mtgjsonV4Id": "363d4ffd-16bd-56ee-bf9b-0bc004e68eeb", "multiverseId": "547429", "scryfallId": "420fdddd-e2fb-438e-85bd-d89d1b962334", "scryfallIllustrationId": "5ee7722e-ed49-4237-8edd-1f35ba12e430", "scryfallOracleId": "b1c721e6-d0b1-4443-937d-89f7c3a459e6"}, "isOnlineOnly": true, "isReprint": true, "isStarter": true, "keywords": ["Menace"], "language": "English", "layout": "normal", "legalities": {"commander": "Legal", "duel": "Legal", "explorer": "Legal", "gladiator": "Legal", "historic": "Legal", "historicbrawl": "Legal", "legacy": "Legal", "modern": "Legal", "oathbreaker": "Legal", "paupercommander": "Restricted", "pioneer": "Legal", "vintage": "Legal"}, "manaCost": "{R}", "manaValue": 1.0, "name": "Flameblade Adept", "number": "12", "originalText": "Menace\nWhenever you cycle or discard a card, Flameblade Adept gets +1/+0 until end of turn.", "originalType": "Creature — Jackal Warrior", "power": "1", "printings": ["AKH", "HA4", "J22"], "purchaseUrls": {}, "rarity": "uncommon", "rulings": [{"date": "2017-04-18", "text": "Some cards have an ability that triggers whenever you cycle any card. These triggered abilities resolve before you draw from the cycling ability."}, {"date": "2017-04-18", "text": "An ability that triggers whenever you discard a card doesn’t give you permission to discard cards. You’ll need another effect that instructs or allows you to discard them."}, {"date": "2017-04-18", "text": "An ability that triggers whenever you “cycle or discard” a card triggers only once if you cycle a card. The ability “Whenever you discard a card” is functionally identical to this ability; cycling is mentioned for clarity."}, {"date": "2017-04-18", "text": "If a player discards a card during their cleanup step due to having too many cards in hand, any appropriate abilities that trigger on discarding that card trigger. If this happens, those triggered abilities are put onto the stack and players receive priority in that cleanup step to cast spells or activate abilities (normally, no players may take actions during a cleanup step). Another cleanup step is created following that one."}], "setCode": "HA4", "subtypes": ["Jackal", "Warrior"], "supertypes": [], "text": "Menace\nWhenever you cycle or discard a card, Flameblade Adept gets +1/+0 until end of turn.", "toughness": "2", "type": "Creature — Jackal Warrior", "types": ["Creature"], "uuid": "b016d4c8-e020-53d4-9630-30756c189a5c"}, {"artist": "Svetlin Velinov", "artistIds": ["ffd063ae-c097-4f26-b2e6-b1e2137708bc"], "availability": ["arena"], "borderColor": "black", "colorIdentity": ["R"], "colors": ["R"], "convertedManaCost": 1.0, "edhrecRank": 10952, "edhrecSaltiness": 0.14, "finishes": ["nonfoil"], "foreignData": [], "frameVersion": "2015", "hasFoil": false, "hasNonFoil": true, "identifiers": {"mtgArenaId": "38095", "mtgjsonV4Id": "c2640799-625c-528f-8c6a-291c27b9973f", "multiverseId": "547430", "scryfallId": "04e5739d-6a9b-4801-b5dc-1fd8562b6121", "scryfallIllustrationId": "ecff7135-381f-452c-ae7d-8fcb155ce9f1", "scryfallOracleId": "739621e6-e138-4ef9-87e8-c730b5a7f495"}, "isOnlineOnly": true, "isReprint": true, "isStarter": true, "keywords": ["Trample"], "language": "English", "layout": "normal", "legalities": {"commander": "Legal", "duel": "Legal", "gladiator": "Legal", "historic": "Legal", "historicbrawl": "Legal", "legacy": "Legal", "modern": "Legal", "oathbreaker": "Legal", "pauper": "Legal", "paupercommander": "Legal", "penny": "Legal", "predh": "Legal", "vintage": "Legal"}, "manaCost": "{R}", "manaValue": 1.0, "name": "Goblin Gaveleer", "number": "13", "originalText": "Trample\nGoblin Gaveleer gets +2/+0 for each Equipment attached to it.", "originalType": "Creature — Goblin Warrior", "power": "1", "printings": ["2XM", "HA4", "SOM"], "purchaseUrls": {}, "rarity": "common", "rulings": [{"date": "2020-08-07", "text": "Goblin Gaveleer's bonus is in addition to whatever bonus the Equipment gives it."}], "setCode": "HA4", "subtypes": ["Goblin", "Warrior"], "supertypes": [], "text": "Trample\nGoblin Gaveleer gets +2/+0 for each Equipment attached to it.", "toughness": "1", "type": "Creature — Goblin Warrior", "types": ["Creature"], "uuid": "df33c5eb-0978-56a5-b960-9c15819e93b0"}, {"artist": "Howard Lyon", "artistIds": ["6dd06426-59fe-4b9c-aad5-6da8446a5c3d"], "availability": ["arena"], "borderColor": "black", "colorIdentity": ["R"], "colors": ["R"], "convertedManaCost": 3.0, "edhrecRank": 6210, "edhrecSaltiness": 0.14, "finishes": ["nonfoil"], "foreignData": [], "frameVersion": "2015", "hasFoil": false, "hasNonFoil": true, "identifiers": {"mtgArenaId": "63475", "mtgjsonV4Id": "4fef48a5-3a8d-523d-b033-6eac05f57b47", "multiverseId": "547431", "scryfallId": "a181ab7d-d3bc-43d4-9603-702ac0087d5a", "scryfallIllustrationId": "34f64ecd-d1d1-4aa6-be8e-e97d38134cf2", "scryfallOracleId": "f5d32e5f-066b-42cf-8dd1-072a96275313"}, "isOnlineOnly": true, "isReprint": true, "isStarter": true, "language": "English", "layout": "normal", "legalities": {"commander": "Legal", "duel": "Legal", "explorer": "Legal", "gladiator": "Legal", "historic": "Legal", "historicbrawl": "Legal", "legacy": "Legal", "modern": "Legal", "oathbreaker": "Legal", "penny": "Legal", "pioneer": "Legal", "vintage": "Legal"}, "manaCost": "{2}{R}", "manaValue": 3.0, "name": "Harmless Offering", "number": "14", "originalText": "Target opponent gains control of target permanent you control.", "originalType": "Sorcery", "printings": ["EMN", "HA4", "PEMN"], "purchaseUrls": {}, "rarity": "rare", "rulings": [{"date": "2016-07-13", "text": "Your opponent can’t refuse your generous donation."}], "setCode": "HA4", "subtypes": [], "supertypes": [], "text": "Target opponent gains control of target permanent you control.", "type": "Sorcery", "types": ["Sorcery"], "uuid": "2917ddfd-7364-562a-a359-f205f9002bb4"}, {"artist": "Pete Venters", "artistIds": ["d54c4a1a-c0c5-4834-84db-125d341f3ad8"], "availability": ["arena"], "borderColor": "black", "colorIdentity": ["G"], "colors": ["G"], "convertedManaCost": 4.0, "edhrecRank": 1864, "edhrecSaltiness": 0.2, "finishes": ["nonfoil"], "foreignData": [], "frameVersion": "2015", "hasFoil": false, "hasNonFoil": true, "identifiers": {"mtgArenaId": "28215", "mtgjsonV4Id": "caf15f98-5ea0-5ed5-b2a3-6b60d9930dfe", "multiverseId": "547432", "scryfallId": "14322666-dc8a-42d7-8ef2-16a39df62381", "scryfallIllustrationId": "f48c5ed8-309c-41e3-9c54-6985c6f68587", "scryfallOracleId": "3f3439e1-75ce-482d-881f-836492dca6e9"}, "isOnlineOnly": true, "isReprint": true, "isStarter": true, "language": "English", "layout": "normal", "legalities": {"commander": "Legal", "duel": "Legal", "gladiator": "Legal", "historic": "Legal", "historicbrawl": "Legal", "legacy": "Legal", "modern": "Legal", "oathbreaker": "Legal", "pauper": "Legal", "paupercommander": "Legal", "penny": "Legal", "predh": "Legal", "vintage": "Legal"}, "manaCost": "{2}{G}{G}", "manaValue": 4.0, "name": "Lys Alana Huntmaster", "number": "15", "originalText": "Whenever you cast an Elf spell, you may create a 1/1 green Elf Warrior creature token.", "originalType": "Creature — Elf Warrior", "power": "3", "printings": ["C14", "CMA", "DD1", "DPA", "EMA", "EVG", "HA4", "J22", "KHC", "LRW", "PS11"], "purchaseUrls": {}, "rarity": "common", "rulings": [{"date": "2016-06-08", "text": "Lys Alana Huntmaster’s ability will resolve before the Elf spell that caused it to trigger."}], "setCode": "HA4", "subtypes": ["Elf", "Warrior"], "supertypes": [], "text": "Whenever you cast an Elf spell, you may create a 1/1 green Elf Warrior creature token.", "toughness": "3", "type": "Creature — Elf Warrior", "types": ["Creature"], "uuid": "87f1ff87-8c7e-574a-8467-a5baa05d2f6f"}, {"artist": "Aaron Miller", "artistIds": ["fc021f3d-773a-4706-bbe7-f602324f511f"], "availability": ["arena"], "borderColor": "black", "colorIdentity": ["G"], "colors": ["G"], "convertedManaCost": 6.0, "edhrecRank": 3085, "edhrecSaltiness": 0.22, "finishes": ["nonfoil"], "foreignData": [], "frameVersion": "2015", "hasFoil": false, "hasNonFoil": true, "identifiers": {"mtgArenaId": "73574", "mtgjsonV4Id": "a0a348ba-26fb-5aa9-ae06-7c142682d9d7", "multiverseId": "547433", "scryfallId": "a34a1550-183a-4f7d-ba28-f3249e13a9d6", "scryfallIllustrationId": "a2e42262-b0ec-49ae-a71a-a46145f05d06", "scryfallOracleId": "7f93a368-9568-456c-9bd6-20d5fe5ad2f1"}, "isOnlineOnly": true, "isReprint": true, "isStarter": true, "keywords": ["Mutate", "Trample"], "language": "English", "layout": "mutate", "legalities": {"commander": "Legal", "duel": "Legal", "gladiator": "Legal", "historic": "Legal", "historicbrawl": "Legal", "legacy": "Legal", "oathbreaker": "Legal", "vintage": "Legal"}, "manaCost": "{4}{G}{G}", "manaValue": 6.0, "name": "Sawtusk Demolisher", "number": "16", "originalText": "Mutate {3}{G}\nTrample\nWhenever this creature mutates, destroy target noncreature permanent. Its controller creates a 3/3 green Beast creature token.", "originalType": "Creature — Beast", "power": "6", "printings": ["C20", "HA4"], "purchaseUrls": {}, "rarity": "rare", "rulings": [{"date": "2020-04-17", "text": "If the target noncreature permanent is an illegal target by the time Sawtusk Demolisher’s last ability tries to resolve, the ability won’t resolve. No player will create a Beast token. If the target is legal but not destroyed (most likely because it has indestructible), its controller does create a Beast token."}], "setCode": "HA4", "subtypes": ["Beast"], "supertypes": [], "text": "Mutate {3}{G} (If you cast this spell for its mutate cost, put it over or under target non-Human creature you own. They mutate into the creature on top plus all abilities from under it.)\nTrample\nWhenever this creature mutates, destroy target noncreature permanent. Its controller creates a 3/3 green Beast creature token.", "toughness": "6", "type": "Creature — Beast", "types": ["Creature"], "uuid": "3766fb25-d81b-52b3-a3e4-40aa9919db5d"}, {"artist": "Daniel Ljunggren", "artistIds": ["0fbd4798-76eb-46d5-a5d4-1e3a25870e34"], "availability": ["arena"], "borderColor": "black", "colorIdentity": ["B", "G"], "colors": ["G"], "convertedManaCost": 5.0, "edhrecRank": 5305, "edhrecSaltiness": 0.31, "finishes": ["nonfoil"], "foreignData": [], "frameVersion": "2015", "hasFoil": false, "hasNonFoil": true, "identifiers": {"mtgArenaId": "42396", "mtgjsonV4Id": "645fa671-ffac-5a8a-9e43-8ed257c34aa2", "multiverseId": "547434", "scryfallId": "b727615a-1d3c-4c93-8362-708241486938", "scryfallIllustrationId": "b10f7089-229b-4cc2-8ed5-55ee7bc7a402", "scryfallOracleId": "da113cc9-bb2b-4af4-9c43-32c165b87363"}, "isOnlineOnly": true, "isReprint": true, "isStarter": true, "keywords": ["Flashback"], "language": "English", "layout": "normal", "legalities": {"commander": "Legal", "duel": "Legal", "gladiator": "Legal", "historic": "Legal", "historicbrawl": "Legal", "legacy": "Legal", "modern": "Legal", "oathbreaker": "Legal", "penny": "Legal", "vintage": "Legal"}, "manaCost": "{4}{G}", "manaValue": 5.0, "name": "Spider Spawning", "number": "17", "originalText": "Create a 1/2 green Spider creature token with reach for each creature card in your graveyard.\nFlashback {6}{B}", "originalType": "Sorcery", "printings": ["2X2", "C15", "CMA", "HA4", "ISD", "MB1", "SIS", "UMA"], "purchaseUrls": {}, "rarity": "uncommon", "rulings": [{"date": "2011-09-22", "text": "The number of creature cards in your graveyard is counted when Spider Spawning resolves."}, {"date": "2021-03-19", "text": "To determine the total cost of a spell, start with the mana cost or alternative cost (such as a flashback cost) you’re paying, add any cost increases, then apply any cost reductions. The mana value of the spell is determined only by its mana cost, no matter what the total cost to cast the spell was."}, {"date": "2021-03-19", "text": "“Flashback [cost]” means “You may cast this card from your graveyard by paying [cost] rather than paying its mana cost” and “If the flashback cost was paid, exile this card instead of putting it anywhere else any time it would leave the stack.”"}, {"date": "2021-03-19", "text": "You must still follow any timing restrictions and permissions, including those based on the card’s type. For instance, you can cast a sorcery using flashback only when you could normally cast a sorcery."}, {"date": "2021-03-19", "text": "If a card with flashback is put into your graveyard during your turn, you can cast it if it’s legal to do so before any other player can take any actions."}, {"date": "2021-03-19", "text": "A spell cast using flashback will always be exiled afterward, whether it resolves, is countered, or leaves the stack in some other way."}, {"date": "2021-03-19", "text": "You can cast a spell using flashback even if it was somehow put into your graveyard without having been cast."}], "setCode": "HA4", "subtypes": [], "supertypes": [], "text": "Create a 1/2 green Spider creature token with reach for each creature card in your graveyard.\nFlashback {6}{B} (You may cast this card from your graveyard for its flashback cost. Then exile it.)", "type": "Sorcery", "types": ["Sorcery"], "uuid": "714b68f1-8bcb-5f6a-a36a-daaac998f6e3"}, {"artist": "Wisnu Tan", "artistIds": ["f2d36cdd-a4e9-43ba-b2ad-9d514f6706d4"], "availability": ["arena"], "borderColor": "black", "colorIdentity": ["G", "W"], "colors": ["G", "W"], "convertedManaCost": 6.0, "edhrecRank": 2872, "edhrecSaltiness": 0.14, "finishes": ["nonfoil"], "foreignData": [], "frameVersion": "2015", "hasFoil": false, "hasNonFoil": true, "identifiers": {"mtgArenaId": "77883", "mtgjsonV4Id": "8ba2044d-9d3d-5fb7-89f9-830172225581", "multiverseId": "547437", "scryfallId": "d0c05072-b59a-47ce-8beb-f1673c25d6c9", "scryfallIllustrationId": "846adb36-3988-4480-ad49-ebc4670d6a9b", "scryfallOracleId": "0cde6a29-d597-4feb-8b2b-528d2d57a1f3"}, "isOnlineOnly": true, "isReprint": true, "isStarter": true, "language": "English", "layout": "normal", "leadershipSkills": {"brawl": false, "commander": true, "oathbreaker": false}, "legalities": {"commander": "Legal", "duel": "Legal", "gladiator": "Legal", "historic": "Legal", "historicbrawl": "Legal", "legacy": "Legal", "oathbreaker": "Legal", "paupercommander": "Restricted", "vintage": "Legal"}, "manaCost": "{4}{G}{W}", "manaValue": 6.0, "name": "Hamza, Guardian of Arashin", "number": "18", "originalText": "This spell costs {1} less to cast for each creature you control with a +1/+1 counter on it.\nCreature spells you cast cost {1} less to cast for each creature you control with a +1/+1 counter on it.", "originalType": "Legendary Creature — Elephant Warrior", "power": "5", "printings": ["CMM", "CMR", "HA4", "MOC", "PRM"], "purchaseUrls": {}, "rarity": "uncommon", "rulings": [{"date": "2020-11-10", "text": "Once you announce you're casting a creature spell, no player may take actions until the spell has been paid for. Notably, opponents can't try to change the number of creatures you control with +1/+1 counters."}, {"date": "2020-11-10", "text": "Hamza's first ability affects only generic mana costs. It can't reduce the total cost to cast the spell below {G}{W}."}, {"date": "2020-11-10", "text": "To determine the total cost of a spell, start with the mana cost or alternative cost you're paying, add any cost increases, then apply any cost reductions (such as that of Hamza, Guardian of Arashin). The total cost is locked in before any costs are paid. The mana value of the spell is determined only by its mana cost, no matter what the total cost to cast the spell was."}], "setCode": "HA4", "subtypes": ["Elephant", "Warrior"], "supertypes": ["Legendary"], "text": "This spell costs {1} less to cast for each creature you control with a +1/+1 counter on it.\nCreature spells you cast cost {1} less to cast for each creature you control with a +1/+1 counter on it.", "toughness": "5", "type": "Legendary Creature — Elephant Warrior", "types": ["Creature"], "uuid": "94cf2f98-7415-5053-bc5a-8500f890c4b5"}, {"artist": "Steve Argyle", "artistIds": ["a44ddda4-5331-4f83-aac9-3e00ed36bd7b"], "availability": ["arena"], "borderColor": "black", "colorIdentity": ["R", "U"], "colors": ["R", "U"], "convertedManaCost": 4.0, "edhrecRank": 15394, "finishes": ["nonfoil"], "foreignData": [], "frameVersion": "2015", "hasFoil": false, "hasNonFoil": true, "identifiers": {"mtgArenaId": "71537", "mtgjsonV4Id": "38fdb14c-1c8a-5b91-a542-06a7a51cf4ba", "multiverseId": "547436", "scryfallId": "9a60eacf-55bb-4da1-b960-5b6efd55e0cc", "scryfallIllustrationId": "aa1bda16-a635-4084-9520-c3c05703fa35", "scryfallOracleId": "a0a79e9e-38cb-45d8-a7ec-7cf10ef7e5fc"}, "isOnlineOnly": true, "isReprint": true, "isStarter": true, "language": "English", "layout": "normal", "legalities": {"commander": "Legal", "duel": "Legal", "gladiator": "Legal", "historic": "Legal", "historicbrawl": "Legal", "legacy": "Legal", "modern": "Legal", "oathbreaker": "Legal", "penny": "Legal", "vintage": "Legal"}, "manaCost": "{2}{U}{R}", "manaValue": 4.0, "name": "Collected Conjuring", "number": "19", "originalText": "Exile the top six cards of your library. You may cast up to two sorcery spells with mana value 3 or less from among them without paying their mana costs. Put the exiled cards not cast this way on the bottom of your library in a random order.", "originalType": "Sorcery", "printings": ["HA4", "MH1"], "purchaseUrls": {}, "rarity": "rare", "rulings": [{"date": "2019-06-14", "text": "Each individual spell you cast this way must have mana value 3 or less. Their total mana value could be greater."}, {"date": "2019-06-14", "text": "You must cast any of the exiled cards you wish to cast while Collected Conjuring is resolving. You can’t cast them later in the turn."}, {"date": "2019-06-14", "text": "You may cast the two sorcery cards in either order. The second is cast before the first resolves."}, {"date": "2019-06-14", "text": "If a spell has {X} in its mana cost, you must choose 0 as the value of X when casting it without paying its mana cost."}, {"date": "2019-06-14", "text": "If you cast a card “without paying its mana cost,” you can’t choose to cast it for any alternative costs. You can, however, pay additional costs. If the card has any mandatory additional costs (such as that of Tormenting Voice), you must pay those to cast the card."}], "setCode": "HA4", "subtypes": [], "supertypes": [], "text": "Exile the top six cards of your library. You may cast up to two sorcery spells with mana value 3 or less from among them without paying their mana costs. Put the exiled cards not cast this way on the bottom of your library in a random order.", "type": "Sorcery", "types": ["Sorcery"], "uuid": "13dae3c9-164b-580f-9e3e-a61c959d7a53"}, {"artist": "Vincent Proce", "artistIds": ["d82b1138-76d3-49f7-9d8c-bc2e2d3e0b0a"], "availability": ["arena"], "borderColor": "black", "colorIdentity": ["B", "G"], "colors": ["B", "G"], "convertedManaCost": 3.0, "edhrecRank": 3439, "edhrecSaltiness": 0.19, "finishes": ["nonfoil"], "foreignData": [], "frameVersion": "2015", "hasFoil": false, "hasNonFoil": true, "identifiers": {"mtgArenaId": "77870", "mtgjsonV4Id": "c1ada7da-0daf-5789-8857-d84b2be2ff99", "scryfallId": "90f86579-4db0-48f7-a9e5-21c44260329e", "scryfallIllustrationId": "4af5325b-c0bf-427c-a06e-97238316fa7d", "scryfallOracleId": "5146ba3f-2c5f-4a86-95d7-a34ce1e842b0"}, "isOnlineOnly": true, "isReprint": true, "isStarter": true, "keywords": ["Menace", "Vigilance"], "language": "English", "layout": "normal", "leadershipSkills": {"brawl": false, "commander": true, "oathbreaker": false}, "legalities": {"commander": "Legal", "duel": "Legal", "gladiator": "Legal", "historic": "Legal", "historicbrawl": "Legal", "legacy": "Legal", "oathbreaker": "Legal", "paupercommander": "Restricted", "vintage": "Legal"}, "manaCost": "{1}{B}{G}", "manaValue": 3.0, "name": "Abomination of Llanowar", "number": "20", "power": "*", "printings": ["CMR", "HA4", "KHC", "PRM"], "purchaseUrls": {}, "rarity": "uncommon", "rulings": [{"date": "2020-11-10", "text": "The ability that defines Abomination of Llanowar’s power and toughness applies in all zones, not just the battlefield."}, {"date": "2020-11-10", "text": "As long as Abomination of Llanowar is on the battlefield (and still an Elf) or in your graveyard, its ability will count itself."}], "setCode": "HA4", "subtypes": ["Elf", "Horror"], "supertypes": ["Legendary"], "text": "Vigilance; menace (This creature can't be blocked except by two or more creatures.)\nAbomination of Llanowar's power and toughness are each equal to the number of Elves you control plus the number of Elf cards in your graveyard.", "toughness": "*", "type": "Legendary Creature — Elf Horror", "types": ["Creature"], "uuid": "fb1f75fb-a785-58aa-93f7-213327dad5c6"}, {"artist": "Darrell Riche", "artistIds": ["262c8e55-4efc-467b-a042-6f734b9d2e01"], "availability": ["arena"], "borderColor": "black", "colorIdentity": [], "colors": [], "convertedManaCost": 1.0, "edhrecRank": 6699, "finishes": ["nonfoil"], "foreignData": [], "frameVersion": "2015", "hasFoil": false, "hasNonFoil": true, "identifiers": {"mtgArenaId": "19829", "mtgjsonV4Id": "b0591721-452d-519c-aa9a-86ce628e3c11", "multiverseId": "547438", "scryfallId": "89577e57-7c85-487b-8db3-092a3606ec07", "scryfallIllustrationId": "e75cfefc-d113-4380-a29c-589358438155", "scryfallOracleId": "452e3f5f-ce17-4682-966b-5cc100210aee"}, "isOnlineOnly": true, "isReprint": true, "isStarter": true, "keywords": ["Equip"], "language": "English", "layout": "normal", "legalities": {"commander": "Legal", "duel": "Legal", "gladiator": "Legal", "historic": "Legal", "historicbrawl": "Legal", "legacy": "Legal", "modern": "Legal", "oathbreaker": "Legal", "pauper": "Legal", "paupercommander": "Legal", "penny": "Legal", "predh": "Legal", "vintage": "Legal"}, "manaCost": "{1}", "manaValue": 1.0, "name": "Bonesplitter", "number": "21", "originalText": "Equipped creature gets +2/+0.\nEquip {1}", "originalType": "Artifact — Equipment", "printings": ["CMR", "HA4", "MB1", "MMA", "MRD", "PAL03", "PRM", "PSAL", "TD0", "TD2"], "purchaseUrls": {}, "rarity": "common", "setCode": "HA4", "subtypes": ["Equipment"], "supertypes": [], "text": "Equipped creature gets +2/+0.\nEquip {1}", "type": "Artifact — Equipment", "types": ["Artifact"], "uuid": "7bdeb75a-2226-5ffb-9430-5ad8f86cfb74"}, {"artist": "Mark Romanoski", "artistIds": ["4ec62588-d6cc-41a2-a9be-a0f95b9613cc"], "availability": ["arena"], "borderColor": "black", "colorIdentity": [], "colors": [], "convertedManaCost": 2.0, "edhrecRank": 1299, "edhrecSaltiness": 0.01, "finishes": ["nonfoil"], "foreignData": [], "frameVersion": "2015", "hasFoil": false, "hasNonFoil": true, "identifiers": {"mtgArenaId": "24529", "mtgjsonV4Id": "5069a37f-4d52-596e-b0ac-8ae5053a532c", "multiverseId": "547439", "scryfallId": "4f268dd7-94a4-481f-aa03-ab6af0065a26", "scryfallIllustrationId": "03e36f97-95a8-4f01-aef8-56f2bad30592", "scryfallOracleId": "21d700e8-0255-418e-96a0-6fe05b3f836d"}, "isOnlineOnly": true, "isReprint": true, "isStarter": true, "language": "English", "layout": "normal", "legalities": {"commander": "Legal", "duel": "Legal", "gladiator": "Legal", "historic": "Legal", "historicbrawl": "Legal", "legacy": "Legal", "modern": "Legal", "oathbreaker": "Legal", "predh": "Legal", "vintage": "Legal"}, "manaCost": "{2}", "manaValue": 2.0, "name": "Coldsteel Heart", "number": "22", "originalText": "Coldsteel Heart enters the battlefield tapped.\nAs Coldsteel Heart enters the battlefield, choose a color.\n{T}: Add one mana of the chosen color.", "originalType": "Snow Artifact", "printings": ["2X2", "C15", "CM2", "CSP", "HA4", "J22", "MB1"], "purchaseUrls": {}, "rarity": "uncommon", "setCode": "HA4", "subtypes": [], "supertypes": ["Snow"], "text": "Coldsteel Heart enters the battlefield tapped.\nAs Coldsteel Heart enters the battlefield, choose a color.\n{T}: Add one mana of the chosen color.", "type": "Snow Artifact", "types": ["Artifact"], "uuid": "5b991cf0-5e3f-5ede-b83b-e5f2f338c722"}, {"artist": "Kirsten Zirngibl", "artistIds": ["8d06986a-b58c-4243-8a02-6c19a6bd2feb"], "availability": ["arena"], "borderColor": "black", "colorIdentity": [], "colors": [], "convertedManaCost": 3.0, "edhrecRank": 984, "edhrecSaltiness": 0.33, "finishes": ["nonfoil"], "foreignData": [], "frameVersion": "2015", "hasFoil": false, "hasNonFoil": true, "identifiers": {"mtgArenaId": "64663", "mtgjsonV4Id": "a1812919-bbf9-565d-9e87-657e1f3270ae", "multiverseId": "547440", "scryfallId": "40f38409-f087-4300-a139-22b226680a6d", "scryfallIllustrationId": "db2853c6-7e26-4a59-a733-478a676c0c42", "scryfallOracleId": "78b2b68d-6e27-49f3-8373-6e19faf6f679"}, "isOnlineOnly": true, "isReprint": true, "isStarter": true, "language": "English", "layout": "normal", "legalities": {"commander": "Legal", "duel": "Legal", "explorer": "Legal", "gladiator": "Legal", "historic": "Legal", "historicbrawl": "Legal", "legacy": "Legal", "modern": "Legal", "oathbreaker": "Legal", "penny": "Legal", "pioneer": "Legal", "vintage": "Legal"}, "manaCost": "{3}", "manaValue": 3.0, "name": "Inspiring Statuary", "number": "23", "originalText": "Nonartifact spells you cast have improvise.", "originalType": "Artifact", "printings": ["AER", "BRR", "CMM", "HA4", "MOC", "PAER"], "purchaseUrls": {}, "rarity": "rare", "rulings": [{"date": "2017-02-09", "text": "Multiple instances of improvise are redundant."}, {"date": "2017-02-09", "text": "If you cast a nonartifact spell that requires you to sacrifice a permanent as an additional cost, you may tap that permanent (if it's an artifact) for the spell's improvise ability before you sacrifice it to pay that cost."}, {"date": "2017-02-09", "text": "Improvise doesn't change a spell's mana cost or mana value."}, {"date": "2017-02-09", "text": "When calculating a spell's total cost, include any alternative costs, additional costs, or anything else that increases or reduces the cost to cast the spell. Improvise applies after the total cost is calculated."}, {"date": "2017-02-09", "text": "Because improvise isn't an alternative cost, it can be used in conjunction with alternative costs."}, {"date": "2017-02-09", "text": "Improvise can't pay for {W}, {U}, {B}, {R}, {G}, or {C} mana symbols in a spell's total cost."}, {"date": "2017-02-09", "text": "Improvise can't be used to pay for anything other than the cost of casting the spell. For example, it can't be used during the resolution of an ability that says \"Counter target spell unless its controller pays {3}.\""}, {"date": "2017-02-09", "text": "If an artifact you control has a mana ability with {T} in the cost, activating that ability while casting a spell with improvise will result in the artifact being tapped when you pay the spell's costs. You won't be able to tap it again for improvise. Similarly, if you sacrifice an artifact to activate a mana ability while casting a spell with improvise, that artifact won't be on the battlefield when you pay the spell's costs, so you won't be able to tap it for improvise."}, {"date": "2017-02-09", "text": "Tapping an artifact won't cause its abilities to stop applying unless those abilities say so."}, {"date": "2017-02-09", "text": "Equipment attached to a creature doesn't become tapped when that creature becomes tapped, and tapping that Equipment doesn't cause the creature to become tapped."}, {"date": "2017-02-09", "text": "When using improvise to cast a spell with {X} in its mana cost, first choose the value for X. That choice, plus any cost increases or decreases, will determine the spell's total cost. Then you can tap artifacts you control to help pay that cost. For example, if you cast Whir of Invention (a spell with improvise and mana cost {X}{U}{U}{U}) and choose X to be 3, the total cost is {3}{U}{U}{U}. If you tap two artifacts, you'll have to pay {1}{U}{U}{U}."}], "setCode": "HA4", "subtypes": [], "supertypes": [], "text": "Nonartifact spells you cast have improvise. (Your artifacts can help cast those spells. Each artifact you tap after you're done activating mana abilities pays for {1}.)", "type": "Artifact", "types": ["Artifact"], "uuid": "4b72213d-643b-5cb4-82a8-a6270e48b968"}, {"artist": "Chris Rahn", "artistIds": ["7742047e-0f80-4c0f-a530-d07460165e86"], "availability": ["arena"], "borderColor": "black", "colorIdentity": [], "colors": [], "convertedManaCost": 3.0, "edhrecRank": 2677, "edhrecSaltiness": 0.71, "finishes": ["nonfoil"], "foreignData": [], "frameVersion": "2015", "hasFoil": false, "hasNonFoil": true, "identifiers": {"mtgArenaId": "38279", "mtgjsonV4Id": "d2749055-91d7-516b-93b5-6534ef9369a7", "multiverseId": "547441", "scryfallId": "3a96d85c-7b24-4e90-8425-7cdd985190e6", "scryfallIllustrationId": "50e53c47-f7be-415d-9f2b-1a10ed183dd1", "scryfallOracleId": "fac42229-4f5f-4d04-85dd-5031d4e435aa"}, "isOnlineOnly": true, "isReprint": true, "isStarter": true, "keywords": ["Equip", "Mill"], "language": "English", "layout": "normal", "legalities": {"commander": "Legal", "duel": "Legal", "gladiator": "Legal", "historic": "Legal", "historicbrawl": "Legal", "legacy": "Legal", "modern": "Legal", "oathbreaker": "Legal", "predh": "Legal", "vintage": "Legal"}, "manaCost": "{3}", "manaValue": 3.0, "name": "Sword of Body and Mind", "number": "24", "originalText": "Equipped creature gets +2/+2 and has protection from green and from blue.\nWhenever equipped creature deals combat damage to a player, you create a 2/2 green Wolf creature token and that player mills ten cards.\nEquip {2}", "originalType": "Artifact — Equipment", "printings": ["2XM", "HA4", "MPS", "PRM", "SOM", "V10"], "purchaseUrls": {}, "rarity": "mythic", "rulings": [{"date": "2011-01-01", "text": "If there are fewer than ten cards in that player's library, that player puts all the cards from their library into their graveyard."}], "setCode": "HA4", "subtypes": ["Equipment"], "supertypes": [], "text": "Equipped creature gets +2/+2 and has protection from green and from blue.\nWhenever equipped creature deals combat damage to a player, you create a 2/2 green Wolf creature token and that player mills ten cards.\nEquip {2}", "type": "Artifact — Equipment", "types": ["Artifact"], "uuid": "0c81f84b-89b4-58f6-8e8e-dc39718364f1"}, {"artist": "Sam Burley", "artistIds": ["f89f4b78-cefb-41f7-b7cb-4f4d28de0c4f"], "availability": ["arena"], "borderColor": "black", "colorIdentity": [], "colors": [], "convertedManaCost": 0.0, "edhrecRank": 2165, "edhrecSaltiness": 0.17, "finishes": ["nonfoil"], "foreignData": [], "frameVersion": "2015", "hasFoil": false, "hasNonFoil": true, "identifiers": {"mtgArenaId": "78299", "mtgjsonV4Id": "537a158e-dbb4-507e-90e7-3756f20b9e58", "multiverseId": "547442", "scryfallId": "188d552f-ccc6-4dd1-b5c3-f5d63b7d8f5e", "scryfallIllustrationId": "79beccd2-52b5-4f48-90c2-85c081faf741", "scryfallOracleId": "40d45c02-6416-4e19-8fe3-0ddadf5ba627"}, "isOnlineOnly": true, "isReprint": true, "isStarter": true, "language": "English", "layout": "normal", "legalities": {"commander": "Legal", "duel": "Legal", "gladiator": "Legal", "historic": "Legal", "historicbrawl": "Legal", "legacy": "Legal", "modern": "Legal", "oathbreaker": "Legal", "predh": "Legal", "vintage": "Legal"}, "manaValue": 0.0, "name": "Blinkmoth Nexus", "number": "25", "originalText": "{T}: Add {C}.\n{1}: Blinkmoth Nexus becomes a 1/1 Blinkmoth artifact creature with flying until end of turn. It's still a land.\n{1}, {T}: Target Blinkmoth creature gets +1/+1 until end of turn.", "originalType": "Land", "printings": ["2XM", "DST", "HA4", "MM2", "MMA", "TD2", "WC04"], "purchaseUrls": {}, "rarity": "rare", "rulings": [{"date": "2020-08-07", "text": "A noncreature permanent that turns into a creature can attack, and its {T} abilities can be activated, only if its controller has continuously controlled that permanent since the beginning of their most recent turn. It doesn't matter how long the permanent has been a creature."}, {"date": "2020-08-07", "text": "Blinkmoth Nexus can be the target of its last ability after activating its middle ability. Activating it after it has blocked a creature won't remove it from combat or stop it from dealing and being dealt combat damage."}], "setCode": "HA4", "subtypes": [], "supertypes": [], "text": "{T}: Add {C}.\n{1}: Blinkmoth Nexus becomes a 1/1 Blinkmoth artifact creature with flying until end of turn. It's still a land.\n{1}, {T}: Target Blinkmoth creature gets +1/+1 until end of turn.", "type": "Land", "types": ["Land"], "uuid": "e727fad4-fedc-57f1-8780-ec4b283b7db2"}], "code": "HA4", "isFoilOnly": false, "isNonFoilOnly": true, "isOnlineOnly": true, "keyruneCode": "HA1", "languages": ["English"], "name": "Historic Anthology 4", "releaseDate": "2021-03-11", "tokens": [], "totalSetSize": 25, "translations": {}, "type": "box"}}