{"meta": {"date": "2023-08-19", "version": "5.2.1+20230819"}, "data": {"baseSetSize": 8, "block": "Judge Gift Cards", "cards": [{"artist": "Johannes Voss", "artistIds": ["3593dd7e-c547-4a32-81cd-7da725f60118"], "availability": ["paper"], "borderColor": "black", "colorIdentity": ["W"], "colors": ["W"], "convertedManaCost": 2.0, "edhrecRank": 1103, "edhrecSaltiness": 0.66, "finishes": ["foil"], "foreignData": [], "frameVersion": "2015", "hasFoil": true, "hasNonFoil": false, "identifiers": {"mtgjsonV4Id": "2c549dc5-2b61-535f-82a9-d361301e21b8", "scryfallId": "e09165df-55bb-4a61-b8b7-c01430602938", "scryfallIllustrationId": "928595f2-6daa-459f-bbac-9ec44c9d69f7", "scryfallOracleId": "358789f9-7d87-411d-919e-d597da665cbd", "tcgplayerProductId": "189039"}, "isPromo": true, "isReprint": true, "isStarter": true, "language": "English", "layout": "normal", "legalities": {"commander": "Legal", "duel": "Legal", "legacy": "Legal", "modern": "Legal", "oathbreaker": "Legal", "predh": "Legal", "vintage": "Legal"}, "manaCost": "{1}{W}", "manaValue": 2.0, "name": "Stoneforge Mystic", "number": "1", "power": "1", "printings": ["2XM", "J16", "PGPX", "PRM", "SLD", "TD0", "WWK"], "promoTypes": ["judgegift"], "purchaseUrls": {"tcgplayer": "https://mtgjson.com/links/5b648b2860492023"}, "rarity": "rare", "rulings": [{"date": "2010-03-01", "text": "When Stoneforge Mystic's second ability resolves, you may put any Equipment card from your hand onto the battlefield, not just the one you searched for with its first ability. The Equipment is put onto the battlefield unattached."}], "securityStamp": "oval", "setCode": "J16", "subtypes": ["Kor", "Artificer"], "supertypes": [], "text": "When Stoneforge Mystic enters the battlefield, you may search your library for an Equipment card, reveal it, put it into your hand, then shuffle.\n{1}{W}, {T}: You may put an Equipment card from your hand onto the battlefield.", "toughness": "2", "type": "Creature — Kor Artificer", "types": ["Creature"], "uuid": "3aecf4ed-fb7c-5e9e-80bc-0f1117b698e1", "watermark": "wotc"}, {"artist": "Mike Bierek", "artistIds": ["e5f52ef5-1a2e-4128-90b0-ccc71cd47ea7"], "availability": ["paper"], "borderColor": "black", "colorIdentity": ["U"], "colors": ["U"], "convertedManaCost": 2.0, "edhrecRank": 101, "edhrecSaltiness": 1.71, "finishes": ["foil"], "flavorText": "\"Power is wasted on the weak. They never keep it for long.\"\n—Nicol Bolas", "foreignData": [], "frameVersion": "2015", "hasFoil": true, "hasNonFoil": false, "identifiers": {"cardKingdomFoilId": "205083", "cardsphereId": "22368", "mcmId": "287641", "mtgjsonV4Id": "95f14726-d961-5f72-989d-8c8ce5ff6a90", "scryfallId": "8c6b2642-4d17-4c0b-a3c3-b29d5ffdfbf8", "scryfallIllustrationId": "ca175dbc-35ca-40fe-a90c-cfe215a6f400", "scryfallOracleId": "74d3277a-38e5-4732-afed-084a56148f20", "tcgplayerProductId": "119727"}, "isPromo": true, "isReprint": true, "isStarter": true, "language": "English", "layout": "normal", "legalities": {"commander": "Legal", "duel": "Banned", "legacy": "Banned", "oathbreaker": "Legal", "predh": "Legal", "vintage": "Legal"}, "manaCost": "{U}{U}", "manaValue": 2.0, "name": "Mana Drain", "number": "2", "printings": ["2X2", "CMR", "IMA", "J16", "LEG", "ME3", "PRM", "VMA"], "promoTypes": ["judgegift"], "purchaseUrls": {"cardKingdomFoil": "https://mtgjson.com/links/f7c9da31d1957c0f", "tcgplayer": "https://mtgjson.com/links/7d3939a27492c4f2"}, "rarity": "rare", "rulings": [{"date": "2020-11-10", "text": "If the target spell is an illegal target by the time Mana Drain tries to resolve, Mana Drain doesn’t resolve. You don’t add mana at the beginning of your next main phase. If the target is legal but not countered (most likely because an effect says that the spell can’t be countered), you do add mana."}, {"date": "2020-11-10", "text": "Mana Drain’s delayed triggered ability will usually trigger at the beginning of your precombat main phase. However, if you cast Mana Drain during your precombat main phase or during your combat phase, its delayed triggered ability will trigger at the beginning of that turn’s postcombat main phase."}], "securityStamp": "oval", "setCode": "J16", "subtypes": [], "supertypes": [], "text": "Counter target spell. At the beginning of your next main phase, add an amount of {C} equal to that spell's mana value.", "type": "Instant", "types": ["Instant"], "uuid": "ea41c398-6c35-56bb-904d-9a3831b263f2", "watermark": "wotc"}, {"artist": "Winona Nelson", "artistIds": ["e45fe8d3-75d6-42c9-a2df-e945ad81ea27"], "availability": ["paper"], "borderColor": "black", "colorIdentity": ["G"], "colors": ["G"], "convertedManaCost": 3.0, "edhrecRank": 337, "edhrecSaltiness": 0.59, "finishes": ["foil"], "flavorText": "\"I do not miss Jukai Forest. It is not my home. My home is Kamigawa, its people my family. Wherever I set my pack and rest my head, I am home.\"", "foreignData": [], "frameVersion": "2015", "hasFoil": true, "hasNonFoil": false, "identifiers": {"cardKingdomFoilId": "207459", "cardsphereId": "22316", "mcmId": "290913", "mtgjsonV4Id": "f379a63d-ada7-5901-8f6a-8ab6759744ba", "scryfallId": "e534731d-2bc0-4af7-8143-96cc4b2d6438", "scryfallIllustrationId": "585a2991-3b9c-4126-9216-984759f10532", "scryfallOracleId": "6c2c8bf3-9bf8-4a86-89d3-3bb36260dc51", "tcgplayerProductId": "119728"}, "isPromo": true, "isReprint": true, "isStarter": true, "language": "English", "layout": "normal", "leadershipSkills": {"brawl": false, "commander": true, "oathbreaker": false}, "legalities": {"commander": "Legal", "duel": "Legal", "explorer": "Legal", "gladiator": "Legal", "historic": "Legal", "historicbrawl": "Legal", "legacy": "Legal", "modern": "Legal", "oathbreaker": "Legal", "pioneer": "Legal", "predh": "Legal", "vintage": "Legal"}, "manaCost": "{2}{G}", "manaValue": 3.0, "name": "Azusa, Lost but Seeking", "number": "3", "power": "1", "printings": ["A25", "CHK", "CMM", "J16", "M21", "OCM1", "PM21", "PRM", "SLD"], "promoTypes": ["judgegift"], "purchaseUrls": {"cardKingdomFoil": "https://mtgjson.com/links/f85e21295b71bcab", "tcgplayer": "https://mtgjson.com/links/1f0ece1eb80bd897"}, "rarity": "rare", "rulings": [{"date": "2020-06-23", "text": "Azusa's ability is cumulative with other effects that allow you to play additional lands, such as that of Song of Creation (from the Ikoria: Lair of Behemoths set)."}], "securityStamp": "oval", "setCode": "J16", "subtypes": ["Human", "Monk"], "supertypes": ["Legendary"], "text": "You may play two additional lands on each of your turns.", "toughness": "2", "type": "Legendary Creature — Human Monk", "types": ["Creature"], "uuid": "cfbb3f7f-d397-5e78-9ca9-845daf6657e4", "watermark": "wotc"}, {"artist": "Jonas De Ro", "artistIds": ["561ebf9e-8d93-4b57-8156-8826d0c19601"], "availability": ["paper"], "borderColor": "black", "colorIdentity": [], "colors": [], "convertedManaCost": 0.0, "edhrecRank": 187, "edhrecSaltiness": 0.15, "finishes": ["foil"], "flavorText": "\"I gazed once into that light. Now it burns in my mind, forever denying me rest.\"\n—Riku of Two Reflections", "foreignData": [], "frameVersion": "2015", "hasFoil": true, "hasNonFoil": false, "identifiers": {"cardKingdomFoilId": "205082", "cardsphereId": "22324", "mcmId": "287721", "mtgjsonV4Id": "a211de91-6b26-5125-9296-841314b83b37", "scryfallId": "a46f073a-2d2a-46bc-b941-7f05f80b6736", "scryfallIllustrationId": "6d5ef2b5-f565-4362-bbfb-8a1ea56d3ad8", "scryfallOracleId": "7e8c2a18-e404-40ff-a9e0-ec3eeb6d576e", "tcgplayerProductId": "111644"}, "isPromo": true, "isReprint": true, "isStarter": true, "language": "English", "layout": "normal", "legalities": {"commander": "Legal", "duel": "Legal", "legacy": "Legal", "oathbreaker": "Legal", "vintage": "Legal"}, "manaValue": 0.0, "name": "Command Beacon", "number": "4", "printings": ["C15", "CMR", "J16", "PLIST", "PRM", "PZ1", "SLD"], "promoTypes": ["judgegift"], "purchaseUrls": {"cardKingdomFoil": "https://mtgjson.com/links/26c84dfa7dc7121d", "tcgplayer": "https://mtgjson.com/links/bfd7edc887a10eb4"}, "rarity": "rare", "rulings": [{"date": "2015-11-04", "text": "If you cast a commander from your hand, the additional cost based on the number of times you’ve cast it from your command zone (sometimes referred to as the “commander tax”) doesn’t apply. Additionally, that casting won’t add to the tax if you later cast the commander from the command zone."}, {"date": "2015-11-04", "text": "If your commander isn’t in the command zone (or you’re not playing Commander) as the last ability resolves, nothing happens."}, {"date": "2016-11-08", "text": "If you have two commanders with the partner ability in the command zone, Command Beacon’s effect puts one of your choice into your hand, not both."}, {"date": "2020-11-10", "text": "If you cast a commander from your hand, the commander tax doesn’t apply. Additionally, that casting won’t add to commander tax if you later cast the commander from the command zone."}, {"date": "2020-11-10", "text": "If your commander isn’t in the command zone (or you don’t have a commander) as the last ability resolves, nothing happens."}], "securityStamp": "oval", "setCode": "J16", "subtypes": [], "supertypes": [], "text": "{T}: Add {C}.\n{T}, Sacrifice Command Beacon: Put your commander into your hand from the command zone.", "type": "Land", "types": ["Land"], "uuid": "a715ccc2-cbb4-5dde-abce-751d35e88d7c", "watermark": "wotc"}, {"artist": "Kieran Yanner", "artistIds": ["aa7e89ed-d294-4633-9057-ce04dacfcfa4"], "availability": ["paper"], "borderColor": "black", "colorIdentity": ["U"], "colors": ["U"], "convertedManaCost": 5.0, "edhrecRank": 913, "edhrecSaltiness": 0.44, "finishes": ["foil"], "foreignData": [], "frameVersion": "2015", "hasFoil": true, "hasNonFoil": false, "identifiers": {"cardKingdomFoilId": "210431", "cardsphereId": "22376", "mcmId": "294697", "mtgjsonV4Id": "ffec94b4-dad3-501d-8666-821e1ce7508b", "scryfallId": "fda21404-b683-4aed-b606-cb4241e42c9b", "scryfallIllustrationId": "570652d9-2c09-4702-acc2-85d160bec8a0", "scryfallOracleId": "cd11c27b-9368-4622-bc5a-2e0b993cc42b", "tcgplayerProductId": "126213"}, "isPromo": true, "isReprint": true, "isStarter": true, "language": "English", "layout": "normal", "legalities": {"commander": "Legal", "duel": "Legal", "legacy": "Legal", "oathbreaker": "Legal", "vintage": "Legal"}, "manaCost": "{3}{U}{U}", "manaValue": 5.0, "name": "Mystic Confluence", "number": "5", "printings": ["BBD", "C15", "CMM", "J16", "LTC", "MB1", "NCC", "PZ1", "TSR"], "promoTypes": ["judgegift"], "purchaseUrls": {"cardKingdomFoil": "https://mtgjson.com/links/29f67f184a32af76", "tcgplayer": "https://mtgjson.com/links/f5f9e2d4380a783d"}, "rarity": "rare", "rulings": [{"date": "2021-03-19", "text": "No matter which combination of modes you choose, you always follow the instructions in the order they are written."}, {"date": "2021-03-19", "text": "If the middle mode is chosen more than once, you choose the relative order to return the target creatures."}, {"date": "2021-03-19", "text": "No player can cast spells or activate abilities in between the modes of a resolving spell. Any abilities that trigger won't be put onto the stack until Mystic Confluence is done resolving."}, {"date": "2021-03-19", "text": "If Mystic Confluence is copied, the effect that creates the copy will usually allow you to choose new targets, but you can't choose new modes."}, {"date": "2021-03-19", "text": "If you choose the first and/or second modes but all of the targets become illegal before Mystic Confluence resolves, the spell won't resolve. If you also chose the last mode once or twice, you won't draw any cards. If at least one target is still legal, the spell will resolve but will have no effect on any illegal targets."}], "securityStamp": "oval", "setCode": "J16", "subtypes": [], "supertypes": [], "text": "Choose three. You may choose the same mode more than once.\n• Counter target spell unless its controller pays {3}.\n• Return target creature to its owner's hand.\n• Draw a card.", "type": "Instant", "types": ["Instant"], "uuid": "499fa941-68fc-500b-82e8-c6a7030a07ac", "watermark": "wotc"}, {"artist": "Li Tie", "artistIds": ["3523e1ec-f0b8-434c-b0d0-5502e0aead0a"], "availability": ["paper"], "borderColor": "black", "colorIdentity": ["B"], "colors": ["B"], "convertedManaCost": 1.0, "edhrecRank": 531, "edhrecSaltiness": 0.98, "finishes": ["foil"], "flavorText": "\"If Heaven has placed it in your hands, it means that the throne is destined to be yours.\"", "foreignData": [], "frameVersion": "2015", "hasFoil": true, "hasNonFoil": false, "identifiers": {"cardKingdomFoilId": "209905", "cardsphereId": "22357", "mcmId": "294190", "mtgjsonV4Id": "6d0f9481-60e8-565d-bc1b-8901cd996a22", "scryfallId": "5ab21006-7f61-49e0-8b6a-0397c5d4c3bd", "scryfallIllustrationId": "e06ce611-e2f6-40d5-92ea-cab1dcea8c02", "scryfallOracleId": "16cd0b90-f70c-4efa-b252-8de8784ef9a3", "tcgplayerProductId": "126214"}, "isPromo": true, "isReprint": true, "isStarter": true, "language": "English", "layout": "normal", "legalities": {"commander": "Legal", "duel": "Banned", "legacy": "Banned", "oathbreaker": "Legal", "predh": "Legal", "vintage": "Restricted"}, "manaCost": "{B}", "manaValue": 1.0, "name": "Imperial Seal", "number": "6", "printings": ["2X2", "J16", "ME2", "PRM", "PTK"], "promoTypes": ["judgegift"], "purchaseUrls": {"cardKingdomFoil": "https://mtgjson.com/links/f45daff528316237", "tcgplayer": "https://mtgjson.com/links/37a4bfb312aacd42"}, "rarity": "rare", "securityStamp": "oval", "setCode": "J16", "subtypes": [], "supertypes": [], "text": "Search your library for a card, then shuffle and put that card on top. You lose 2 life.", "type": "Sorcery", "types": ["Sorcery"], "uuid": "1d754abc-7ca5-5564-936d-bdfe9707b91d", "watermark": "wotc"}, {"artist": "Jack Wang", "artistIds": ["331942ac-401c-4af3-9d70-85f67717496c"], "availability": ["paper"], "borderColor": "black", "colorIdentity": ["G"], "colors": ["G"], "convertedManaCost": 4.0, "edhrecRank": 1630, "edhrecSaltiness": 1.13, "finishes": ["foil"], "foreignData": [], "frameVersion": "2015", "hasFoil": true, "hasNonFoil": false, "identifiers": {"cardKingdomFoilId": "209454", "cardsphereId": "22333", "mcmId": "293176", "mtgjsonV4Id": "0dbe94b5-ee94-56d0-af10-9770a51509ef", "scryfallId": "9c981e33-669e-4c1b-920f-8d4b2fb00bb9", "scryfallIllustrationId": "59789d57-5365-4f9a-a2fa-b4624239d273", "scryfallOracleId": "e7e1b166-9267-426d-897d-24903327b48d", "tcgplayerProductId": "123618"}, "isPromo": true, "isReprint": true, "isStarter": true, "language": "English", "layout": "normal", "legalities": {"commander": "Legal", "duel": "Legal", "legacy": "Legal", "oathbreaker": "Legal", "predh": "Legal", "premodern": "Legal", "vintage": "Legal"}, "manaCost": "{3}{G}", "manaValue": 4.0, "name": "Defense of the Heart", "number": "7", "printings": ["J16", "MB1", "SLD", "ULG", "WOT"], "promoTypes": ["judgegift"], "purchaseUrls": {"cardKingdomFoil": "https://mtgjson.com/links/9a4c517123cd0513", "tcgplayer": "https://mtgjson.com/links/4a0213f74708c8cf"}, "rarity": "rare", "rulings": [{"date": "2004-10-04", "text": "In a multiplayer game, it triggers if at least one opponent controls three or more creatures."}, {"date": "2004-10-04", "text": "You choose how many cards to put onto the battlefield during the resolution after you look through your library. You do not choose as the ability goes on the stack."}, {"date": "2004-10-04", "text": "This triggered ability only triggers if your opponent controls 3 or more creatures at the beginning of upkeep. This condition is checked again on resolution."}, {"date": "2010-06-15", "text": "If this card is not on the battlefield at the time it resolves, then you can’t sacrifice it. You still perform the search and put any creature cards you find onto the battlefield."}], "securityStamp": "oval", "setCode": "J16", "subtypes": [], "supertypes": [], "text": "At the beginning of your upkeep, if an opponent controls three or more creatures, sacrifice Defense of the Heart, search your library for up to two creature cards, put those cards onto the battlefield, then shuffle.", "type": "Enchantment", "types": ["Enchantment"], "uuid": "6c7903e8-dff7-5347-a51d-049462d640c6", "watermark": "wotc"}, {"artist": "Josu Hernaiz", "artistIds": ["74246024-92b4-43d0-a5af-a3f9f2a35d5f"], "availability": ["paper"], "borderColor": "black", "colorIdentity": ["B", "U", "W"], "colors": ["B", "U", "W"], "convertedManaCost": 4.0, "edhrecRank": 2120, "edhrecSaltiness": 1.19, "finishes": ["foil"], "flavorText": "Zur remained aloof from Terisiare's suffering, intent only on his own perfection.", "foreignData": [], "frameVersion": "2015", "hasFoil": true, "hasNonFoil": false, "identifiers": {"cardKingdomFoilId": "209455", "cardsphereId": "22423", "mcmId": "293177", "mtgjsonV4Id": "6f7d8ae3-bcfc-5827-804a-6e05eb3abd7a", "scryfallId": "1dd33e67-3bf5-41cf-a552-1db6a28b8561", "scryfallIllustrationId": "b3d793d8-7c53-46be-856e-5a51aa1e7ab0", "scryfallOracleId": "d7950018-d744-48a8-81aa-0d8384703f48", "tcgplayerProductId": "123617"}, "isPromo": true, "isReprint": true, "isStarter": true, "keywords": ["Flying"], "language": "English", "layout": "normal", "leadershipSkills": {"brawl": false, "commander": true, "oathbreaker": false}, "legalities": {"commander": "Legal", "duel": "Legal", "legacy": "Legal", "modern": "Legal", "oathbreaker": "Legal", "penny": "Legal", "predh": "Legal", "vintage": "Legal"}, "manaCost": "{1}{W}{U}{B}", "manaValue": 4.0, "name": "Zur the Enchanter", "number": "8", "power": "1", "printings": ["2X2", "CMR", "CSP", "DMR", "J16", "MM3", "OCM1", "PCEL", "PRM", "SLD"], "promoTypes": ["judgegift"], "purchaseUrls": {"cardKingdomFoil": "https://mtgjson.com/links/f90c136a453e7efd", "tcgplayer": "https://mtgjson.com/links/e4a0ed7b4cfe6cd7"}, "rarity": "rare", "rulings": [{"date": "2022-12-08", "text": "If you put an Aura card onto the battlefield with Zur’s ability, you choose what it will enchant as it enters the battlefield. An Aura put onto the battlefield this way doesn’t target anything (so it could be attached to an opponent’s permanent with hexproof, for example), but the Aura’s enchant ability restricts what it can be attached to. If the Aura can’t legally be attached to anything, it remains in your library."}], "securityStamp": "oval", "setCode": "J16", "subtypes": ["Human", "Wizard"], "supertypes": ["Legendary"], "text": "Flying\nWhenever Zur the Enchanter attacks, you may search your library for an enchantment card with mana value 3 or less, put it onto the battlefield, then shuffle.", "toughness": "4", "type": "Legendary Creature — Human Wizard", "types": ["Creature"], "uuid": "216529f9-341e-53f5-9624-61b97ef86d04", "watermark": "wotc"}], "code": "J16", "isFoilOnly": true, "isOnlineOnly": false, "keyruneCode": "PMEI", "languages": ["English"], "name": "Judge Gift Cards 2016", "releaseDate": "2016-01-01", "sealedProduct": [{"category": "booster_pack", "identifiers": {"tcgplayerProductId": "448319"}, "name": "Judge Promo Pack 2014 Full Art Land Set", "purchaseUrls": {"tcgplayer": "https://mtgjson.com/links/d12d78a807d20473"}, "subtype": "set", "uuid": "a0b85d64-0b22-5d96-b8fb-f1656e9940b5"}], "tcgplayerGroupId": 62, "tokens": [], "totalSetSize": 8, "translations": {}, "type": "promo"}}