{"meta": {"date": "2023-08-19", "version": "5.2.1+20230819"}, "data": {"baseSetSize": 10, "block": "Judge Gift Cards", "cards": [{"artist": "Jason Rainville", "artistIds": ["6ed7e669-579b-443d-b223-e5cbcb2a7483"], "availability": ["paper"], "borderColor": "black", "colorIdentity": ["W"], "colors": ["W"], "convertedManaCost": 4.0, "edhrecRank": 4473, "edhrecSaltiness": 0.79, "finishes": ["foil"], "flavorText": "Her call echoes across worlds, calling the loyal to battle.", "foreignData": [], "frameVersion": "2015", "hasFoil": true, "hasNonFoil": false, "identifiers": {"cardKingdomFoilId": "230582", "cardsphereId": "66030", "mcmId": "428931", "mtgjsonV4Id": "1da7cd79-df31-54e6-8d52-303f55e8b45a", "scryfallId": "acabfe00-5224-485e-a6eb-c4b9fdf690f8", "scryfallIllustrationId": "d1c5c8bf-036b-4fc6-8dd6-70c9d0417dbb", "scryfallOracleId": "6a23963c-21dc-4d21-8d28-5abad7f859a1", "tcgplayerProductId": "206248"}, "isPromo": true, "isReprint": true, "isStarter": true, "language": "English", "layout": "normal", "legalities": {"commander": "Legal", "duel": "Legal", "legacy": "Legal", "oathbreaker": "Legal", "vintage": "Legal"}, "manaCost": "{3}{W}", "manaValue": 4.0, "name": "Arena Rector", "number": "1", "power": "1", "printings": ["BBD", "J20"], "promoTypes": ["judgegift"], "purchaseUrls": {"cardKingdomFoil": "https://mtgjson.com/links/66aeae826dd22564", "tcgplayer": "https://mtgjson.com/links/1ce719bb83ea7ca1"}, "rarity": "rare", "rulings": [{"date": "2018-06-08", "text": "If Arena Rector leaves your graveyard before its triggered ability resolves, perhaps because it’s a token and ceased to exist, you can’t exile it and won’t be able to search your library for a planeswalker card."}], "securityStamp": "oval", "setCode": "J20", "subtypes": ["Human", "Cleric"], "supertypes": [], "text": "When Arena Rector dies, you may exile it. If you do, search your library for a planeswalker card, put it onto the battlefield, then shuffle.", "toughness": "2", "type": "Creature — Human Cleric", "types": ["Creature"], "uuid": "770d9e15-e438-5748-8d39-7d0a7aaac98d", "watermark": "judgeacademy"}, {"artist": "Aaron Miller", "artistIds": ["fc021f3d-773a-4706-bbe7-f602324f511f"], "availability": ["paper"], "borderColor": "black", "colorIdentity": ["W"], "colors": ["W"], "convertedManaCost": 1.0, "edhrecRank": 89, "edhrecSaltiness": 0.78, "finishes": ["foil"], "flavorText": "The path offered by the academy is long and difficult, but those who brave it arrive at wisdom beyond compare.", "foreignData": [], "frameVersion": "2015", "hasFoil": true, "hasNonFoil": false, "identifiers": {"cardKingdomFoilId": "230622", "cardsphereId": "65738", "mcmId": "428066", "mtgjsonV4Id": "64681932-bd9d-5ae4-be16-62eb5ef878cd", "scryfallId": "e940fd9f-f1f5-455e-b141-b70dde6cb89d", "scryfallIllustrationId": "139a317c-d441-405c-8d0d-78585395e1a0", "scryfallOracleId": "c5229c17-b7be-4b05-b683-f2277edc4849", "tcgplayerProductId": "206249"}, "isPromo": true, "isReprint": true, "isStarter": true, "language": "English", "layout": "normal", "legalities": {"commander": "Legal", "duel": "Legal", "legacy": "Legal", "oathbreaker": "Legal", "predh": "Legal", "premodern": "Legal", "vintage": "Legal"}, "manaCost": "{W}", "manaValue": 1.0, "name": "Enlightened Tutor", "number": "2", "printings": ["6ED", "DMR", "EMA", "J20", "MIR", "PAL00", "PLIST", "PRM", "TD0", "WC00"], "promoTypes": ["judgegift"], "purchaseUrls": {"cardKingdomFoil": "https://mtgjson.com/links/dc08643f32a24f51", "tcgplayer": "https://mtgjson.com/links/d00602d9d38322d9"}, "rarity": "rare", "rulings": [{"date": "2016-06-08", "text": "The “shuffle and put the card on top” is a single action. If an effect causes the top card of the library to be face up, the second card down is not revealed."}], "securityStamp": "oval", "setCode": "J20", "subtypes": [], "supertypes": [], "text": "Search your library for an artifact or enchantment card, reveal it, then shuffle and put that card on top.", "type": "Instant", "types": ["Instant"], "uuid": "e6850811-2aa5-54a9-964d-286a533be77d", "watermark": "judgeacademy"}, {"artist": "Anna Podedworna", "artistIds": ["1874cb2c-f690-475f-a217-c14f11166758"], "availability": ["paper"], "borderColor": "black", "colorIdentity": ["U"], "colors": ["U"], "convertedManaCost": 3.0, "edhrecRank": 737, "edhrecSaltiness": 0.73, "finishes": ["foil"], "flavorText": "Not content with mere answers, she hunts for the truth.", "foreignData": [], "frameVersion": "2015", "hasFoil": true, "hasNonFoil": false, "identifiers": {"cardKingdomFoilId": "230623", "cardsphereId": "65737", "mcmId": "428071", "mtgjsonV4Id": "fded81e2-88e0-5002-858b-5ae54b71e263", "scryfallId": "5cda8633-2661-4fa7-81b0-3ae535619a3c", "scryfallIllustrationId": "1b689979-a14d-442a-b946-2ba9d4364d79", "scryfallOracleId": "47a785ed-8095-4685-8daa-02c4e2b0ffcd", "tcgplayerProductId": "206250"}, "isPromo": true, "isReprint": true, "isStarter": true, "language": "English", "layout": "normal", "legalities": {"commander": "Legal", "duel": "Legal", "legacy": "Legal", "oathbreaker": "Legal", "vintage": "Legal"}, "manaCost": "{2}{U}", "manaValue": 3.0, "name": "Spellseeker", "number": "3", "power": "1", "printings": ["BBD", "CMM", "J20", "SLD"], "promoTypes": ["judgegift"], "purchaseUrls": {"cardKingdomFoil": "https://mtgjson.com/links/50b4f4702fc1ae29", "tcgplayer": "https://mtgjson.com/links/2a10a0f5eb1e8ddc"}, "rarity": "rare", "rulings": [{"date": "2018-06-08", "text": "If the mana cost of a card in your library includes {X}, X is considered to be 0."}], "securityStamp": "oval", "setCode": "J20", "subtypes": ["Human", "Wizard"], "supertypes": [], "text": "When Spellseeker enters the battlefield, you may search your library for an instant or sorcery card with mana value 2 or less, reveal it, put it into your hand, then shuffle.", "toughness": "1", "type": "Creature — Human Wizard", "types": ["Creature"], "uuid": "bfb48f6f-7482-544a-a82a-bac3822d63aa", "watermark": "judgeacademy"}, {"artist": "Anna Steinbauer", "artistIds": ["3516496c-c279-4b56-8239-720683d03ae0"], "availability": ["paper"], "borderColor": "black", "colorIdentity": ["B"], "colors": ["B"], "convertedManaCost": 2.0, "edhrecRank": 37, "edhrecSaltiness": 1.22, "finishes": ["foil"], "flavorText": "\"Mama says it's my imagination, but I know you'd never lie to me.\"", "foreignData": [], "frameVersion": "2015", "hasFoil": true, "hasNonFoil": false, "identifiers": {"cardKingdomFoilId": "230624", "cardsphereId": "65736", "mcmId": "428076", "mtgjsonV4Id": "1f28637e-fd5d-5869-84dc-908db5f92771", "scryfallId": "fdbe0cf7-38e2-4b2e-8fcb-c08f160caf19", "scryfallIllustrationId": "053dfa10-e8d5-48a7-a327-a2918b4c8344", "scryfallOracleId": "82004860-e589-4e38-8d61-8c0210e4ea39", "tcgplayerProductId": "206251"}, "isPromo": true, "isReprint": true, "isStarter": true, "language": "English", "layout": "normal", "legalities": {"commander": "Legal", "duel": "Legal", "gladiator": "Banned", "historic": "Banned", "historicbrawl": "Banned", "legacy": "Banned", "oathbreaker": "Legal", "predh": "Legal", "vintage": "Restricted"}, "manaCost": "{1}{B}", "manaValue": 2.0, "name": "Demonic Tutor", "number": "4", "printings": ["2ED", "30A", "3ED", "CED", "CEI", "CMM", "DDC", "DVD", "FBB", "G08", "J20", "LEA", "LEB", "MB1", "ME4", "PLIST", "PRM", "PUMA", "STA", "SUM", "UMA", "VMA"], "promoTypes": ["judgegift"], "purchaseUrls": {"cardKingdomFoil": "https://mtgjson.com/links/e75266e4132c1dc1", "tcgplayer": "https://mtgjson.com/links/3b6b71140834e4e7"}, "rarity": "rare", "rulings": [{"date": "2004-10-04", "text": "You pick a card on resolution."}, {"date": "2004-10-04", "text": "You don't reveal the card to your opponent."}, {"date": "2004-10-04", "text": "This card is put directly into your hand. It is not drawn."}], "securityStamp": "oval", "setCode": "J20", "subtypes": [], "supertypes": [], "text": "Search your library for a card, put that card into your hand, then shuffle.", "type": "Sorcery", "types": ["Sorcery"], "uuid": "e519476a-8ab4-53f7-a9e5-5b92f6ab401b", "watermark": "judgeacademy"}, {"artist": "Jason A. Engle", "artistIds": ["02e2b5de-4341-464c-8fdb-a1adbf873bc0"], "availability": ["paper"], "borderColor": "black", "colorIdentity": ["B"], "colors": ["B"], "convertedManaCost": 2.0, "edhrecRank": 13895, "edhrecSaltiness": 0.23, "finishes": ["foil"], "foreignData": [], "frameVersion": "2015", "hasFoil": true, "hasNonFoil": false, "identifiers": {"cardKingdomFoilId": "233899", "cardsphereId": "69016", "mcmId": "482389", "mtgjsonV4Id": "6a9dca2b-9180-5fc1-891a-c94190304a93", "scryfallId": "531ad3ed-0657-4203-affd-33915ba363ac", "scryfallIllustrationId": "23289786-62c3-4bab-be58-6e7ffd7e70c6", "scryfallOracleId": "68a203a3-2283-4e29-b177-b3be43f76899", "tcgplayerProductId": "215312"}, "isPromo": true, "isReprint": true, "isStarter": true, "keywords": ["Hellbent"], "language": "English", "layout": "normal", "legalities": {"commander": "Legal", "duel": "Legal", "legacy": "Legal", "modern": "Legal", "oathbreaker": "Legal", "predh": "Legal", "vintage": "Legal"}, "manaCost": "{1}{B}", "manaValue": 2.0, "name": "Infernal Tutor", "number": "5", "printings": ["DIS", "J20"], "promoTypes": ["judgegift"], "purchaseUrls": {"cardKingdomFoil": "https://mtgjson.com/links/3bd05a1101a0a6f1", "tcgplayer": "https://mtgjson.com/links/89d3969fbf97e869"}, "rarity": "rare", "securityStamp": "oval", "setCode": "J20", "subtypes": [], "supertypes": [], "text": "Reveal a card from your hand. Search your library for a card with the same name as that card, reveal it, put it into your hand, then shuffle.\nHellbent — If you have no cards in hand, instead search your library for a card, put it into your hand, then shuffle.", "type": "Sorcery", "types": ["Sorcery"], "uuid": "d83f5838-053b-53ec-9489-dcf1a88effa5", "watermark": "judgeacademy"}, {"artist": "Rudy Siswanto", "artistIds": ["23f86db1-9103-49bb-83d5-0fda18143921"], "availability": ["paper"], "borderColor": "black", "colorIdentity": ["R"], "colors": ["R"], "convertedManaCost": 1.0, "edhrecRank": 217, "edhrecSaltiness": 0.43, "finishes": ["foil"], "flavorText": "As she triggered yet another trap, Chira realized that what she thought was the goblin word for \"easy\" probably wasn't.", "foreignData": [], "frameVersion": "2015", "hasFoil": true, "hasNonFoil": false, "identifiers": {"cardKingdomFoilId": "230625", "cardsphereId": "66031", "mcmId": "428081", "mtgjsonV4Id": "167489a8-3e96-524d-aa6e-80f64d51ac45", "scryfallId": "fa613b38-988c-48b5-99a0-5a11acfc76e4", "scryfallIllustrationId": "033d2e5b-5a73-4694-abbf-d6e0fb5c3793", "scryfallOracleId": "a54f0869-94c8-42af-9080-166efb9486a4", "tcgplayerProductId": "206252"}, "isPromo": true, "isReprint": true, "isStarter": true, "language": "English", "layout": "normal", "legalities": {"commander": "Legal", "duel": "Legal", "legacy": "Legal", "oathbreaker": "Legal", "predh": "Legal", "premodern": "Legal", "vintage": "Legal"}, "manaCost": "{R}", "manaValue": 1.0, "name": "Gamble", "number": "6", "printings": ["DMR", "EMA", "J20", "PHED", "SLD", "UMA", "USG", "VMA"], "promoTypes": ["judgegift"], "purchaseUrls": {"cardKingdomFoil": "https://mtgjson.com/links/924e3e572b1eada5", "tcgplayer": "https://mtgjson.com/links/fc3d3d6786e03cc1"}, "rarity": "rare", "rulings": [{"date": "2022-12-08", "text": "You might end up discarding the card you searched for. It’s a gamble!"}], "securityStamp": "oval", "setCode": "J20", "subtypes": [], "supertypes": [], "text": "Search your library for a card, put that card into your hand, discard a card at random, then shuffle.", "type": "Sorcery", "types": ["Sorcery"], "uuid": "50c2c7d7-795f-50ab-afe4-77473c2f381d", "watermark": "judgeacademy"}, {"artist": "Titus Lunter", "artistIds": ["b11e6b3a-f4ca-4cf1-8fd7-475696de5f5c"], "availability": ["paper"], "borderColor": "black", "colorIdentity": ["G"], "colors": ["G"], "convertedManaCost": 4.0, "edhrecRank": 1143, "edhrecSaltiness": 1.0, "finishes": ["foil"], "foreignData": [], "frameVersion": "2015", "hasFoil": true, "hasNonFoil": false, "identifiers": {"cardKingdomFoilId": "233900", "cardsphereId": "69018", "mcmId": "482394", "mtgjsonV4Id": "172b4dd8-8864-598f-ba70-43a6b86df41b", "scryfallId": "96d8b133-6431-4dd8-bb41-60f0e2cb67d6", "scryfallIllustrationId": "89d1e6a5-5f6b-443e-ad10-786fc53aee16", "scryfallOracleId": "f8b9dd54-0837-47f4-ad14-7a0322d46d5f", "tcgplayerProductId": "215313"}, "isPromo": true, "isReprint": true, "isStarter": true, "language": "English", "layout": "normal", "legalities": {"commander": "Legal", "duel": "Legal", "legacy": "Legal", "modern": "Banned", "oathbreaker": "Legal", "predh": "Legal", "vintage": "Legal"}, "manaCost": "{3}{G/P}", "manaValue": 4.0, "name": "Birthing Pod", "number": "7", "printings": ["J20", "NPH", "SLC"], "promoTypes": ["judgegift"], "purchaseUrls": {"cardKingdomFoil": "https://mtgjson.com/links/1bb72d00101823b3", "tcgplayer": "https://mtgjson.com/links/03a36a6fac31a53e"}, "rarity": "rare", "rulings": [{"date": "2011-06-01", "text": "A card with Phyrexian mana symbols in its mana cost is each color that appears in that mana cost, regardless of how that cost may have been paid."}, {"date": "2011-06-01", "text": "To calculate the mana value of a card with Phyrexian mana symbols in its cost, count each Phyrexian mana symbol as 1."}, {"date": "2011-06-01", "text": "As you cast a spell or activate an activated ability with one or more Phyrexian mana symbols in its cost, you choose how to pay for each Phyrexian mana symbol at the same time you would choose modes or choose a value for X."}, {"date": "2011-06-01", "text": "If you’re at 1 life or less, you can’t pay 2 life."}, {"date": "2011-06-01", "text": "Phyrexian mana is not a new color. Players can’t add Phyrexian mana to their mana pools."}, {"date": "2011-06-01", "text": "A creature’s mana value is determined solely by the mana symbols printed in its upper right corner (unless that creature is copying something else; see below). If its mana cost includes {X}, X is considered to be 0. If it has no mana symbols in its upper right corner (because it’s an animated land, for example), its mana value is 0. Ignore any alternative costs or additional costs (such as kicker) paid when the creature was cast."}, {"date": "2011-06-01", "text": "A token has a mana value of 0, unless it is copying something else."}, {"date": "2011-06-01", "text": "If a creature is copying something else, its mana value is the mana value of whatever it’s copying."}], "securityStamp": "oval", "setCode": "J20", "subtypes": [], "supertypes": [], "text": "({G/P} can be paid with either {G} or 2 life.)\n{1}{G/P}, {T}, Sacrifice a creature: Search your library for a creature card with mana value equal to 1 plus the sacrificed creature's mana value, put that card onto the battlefield, then shuffle. Activate only as a sorcery.", "type": "Artifact", "types": ["Artifact"], "uuid": "69082b77-1454-53d2-b9d5-d78ec2a87de6", "watermark": "judgeacademy"}, {"artist": "Iris Compiet", "artistIds": ["aa807c8c-d07f-4f09-90d3-b2cbf5b86dbf"], "availability": ["paper"], "borderColor": "black", "colorIdentity": ["G"], "colors": ["G"], "convertedManaCost": 1.0, "edhrecRank": 3676, "edhrecSaltiness": 0.59, "finishes": ["foil"], "flavorText": "The whole of creation stood transfixed, silenced by the weight of anticipation.", "foreignData": [], "frameVersion": "2015", "hasFoil": true, "hasNonFoil": false, "identifiers": {"cardKingdomFoilId": "230626", "cardsphereId": "66029", "mcmId": "428926", "mtgjsonV4Id": "9955187f-f684-5c91-9b6b-a3a3a513cec1", "scryfallId": "011a086d-f832-4e07-939b-cb453425dda8", "scryfallIllustrationId": "4d4232dc-3e46-488c-90b0-8c52ad45e67c", "scryfallOracleId": "935e0cac-51ee-4cb7-a209-f085e0f099ed", "tcgplayerProductId": "206253"}, "isPromo": true, "isReprint": true, "isStarter": true, "language": "English", "layout": "normal", "legalities": {"commander": "Legal", "duel": "Legal", "legacy": "Legal", "oathbreaker": "Legal", "predh": "Legal", "vintage": "Legal"}, "manaCost": "{G}", "manaValue": 1.0, "name": "Sylvan Tutor", "number": "8", "printings": ["J20", "ME4", "POR"], "promoTypes": ["judgegift"], "purchaseUrls": {"cardKingdomFoil": "https://mtgjson.com/links/f5bca7afefb613ed", "tcgplayer": "https://mtgjson.com/links/363438da1b7d126a"}, "rarity": "rare", "rulings": [{"date": "2004-10-04", "text": "Because the “search” requires you to find a card with certain characteristics, you don’t have to find the card if you don’t want to."}], "securityStamp": "oval", "setCode": "J20", "subtypes": [], "supertypes": [], "text": "Search your library for a creature card, reveal it, then shuffle and put that card on top.", "type": "Sorcery", "types": ["Sorcery"], "uuid": "ab184991-46ff-5ef2-a156-7d257c98015e", "watermark": "judgeacademy"}, {"artist": "Seb McKinnon", "artistIds": ["ad4caca0-8d89-44ce-a1a6-d5ca905bd6fb"], "availability": ["paper"], "borderColor": "black", "colorIdentity": ["G", "W"], "colors": ["G", "W"], "convertedManaCost": 2.0, "edhrecRank": 682, "edhrecSaltiness": 0.69, "finishes": ["foil"], "foreignData": [], "frameVersion": "2015", "hasFoil": true, "hasNonFoil": false, "identifiers": {"cardKingdomFoilId": "233901", "cardsphereId": "69017", "mcmId": "482399", "mtgjsonV4Id": "cf524191-2d0c-5fd6-a04d-95818738b540", "scryfallId": "3bd56d8b-fcb9-42fb-b2fd-65b7fa852378", "scryfallIllustrationId": "3b5927b3-d83e-4bc7-9b82-3330d1c30911", "scryfallOracleId": "2c275a85-5a15-46cd-a6e7-add63f9b853d", "tcgplayerProductId": "215314"}, "isPromo": true, "isReprint": true, "isStarter": true, "language": "English", "layout": "normal", "legalities": {"commander": "Legal", "duel": "Legal", "gladiator": "Legal", "historic": "Legal", "historicbrawl": "Legal", "legacy": "Legal", "modern": "Legal", "oathbreaker": "Legal", "penny": "Legal", "predh": "Legal", "premodern": "Legal", "vintage": "Legal"}, "manaCost": "{G}{W}", "manaValue": 2.0, "name": "Sterling Grove", "number": "9", "printings": ["INV", "J20", "J21", "MH2", "PRM", "TD0"], "promoTypes": ["judgegift"], "purchaseUrls": {"cardKingdomFoil": "https://mtgjson.com/links/e1834bd61ac428cf", "tcgplayer": "https://mtgjson.com/links/b921fd4e91886f69"}, "rarity": "rare", "rulings": [{"date": "2004-10-04", "text": "Because the “search” requires you to find a card with certain characteristics, you don't have to find the card if you don't want to."}], "securityStamp": "oval", "setCode": "J20", "subtypes": [], "supertypes": [], "text": "Other enchantments you control have shroud. (They can't be the targets of spells or abilities.)\n{1}, Sacrifice Sterling Grove: Search your library for an enchantment card, reveal it, then shuffle and put that card on top.", "type": "Enchantment", "types": ["Enchantment"], "uuid": "753215df-6b00-53cc-b7d0-6fff204d6561", "watermark": "judgeacademy"}, {"artist": "Daniel Ljunggren", "artistIds": ["0fbd4798-76eb-46d5-a5d4-1e3a25870e34"], "availability": ["paper"], "borderColor": "black", "colorIdentity": [], "colors": [], "convertedManaCost": 0.0, "edhrecRank": 2864, "edhrecSaltiness": 0.41, "finishes": ["foil"], "foreignData": [], "frameEffects": ["legendary"], "frameVersion": "2015", "hasFoil": true, "hasNonFoil": false, "identifiers": {"cardKingdomFoilId": "233902", "cardsphereId": "69015", "mcmId": "482404", "mtgjsonV4Id": "c701a3b7-4786-5797-a61f-65a636e25bc6", "scryfallId": "927596bc-4c9f-404a-97f2-89db53826f6b", "scryfallIllustrationId": "63a11df0-f2ed-438d-bbbe-f74b09c1cab5", "scryfallOracleId": "10d13ff6-c4d0-4753-8939-a8a90f0e92bb", "tcgplayerProductId": "215311"}, "isPromo": true, "isReprint": true, "isStarter": true, "language": "English", "layout": "normal", "legalities": {"commander": "Legal", "duel": "Legal", "legacy": "Legal", "modern": "Banned", "oathbreaker": "Legal", "predh": "Legal", "vintage": "Legal"}, "manaValue": 0.0, "name": "Eye of Ugin", "number": "10", "printings": ["EXP", "J20", "MM2", "WWK"], "promoTypes": ["judgegift"], "purchaseUrls": {"cardKingdomFoil": "https://mtgjson.com/links/252b0adf05bddc51", "tcgplayer": "https://mtgjson.com/links/a149ce4a9c187400"}, "rarity": "rare", "rulings": [{"date": "2010-03-01", "text": "Eye of Ugin doesn’t have a mana ability."}, {"date": "2010-03-01", "text": "Eye of Ugin’s second ability lets you find any colorless creature card in your deck, such as an artifact creature card that has no colored mana symbols in its mana cost, or a creature card that’s become colorless due to Mycosynth Lattice."}, {"date": "2013-04-15", "text": "Mistform Ultimus and creatures with changeling are Eldrazi. If they become colorless, possibly due to Mycosynth Lattice, Eye of Ugin would reduce the cost to cast them by {2}."}], "securityStamp": "oval", "setCode": "J20", "subtypes": [], "supertypes": ["Legendary"], "text": "Colorless Eldrazi spells you cast cost {2} less to cast.\n{7}, {T}: Search your library for a colorless creature card, reveal it, put it into your hand, then shuffle.", "type": "Legendary Land", "types": ["Land"], "uuid": "4260c4d8-1eba-5d2c-84c5-d582e18fc4d5", "watermark": "judgeacademy"}], "code": "J20", "isFoilOnly": true, "isOnlineOnly": false, "keyruneCode": "ARCHIE", "languages": ["English"], "name": "Judge Gift Cards 2020", "releaseDate": "2020-01-01", "tokens": [], "totalSetSize": 10, "translations": {}, "type": "promo"}}