{"meta": {"date": "2023-08-19", "version": "5.2.1+20230819"}, "data": {"baseSetSize": 1, "cards": [], "code": "L16", "isFoilOnly": true, "isOnlineOnly": false, "keyruneCode": "DEFAULT", "languages": ["English"], "name": "League Tokens 2016", "releaseDate": "2016-01-01", "tokenSetCode": "L16", "tokens": [{"artist": "Victor Adame Minguez", "artistIds": ["bd8f7368-5b10-4554-b6b8-d052c6aca89f", "7b1b0ce9-2c58-4321-a2a7-cdc94feae082"], "availability": ["paper"], "borderColor": "black", "colorIdentity": [], "colors": [], "faceName": "Servo", "finishes": ["foil"], "frameVersion": "2015", "hasFoil": true, "hasNonFoil": false, "identifiers": {"mtgjsonV4Id": "ac29af74-e2a4-58ef-9b32-eeb6a66a1a15", "scryfallId": "4e3690fa-627e-4b3b-b517-e2cd1b4bbdd0", "scryfallIllustrationId": "da482bac-4e6e-4bfb-9ad5-9b142bd6c767", "scryfallOracleId": "2fb4053a-e7a4-4be9-ad34-51cdee0b3c75", "tcgplayerProductId": "128795"}, "language": "English", "layout": "double_faced_token", "name": "Servo // Thopter", "number": "5", "otherFaceIds": ["d2086b76-27f5-5610-a2d2-a4276d7b4ca7"], "power": "1", "promoTypes": ["instore"], "reverseRelated": [], "setCode": "L16", "side": "a", "subtypes": ["Servo"], "supertypes": [], "toughness": "1", "type": "Token Artifact Creature — Servo", "types": ["Token", "Artifact", "Creature"], "uuid": "638a0d05-9389-598a-b594-576cf2e44c09"}, {"artist": "Richard Wright", "artistIds": ["bd8f7368-5b10-4554-b6b8-d052c6aca89f", "7b1b0ce9-2c58-4321-a2a7-cdc94feae082"], "availability": ["paper"], "borderColor": "black", "colorIdentity": [], "colors": [], "faceName": "Thopter", "finishes": ["foil"], "frameVersion": "2015", "hasFoil": true, "hasNonFoil": false, "identifiers": {"mtgjsonV4Id": "7f3cc52a-878c-5496-9aec-c9fe91aad695", "scryfallId": "4e3690fa-627e-4b3b-b517-e2cd1b4bbdd0", "scryfallIllustrationId": "50117802-a0bf-4b3d-957a-e80fbe23469e", "scryfallOracleId": "2fb4053a-e7a4-4be9-ad34-51cdee0b3c75", "tcgplayerProductId": "128795"}, "keywords": ["Flying"], "language": "English", "layout": "double_faced_token", "name": "Servo // Thopter", "number": "5", "otherFaceIds": ["638a0d05-9389-598a-b594-576cf2e44c09"], "power": "1", "promoTypes": ["instore"], "reverseRelated": [], "setCode": "L16", "side": "b", "subtypes": ["Thopter"], "supertypes": [], "text": "Flying", "toughness": "1", "type": "Token Artifact Creature — Thopter", "types": ["Token", "Artifact", "Creature"], "uuid": "d2086b76-27f5-5610-a2d2-a4276d7b4ca7"}], "totalSetSize": 0, "translations": {}, "type": "token"}}