{"meta": {"date": "2023-08-19", "version": "5.2.1+20230819"}, "data": {"baseSetSize": 5, "cards": [], "code": "MAFR", "isFoilOnly": false, "isOnlineOnly": false, "keyruneCode": "AFR", "languages": ["English"], "name": "Adventures in the Forgotten Realms Minigames", "parentCode": "AFR", "releaseDate": "2021-07-23", "tokenSetCode": "MAFR", "tokens": [{"availability": ["paper"], "borderColor": "black", "colorIdentity": [], "colors": [], "finishes": ["nonfoil", "foil"], "frameVersion": "2015", "hasFoil": true, "hasNonFoil": true, "identifiers": {"mtgjsonV4Id": "291dff73-3e51-574f-a9c4-4bdc023d7396", "scryfallId": "a7bd82d5-0f8a-4c14-8fc4-18645caaa613", "scryfallOracleId": "3adebcc7-fc91-4593-96da-f24d2e44a6f5"}, "isReprint": true, "language": "English", "layout": "token", "name": "Booster Blitz", "number": "1", "reverseRelated": [], "setCode": "MAFR", "subtypes": [], "supertypes": [], "text": "2 players | 2 packs | 10 minutes\nOBJECTIVE:\nBest your opponent in a series of fast Magic games using only the cards in a single pack!\nGET READY:\nEach player opens a pack and makes four face-down piles of three cards each using the Magic cards inside. Players make their piles with the goal of winning a series of Magic games with these modified rules:\nPlayers start at 5 life, have infinite mana, and cannot lose by drawing from an empty library.\nLET'S PLAY:\nRandomly determine who goes first. Each player chooses which pile their opponent will use for each round. Then both players draw all three of their cards and play a game of Magic. When a player loses a game, they get to go first in the next game.\nTO WIN:\nThe first player to win two games wins the match.", "type": "Card", "types": ["Card"], "uuid": "f4db638f-071d-5339-9a14-3c90f2af1b32"}, {"availability": ["paper"], "borderColor": "black", "colorIdentity": [], "colors": [], "faceName": "Totally Lost in Translation", "finishes": ["nonfoil", "foil"], "frameVersion": "2015", "hasFoil": true, "hasNonFoil": true, "identifiers": {"mtgjsonV4Id": "ef9720fe-5f37-5ea3-892a-1a819af0882f", "scryfallId": "f99a98d6-4d03-4635-a31b-8c6e32e24982", "scryfallOracleId": "526c3728-8797-43d7-9a55-34eeb58abe7c"}, "isReprint": true, "language": "English", "layout": "double_faced_token", "name": "Totally Lost in Translation // Totally Lost in Translation (cont'd)", "number": "2", "otherFaceIds": ["bb56b370-6572-55fb-8f3e-707a993c97c5"], "reverseRelated": [], "setCode": "MAFR", "side": "a", "subtypes": [], "supertypes": [], "text": "2-6 players | 3 packs | 15 minutes | d20\nOBJECTIVE:\nWork together to score as many points as possible by deciphering your teammates' clues and correctly guessing the mystery card.\nGET READY:\nOpen three boosters and remove any cards without _Magic_ card backs. Shuffle the remaining cards into a face down deck. Randomly determine who goes first—that player is the *Interpreter*.\nLET'S PLAY:\nThe interpreter draws a *mystery card* from the top of the deck, rolls a d20, and then gives a clue determined by the result of their roll (see opposite side of card). The Interpreter then draws five more cards from the deck, shuffles them together with the mystery card, and then reveals them. The other players collectively guess which of the six cards is the mystery card. If they guess correctly, all players score 1 point as a team. After guessing, the round ends and the Interpreter puts the used cards in a discard pile. If the deck runs out of cards, shuffle the discard pile to create a new deck.\nThe Interpreter role then passes to the next player. The game ends after six rounds.", "type": "Card", "types": ["Card"], "uuid": "6eb5cc87-edbd-5394-962b-683ba3a5b46e"}, {"availability": ["paper"], "borderColor": "black", "colorIdentity": [], "colors": [], "faceName": "Totally Lost in Translation (cont'd)", "finishes": ["nonfoil", "foil"], "frameVersion": "2015", "hasFoil": true, "hasNonFoil": true, "identifiers": {"mtgjsonV4Id": "7a84283d-a7e2-5c0a-8987-fd84893ef3bf", "scryfallId": "f99a98d6-4d03-4635-a31b-8c6e32e24982", "scryfallOracleId": "526c3728-8797-43d7-9a55-34eeb58abe7c"}, "isReprint": true, "language": "English", "layout": "double_faced_token", "name": "Totally Lost in Translation // Totally Lost in Translation (cont'd)", "number": "2", "otherFaceIds": ["6eb5cc87-edbd-5394-962b-683ba3a5b46e"], "reverseRelated": [], "setCode": "MAFR", "side": "b", "subtypes": [], "supertypes": [], "text": "TO WIN:\nAfter the end of the sixth round, count up your points and get your team ranking! 4+ is a winning score!\n0-1 points: Common, 2-3 points: Uncommon, 4-5 points: Rare, 6 points: Mythic. 4+ is a winning score!\nCLUE RESTRICTIONS:\n1. Name a mood.\n2. Name a type of plant.\n3. Name a movie or TV show.\n4. Name a game.\n5. Name a household item.\n6. Name a food.\n7. Name a beverage.\n8. Name a geographic location.\n9. Name a celebrity or historical figure.\n10. Name a landmark.\n11. Hum or sing part of a song.\n12. Make a sound effect.\n13. Show a photo saved on your phone.\n14. Show an emoji on your phone.\n15. Make a gesture with one hand.\n16. Draw a shape in the air.\n17. Perform a puppet show.\n18. Act out a scene without talking.\n19. Make a facial expression.\n20. Draw a picture with your eyes closed.\nWhen doing a naming clue, don't name a word in the card name.", "type": "Card", "types": ["Card"], "uuid": "bb56b370-6572-55fb-8f3e-707a993c97c5"}, {"availability": ["paper"], "borderColor": "black", "colorIdentity": [], "colors": [], "faceName": "Magic and Minions", "finishes": ["nonfoil", "foil"], "frameVersion": "2015", "hasFoil": true, "hasNonFoil": true, "identifiers": {"mtgjsonV4Id": "97e93cc9-175c-51b7-a1da-021d1c7cacf2", "scryfallId": "3babdb30-3be2-4a8c-a2a8-95947e40cf64", "scryfallOracleId": "a70c371b-5e19-4976-85df-5592b9861372"}, "language": "English", "layout": "double_faced_token", "name": "Magic and Minions // Magic and Minions (cont'd)", "number": "3", "otherFaceIds": ["f38ef2ea-9eb6-5c05-8050-9a81e1b82aa5"], "reverseRelated": [], "setCode": "MAFR", "side": "a", "subtypes": [], "supertypes": [], "text": "4 players | 2 packs | 45 minutes | d6\nOBJECTIVE:\nUse the cards in a booster to inspire your own one-shot adventure!\nGET READY:\nPick one player to be the *Dungeon Master* (DM). The DM opens a booster and selects a hand of 6 non-land _Magic_ cards to inspire the adventure. They then open a second booster and deal 4 non-land _Magic_ cards to each of the three other players. These cards represent *actions*. Discard all remaining cards.\n*Actions:* Card color represents the *type* of action, and mana value represents its *power*.\n• White = Charisma (coercion, leadership, etc.)\n• Blue = Intelligence (investigation, knowledge, arcane lore, etc.)\n• Black = Strength (melee attacks, climbing, moving large objects, etc.)\n• Red = Dexterity (ranged attacks, dodging, sleight of hand, etc.)\n• Green = Wisdom (common sense, intuition, empathy, etc.)\n• Colorless = Constitution (running, swimming, resisting disease, etc.)", "type": "Card", "types": ["Card"], "uuid": "d67f9fd5-7de2-55c6-87e8-50f7c5c7ee23"}, {"availability": ["paper"], "borderColor": "black", "colorIdentity": [], "colors": [], "faceName": "Magic and Minions (cont'd)", "finishes": ["nonfoil", "foil"], "frameVersion": "2015", "hasFoil": true, "hasNonFoil": true, "identifiers": {"mtgjsonV4Id": "73eade3a-6d79-56ea-ba62-336adc1200a8", "scryfallId": "3babdb30-3be2-4a8c-a2a8-95947e40cf64", "scryfallOracleId": "a70c371b-5e19-4976-85df-5592b9861372"}, "language": "English", "layout": "double_faced_token", "name": "Magic and Minions // Magic and Minions (cont'd)", "number": "3", "otherFaceIds": ["d67f9fd5-7de2-55c6-87e8-50f7c5c7ee23"], "reverseRelated": [], "setCode": "MAFR", "side": "b", "subtypes": [], "supertypes": [], "text": "LET'S PLAY:\nFirst, each player describes their character based on the most powerful action or actions they have, including a name and backstory. The DM secretly picks a card from their hand to represent the first encounter, using the name and art of the card as inspiration for storytelling. They note the *Difficulty Class* (DC) for the encounter, which is *6 plus the mana value of the card.*\nPlayers use their actions to try to overcome the encounter. One player reveals a card and describes what their character does, using the color, name, and art of the card as inspiration. Then they roll a six-sided die and add the result to the mana value of their chosen action.\nIf the total is greater than or equal to the DC, the players overcome the encounter, and the DM describes their success! If the total is lower than the DC, the DM describes their failure, and other players may use additional actions, adding their mana value and dice roll to the total until they overcome the encounter.\nAfter the players overcome the encounter, the DM reveals the encounter card and sets up the next encounter using another card from their hand.\nTO WIN:\nIf the players can overcome all six encounters without running out of actions, they win!", "type": "Card", "types": ["Card"], "uuid": "f38ef2ea-9eb6-5c05-8050-9a81e1b82aa5"}, {"availability": ["paper"], "borderColor": "black", "colorIdentity": [], "colors": [], "faceName": "Mimic Match", "finishes": ["nonfoil", "foil"], "frameVersion": "2015", "hasFoil": true, "hasNonFoil": true, "identifiers": {"mtgjsonV4Id": "db9031e6-d61c-5a57-8cd0-5024f010b124", "scryfallId": "42efae65-8a2e-4771-aa19-7b6ddb1cbd1d", "scryfallOracleId": "7d25d3ba-7bb1-46ba-85c5-48e2966c5e61"}, "language": "English", "layout": "double_faced_token", "name": "Mimic Match // Mimic Match (cont'd)", "number": "4", "otherFaceIds": ["adcd1d63-fcaf-501b-93a4-237b86aad3d3"], "reverseRelated": [], "setCode": "MAFR", "side": "a", "subtypes": [], "supertypes": [], "text": "2-4 players | 2+ packs | 10 minutes\nOBJECTIVE: Match and collect the most treasure chests before someone uncovers the mimics hiding amongst the loot!\nGET READY: Open one booster per player and remove any lands and cards without _Magic_ card backs, and then shuffle them together. Then put *two lands* back into the deck (to represent the mimics) and shuffle. Deal 16 cards face down in a *4x4 grid*. Randomly determine who goes first.\nLET'S PLAY:\nOn your turn, secretly look at *two cards* from the grid. If they share a *color* or *mana value*, you may reveal them, announce what matches and take those cards, then take another turn.", "type": "Card", "types": ["Card"], "uuid": "af811a83-209b-55ab-bbeb-79f1634ef593"}, {"availability": ["paper"], "borderColor": "black", "colorIdentity": [], "colors": [], "faceName": "Mimic Match (cont'd)", "finishes": ["nonfoil", "foil"], "frameVersion": "2015", "hasFoil": true, "hasNonFoil": true, "identifiers": {"mtgjsonV4Id": "1e76fc35-b188-588f-a094-8837a2de8fdd", "scryfallId": "42efae65-8a2e-4771-aa19-7b6ddb1cbd1d", "scryfallOracleId": "7d25d3ba-7bb1-46ba-85c5-48e2966c5e61"}, "language": "English", "layout": "double_faced_token", "name": "Mimic Match // Mimic Match (cont'd)", "number": "4", "otherFaceIds": ["af811a83-209b-55ab-bbeb-79f1634ef593"], "reverseRelated": [], "setCode": "MAFR", "side": "b", "subtypes": [], "supertypes": [], "text": "Otherwise, leave them in place, and the next player takes their turn.\nNOTE: Colorless cards can be matched with other colorless cards, but mimics can only be matched with each other.\nAfter a match has been made, replace the empty spaces with two new cards from the deck, face down.\nThe game ends when a player reveals the two mimics, uncovering them!\nTO WIN:\nAt the end of the game, each player scores 1 point for every card they collected. The player who uncovered the mimics by matching the two lands scores an additional 2 points. If there is a tie, the player who uncovered the mimics decides who wins!", "type": "Card", "types": ["Card"], "uuid": "adcd1d63-fcaf-501b-93a4-237b86aad3d3"}, {"availability": ["paper"], "borderColor": "black", "colorIdentity": [], "colors": [], "faceName": "Roll for Initiative", "finishes": ["nonfoil", "foil"], "frameVersion": "2015", "hasFoil": true, "hasNonFoil": true, "identifiers": {"mtgjsonV4Id": "5ceef068-b617-59c8-bb32-e449ccc5aac7", "scryfallId": "2d87ef32-5b97-4c97-85e6-89c94eaffc08", "scryfallOracleId": "1e3b2689-e75a-401f-9e9b-82a11283c3f1"}, "language": "English", "layout": "double_faced_token", "name": "Roll for Initiative // Roll for Initiative (cont'd)", "number": "5", "otherFaceIds": ["6dbd5dae-80bb-53f5-af12-28737fde3fc2"], "reverseRelated": [], "setCode": "MAFR", "side": "a", "subtypes": [], "supertypes": [], "text": "2+ players | 1+ packs | 5 minutes | d20\nOBJECTIVE:\nAs you enter the room, the terrible dragon opens its eyes and lets out a roar. Everybody... roll for initiative! Roll a d20 and modify the result with some _Magic_ cards to get the highest initiative!\nGET READY:\nOpen a booster and remove all cards without _Magic_ card backs. Use an additional booster for groups of five players or more. Shuffle, then deal the same number of cards to each player. If there are extra cards after dealing, set them aside. Each player then rolls a d20 to determine their *initiative*. In case of a tie, the tied players roll again. The player with the lowest starting initiative goes first.\nLET'S PLAY:\nOn each player's turn, they play a card to modify a player's initiative (see reverse side for card effects). Cards with effects that will be counted at the end of the game should be placed in front of the target player. All other cards go into the discard pile.", "type": "Card", "types": ["Card"], "uuid": "5c20a0d9-f2d8-563b-9f57-17673717d2bc"}, {"availability": ["paper"], "borderColor": "black", "colorIdentity": [], "colors": [], "faceName": "Roll for Initiative (cont'd)", "finishes": ["nonfoil", "foil"], "frameVersion": "2015", "hasFoil": true, "hasNonFoil": true, "identifiers": {"mtgjsonV4Id": "fb2ecfa1-dbf1-5560-a488-c95ea66a2a95", "scryfallId": "2d87ef32-5b97-4c97-85e6-89c94eaffc08", "scryfallOracleId": "1e3b2689-e75a-401f-9e9b-82a11283c3f1"}, "language": "English", "layout": "double_faced_token", "name": "Roll for Initiative // Roll for Initiative (cont'd)", "number": "5", "otherFaceIds": ["5c20a0d9-f2d8-563b-9f57-17673717d2bc"], "reverseRelated": [], "setCode": "MAFR", "side": "b", "subtypes": [], "supertypes": [], "text": "Play continues until all players are out of cards.\n*White Card*: At the end of the game, increase a player's roll by 2.\n*Blue Card*: Reroll another player's die, but use the new result only if it's lower.\n*Black Card*: At the end of the game, decrease a player's roll by 2.\n*Red Card*: Reroll another player's die. They must use the new result.\n*Green Card*: Reroll your own die, but use the new result only if it's higher.\n*Colorless Card*: Each player may reroll their die. if they do, they must use the new result.\n*Multicolored Card*: Apply the effects of each of the card's colors. Each effect can target a different player.\n*Any Card Played Face Down*: At the end of the game, increase or decrease a player's die roll by 1.\nTO WIN:\nOnce everyone is out of cards, check to see who has the highest roll. That player wins initiative!", "type": "Card", "types": ["Card"], "uuid": "6dbd5dae-80bb-53f5-af12-28737fde3fc2"}], "totalSetSize": 0, "translations": {}, "type": "minigame"}}