{"meta": {"date": "2023-08-19", "version": "5.2.1+20230819"}, "data": {"baseSetSize": 0, "cards": [], "code": "MCLB", "isFoilOnly": false, "isOnlineOnly": false, "keyruneCode": "CLB", "languages": ["English"], "name": "Commander Legends: Battle for Baldur's Gate Minigames", "parentCode": "CLB", "releaseDate": "2022-06-10", "tokenSetCode": "MCLB", "tokens": [{"availability": ["paper"], "borderColor": "black", "colorIdentity": [], "colors": [], "faceName": "Roll for Initiative", "finishes": ["nonfoil", "foil"], "frameVersion": "2015", "hasFoil": true, "hasNonFoil": true, "identifiers": {"mtgjsonV4Id": "ff3ef68a-ae5b-5e0d-9071-31cd4f436c64", "scryfallId": "d1628a06-753c-423a-8eea-e29667dd95f7", "scryfallOracleId": "1e3b2689-e75a-401f-9e9b-82a11283c3f1"}, "isReprint": true, "language": "English", "layout": "double_faced_token", "name": "Roll for Initiative // Roll for Initiative (cont'd)", "number": "1", "otherFaceIds": ["12cef4df-0168-5a8e-8f2b-84fc31cc3dce"], "reverseRelated": [], "setCode": "MCLB", "side": "a", "subtypes": [], "supertypes": [], "text": "2+ players | 1+ packs | 5 minutes | d20\nOBJECTIVE:\nAs you enter the room, the terrible dragon opens its eyes and lets out a roar. Everybody... roll for initiative! Roll a d20 and modify the result with some _Magic_ cards to get the highest initiative!\nGET READY:\nOpen a booster and remove all cards without _Magic_ card backs. Use an additional booster for groups of five players or more. Shuffle, then deal the same number of cards to each player. If there are extra cards after dealing, set them aside. Each player then rolls a d20 to determine their *initiative*. In case of a tie, the tied players roll again. The player with the lowest starting initiative goes first.\nLET'S PLAY:\nOn each player's turn, they play a card to modify a player's initiative (see reverse side for card effects). Cards with effects that will be counted at the end of the game should be placed in front of the target player. All other cards go into the discard pile.", "type": "Card", "types": ["Card"], "uuid": "961f1a79-af87-54d7-a823-149ab6aece47"}, {"availability": ["paper"], "borderColor": "black", "colorIdentity": [], "colors": [], "faceName": "Roll for Initiative (cont'd)", "finishes": ["nonfoil", "foil"], "frameVersion": "2015", "hasFoil": true, "hasNonFoil": true, "identifiers": {"mtgjsonV4Id": "bdb1449d-8cd7-5e08-a953-8284b12ac23f", "scryfallId": "d1628a06-753c-423a-8eea-e29667dd95f7", "scryfallOracleId": "1e3b2689-e75a-401f-9e9b-82a11283c3f1"}, "isReprint": true, "language": "English", "layout": "double_faced_token", "name": "Roll for Initiative // Roll for Initiative (cont'd)", "number": "1", "otherFaceIds": ["961f1a79-af87-54d7-a823-149ab6aece47"], "reverseRelated": [], "setCode": "MCLB", "side": "b", "subtypes": [], "supertypes": [], "text": "Play continues until all players are out of cards.\n*White Card*: At the end of the game, increase a player's roll by 2.\n*Blue Card*: Reroll another player's die, but use the new result only if it's lower.\n*Black Card*: At the end of the game, decrease a player's roll by 2.\n*Red Card*: Reroll another player's die. They must use the new result.\n*Green Card*: Reroll your own die, but use the new result only if it's higher.\n*Colorless Card*: Each player may reroll their die. if they do, they must use the new result.\n*Multicolored Card*: Apply the effects of each of the card's colors. Each effect can target a different player.\n*Any Card Played Face Down*: At the end of the game, increase or decrease a player's die roll by 1.\nTO WIN:\nOnce everyone is out of cards, check to see who has the highest roll. That player wins initiative!", "type": "Card", "types": ["Card"], "uuid": "12cef4df-0168-5a8e-8f2b-84fc31cc3dce"}, {"availability": ["paper"], "borderColor": "black", "colorIdentity": [], "colors": [], "faceName": "Mimic Match", "finishes": ["nonfoil", "foil"], "frameVersion": "2015", "hasFoil": true, "hasNonFoil": true, "identifiers": {"mtgjsonV4Id": "d1021ddb-14ad-5644-931d-dd2f0cb1b31b", "scryfallId": "9de46c01-f2d9-44d4-af72-242b6283ec30", "scryfallOracleId": "7d25d3ba-7bb1-46ba-85c5-48e2966c5e61"}, "isReprint": true, "language": "English", "layout": "double_faced_token", "name": "Mimic Match // Mimic Match (cont'd)", "number": "2", "otherFaceIds": ["43ed7d3c-abb8-5557-a982-575d5b9e9de4"], "reverseRelated": [], "setCode": "MCLB", "side": "a", "subtypes": [], "supertypes": [], "text": "2-4 players | 2+ packs | 10 minutes\nOBJECTIVE: Match and collect the most treasure chests before someone uncovers the mimics hiding amongst the loot!\nGET READY: Open one booster per player and remove any lands and cards without _Magic_ card backs, and then shuffle them together. Then put *two lands* back into the deck (to represent the mimics) and shuffle. Deal 16 cards face down in a *4x4 grid*. Randomly determine who goes first.\nLET'S PLAY:\nOn your turn, secretly look at *two cards* from the grid. If they share a *color* or *mana value*, you may reveal them, announce what matches and take those cards, then take another turn.", "type": "Card", "types": ["Card"], "uuid": "15b1662f-3024-5fdd-82c4-3ef1fcf61d96"}, {"availability": ["paper"], "borderColor": "black", "colorIdentity": [], "colors": [], "faceName": "Mimic Match (cont'd)", "finishes": ["nonfoil", "foil"], "frameVersion": "2015", "hasFoil": true, "hasNonFoil": true, "identifiers": {"mtgjsonV4Id": "3a6ab37a-1945-5870-8f44-a272b0b9f199", "scryfallId": "9de46c01-f2d9-44d4-af72-242b6283ec30", "scryfallOracleId": "7d25d3ba-7bb1-46ba-85c5-48e2966c5e61"}, "isReprint": true, "language": "English", "layout": "double_faced_token", "name": "Mimic Match // Mimic Match (cont'd)", "number": "2", "otherFaceIds": ["15b1662f-3024-5fdd-82c4-3ef1fcf61d96"], "reverseRelated": [], "setCode": "MCLB", "side": "b", "subtypes": [], "supertypes": [], "text": "Otherwise, leave them in place, and the next player takes their turn.\nNOTE: Colorless cards can be matched with other colorless cards, but mimics can only be matched with each other.\nAfter a match has been made, replace the empty spaces with two new cards from the deck, face down.\nThe game ends when a player reveals the two mimics, uncovering them!\nTO WIN:\nAt the end of the game, each player scores 1 point for every card they collected. The player who uncovered the mimics by matching the two lands scores an additional 2 points. If there is a tie, the player who uncovered the mimics decides who wins!", "type": "Card", "types": ["Card"], "uuid": "43ed7d3c-abb8-5557-a982-575d5b9e9de4"}, {"availability": ["paper"], "borderColor": "black", "colorIdentity": [], "colors": [], "faceName": "Mini-Master", "finishes": ["nonfoil", "foil"], "frameVersion": "2015", "hasFoil": true, "hasNonFoil": true, "identifiers": {"mtgjsonV4Id": "7e083573-59e8-5ef9-b78e-4d989772cb0d", "scryfallId": "910959f2-db4e-4cee-9f3a-bed04d34d6f6", "scryfallOracleId": "c556baae-77bc-4459-a925-5b94e92b336d"}, "language": "English", "layout": "double_faced_token", "name": "Mini-Master // Mini-Master (cont'd)", "number": "3", "otherFaceIds": ["8636d7ee-7055-5cf8-96b1-4ced17d541f5"], "reverseRelated": [], "setCode": "MCLB", "side": "a", "subtypes": [], "supertypes": [], "text": "2 players | 2 packs. 10 minutes | Basic Lands\nOBJECTIVE:\nPlay a quick game of Magic using only the cards in a single pack. You may also know this game as Pack Wars!\nGET READY:\nEach player opens a pack and sets aside any cards without Magic card backs, trying not to look at the rest of the cards. Then they add three of each basic land (Plains, Island, Swamp, Mountain, and Forest) to their ppack and shuffle. This becomes the player's deck.\nLET'S PLAY:\nRandomly determine who goes first, then play a game of Magic! There are many variants of Mini-Master. The following are modified rules you can add to your game:", "type": "Card", "types": ["Card"], "uuid": "b7151ca2-606a-55f5-a0e6-24919e77e490"}, {"availability": ["paper"], "borderColor": "black", "colorIdentity": [], "colors": [], "faceName": "Mini-Master (cont'd)", "finishes": ["nonfoil", "foil"], "frameVersion": "2015", "hasFoil": true, "hasNonFoil": true, "identifiers": {"mtgjsonV4Id": "0cef82f0-8993-51ad-9812-e880993ee875", "scryfallId": "910959f2-db4e-4cee-9f3a-bed04d34d6f6", "scryfallOracleId": "c556baae-77bc-4459-a925-5b94e92b336d"}, "language": "English", "layout": "double_faced_token", "name": "Mini-Master // Mini-Master (cont'd)", "number": "3", "otherFaceIds": ["b7151ca2-606a-55f5-a0e6-24919e77e490"], "reverseRelated": [], "setCode": "MCLB", "side": "b", "subtypes": [], "supertypes": [], "text": "If you have two or more copies of any basic land, you can tap other lands as though they were lands of that type. This can help you pay costs with lots of mana symbols in them.\nAfter the first game, add another pack to your deck, look at the contents, then cut cards until you have 30. Do this again for game three!\nNot feeling your deck? Replace the whole thing with a new pack between games!\nTO WIN:\nThe first player to win two games wins the match.", "type": "Card", "types": ["Card"], "uuid": "8636d7ee-7055-5cf8-96b1-4ced17d541f5"}], "totalSetSize": 0, "translations": {}, "type": "minigame"}}