{"meta": {"date": "2023-08-19", "version": "5.2.1+20230819"}, "data": {"baseSetSize": 26, "cards": [{"artist": "Randy Gallegos", "artistIds": ["a5048cc7-438a-4378-98e4-da99b78e1db0"], "availability": ["paper"], "borderColor": "black", "colorIdentity": ["W"], "colors": ["W"], "convertedManaCost": 1.0, "edhrecRank": 584, "edhrecSaltiness": 0.32, "finishes": ["nonfoil"], "flavorText": "\"One does not question the size or shape of the grains of sand in an hourglass. Nor do I question the temperament of the souls under my guidance.\"", "foreignData": [], "frameVersion": "2003", "hasFoil": false, "hasNonFoil": true, "identifiers": {"cardKingdomId": "194426", "cardsphereId": "31413", "mcmId": "267030", "mcmMetaId": "5423", "mtgjsonV4Id": "b9bf70d4-ab90-51bc-98eb-0fdea385d8a9", "multiverseId": "382197", "scryfallId": "d563249e-7203-4d54-af5a-82d2f1a584cb", "scryfallIllustrationId": "c59983d5-da9e-4f54-aef7-ec8742c1f355", "scryfallOracleId": "f3fad295-1af2-4ecc-8546-b121ad6be27b", "tcgplayerProductId": "82739"}, "isReprint": true, "isStarter": true, "language": "English", "layout": "normal", "legalities": {"commander": "Legal", "duel": "Legal", "gladiator": "Legal", "historic": "Legal", "historicbrawl": "Legal", "legacy": "Legal", "modern": "Legal", "oathbreaker": "Legal", "pauper": "Legal", "paupercommander": "Legal", "penny": "Legal", "predh": "Legal", "premodern": "Legal", "vintage": "Legal"}, "manaCost": "{W}", "manaValue": 1.0, "name": "Soul Warden", "number": "1", "originalText": "Whenever another creature enters the battlefield, you gain 1 life.", "originalType": "Creature — Human Cleric", "power": "1", "printings": ["10E", "9ED", "BRB", "EXO", "HA1", "HOP", "M10", "MB1", "MD1", "MM3", "PSAL", "WC98"], "purchaseUrls": {"cardKingdom": "https://mtgjson.com/links/51e01a4a4e81fd55", "cardmarket": "https://mtgjson.com/links/ee43968fc90a2179", "tcgplayer": "https://mtgjson.com/links/f5231b569e60371f"}, "rarity": "common", "rulings": [{"date": "2004-10-04", "text": "Does not trigger on a card on the battlefield being changed into a creature."}, {"date": "2004-10-04", "text": "The ability will not trigger on itself entering the battlefield, but it will trigger on any other creature that is put onto the battlefield at the same time."}, {"date": "2005-08-01", "text": "Two Soul Wardens entering the battlefield at the same time will each cause the other’s ability to trigger."}, {"date": "2005-08-01", "text": "The life gain is mandatory."}], "setCode": "MD1", "subtypes": ["Human", "Cleric"], "supertypes": [], "text": "Whenever another creature enters the battlefield, you gain 1 life.", "toughness": "1", "type": "Creature — Human Cleric", "types": ["Creature"], "uuid": "21b7cb63-cff6-5aec-ab5a-c0ee93459586"}, {"artist": "rk post", "artistIds": ["81ae0f3f-1d88-4125-9aeb-b15b4c734c82"], "availability": ["paper"], "borderColor": "black", "colorIdentity": ["B", "W"], "colors": ["B", "W"], "convertedManaCost": 2.0, "edhrecRank": 14094, "edhrecSaltiness": 0.2, "finishes": ["nonfoil"], "foreignData": [], "frameVersion": "2003", "hasFoil": false, "hasNonFoil": true, "identifiers": {"cardKingdomId": "194427", "cardsphereId": "31417", "mcmId": "267034", "mcmMetaId": "10254", "mtgjsonV4Id": "fa1cc017-e161-56af-a2ce-30f6c1f9a299", "multiverseId": "382201", "scryfallId": "ba9c7a2e-99c6-4498-a8ed-9171cd9373e0", "scryfallIllustrationId": "44bd8545-c02d-4fd9-845a-ebd08cab4e29", "scryfallOracleId": "51b55057-8b14-4277-894b-4813b4f7eb39", "tcgplayerProductId": "82740"}, "isReprint": true, "isStarter": true, "language": "English", "layout": "normal", "legalities": {"commander": "Legal", "duel": "Legal", "legacy": "Legal", "modern": "Legal", "oathbreaker": "Legal", "paupercommander": "Restricted", "penny": "Legal", "predh": "Legal", "vintage": "Legal"}, "manaCost": "{W}{B}", "manaValue": 2.0, "name": "Tidehollow Sculler", "number": "2", "originalText": "When Tidehollow Sculler enters the battlefield, target opponent reveals his or her hand and you choose a nonland card from it. Exile that card.\nWhen Tidehollow Sculler leaves the battlefield, return the exiled card to its owner's hand.", "originalType": "Artifact Creature — Zombie", "power": "2", "printings": ["ALA", "F10", "MD1", "MMA", "PRM", "TSR"], "purchaseUrls": {"cardKingdom": "https://mtgjson.com/links/43655e80d914298d", "cardmarket": "https://mtgjson.com/links/54cd93fe36840a10", "tcgplayer": "https://mtgjson.com/links/99707920f58db29b"}, "rarity": "uncommon", "rulings": [{"date": "2021-03-19", "text": "If Tidehollow Sculler leaves the battlefield before its first ability has resolved, its second ability triggers. This ability does nothing when it resolves. Then its first ability resolves and exiles the chosen card indefinitely."}], "setCode": "MD1", "subtypes": ["Zombie"], "supertypes": [], "text": "When Tidehollow Sculler enters the battlefield, target opponent reveals their hand and you choose a nonland card from it. Exile that card.\nWhen Tidehollow Sculler leaves the battlefield, return the exiled card to its owner's hand.", "toughness": "2", "type": "Artifact Creature — Zombie", "types": ["Artifact", "Creature"], "uuid": "4dd29eff-299f-5038-89c1-990a7b6ea809"}, {"artist": "Todd Lockwood", "artistIds": ["d0b9f3cc-13fb-42b6-bc43-b034728e5c7b"], "availability": ["paper"], "borderColor": "black", "colorIdentity": ["W"], "colors": ["W"], "convertedManaCost": 1.0, "edhrecRank": 22, "edhrecSaltiness": 0.41, "finishes": ["nonfoil"], "foreignData": [], "frameVersion": "2003", "hasFoil": false, "hasNonFoil": true, "identifiers": {"cardKingdomId": "194432", "cardsphereId": "31407", "mcmId": "267025", "mcmMetaId": "10286", "mtgjsonV4Id": "dc60dc16-3fd1-5f0f-b952-6807e947622e", "multiverseId": "382192", "scryfallId": "045ce37b-86d2-4e56-84af-b6625b53d13c", "scryfallIllustrationId": "521e5f89-b059-432f-b515-c207cccf3796", "scryfallOracleId": "d683d985-9888-4d21-8b5f-69e69ce4a03b", "tcgplayerProductId": "82745"}, "isReprint": true, "isStarter": true, "language": "English", "layout": "normal", "legalities": {"commander": "Legal", "duel": "Legal", "legacy": "Legal", "modern": "Legal", "oathbreaker": "Legal", "predh": "Legal", "vintage": "Legal"}, "manaCost": "{W}", "manaValue": 1.0, "name": "Path to Exile", "number": "3", "originalText": "Exile target creature. Its controller may search his or her library for a basic land card, put that card onto the battlefield tapped, then shuffle his or her library.", "originalType": "Instant", "printings": ["2X2", "2XM", "ARC", "CMA", "CMD", "CMM", "CON", "DDI", "DMC", "E02", "F15", "GN3", "JMP", "LTC", "MB1", "MD1", "MM3", "MMA", "MOC", "NCC", "ONC", "PDCI", "PF20", "PRM", "SCD", "SLD", "SS2", "TSR"], "purchaseUrls": {"cardKingdom": "https://mtgjson.com/links/7ad5d909ac2d577d", "cardmarket": "https://mtgjson.com/links/73f919a6d0db0315", "tcgplayer": "https://mtgjson.com/links/68a25904279b973e"}, "rarity": "uncommon", "rulings": [{"date": "2021-03-19", "text": "If the target creature is an illegal target by the time Path to Exile tries to resolve, the spell won't resolve. The creature's controller won't search for a basic land card."}, {"date": "2021-03-19", "text": "The controller of the exiled creature isn't required to search their library for a basic land. If that player doesn't, the player won't shuffle their library."}], "setCode": "MD1", "subtypes": [], "supertypes": [], "text": "Exile target creature. Its controller may search their library for a basic land card, put that card onto the battlefield tapped, then shuffle.", "type": "Instant", "types": ["Instant"], "uuid": "58eb0d83-5f30-5b98-8c39-b907c454c112"}, {"artist": "Tomasz Jedruszek", "artistIds": ["bba69285-2445-4a4b-a847-59397be972ea"], "availability": ["paper"], "borderColor": "black", "colorIdentity": ["B"], "colors": ["B"], "convertedManaCost": 1.0, "edhrecRank": 5497, "edhrecSaltiness": 0.3, "finishes": ["nonfoil"], "flavorText": "You will scream out your innermost secrets just to make it stop.", "foreignData": [], "frameVersion": "2003", "hasFoil": false, "hasNonFoil": true, "identifiers": {"cardKingdomId": "194429", "cardsphereId": "31401", "mcmId": "267020", "mcmMetaId": "11182", "mtgjsonV4Id": "ea0e5113-2e0d-58ef-9387-9bdd52c7eb80", "multiverseId": "382187", "scryfallId": "5c1d4835-c662-4deb-b8f9-cd7b04948edf", "scryfallIllustrationId": "5a4c2371-8dc2-4fca-ae7f-8c4a84638b3c", "scryfallOracleId": "395611fa-aec2-4c9e-92c3-70cf95cc00f4", "tcgplayerProductId": "82742"}, "isReprint": true, "isStarter": true, "language": "English", "layout": "normal", "legalities": {"commander": "Legal", "duel": "Legal", "gladiator": "Legal", "historic": "Legal", "historicbrawl": "Legal", "legacy": "Legal", "modern": "Legal", "oathbreaker": "Legal", "predh": "Legal", "vintage": "Legal"}, "manaCost": "{B}", "manaValue": 1.0, "name": "Inquisition of Kozilek", "number": "4", "originalText": "Target player reveals his or her hand. You choose a nonland card from it with converted mana cost 3 or less. That player discards that card.", "originalType": "Sorcery", "printings": ["2X2", "CN2", "MB1", "MD1", "MM3", "PRM", "ROE", "SLD", "STA"], "purchaseUrls": {"cardKingdom": "https://mtgjson.com/links/cc356cbb136699de", "cardmarket": "https://mtgjson.com/links/a26638803506ba9d", "tcgplayer": "https://mtgjson.com/links/4f1e49e5f88fe4c2"}, "rarity": "uncommon", "rulings": [{"date": "2014-02-01", "text": "If you target yourself with this spell, you must reveal your entire hand to the other players just as any other player would."}], "setCode": "MD1", "subtypes": [], "supertypes": [], "text": "Target player reveals their hand. You choose a nonland card from it with mana value 3 or less. That player discards that card.", "type": "Sorcery", "types": ["Sorcery"], "uuid": "2666f6db-28a4-5e3f-a1f9-3227db8ae919"}, {"artist": "Igor Kieryluk", "artistIds": ["9c3e9d17-509f-485c-9360-46d897ce716b"], "availability": ["paper"], "borderColor": "black", "colorIdentity": [], "colors": [], "convertedManaCost": 2.0, "edhrecRank": 10860, "finishes": ["nonfoil"], "foreignData": [], "frameVersion": "2003", "hasFoil": false, "hasNonFoil": true, "identifiers": {"cardKingdomId": "194434", "cardsphereId": "31411", "mcmId": "267029", "mcmMetaId": "202790", "mtgjsonV4Id": "87a202c4-8021-5211-948d-8ab1f95fce15", "multiverseId": "382196", "scryfallId": "ced53428-391d-4b61-83e8-cce297e28de9", "scryfallIllustrationId": "b6597efd-ad02-4bc8-bd30-f49abc0ba362", "scryfallOracleId": "9696ad3d-2e17-4ab7-88ee-3c56a632b7a8", "tcgplayerProductId": "82747"}, "isReprint": true, "isStarter": true, "language": "English", "layout": "normal", "legalities": {"commander": "Legal", "duel": "Legal", "legacy": "Legal", "modern": "Legal", "oathbreaker": "Legal", "penny": "Legal", "predh": "Legal", "vintage": "Legal"}, "manaCost": "{2}", "manaValue": 2.0, "name": "Shrine of Loyal Legions", "number": "5", "originalText": "At the beginning of your upkeep or whenever you cast a white spell, put a charge counter on Shrine of Loyal Legions.\n{3}, {T}, Sacrifice Shrine of Loyal Legions: Put a 1/1 colorless Myr artifact creature token onto the battlefield for each charge counter on Shrine of Loyal Legions.", "originalType": "Artifact", "printings": ["MD1", "NPH"], "purchaseUrls": {"cardKingdom": "https://mtgjson.com/links/d6051e96ba5fc4c7", "cardmarket": "https://mtgjson.com/links/2bf57802bbe902ab", "tcgplayer": "https://mtgjson.com/links/8f8a3d7bfb47f659"}, "rarity": "uncommon", "setCode": "MD1", "subtypes": [], "supertypes": [], "text": "At the beginning of your upkeep or whenever you cast a white spell, put a charge counter on Shrine of Loyal Legions.\n{3}, {T}, Sacrifice Shrine of Loyal Legions: Create a 1/1 colorless Phyrexian Myr artifact creature token for each charge counter on Shrine of Loyal Legions.", "type": "Artifact", "types": ["Artifact"], "uuid": "c6863389-b6fb-5b88-b4bc-9e0baec1e02a", "watermark": "phyrexian"}, {"artist": "Greg Staples", "artistIds": ["93d65564-bf00-447b-8406-e2031f03b6b1"], "availability": ["paper"], "borderColor": "black", "colorIdentity": ["W"], "colors": ["W"], "convertedManaCost": 2.0, "edhrecRank": 5043, "edhrecSaltiness": 0.16, "finishes": ["nonfoil"], "flavorText": "Together the soldiers were like a golden blade, cutting down their enemies and scarring the darkness.", "foreignData": [], "frameVersion": "2003", "hasFoil": false, "hasNonFoil": true, "identifiers": {"cardKingdomId": "194428", "cardsphereId": "31400", "mcmId": "267019", "mcmMetaId": "10573", "mtgjsonV4Id": "323adc24-5dc8-5c33-8f39-0ed5cf0d45b9", "multiverseId": "382186", "scryfallId": "cf643b03-d388-451b-933a-28f3c4087877", "scryfallIllustrationId": "0c1b3c92-2d0d-4333-a927-9b62429d86b0", "scryfallOracleId": "eb4188bb-62df-4309-bde1-f66318fe2f05", "tcgplayerProductId": "82741"}, "isReprint": true, "isStarter": true, "language": "English", "layout": "normal", "legalities": {"commander": "Legal", "duel": "Legal", "legacy": "Legal", "modern": "Legal", "oathbreaker": "Legal", "penny": "Legal", "predh": "Legal", "vintage": "Legal"}, "manaCost": "{1}{W}", "manaValue": 2.0, "name": "Honor of the Pure", "number": "6", "originalText": "White creatures you control get +1/+1.", "originalType": "Enchantment", "printings": ["M10", "M11", "M12", "MD1", "PM10", "PRM", "PS11"], "purchaseUrls": {"cardKingdom": "https://mtgjson.com/links/4d6ab09a403e2587", "cardmarket": "https://mtgjson.com/links/b4dd3bae3692dfba", "tcgplayer": "https://mtgjson.com/links/7efc364a2646117e"}, "rarity": "rare", "setCode": "MD1", "subtypes": [], "supertypes": [], "text": "White creatures you control get +1/+1.", "type": "Enchantment", "types": ["Enchantment"], "uuid": "b7be4f06-24c9-5304-b2f1-cf21eee21fa1"}, {"artist": "Clint Cearley", "artistIds": ["03b75350-d5a0-4e3a-b3b4-8d4a5554385b"], "availability": ["paper"], "borderColor": "black", "colorIdentity": ["W"], "colors": ["W"], "convertedManaCost": 2.0, "edhrecRank": 783, "edhrecSaltiness": 0.16, "finishes": ["nonfoil"], "flavorText": "In life, they were a motley crew: farmers, lords, cutpurses, priests. In death, they are united in singular, benevolent purpose.", "foreignData": [], "frameVersion": "2003", "hasFoil": false, "hasNonFoil": true, "identifiers": {"cardKingdomId": "194430", "cardsphereId": "31402", "mcmId": "267021", "mcmMetaId": "204109", "mtgjsonV4Id": "09968338-8fc0-585c-801e-ca47d36a7a38", "multiverseId": "382188", "scryfallId": "47ccaac5-ca40-44de-9db2-13649c8e5722", "scryfallIllustrationId": "94187b15-b169-4556-bab1-6c7fe9d88555", "scryfallOracleId": "d21c3c8f-d105-4ba9-bf69-e5f26f0f8ec5", "tcgplayerProductId": "82743"}, "isReprint": true, "isStarter": true, "language": "English", "layout": "normal", "legalities": {"commander": "Legal", "duel": "Legal", "gladiator": "Legal", "historic": "Legal", "historicbrawl": "Legal", "legacy": "Legal", "modern": "Legal", "oathbreaker": "Legal", "penny": "Legal", "vintage": "Legal"}, "manaCost": "{1}{W}", "manaValue": 2.0, "name": "Intangible Virtue", "number": "7", "originalText": "Creature tokens you control get +1/+1 and have vigilance.", "originalType": "Enchantment", "printings": ["C19", "CMM", "CMR", "CNS", "EMA", "HA5", "ISD", "MD1", "MM3", "NCC", "ONC", "TSR", "WOT"], "purchaseUrls": {"cardKingdom": "https://mtgjson.com/links/67a3f98a2aba3f96", "cardmarket": "https://mtgjson.com/links/785debdc176ad2f3", "tcgplayer": "https://mtgjson.com/links/5d994a678356c74f"}, "rarity": "uncommon", "setCode": "MD1", "subtypes": [], "supertypes": [], "text": "Creature tokens you control get +1/+1 and have vigilance.", "type": "Enchantment", "types": ["Enchantment"], "uuid": "3b674cc2-cc08-5c73-9e59-f682ffabf900"}, {"artist": "John Matson", "artistIds": ["a1685587-4b55-446b-b420-c37b202ed3f1"], "availability": ["paper"], "borderColor": "black", "colorIdentity": ["W"], "colors": ["W"], "convertedManaCost": 2.0, "edhrecRank": 3528, "edhrecSaltiness": 0.06, "finishes": ["nonfoil"], "flavorText": "\"The nim raid our homes without warning. We must defend our homes without hesitation.\"", "foreignData": [], "frameVersion": "2003", "hasFoil": false, "hasNonFoil": true, "identifiers": {"cardKingdomId": "194433", "cardsphereId": "31409", "mcmId": "267027", "mcmMetaId": "4485", "mtgjsonV4Id": "f59f3d42-4320-5b90-a4a6-443af342ec6d", "multiverseId": "382194", "scryfallId": "23a3e9e3-5ec1-4f4c-9bbd-84908fa09ed3", "scryfallIllustrationId": "ba5aa74e-967b-40af-8cf1-a17c454ef04c", "scryfallOracleId": "5b2364d7-a811-4595-a1b4-224c70555ffa", "tcgplayerProductId": "82746"}, "isReprint": true, "isStarter": true, "language": "English", "layout": "normal", "legalities": {"commander": "Legal", "duel": "Legal", "explorer": "Legal", "gladiator": "Legal", "historic": "Legal", "historicbrawl": "Legal", "legacy": "Legal", "modern": "Legal", "oathbreaker": "Legal", "pauper": "Legal", "paupercommander": "Legal", "penny": "Legal", "pioneer": "Legal", "predh": "Legal", "vintage": "Legal"}, "manaCost": "{1}{W}", "manaValue": 2.0, "name": "Raise the Alarm", "number": "8", "originalText": "Put two 1/1 white Soldier creature tokens onto the battlefield.", "originalType": "Instant", "printings": ["CMR", "CN2", "DDF", "DDO", "EMA", "JMP", "M15", "M20", "MD1", "MM2", "MRD"], "purchaseUrls": {"cardKingdom": "https://mtgjson.com/links/59eba58e74ab453c", "cardmarket": "https://mtgjson.com/links/037f8dd94bd2877b", "tcgplayer": "https://mtgjson.com/links/a5f4ae0e3212b1d2"}, "rarity": "common", "setCode": "MD1", "subtypes": [], "supertypes": [], "text": "Create two 1/1 white Soldier creature tokens.", "type": "Instant", "types": ["Instant"], "uuid": "132bd2aa-ba68-50de-8e90-ab34f81abc89"}, {"artist": "Christopher Moeller", "artistIds": ["21e10012-06ae-44f2-b38d-3824dd2e73d4"], "availability": ["paper"], "borderColor": "black", "colorIdentity": ["B", "W"], "colors": ["B", "W"], "convertedManaCost": 2.0, "edhrecRank": 15111, "edhrecSaltiness": 0.2, "finishes": ["nonfoil"], "flavorText": "\"Jharic returned from Grixis changed, a haunted look in her eyes. She destroyed them with an unholy glee that made me shudder.\"\n—Knight-Captain Wyhorn", "foreignData": [], "frameVersion": "2003", "hasFoil": false, "hasNonFoil": true, "identifiers": {"cardKingdomId": "194437", "cardsphereId": "31420", "mcmId": "267037", "mcmMetaId": "10498", "mtgjsonV4Id": "f3746121-9afd-534e-bfee-012b9c1d16ea", "multiverseId": "382204", "scryfallId": "d5725eaf-e77c-4582-a785-1668ae1f4007", "scryfallIllustrationId": "d3933b44-e357-4a93-b8f1-37eec203bfee", "scryfallOracleId": "ccf8d919-1399-4bef-94ac-04c67f122828", "tcgplayerProductId": "82750"}, "isReprint": true, "isStarter": true, "language": "English", "layout": "normal", "legalities": {"commander": "Legal", "duel": "Legal", "legacy": "Legal", "modern": "Legal", "oathbreaker": "Legal", "penny": "Legal", "predh": "Legal", "vintage": "Legal"}, "manaCost": "{W}{B}", "manaValue": 2.0, "name": "Zealous Persecution", "number": "9", "originalText": "Until end of turn, creatures you control get +1/+1 and creatures your opponents control get -1/-1.", "originalType": "Instant", "printings": ["ARB", "DDK", "E02", "EMA", "MB1", "MD1"], "purchaseUrls": {"cardKingdom": "https://mtgjson.com/links/3b4870dd2b848578", "cardmarket": "https://mtgjson.com/links/83305c1224755abb", "tcgplayer": "https://mtgjson.com/links/cbbee6645cf948f7"}, "rarity": "uncommon", "setCode": "MD1", "subtypes": [], "supertypes": [], "text": "Until end of turn, creatures you control get +1/+1 and creatures your opponents control get -1/-1.", "type": "Instant", "types": ["Instant"], "uuid": "b7cb34c1-8c8d-5b4a-91be-45692aed2784"}, {"artist": "Chris Rahn", "artistIds": ["7742047e-0f80-4c0f-a530-d07460165e86"], "availability": ["paper"], "borderColor": "black", "colorIdentity": [], "colors": [], "convertedManaCost": 3.0, "edhrecRank": 601, "edhrecSaltiness": 1.21, "finishes": ["nonfoil"], "foreignData": [], "frameVersion": "2003", "hasFoil": false, "hasNonFoil": true, "identifiers": {"cardKingdomId": "194436", "cardsphereId": "31416", "mcmId": "267033", "mcmMetaId": "202437", "mtgjsonV4Id": "96437c0f-78c3-5909-8cfd-159426dc1532", "multiverseId": "382200", "scryfallId": "9b370b3f-ae0d-4744-8b3d-3c48c81c1326", "scryfallIllustrationId": "83d60a35-d3ac-461c-858a-ca25616b3a22", "scryfallOracleId": "d0901053-6de0-46d0-9ee3-8d40510236c1", "tcgplayerProductId": "82749"}, "isReprint": true, "isStarter": true, "keywords": ["Equip"], "language": "English", "layout": "normal", "legalities": {"commander": "Legal", "duel": "Legal", "legacy": "Legal", "modern": "Legal", "oathbreaker": "Legal", "predh": "Legal", "vintage": "Legal"}, "manaCost": "{3}", "manaValue": 3.0, "name": "Sword of Feast and Famine", "number": "10", "originalText": "Equipped creature gets +2/+2 and has protection from black and from green.\nWhenever equipped creature deals combat damage to a player, that player discards a card and you untap all lands you control.\nEquip {2}", "originalType": "Artifact — Equipment", "printings": ["2XM", "J14", "MBS", "MD1", "MPS", "PGPX", "PLIST", "PRM"], "purchaseUrls": {"cardKingdom": "https://mtgjson.com/links/4086a9b73bf768a7", "cardmarket": "https://mtgjson.com/links/e2d6ee8e6df88fba", "tcgplayer": "https://mtgjson.com/links/84303375266b467d"}, "rarity": "mythic", "rulings": [{"date": "2020-08-07", "text": "You'll untap all lands you control even if the player can't discard a card."}, {"date": "2020-08-07", "text": "You can tap your lands for mana while the triggered ability is on the stack. However, you'll lose any mana you produce this way if you don't spend it before the end of the current combat damage step."}], "setCode": "MD1", "subtypes": ["Equipment"], "supertypes": [], "text": "Equipped creature gets +2/+2 and has protection from black and from green.\nWhenever equipped creature deals combat damage to a player, that player discards a card and you untap all lands you control.\nEquip {2}", "type": "Artifact — Equipment", "types": ["Artifact"], "uuid": "24f9d474-71ca-574a-ad45-dd2c8386ea25", "watermark": "mirran"}, {"artist": "Bud Cook", "artistIds": ["4c3be2d4-73e6-4005-b897-8ac65b9c8660"], "availability": ["paper"], "borderColor": "black", "colorIdentity": ["B", "W"], "colors": ["W"], "convertedManaCost": 3.0, "edhrecRank": 5783, "edhrecSaltiness": 0.22, "finishes": ["nonfoil"], "flavorText": "The murdered inhabitants of Hollowhenge impart to the living the terror they felt in death.", "foreignData": [], "frameVersion": "2003", "hasFoil": false, "hasNonFoil": true, "identifiers": {"cardKingdomId": "194431", "cardsphereId": "31405", "mcmId": "267024", "mcmMetaId": "204777", "mtgjsonV4Id": "37d20a18-95f1-533a-85ea-af316db938d3", "multiverseId": "382191", "scryfallId": "70e33f45-7d47-423b-a123-8541f1d1afb4", "scryfallIllustrationId": "1541a315-1b23-418f-b291-2c8f60740935", "scryfallOracleId": "0b8c3337-04dd-4798-8203-6d8b8cfb936b", "tcgplayerProductId": "82744"}, "isReprint": true, "isStarter": true, "keywords": ["Flashback"], "language": "English", "layout": "normal", "legalities": {"commander": "Legal", "duel": "Legal", "gladiator": "Legal", "historic": "Legal", "historicbrawl": "Legal", "legacy": "Legal", "modern": "Legal", "oathbreaker": "Legal", "penny": "Legal", "vintage": "Legal"}, "manaCost": "{2}{W}", "manaValue": 3.0, "name": "Lingering Souls", "number": "11", "originalText": "Put two 1/1 white Spirit creature tokens with flying onto the battlefield.\nFlashback {1}{B} (You may cast this card from your graveyard for its flashback cost. Then exile it.)", "originalType": "Sorcery", "printings": ["DDK", "DKA", "F12", "MB1", "MD1", "MM3", "PRM", "SIS", "TSR"], "purchaseUrls": {"cardKingdom": "https://mtgjson.com/links/6fa2e966c476ed47", "cardmarket": "https://mtgjson.com/links/63381f91b0d2375d", "tcgplayer": "https://mtgjson.com/links/2c38a2cda231995d"}, "rarity": "uncommon", "rulings": [{"date": "2021-03-19", "text": "“Flashback [cost]” means “You may cast this card from your graveyard by paying [cost] rather than paying its mana cost” and “If the flashback cost was paid, exile this card instead of putting it anywhere else any time it would leave the stack.”"}, {"date": "2021-03-19", "text": "You must still follow any timing restrictions and permissions, including those based on the card’s type. For instance, you can cast a sorcery using flashback only when you could normally cast a sorcery."}, {"date": "2021-03-19", "text": "To determine the total cost of a spell, start with the mana cost or alternative cost (such as a flashback cost) you’re paying, add any cost increases, then apply any cost reductions. The mana value of the spell is determined only by its mana cost, no matter what the total cost to cast the spell was."}, {"date": "2021-03-19", "text": "A spell cast using flashback will always be exiled afterward, whether it resolves, is countered, or leaves the stack in some other way."}, {"date": "2021-03-19", "text": "You can cast a spell using flashback even if it was somehow put into your graveyard without having been cast."}, {"date": "2021-03-19", "text": "If a card with flashback is put into your graveyard during your turn, you can cast it if it’s legal to do so before any other player can take any actions."}], "setCode": "MD1", "subtypes": [], "supertypes": [], "text": "Create two 1/1 white Spirit creature tokens with flying.\nFlashback {1}{B} (You may cast this card from your graveyard for its flashback cost. Then exile it.)", "type": "Sorcery", "types": ["Sorcery"], "uuid": "fd791bea-05e9-5fa5-8cd7-89d21bfd7b86"}, {"artist": "Tomasz Jedruszek", "artistIds": ["bba69285-2445-4a4b-a847-59397be972ea"], "availability": ["paper"], "borderColor": "black", "colorIdentity": ["W"], "colors": ["W"], "convertedManaCost": 6.0, "edhrecRank": 7365, "finishes": ["nonfoil"], "flavorText": "\"I need never remember my past associates, my victims, my mistakes. Innistrad preserves them all for me.\"\n—Sorin Markov", "foreignData": [], "frameVersion": "2003", "hasFoil": false, "hasNonFoil": true, "identifiers": {"cardKingdomId": "194435", "cardsphereId": "31414", "mcmId": "267031", "mcmMetaId": "9589", "mtgjsonV4Id": "e2057e98-f97e-5a9a-b55f-362efed3f1df", "multiverseId": "382198", "scryfallId": "9ac8b456-4a5e-4255-ab5b-694e83a2bbaa", "scryfallIllustrationId": "07e86e33-4491-4abc-b081-af1ed986b71f", "scryfallOracleId": "376271a6-80f0-47a6-990a-5ec5517aae42", "tcgplayerProductId": "82748"}, "isReprint": true, "isStarter": true, "language": "English", "layout": "normal", "legalities": {"commander": "Legal", "duel": "Legal", "legacy": "Legal", "modern": "Legal", "oathbreaker": "Legal", "penny": "Legal", "predh": "Legal", "vintage": "Legal"}, "manaCost": "{2/W}{2/W}{2/W}", "manaValue": 6.0, "name": "Spectral Procession", "number": "12", "originalText": "Put three 1/1 white Spirit creature tokens with flying onto the battlefield.", "originalType": "Sorcery", "printings": ["C14", "DDK", "MD1", "MM2", "SHM"], "purchaseUrls": {"cardKingdom": "https://mtgjson.com/links/dd5d688136d131fa", "cardmarket": "https://mtgjson.com/links/0e82b147d9cc60e7", "tcgplayer": "https://mtgjson.com/links/dcf65ea33e6b23df"}, "rarity": "uncommon", "rulings": [{"date": "2008-05-01", "text": "If an effect reduces the cost to cast a spell by an amount of generic mana, it applies to a monocolored hybrid spell only if you’ve chosen a method of paying for it that includes generic mana."}, {"date": "2008-05-01", "text": "A card with a monocolored hybrid mana symbol in its mana cost is each of the colors that appears in its mana cost, regardless of what mana was spent to cast it. Thus, Spectral Procession is white even if you spend six blue mana to cast it."}, {"date": "2008-05-01", "text": "A card with monocolored hybrid mana symbols in its mana cost has a converted mana cost equal to the highest possible cost it could be cast for. Its converted mana cost never changes. Thus, Spectral Procession has a converted mana cost of 6, even if you spend {W}{W}{W} to cast it."}, {"date": "2008-05-01", "text": "If a cost includes more than one monocolored hybrid mana symbol, you can choose a different way to pay for each symbol. For example, you can pay for Spectral Procession by spending {W}{W}{W}, {2}{W}{W}, {4}{W}, or {6}."}], "setCode": "MD1", "subtypes": [], "supertypes": [], "text": "Create three 1/1 white Spirit creature tokens with flying.", "type": "Sorcery", "types": ["Sorcery"], "uuid": "571d87f2-c744-593b-b056-9045f03ac28d"}, {"artist": "Volkan Baǵa", "artistIds": ["93bec3c0-0260-4d31-8064-5d01efb4153f"], "availability": ["paper"], "borderColor": "black", "colorIdentity": ["W"], "colors": ["W"], "convertedManaCost": 4.0, "edhrecRank": 3392, "edhrecSaltiness": 0.19, "finishes": ["nonfoil"], "foreignData": [], "frameVersion": "2003", "hasFoil": false, "hasNonFoil": true, "identifiers": {"cardKingdomId": "194438", "cardsphereId": "31398", "mcmId": "267017", "mcmMetaId": "10099", "mtgjsonV4Id": "7c8c6c08-522a-5eea-ac14-1474dc905b9a", "multiverseId": "382184", "scryfallId": "200e0e28-88cc-43e5-8774-28ba791cfa63", "scryfallIllustrationId": "524c6736-deac-42cf-bb6c-6065106372a0", "scryfallOracleId": "eab0d8b9-c66f-402f-b259-f46f15cefd78", "tcgplayerProductId": "82751"}, "isReprint": true, "isStarter": true, "language": "English", "layout": "normal", "leadershipSkills": {"brawl": false, "commander": false, "oathbreaker": true}, "legalities": {"commander": "Legal", "duel": "Legal", "legacy": "Legal", "modern": "Legal", "oathbreaker": "Legal", "predh": "Legal", "vintage": "Legal"}, "loyalty": "4", "manaCost": "{2}{W}{W}", "manaValue": 4.0, "name": "Elspeth, Knight-Errant", "number": "13", "originalText": "+1: Put a 1/1 white Soldier creature token onto the battlefield.\n+1: Target creature gets +3/+3 and gains flying until end of turn.\n-8: You get an emblem with \"Artifacts, creatures, enchantments, and lands you control have indestructible.\"", "originalType": "Planeswalker — Elspeth", "printings": ["ALA", "DDF", "MD1", "MED", "MMA", "SLD"], "purchaseUrls": {"cardKingdom": "https://mtgjson.com/links/44773d7bf31f3527", "cardmarket": "https://mtgjson.com/links/a4ba5ebeaea66c60", "tcgplayer": "https://mtgjson.com/links/9f77e01ee523756f"}, "rarity": "mythic", "rulings": [{"date": "2011-01-01", "text": "Emblems behave similarly to enchantments: They have an ability that, in a general sense, continually affects the game. The primary difference between them is that emblems aren’t permanents and don’t exist on the battlefield. Nothing in the game can remove an emblem, simply because no other spell or ability references them. Once you get an emblem, you keep it for the rest of the game. Emblems have no color, name, card type, or other characteristics beyond the listed ability."}, {"date": "2013-07-01", "text": "Lethal damage and effects that say “destroy” won’t cause a permanent with indestructible to be put into the graveyard. However, a permanent with indestructible can be put into the graveyard for a number of reasons. The most likely reasons are if it’s sacrificed, if it’s a creature whose toughness is 0 or less, or if it’s an Aura that’s either unattached or attached to something illegal."}], "setCode": "MD1", "subtypes": ["Elspeth"], "supertypes": ["Legendary"], "text": "[+1]: Create a 1/1 white Soldier creature token.\n[+1]: Target creature gets +3/+3 and gains flying until end of turn.\n[−8]: You get an emblem with \"Artifacts, creatures, enchantments, and lands you control have indestructible.\"", "type": "Legendary Planeswalker — Elspeth", "types": ["Planeswalker"], "uuid": "3d98bba0-5cd7-5de1-800b-e2938a9b4652"}, {"artist": "Jim Nelson", "artistIds": ["aa9f64d1-29e1-4c82-877e-44c18183f40b"], "availability": ["paper"], "borderColor": "black", "colorIdentity": ["B", "W"], "colors": [], "convertedManaCost": 0.0, "edhrecRank": 147, "edhrecSaltiness": 0.05, "finishes": ["nonfoil"], "foreignData": [], "frameVersion": "2003", "hasFoil": false, "hasNonFoil": true, "identifiers": {"cardKingdomId": "194419", "cardsphereId": "31393", "mcmId": "267013", "mcmMetaId": "871", "mtgjsonV4Id": "351a68d9-114d-5276-b0a6-66d067e1aaf4", "multiverseId": "382180", "scryfallId": "68ed4c64-8998-4686-b5d4-e9735e0c1a76", "scryfallIllustrationId": "7ac14d86-a66b-4368-9b4f-a8a497706e9e", "scryfallOracleId": "33de01e9-ce5a-42d4-afcb-343cd54a6d80", "tcgplayerProductId": "82732"}, "isReprint": true, "isStarter": true, "language": "English", "layout": "normal", "legalities": {"alchemy": "Legal", "brawl": "Legal", "commander": "Legal", "duel": "Legal", "explorer": "Legal", "future": "Legal", "gladiator": "Legal", "historic": "Legal", "historicbrawl": "Legal", "legacy": "Legal", "modern": "Legal", "oathbreaker": "Legal", "penny": "Legal", "pioneer": "Legal", "predh": "Legal", "premodern": "Legal", "standard": "Legal", "vintage": "Legal"}, "manaValue": 0.0, "name": "Caves of Koilos", "number": "14", "originalText": "{T}: Add {1} to your mana pool.\n{T}: Add {W} or {B} to your mana pool. Caves of Koilos deals 1 damage to you.", "originalType": "Land", "printings": ["10E", "9ED", "APC", "C16", "C20", "C21", "DMU", "M15", "MD1", "ORI", "PDMU", "PRM"], "purchaseUrls": {"cardKingdom": "https://mtgjson.com/links/5e3b5ae1df039770", "cardmarket": "https://mtgjson.com/links/b27106da8d5c0d80", "tcgplayer": "https://mtgjson.com/links/4fba92438abd37f3"}, "rarity": "rare", "rulings": [{"date": "2015-06-22", "text": "The damage dealt to you is part of the second mana ability. It doesn't use the stack and can't be responded to."}, {"date": "2015-06-22", "text": "Like most lands, each land in this cycle is colorless. The damage dealt to you is dealt by a colorless source."}], "setCode": "MD1", "subtypes": [], "supertypes": [], "text": "{T}: Add {C}.\n{T}: Add {W} or {B}. Caves of Koilos deals 1 damage to you.", "type": "Land", "types": ["Land"], "uuid": "b2da86aa-cc34-55aa-9d10-79ac98d7e858"}, {"artist": "Jung Park", "artistIds": ["269392ac-4c06-4650-98e2-d49a5a7f2371"], "availability": ["paper"], "borderColor": "black", "colorIdentity": [], "colors": [], "convertedManaCost": 0.0, "edhrecRank": 92, "edhrecSaltiness": 0.12, "finishes": ["nonfoil"], "flavorText": "\"There is much to learn here, but few can endure the ringing of the spires.\"\n—Nulakam the Archivist", "foreignData": [], "frameVersion": "2003", "hasFoil": false, "hasNonFoil": true, "identifiers": {"cardKingdomId": "194420", "cardsphereId": "31394", "mcmId": "267014", "mcmMetaId": "1009", "mtgjsonV4Id": "be1b7e6a-8132-5bda-8429-2b62ad0513af", "multiverseId": "382181", "scryfallId": "2d120ddb-73e7-4dbc-b48c-4a6c74f331c3", "scryfallIllustrationId": "a3bb8f2c-e390-4d71-86f6-d332869233b9", "scryfallOracleId": "f25351e3-539b-4bbc-b92d-6480acf4d722", "tcgplayerProductId": "82733"}, "isReprint": true, "isStarter": true, "language": "English", "layout": "normal", "legalities": {"commander": "Legal", "duel": "Legal", "legacy": "Legal", "modern": "Legal", "oathbreaker": "Legal", "predh": "Legal", "premodern": "Legal", "vintage": "Legal"}, "manaValue": 0.0, "name": "City of Brass", "number": "15", "originalText": "Whenever City of Brass becomes tapped, it deals 1 damage to you.\n{T}: Add one mana of any color to your mana pool.", "originalType": "Land", "printings": ["2X2", "5ED", "6ED", "7ED", "8ED", "ARN", "BCHR", "CHR", "MD1", "ME4", "MMA", "OLEP", "PRM", "PSUS", "PTC", "RIN", "WC00", "WC01", "WC02", "WC03", "WC97", "WC98"], "purchaseUrls": {"cardKingdom": "https://mtgjson.com/links/bb2c4e7c6349b147", "cardmarket": "https://mtgjson.com/links/b84a3a56299dae23", "tcgplayer": "https://mtgjson.com/links/ce45b25f1758f5c3"}, "rarity": "rare", "rulings": [{"date": "2004-10-04", "text": "The first ability triggers no matter how the land becomes tapped."}, {"date": "2004-10-04", "text": "If you tap City of Brass while you are casting a spell or activating an ability, its ability will trigger and wait. When you finish casting that spell or activating that ability, City of Brass’s triggered ability is put on the stack on top of it. City of Brass’s ability will resolve first."}, {"date": "2004-10-04", "text": "On the other hand, you can tap City of Brass, put its triggered ability on the stack, and then respond to that ability by casting an instant or activating an ability using that mana. In that case, the instant spell or activated ability will resolve first."}], "setCode": "MD1", "subtypes": [], "supertypes": [], "text": "Whenever City of Brass becomes tapped, it deals 1 damage to you.\n{T}: Add one mana of any color.", "type": "Land", "types": ["Land"], "uuid": "956430b5-d53e-5d91-b040-2578e6129602"}, {"artist": "Cliff Childs", "artistIds": ["ed6f7e03-20ba-4c73-bdda-4a4928480721"], "availability": ["paper"], "borderColor": "black", "colorIdentity": ["B", "W"], "colors": [], "convertedManaCost": 0.0, "edhrecRank": 180, "edhrecSaltiness": 0.03, "finishes": ["nonfoil"], "flavorText": "Not every church is a place of faith.", "foreignData": [], "frameVersion": "2003", "hasFoil": false, "hasNonFoil": true, "identifiers": {"cardKingdomId": "194421", "cardsphereId": "31403", "mcmId": "267022", "mcmMetaId": "203987", "mtgjsonV4Id": "93e0b4d6-1063-5a2f-8290-010de18fd774", "multiverseId": "382189", "scryfallId": "4e1ad9b1-f59c-4990-a43f-1a705f09bae7", "scryfallIllustrationId": "6eddf52e-9f26-4810-aaad-a39bfca6f174", "scryfallOracleId": "7e5d9efe-48a9-434b-bb09-056e0e09cc9a", "tcgplayerProductId": "82734"}, "isReprint": true, "isStarter": true, "language": "English", "layout": "normal", "legalities": {"commander": "Legal", "duel": "Legal", "explorer": "Legal", "gladiator": "Legal", "historic": "Legal", "historicbrawl": "Legal", "legacy": "Legal", "modern": "Legal", "oathbreaker": "Legal", "penny": "Legal", "pioneer": "Legal", "vintage": "Legal"}, "manaValue": 0.0, "name": "Isolated Chapel", "number": "16", "originalText": "Isolated Chapel enters the battlefield tapped unless you control a Plains or a Swamp.\n{T}: Add {W} or {B} to your mana pool.", "originalType": "Land", "printings": ["DMR", "DOM", "ISD", "LTC", "MD1", "PDOM"], "purchaseUrls": {"cardKingdom": "https://mtgjson.com/links/0163b28e6ce69944", "cardmarket": "https://mtgjson.com/links/46553188da52933c", "tcgplayer": "https://mtgjson.com/links/2ad017d4bf1222cb"}, "rarity": "rare", "setCode": "MD1", "subtypes": [], "supertypes": [], "text": "Isolated Chapel enters the battlefield tapped unless you control a Plains or a Swamp.\n{T}: Add {W} or {B}.", "type": "Land", "types": ["Land"], "uuid": "1d64f733-8407-509b-9627-c2a3cdd5e9bf"}, {"artist": "John Avon", "artistIds": ["798f3932-30e0-4420-aa3f-db4d613f89ca"], "availability": ["paper"], "borderColor": "black", "colorIdentity": ["B", "W"], "colors": [], "convertedManaCost": 0.0, "edhrecRank": 790, "edhrecSaltiness": 0.15, "finishes": ["nonfoil"], "flavorText": "\"For centuries my creation kept this world in balance. Now only her shadow remains.\"\n—Sorin Markov", "foreignData": [], "frameVersion": "2003", "hasFoil": false, "hasNonFoil": true, "identifiers": {"cardKingdomId": "194424", "cardsphereId": "31418", "mcmId": "267035", "mcmMetaId": "204801", "mtgjsonV4Id": "8e0c1e22-e1c5-5e32-8861-c11c14fb76c3", "multiverseId": "382202", "scryfallId": "6efbe3db-5d38-4807-9348-0204fa5a7681", "scryfallIllustrationId": "a5af8601-d277-40ec-b7db-7c067d95aff1", "scryfallOracleId": "eeaac65a-3480-475a-bb28-e6375d53f487", "tcgplayerProductId": "82737"}, "isReprint": true, "isStarter": true, "language": "English", "layout": "normal", "legalities": {"commander": "Legal", "duel": "Legal", "legacy": "Legal", "modern": "Legal", "oathbreaker": "Legal", "penny": "Legal", "vintage": "Legal"}, "manaValue": 0.0, "name": "Vault of the Archangel", "number": "17", "originalText": "{T}: Add {1} to your mana pool.\n{2}{W}{B}, {T}: Creatures you control gain deathtouch and lifelink until end of turn.", "originalType": "Land", "printings": ["CLB", "DKA", "MD1", "MOC", "SLD"], "purchaseUrls": {"cardKingdom": "https://mtgjson.com/links/50c27c6221d9aaaf", "cardmarket": "https://mtgjson.com/links/aa74a53bb27a8c5f", "tcgplayer": "https://mtgjson.com/links/0642dc7a38d0ab9d"}, "rarity": "rare", "rulings": [{"date": "2011-01-22", "text": "Vault of the Archangel's last ability affects only creatures you control when that ability resolves. It won't affect creatures that come under your control later in the turn."}, {"date": "2011-01-22", "text": "Multiple instances of deathtouch or lifelink on the same creature are redundant."}], "setCode": "MD1", "subtypes": [], "supertypes": [], "text": "{T}: Add {C}.\n{2}{W}{B}, {T}: Creatures you control gain deathtouch and lifelink until end of turn.", "type": "Land", "types": ["Land"], "uuid": "efc1346a-54fe-5298-9afe-92550d84bf08"}, {"artist": "Omar Rayyan", "artistIds": ["256b61a2-b9af-4ff5-b485-47a61818f818"], "availability": ["paper"], "borderColor": "black", "colorIdentity": ["W"], "colors": [], "convertedManaCost": 0.0, "edhrecRank": 831, "edhrecSaltiness": 0.08, "finishes": ["nonfoil"], "foreignData": [], "frameVersion": "2003", "hasFoil": false, "hasNonFoil": true, "identifiers": {"cardKingdomId": "194425", "cardsphereId": "31419", "mcmId": "267036", "mcmMetaId": "9392", "mtgjsonV4Id": "16b89b7b-cbc2-571b-9f51-056d85100d5f", "multiverseId": "382203", "scryfallId": "10822e32-adf3-4ad7-b889-e81d68983b5b", "scryfallIllustrationId": "255e53a7-fcc2-4cb4-bcd3-6591fca44e22", "scryfallOracleId": "3589bcfc-42b0-414a-adce-bc690dc631c8", "tcgplayerProductId": "82738"}, "isReprint": true, "isStarter": true, "keywords": ["Hideaway"], "language": "English", "layout": "normal", "legalities": {"commander": "Legal", "duel": "Legal", "legacy": "Legal", "modern": "Legal", "oathbreaker": "Legal", "penny": "Legal", "predh": "Legal", "vintage": "Legal"}, "manaValue": 0.0, "name": "Windbrisk Heights", "number": "18", "originalText": "Hideaway (This land enters the battlefield tapped. When it does, look at the top four cards of your library, exile one face down, then put the rest on the bottom of your library.)\n{T}: Add {W} to your mana pool.\n{W}, {T}: You may play the exiled card without paying its mana cost if you attacked with three or more creatures this turn.", "originalType": "Land", "printings": ["C16", "C20", "CLB", "LRW", "LTC", "MD1", "NCC", "ONC", "SLD", "V12"], "purchaseUrls": {"cardKingdom": "https://mtgjson.com/links/bbc60f64a205973f", "cardmarket": "https://mtgjson.com/links/2869e68f6c24f848", "tcgplayer": "https://mtgjson.com/links/81f198aed1bedc7f"}, "rarity": "rare", "rulings": [{"date": "2007-10-01", "text": "At the time the ability resolves, you'll get to play the card if you declared three different creatures as attackers at any point in the turn. A creature declared as an attacker in two different attack phases counts only once. A creature that entered the battlefield attacking (such as a token created by Militia's Pride) doesn't count because you never attacked with it."}, {"date": "2022-04-29", "text": "\"Hideaway N\" means \"When this permanent enters the battlefield, look at the top N cards of your library. Exile one of them face down and put the rest on the bottom of your library in a random order. The exiled card gains 'The player who controls the permanent that exiled this card may look at this card in the exile zone.'\""}, {"date": "2022-04-29", "text": "Any player who has controlled a permanent with a hideaway ability since a card was exiled with it may look at that card."}, {"date": "2022-04-29", "text": "Previously, permanents with hideaway entered the battlefield tapped. This ability has been removed from the definition of hideaway. Older cards have received errata to have an additional paragraph that reads \"[This permanent] enters the battlefield tapped,\" and they now have hideaway 4."}, {"date": "2022-04-29", "text": "Hideaway now causes you to put the rest of the cards on the bottom of your library in a random order instead of any order."}], "setCode": "MD1", "subtypes": [], "supertypes": [], "text": "Hideaway 4 (When this land enters the battlefield, look at the top four cards of your library, exile one face down, then put the rest on the bottom in a random order.)\nWindbrisk Heights enters the battlefield tapped.\n{T}: Add {W}.\n{W}, {T}: You may play the exiled card without paying its mana cost if you attacked with three or more creatures this turn.", "type": "Land", "types": ["Land"], "uuid": "6e07434d-ef89-5d77-80c6-3299b1c99700"}, {"artist": "Adam Paquette", "artistIds": ["89023dad-e6c0-41e0-83fb-eb2bfbbdc3f2"], "availability": ["paper"], "borderColor": "black", "colorIdentity": ["W"], "colors": [], "convertedManaCost": 0.0, "edhrecSaltiness": 0.31, "finishes": ["nonfoil"], "foreignData": [], "frameVersion": "2003", "hasFoil": false, "hasNonFoil": true, "identifiers": {"cardKingdomId": "194422", "cardsphereId": "31408", "mcmId": "267026", "mcmMetaId": "4251", "mtgjsonV4Id": "de0906ed-9951-520d-904e-e55a91339fc0", "multiverseId": "382193", "scryfallId": "19d1d724-731a-4125-99d1-25a81e8ff08c", "scryfallIllustrationId": "b888c083-98c5-4ff5-81b1-cf98c79ed9c8", "scryfallOracleId": "bc71ebf6-2056-41f7-be35-b2e5c34afa99", "tcgplayerProductId": "82735"}, "isReprint": true, "isStarter": true, "language": "English", "layout": "normal", "legalities": {"alchemy": "Legal", "brawl": "Legal", "commander": "Legal", "duel": "Legal", "explorer": "Legal", "future": "Legal", "gladiator": "Legal", "historic": "Legal", "historicbrawl": "Legal", "legacy": "Legal", "modern": "Legal", "oathbreaker": "Legal", "pauper": "Legal", "paupercommander": "Legal", "penny": "Legal", "pioneer": "Legal", "predh": "Legal", "premodern": "Legal", "standard": "Legal", "vintage": "Legal"}, "manaValue": 0.0, "name": "Plains", "number": "19", "originalText": "W", "originalType": "Basic Land — Plains", "printings": ["10E", "2ED", "2XM", "30A", "3ED", "40K", "4BB", "4ED", "5ED", "6ED", "7ED", "8ED", "9ED", "AFR", "AKH", "AKR", "ALA", "ANA", "ANB", "ARC", "ATH", "AVR", "BBD", "BFZ", "BRB", "BRC", "BRO", "C13", "C14", "C15", "C16", "C17", "C18", "C19", "CED", "CEI", "CHK", "CLB", "CM2", "CMA", "CMD", "CMM", "CMR", "CST", "DDC", "DDE", "DDF", "DDG", "DDH", "DDI", "DDK", "DDL", "DDN", "DDO", "DDP", "DDQ", "DMR", "DMU", "DOM", "DTK", "DVD", "E01", "ELD", "FBB", "FRF", "G17", "GK1", "GK2", "GN2", "GN3", "GNT", "GRN", "GS1", "H09", "HBG", "HOP", "HOU", "ICE", "IKO", "INV", "ISD", "ITP", "J14", "J22", "JMP", "KHM", "KLD", "KLR", "KTK", "LEA", "LEB", "LRW", "LTR", "M10", "M11", "M12", "M13", "M14", "M15", "M19", "M20", "M21", "MBS", "MD1", "ME1", "ME3", "MH2", "MID", "MIR", "MMQ", "MOM", "MRD", "NEO", "NPH", "ODY", "OLEP", "ONE", "ONS", "ORI", "P02", "PAL00", "PAL01", "PAL03", "PAL04", "PAL05", "PAL06", "PAL99", "PALP", "PANA", "PARL", "PC2", "PCA", "PCTB", "PDGM", "PELP", "PF19", "PF20", "PGPX", "PGRU", "PLIST", "PMPS", "PMPS06", "PMPS07", "PMPS08", "PMPS09", "PMPS10", "PMPS11", "POR", "PPP1", "PRM", "PRW2", "PRWK", "PS11", "PSAL", "PSS2", "PSS3", "PTC", "PTK", "PZ2", "RAV", "RIX", "RNA", "ROE", "RQS", "RTR", "S99", "SCD", "SHM", "SIR", "SLD", "SNC", "SOI", "SOM", "STX", "SUM", "TD0", "TD2", "THB", "THS", "TMP", "TPR", "TSP", "UGL", "UND", "UNF", "UNH", "USG", "UST", "VOW", "WAR", "WC00", "WC02", "WC03", "WC04", "WC97", "WC98", "WHO", "WOE", "XANA", "XLN", "ZEN", "ZNR"], "purchaseUrls": {"cardKingdom": "https://mtgjson.com/links/40c00aef9cad493e", "cardmarket": "https://mtgjson.com/links/9cfe363161736510", "tcgplayer": "https://mtgjson.com/links/20f448b279a049b1"}, "rarity": "common", "setCode": "MD1", "subtypes": ["Plains"], "supertypes": ["Basic"], "text": "({T}: Add {W}.)", "type": "Basic Land — Plains", "types": ["Land"], "uuid": "a94a065b-cf75-585a-8d0f-dd71c86813c7"}, {"artist": "Adam Paquette", "artistIds": ["89023dad-e6c0-41e0-83fb-eb2bfbbdc3f2"], "availability": ["paper"], "borderColor": "black", "colorIdentity": ["B"], "colors": [], "convertedManaCost": 0.0, "edhrecSaltiness": 0.31, "finishes": ["nonfoil"], "foreignData": [], "frameVersion": "2003", "hasFoil": false, "hasNonFoil": true, "identifiers": {"cardKingdomId": "194423", "cardsphereId": "31415", "mcmId": "267032", "mcmMetaId": "5739", "mtgjsonV4Id": "24640f8f-5180-505c-90e6-b979c930cca6", "multiverseId": "382199", "scryfallId": "e2029951-b0cb-4c09-8dc1-ec177e278877", "scryfallIllustrationId": "c7be2143-24ca-45c1-831f-c6fd961a0bb1", "scryfallOracleId": "56719f6a-1a6c-4c0a-8d21-18f7d7350b68", "tcgplayerProductId": "82736"}, "isReprint": true, "isStarter": true, "language": "English", "layout": "normal", "legalities": {"alchemy": "Legal", "brawl": "Legal", "commander": "Legal", "duel": "Legal", "explorer": "Legal", "future": "Legal", "gladiator": "Legal", "historic": "Legal", "historicbrawl": "Legal", "legacy": "Legal", "modern": "Legal", "oathbreaker": "Legal", "pauper": "Legal", "paupercommander": "Legal", "penny": "Legal", "pioneer": "Legal", "predh": "Legal", "premodern": "Legal", "standard": "Legal", "vintage": "Legal"}, "manaValue": 0.0, "name": "Swamp", "number": "20", "originalText": "B", "originalType": "Basic Land — Swamp", "printings": ["10E", "2ED", "2XM", "30A", "3ED", "40K", "4BB", "4ED", "5ED", "6ED", "7ED", "8ED", "9ED", "AFR", "AKH", "AKR", "ALA", "ANA", "ANB", "ARC", "ATH", "AVR", "BBD", "BFZ", "BRB", "BRC", "BRO", "BTD", "C13", "C14", "C15", "C16", "C17", "C18", "C19", "CED", "CEI", "CHK", "CLB", "CM2", "CMA", "CMD", "CMM", "CST", "DDC", "DDD", "DDE", "DDH", "DDJ", "DDK", "DDM", "DDN", "DDP", "DDQ", "DDR", "DKM", "DMR", "DMU", "DOM", "DPA", "DTK", "DVD", "E01", "ELD", "FBB", "FRF", "G17", "GK1", "GK2", "GN2", "GN3", "GNT", "GRN", "GVL", "H09", "HBG", "HOP", "HOU", "ICE", "IKO", "INV", "ISD", "ITP", "J14", "J22", "JMP", "KHM", "KLD", "KLR", "KTK", "LEA", "LEB", "LRW", "LTR", "M10", "M11", "M12", "M13", "M14", "M15", "M19", "M20", "M21", "MBS", "MD1", "ME1", "ME3", "MH2", "MID", "MIR", "MMQ", "MOM", "MRD", "NEO", "NPH", "ODY", "OLEP", "ONE", "ONS", "ORI", "P02", "PAL00", "PAL01", "PAL03", "PAL04", "PAL05", "PAL06", "PAL99", "PALP", "PANA", "PARL", "PC2", "PCA", "PCTB", "PD3", "PELP", "PF19", "PF20", "PGPX", "PGRU", "PHUK", "PMPS", "PMPS06", "PMPS07", "PMPS08", "PMPS09", "PMPS10", "PMPS11", "POR", "PPP1", "PRM", "PRW2", "PRWK", "PS11", "PSAL", "PSS2", "PSS3", "PTC", "PTK", "RAV", "RIX", "RNA", "ROE", "RQS", "RTR", "S99", "SCD", "SHM", "SIR", "SLD", "SNC", "SOI", "SOM", "STX", "SUM", "TD0", "TD2", "THB", "THS", "TMP", "TPR", "TSP", "UGL", "UND", "UNF", "UNH", "USG", "UST", "VOW", "WAR", "WC01", "WC02", "WC03", "WC97", "WC98", "WC99", "WHO", "WOE", "XANA", "XLN", "ZEN", "ZNR"], "purchaseUrls": {"cardKingdom": "https://mtgjson.com/links/cd8e256d87db9c31", "cardmarket": "https://mtgjson.com/links/ee6c276100b48767", "tcgplayer": "https://mtgjson.com/links/7dcfb418cd0a3bd8"}, "rarity": "common", "setCode": "MD1", "subtypes": ["Swamp"], "supertypes": ["Basic"], "text": "({T}: Add {B}.)", "type": "Basic Land — Swamp", "types": ["Land"], "uuid": "a9a2bbab-f766-596d-8176-08348d760243"}, {"artist": "Jean-Sébastien Rossbach", "artistIds": ["1b0c07a7-84e8-4384-9b97-28c162586558"], "availability": ["paper"], "borderColor": "black", "colorIdentity": [], "colors": [], "convertedManaCost": 1.0, "edhrecRank": 3487, "edhrecSaltiness": 0.3, "finishes": ["nonfoil"], "flavorText": "Elves believe the hydra-god Progenitus sleeps beneath Naya, feeding on forgotten magics.", "foreignData": [], "frameVersion": "2003", "hasFoil": false, "hasNonFoil": true, "identifiers": {"cardKingdomId": "194444", "cardsphereId": "31410", "mcmId": "267028", "mcmMetaId": "10082", "mtgjsonV4Id": "307dc50a-5715-5f17-92ee-7acd994a2b9c", "multiverseId": "382195", "scryfallId": "f77a1544-ba6b-41cc-af10-34cf162eac9b", "scryfallIllustrationId": "1d878886-49de-4351-b12b-b5a274e466d5", "scryfallOracleId": "6a9c3401-570c-41cb-a605-75dfa57d6ab7", "tcgplayerProductId": "82757"}, "isReprint": true, "isStarter": true, "language": "English", "layout": "normal", "legalities": {"commander": "Legal", "duel": "Legal", "gladiator": "Legal", "historic": "Legal", "historicbrawl": "Legal", "legacy": "Legal", "modern": "Legal", "oathbreaker": "Legal", "pauper": "Legal", "paupercommander": "Legal", "predh": "Legal", "vintage": "Legal"}, "manaCost": "{1}", "manaValue": 1.0, "name": "Relic of Progenitus", "number": "21", "originalText": "{T}: Target player exiles a card from his or her graveyard.\n{1}, Exile Relic of Progenitus: Exile all cards from all graveyards. Draw a card.", "originalType": "Artifact", "printings": ["ALA", "BRC", "EMA", "HA5", "HOP", "MD1", "MMA", "TD0"], "purchaseUrls": {"cardKingdom": "https://mtgjson.com/links/eb3d0583c7d4adf4", "cardmarket": "https://mtgjson.com/links/db5ba7d5668a0cc3", "tcgplayer": "https://mtgjson.com/links/824e2ee9989d9e58"}, "rarity": "uncommon", "rulings": [{"date": "2016-06-08", "text": "If you activate Relic of Progenitus's first ability, the targeted player chooses which card to exile. The choice is made as the ability resolves."}, {"date": "2016-06-08", "text": "You can activate Relic of Progenitus's second ability even if no players have any cards in their graveyards. You'll still draw a card."}], "setCode": "MD1", "subtypes": [], "supertypes": [], "text": "{T}: Target player exiles a card from their graveyard.\n{1}, Exile Relic of Progenitus: Exile all graveyards. Draw a card.", "type": "Artifact", "types": ["Artifact"], "uuid": "31977a62-f0e1-5447-a615-7ff02a541b43"}, {"artist": "Chuck Lukacs", "artistIds": ["2bdf4da7-c66c-4c46-a253-284c856ccfab"], "availability": ["paper"], "borderColor": "black", "colorIdentity": ["W"], "colors": ["W"], "convertedManaCost": 1.0, "edhrecRank": 18406, "edhrecSaltiness": 0.27, "finishes": ["nonfoil"], "flavorText": "\"We are a clachan of smiths. The forge is as comfortable to us as a small fire during a cool winter's evening.\"", "foreignData": [], "frameVersion": "2003", "hasFoil": false, "hasNonFoil": true, "identifiers": {"cardKingdomId": "194439", "cardsphereId": "31392", "mcmId": "267012", "mcmMetaId": "9119", "mtgjsonV4Id": "41453754-10e4-5877-b149-35104e6d878d", "multiverseId": "382179", "scryfallId": "b50df9f4-2e10-452f-839e-3c479b58c53a", "scryfallIllustrationId": "a79e91ad-114c-4bfe-b7e8-1bcb08ed0203", "scryfallOracleId": "70bb275b-3458-4690-a50f-b231fbf0bccb", "tcgplayerProductId": "82752"}, "isReprint": true, "isStarter": true, "keywords": ["Protection"], "language": "English", "layout": "normal", "legalities": {"commander": "Legal", "duel": "Legal", "legacy": "Legal", "modern": "Legal", "oathbreaker": "Legal", "paupercommander": "Restricted", "predh": "Legal", "vintage": "Legal"}, "manaCost": "{W}", "manaValue": 1.0, "name": "Burrenton Forge-Tender", "number": "22", "originalText": "Protection from red\nSacrifice Burrenton Forge-Tender: Prevent all damage a red source of your choice would deal this turn.", "originalType": "Creature — Kithkin Wizard", "power": "1", "printings": ["IMA", "LRW", "MD1"], "purchaseUrls": {"cardKingdom": "https://mtgjson.com/links/b220bb93b0da0fa6", "cardmarket": "https://mtgjson.com/links/a160bd2ff4240a49", "tcgplayer": "https://mtgjson.com/links/a4eadb75d0d83b2a"}, "rarity": "uncommon", "rulings": [{"date": "2017-11-17", "text": "If the red source you chose changes colors before it deals damage, the damage-prevention effect doesn’t apply."}, {"date": "2017-11-17", "text": "The last ability of Burrenton Forge-Tender doesn’t target anything. You choose a source of damage as the ability resolves, if able. You can activate it even if there is no source to choose."}, {"date": "2017-11-17", "text": "If a permanent spell is chosen as the source of damage, Burrenton Forge-Tender’s prevention effect continues to apply for the rest of the turn to the permanent that spell becomes once it has entered the battlefield."}], "setCode": "MD1", "subtypes": ["Kithkin", "Wizard"], "supertypes": [], "text": "Protection from red\nSacrifice Burrenton Forge-Tender: Prevent all damage a red source of your choice would deal this turn.", "toughness": "1", "type": "Creature — Kithkin Wizard", "types": ["Creature"], "uuid": "a5ac4885-1651-5093-8f6d-68d229dc3d99"}, {"artist": "Steven Belledin", "artistIds": ["f07d73b9-52a0-4fe5-858b-61f7b42174a5"], "availability": ["paper"], "borderColor": "black", "colorIdentity": ["B"], "colors": ["B"], "convertedManaCost": 1.0, "edhrecRank": 2737, "edhrecSaltiness": 0.36, "finishes": ["nonfoil"], "flavorText": "\"It hurts more if you think about it.\"\n—Hooks, Cabal torturer", "foreignData": [], "frameVersion": "2003", "hasFoil": false, "hasNonFoil": true, "identifiers": {"cardKingdomId": "194441", "cardsphereId": "31396", "mcmId": "267016", "mcmMetaId": "1642", "mtgjsonV4Id": "ccb58cc0-ea1d-5a1e-ad84-1ab975e66b92", "multiverseId": "382183", "scryfallId": "2854b2aa-5fa7-41c1-81c9-c2df8f6a7bfa", "scryfallIllustrationId": "61881168-c895-4d75-b811-71c3d2858b70", "scryfallOracleId": "33d405ea-7a9a-4970-b70f-9c05d90dd6f0", "tcgplayerProductId": "82754"}, "isReprint": true, "isStarter": true, "language": "English", "layout": "normal", "legalities": {"alchemy": "Legal", "brawl": "Legal", "commander": "Legal", "duel": "Legal", "explorer": "Legal", "future": "Legal", "gladiator": "Legal", "historic": "Legal", "historicbrawl": "Legal", "legacy": "Legal", "modern": "Legal", "oathbreaker": "Legal", "pauper": "Legal", "paupercommander": "Legal", "penny": "Legal", "pioneer": "Legal", "predh": "Legal", "premodern": "Legal", "standard": "Legal", "vintage": "Legal"}, "manaCost": "{B}", "manaValue": 1.0, "name": "Duress", "number": "23", "originalText": "Target opponent reveals his or her hand. You choose a noncreature, nonland card from it. That player discards that card.", "originalType": "Sorcery", "printings": ["7ED", "DBL", "DDC", "DMR", "DTK", "DVD", "EMA", "F05", "IMA", "J21", "M10", "M11", "M13", "M14", "M19", "M20", "M21", "MB1", "MD1", "MID", "ONE", "PAL00", "PANA", "PD3", "PIDW", "PMEI", "PRM", "SLD", "STA", "USG", "WC01", "WC02", "WC99", "XLN"], "purchaseUrls": {"cardKingdom": "https://mtgjson.com/links/76d7557a76c5ca5a", "cardmarket": "https://mtgjson.com/links/37d6aaf456978f55", "tcgplayer": "https://mtgjson.com/links/d2c38a25c6f59098"}, "rarity": "common", "setCode": "MD1", "subtypes": [], "supertypes": [], "text": "Target opponent reveals their hand. You choose a noncreature, nonland card from it. That player discards that card.", "type": "Sorcery", "types": ["Sorcery"], "uuid": "4da0c125-7bfb-55af-85f4-ed86a423196b"}, {"artist": "Matt Thompson", "artistIds": ["469f170d-e056-4cfd-893a-458ef021ab73"], "availability": ["paper"], "borderColor": "black", "colorIdentity": ["W"], "colors": ["W"], "convertedManaCost": 2.0, "edhrecRank": 5039, "edhrecSaltiness": 1.05, "finishes": ["nonfoil"], "flavorText": "\"Before the war, we prayed to Kataki to sharpen our swords and harden our armor. Without his blessing our weapons are all but useless against the kami hordes.\"\n—Kenzo the Hardhearted", "foreignData": [], "frameVersion": "2003", "hasFoil": false, "hasNonFoil": true, "identifiers": {"cardKingdomId": "194443", "cardsphereId": "31404", "mcmId": "267023", "mcmMetaId": "7289", "mtgjsonV4Id": "cbcc7978-de82-50b0-a3dd-bda58ae673c8", "multiverseId": "382190", "scryfallId": "9057835d-3d5c-4daf-af96-3b6ea749b12e", "scryfallIllustrationId": "29baa900-8d35-4c97-9183-6307d4688344", "scryfallOracleId": "27ffa6e9-c161-4f53-8b41-7fae5f199f41", "tcgplayerProductId": "82756"}, "isReprint": true, "isStarter": true, "language": "English", "layout": "normal", "leadershipSkills": {"brawl": false, "commander": true, "oathbreaker": false}, "legalities": {"commander": "Legal", "duel": "Legal", "legacy": "Legal", "modern": "Legal", "oathbreaker": "Legal", "predh": "Legal", "vintage": "Legal"}, "manaCost": "{1}{W}", "manaValue": 2.0, "name": "Kataki, War's Wage", "number": "24", "originalText": "All artifacts have \"At the beginning of your upkeep, sacrifice this artifact unless you pay {1}.\"", "originalType": "Legendary Creature — Spirit", "power": "2", "printings": ["MD1", "MMA", "PLIST", "SOK"], "purchaseUrls": {"cardKingdom": "https://mtgjson.com/links/d79dc4c4402db531", "cardmarket": "https://mtgjson.com/links/4a83a787ec4fedce", "tcgplayer": "https://mtgjson.com/links/b1c512e54de5d08d"}, "rarity": "rare", "setCode": "MD1", "subtypes": ["Spirit"], "supertypes": ["Legendary"], "text": "All artifacts have \"At the beginning of your upkeep, sacrifice this artifact unless you pay {1}.\"", "toughness": "1", "type": "Legendary Creature — Spirit", "types": ["Creature"], "uuid": "8111b7ad-b7f1-5982-a32f-928c4c412c9c"}, {"artist": "Terese Nielsen", "artistIds": ["eb55171c-2342-45f4-a503-2d5a75baf752"], "availability": ["paper"], "borderColor": "black", "colorIdentity": ["B"], "colors": ["B"], "convertedManaCost": 3.0, "edhrecRank": 1263, "edhrecSaltiness": 0.26, "finishes": ["nonfoil"], "flavorText": "\"You serve Phyrexia. Your pieces would better serve Phyrexia elsewhere.\"\n—Azax-Azog, the Demon Thane", "foreignData": [], "frameVersion": "2003", "hasFoil": false, "hasNonFoil": true, "identifiers": {"cardKingdomId": "194440", "cardsphereId": "31395", "mcmId": "267015", "mcmMetaId": "202703", "mtgjsonV4Id": "90247997-be0a-51d0-b1f4-9abf3c8c26f6", "multiverseId": "382182", "scryfallId": "e48e2da3-8597-48c2-8287-f0264a7788c7", "scryfallIllustrationId": "e16dc6cf-82ef-4073-98bd-4d3f1f461c96", "scryfallOracleId": "fd74f8eb-0253-42dd-8277-186d4934da38", "tcgplayerProductId": "82753"}, "isReprint": true, "isStarter": true, "language": "English", "layout": "normal", "legalities": {"commander": "Legal", "duel": "Legal", "legacy": "Legal", "modern": "Legal", "oathbreaker": "Legal", "predh": "Legal", "vintage": "Legal"}, "manaCost": "{1}{B/P}{B/P}", "manaValue": 3.0, "name": "Dismember", "number": "25", "originalText": "({PB} can be paid with either {B} or 2 life.)\nTarget creature gets -5/-5 until end of turn.", "originalType": "Instant", "printings": ["F12", "MB1", "MD1", "MM2", "NPH", "PRM", "PW22", "SLD", "TSR"], "purchaseUrls": {"cardKingdom": "https://mtgjson.com/links/8e0423f5c884079e", "cardmarket": "https://mtgjson.com/links/a6a939aebfbf4b83", "tcgplayer": "https://mtgjson.com/links/59466be3528d479f"}, "rarity": "uncommon", "rulings": [{"date": "2011-06-01", "text": "A card with Phyrexian mana symbols in its mana cost is each color that appears in that mana cost, regardless of how that cost may have been paid."}, {"date": "2011-06-01", "text": "To calculate the mana value of a card with Phyrexian mana symbols in its cost, count each Phyrexian mana symbol as 1."}, {"date": "2011-06-01", "text": "As you cast a spell or activate an activated ability with one or more Phyrexian mana symbols in its cost, you choose how to pay for each Phyrexian mana symbol at the same time you would choose modes or choose a value for X."}, {"date": "2011-06-01", "text": "If you’re at 1 life or less, you can’t pay 2 life."}, {"date": "2011-06-01", "text": "Phyrexian mana is not a new color. Players can’t add Phyrexian mana to their mana pools."}], "setCode": "MD1", "subtypes": [], "supertypes": [], "text": "({B/P} can be paid with either {B} or 2 life.)\nTarget creature gets -5/-5 until end of turn.", "type": "Instant", "types": ["Instant"], "uuid": "db79fbc9-cccf-52f7-ac23-889fcdca6053", "watermark": "phyrexian"}, {"artist": "Peter Mohrbacher", "artistIds": ["c8f27311-46a5-4eaf-9b2e-d660ed1db649"], "availability": ["paper"], "borderColor": "black", "colorIdentity": [], "colors": [], "convertedManaCost": 0.0, "edhrecRank": 357, "edhrecSaltiness": 0.24, "finishes": ["nonfoil"], "flavorText": "Deserted, but not uninhabited.", "foreignData": [], "frameVersion": "2003", "hasFoil": false, "hasNonFoil": true, "identifiers": {"cardKingdomId": "194442", "cardsphereId": "31399", "mcmId": "267018", "mcmMetaId": "7587", "mtgjsonV4Id": "e29c8883-3df8-5e39-ab43-c038a4487df8", "multiverseId": "382185", "scryfallId": "ad9fd015-02b6-482b-a93d-c9489e18df10", "scryfallIllustrationId": "0b1b6a53-76d8-4823-bd99-caa81431d94d", "scryfallOracleId": "2ec4288e-34c6-4831-a2c0-ba1ca1d9d1dc", "tcgplayerProductId": "82755"}, "isReprint": true, "isStarter": true, "language": "English", "layout": "normal", "legalities": {"commander": "Legal", "duel": "Legal", "gladiator": "Legal", "historic": "Legal", "historicbrawl": "Legal", "legacy": "Legal", "modern": "Legal", "oathbreaker": "Legal", "penny": "Legal", "predh": "Legal", "vintage": "Legal"}, "manaValue": 0.0, "name": "Ghost Quarter", "number": "26", "originalText": "{T}: Add {1} to your mana pool.\n{T}, Sacrifice Ghost Quarter: Destroy target land. Its controller may search his or her library for a basic land card, put it onto the battlefield, then shuffle his or her library.", "originalType": "Land", "printings": ["C14", "C15", "CM2", "CMA", "DIS", "HA2", "ISD", "LTC", "MB1", "MD1", "SLD", "TD0"], "purchaseUrls": {"cardKingdom": "https://mtgjson.com/links/a0844fd0d383a910", "cardmarket": "https://mtgjson.com/links/159577166ec9b052", "tcgplayer": "https://mtgjson.com/links/90fce8a666883586"}, "rarity": "uncommon", "rulings": [{"date": "2006-05-01", "text": "If you target Ghost Quarter with its own ability, the ability won't resolve because its target is no longer on the battlefield. You won't get to search for a land card."}, {"date": "2011-09-22", "text": "If the targeted land is an illegal target by the time Ghost Quarter's ability resolves, it won't resolve and none of its effects will happen. The land's controller won't get to search for a basic land card."}, {"date": "2013-07-01", "text": "The target land's controller gets to search for a basic land card even if that land wasn't destroyed by Ghost Quarter's ability. This may happen because the land has indestructible or because it was regenerated."}], "setCode": "MD1", "subtypes": [], "supertypes": [], "text": "{T}: Add {C}.\n{T}, Sacrifice Ghost Quarter: Destroy target land. Its controller may search their library for a basic land card, put it onto the battlefield, then shuffle.", "type": "Land", "types": ["Land"], "uuid": "1c3ff909-11bf-5d76-b9b4-f8e73569afb0"}], "cardsphereSetId": 884, "code": "MD1", "decks": [{"cards": [{"count": 1, "finish": "nonfoil", "uuid": "3d98bba0-5cd7-5de1-800b-e2938a9b4652"}, {"count": 2, "finish": "nonfoil", "uuid": "21b7cb63-cff6-5aec-ab5a-c0ee93459586"}, {"count": 3, "finish": "nonfoil", "uuid": "4dd29eff-299f-5038-89c1-990a7b6ea809"}, {"count": 2, "finish": "nonfoil", "uuid": "2666f6db-28a4-5e3f-a1f9-3227db8ae919"}, {"count": 4, "finish": "nonfoil", "uuid": "fd791bea-05e9-5fa5-8cd7-89d21bfd7b86"}, {"count": 4, "finish": "nonfoil", "uuid": "571d87f2-c744-593b-b056-9045f03ac28d"}, {"count": 3, "finish": "nonfoil", "uuid": "58eb0d83-5f30-5b98-8c39-b907c454c112"}, {"count": 4, "finish": "nonfoil", "uuid": "132bd2aa-ba68-50de-8e90-ab34f81abc89"}, {"count": 3, "finish": "nonfoil", "uuid": "b7cb34c1-8c8d-5b4a-91be-45692aed2784"}, {"count": 2, "finish": "nonfoil", "uuid": "c6863389-b6fb-5b88-b4bc-9e0baec1e02a"}, {"count": 1, "finish": "nonfoil", "uuid": "24f9d474-71ca-574a-ad45-dd2c8386ea25"}, {"count": 3, "finish": "nonfoil", "uuid": "b7be4f06-24c9-5304-b2f1-cf21eee21fa1"}, {"count": 4, "finish": "nonfoil", "uuid": "3b674cc2-cc08-5c73-9e59-f682ffabf900"}, {"count": 4, "finish": "nonfoil", "uuid": "b2da86aa-cc34-55aa-9d10-79ac98d7e858"}, {"count": 2, "finish": "nonfoil", "uuid": "956430b5-d53e-5d91-b040-2578e6129602"}, {"count": 4, "finish": "nonfoil", "uuid": "1d64f733-8407-509b-9627-c2a3cdd5e9bf"}, {"count": 5, "finish": "nonfoil", "uuid": "a94a065b-cf75-585a-8d0f-dd71c86813c7"}, {"count": 4, "finish": "nonfoil", "uuid": "a9a2bbab-f766-596d-8176-08348d760243"}, {"count": 1, "finish": "nonfoil", "uuid": "efc1346a-54fe-5298-9afe-92550d84bf08"}, {"count": 4, "finish": "nonfoil", "uuid": "6e07434d-ef89-5d77-80c6-3299b1c99700"}], "name": "March of the Multitudes", "sealedProductUuids": null}], "isFoilOnly": false, "isNonFoilOnly": true, "isOnlineOnly": false, "keyruneCode": "MD1", "languages": ["English"], "mcmId": 1484, "mcmName": "Modern Event Deck 2014", "name": "Modern Event Deck 2014", "releaseDate": "2014-05-30", "sealedProduct": [{"cardCount": 75, "category": "box_set", "contents": {"deck": [{"name": "March of the Multitudes", "set": "md1"}]}, "identifiers": {"cardKingdomId": "194349", "tcgplayerProductId": "82198"}, "name": "Magic Modern Event Deck", "purchaseUrls": {"cardKingdom": "https://mtgjson.com/links/b588f51e4de34a75", "tcgplayer": "https://mtgjson.com/links/8d4854370712fad7"}, "uuid": "aacf7e27-f9e6-5f3b-a34c-8e518fe6b57c"}], "tcgplayerGroupId": 1346, "tokenSetCode": "TMD1", "tokens": [{"artist": "Goran Josic", "artistIds": ["522bfda2-454a-4a74-b717-42930040f73a"], "availability": ["paper"], "borderColor": "black", "colorIdentity": ["W"], "colors": ["W"], "finishes": ["nonfoil"], "frameVersion": "2003", "hasFoil": false, "hasNonFoil": true, "identifiers": {"mcmId": "267396", "mcmMetaId": "209904", "mtgjsonV4Id": "b69b9965-1fd5-543b-8a41-268210a95038", "scryfallId": "05e8f775-02bd-46dc-a618-07a9a127fa69", "scryfallIllustrationId": "8435b0da-d791-4a49-ad91-d12eec86dd53", "scryfallOracleId": "eac25f12-6459-438c-a09e-93e23d2cf80d", "tcgplayerProductId": "83377"}, "isReprint": true, "language": "English", "layout": "token", "name": "Soldier", "number": "1", "power": "1", "promoTypes": ["setpromo"], "relatedCards": {"reverseRelated": ["Phyrexian Warhorse", "Elspeth, Sun's Champion", "First Response", "Throne of Empires", "Deploy to the Front", "Baird, Argivian Recruiter", "Entrapment Maneuver", "Security Detail", "Undercellar Sweep", "Martial Coup", "Sergeant-at-Arms", "Launch the Fleet", "Benalish Commander", "Torsten, Founder of Benalia", "Precinct Captain", "Scout the Wilderness", "Murder Investigation", "Hero of Bladehold", "Captain's Call", "Basri Ket", "Keeper of the Accord", "Tura Kennerüd, Skyknight", "Prava of the Steel Legion", "Evangel of Heliod", "Company Commander", "Raise the Alarm", "Queen Allenal of Ruadach", "Elspeth Tirel", "Knight-Captain of Eos", "Keldon Strike Team", "Timely Reinforcements", "Decree of Justice", "Bant Sojourners", "Mobilization", "Veteran Soldier", "Even the Odds", "Protect the Negotiators", "You're Confronted by Robbers", "Lieutenants of the Guard", "Defiler of Faith", "Kjeldoran Outpost", "Akroan Horse", "Skyknight Vanguard", "Elspeth's Talent", "Stormfront Riders", "Captain of the Watch", "Lena, Selfless Champion", "Ancestral Blade", "Ironroot Warlord", "Attended Knight", "Alliance of Arms", "Heroic Reinforcements", "Argivian Cavalier", "Abdel Adrian, Gorion's Ward", "Historian's Boon", "Horn of Valhalla // Ysgard's Call", "Darien, King of Kjeldor", "Recruitment Drive", "Secure the Scene", "Recruit the Worthy", "King Darien XLVIII", "Resolute Reinforcements", "Elspeth, Knight-Errant", "Memorial to Glory"]}, "reverseRelated": ["Phyrexian Warhorse", "Elspeth, Sun's Champion", "First Response", "Throne of Empires", "Deploy to the Front", "Baird, Argivian Recruiter", "Entrapment Maneuver", "Security Detail", "Undercellar Sweep", "Martial Coup", "Sergeant-at-Arms", "Launch the Fleet", "Benalish Commander", "Torsten, Founder of Benalia", "Precinct Captain", "Scout the Wilderness", "Murder Investigation", "Hero of Bladehold", "Captain's Call", "Basri Ket", "Keeper of the Accord", "Tura Kennerüd, Skyknight", "Prava of the Steel Legion", "Evangel of Heliod", "Company Commander", "Raise the Alarm", "Queen Allenal of Ruadach", "Elspeth Tirel", "Knight-Captain of Eos", "Keldon Strike Team", "Timely Reinforcements", "Decree of Justice", "Bant Sojourners", "Mobilization", "Veteran Soldier", "Even the Odds", "Protect the Negotiators", "You're Confronted by Robbers", "Lieutenants of the Guard", "Defiler of Faith", "Kjeldoran Outpost", "Akroan Horse", "Skyknight Vanguard", "Elspeth's Talent", "Stormfront Riders", "Captain of the Watch", "Lena, Selfless Champion", "Ancestral Blade", "Ironroot Warlord", "Attended Knight", "Alliance of Arms", "Heroic Reinforcements", "Argivian Cavalier", "Abdel Adrian, Gorion's Ward", "Historian's Boon", "Horn of Valhalla // Ysgard's Call", "Darien, King of Kjeldor", "Recruitment Drive", "Secure the Scene", "Recruit the Worthy", "King Darien XLVIII", "Resolute Reinforcements", "Elspeth, Knight-Errant", "Memorial to Glory"], "setCode": "TMD1", "subtypes": ["Soldier"], "supertypes": [], "toughness": "1", "type": "Token Creature — Soldier", "types": ["Token", "Creature"], "uuid": "80b204b3-7059-5c9f-9e5e-f55cbe8b646a"}, {"artist": "Kev Walker", "artistIds": ["f366a0ee-a0cd-466d-ba6a-90058c7a31a6"], "availability": ["paper"], "borderColor": "black", "colorIdentity": ["W"], "colors": ["W"], "finishes": ["nonfoil"], "frameVersion": "2003", "hasFoil": false, "hasNonFoil": true, "identifiers": {"mtgjsonV4Id": "de24faeb-b621-5713-ba5a-c6bd302d5231", "scryfallId": "2e16c19f-ef44-4ebc-aa1d-f95646ae312b", "scryfallIllustrationId": "50d30d59-fc72-490a-b2db-04ffd0d0de5f", "scryfallOracleId": "dc4e2134-f0c2-49aa-9ea3-ebf83af1445c"}, "isReprint": true, "keywords": ["Flying"], "language": "English", "layout": "token", "name": "Spirit", "number": "2", "power": "1", "promoTypes": ["setpromo"], "relatedCards": {"reverseRelated": ["Funeral Pyre", "Haunted Dead", "Blessed Defiance", "Slayer's Plate", "Lingering Souls", "Staff of the Storyteller", "Gallows at Willow Hill", "Kaya the Inexorable", "Nearheath Chaplain", "Oath of the Grey Host", "Ethereal Investigator", "Whispering Wizard", "Spectral Procession", "Abzan Ascendancy", "Benevolent Offering", "King of the Oathbreakers", "Nurturing Presence", "Triplicate Spirits", "Afterlife", "Field of Souls", "Kirtar's Wrath", "Moorland Haunt", "Hallowed Spiritkeeper", "Requiem Angel", "Spectral Reserves", "Mausoleum Guard", "Occult Epiphany", "Hanged Executioner", "Millicent, Restless Revenant", "Kykar, Wind's Fury", "Priest of the Blessed Graf", "Thalisse, Reverent Medium", "Sanctifier of Souls", "Teysa, Orzhov Scion", "Avacyn's Collar", "Valor of the Worthy", "Brine Comber // Brinebound Gift", "Luminous Angel", "Seize the Soul", "Heron-Blessed Geist", "Doomed Traveler", "Midnight Haunting", "Drogskol Cavalry", "Spirit Cairn", "Bishop of Wings", "Twilight Drover", "Path of the Ghosthunter", "Shadow Summoning", "March of Souls", "Confront the Assault", "Vessel of Ephemera", "Dauntless Cathar", "Ranar the Ever-Watchful", "Custodi Soulbinders", "Alharu, Solemn Ritualist", "Clarion Spirit", "Kaya, Geist Hunter", "Not Forgotten", "Geist-Honored Monk", "Rousing of Souls", "Andúril, Flame of the West", "Haunted Library", "Elgaud Inquisitor", "Thalia's Geistcaller", "Emissary of the Sleepless", "Spirit Bonds", "Transluminant", "Court of Grace", "Sandsteppe Outcast"]}, "reverseRelated": ["Funeral Pyre", "Haunted Dead", "Blessed Defiance", "Slayer's Plate", "Lingering Souls", "Staff of the Storyteller", "Gallows at Willow Hill", "Kaya the Inexorable", "Nearheath Chaplain", "Oath of the Grey Host", "Ethereal Investigator", "Whispering Wizard", "Spectral Procession", "Abzan Ascendancy", "Benevolent Offering", "King of the Oathbreakers", "Nurturing Presence", "Triplicate Spirits", "Afterlife", "Field of Souls", "Kirtar's Wrath", "Moorland Haunt", "Hallowed Spiritkeeper", "Requiem Angel", "Spectral Reserves", "Mausoleum Guard", "Occult Epiphany", "Hanged Executioner", "Millicent, Restless Revenant", "Kykar, Wind's Fury", "Priest of the Blessed Graf", "Thalisse, Reverent Medium", "Sanctifier of Souls", "Teysa, Orzhov Scion", "Avacyn's Collar", "Valor of the Worthy", "Brine Comber // Brinebound Gift", "Luminous Angel", "Seize the Soul", "Heron-Blessed Geist", "Doomed Traveler", "Midnight Haunting", "Drogskol Cavalry", "Spirit Cairn", "Bishop of Wings", "Twilight Drover", "Path of the Ghosthunter", "Shadow Summoning", "March of Souls", "Confront the Assault", "Vessel of Ephemera", "Dauntless Cathar", "Ranar the Ever-Watchful", "Custodi Soulbinders", "Alharu, Solemn Ritualist", "Clarion Spirit", "Kaya, Geist Hunter", "Not Forgotten", "Geist-Honored Monk", "Rousing of Souls", "Andúril, Flame of the West", "Haunted Library", "Elgaud Inquisitor", "Thalia's Geistcaller", "Emissary of the Sleepless", "Spirit Bonds", "Transluminant", "Court of Grace", "Sandsteppe Outcast"], "setCode": "TMD1", "subtypes": ["Spirit"], "supertypes": [], "text": "Flying", "toughness": "1", "type": "Token Creature — Spirit", "types": ["Token", "Creature"], "uuid": "6c158ebb-95bb-597f-a039-c9534c6e078e"}, {"artist": "Matt Stewart", "artistIds": ["20871267-2d8a-41d5-b03a-be3d557c5734"], "availability": ["paper"], "borderColor": "black", "colorIdentity": [], "colors": [], "finishes": ["nonfoil"], "frameVersion": "2003", "hasFoil": false, "hasNonFoil": true, "identifiers": {"mcmId": "267394", "mcmMetaId": "209902", "mtgjsonV4Id": "e550e7b6-b67f-5534-b606-7bcd32f551c6", "scryfallId": "dfe197cf-6f36-424e-a544-cbe7a56f8a32", "scryfallIllustrationId": "28b69ea3-c8e3-4ba9-9c58-d6f78603b34d", "scryfallOracleId": "bf690282-125f-431c-a363-39f6772324c8", "tcgplayerProductId": "83376"}, "isReprint": true, "language": "English", "layout": "token", "name": "Myr", "number": "3", "power": "1", "promoTypes": ["setpromo"], "relatedCards": {"reverseRelated": ["Genesis Chamber", "Origin Spellbomb", "Myr Matrix", "Urtet, Remnant of Memnarch", "Mirrodin Besieged", "Myrsmith", "Myr Turbine", "Myr Battlesphere", "Myr Incubator", "Master's Call"]}, "reverseRelated": ["Genesis Chamber", "Origin Spellbomb", "Myr Matrix", "Urtet, Remnant of Memnarch", "Mirrodin Besieged", "Myrsmith", "Myr Turbine", "Myr Battlesphere", "Myr Incubator", "Master's Call"], "setCode": "TMD1", "subtypes": ["Myr"], "supertypes": [], "toughness": "1", "type": "Token Artifact Creature — Myr", "types": ["Token", "Artifact", "Creature"], "uuid": "7dba114e-b4ca-5481-a9bd-3c68ecbfc4ef"}, {"artist": "Volkan Baǵa", "artistIds": ["93bec3c0-0260-4d31-8064-5d01efb4153f"], "availability": ["paper"], "borderColor": "black", "colorIdentity": [], "colors": [], "finishes": ["nonfoil"], "frameVersion": "2003", "hasFoil": false, "hasNonFoil": true, "identifiers": {"mtgjsonV4Id": "61dd4b94-eb0f-56ed-bf57-383a72161efa", "scryfallId": "8360fc12-57c0-4701-8e19-0878ed5abb4f", "scryfallIllustrationId": "5da6e7ad-d754-4dc9-8910-b9f0f002fbd3", "scryfallOracleId": "17549447-6f19-4d87-8af1-58b6bb387003", "tcgplayerProductId": "83374"}, "isReprint": true, "language": "English", "layout": "emblem", "name": "Elspeth, Knight-Errant Emblem", "number": "4", "promoTypes": ["setpromo"], "relatedCards": {"reverseRelated": ["Elspeth, Knight-Errant"]}, "reverseRelated": ["Elspeth, Knight-Errant"], "setCode": "TMD1", "subtypes": ["Elspeth"], "supertypes": [], "text": "Artifacts, creatures, enchantments, and lands you control have indestructible.", "type": "Emblem — Elspeth", "types": ["Emblem"], "uuid": "dd047f74-e12b-5acb-b4da-5b3bbcf934ac"}], "totalSetSize": 26, "translations": {}, "type": "box"}}