{"meta": {"date": "2023-08-19", "version": "5.2.1+20230819"}, "data": {"baseSetSize": 0, "cards": [], "code": "MDMU", "isFoilOnly": false, "isOnlineOnly": false, "keyruneCode": "DMU", "languages": ["English"], "name": "Dominaria United Minigames", "parentCode": "DMU", "releaseDate": "2022-09-09", "tokenSetCode": "MDMU", "tokens": [{"availability": ["paper"], "borderColor": "black", "colorIdentity": [], "colors": [], "faceName": "Dominarioes", "finishes": ["nonfoil", "foil"], "frameVersion": "2015", "hasFoil": true, "hasNonFoil": true, "identifiers": {"mtgjsonV4Id": "efabd637-c9d5-5b42-a280-e8197aea771f", "scryfallId": "5aeff60c-b5a6-46d8-9b25-5274e7631da8", "scryfallOracleId": "46ef7e80-5e67-4e13-a145-afca70eec64b"}, "isReprint": true, "language": "English", "layout": "double_faced_token", "name": "Dominarioes // Dominarioes (cont'd)", "number": "1", "otherFaceIds": ["fc5590af-70b1-5d04-9694-24d69f087181"], "reverseRelated": [], "setCode": "MDMU", "side": "a", "subtypes": [], "supertypes": [], "text": "1 player | 1 pack | 5 minutes\nOBJECTIVE:\nIn ancient Dominaria, Urza and Serra would play *Dominarioes* to pass the time. Connect all cards in the *most condensed way possible.*\nGET READY:\nOpen a pack, remove all basic lands, ads, and tokens.\nLET'S PLAY:\nPlace a card face up to start the game. That card is now in play. Continue to place cards that connect to another card in play (see diagram on the back of this card).\nTO WIN:\nThe game ends when all cards that can be connected have been placed. Determine how many cards long and wide the board is, then add whichever number is higher to the number of unplaced cards to get your rank. 5 or lower is Planeswalker (the best!), 6 is Wizard, and 7+ is Goblin!", "type": "Card", "types": ["Card"], "uuid": "79bd11fc-6b45-5c94-91bc-15027d378a2e"}, {"availability": ["paper"], "borderColor": "black", "colorIdentity": [], "colors": [], "faceName": "Dominarioes (cont'd)", "finishes": ["nonfoil", "foil"], "frameVersion": "2015", "hasFoil": true, "hasNonFoil": true, "identifiers": {"mtgjsonV4Id": "d626e6df-55e3-5711-99e1-b136af0e501c", "scryfallId": "5aeff60c-b5a6-46d8-9b25-5274e7631da8", "scryfallOracleId": "46ef7e80-5e67-4e13-a145-afca70eec64b"}, "isReprint": true, "language": "English", "layout": "double_faced_token", "name": "Dominarioes // Dominarioes (cont'd)", "number": "1", "otherFaceIds": ["79bd11fc-6b45-5c94-91bc-15027d378a2e"], "reverseRelated": [], "setCode": "MDMU", "side": "b", "subtypes": [], "supertypes": [], "text": "Cards connect as follows:\nTOPS TO TOPS\nMatch the starting letter of any word in the name.\nRIGHTS TO RIGHTS\nMatch mana value (formerly CMC).\nLEFTS TO LEFTS\nMatch a card type.\nBOTTOMS TO BOTTOMS:\nMatch color.\nNote: matching lefts or rights will require rotating the card being placed 180°.", "type": "Card", "types": ["Card"], "uuid": "fc5590af-70b1-5d04-9694-24d69f087181"}, {"availability": ["paper"], "borderColor": "black", "colorIdentity": [], "colors": [], "faceName": "Mini-Master", "finishes": ["nonfoil", "foil"], "frameVersion": "2015", "hasFoil": true, "hasNonFoil": true, "identifiers": {"mtgjsonV4Id": "4b3c9102-79ee-57fb-a2ab-20f8236de0d9", "scryfallId": "279ee746-26b8-4a97-90da-8e5dbb5ccc22", "scryfallOracleId": "c556baae-77bc-4459-a925-5b94e92b336d"}, "isReprint": true, "language": "English", "layout": "double_faced_token", "name": "Mini-Master // Mini-Master (cont'd)", "number": "2", "otherFaceIds": ["9dc1df05-21b7-57c6-9581-7da260ae902f"], "reverseRelated": [], "setCode": "MDMU", "side": "a", "subtypes": [], "supertypes": [], "text": "2 players | 2 packs. 10 minutes | Basic Lands\nOBJECTIVE:\nPlay a quick game of Magic using only the cards in a single pack. You may also know this game as Pack Wars!\nGET READY:\nEach player opens a pack and sets aside any cards without Magic card backs, trying not to look at the rest of the cards. Then they add three of each basic land (Plains, Island, Swamp, Mountain, and Forest) to their ppack and shuffle. This becomes the player's deck.\nLET'S PLAY:\nRandomly determine who goes first, then play a game of Magic! There are many variants of Mini-Master. The following are modified rules you can add to your game:", "type": "Card", "types": ["Card"], "uuid": "94bf24e5-c774-5eaa-a433-56a02396c8b9"}, {"availability": ["paper"], "borderColor": "black", "colorIdentity": [], "colors": [], "faceName": "Mini-Master (cont'd)", "finishes": ["nonfoil", "foil"], "frameVersion": "2015", "hasFoil": true, "hasNonFoil": true, "identifiers": {"mtgjsonV4Id": "f02b3d35-804b-5402-9f3c-06ee6ef1e122", "scryfallId": "279ee746-26b8-4a97-90da-8e5dbb5ccc22", "scryfallOracleId": "c556baae-77bc-4459-a925-5b94e92b336d"}, "isReprint": true, "language": "English", "layout": "double_faced_token", "name": "Mini-Master // Mini-Master (cont'd)", "number": "2", "otherFaceIds": ["94bf24e5-c774-5eaa-a433-56a02396c8b9"], "reverseRelated": [], "setCode": "MDMU", "side": "b", "subtypes": [], "supertypes": [], "text": "If you have two or more copies of any basic land, you can tap other lands as though they were lands of that type. This can help you pay costs with lots of mana symbols in them.\nAfter the first game, add another pack to your deck, look at the contents, then cut cards until you have 30. Do this again for game three!\nNot feeling your deck? Replace the whole thing with a new pack between games!\nTO WIN:\nThe first player to win two games wins the match.", "type": "Card", "types": ["Card"], "uuid": "9dc1df05-21b7-57c6-9581-7da260ae902f"}, {"availability": ["paper"], "borderColor": "black", "colorIdentity": [], "colors": [], "faceName": "Telepathic Transmission", "finishes": ["nonfoil", "foil"], "frameVersion": "2015", "hasFoil": true, "hasNonFoil": true, "identifiers": {"mtgjsonV4Id": "52410d43-3bfb-5338-a9dd-0ee2e9639c05", "scryfallId": "5e7944f4-7bd0-47f4-ac45-ae656672cd29", "scryfallOracleId": "c29390f2-28ac-4d2f-8e33-bf2f9ae77aa2"}, "language": "English", "layout": "double_faced_token", "name": "Telepathic Transmission // Telepathic Transmission (cont'd)", "number": "3", "otherFaceIds": ["2c5f7aa7-d709-50a5-9136-f452910f4adb"], "reverseRelated": [], "setCode": "MDMU", "side": "a", "subtypes": [], "supertypes": [], "text": "2-4 players | 2 packs | 5 minutes\nOBJECTIVE:\nOrder your cards without communicating in this game that puts your telepathy to the test.\nGET READY:\nOpen two booster packs and remove all cards without _Magic_ backs. Shuffle the rest of the cards together and deal them out as evenly as possible to each player. One player then discards a land to begin a central discard pile.\nLET'S PLAY:\n**Lands** ➧ **Other Colorless Cards** ➧ {w} ➧ {u} ➧ {b} ➧ {r} ➧ {g}\nWithin each category, order cards by numerically ascending mana value.\nA card of the same color and cost can be played on another card of the same color and cost.", "type": "Card", "types": ["Card"], "uuid": "ec4521c5-baab-5274-a9d9-99806b680586"}, {"availability": ["paper"], "borderColor": "black", "colorIdentity": [], "colors": [], "faceName": "Telepathic Transmission (cont'd)", "finishes": ["nonfoil", "foil"], "frameVersion": "2015", "hasFoil": true, "hasNonFoil": true, "identifiers": {"mtgjsonV4Id": "17365637-7593-5254-86f8-f6d8497339cf", "scryfallId": "5e7944f4-7bd0-47f4-ac45-ae656672cd29", "scryfallOracleId": "c29390f2-28ac-4d2f-8e33-bf2f9ae77aa2"}, "language": "English", "layout": "double_faced_token", "name": "Telepathic Transmission // Telepathic Transmission (cont'd)", "number": "3", "otherFaceIds": ["ec4521c5-baab-5274-a9d9-99806b680586"], "reverseRelated": [], "setCode": "MDMU", "side": "b", "subtypes": [], "supertypes": [], "text": "A multicolored card counts as any one of its colors.\nThere is no turn order. If someone has a card to play in the above sequence, they may play it at any time.\nIf at any point a player notices the sequence has been broken by a card in their hand, they say \"restart\" and reveal the card that should have come next in the sequence. Restart the game by shuffling all cards together and dealing them out again. Use your knowledge of _Magic_ and the cards revealed between restarts to successfully complete the sequence.\nTO WIN:\nThe game is over when all cards have been discarded in the correct order. Keep track of the number of restarts—one or fewer is a victory!", "type": "Card", "types": ["Card"], "uuid": "2c5f7aa7-d709-50a5-9136-f452910f4adb"}], "totalSetSize": 0, "translations": {}, "type": "minigame"}}