{"meta": {"date": "2023-08-19", "version": "5.2.1+20230819"}, "data": {"baseSetSize": 0, "cards": [], "code": "MNEO", "isFoilOnly": false, "isOnlineOnly": false, "keyruneCode": "NEO", "languages": ["English"], "name": "Kamigawa: Neon Dynasty Minigames", "parentCode": "NEO", "releaseDate": "2022-02-18", "tokenSetCode": "MNEO", "tokens": [{"availability": ["paper"], "borderColor": "black", "colorIdentity": [], "colors": [], "faceName": "Booster Sleuth", "finishes": ["nonfoil", "foil"], "frameVersion": "2015", "hasFoil": true, "hasNonFoil": true, "identifiers": {"mtgjsonV4Id": "1d790142-2d65-5a51-acfe-e4cc3ceefce4", "scryfallId": "bdbc85f5-a5fc-4b30-b622-f2cbdecdb977", "scryfallOracleId": "17df4eab-fd77-49bf-bad4-018516931b3e"}, "isReprint": true, "language": "English", "layout": "double_faced_token", "name": "Booster Sleuth // Booster Sleuth (cont'd)", "number": "1", "otherFaceIds": ["7290f791-50a1-5ec2-b817-fb6656f73ed5"], "reverseRelated": [], "setCode": "MNEO", "side": "a", "subtypes": [], "supertypes": [], "text": "2 players | 2 packs | 10 minutes\nOBJECTIVE:\nUnlike Jace, not all of us can rely on telepathy to solve a mystery. Using other cards as clues, discover all the facts about your opponent's mystery card.\nGET READY:\nRandomly determine who goes first—that player is the Secretkeeper, and their opponent is the Detective. First, the Secretkeeper opens a pack and removes any lands and cards without Magic card backs. Next, they shuffle the remaining cards and pick one at random. That card is the mystery card. Finally, the Secretkeeper gives the Detective the rest of the cards, and the game begins.\nLET'S PLAY:\nThe Detective must correctly guess four facts", "type": "Card", "types": ["Card"], "uuid": "aff3038d-6921-5ad6-afa6-46afb304579a"}, {"availability": ["paper"], "borderColor": "black", "colorIdentity": [], "colors": [], "faceName": "Booster Sleuth (cont'd)", "finishes": ["nonfoil", "foil"], "frameVersion": "2015", "hasFoil": true, "hasNonFoil": true, "identifiers": {"mtgjsonV4Id": "8f40813d-2e69-5246-9fec-c67fe7e15142", "scryfallId": "bdbc85f5-a5fc-4b30-b622-f2cbdecdb977", "scryfallOracleId": "17df4eab-fd77-49bf-bad4-018516931b3e"}, "isReprint": true, "keywords": ["Convert"], "language": "English", "layout": "double_faced_token", "name": "Booster Sleuth // Booster Sleuth (cont'd)", "number": "1", "otherFaceIds": ["aff3038d-6921-5ad6-afa6-46afb304579a"], "reverseRelated": [], "setCode": "MNEO", "side": "b", "subtypes": [], "supertypes": [], "text": "about the mystery card: converted mana cost, color, card type, and the number of words in its name. To do this, they choose and reveal cards one at a time.\nWhen each card is revealed, the Secretkeeper tells the Detective how many of the four facts that card and the mystery card have in common. Then the Detective may either guess the four facts or reveal another card to get more clues.\nThe Detective gets only one guess, and they must guess all four facts correctly to win. Once the Detective has guessed, the round ends and the players switch roles with a new pack.\nTO WIN:\nDiscover all four facts using as few cards as possible. The Detective who guesses correctly using the fewest clue cards wins! If neither player guessed correctly, or if there is a tie, play another round!", "type": "Card", "types": ["Card"], "uuid": "7290f791-50a1-5ec2-b817-fb6656f73ed5"}, {"availability": ["paper"], "borderColor": "black", "colorIdentity": [], "colors": [], "faceName": "Winchester Draft", "finishes": ["nonfoil", "foil"], "frameVersion": "2015", "hasFoil": true, "hasNonFoil": true, "identifiers": {"mtgjsonV4Id": "31ccabb7-3679-58bd-8b63-fc45de9fe2e8", "scryfallId": "383b4d76-add4-4413-b0e2-465961a7fe72", "scryfallOracleId": "6b08f005-9c1e-48df-be9c-61bf52d7c51e"}, "isReprint": true, "language": "English", "layout": "double_faced_token", "name": "Winchester Draft // Winchester Draft (cont'd)", "number": "2", "otherFaceIds": ["309b381a-3108-58fe-8a45-7215afaeca81"], "reverseRelated": [], "setCode": "MNEO", "side": "a", "subtypes": [], "supertypes": [], "text": "2 players | 6 packs | 30 min | Basic Lands\nOBJECTIVE:\nGrab a friend and play some _Magic_ in this quick, casual 2-player Draft format.\nGET READY:\nOpen six packs, remove all basic lands, ads, and tokens, and then shuffle the remaining cards together into a *stack* without looking at them. Place the stack face down, and then take the top four cards of the stack and place each one face up to create the beginnings of *four separate piles.*\nRandomly determine who drafts first. The first player to draft chooses one of the four piles and adds it to their draft pool. Place a new card from the stack onto each pile, including the empty spot. Then it is the next player's turn to draft. They also draft an entire pile and", "type": "Card", "types": ["Card"], "uuid": "186ad5cb-423c-5fde-a130-ae4fc0d50206"}, {"availability": ["paper"], "borderColor": "black", "colorIdentity": [], "colors": [], "faceName": "Winchester Draft (cont'd)", "finishes": ["nonfoil", "foil"], "frameVersion": "2015", "hasFoil": true, "hasNonFoil": true, "identifiers": {"mtgjsonV4Id": "eeb24a90-05d5-5481-90b4-642ae6bad3cd", "scryfallId": "383b4d76-add4-4413-b0e2-465961a7fe72", "scryfallOracleId": "6b08f005-9c1e-48df-be9c-61bf52d7c51e"}, "isReprint": true, "language": "English", "layout": "double_faced_token", "name": "Winchester Draft // Winchester Draft (cont'd)", "number": "2", "otherFaceIds": ["186ad5cb-423c-5fde-a130-ae4fc0d50206"], "reverseRelated": [], "setCode": "MNEO", "side": "b", "subtypes": [], "supertypes": [], "text": "then add a new card to each pile.\nTake turns until all the cards have been drafted.\nWhen drafting is done, each player builds a 40-card deck from their draft pool, including additional basic lands added as necessary.\nLET'S PLAY:\nRandomly determine who goes first, then play a game of _Magic_!\nPlay a best-of-three match. Each player may sideboard using the rest of their drafted cards between games.\nTO WIN: The player who wins the best-of-three wins!", "type": "Card", "types": ["Card"], "uuid": "309b381a-3108-58fe-8a45-7215afaeca81"}, {"availability": ["paper"], "borderColor": "black", "colorIdentity": [], "colors": [], "faceName": "Cyber Simulacrum", "finishes": ["nonfoil", "foil"], "frameVersion": "2015", "hasFoil": true, "hasNonFoil": true, "identifiers": {"mtgjsonV4Id": "7a7bfaa4-ca21-529e-8313-1094e1814299", "scryfallId": "05dd5c36-40a8-4776-9766-aa56bb1783ef", "scryfallOracleId": "2c2ca6ae-9fd6-4bff-b9e2-801336c74c12"}, "language": "English", "layout": "double_faced_token", "name": "Cyber Simulacrum // Cyber Simulacrum (cont'd)", "number": "3", "otherFaceIds": ["53a1ae09-ce02-55b5-bd60-ca7e558e0d34"], "reverseRelated": [], "setCode": "MNEO", "side": "a", "subtypes": [], "supertypes": [], "text": "2-6 Players | 1 Pack | 10 Minutes\nOBJECTIVE:\nSometimes technology is useful, and sometimes it's downright confusing! Deduce the identity of your cards using only images from the internet.\nGET READY:\nOpen a booster pack and remove all ad, token, and art cards. Deal one card face down to each player, setting the rest aside. Each player secretly looks at their card, then searches its card name using an internet search engine. Navigate to the first three image results that are not of a Magic card or Magic art, then choose one of those images. If you're unsure if something depicts Magic art, use your best judgment.", "type": "Card", "types": ["Card"], "uuid": "a0a2572f-8411-54c4-8183-a9cb48a82c0a"}, {"availability": ["paper"], "borderColor": "black", "colorIdentity": [], "colors": [], "faceName": "Cyber Simulacrum (cont'd)", "finishes": ["nonfoil", "foil"], "frameVersion": "2015", "hasFoil": true, "hasNonFoil": true, "identifiers": {"mtgjsonV4Id": "fd728ee7-58e0-5c6c-9fcb-566d897f4fb2", "scryfallId": "05dd5c36-40a8-4776-9766-aa56bb1783ef", "scryfallOracleId": "2c2ca6ae-9fd6-4bff-b9e2-801336c74c12"}, "language": "English", "layout": "double_faced_token", "name": "Cyber Simulacrum // Cyber Simulacrum (cont'd)", "number": "3", "otherFaceIds": ["a0a2572f-8411-54c4-8183-a9cb48a82c0a"], "reverseRelated": [], "setCode": "MNEO", "side": "b", "subtypes": [], "supertypes": [], "text": "LET'S PLAY:\nOnce each player has selected an image, place the chosen cards back in with the unchosen cards. Then shuffle all the cards and display them in a face-up grid. Randomly determine a player to reveal their found image first. The other players work together to guess which card in the grid matches that image. Once their final choice is made, the player who chose the image takes that card and places it in front of them. Play continues with the next player revealing their image until all guesses have been made.\nTO WIN:\nAfter all guesses have been made, each player reveals the correct match for their image. If every card was correctly matched, everyone wins!", "type": "Card", "types": ["Card"], "uuid": "53a1ae09-ce02-55b5-bd60-ca7e558e0d34"}], "totalSetSize": 0, "translations": {}, "type": "minigame"}}