{"meta": {"date": "2023-08-19", "version": "5.2.1+20230819"}, "data": {"baseSetSize": 0, "cards": [], "code": "MONE", "isFoilOnly": false, "isOnlineOnly": false, "keyruneCode": "ONE", "languages": ["English"], "name": "Phyrexia: All Will Be One Minigames", "parentCode": "ONE", "releaseDate": "2023-02-03", "tokenSetCode": "MONE", "tokens": [{"availability": ["paper"], "borderColor": "black", "colorIdentity": [], "colors": [], "faceName": "Dominarioes", "finishes": ["nonfoil", "foil"], "frameVersion": "2015", "hasFoil": true, "hasNonFoil": true, "identifiers": {"mtgjsonV4Id": "db05aa19-3cdd-5133-a5f5-cefc4e11651d", "scryfallId": "4be5abc8-4a03-4e23-b1be-61a02b5c0a8e", "scryfallOracleId": "46ef7e80-5e67-4e13-a145-afca70eec64b"}, "isReprint": true, "language": "English", "layout": "double_faced_token", "name": "Dominarioes // Dominarioes (cont'd)", "number": "1", "otherFaceIds": ["9410b726-7e3b-5cf6-84e8-fa94c41a1930"], "reverseRelated": [], "setCode": "MONE", "side": "a", "subtypes": [], "supertypes": [], "text": "1 player | 1 pack | 5 minutes\nOBJECTIVE:\nIn ancient Dominaria, Urza and Serra would play *Dominarioes* to pass the time. Connect all cards in the *most condensed way possible.*\nGET READY:\nOpen a pack, remove all basic lands, ads, and tokens.\nLET'S PLAY:\nPlace a card face up to start the game. That card is now in play. Continue to place cards that connect to another card in play (see diagram on the back of this card).\nTO WIN:\nThe game ends when all cards that can be connected have been placed. Determine how many cards long and wide the board is, then add whichever number is higher to the number of unplaced cards to get your rank. 5 or lower is Planeswalker (the best!), 6 is Wizard, and 7+ is Goblin!", "type": "Card", "types": ["Card"], "uuid": "5e676710-d3b8-5724-a6ab-6a7398231da3"}, {"availability": ["paper"], "borderColor": "black", "colorIdentity": [], "colors": [], "faceName": "Dominarioes (cont'd)", "finishes": ["nonfoil", "foil"], "frameVersion": "2015", "hasFoil": true, "hasNonFoil": true, "identifiers": {"mtgjsonV4Id": "7afae290-c2ec-58f2-942b-efc9bf9b2d76", "scryfallId": "4be5abc8-4a03-4e23-b1be-61a02b5c0a8e", "scryfallOracleId": "46ef7e80-5e67-4e13-a145-afca70eec64b"}, "isReprint": true, "language": "English", "layout": "double_faced_token", "name": "Dominarioes // Dominarioes (cont'd)", "number": "1", "otherFaceIds": ["5e676710-d3b8-5724-a6ab-6a7398231da3"], "reverseRelated": [], "setCode": "MONE", "side": "b", "subtypes": [], "supertypes": [], "text": "Cards connect as follows:\nTOPS TO TOPS\nMatch the starting letter of any word in the name.\nRIGHTS TO RIGHTS\nMatch mana value (formerly CMC).\nLEFTS TO LEFTS\nMatch a card type.\nBOTTOMS TO BOTTOMS:\nMatch color.\nNote: matching lefts or rights will require rotating the card being placed 180°.", "type": "Card", "types": ["Card"], "uuid": "9410b726-7e3b-5cf6-84e8-fa94c41a1930"}, {"availability": ["paper"], "borderColor": "black", "colorIdentity": [], "colors": [], "faceName": "Winchester Draft", "finishes": ["nonfoil", "foil"], "frameVersion": "2015", "hasFoil": true, "hasNonFoil": true, "identifiers": {"mtgjsonV4Id": "ba0b0fa8-f90d-53d9-98bb-691ccfc4cbff", "scryfallId": "ff40c5f1-ef41-46af-848e-8a120ea6f4ef", "scryfallOracleId": "6b08f005-9c1e-48df-be9c-61bf52d7c51e"}, "isReprint": true, "language": "English", "layout": "double_faced_token", "name": "Winchester Draft // Winchester Draft (cont'd)", "number": "2", "otherFaceIds": ["52d1f2f0-3985-5b61-992e-77ad52514961"], "reverseRelated": [], "setCode": "MONE", "side": "a", "subtypes": [], "supertypes": [], "text": "2 players | 6 packs | 30 min | Basic Lands\nOBJECTIVE:\nGrab a friend and play some _Magic_ in this quick, casual 2-player Draft format.\nGET READY:\nOpen six packs, remove all basic lands, ads, and tokens, and then shuffle the remaining cards together into a *stack* without looking at them. Place the stack face down, and then take the top four cards of the stack and place each one face up to create the beginnings of *four separate piles.*\nRandomly determine who drafts first. The first player to draft chooses one of the four piles and adds it to their draft pool. Place a new card from the stack onto each pile, including the empty spot. Then it is the next player's turn to draft. They also draft an entire pile and", "type": "Card", "types": ["Card"], "uuid": "51a85e02-ec29-5414-9fc3-830784da3236"}, {"availability": ["paper"], "borderColor": "black", "colorIdentity": [], "colors": [], "faceName": "Winchester Draft (cont'd)", "finishes": ["nonfoil", "foil"], "frameVersion": "2015", "hasFoil": true, "hasNonFoil": true, "identifiers": {"mtgjsonV4Id": "519e6bce-4e66-5506-8f24-e64635105dfd", "scryfallId": "ff40c5f1-ef41-46af-848e-8a120ea6f4ef", "scryfallOracleId": "6b08f005-9c1e-48df-be9c-61bf52d7c51e"}, "isReprint": true, "language": "English", "layout": "double_faced_token", "name": "Winchester Draft // Winchester Draft (cont'd)", "number": "2", "otherFaceIds": ["51a85e02-ec29-5414-9fc3-830784da3236"], "reverseRelated": [], "setCode": "MONE", "side": "b", "subtypes": [], "supertypes": [], "text": "then add a new card to each pile.\nTake turns until all the cards have been drafted.\nWhen drafting is done, each player builds a 40-card deck from their draft pool, including additional basic lands added as necessary.\nLET'S PLAY:\nRandomly determine who goes first, then play a game of _Magic_!\nPlay a best-of-three match. Each player may sideboard using the rest of their drafted cards between games.\nTO WIN: The player who wins the best-of-three wins!", "type": "Card", "types": ["Card"], "uuid": "52d1f2f0-3985-5b61-992e-77ad52514961"}, {"availability": ["paper"], "borderColor": "black", "colorIdentity": [], "colors": [], "faceName": "Cyber Simulacrum", "finishes": ["nonfoil", "foil"], "frameVersion": "2015", "hasFoil": true, "hasNonFoil": true, "identifiers": {"mtgjsonV4Id": "eabd9dec-e77a-5ea4-a7e3-f08ad26b8e12", "scryfallId": "1bbcdd5d-e24c-4ab2-b366-9312adf9e972", "scryfallOracleId": "2c2ca6ae-9fd6-4bff-b9e2-801336c74c12"}, "isReprint": true, "language": "English", "layout": "double_faced_token", "name": "Cyber Simulacrum // Cyber Simulacrum (cont'd)", "number": "3", "otherFaceIds": ["7efe9337-42fb-533f-b41d-ae190a04dc0d"], "reverseRelated": [], "setCode": "MONE", "side": "a", "subtypes": [], "supertypes": [], "text": "2-6 Players | 1 Pack | 10 Minutes\nOBJECTIVE:\nSometimes technology is useful, and sometimes it's downright confusing! Deduce the identity of your cards using only images from the internet.\nGET READY:\nOpen a booster pack and remove all ad, token, and art cards. Deal one card face down to each player, setting the rest aside. Each player secretly looks at their card, then searches its card name using an internet search engine. Navigate to the first three image results that are not of a Magic card or Magic art, then choose one of those images. If you're unsure if something depicts Magic art, use your best judgment.", "type": "Card", "types": ["Card"], "uuid": "620125b7-8304-5987-89d4-fdf39eab43d0"}, {"availability": ["paper"], "borderColor": "black", "colorIdentity": [], "colors": [], "faceName": "Cyber Simulacrum (cont'd)", "finishes": ["nonfoil", "foil"], "frameVersion": "2015", "hasFoil": true, "hasNonFoil": true, "identifiers": {"mtgjsonV4Id": "a313f197-b2d4-567a-ba86-fcf3715c379f", "scryfallId": "1bbcdd5d-e24c-4ab2-b366-9312adf9e972", "scryfallOracleId": "2c2ca6ae-9fd6-4bff-b9e2-801336c74c12"}, "isReprint": true, "language": "English", "layout": "double_faced_token", "name": "Cyber Simulacrum // Cyber Simulacrum (cont'd)", "number": "3", "otherFaceIds": ["620125b7-8304-5987-89d4-fdf39eab43d0"], "reverseRelated": [], "setCode": "MONE", "side": "b", "subtypes": [], "supertypes": [], "text": "LET'S PLAY:\nOnce each player has selected an image, place the chosen cards back in with the unchosen cards. Then shuffle all the cards and display them in a face-up grid. Randomly determine a player to reveal their found image first. The other players work together to guess which card in the grid matches that image. Once their final choice is made, the player who chose the image takes that card and places it in front of them. Play continues with the next player revealing their image until all guesses have been made.\nTO WIN:\nAfter all guesses have been made, each player reveals the correct match for their image. If every card was correctly matched, everyone wins!", "type": "Card", "types": ["Card"], "uuid": "7efe9337-42fb-533f-b41d-ae190a04dc0d"}, {"availability": ["paper"], "borderColor": "black", "colorIdentity": [], "colors": [], "faceName": "Strictly Better", "finishes": ["nonfoil", "foil"], "frameVersion": "2015", "hasFoil": true, "hasNonFoil": true, "identifiers": {"mtgjsonV4Id": "35e0812e-345b-5d8b-acc2-96a7d85ca23a", "scryfallId": "2575442e-1422-4908-a40b-81e41a477e19", "scryfallOracleId": "b55f8716-b1b5-4c55-a425-abd0a10d892c"}, "isReprint": true, "language": "English", "layout": "double_faced_token", "name": "Strictly Better // Strictly Better (cont'd)", "number": "4", "otherFaceIds": ["b905cede-8913-5830-b565-e6e38eb907d0"], "reverseRelated": [], "setCode": "MONE", "side": "a", "subtypes": [], "supertypes": [], "text": "3-6 players | 3-6 packs | 15 minutes\nOBJECTIVE:\nSome cards are strong in Standard, others shine in Draft, but which card looks the tastiest? Take turns being the Judge and decide which Magic card is the best of the best in each wacky category.\nGET READY:\nRandomly determine who will be the first Judge. Each player then opens a pack, removes any cards without Magic backs, and looks at their cards.\nLET'S PLAY:\nThe Judge chooses a category from the list on the back of this card (either their favorite or at random). The other players each secretly submit a card from their pack that they think fits the category.\nWhen the Judge has collected all the cards, they reveal each card, read it aloud, then choose the winner.\nThe Judge role then passes to the next player, and they select a different category.", "type": "Card", "types": ["Card"], "uuid": "a574994f-50db-5869-8246-40714cab9ebc"}, {"availability": ["paper"], "borderColor": "black", "colorIdentity": [], "colors": [], "faceName": "Strictly Better (cont'd)", "finishes": ["nonfoil", "foil"], "frameVersion": "2015", "hasFoil": true, "hasNonFoil": true, "identifiers": {"mtgjsonV4Id": "d416c5f3-78d5-5008-8e44-91fefb461263", "scryfallId": "2575442e-1422-4908-a40b-81e41a477e19", "scryfallOracleId": "b55f8716-b1b5-4c55-a425-abd0a10d892c"}, "isReprint": true, "language": "English", "layout": "double_faced_token", "name": "Strictly Better // Strictly Better (cont'd)", "number": "4", "otherFaceIds": ["a574994f-50db-5869-8246-40714cab9ebc"], "reverseRelated": [], "setCode": "MONE", "side": "b", "subtypes": [], "supertypes": [], "text": "TO WIN:\nThe first player to win three categories is the winner!\nCATEGORIES:\n1. Best vacation spot\n2. First pick in Draft\n3. Grossest\n4. Cutest\n5. Shiniest\n6. Best rock band name\n7. Most likely to eat a hedron\n8. Best party leader\n9. Most inept\n10. Coolest treasure\n11. Most heroic\n12. Most likely to split the party\n13. Loudest\n14. The next Planeswalker\n15. The next fad diet\n16. Best mystery novel title\n17. Best birthday gift\n18. Best win condition\n19. Worst weather\n20. Worst way to die\n21. Best flavor text\n22. Best dinner date\n23. Most likely to steal your date\n24. Best dressed\n25. Tastiest\n26. Hottest\n27. Biggest\n28. Smallest\n29. Most dangerous job\n30. Dream job\n31. Most colorful\n32. Colossal Dreadmaw's dinner\n33. Last picked in dodgeball\n34. Best pet", "type": "Card", "types": ["Card"], "uuid": "b905cede-8913-5830-b565-e6e38eb907d0"}, {"availability": ["paper"], "borderColor": "black", "colorIdentity": [], "colors": [], "finishes": ["nonfoil", "foil"], "frameVersion": "2015", "hasFoil": true, "hasNonFoil": true, "identifiers": {"mtgjsonV4Id": "b3657884-efce-5f64-923c-12a2a5a45d4a", "scryfallId": "cb778688-af4c-4140-a17f-4faae0db83e2", "scryfallOracleId": "3adebcc7-fc91-4593-96da-f24d2e44a6f5"}, "isReprint": true, "language": "English", "layout": "token", "name": "Booster Blitz", "number": "5", "reverseRelated": [], "setCode": "MONE", "subtypes": [], "supertypes": [], "text": "2 players | 2 packs | 10 minutes\nOBJECTIVE:\nBest your opponent in a series of fast Magic games using only the cards in a single pack!\nGET READY:\nEach player opens a pack and makes four face-down piles of three cards each using the Magic cards inside. Players make their piles with the goal of winning a series of Magic games with these modified rules:\nPlayers start at 5 life, have infinite mana, and cannot lose by drawing from an empty library.\nLET'S PLAY:\nRandomly determine who goes first. Each player chooses which pile their opponent will use for each round. Then both players draw all three of their cards and play a game of Magic. When a player loses a game, they get to go first in the next game.\nTO WIN:\nThe first player to win two games wins the match.", "type": "Card", "types": ["Card"], "uuid": "53fd74f6-3ba2-5061-8f7b-6cf9b727dba9"}], "totalSetSize": 0, "translations": {}, "type": "minigame"}}