{"meta": {"date": "2023-08-19", "version": "5.2.1+20230819"}, "data": {"baseSetSize": 5, "cards": [], "code": "MZNR", "isFoilOnly": false, "isNonFoilOnly": true, "isOnlineOnly": false, "keyruneCode": "ZNR", "languages": ["English"], "name": "Zendikar Rising Minigames", "parentCode": "ZNR", "releaseDate": "2020-09-25", "tokenSetCode": "MZNR", "tokens": [{"availability": ["paper"], "borderColor": "black", "colorIdentity": [], "colors": [], "faceName": "Base Race", "finishes": ["nonfoil"], "frameVersion": "2015", "hasFoil": false, "hasNonFoil": true, "identifiers": {"mtgjsonV4Id": "54aaa910-8cfb-5925-9836-2c88d63a3c1d", "scryfallId": "89b9ded0-6ddf-4d3e-9442-53e647bad172", "scryfallOracleId": "66b895a0-92c8-4a6d-b001-8f39d99dfa1a"}, "language": "English", "layout": "double_faced_token", "name": "Base Race // Base Race (cont'd)", "number": "1", "otherFaceIds": ["de0d7a00-1e69-5d25-8635-e85f166f91a2"], "reverseRelated": [], "setCode": "MZNR", "side": "a", "subtypes": [], "supertypes": [], "text": "2 players | 3 packs | 10 minutes\nOBJECTIVE:\nCompetition among treasure hunters on Zendikar is fierce. Find your opponent's base camp before they find yours!\nGET READY:\nOpen three packs, give one basic land to each player, then remove any remaining land cards and any cards without Magic card backs. Shuffle the remaining cards together and deal 11 cards to each player.\nEach player then looks at their cards and arranges them face down in a 4x3 grid opposite their opponent. The completed play area should be 4x6 with no extra spaces. The first player to finish their grid goes first.\nLET'S PLAY:\nOn their turn, each player moves one of their cards one space either vertically or horizontally—not diagonally, and not onto a space occupied by another card they own.\nYou can use your turn to move a card safely onto an", "type": "Card", "types": ["Card"], "uuid": "657189c5-5e4b-5188-9d87-1650b0cea032"}, {"availability": ["paper"], "borderColor": "black", "colorIdentity": [], "colors": [], "faceName": "Base Race (cont'd)", "finishes": ["nonfoil"], "frameVersion": "2015", "hasFoil": false, "hasNonFoil": true, "identifiers": {"mtgjsonV4Id": "decf5f49-c91d-54d6-9a5d-c718a74fe89e", "scryfallId": "89b9ded0-6ddf-4d3e-9442-53e647bad172", "scryfallOracleId": "66b895a0-92c8-4a6d-b001-8f39d99dfa1a"}, "language": "English", "layout": "double_faced_token", "name": "Base Race // Base Race (cont'd)", "number": "1", "otherFaceIds": ["657189c5-5e4b-5188-9d87-1650b0cea032"], "reverseRelated": [], "setCode": "MZNR", "side": "b", "subtypes": [], "supertypes": [], "text": "empty space. Moving a card onto a space occupied by an opponent's card starts a battle! Reveal both cards and do the following for each card type:\nIf both revealed cards are Creatures/Artifact Creatures, the card with the higher toughness wins and remains face up; the loser is discarded. If they tie, the attacker wins.\nLegendary Creatures/Planeswalkers always win against nonlegendary creatures. When they battle each other, the higher toughness or loyalty wins. If they tie, the attacker wins.\nIf either of the revealed cards is an Instant/Sorcery/Enchantment, discard both revealed cards. (Other effects still happen.)\nIf one of the revealed cards is an Artifact, the player who owns it discards it and takes an extra turn. If both revealed cards are Artifacts, only the attacker gets the extra turn.\nTO WIN:\nWhen a Land is revealed in battle, its owner loses the game. When one Land attacks another, the attacking land wins the game.", "type": "Card", "types": ["Card"], "uuid": "de0d7a00-1e69-5d25-8635-e85f166f91a2"}, {"availability": ["paper"], "borderColor": "black", "colorIdentity": [], "colors": [], "finishes": ["nonfoil"], "frameVersion": "2015", "hasFoil": false, "hasNonFoil": true, "identifiers": {"mtgjsonV4Id": "2e29a786-381a-5c67-a651-3dd21fea1736", "scryfallId": "52140a7d-853a-4a32-a0fb-18c4a6bf48a7", "scryfallOracleId": "3adebcc7-fc91-4593-96da-f24d2e44a6f5"}, "language": "English", "layout": "token", "name": "Booster Blitz", "number": "2", "reverseRelated": [], "setCode": "MZNR", "subtypes": [], "supertypes": [], "text": "2 players | 2 packs | 10 minutes\nOBJECTIVE:\nBest your opponent in a series of fast Magic games using only the cards in a single pack!\nGET READY:\nEach player opens a pack and makes four face-down piles of three cards each using the Magic cards inside. Players make their piles with the goal of winning a series of Magic games with these modified rules:\nPlayers start at 5 life, have infinite mana, and cannot lose by drawing from an empty library.\nLET'S PLAY:\nRandomly determine who goes first. Each player chooses which pile their opponent will use for each round. Then both players draw all three of their cards and play a game of Magic. When a player loses a game, they get to go first in the next game.\nTO WIN:\nThe first player to win two games wins the match.", "type": "Card", "types": ["Card"], "uuid": "c3692c81-61ab-5ab1-a5b2-154d139fbdf6"}, {"availability": ["paper"], "borderColor": "black", "colorIdentity": [], "colors": [], "faceName": "Booster Sleuth", "finishes": ["nonfoil"], "frameVersion": "2015", "hasFoil": false, "hasNonFoil": true, "identifiers": {"mtgjsonV4Id": "f9db6278-c630-52f3-be1f-ea0743058e12", "scryfallId": "44b0da54-3c2e-42d9-b46b-a67bb7fd10fe", "scryfallOracleId": "17df4eab-fd77-49bf-bad4-018516931b3e"}, "language": "English", "layout": "double_faced_token", "name": "Booster Sleuth // Booster Sleuth (cont'd)", "number": "3", "otherFaceIds": ["aee5e35d-fc06-569f-ad97-15bdf70a202e"], "reverseRelated": [], "setCode": "MZNR", "side": "a", "subtypes": [], "supertypes": [], "text": "2 players | 2 packs | 10 minutes\nOBJECTIVE:\nUnlike Jace, not all of us can rely on telepathy to solve a mystery. Using other cards as clues, discover all the facts about your opponent's mystery card.\nGET READY:\nRandomly determine who goes first—that player is the Secretkeeper, and their opponent is the Detective. First, the Secretkeeper opens a pack and removes any lands and cards without Magic card backs. Next, they shuffle the remaining cards and pick one at random. That card is the mystery card. Finally, the Secretkeeper gives the Detective the rest of the cards, and the game begins.\nLET'S PLAY:\nThe Detective must correctly guess four facts", "type": "Card", "types": ["Card"], "uuid": "25422cdd-7982-5d6c-b861-1a85c58dcd26"}, {"availability": ["paper"], "borderColor": "black", "colorIdentity": [], "colors": [], "faceName": "Booster Sleuth (cont'd)", "finishes": ["nonfoil"], "frameVersion": "2015", "hasFoil": false, "hasNonFoil": true, "identifiers": {"mtgjsonV4Id": "fb50cf3f-f76b-539f-857b-6761f662f2bd", "scryfallId": "44b0da54-3c2e-42d9-b46b-a67bb7fd10fe", "scryfallOracleId": "17df4eab-fd77-49bf-bad4-018516931b3e"}, "keywords": ["Convert"], "language": "English", "layout": "double_faced_token", "name": "Booster Sleuth // Booster Sleuth (cont'd)", "number": "3", "otherFaceIds": ["25422cdd-7982-5d6c-b861-1a85c58dcd26"], "reverseRelated": [], "setCode": "MZNR", "side": "b", "subtypes": [], "supertypes": [], "text": "about the mystery card: converted mana cost, color, card type, and the number of words in its name. To do this, they choose and reveal cards one at a time.\nWhen each card is revealed, the Secretkeeper tells the Detective how many of the four facts that card and the mystery card have in common. Then the Detective may either guess the four facts or reveal another card to get more clues.\nThe Detective gets only one guess, and they must guess all four facts correctly to win. Once the Detective has guessed, the round ends and the players switch roles with a new pack.\nTO WIN:\nDiscover all four facts using as few cards as possible. The Detective who guesses correctly using the fewest clue cards wins! If neither player guessed correctly, or if there is a tie, play another round!", "type": "Card", "types": ["Card"], "uuid": "aee5e35d-fc06-569f-ad97-15bdf70a202e"}, {"availability": ["paper"], "borderColor": "black", "colorIdentity": [], "colors": [], "faceName": "Roil Royale", "finishes": ["nonfoil"], "frameVersion": "2015", "hasFoil": false, "hasNonFoil": true, "identifiers": {"mtgjsonV4Id": "7132e62f-7b1d-5031-805c-8f1e7228ffc3", "scryfallId": "1f69159e-46cc-4399-8efe-3f94a5368e86", "scryfallOracleId": "942d1983-419e-4134-947e-d8e4e0b2d296"}, "language": "English", "layout": "double_faced_token", "name": "Roil Royale // Roil Royale (cont'd)", "number": "4", "otherFaceIds": ["6a61fdff-54ac-57d0-9741-635e91a770e7"], "reverseRelated": [], "setCode": "MZNR", "side": "a", "subtypes": [], "supertypes": [], "text": "2-6 players | 1 pack | 5 minutes\nOBJECTIVE:\nAncient Kor ruins are being discovered across Zendikar! Be the first player to locate the ruins while avoiding the wrath of the Roil!\nGET READY:\nOpen a pack and remove any cards without Magic card backs, then place all the cards face down on the table and randomize them. Whoever went camping most recently goes first.\nLET'S PLAY:\nPlayers take turns revealing one of the cards on the table. Each card has unique properties that may help the player on their way to the ruins:\nCommons are campsites. Once revealed, they are discarded.\nUncommons, rares, and mythics are guides.", "type": "Card", "types": ["Card"], "uuid": "69f70c10-770e-5c44-960a-1b25d411f0dc"}, {"availability": ["paper"], "borderColor": "black", "colorIdentity": [], "colors": [], "faceName": "Roil Royale (cont'd)", "finishes": ["nonfoil"], "frameVersion": "2015", "hasFoil": false, "hasNonFoil": true, "identifiers": {"mtgjsonV4Id": "e71e0499-9a94-5a2a-8f50-07a9a20f894a", "scryfallId": "1f69159e-46cc-4399-8efe-3f94a5368e86", "scryfallOracleId": "942d1983-419e-4134-947e-d8e4e0b2d296"}, "language": "English", "layout": "double_faced_token", "name": "Roil Royale // Roil Royale (cont'd)", "number": "4", "otherFaceIds": ["69f70c10-770e-5c44-960a-1b25d411f0dc"], "reverseRelated": [], "setCode": "MZNR", "side": "b", "subtypes": [], "supertypes": [], "text": "When a player reveals a guide, they keep that card.\nFoils are maps. When a player reveals a map, they keep that card. Players can use maps to peek at one of the cards on the table before choosing a card to reveal. The map is then put back onto the table face down, the cards are randomized, and play continues. (Foil uncommons, rares, and mythics can be used as either a map or a guide!)\nThe basic land is the location of the ruins. When a player reveals the land, if they have no guides, they are killed by the Roil and eliminated from the game. If that player has one guide, they survive. In either case, the ruins (and the guide) are put back onto the table face down, the cards are randomized, and play continues.\nTO WIN:\nThe first player to collect two guides and find the ruins—or the last player standing—wins!", "type": "Card", "types": ["Card"], "uuid": "6a61fdff-54ac-57d0-9741-635e91a770e7"}, {"availability": ["paper"], "borderColor": "black", "colorIdentity": [], "colors": [], "faceName": "Strictly Better", "finishes": ["nonfoil"], "frameVersion": "2015", "hasFoil": false, "hasNonFoil": true, "identifiers": {"mtgjsonV4Id": "5e4ed840-7dbc-5b14-9aac-511678842c17", "scryfallId": "ef8d4393-0ded-41c2-a6b5-b01d994b32a2", "scryfallOracleId": "b55f8716-b1b5-4c55-a425-abd0a10d892c"}, "language": "English", "layout": "double_faced_token", "name": "Strictly Better // Strictly Better (cont'd)", "number": "5", "otherFaceIds": ["7dd59897-094c-5da9-b878-f4ebb05626aa"], "reverseRelated": [], "setCode": "MZNR", "side": "a", "subtypes": [], "supertypes": [], "text": "3-6 players | 3-6 packs | 15 minutes\nOBJECTIVE:\nSome cards are strong in Standard, others shine in Draft, but which card looks the tastiest? Take turns being the Judge and decide which Magic card is the best of the best in each wacky category.\nGET READY:\nRandomly determine who will be the first Judge. Each player then opens a pack, removes any cards without Magic backs, and looks at their cards.\nLET'S PLAY:\nThe Judge chooses a category from the list on the back of this card (either their favorite or at random). The other players each secretly submit a card from their pack that they think fits the category.\nWhen the Judge has collected all the cards, they reveal each card, read it aloud, then choose the winner.\nThe Judge role then passes to the next player, and they select a different category.", "type": "Card", "types": ["Card"], "uuid": "d597ba65-c01f-5c97-857d-91f31d547ef1"}, {"availability": ["paper"], "borderColor": "black", "colorIdentity": [], "colors": [], "faceName": "Strictly Better (cont'd)", "finishes": ["nonfoil"], "frameVersion": "2015", "hasFoil": false, "hasNonFoil": true, "identifiers": {"mtgjsonV4Id": "20782e14-8ade-53ec-bce5-359df21eb510", "scryfallId": "ef8d4393-0ded-41c2-a6b5-b01d994b32a2", "scryfallOracleId": "b55f8716-b1b5-4c55-a425-abd0a10d892c"}, "language": "English", "layout": "double_faced_token", "name": "Strictly Better // Strictly Better (cont'd)", "number": "5", "otherFaceIds": ["d597ba65-c01f-5c97-857d-91f31d547ef1"], "reverseRelated": [], "setCode": "MZNR", "side": "b", "subtypes": [], "supertypes": [], "text": "TO WIN:\nThe first player to win three categories is the winner!\nCATEGORIES:\n1. Best vacation spot\n2. First pick in Draft\n3. Grossest\n4. Cutest\n5. Shiniest\n6. Best rock band name\n7. Most likely to eat a hedron\n8. Best party leader\n9. Most inept\n10. Coolest treasure\n11. Most heroic\n12. Most likely to split the party\n13. Loudest\n14. The next Planeswalker\n15. The next fad diet\n16. Best mystery novel title\n17. Best birthday gift\n18. Best win condition\n19. Worst weather\n20. Worst way to die\n21. Best flavor text\n22. Best dinner date\n23. Most likely to steal your date\n24. Best dressed\n25. Tastiest\n26. Hottest\n27. Biggest\n28. Smallest\n29. Most dangerous job\n30. Dream job\n31. Most colorful\n32. Colossal Dreadmaw's dinner\n33. Last picked in dodgeball\n34. Best pet", "type": "Card", "types": ["Card"], "uuid": "7dd59897-094c-5da9-b878-f4ebb05626aa"}], "totalSetSize": 0, "translations": {}, "type": "minigame"}}