{"meta": {"date": "2023-08-19", "version": "5.2.1+20230819"}, "data": {"baseSetSize": 10, "cards": [{"artist": "Mark Tedin", "artistIds": ["9ee9a9cc-c09e-486f-918b-69f80cbc4188"], "availability": ["paper"], "borderColor": "black", "colorIdentity": [], "colors": [], "convertedManaCost": 2.0, "finishes": ["nonfoil"], "foreignData": [], "frameVersion": "1997", "hasFoil": false, "hasNonFoil": true, "identifiers": {"mtgjsonV4Id": "955a8cfe-c705-5cd4-99b5-23bfcb3222a8", "scryfallId": "74319066-c386-4284-bf81-af2dcd70f493", "scryfallIllustrationId": "42f959e6-2b79-41a2-aaef-a28b25aa961f", "scryfallOracleId": "edb455f4-8dc9-4b7c-b25c-cb51b7dfbb41"}, "isOversized": true, "isReprint": true, "isReserved": true, "isStarter": true, "language": "English", "layout": "normal", "legalities": {}, "manaCost": "{2}", "manaValue": 2.0, "name": "Chaos Orb", "number": "1", "printings": ["2ED", "30A", "CED", "CEI", "LEA", "LEB", "O90P"], "purchaseUrls": {}, "rarity": "rare", "rulings": [{"date": "2004-10-04", "text": "You can arrange your cards any time before the Orb is put onto the battlefield, but not after. In general, you should not stack cards or put them in places where your opponent can’t read the names of all of them or count them. This is recommended good gaming practice."}, {"date": "2004-10-04", "text": "It must flip 360 degrees (that’s what “flip” means). And this flip must be in the air and not in your hand."}, {"date": "2004-10-04", "text": "Chaos Orb can only affect permanents. Cards that are in the game but not on the battlefield, such as those in the Library and Graveyard, can’t be affected."}, {"date": "2004-10-04", "text": "If you have sleeves on cards, they count as the cards."}, {"date": "2004-10-04", "text": "You can’t interfere in any physical way with activating this ability."}, {"date": "2004-10-04", "text": "This is a not a targeted ability."}, {"date": "2019-01-27", "text": "If you are playing Chaos Orb in the Old School format, the card's text is “{1}, {T}: Choose a nontoken permanent on the battlefield. If Chaos Orb is on the battlefield, flip Chaos Orb onto the battlefield from a height of at least one foot. If Chaos Orb turns over completely at least once during the flip, and lands resting on the chosen permanent, destroy that permanent. Then destroy Chaos Orb.”"}], "setCode": "O90P", "subtypes": [], "supertypes": [], "text": "{1}, {T}: If Chaos Orb is on the battlefield, flip Chaos Orb onto the battlefield from a height of at least one foot. If Chaos Orb turns over completely at least once during the flip, destroy all nontoken permanents it touches. Then destroy Chaos Orb.", "type": "Artifact", "types": ["Artifact"], "uuid": "658e7d13-0a1a-551a-9d54-cb010a8de457"}, {"artist": "Christopher Rush", "artistIds": ["c96773f0-346c-4f7d-9271-2d98cc5d86e1"], "availability": ["paper"], "borderColor": "black", "colorIdentity": [], "colors": [], "convertedManaCost": 0.0, "finishes": ["nonfoil"], "foreignData": [], "frameVersion": "1997", "hasFoil": false, "hasNonFoil": true, "identifiers": {"mtgjsonV4Id": "1ee2cfe8-ed38-5095-a51c-9212be5dfe03", "scryfallId": "a56075c1-019b-4cff-be0b-10037e8f2afb", "scryfallIllustrationId": "54436824-977b-4dc7-8de1-8498e73e5ef2", "scryfallOracleId": "5089ec1a-f881-4d55-af14-5d996171203b"}, "isOversized": true, "isReprint": true, "isReserved": true, "isStarter": true, "language": "English", "layout": "normal", "legalities": {}, "manaCost": "{0}", "manaValue": 0.0, "name": "Black Lotus", "number": "2", "originalReleaseDate": "1996-07-01", "printings": ["2ED", "30A", "CED", "CEI", "LEA", "LEB", "O90P", "OVNT", "PRM", "VMA", "YDMU"], "purchaseUrls": {}, "rarity": "rare", "setCode": "O90P", "subtypes": [], "supertypes": [], "text": "{T}, Sacrifice Black Lotus: Add three mana of any one color.", "type": "Artifact", "types": ["Artifact"], "uuid": "f6f2503b-5672-535b-b191-03917f3fd84f"}, {"artist": "Mark Tedin", "artistIds": ["9ee9a9cc-c09e-486f-918b-69f80cbc4188"], "asciiName": "Juzam Djinn", "availability": ["paper"], "borderColor": "black", "colorIdentity": ["B"], "colors": ["B"], "convertedManaCost": 4.0, "edhrecRank": 21342, "finishes": ["nonfoil"], "flavorText": "\"Expect my visit when the darkness comes. The night I think is best for hiding all.\" —Ouallada", "foreignData": [], "frameVersion": "1997", "hasFoil": false, "hasNonFoil": true, "identifiers": {"mtgjsonV4Id": "05f88b91-aacd-5533-8bf2-3cc02e868ebb", "scryfallId": "4f2517e1-7b11-4bcb-816a-bc39001b325f", "scryfallIllustrationId": "57454837-9b65-4079-88d8-659e7a3284e3", "scryfallOracleId": "4e81596c-9225-43d1-bd35-798212144f2c"}, "isOversized": true, "isReprint": true, "isReserved": true, "isStarter": true, "language": "English", "layout": "normal", "legalities": {}, "manaCost": "{2}{B}{B}", "manaValue": 4.0, "name": "Juzám Djinn", "number": "3", "originalReleaseDate": "1996-09-01", "power": "5", "printings": ["ARN", "ME1", "O90P"], "purchaseUrls": {}, "rarity": "rare", "setCode": "O90P", "subtypes": ["Djinn"], "supertypes": [], "text": "At the beginning of your upkeep, Juzám Djinn deals 1 damage to you.", "toughness": "5", "type": "Creature — Djinn", "types": ["Creature"], "uuid": "80b2b137-916e-54af-a041-3b50c8456cd4"}, {"artist": "Dan Frazier", "artistIds": ["059bba56-5feb-42e4-8c2e-e2f1e6ba11f9"], "availability": ["paper"], "borderColor": "black", "colorIdentity": [], "colors": [], "convertedManaCost": 4.0, "edhrecRank": 10856, "edhrecSaltiness": 0.2, "finishes": ["nonfoil"], "flavorText": "\"Know your foes' strengths as well as their weaknesses.\"\n—Arcum Dagsson, Soldevi Machinist", "foreignData": [], "frameVersion": "1997", "hasFoil": false, "hasNonFoil": true, "identifiers": {"mtgjsonV4Id": "cde59e17-4313-5c8e-bc23-98955b155535", "scryfallId": "b54e62ff-f5b1-455b-be21-18e7a9b30514", "scryfallIllustrationId": "0d9eddee-aa05-4ba1-a09f-30c83f8ff631", "scryfallOracleId": "8783a94a-d0b2-4291-a550-dbcf8e16bf4b"}, "isOversized": true, "isReprint": true, "isStarter": true, "language": "English", "layout": "normal", "legalities": {}, "manaCost": "{4}", "manaValue": 4.0, "name": "Jester's Cap", "number": "4", "originalReleaseDate": "1997-08-01", "printings": ["5ED", "9ED", "DMR", "ICE", "O90P", "PTC", "V10"], "purchaseUrls": {}, "rarity": "rare", "setCode": "O90P", "subtypes": [], "supertypes": [], "text": "{2}, {T}, Sacrifice Jester's Cap: Search target player's library for three cards and exile them. Then that player shuffles.", "type": "Artifact", "types": ["Artifact"], "uuid": "5575f3e1-2caa-5b11-9218-29c767cd6e77"}, {"artist": "Melissa A. Benson", "artistIds": ["9ade7727-1436-4828-9a1d-487c3d2ad1d9"], "availability": ["paper"], "borderColor": "black", "colorIdentity": ["R"], "colors": ["R"], "convertedManaCost": 6.0, "edhrecRank": 8882, "edhrecSaltiness": 0.25, "finishes": ["nonfoil"], "flavorText": "While it's true most dragons are cruel, the Shivan dragon seems to take particular glee in the misery of others, often tormenting its victims much like a cat plays with a mouse before delivering the final blow.", "foreignData": [], "frameVersion": "1997", "hasFoil": false, "hasNonFoil": true, "identifiers": {"mtgjsonV4Id": "f44913c9-9be5-5e85-93d6-e972e169267c", "scryfallId": "03355ba4-2d93-4dcc-951d-34a4c823e40e", "scryfallIllustrationId": "d326c884-fed0-4b92-bd88-fd4989597c20", "scryfallOracleId": "711eea87-0fa3-46e0-a42b-fa5a86455f04"}, "isOversized": true, "isReprint": true, "isStarter": true, "keywords": ["Flying"], "language": "English", "layout": "normal", "legalities": {}, "manaCost": "{4}{R}{R}", "manaValue": 6.0, "name": "Shivan Dragon", "number": "5", "originalReleaseDate": "1998-01-01", "power": "5", "printings": ["10E", "2ED", "30A", "3ED", "4BB", "4ED", "5ED", "7ED", "8ED", "9ED", "BTD", "CED", "CEI", "DMR", "DPA", "DRB", "FBB", "GN3", "J21", "LEA", "LEB", "M10", "M14", "M15", "M19", "M20", "ME4", "O90P", "ORI", "P30H", "P30T", "P9ED", "PMEI", "PRM", "PS11", "SLC", "SLD", "SUM", "W16", "W17"], "purchaseUrls": {}, "rarity": "rare", "setCode": "O90P", "subtypes": ["Dragon"], "supertypes": [], "text": "Flying (This creature can't be blocked except by creatures with flying or reach.)\n{R}: Shivan Dragon gets +1/+0 until end of turn.", "toughness": "5", "type": "Creature — Dragon", "types": ["Creature"], "uuid": "8e765f06-8ebe-5f9c-be91-efd03898a787"}, {"artist": "Anson Maddocks", "artistIds": ["634430a7-b5c3-4e4a-b2ac-164e084e47c9"], "availability": ["paper"], "borderColor": "black", "colorIdentity": ["R"], "colors": ["R"], "convertedManaCost": 3.0, "edhrecRank": 21913, "finishes": ["nonfoil"], "flavorText": "The Minotaurs of the Hurloon Mountains are known for their love of battle. They are also known for their hymns to the dead, sung for friend and foe alike. These hymns can last for days, filling the mountain valleys with their low, haunting sounds.", "foreignData": [], "frameVersion": "1997", "hasFoil": false, "hasNonFoil": true, "identifiers": {"mtgjsonV4Id": "0ea1b964-fd7e-5059-9738-84610f8ecf06", "scryfallId": "600c9769-ebcb-4548-b6b0-449916df6679", "scryfallIllustrationId": "cee8dd93-842d-49b5-92bf-2fe07ef7c710", "scryfallOracleId": "8f1dae40-b307-446e-bbd2-86aa35813871"}, "isOversized": true, "isReprint": true, "isStarter": true, "language": "English", "layout": "normal", "legalities": {}, "manaCost": "{1}{R}{R}", "manaValue": 3.0, "name": "Hurloon Minotaur", "number": "6", "originalReleaseDate": "1995-08-01", "power": "2", "printings": ["2ED", "30A", "3ED", "4BB", "4ED", "5ED", "ANB", "CED", "CEI", "FBB", "LEA", "LEB", "ME3", "O90P", "SUM"], "purchaseUrls": {}, "rarity": "rare", "setCode": "O90P", "subtypes": ["Minotaur"], "supertypes": [], "toughness": "3", "type": "Creature — Minotaur", "types": ["Creature"], "uuid": "67a43432-2af3-5b4b-a392-9e1505e683ac"}, {"artist": "Douglas Shuler", "artistIds": ["a9ddb513-51c7-455c-ab8f-5b90aae9f75b"], "availability": ["paper"], "borderColor": "black", "colorIdentity": ["W"], "colors": ["W"], "convertedManaCost": 5.0, "edhrecRank": 8881, "finishes": ["nonfoil"], "flavorText": "Born with wings of light and a sword of faith, this heavenly incarnation embodies both fury and purity.", "foreignData": [], "frameVersion": "1997", "hasFoil": false, "hasNonFoil": true, "identifiers": {"mtgjsonV4Id": "87859663-7e81-523f-b413-17176e505824", "scryfallId": "4cc5d1b2-e2e7-4151-80bd-9ea39ff05edb", "scryfallIllustrationId": "6eb98f0e-e947-4efd-a84f-a4b20de70872", "scryfallOracleId": "4b7ac066-e5c7-43e6-9e7e-2739b24a905d"}, "isOversized": true, "isReprint": true, "isStarter": true, "keywords": ["Flying", "Vigilance"], "language": "English", "layout": "normal", "legalities": {}, "manaCost": "{3}{W}{W}", "manaValue": 5.0, "name": "Serra Angel", "number": "7", "originalReleaseDate": "1995-08-01", "power": "4", "printings": ["10E", "2ED", "30A", "3ED", "4BB", "4ED", "7ED", "8ED", "9ED", "ANB", "ATH", "CED", "CEI", "CMA", "CMD", "DDC", "DMR", "DOM", "DVD", "EMA", "FBB", "GN3", "GNT", "IMA", "JMP", "LEA", "LEB", "M10", "M11", "M12", "M13", "M14", "M15", "ME4", "O90P", "OANA", "ORI", "P30A", "P30H", "PDOM", "PMDA", "PRM", "PS11", "PTC", "PWOS", "SUM", "V15", "W16", "W17"], "purchaseUrls": {}, "rarity": "rare", "setCode": "O90P", "subtypes": ["Angel"], "supertypes": [], "text": "Flying, vigilance", "toughness": "4", "type": "Creature — Angel", "types": ["Creature"], "uuid": "cd456de0-8275-5bee-a411-b343cf70967e", "variations": ["b68b4f67-be3d-5c0e-a110-f676a0f4388e"]}, {"artist": "Rebecca Guay", "artistIds": ["f8f662fa-d597-46a3-afb2-91d6e13243e2"], "availability": ["paper"], "borderColor": "black", "colorIdentity": ["W"], "colors": ["W"], "convertedManaCost": 5.0, "edhrecRank": 8881, "finishes": ["nonfoil"], "flavorText": "Born with wings of light and a sword of faith, this heavenly incarnation embodies both fury and purity.", "foreignData": [], "frameVersion": "1997", "hasFoil": false, "hasNonFoil": true, "identifiers": {"mtgjsonV4Id": "4b9832e9-21eb-53af-ab8f-26b2149fa5db", "scryfallId": "0845c45d-1ce4-4d06-a165-30972f1d59ca", "scryfallIllustrationId": "b54159ab-b25e-4c31-898b-323233b40459", "scryfallOracleId": "4b7ac066-e5c7-43e6-9e7e-2739b24a905d"}, "isAlternative": true, "isOversized": true, "isReprint": true, "isStarter": true, "keywords": ["Flying", "Vigilance"], "language": "English", "layout": "normal", "legalities": {}, "manaCost": "{3}{W}{W}", "manaValue": 5.0, "name": "Serra Angel", "number": "8", "originalReleaseDate": "1996-08-01", "power": "4", "printings": ["10E", "2ED", "30A", "3ED", "4BB", "4ED", "7ED", "8ED", "9ED", "ANB", "ATH", "CED", "CEI", "CMA", "CMD", "DDC", "DMR", "DOM", "DVD", "EMA", "FBB", "GN3", "GNT", "IMA", "JMP", "LEA", "LEB", "M10", "M11", "M12", "M13", "M14", "M15", "ME4", "O90P", "OANA", "ORI", "P30A", "P30H", "PDOM", "PMDA", "PRM", "PS11", "PTC", "PWOS", "SUM", "V15", "W16", "W17"], "purchaseUrls": {}, "rarity": "rare", "setCode": "O90P", "subtypes": ["Angel"], "supertypes": [], "text": "Flying, vigilance", "toughness": "4", "type": "Creature — Angel", "types": ["Creature"], "uuid": "b68b4f67-be3d-5c0e-a110-f676a0f4388e", "variations": ["cd456de0-8275-5bee-a411-b343cf70967e"]}, {"artist": "Quinton Hoover", "artistIds": ["1a2db619-92a5-431a-822b-101cdcc5bd5d"], "availability": ["paper"], "borderColor": "black", "colorIdentity": ["G"], "colors": ["G"], "convertedManaCost": 8.0, "finishes": ["nonfoil"], "foreignData": [], "frameVersion": "1997", "hasFoil": false, "hasNonFoil": true, "identifiers": {"mtgjsonV4Id": "c0fecf71-bf47-51f7-9167-074fe1ac1a90", "scryfallId": "bce76166-478d-467d-bc61-4240881383db", "scryfallIllustrationId": "8b42fc7b-2943-4f8d-a1e9-8bf0c333454c", "scryfallOracleId": "35caa378-440d-41a1-8ce4-174bfb7c16ac"}, "isOversized": true, "isReprint": true, "isStarter": true, "language": "English", "layout": "normal", "legalities": {}, "manaCost": "{4}{G}{G}{G}{G}", "manaValue": 8.0, "name": "Incoming!", "number": "10", "originalReleaseDate": "1998-08-06", "printings": ["O90P", "UGL"], "purchaseUrls": {}, "rarity": "rare", "setCode": "O90P", "subtypes": [], "supertypes": [], "text": "Each player searches their library for any number of artifact, creature, enchantment, and/or land cards, puts them onto the battlefield, then shuffles.", "type": "Sorcery", "types": ["Sorcery"], "uuid": "aaf56a69-112a-5562-9317-a31b0946da26"}, {"artist": "rk post", "artistIds": ["81ae0f3f-1d88-4125-9aeb-b15b4c734c82"], "availability": ["paper"], "borderColor": "black", "colorIdentity": ["G"], "colors": ["G"], "convertedManaCost": 7.0, "edhrecRank": 13538, "edhrecSaltiness": 0.16, "finishes": ["nonfoil"], "foreignData": [], "frameVersion": "1997", "hasFoil": false, "hasNonFoil": true, "identifiers": {"mtgjsonV4Id": "ce630191-87fa-542c-a4c3-9610321715e2", "scryfallId": "99f53a6a-2f01-4a94-b707-6e66d64fcf34", "scryfallIllustrationId": "65699916-1e83-48ed-89c4-fa9044ae2fe6", "scryfallOracleId": "9cdf840d-314e-46ef-9c04-74f145d9e65b"}, "isOversized": true, "isReprint": true, "isStarter": true, "language": "English", "layout": "normal", "legalities": {}, "manaCost": "{5}{G}{G}", "manaValue": 7.0, "name": "Thorn Elemental", "number": "11", "originalReleaseDate": "1999-06-19", "power": "7", "printings": ["7ED", "8ED", "DOM", "O90P", "PMEI", "S99", "UDS"], "purchaseUrls": {}, "rarity": "rare", "rulings": [{"date": "2018-04-27", "text": "You can decide to assign damage to the defending player or planeswalker even if the blocking creature has protection from green or damage preventing effects on it."}, {"date": "2018-04-27", "text": "When assigning combat damage, you choose whether you want to assign all damage to blocking creatures, or if you want to assign all of it to the player or planeswalker this creature is attacking. You can’t split the damage assignment between them."}, {"date": "2018-04-27", "text": "If blocked by a creature with banding, the defending player decides whether or not the damage is assigned “as though it weren’t blocked”."}], "setCode": "O90P", "subtypes": ["Elemental"], "supertypes": [], "text": "You may have Thorn Elemental assign its combat damage as though it weren't blocked.", "toughness": "7", "type": "Creature — Elemental", "types": ["Creature"], "uuid": "6a4a698e-42d7-54ec-97b1-aa7cc54f2bd5"}], "code": "O90P", "isFoilOnly": false, "isNonFoilOnly": true, "isOnlineOnly": false, "keyruneCode": "PMEI", "languages": ["English"], "name": "Oversized 90's Promos", "releaseDate": "1996-04-01", "tokens": [], "totalSetSize": 10, "translations": {}, "type": "memorabilia"}}