{"meta": {"date": "2023-08-19", "version": "5.2.1+20230819"}, "data": {"baseSetSize": 2, "block": "Commander", "cards": [{"artist": "Fariba Khamseh", "artistIds": ["f18a7bd6-4aca-4201-b2f5-942c28ee4f18"], "availability": ["paper"], "borderColor": "black", "colorIdentity": ["G", "W"], "colors": ["G", "W"], "convertedManaCost": 4.0, "edhrecRank": 2870, "edhrecSaltiness": 0.11, "finishes": ["etched"], "flavorText": "She keeps the festival's revels from faltering, infusing the witches' rituals with hope.", "foreignData": [], "frameEffects": ["legendary"], "frameVersion": "2015", "hasFoil": false, "hasNonFoil": false, "identifiers": {"cardKingdomEtchedId": "251453", "mtgjsonV4Id": "2202e74e-bf67-5ad3-99be-b9cdf5bb4a82", "scryfallId": "bde95f7b-ad81-4e49-8a15-f3ced162087f", "scryfallIllustrationId": "9c84b7fb-e8f9-4e34-a136-0b855e7f4dad", "scryfallOracleId": "cd47eedd-57cb-460d-b339-4785f63a5475", "tcgplayerEtchedProductId": "249893"}, "isStarter": true, "keywords": ["Coven"], "language": "English", "layout": "normal", "leadershipSkills": {"brawl": false, "commander": true, "oathbreaker": false}, "legalities": {}, "manaCost": "{2}{G}{W}", "manaValue": 4.0, "name": "Leinore, Autumn Sovereign", "number": "1", "power": "0", "printings": ["MIC", "OMIC", "PRM"], "promoTypes": ["thick"], "purchaseUrls": {"cardKingdomEtched": "https://mtgjson.com/links/546ed8fdac7aa8fe", "tcgplayerEtched": "https://mtgjson.com/links/b840c28c85d299f6"}, "rarity": "mythic", "rulings": [{"date": "2021-09-24", "text": "A creature has different power from another if their powers are different numbers. For example, a 1/1 creature and a 2/1 creature have different powers."}, {"date": "2021-09-24", "text": "For three creatures to have different powers from one another, each of their powers needs to be different. A 1/1 creature, a 2/1 creature, and another 2/1 creature aren't three creatures with different powers, even though both 2/1 creatures have different power than the 1/1 creature."}, {"date": "2021-09-24", "text": "Many coven abilities, such as that of Dawnhart Wardens above, are triggered abilities with intervening if clauses. You must control three or more creatures with different powers at the time the ability triggers and at the time the ability tries to resolve. They do not, however, need to be the same set of creatures in both cases."}], "securityStamp": "oval", "setCode": "OMIC", "subtypes": ["Human", "Noble"], "supertypes": ["Legendary"], "text": "Coven — At the beginning of combat on your turn, put a +1/+1 counter on up to one target creature you control. Then if you control three or more creatures with different powers, draw a card.", "toughness": "4", "type": "Legendary Creature — Human Noble", "types": ["Creature"], "uuid": "c0c86229-73f3-593a-8781-e81b2c187957"}, {"artist": "Chris Rallis", "artistIds": ["a8e7b854-b15a-421a-b66d-6e68187ae285"], "availability": ["paper"], "borderColor": "black", "colorIdentity": ["B", "U"], "colors": ["B", "U"], "convertedManaCost": 4.0, "edhrecRank": 1497, "edhrecSaltiness": 0.37, "finishes": ["etched"], "foreignData": [], "frameEffects": ["legendary"], "frameVersion": "2015", "hasFoil": false, "hasNonFoil": false, "identifiers": {"cardKingdomEtchedId": "251454", "mtgjsonV4Id": "ff945f7b-f395-53f5-9d8f-7a98847ce449", "scryfallId": "9424a460-0a10-41ac-a60c-7d94809293c8", "scryfallIllustrationId": "cb585900-3a36-48a2-8d6d-2b4418f017ba", "scryfallOracleId": "eada96a1-4964-4ad0-b0e3-2df08d6ae188", "tcgplayerEtchedProductId": "249892"}, "isStarter": true, "language": "English", "layout": "normal", "leadershipSkills": {"brawl": false, "commander": true, "oathbreaker": false}, "legalities": {}, "manaCost": "{2}{U}{B}", "manaValue": 4.0, "name": "Wilhelt, the Rotcleaver", "number": "2", "power": "3", "printings": ["MIC", "OMIC"], "promoTypes": ["thick"], "purchaseUrls": {"cardKingdomEtched": "https://mtgjson.com/links/19242f2261da8411", "tcgplayerEtched": "https://mtgjson.com/links/719d19e58c7e6b39"}, "rarity": "mythic", "rulings": [{"date": "2021-09-24", "text": "Decayed represents a static ability and a triggered ability. “Decayed” means “This creature can't block” and “When this creature attacks, sacrifice it at end of combat.”"}, {"date": "2021-09-24", "text": "Decayed does not create any attacking requirements. You may choose not to attack with a creature that has decayed."}, {"date": "2021-09-24", "text": "Decayed does not grant haste. Creatures with decayed that enter the battlefield during your turn may not attack until your next turn."}, {"date": "2021-09-24", "text": "Once a creature with decayed attacks, it will be sacrificed at end of combat, even if it no longer has decayed at that time."}], "securityStamp": "oval", "setCode": "OMIC", "subtypes": ["Zombie", "Warrior"], "supertypes": ["Legendary"], "text": "Whenever another Zombie you control dies, if it didn't have decayed, create a 2/2 black Zombie creature token with decayed. (It can't block. When it attacks, sacrifice it at end of combat.)\nAt the beginning of your end step, you may sacrifice a Zombie. If you do, draw a card.", "toughness": "3", "type": "Legendary Creature — Zombie Warrior", "types": ["Creature"], "uuid": "1ff9e3f5-cbe0-5b39-85ac-fee6bc3e9ba8"}], "code": "OMIC", "isFoilOnly": true, "isNonFoilOnly": true, "isOnlineOnly": false, "keyruneCode": "MIC", "languages": ["English"], "name": "Midnight Hunt Commander Display Commanders", "parentCode": "MIC", "releaseDate": "2021-09-24", "tokens": [], "totalSetSize": 2, "translations": {}, "type": "memorabilia"}}