{"meta": {"date": "2023-08-19", "version": "5.2.1+20230819"}, "data": {"baseSetSize": 3, "cards": [{"artist": "Stephan Martiniere", "artistIds": ["018799f5-76d7-4849-9375-f1b9030977e6"], "availability": ["paper"], "borderColor": "black", "colorIdentity": ["U"], "colors": [], "convertedManaCost": 0.0, "edhrecRank": 4236, "edhrecSaltiness": 0.04, "finishes": ["foil"], "foreignData": [], "frameVersion": "2003", "hasFoil": true, "hasNonFoil": false, "identifiers": {"cardKingdomFoilId": "125575", "cardsphereId": "47010", "mcmId": "17563", "mtgjsonV4Id": "b434be95-755e-5bd3-b700-ccaaa1337854", "scryfallId": "2e18f380-320c-4f53-9270-debf3e00914a", "scryfallIllustrationId": "f9054346-3372-4552-9a0f-bd0aaed05cbe", "scryfallOracleId": "0c25f6b1-8fb3-4406-9605-0282d2dbbcec", "tcgplayerProductId": "37983"}, "isPromo": true, "isReprint": true, "isStarter": true, "language": "English", "layout": "normal", "legalities": {"commander": "Legal", "duel": "Legal", "legacy": "Legal", "modern": "Legal", "oathbreaker": "Legal", "penny": "Legal", "predh": "Legal", "premodern": "Legal", "vintage": "Legal"}, "manaValue": 0.0, "name": "Faerie Conclave", "number": "1", "printings": ["10E", "C13", "CMA", "MB1", "P10E", "PRM", "ULG"], "promoTypes": ["setpromo"], "purchaseUrls": {"cardKingdomFoil": "https://mtgjson.com/links/3c3c50ed03e5a8c2", "tcgplayer": "https://mtgjson.com/links/9f93be811140f4ac"}, "rarity": "rare", "rulings": [{"date": "2008-08-01", "text": "A noncreature permanent that turns into a creature can attack, and its {T} abilities can be activated, only if its controller has continuously controlled that permanent since the beginning of their most recent turn. It doesn’t matter how long the permanent has been a creature."}, {"date": "2009-10-01", "text": "Activating the ability that turns it into a creature while it’s already a creature will override any effects that set its power and/or toughness to a specific number. However, any effect that raises or lowers power and/or toughness (such as the effect created by Giant Growth, Glorious Anthem, or a +1/+1 counter) will continue to apply."}], "setCode": "P10E", "subtypes": [], "supertypes": [], "text": "Faerie Conclave enters the battlefield tapped.\n{T}: Add {U}.\n{1}{U}: Faerie Conclave becomes a 2/1 blue Faerie creature with flying until end of turn. It's still a land.", "type": "Land", "types": ["Land"], "uuid": "f314b589-0b8b-5eb4-ab2e-df2a05bb03bc", "watermark": "mtg"}, {"artist": "Rob Alexander", "artistIds": ["35906871-6c78-4ab2-9ed1-e6792c8efb74"], "availability": ["paper"], "borderColor": "black", "colorIdentity": ["G"], "colors": [], "convertedManaCost": 0.0, "edhrecRank": 4596, "edhrecSaltiness": 0.06, "finishes": ["foil"], "foreignData": [], "frameVersion": "2003", "hasFoil": true, "hasNonFoil": false, "identifiers": {"cardKingdomFoilId": "125574", "cardsphereId": "47048", "mcmId": "17564", "mtgjsonV4Id": "be576efe-170e-5b7e-9fb8-3271af2aa2d6", "scryfallId": "a9c6a303-1f59-4d41-b5b5-ae8739e2e0a8", "scryfallIllustrationId": "259f3315-4114-42e1-b2d2-5abe3a49918d", "scryfallOracleId": "b53f216d-1592-4eee-b204-502a805fbc8c", "tcgplayerProductId": "38043"}, "isPromo": true, "isReprint": true, "isStarter": true, "language": "English", "layout": "normal", "legalities": {"commander": "Legal", "duel": "Legal", "legacy": "Legal", "modern": "Legal", "oathbreaker": "Legal", "predh": "Legal", "premodern": "Legal", "vintage": "Legal"}, "manaValue": 0.0, "name": "Treetop Village", "number": "2", "printings": ["10E", "DDD", "DDG", "DDR", "DDU", "F04", "GVL", "J22", "P10E", "PRM", "ULG", "WC99"], "promoTypes": ["setpromo"], "purchaseUrls": {"cardKingdomFoil": "https://mtgjson.com/links/54b74295aa9dc6b9", "tcgplayer": "https://mtgjson.com/links/def90453f165a3eb"}, "rarity": "rare", "rulings": [{"date": "2008-08-01", "text": "A noncreature permanent that turns into a creature can attack, and its {T} abilities can be activated, only if its controller has continuously controlled that permanent since the beginning of their most recent turn. It doesn’t matter how long the permanent has been a creature."}, {"date": "2009-10-01", "text": "Activating the ability that turns it into a creature while it’s already a creature will override any effects that set its power and/or toughness to a specific number. However, any effect that raises or lowers power and/or toughness (such as the effect created by Giant Growth, Glorious Anthem, or a +1/+1 counter) will continue to apply."}], "setCode": "P10E", "subtypes": [], "supertypes": [], "text": "Treetop Village enters the battlefield tapped.\n{T}: Add {G}.\n{1}{G}: Treetop Village becomes a 3/3 green Ape creature with trample until end of turn. It's still a land. (It can deal excess combat damage to the player or planeswalker it's attacking.)", "type": "Land", "types": ["Land"], "uuid": "7301236c-9656-52d5-861a-522cd958d3cd", "watermark": "mtg"}, {"artist": "Matthew D. Wilson", "artistIds": ["4fbafd13-0cf9-42a1-870d-7f8ea276f140"], "availability": ["paper"], "borderColor": "black", "colorIdentity": ["W"], "colors": ["W"], "convertedManaCost": 9.0, "edhrecRank": 2672, "edhrecSaltiness": 0.25, "finishes": ["foil"], "flavorText": "\"You have not died until I consent.\"", "foreignData": [], "frameVersion": "2003", "hasFoil": true, "hasNonFoil": false, "identifiers": {"cardKingdomFoilId": "123456", "cardsphereId": "23903", "mcmId": "17737", "mtgjsonV4Id": "42720d20-9d63-5ad0-b14a-e84b2a733dd7", "scryfallId": "7a84d055-2afb-4a13-9158-3300a9f7187b", "scryfallIllustrationId": "d95b0a47-3742-46ed-a761-ed8a81ab3007", "scryfallOracleId": "08d1a5d1-141d-48e3-ac22-c2529191cb13", "tcgplayerProductId": "38186"}, "isPromo": true, "isReprint": true, "isStarter": true, "keywords": ["Flying"], "language": "English", "layout": "normal", "leadershipSkills": {"brawl": false, "commander": true, "oathbreaker": false}, "legalities": {"commander": "Legal", "duel": "Legal", "legacy": "Legal", "modern": "Legal", "oathbreaker": "Legal", "penny": "Legal", "predh": "Legal", "premodern": "Legal", "vintage": "Legal"}, "manaCost": "{6}{W}{W}{W}", "manaValue": 9.0, "name": "Reya Dawnbringer", "number": "35", "power": "4", "printings": ["10E", "CNS", "DDC", "DVD", "INV", "P10E", "PRM", "PZ1", "UMA"], "promoTypes": ["setpromo", "gameday"], "purchaseUrls": {"cardKingdomFoil": "https://mtgjson.com/links/adf0bfb6ca254dd1", "tcgplayer": "https://mtgjson.com/links/05a0ae1f48626700"}, "rarity": "rare", "setCode": "P10E", "subtypes": ["Angel"], "supertypes": ["Legendary"], "text": "Flying\nAt the beginning of your upkeep, you may return target creature card from your graveyard to the battlefield.", "toughness": "6", "type": "Legendary Creature — Angel", "types": ["Creature"], "uuid": "df9b30be-bff9-53f6-be73-dd15ea7fe57b", "watermark": "mtg"}], "code": "P10E", "isFoilOnly": true, "isOnlineOnly": false, "keyruneCode": "10E", "languages": ["English"], "name": "Tenth Edition Promos", "parentCode": "10E", "releaseDate": "2007-07-13", "tokens": [], "totalSetSize": 3, "translations": {}, "type": "promo"}}