{"meta": {"date": "2023-08-19", "version": "5.2.1+20230819"}, "data": {"baseSetSize": 9, "block": "Magic Player Rewards", "cards": [{"artist": "Svetlin Velinov", "artistIds": ["ffd063ae-c097-4f26-b2e6-b1e2137708bc"], "availability": ["paper"], "borderColor": "black", "colorIdentity": ["W"], "colors": ["W"], "convertedManaCost": 4.0, "edhrecRank": 1476, "edhrecSaltiness": 0.45, "finishes": ["foil"], "foreignData": [], "frameVersion": "2003", "hasFoil": true, "hasNonFoil": false, "identifiers": {"cardKingdomFoilId": "185700", "cardsphereId": "36271", "mcmId": "242592", "mtgjsonV4Id": "7bb92aa5-7fe5-549f-83fa-746d201d38b6", "scryfallId": "aea87800-6725-4399-b489-651637e1804a", "scryfallIllustrationId": "8fbc4283-9e09-48c3-82b5-4ac069dc3ea1", "scryfallOracleId": "d057289d-5e28-43d5-8ff3-4a1bc723477d", "tcgplayerProductId": "38305"}, "isFullArt": true, "isPromo": true, "isReprint": true, "isStarter": true, "isTextless": true, "language": "English", "layout": "normal", "legalities": {"commander": "Legal", "duel": "Legal", "gladiator": "Legal", "historic": "Legal", "historicbrawl": "Legal", "legacy": "Legal", "modern": "Legal", "oathbreaker": "Legal", "penny": "Legal", "predh": "Legal", "vintage": "Legal"}, "manaCost": "{2}{W}{W}", "manaValue": 4.0, "name": "Day of Judgment", "number": "1", "printings": ["E02", "M11", "M12", "P11", "PRM", "PZEN", "STA", "ZEN"], "promoTypes": ["playerrewards"], "purchaseUrls": {"cardKingdomFoil": "https://mtgjson.com/links/1a2dfc8997e9a503", "tcgplayer": "https://mtgjson.com/links/a2eaaf822a9f787f"}, "rarity": "rare", "setCode": "P11", "subtypes": [], "supertypes": [], "text": "Destroy all creatures.", "type": "Sorcery", "types": ["Sorcery"], "uuid": "c8f44459-f9cf-520b-94a7-7bea5c7041dc"}, {"artist": "Kekai Kotaki", "artistIds": ["4b771085-c049-4308-930d-ec9665f803a4"], "availability": ["paper"], "borderColor": "black", "colorIdentity": ["W"], "colors": ["W"], "convertedManaCost": 1.0, "edhrecRank": 3286, "edhrecSaltiness": 0.12, "finishes": ["nonfoil"], "foreignData": [], "frameVersion": "2003", "hasFoil": false, "hasNonFoil": true, "identifiers": {"cardKingdomId": "185143", "cardsphereId": "36262", "mcmId": "242593", "mtgjsonV4Id": "9e5cc9fb-7385-5bd3-8a56-7040b7d8ae2a", "scryfallId": "46357985-9b59-4ad7-aa18-4c8c28fe8bb5", "scryfallIllustrationId": "7ccd5edb-27c0-47e2-8fff-370ebeadc527", "scryfallOracleId": "9d73a51a-1c8e-40cd-8124-aeff406a0884", "tcgplayerProductId": "38296"}, "isFullArt": true, "isPromo": true, "isReprint": true, "isStarter": true, "isTextless": true, "language": "English", "layout": "normal", "legalities": {"commander": "Legal", "duel": "Legal", "explorer": "Legal", "gladiator": "Legal", "historic": "Legal", "historicbrawl": "Legal", "legacy": "Legal", "modern": "Legal", "oathbreaker": "Legal", "penny": "Legal", "pioneer": "Legal", "predh": "Legal", "vintage": "Legal"}, "manaCost": "{W}", "manaValue": 1.0, "name": "Brave the Elements", "number": "2", "printings": ["C14", "EA2", "M14", "P11", "PRM", "ZEN"], "promoTypes": ["playerrewards"], "purchaseUrls": {"cardKingdom": "https://mtgjson.com/links/9f1bbf9a35700f58", "tcgplayer": "https://mtgjson.com/links/c7a8736b7c6e3d5b"}, "rarity": "rare", "rulings": [{"date": "2009-10-01", "text": "You choose a color as Brave the Elements resolves. Once the color is chosen, it’s too late for players to respond."}, {"date": "2009-10-01", "text": "Only white creatures you control at the time Brave the Elements resolves gain the protection ability. Creatures that come under your control later in the turn, or that turn white later in the turn, won’t have it."}], "setCode": "P11", "subtypes": [], "supertypes": [], "text": "Choose a color. White creatures you control gain protection from the chosen color until end of turn.", "type": "Instant", "types": ["Instant"], "uuid": "032b37cc-3c27-598c-b2aa-ae821a6ca628"}, {"artist": "Carl Critchlow", "artistIds": ["17948f16-611a-44b8-8d10-9895a0bdfff1"], "availability": ["paper"], "borderColor": "black", "colorIdentity": ["B"], "colors": ["B"], "convertedManaCost": 2.0, "edhrecRank": 1332, "edhrecSaltiness": 0.14, "finishes": ["nonfoil"], "foreignData": [], "frameVersion": "2003", "hasFoil": false, "hasNonFoil": true, "identifiers": {"cardKingdomId": "185179", "cardsphereId": "36273", "mcmId": "242594", "mtgjsonV4Id": "c1ea988f-8684-5745-b51d-20be3424b8d8", "scryfallId": "37468ade-27b1-4128-9a62-1293ec2aab41", "scryfallIllustrationId": "43ac36d0-46c0-4fa5-8c5e-51dc8f7099e0", "scryfallOracleId": "59e7f2ae-4535-4191-98be-3e65b6b2befa", "tcgplayerProductId": "38307"}, "isFullArt": true, "isPromo": true, "isReprint": true, "isStarter": true, "isTextless": true, "language": "English", "layout": "normal", "legalities": {"commander": "Legal", "duel": "Legal", "explorer": "Legal", "gladiator": "Legal", "historic": "Legal", "historicbrawl": "Legal", "legacy": "Legal", "modern": "Legal", "oathbreaker": "Legal", "pauper": "Legal", "paupercommander": "Legal", "penny": "Legal", "pioneer": "Legal", "predh": "Legal", "vintage": "Legal"}, "manaCost": "{1}{B}", "manaValue": 2.0, "name": "Doom Blade", "number": "3", "printings": ["CMD", "DDR", "E01", "E02", "GN3", "IMA", "M10", "M11", "M12", "M14", "P11", "PLIST", "PRM", "STA"], "promoTypes": ["playerrewards"], "purchaseUrls": {"cardKingdom": "https://mtgjson.com/links/9c6ba6cf125fb7d2", "tcgplayer": "https://mtgjson.com/links/9db4a4e508834f32"}, "rarity": "rare", "setCode": "P11", "subtypes": [], "supertypes": [], "text": "Destroy target nonblack creature.", "type": "Instant", "types": ["Instant"], "uuid": "e4c7fef8-ff7e-5788-b230-7c6b021f76f8"}, {"artist": "Steve Prescott", "artistIds": ["a1139fb8-41f5-4a9e-9a74-f662e1a23b35"], "availability": ["paper"], "borderColor": "black", "colorIdentity": ["U"], "colors": ["U"], "convertedManaCost": 2.0, "edhrecRank": 11972, "edhrecSaltiness": 0.77, "finishes": ["nonfoil"], "foreignData": [], "frameVersion": "2003", "hasFoil": false, "hasNonFoil": true, "identifiers": {"cardKingdomId": "186149", "cardsphereId": "36306", "mcmId": "245498", "mtgjsonV4Id": "ae68166d-38f2-5f99-991e-6d301f8fe1eb", "scryfallId": "41dc258e-701f-4f9d-b3fd-fa073e0324e8", "scryfallIllustrationId": "a8df73e3-814d-4e08-b607-f37cda33aba6", "scryfallOracleId": "05079479-86a6-4041-a395-83d325b6ddb7", "tcgplayerProductId": "39334"}, "isFullArt": true, "isPromo": true, "isReprint": true, "isStarter": true, "isTextless": true, "language": "English", "layout": "normal", "legalities": {"commander": "Legal", "duel": "Legal", "gladiator": "Legal", "historic": "Legal", "historicbrawl": "Legal", "legacy": "Legal", "modern": "Legal", "oathbreaker": "Legal", "pauper": "Legal", "paupercommander": "Legal", "penny": "Legal", "predh": "Legal", "vintage": "Legal"}, "manaCost": "{1}{U}", "manaValue": 2.0, "name": "Treasure Hunt", "number": "4", "printings": ["C18", "HA1", "MB1", "P11", "PIDW", "PRM", "WWK"], "promoTypes": ["playerrewards"], "purchaseUrls": {"cardKingdom": "https://mtgjson.com/links/c4634512eb88c665", "tcgplayer": "https://mtgjson.com/links/f5450c6236623770"}, "rarity": "rare", "rulings": [{"date": "2010-03-01", "text": "If all the cards left in your library are lands, you’ll reveal all of them and put them all into your hand."}, {"date": "2010-03-01", "text": "The cards you put into your hand this way include one nonland card, plus all the land cards on top of it in your library (if any). If the top card of your library is a nonland card, you just get that one."}], "setCode": "P11", "subtypes": [], "supertypes": [], "text": "Reveal cards from the top of your library until you reveal a nonland card, then put all cards revealed this way into your hand.", "type": "Sorcery", "types": ["Sorcery"], "uuid": "6590084a-dc1a-56bb-9934-9e754a07b47f"}, {"artist": "Jaime Jones", "artistIds": ["92f6c2c1-fa57-4b52-99c4-0fd866c13dc9"], "availability": ["paper"], "borderColor": "black", "colorIdentity": ["R"], "colors": ["R"], "convertedManaCost": 2.0, "edhrecRank": 13685, "edhrecSaltiness": 0.04, "finishes": ["nonfoil"], "foreignData": [], "frameVersion": "2003", "hasFoil": false, "hasNonFoil": true, "identifiers": {"cardKingdomId": "185504", "cardsphereId": "36301", "mcmId": "245499", "mtgjsonV4Id": "f4afaf44-b3f9-50f9-9921-d7a8db2b21c2", "scryfallId": "974c599b-170e-4948-b741-47f61c769b6e", "scryfallIllustrationId": "b24457b8-7ed8-46d5-b468-d36a24639f90", "scryfallOracleId": "74b08a70-b0bb-4340-98a0-b1d5b7c9d2cc", "tcgplayerProductId": "39333"}, "isFullArt": true, "isPromo": true, "isReprint": true, "isStarter": true, "isTextless": true, "keywords": ["Landfall"], "language": "English", "layout": "normal", "legalities": {"commander": "Legal", "duel": "Legal", "legacy": "Legal", "modern": "Legal", "oathbreaker": "Legal", "pauper": "Legal", "paupercommander": "Legal", "predh": "Legal", "vintage": "Legal"}, "manaCost": "{R}{R}", "manaValue": 2.0, "name": "Searing Blaze", "number": "5", "printings": ["DDI", "P11", "PRM", "WWK"], "promoTypes": ["playerrewards"], "purchaseUrls": {"cardKingdom": "https://mtgjson.com/links/12591b3d4c26ef35", "tcgplayer": "https://mtgjson.com/links/3d3dc881fccc8c73"}, "rarity": "rare", "rulings": [{"date": "2010-03-01", "text": "Whether you had a land enter the battlefield under your control this turn is checked as this spell resolves, not as you cast it."}, {"date": "2010-03-01", "text": "Having more than one land enter the battlefield under your control this turn provides no additional benefit."}, {"date": "2010-03-01", "text": "The landfall ability checks for an action that has happened in the past. It doesn’t matter if a land that entered the battlefield under your control previously in the turn is still on the battlefield, is still under your control, or is still a land."}, {"date": "2010-03-01", "text": "Once the spell resolves, having a land enter the battlefield under your control provides no further benefit."}, {"date": "2010-03-01", "text": "The effect of this spell’s landfall ability replaces its normal effect. If you had a land enter the battlefield under your control this turn, only the landfall-based effect happens."}, {"date": "2010-03-01", "text": "You must choose two targets as you cast Searing Blaze: a player and a creature that player controls. If you can’t (because there are no creatures on the battlefield, perhaps), then you can’t cast the spell."}, {"date": "2010-03-01", "text": "If either target is illegal by the time Searing Blaze resolves, it still deals damage to the other target."}], "setCode": "P11", "subtypes": [], "supertypes": [], "text": "Searing Blaze deals 1 damage to target player or planeswalker and 1 damage to target creature that player or that planeswalker's controller controls.\nLandfall — If you had a land enter the battlefield under your control this turn, Searing Blaze deals 3 damage to that player or planeswalker and 3 damage to that creature instead.", "type": "Instant", "types": ["Instant"], "uuid": "b6b13644-060f-5d74-9c32-d75d7760b3e3"}], "code": "P11", "isFoilOnly": false, "isOnlineOnly": false, "keyruneCode": "DEFAULT", "languages": ["English"], "name": "Magic Player Rewards 2011", "releaseDate": "2011-01-01", "tokens": [], "totalSetSize": 5, "translations": {}, "type": "promo"}}