{"meta": {"date": "2023-08-19", "version": "5.2.1+20230819"}, "data": {"baseSetSize": 1, "cards": [{"artist": "Julie Baroh", "artistIds": ["bba720a4-46b3-493b-8653-8980e6a8c252"], "availability": ["paper"], "borderColor": "black", "colorIdentity": ["B"], "colors": ["B"], "convertedManaCost": 3.0, "edhrecRank": 1380, "edhrecSaltiness": 0.55, "finishes": ["foil"], "flavorText": "\"In the drowsy dark cave of the mind, dreams build their nest with fragments dropped from day's caravan.\"\n—Rabindranath Tagore", "foreignData": [], "frameVersion": "2003", "hasFoil": true, "hasNonFoil": false, "identifiers": {"cardKingdomFoilId": "125306", "cardsphereId": "45201", "mcmId": "18756", "mtgjsonV4Id": "7855b102-96de-5d06-a001-292fba72ae5e", "scryfallId": "16b7620d-cd27-4ee3-b44d-b26d69307a56", "scryfallIllustrationId": "e1e667a5-1774-4635-9fdd-94da46b70a3f", "scryfallOracleId": "967cf377-ae26-464d-85ac-8448b5a911f7", "tcgplayerProductId": "38045"}, "isPromo": true, "isReprint": true, "isStarter": true, "language": "English", "layout": "normal", "legalities": {"commander": "Legal", "duel": "Legal", "explorer": "Legal", "gladiator": "Legal", "historic": "Legal", "historicbrawl": "Legal", "legacy": "Legal", "modern": "Legal", "oathbreaker": "Legal", "penny": "Legal", "pioneer": "Legal", "predh": "Legal", "vintage": "Legal"}, "manaCost": "{B}{B}{B}", "manaValue": 3.0, "name": "Underworld Dreams", "number": "1", "printings": ["10E", "8ED", "9ED", "DPA", "LEG", "M10", "P2HG", "PRM", "PS11", "SLD", "THB"], "promoTypes": ["tourney"], "purchaseUrls": {"cardKingdomFoil": "https://mtgjson.com/links/aa89799ffd6ebe00", "tcgplayer": "https://mtgjson.com/links/7590e306afcd83df"}, "rarity": "rare", "rulings": [{"date": "2004-10-04", "text": "If multiple cards are drawn at once, this card triggers once for each card drawn."}, {"date": "2004-10-04", "text": "In a multi-player game, it affects all opponents."}, {"date": "2020-01-24", "text": "If a spell or ability causes you to put cards into your hand without specifically using the word “draw,” it’s not a card drawn."}], "setCode": "P2HG", "subtypes": [], "supertypes": [], "text": "Whenever an opponent draws a card, Underworld Dreams deals 1 damage to that player.", "type": "Enchantment", "types": ["Enchantment"], "uuid": "e66997d5-c6dc-56c2-8c44-4c3270ff8b3a", "watermark": "colorpie"}], "cardsphereSetId": 934, "code": "P2HG", "isFoilOnly": true, "isOnlineOnly": false, "keyruneCode": "PARL", "languages": ["English"], "name": "Two-Headed Giant Tournament", "releaseDate": "2005-12-09", "tokens": [], "totalSetSize": 1, "translations": {}, "type": "promo"}}