{"meta": {"date": "2023-08-19", "version": "5.2.1+20230819"}, "data": {"baseSetSize": 10, "cards": [{"artist": "Hisashi Momose", "artistIds": ["09bc6de8-c99c-406a-9da6-8ece7112e496"], "availability": ["paper"], "borderColor": "black", "colorIdentity": ["W"], "colors": ["W"], "convertedManaCost": 5.0, "edhrecRank": 8887, "finishes": ["foil"], "foreignData": [{"language": "Japanese", "name": "セラの天使", "text": "飛行、警戒", "type": "クリーチャー — 天使"}], "frameVersion": "2015", "hasFoil": true, "hasNonFoil": false, "identifiers": {"cardsphereId": "104806", "mtgjsonV4Id": "228e0547-d27b-5fe4-8aae-a795b4069126", "scryfallId": "fc22536c-09b4-4dc3-9371-842d91c5251e", "scryfallIllustrationId": "733ed412-46cc-4b0b-82f9-1c9c41e59903", "scryfallOracleId": "4b7ac066-e5c7-43e6-9e7e-2739b24a905d"}, "isPromo": true, "isReprint": true, "isStarter": true, "keywords": ["Flying", "Vigilance"], "language": "English", "layout": "normal", "legalities": {"alchemy": "Legal", "commander": "Legal", "duel": "Legal", "explorer": "Legal", "gladiator": "Legal", "historic": "Legal", "historicbrawl": "Legal", "legacy": "Legal", "modern": "Legal", "oathbreaker": "Legal", "paupercommander": "Restricted", "penny": "Legal", "pioneer": "Legal", "predh": "Legal", "premodern": "Legal", "vintage": "Legal"}, "manaCost": "{3}{W}{W}", "manaValue": 5.0, "name": "Serra Angel", "number": "1", "originalReleaseDate": "2023-03-21", "power": "4", "printings": ["10E", "2ED", "30A", "3ED", "4BB", "4ED", "7ED", "8ED", "9ED", "ANB", "ATH", "CED", "CEI", "CMA", "CMD", "DDC", "DMR", "DOM", "DVD", "EMA", "FBB", "GN3", "GNT", "IMA", "JMP", "LEA", "LEB", "M10", "M11", "M12", "M13", "M14", "M15", "ME4", "O90P", "OANA", "ORI", "P30A", "P30H", "PDOM", "PMDA", "PRM", "PS11", "PTC", "PWOS", "SUM", "V15", "W16", "W17"], "purchaseUrls": {}, "rarity": "rare", "securityStamp": "oval", "setCode": "P30H", "subtypes": ["Angel"], "supertypes": [], "text": "Flying, vigilance", "toughness": "4", "type": "Creature — Angel", "types": ["Creature"], "uuid": "a68e99ee-8be8-517e-abfd-52b25aaf0782", "variations": ["b307d598-69b1-506b-bd9a-35703f92541f"]}, {"artist": "Hisashi Momose", "artistIds": ["09bc6de8-c99c-406a-9da6-8ece7112e496"], "availability": ["paper"], "borderColor": "black", "colorIdentity": ["W"], "colors": ["W"], "convertedManaCost": 5.0, "edhrecRank": 8887, "finishes": ["foil"], "foreignData": [{"language": "Japanese", "name": "セラの天使", "text": "飛行、警戒", "type": "クリーチャー — 天使"}], "frameVersion": "1997", "hasFoil": true, "hasNonFoil": false, "identifiers": {"cardsphereId": "104811", "mtgjsonV4Id": "a5c36c66-310d-5263-9fb5-678676d13301", "scryfallId": "6996abea-6914-4c0c-863e-43f6d8a8daef", "scryfallIllustrationId": "733ed412-46cc-4b0b-82f9-1c9c41e59903", "scryfallOracleId": "4b7ac066-e5c7-43e6-9e7e-2739b24a905d", "tcgplayerProductId": "284923"}, "isPromo": true, "isReprint": true, "isStarter": true, "keywords": ["Flying", "Vigilance"], "language": "English", "layout": "normal", "legalities": {"alchemy": "Legal", "commander": "Legal", "duel": "Legal", "explorer": "Legal", "gladiator": "Legal", "historic": "Legal", "historicbrawl": "Legal", "legacy": "Legal", "modern": "Legal", "oathbreaker": "Legal", "paupercommander": "Restricted", "penny": "Legal", "pioneer": "Legal", "predh": "Legal", "premodern": "Legal", "vintage": "Legal"}, "manaCost": "{3}{W}{W}", "manaValue": 5.0, "name": "Serra Angel", "number": "1★", "originalReleaseDate": "2023-03-21", "power": "4", "printings": ["10E", "2ED", "30A", "3ED", "4BB", "4ED", "7ED", "8ED", "9ED", "ANB", "ATH", "CED", "CEI", "CMA", "CMD", "DDC", "DMR", "DOM", "DVD", "EMA", "FBB", "GN3", "GNT", "IMA", "JMP", "LEA", "LEB", "M10", "M11", "M12", "M13", "M14", "M15", "ME4", "O90P", "OANA", "ORI", "P30A", "P30H", "PDOM", "PMDA", "PRM", "PS11", "PTC", "PWOS", "SUM", "V15", "W16", "W17"], "purchaseUrls": {"tcgplayer": "https://mtgjson.com/links/f0480fddc5f614a6"}, "rarity": "rare", "setCode": "P30H", "subtypes": ["Angel"], "supertypes": [], "text": "Flying, vigilance", "toughness": "4", "type": "Creature — Angel", "types": ["Creature"], "uuid": "b307d598-69b1-506b-bd9a-35703f92541f", "variations": ["a68e99ee-8be8-517e-abfd-52b25aaf0782"]}, {"artist": "Rorubei", "artistIds": ["42e7262b-6320-4007-a6b4-dd4ba4bd2b67"], "availability": ["paper"], "borderColor": "black", "colorIdentity": ["U"], "colors": ["U"], "convertedManaCost": 2.0, "edhrecRank": 5377, "edhrecSaltiness": 0.21, "finishes": ["foil"], "foreignData": [{"language": "Japanese", "name": "アトランティスの王", "text": "これでないすべてのマーフォークは＋1/＋1の修整を受け島渡りを持つ。", "type": "クリーチャー — マーフォーク"}], "frameVersion": "2015", "hasFoil": true, "hasNonFoil": false, "identifiers": {"cardsphereId": "104804", "mtgjsonV4Id": "78481db6-0512-5a02-8452-69943d47b329", "scryfallId": "970dcf24-6f33-4264-974c-65f0123bc1bd", "scryfallIllustrationId": "be3b9a33-c1c2-457b-b07a-11833bcff013", "scryfallOracleId": "cc7f290f-ca00-4285-9bdb-4b4402444f30", "tcgplayerProductId": "284926"}, "isPromo": true, "isReprint": true, "isStarter": true, "language": "English", "layout": "normal", "legalities": {"commander": "Legal", "duel": "Legal", "legacy": "Legal", "modern": "Legal", "oathbreaker": "Legal", "predh": "Legal", "premodern": "Legal", "vintage": "Legal"}, "manaCost": "{U}{U}", "manaValue": 2.0, "name": "Lord of Atlantis", "number": "2", "originalReleaseDate": "2023-03-21", "power": "2", "printings": ["2ED", "30A", "3ED", "4BB", "4ED", "5ED", "6ED", "7ED", "CED", "CEI", "FBB", "J18", "LEA", "LEB", "P30H", "PRM", "PSUS", "SUM", "TSB", "WC01"], "purchaseUrls": {"tcgplayer": "https://mtgjson.com/links/a9719f9c82f6e588"}, "rarity": "rare", "securityStamp": "oval", "setCode": "P30H", "subtypes": ["Merfolk"], "supertypes": [], "text": "Other Merfolk get +1/+1 and have islandwalk. (They can't be blocked as long as defending player controls an Island.)", "toughness": "2", "type": "Creature — Merfolk", "types": ["Creature"], "uuid": "b6e1d6f6-0fab-503f-8a8d-30b2634cc738", "variations": ["38e73026-8378-5155-a530-438cb9c617cd"]}, {"artist": "Rorubei", "artistIds": ["42e7262b-6320-4007-a6b4-dd4ba4bd2b67"], "availability": ["paper"], "borderColor": "black", "colorIdentity": ["U"], "colors": ["U"], "convertedManaCost": 2.0, "edhrecRank": 5377, "edhrecSaltiness": 0.21, "finishes": ["foil"], "foreignData": [{"language": "Japanese", "name": "アトランティスの王", "text": "これでないすべてのマーフォークは＋1/＋1の修整を受け島渡りを持つ。", "type": "クリーチャー — マーフォーク"}], "frameVersion": "1997", "hasFoil": true, "hasNonFoil": false, "identifiers": {"cardsphereId": "104809", "mtgjsonV4Id": "eeb5dfa0-ac48-580e-97b4-80c02756b592", "scryfallId": "7f5f2b62-292a-4794-abcc-d83d6b5800a1", "scryfallIllustrationId": "be3b9a33-c1c2-457b-b07a-11833bcff013", "scryfallOracleId": "cc7f290f-ca00-4285-9bdb-4b4402444f30", "tcgplayerProductId": "284927"}, "isPromo": true, "isReprint": true, "isStarter": true, "language": "English", "layout": "normal", "legalities": {"commander": "Legal", "duel": "Legal", "legacy": "Legal", "modern": "Legal", "oathbreaker": "Legal", "predh": "Legal", "premodern": "Legal", "vintage": "Legal"}, "manaCost": "{U}{U}", "manaValue": 2.0, "name": "Lord of Atlantis", "number": "2★", "originalReleaseDate": "2023-03-21", "power": "2", "printings": ["2ED", "30A", "3ED", "4BB", "4ED", "5ED", "6ED", "7ED", "CED", "CEI", "FBB", "J18", "LEA", "LEB", "P30H", "PRM", "PSUS", "SUM", "TSB", "WC01"], "purchaseUrls": {"tcgplayer": "https://mtgjson.com/links/eef0e93454f4d713"}, "rarity": "rare", "setCode": "P30H", "subtypes": ["Merfolk"], "supertypes": [], "text": "Other Merfolk get +1/+1 and have islandwalk. (They can't be blocked as long as defending player controls an Island.)", "toughness": "2", "type": "Creature — Merfolk", "types": ["Creature"], "uuid": "38e73026-8378-5155-a530-438cb9c617cd", "variations": ["b6e1d6f6-0fab-503f-8a8d-30b2634cc738"]}, {"artist": "Ai Nanahira", "artistIds": ["651f1c56-b47a-418b-9742-94be1e9482c4"], "availability": ["paper"], "borderColor": "black", "colorIdentity": ["B"], "colors": ["B"], "convertedManaCost": 5.0, "edhrecRank": 13718, "finishes": ["foil"], "foreignData": [{"language": "Japanese", "name": "センギアの吸血鬼", "text": "飛行\nこのターンにセンギアの吸血鬼によってダメージを与えられたクリーチャーが１体死亡するたび、センギアの吸血鬼の上に＋１/＋１カウンターを１個置く。", "type": "クリーチャー — 吸血鬼"}], "frameVersion": "2015", "hasFoil": true, "hasNonFoil": false, "identifiers": {"cardsphereId": "104805", "mtgjsonV4Id": "e9fe3543-0611-5383-b220-2db953f8b82f", "scryfallId": "a68a73de-838e-4d44-ad60-e7cc5e831cc6", "scryfallIllustrationId": "41fbe93a-9a18-4a5e-ac9a-4c54ad6e6729", "scryfallOracleId": "749141aa-f6c4-4ad8-b146-406e68ae9b0b", "tcgplayerProductId": "284931"}, "isPromo": true, "isReprint": true, "isStarter": true, "keywords": ["Flying"], "language": "English", "layout": "normal", "legalities": {"alchemy": "Legal", "commander": "Legal", "duel": "Legal", "explorer": "Legal", "gladiator": "Legal", "historic": "Legal", "historicbrawl": "Legal", "legacy": "Legal", "modern": "Legal", "oathbreaker": "Legal", "paupercommander": "Restricted", "penny": "Legal", "pioneer": "Legal", "predh": "Legal", "premodern": "Legal", "vintage": "Legal"}, "manaCost": "{3}{B}{B}", "manaValue": 5.0, "name": "Sengir Vampire", "number": "3", "originalReleaseDate": "2023-03-21", "power": "4", "printings": ["10E", "2ED", "30A", "3ED", "4BB", "4ED", "9ED", "ANB", "BRB", "BTD", "CED", "CEI", "DDK", "DPA", "FBB", "JMP", "LEA", "LEB", "M12", "M14", "M15", "MB1", "ME4", "ORI", "P30H", "PS11", "PTC", "SUM", "TOR", "W16", "W17"], "purchaseUrls": {"tcgplayer": "https://mtgjson.com/links/75dbe0e32a0a3b71"}, "rarity": "rare", "rulings": [{"date": "2007-07-15", "text": "If Sengir Vampire deals nonlethal damage to a creature and then a different effect or damage source causes that creature to be put into a graveyard later in the turn, Sengir Vampire’s ability will trigger and it will get a +1/+1 counter."}, {"date": "2011-09-22", "text": "Each time a creature is put into a graveyard from the battlefield, check whether Sengir Vampire had dealt any damage to it at any time during that turn. If so, Sengir Vampire’s ability will trigger. It doesn’t matter who controlled the creature or whose graveyard it was put into."}, {"date": "2011-09-22", "text": "If Sengir Vampire and a creature it dealt damage to are both put into a graveyard at the same time, Sengir Vampire’s ability will trigger, but it will do nothing when it resolves."}], "securityStamp": "oval", "setCode": "P30H", "subtypes": ["Vampire"], "supertypes": [], "text": "Flying (This creature can't be blocked except by creatures with flying or reach.)\nWhenever a creature dealt damage by Sengir Vampire this turn dies, put a +1/+1 counter on Sengir Vampire.", "toughness": "4", "type": "Creature — Vampire", "types": ["Creature"], "uuid": "f9319dd1-f7b6-50d5-b73a-cf6d0369f950", "variations": ["413b7ca2-6143-557e-b59f-f21249ec5d60"]}, {"artist": "Ai Nanahira", "artistIds": ["651f1c56-b47a-418b-9742-94be1e9482c4"], "availability": ["paper"], "borderColor": "black", "colorIdentity": ["B"], "colors": ["B"], "convertedManaCost": 5.0, "edhrecRank": 13718, "finishes": ["foil"], "foreignData": [{"language": "Japanese", "name": "センギアの吸血鬼", "text": "飛行\nこのターンにセンギアの吸血鬼によってダメージを与えられたクリーチャーが１体死亡するたび、センギアの吸血鬼の上に＋１/＋１カウンターを１個置く。", "type": "クリーチャー — 吸血鬼"}], "frameVersion": "1997", "hasFoil": true, "hasNonFoil": false, "identifiers": {"cardsphereId": "104810", "mtgjsonV4Id": "da512f2f-1558-5282-bb89-9b785bf9741b", "scryfallId": "4ee0d81e-3450-450d-99da-e7d212eb9987", "scryfallIllustrationId": "41fbe93a-9a18-4a5e-ac9a-4c54ad6e6729", "scryfallOracleId": "749141aa-f6c4-4ad8-b146-406e68ae9b0b", "tcgplayerProductId": "284932"}, "isPromo": true, "isReprint": true, "isStarter": true, "keywords": ["Flying"], "language": "English", "layout": "normal", "legalities": {"alchemy": "Legal", "commander": "Legal", "duel": "Legal", "explorer": "Legal", "gladiator": "Legal", "historic": "Legal", "historicbrawl": "Legal", "legacy": "Legal", "modern": "Legal", "oathbreaker": "Legal", "paupercommander": "Restricted", "penny": "Legal", "pioneer": "Legal", "predh": "Legal", "premodern": "Legal", "vintage": "Legal"}, "manaCost": "{3}{B}{B}", "manaValue": 5.0, "name": "Sengir Vampire", "number": "3★", "originalReleaseDate": "2023-03-21", "power": "4", "printings": ["10E", "2ED", "30A", "3ED", "4BB", "4ED", "9ED", "ANB", "BRB", "BTD", "CED", "CEI", "DDK", "DPA", "FBB", "JMP", "LEA", "LEB", "M12", "M14", "M15", "MB1", "ME4", "ORI", "P30H", "PS11", "PTC", "SUM", "TOR", "W16", "W17"], "purchaseUrls": {"tcgplayer": "https://mtgjson.com/links/caddf8cebed3072f"}, "rarity": "rare", "rulings": [{"date": "2007-07-15", "text": "If Sengir Vampire deals nonlethal damage to a creature and then a different effect or damage source causes that creature to be put into a graveyard later in the turn, Sengir Vampire’s ability will trigger and it will get a +1/+1 counter."}, {"date": "2011-09-22", "text": "Each time a creature is put into a graveyard from the battlefield, check whether Sengir Vampire had dealt any damage to it at any time during that turn. If so, Sengir Vampire’s ability will trigger. It doesn’t matter who controlled the creature or whose graveyard it was put into."}, {"date": "2011-09-22", "text": "If Sengir Vampire and a creature it dealt damage to are both put into a graveyard at the same time, Sengir Vampire’s ability will trigger, but it will do nothing when it resolves."}], "setCode": "P30H", "subtypes": ["Vampire"], "supertypes": [], "text": "Flying (This creature can't be blocked except by creatures with flying or reach.)\nWhenever a creature dealt damage by Sengir Vampire this turn dies, put a +1/+1 counter on Sengir Vampire.", "toughness": "4", "type": "Creature — Vampire", "types": ["Creature"], "uuid": "413b7ca2-6143-557e-b59f-f21249ec5d60", "variations": ["f9319dd1-f7b6-50d5-b73a-cf6d0369f950"]}, {"artist": "Satoru Senda", "artistIds": ["56bf2f31-785d-4ceb-84f3-edfb65f3e81c"], "availability": ["paper"], "borderColor": "black", "colorIdentity": ["R"], "colors": ["R"], "convertedManaCost": 6.0, "edhrecRank": 8885, "edhrecSaltiness": 0.25, "finishes": ["foil"], "foreignData": [{"language": "Japanese", "name": "シヴ山のドラゴン", "text": "飛行\n{R}：ターン終了時まで、シヴ山のドラゴンは＋１/＋０の修整を受ける。", "type": "クリーチャー — ドラゴン"}], "frameVersion": "2015", "hasFoil": true, "hasNonFoil": false, "identifiers": {"cardsphereId": "104807", "mtgjsonV4Id": "88e614b9-d8a1-52fe-a10c-50f45b595ae6", "scryfallId": "f76d1d4f-4911-46cd-8adb-af4b5eba48bb", "scryfallIllustrationId": "3e36e37d-342c-4c48-abd9-ad30a310e0d3", "scryfallOracleId": "711eea87-0fa3-46e0-a42b-fa5a86455f04", "tcgplayerProductId": "284937"}, "isPromo": true, "isReprint": true, "isStarter": true, "keywords": ["Flying"], "language": "English", "layout": "normal", "legalities": {"commander": "Legal", "duel": "Legal", "explorer": "Legal", "gladiator": "Legal", "historic": "Legal", "historicbrawl": "Legal", "legacy": "Legal", "modern": "Legal", "oathbreaker": "Legal", "penny": "Legal", "pioneer": "Legal", "predh": "Legal", "premodern": "Legal", "vintage": "Legal"}, "manaCost": "{4}{R}{R}", "manaValue": 6.0, "name": "Shivan Dragon", "number": "4", "originalReleaseDate": "2023-03-21", "power": "5", "printings": ["10E", "2ED", "30A", "3ED", "4BB", "4ED", "5ED", "7ED", "8ED", "9ED", "BTD", "CED", "CEI", "DMR", "DPA", "DRB", "FBB", "GN3", "J21", "LEA", "LEB", "M10", "M14", "M15", "M19", "M20", "ME4", "O90P", "ORI", "P30H", "P30T", "P9ED", "PMEI", "PRM", "PS11", "SLC", "SLD", "SUM", "W16", "W17"], "purchaseUrls": {"tcgplayer": "https://mtgjson.com/links/476bf3c3d782ccb4"}, "rarity": "rare", "securityStamp": "oval", "setCode": "P30H", "subtypes": ["Dragon"], "supertypes": [], "text": "Flying (This creature can't be blocked except by creatures with flying or reach.)\n{R}: Shivan Dragon gets +1/+0 until end of turn.", "toughness": "5", "type": "Creature — Dragon", "types": ["Creature"], "uuid": "a34df2fe-2e8b-5e61-9359-51584af0e5c5", "variations": ["eb3dc68f-4bb8-5526-bb78-fe041831e6bb"]}, {"artist": "Satoru Senda", "artistIds": ["56bf2f31-785d-4ceb-84f3-edfb65f3e81c"], "availability": ["paper"], "borderColor": "black", "colorIdentity": ["R"], "colors": ["R"], "convertedManaCost": 6.0, "edhrecRank": 8885, "edhrecSaltiness": 0.25, "finishes": ["foil"], "foreignData": [{"language": "Japanese", "name": "シヴ山のドラゴン", "text": "飛行\n{R}：ターン終了時まで、シヴ山のドラゴンは＋１/＋０の修整を受ける。", "type": "クリーチャー — ドラゴン"}], "frameVersion": "1997", "hasFoil": true, "hasNonFoil": false, "identifiers": {"cardsphereId": "104812", "mtgjsonV4Id": "8d6ab269-fd7c-5cdd-976f-d5fdb8976a16", "scryfallId": "3dbbfb7f-0e50-454b-a9a1-b4813a95112e", "scryfallIllustrationId": "3e36e37d-342c-4c48-abd9-ad30a310e0d3", "scryfallOracleId": "711eea87-0fa3-46e0-a42b-fa5a86455f04", "tcgplayerProductId": "284939"}, "isPromo": true, "isReprint": true, "isStarter": true, "keywords": ["Flying"], "language": "English", "layout": "normal", "legalities": {"commander": "Legal", "duel": "Legal", "explorer": "Legal", "gladiator": "Legal", "historic": "Legal", "historicbrawl": "Legal", "legacy": "Legal", "modern": "Legal", "oathbreaker": "Legal", "penny": "Legal", "pioneer": "Legal", "predh": "Legal", "premodern": "Legal", "vintage": "Legal"}, "manaCost": "{4}{R}{R}", "manaValue": 6.0, "name": "Shivan Dragon", "number": "4★", "originalReleaseDate": "2023-03-21", "power": "5", "printings": ["10E", "2ED", "30A", "3ED", "4BB", "4ED", "5ED", "7ED", "8ED", "9ED", "BTD", "CED", "CEI", "DMR", "DPA", "DRB", "FBB", "GN3", "J21", "LEA", "LEB", "M10", "M14", "M15", "M19", "M20", "ME4", "O90P", "ORI", "P30H", "P30T", "P9ED", "PMEI", "PRM", "PS11", "SLC", "SLD", "SUM", "W16", "W17"], "purchaseUrls": {"tcgplayer": "https://mtgjson.com/links/6ca78c511d6d0eb6"}, "rarity": "rare", "setCode": "P30H", "subtypes": ["Dragon"], "supertypes": [], "text": "Flying (This creature can't be blocked except by creatures with flying or reach.)\n{R}: Shivan Dragon gets +1/+0 until end of turn.", "toughness": "5", "type": "Creature — Dragon", "types": ["Creature"], "uuid": "eb3dc68f-4bb8-5526-bb78-fe041831e6bb", "variations": ["a34df2fe-2e8b-5e61-9359-51584af0e5c5"]}, {"artist": "Areku Nishiki", "artistIds": ["46445793-236c-4396-9ffd-b2cceacdca20"], "availability": ["paper"], "borderColor": "black", "colorIdentity": ["G"], "colors": ["G"], "convertedManaCost": 1.0, "edhrecRank": 58, "edhrecSaltiness": 0.14, "finishes": ["foil"], "foreignData": [{"language": "Japanese", "name": "ラノワールのエルフ", "text": "{T}：{G}を加える。", "type": "クリーチャー — エルフ・ドルイド"}], "frameVersion": "2015", "hasFoil": true, "hasNonFoil": false, "identifiers": {"cardsphereId": "104803", "mtgjsonV4Id": "3f917ccb-2c22-58cb-923a-e2c636fc990f", "scryfallId": "a07f9f4b-fdac-42c7-b3e7-1852578a35c1", "scryfallIllustrationId": "cae9ceaa-6be7-4ca9-b538-631ed215dee6", "scryfallOracleId": "68954295-54e3-4303-a6bc-fc4547a4e3a3", "tcgplayerProductId": "284942"}, "isPromo": true, "isReprint": true, "isStarter": true, "language": "English", "layout": "normal", "legalities": {"commander": "Legal", "duel": "Legal", "explorer": "Legal", "gladiator": "Legal", "historic": "Legal", "historicbrawl": "Legal", "legacy": "Legal", "modern": "Legal", "oathbreaker": "Legal", "pauper": "Legal", "paupercommander": "Legal", "penny": "Legal", "pioneer": "Legal", "predh": "Legal", "premodern": "Legal", "vintage": "Legal"}, "manaCost": "{G}", "manaValue": 1.0, "name": "Llanowar Elves", "number": "5", "originalReleaseDate": "2023-03-21", "power": "1", "printings": ["10E", "2ED", "30A", "3ED", "4BB", "4ED", "5ED", "6ED", "7ED", "9ED", "ATH", "BRB", "BTD", "C14", "CED", "CEI", "CMA", "DD1", "DOM", "EMA", "EVG", "FBB", "FNM", "GN3", "GNT", "LEA", "LEB", "M10", "M11", "M12", "M19", "MB1", "P30H", "PANA", "PDCI", "PDOM", "PRM", "PTC", "SLD", "SUM", "WC00", "WC01", "WC02", "WC99"], "purchaseUrls": {"tcgplayer": "https://mtgjson.com/links/cacadb22f604a036"}, "rarity": "rare", "securityStamp": "oval", "setCode": "P30H", "subtypes": ["Elf", "Druid"], "supertypes": [], "text": "{T}: Add {G}.", "toughness": "1", "type": "Creature — Elf Druid", "types": ["Creature"], "uuid": "6165b62d-017f-5d8e-8f45-17d6162533ca", "variations": ["b5444ad2-f28d-53a8-9cfc-e884e1ce8d0d"]}, {"artist": "Areku Nishiki", "artistIds": ["46445793-236c-4396-9ffd-b2cceacdca20"], "availability": ["paper"], "borderColor": "black", "colorIdentity": ["G"], "colors": ["G"], "convertedManaCost": 1.0, "edhrecRank": 58, "edhrecSaltiness": 0.14, "finishes": ["foil"], "foreignData": [{"language": "Japanese", "name": "ラノワールのエルフ", "text": "{T}：{G}を加える。", "type": "クリーチャー — エルフ・ドルイド"}], "frameVersion": "1997", "hasFoil": true, "hasNonFoil": false, "identifiers": {"cardsphereId": "104808", "mtgjsonV4Id": "079194d1-e068-52f3-8603-2441a97c3e35", "scryfallId": "0a5ef93a-da5c-44cb-ade6-4ddbecba5614", "scryfallIllustrationId": "cae9ceaa-6be7-4ca9-b538-631ed215dee6", "scryfallOracleId": "68954295-54e3-4303-a6bc-fc4547a4e3a3", "tcgplayerProductId": "284943"}, "isPromo": true, "isReprint": true, "isStarter": true, "language": "English", "layout": "normal", "legalities": {"commander": "Legal", "duel": "Legal", "explorer": "Legal", "gladiator": "Legal", "historic": "Legal", "historicbrawl": "Legal", "legacy": "Legal", "modern": "Legal", "oathbreaker": "Legal", "pauper": "Legal", "paupercommander": "Legal", "penny": "Legal", "pioneer": "Legal", "predh": "Legal", "premodern": "Legal", "vintage": "Legal"}, "manaCost": "{G}", "manaValue": 1.0, "name": "Llanowar Elves", "number": "5★", "originalReleaseDate": "2023-03-21", "power": "1", "printings": ["10E", "2ED", "30A", "3ED", "4BB", "4ED", "5ED", "6ED", "7ED", "9ED", "ATH", "BRB", "BTD", "C14", "CED", "CEI", "CMA", "DD1", "DOM", "EMA", "EVG", "FBB", "FNM", "GN3", "GNT", "LEA", "LEB", "M10", "M11", "M12", "M19", "MB1", "P30H", "PANA", "PDCI", "PDOM", "PRM", "PTC", "SLD", "SUM", "WC00", "WC01", "WC02", "WC99"], "purchaseUrls": {"tcgplayer": "https://mtgjson.com/links/abe450110a809657"}, "rarity": "rare", "setCode": "P30H", "subtypes": ["Elf", "Druid"], "supertypes": [], "text": "{T}: Add {G}.", "toughness": "1", "type": "Creature — Elf Druid", "types": ["Creature"], "uuid": "b5444ad2-f28d-53a8-9cfc-e884e1ce8d0d", "variations": ["6165b62d-017f-5d8e-8f45-17d6162533ca"]}], "cardsphereSetId": 1653, "code": "P30H", "isFoilOnly": true, "isOnlineOnly": false, "keyruneCode": "PMEI", "languages": ["English", "Japanese"], "name": "30th Anniversary History Promos", "parentCode": "30A", "releaseDate": "2022-09-09", "tokens": [], "totalSetSize": 10, "translations": {}, "type": "promo"}}