{"meta": {"date": "2023-08-19", "version": "5.2.1+20230819"}, "data": {"baseSetSize": 1, "block": "Core Set", "cards": [{"artist": "Mark Zug", "artistIds": ["48e2b98c-5467-4671-bd42-4c3746115117"], "availability": ["paper"], "borderColor": "black", "colorIdentity": ["R"], "colors": ["R"], "convertedManaCost": 4.0, "edhrecRank": 13501, "finishes": ["foil"], "flavorText": "Called \"stonefeathers\" by many lowlanders, rukhs are thought to descend from a phoenix that sacrificed its flame for a body of stone.", "foreignData": [], "frameVersion": "2003", "hasFoil": true, "hasNonFoil": false, "identifiers": {"cardKingdomFoilId": "117258", "cardsphereId": "69875", "mcmId": "17728", "mtgjsonV4Id": "95f7fb81-fecc-5adf-96af-c5dad9780f35", "scryfallId": "1e0b6ca1-9008-48dc-8103-2fe4def3c345", "scryfallIllustrationId": "9a86fdc3-e878-4888-9353-815dff3f9c95", "scryfallOracleId": "98116aec-2ab1-4bee-b727-9feff6274825", "tcgplayerProductId": "38422"}, "isPromo": true, "isReprint": true, "isStarter": true, "language": "English", "layout": "normal", "legalities": {"commander": "Legal", "duel": "Legal", "legacy": "Legal", "modern": "Legal", "oathbreaker": "Legal", "pauper": "Legal", "paupercommander": "Legal", "penny": "Legal", "predh": "Legal", "vintage": "Legal"}, "manaCost": "{3}{R}", "manaValue": 4.0, "name": "Rukh Egg", "number": "216★", "originalReleaseDate": "2003-07-26", "power": "0", "printings": ["8ED", "9ED", "ARN", "P8ED", "PRM"], "promoTypes": ["release"], "purchaseUrls": {"cardKingdomFoil": "https://mtgjson.com/links/cfcdb53f26476339", "tcgplayer": "https://mtgjson.com/links/bd6f48a7a8821281"}, "rarity": "rare", "rulings": [{"date": "2004-10-04", "text": "If the Rukh Egg card is removed from the graveyard in the same turn it is put there, a Bird will still be put onto the battlefield."}, {"date": "2005-10-01", "text": "If the Egg is exiled instead of being put into the graveyard, no Bird is put onto the battlefield."}, {"date": "2005-10-01", "text": "Text-changing effects can be used to change the color of the Bird that will be put onto the battlefield."}, {"date": "2005-10-01", "text": "If the Egg is destroyed while under the control of another player, the controller of the Egg gets the Bird."}], "setCode": "P8ED", "subtypes": ["Bird", "Egg"], "supertypes": [], "text": "When Rukh Egg dies, create a 4/4 red Bird creature token with flying at the beginning of the next end step.", "toughness": "3", "type": "Creature — Bird Egg", "types": ["Creature"], "uuid": "2ca00ca9-e607-57c2-9ce4-2505087092d4", "watermark": "mtg10"}], "code": "P8ED", "isFoilOnly": true, "isOnlineOnly": false, "keyruneCode": "8ED", "languages": ["English"], "name": "Eighth Edition Promos", "parentCode": "8ED", "releaseDate": "2003-07-28", "tokens": [], "totalSetSize": 1, "translations": {}, "type": "promo"}}