{"meta": {"date": "2023-08-19", "version": "5.2.1+20230819"}, "data": {"baseSetSize": 8, "block": "Arena League", "cards": [{"artist": "John Avon", "artistIds": ["798f3932-30e0-4420-aa3f-db4d613f89ca"], "availability": ["paper"], "borderColor": "black", "colorIdentity": ["W"], "colors": [], "convertedManaCost": 0.0, "edhrecSaltiness": 0.31, "finishes": ["nonfoil"], "foreignData": [], "frameVersion": "2003", "hasFoil": false, "hasNonFoil": true, "identifiers": {"cardKingdomId": "188805", "cardsphereId": "5700", "mcmId": "18256", "mtgjsonV4Id": "6dea800b-a88d-5eb1-a3c7-3eb200b0fd04", "scryfallId": "bd0f1d3e-a659-4c07-9e5d-b18750dc00fc", "scryfallIllustrationId": "85caae16-dbd6-46c5-9144-720da6b78800", "scryfallOracleId": "bc71ebf6-2056-41f7-be35-b2e5c34afa99", "tcgplayerProductId": "38021"}, "isPromo": true, "isReprint": true, "isStarter": true, "language": "English", "layout": "normal", "legalities": {"alchemy": "Legal", "brawl": "Legal", "commander": "Legal", "duel": "Legal", "explorer": "Legal", "future": "Legal", "gladiator": "Legal", "historic": "Legal", "historicbrawl": "Legal", "legacy": "Legal", "modern": "Legal", "oathbreaker": "Legal", "pauper": "Legal", "paupercommander": "Legal", "penny": "Legal", "pioneer": "Legal", "predh": "Legal", "premodern": "Legal", "standard": "Legal", "vintage": "Legal"}, "manaValue": 0.0, "name": "Plains", "number": "1", "printings": ["10E", "2ED", "2XM", "30A", "3ED", "40K", "4BB", "4ED", "5ED", "6ED", "7ED", "8ED", "9ED", "AFR", "AKH", "AKR", "ALA", "ANA", "ANB", "ARC", "ATH", "AVR", "BBD", "BFZ", "BRB", "BRC", "BRO", "C13", "C14", "C15", "C16", "C17", "C18", "C19", "CED", "CEI", "CHK", "CLB", "CM2", "CMA", "CMD", "CMM", "CMR", "CST", "DDC", "DDE", "DDF", "DDG", "DDH", "DDI", "DDK", "DDL", "DDN", "DDO", "DDP", "DDQ", "DMR", "DMU", "DOM", "DTK", "DVD", "E01", "ELD", "FBB", "FRF", "G17", "GK1", "GK2", "GN2", "GN3", "GNT", "GRN", "GS1", "H09", "HBG", "HOP", "HOU", "ICE", "IKO", "INV", "ISD", "ITP", "J14", "J22", "JMP", "KHM", "KLD", "KLR", "KTK", "LEA", "LEB", "LRW", "LTR", "M10", "M11", "M12", "M13", "M14", "M15", "M19", "M20", "M21", "MBS", "MD1", "ME1", "ME3", "MH2", "MID", "MIR", "MMQ", "MOM", "MRD", "NEO", "NPH", "ODY", "OLEP", "ONE", "ONS", "ORI", "P02", "PAL00", "PAL01", "PAL03", "PAL04", "PAL05", "PAL06", "PAL99", "PALP", "PANA", "PARL", "PC2", "PCA", "PCTB", "PDGM", "PELP", "PF19", "PF20", "PGPX", "PGRU", "PLIST", "PMPS", "PMPS06", "PMPS07", "PMPS08", "PMPS09", "PMPS10", "PMPS11", "POR", "PPP1", "PRM", "PRW2", "PRWK", "PS11", "PSAL", "PSS2", "PSS3", "PTC", "PTK", "PZ2", "RAV", "RIX", "RNA", "ROE", "RQS", "RTR", "S99", "SCD", "SHM", "SIR", "SLD", "SNC", "SOI", "SOM", "STX", "SUM", "TD0", "TD2", "THB", "THS", "TMP", "TPR", "TSP", "UGL", "UND", "UNF", "UNH", "USG", "UST", "VOW", "WAR", "WC00", "WC02", "WC03", "WC04", "WC97", "WC98", "WHO", "WOE", "XANA", "XLN", "ZEN", "ZNR"], "promoTypes": ["arenaleague"], "purchaseUrls": {"cardKingdom": "https://mtgjson.com/links/37ea099e63a10845", "tcgplayer": "https://mtgjson.com/links/2e3c61fd3e3a0e4e"}, "rarity": "rare", "setCode": "PAL04", "subtypes": ["Plains"], "supertypes": ["Basic"], "text": "({T}: Add {W}.)", "type": "Basic Land — Plains", "types": ["Land"], "uuid": "e6d2bff2-e392-5bb1-96ea-9c0adc853358"}, {"artist": "John Avon", "artistIds": ["798f3932-30e0-4420-aa3f-db4d613f89ca"], "availability": ["paper"], "borderColor": "black", "colorIdentity": ["U"], "colors": [], "convertedManaCost": 0.0, "edhrecSaltiness": 0.73, "finishes": ["nonfoil"], "foreignData": [], "frameVersion": "2003", "hasFoil": false, "hasNonFoil": true, "identifiers": {"cardKingdomId": "188802", "cardsphereId": "5677", "mcmId": "18236", "mtgjsonV4Id": "0de8d8ec-bbc9-552b-9609-6e7dd104accb", "scryfallId": "dd43b070-6a10-44b9-8501-0c2c8ef1f135", "scryfallIllustrationId": "5046ec57-d2d7-4005-b09f-7774654da77f", "scryfallOracleId": "b2c6aa39-2d2a-459c-a555-fb48ba993373", "tcgplayerProductId": "37998"}, "isPromo": true, "isReprint": true, "isStarter": true, "language": "English", "layout": "normal", "legalities": {"alchemy": "Legal", "brawl": "Legal", "commander": "Legal", "duel": "Legal", "explorer": "Legal", "future": "Legal", "gladiator": "Legal", "historic": "Legal", "historicbrawl": "Legal", "legacy": "Legal", "modern": "Legal", "oathbreaker": "Legal", "pauper": "Legal", "paupercommander": "Legal", "penny": "Legal", "pioneer": "Legal", "predh": "Legal", "premodern": "Legal", "standard": "Legal", "vintage": "Legal"}, "manaValue": 0.0, "name": "Island", "number": "2", "printings": ["10E", "2ED", "2XM", "30A", "3ED", "40K", "4BB", "4ED", "5ED", "6ED", "7ED", "8ED", "9ED", "AFR", "AKH", "AKR", "ALA", "ANA", "ANB", "ARC", "AVR", "BBD", "BFZ", "BRB", "BRC", "BRO", "BTD", "C13", "C14", "C15", "C16", "C17", "C18", "C19", "CED", "CEI", "CHK", "CLB", "CM2", "CMA", "CMD", "CMM", "CMR", "CST", "DD2", "DDE", "DDF", "DDH", "DDI", "DDJ", "DDM", "DDN", "DDO", "DDQ", "DDS", "DDT", "DDU", "DMR", "DMU", "DOM", "DPA", "DTK", "E01", "ELD", "FBB", "FRF", "G17", "GK1", "GK2", "GN2", "GN3", "GNT", "GRN", "GS1", "H09", "HBG", "HOP", "HOU", "ICE", "IKO", "INV", "ISD", "ITP", "J14", "J22", "JMP", "JVC", "KHM", "KLD", "KLR", "KTK", "LEA", "LEB", "LRW", "LTR", "M10", "M11", "M12", "M13", "M14", "M15", "M19", "M20", "M21", "MBS", "ME1", "ME3", "MH2", "MID", "MIR", "MMQ", "MOM", "MRD", "NEO", "NPH", "ODY", "OLEP", "ONE", "ONS", "ORI", "P02", "PAL00", "PAL01", "PAL02", "PAL03", "PAL04", "PAL05", "PAL06", "PAL99", "PALP", "PANA", "PARL", "PC2", "PCA", "PCTB", "PELP", "PF19", "PF20", "PGPX", "PGRU", "PHED", "PLIST", "PMPS", "PMPS06", "PMPS07", "PMPS08", "PMPS09", "PMPS10", "PMPS11", "POR", "PPP1", "PRM", "PRW2", "PRWK", "PS11", "PSAL", "PSS2", "PSS3", "PTC", "PTK", "PZ2", "RAV", "RIX", "RNA", "ROE", "RQS", "RTR", "S99", "SCD", "SHM", "SIR", "SLD", "SNC", "SOI", "SOM", "STX", "SUM", "TD0", "TD2", "THB", "THS", "TMP", "TPR", "TSP", "UGL", "UND", "UNF", "UNH", "USG", "UST", "VOW", "WAR", "WC00", "WC01", "WC02", "WC03", "WC04", "WC97", "WC98", "WHO", "WOE", "XANA", "XLN", "ZEN", "ZNR"], "promoTypes": ["arenaleague"], "purchaseUrls": {"cardKingdom": "https://mtgjson.com/links/8f4ae94fc8783e84", "tcgplayer": "https://mtgjson.com/links/b1e0b7f82f01bc00"}, "rarity": "rare", "setCode": "PAL04", "subtypes": ["Island"], "supertypes": ["Basic"], "text": "({T}: Add {U}.)", "type": "Basic Land — Island", "types": ["Land"], "uuid": "3896de21-6b60-5659-8b79-48f5c38b6db8"}, {"artist": "John Avon", "artistIds": ["798f3932-30e0-4420-aa3f-db4d613f89ca"], "availability": ["paper"], "borderColor": "black", "colorIdentity": ["B"], "colors": [], "convertedManaCost": 0.0, "edhrecSaltiness": 0.31, "finishes": ["nonfoil"], "foreignData": [], "frameVersion": "2003", "hasFoil": false, "hasNonFoil": true, "identifiers": {"cardKingdomId": "188804", "cardsphereId": "5716", "mcmId": "18270", "mtgjsonV4Id": "53d723ca-e5d8-519e-bac2-b05059209861", "scryfallId": "901c4c2e-0403-483c-9505-63ca51156a29", "scryfallIllustrationId": "a9aebde4-2661-4fdd-9265-0b26951518f8", "scryfallOracleId": "56719f6a-1a6c-4c0a-8d21-18f7d7350b68", "tcgplayerProductId": "38036"}, "isPromo": true, "isReprint": true, "isStarter": true, "language": "English", "layout": "normal", "legalities": {"alchemy": "Legal", "brawl": "Legal", "commander": "Legal", "duel": "Legal", "explorer": "Legal", "future": "Legal", "gladiator": "Legal", "historic": "Legal", "historicbrawl": "Legal", "legacy": "Legal", "modern": "Legal", "oathbreaker": "Legal", "pauper": "Legal", "paupercommander": "Legal", "penny": "Legal", "pioneer": "Legal", "predh": "Legal", "premodern": "Legal", "standard": "Legal", "vintage": "Legal"}, "manaValue": 0.0, "name": "Swamp", "number": "3", "printings": ["10E", "2ED", "2XM", "30A", "3ED", "40K", "4BB", "4ED", "5ED", "6ED", "7ED", "8ED", "9ED", "AFR", "AKH", "AKR", "ALA", "ANA", "ANB", "ARC", "ATH", "AVR", "BBD", "BFZ", "BRB", "BRC", "BRO", "BTD", "C13", "C14", "C15", "C16", "C17", "C18", "C19", "CED", "CEI", "CHK", "CLB", "CM2", "CMA", "CMD", "CMM", "CST", "DDC", "DDD", "DDE", "DDH", "DDJ", "DDK", "DDM", "DDN", "DDP", "DDQ", "DDR", "DKM", "DMR", "DMU", "DOM", "DPA", "DTK", "DVD", "E01", "ELD", "FBB", "FRF", "G17", "GK1", "GK2", "GN2", "GN3", "GNT", "GRN", "GVL", "H09", "HBG", "HOP", "HOU", "ICE", "IKO", "INV", "ISD", "ITP", "J14", "J22", "JMP", "KHM", "KLD", "KLR", "KTK", "LEA", "LEB", "LRW", "LTR", "M10", "M11", "M12", "M13", "M14", "M15", "M19", "M20", "M21", "MBS", "MD1", "ME1", "ME3", "MH2", "MID", "MIR", "MMQ", "MOM", "MRD", "NEO", "NPH", "ODY", "OLEP", "ONE", "ONS", "ORI", "P02", "PAL00", "PAL01", "PAL03", "PAL04", "PAL05", "PAL06", "PAL99", "PALP", "PANA", "PARL", "PC2", "PCA", "PCTB", "PD3", "PELP", "PF19", "PF20", "PGPX", "PGRU", "PHUK", "PMPS", "PMPS06", "PMPS07", "PMPS08", "PMPS09", "PMPS10", "PMPS11", "POR", "PPP1", "PRM", "PRW2", "PRWK", "PS11", "PSAL", "PSS2", "PSS3", "PTC", "PTK", "RAV", "RIX", "RNA", "ROE", "RQS", "RTR", "S99", "SCD", "SHM", "SIR", "SLD", "SNC", "SOI", "SOM", "STX", "SUM", "TD0", "TD2", "THB", "THS", "TMP", "TPR", "TSP", "UGL", "UND", "UNF", "UNH", "USG", "UST", "VOW", "WAR", "WC01", "WC02", "WC03", "WC97", "WC98", "WC99", "WHO", "WOE", "XANA", "XLN", "ZEN", "ZNR"], "promoTypes": ["arenaleague"], "purchaseUrls": {"cardKingdom": "https://mtgjson.com/links/3550e3b64b144224", "tcgplayer": "https://mtgjson.com/links/41241b06b4079433"}, "rarity": "rare", "setCode": "PAL04", "subtypes": ["Swamp"], "supertypes": ["Basic"], "text": "({T}: Add {B}.)", "type": "Basic Land — Swamp", "types": ["Land"], "uuid": "1f279425-693d-5f01-8074-2e56252d81f0"}, {"artist": "John Avon", "artistIds": ["798f3932-30e0-4420-aa3f-db4d613f89ca"], "availability": ["paper"], "borderColor": "black", "colorIdentity": ["R"], "colors": [], "convertedManaCost": 0.0, "edhrecSaltiness": 0.32, "finishes": ["nonfoil"], "foreignData": [], "frameVersion": "2003", "hasFoil": false, "hasNonFoil": true, "identifiers": {"cardKingdomId": "188803", "cardsphereId": "5690", "mcmId": "18247", "mtgjsonV4Id": "43575d72-3b65-5856-bbd0-d6fc0e9e7462", "scryfallId": "af2901cb-7c2a-4471-a824-326e97196201", "scryfallIllustrationId": "9b648102-f258-44f3-9b52-e5fcedee9e89", "scryfallOracleId": "a3fb7228-e76b-4e96-a40e-20b5fed75685", "tcgplayerProductId": "38012"}, "isPromo": true, "isReprint": true, "isStarter": true, "language": "English", "layout": "normal", "legalities": {"alchemy": "Legal", "brawl": "Legal", "commander": "Legal", "duel": "Legal", "explorer": "Legal", "future": "Legal", "gladiator": "Legal", "historic": "Legal", "historicbrawl": "Legal", "legacy": "Legal", "modern": "Legal", "oathbreaker": "Legal", "pauper": "Legal", "paupercommander": "Legal", "penny": "Legal", "pioneer": "Legal", "predh": "Legal", "premodern": "Legal", "standard": "Legal", "vintage": "Legal"}, "manaValue": 0.0, "name": "Mountain", "number": "4", "printings": ["10E", "2ED", "2XM", "30A", "3ED", "40K", "4BB", "4ED", "5ED", "6ED", "7ED", "8ED", "9ED", "AFR", "AKH", "AKR", "ALA", "ANA", "ANB", "ARC", "ARN", "ATH", "AVR", "BBD", "BFZ", "BRB", "BRC", "BRO", "BTD", "C13", "C14", "C15", "C16", "C17", "C18", "C19", "CED", "CEI", "CHK", "CLB", "CM2", "CMA", "CMD", "CMM", "CMR", "CST", "DD1", "DD2", "DDE", "DDG", "DDH", "DDI", "DDJ", "DDK", "DDL", "DDN", "DDP", "DDS", "DDT", "DDU", "DKM", "DMR", "DMU", "DOM", "DPA", "DTK", "E01", "ELD", "EVG", "FBB", "FRF", "G17", "GK1", "GK2", "GN2", "GN3", "GNT", "GRN", "GS1", "H09", "HBG", "HOP", "HOU", "ICE", "IKO", "INV", "ISD", "ITP", "J14", "J22", "JMP", "JVC", "KHM", "KLD", "KLR", "KTK", "LEA", "LEB", "LRW", "LTR", "M10", "M11", "M12", "M13", "M14", "M15", "M19", "M20", "M21", "MBS", "ME1", "ME3", "MH2", "MID", "MIR", "MMQ", "MOM", "MRD", "NEO", "NPH", "ODY", "OLEP", "ONE", "ONS", "ORI", "P02", "PAL00", "PAL01", "PAL03", "PAL04", "PAL05", "PAL06", "PAL99", "PALP", "PANA", "PARL", "PC2", "PCA", "PCTB", "PD2", "PELP", "PF19", "PF20", "PGPX", "PGRU", "PHED", "PLIST", "PMPS", "PMPS06", "PMPS07", "PMPS08", "PMPS09", "PMPS10", "PMPS11", "POR", "PPP1", "PRM", "PRW2", "PRWK", "PS11", "PSAL", "PSS2", "PSS3", "PTC", "PTK", "PZ2", "RAV", "RIX", "RNA", "ROE", "RQS", "RTR", "S99", "SCD", "SHM", "SIR", "SLD", "SNC", "SOI", "SOM", "STX", "SUM", "TD0", "THB", "THS", "TMP", "TPR", "TSP", "UGL", "UND", "UNF", "UNH", "USG", "UST", "VOW", "WAR", "WC00", "WC01", "WC02", "WC03", "WC97", "WC98", "WC99", "WHO", "WOE", "XANA", "XLN", "ZEN", "ZNR"], "promoTypes": ["arenaleague"], "purchaseUrls": {"cardKingdom": "https://mtgjson.com/links/70faea0fee3fe947", "tcgplayer": "https://mtgjson.com/links/7760e3bd4459f38a"}, "rarity": "rare", "setCode": "PAL04", "subtypes": ["Mountain"], "supertypes": ["Basic"], "text": "({T}: Add {R}.)", "type": "Basic Land — Mountain", "types": ["Land"], "uuid": "bd024eff-b3ca-5811-af4c-90cafe99ef0d"}, {"artist": "John Avon", "artistIds": ["798f3932-30e0-4420-aa3f-db4d613f89ca"], "availability": ["paper"], "borderColor": "black", "colorIdentity": ["G"], "colors": [], "convertedManaCost": 0.0, "edhrecSaltiness": 0.41, "finishes": ["nonfoil"], "foreignData": [], "frameVersion": "2003", "hasFoil": false, "hasNonFoil": true, "identifiers": {"cardKingdomId": "188801", "cardsphereId": "5663", "mcmId": "18223", "mtgjsonV4Id": "02acf0b7-70bf-57bf-9e52-068f884e379d", "scryfallId": "9c090dcd-0fa4-4f36-8494-98d52f70ffef", "scryfallIllustrationId": "01f1040f-4705-464a-b22b-2f0c4f8b17c8", "scryfallOracleId": "b34bb2dc-c1af-4d77-b0b3-a0fb342a5fc6", "tcgplayerProductId": "37985"}, "isPromo": true, "isReprint": true, "isStarter": true, "language": "English", "layout": "normal", "legalities": {"alchemy": "Legal", "brawl": "Legal", "commander": "Legal", "duel": "Legal", "explorer": "Legal", "future": "Legal", "gladiator": "Legal", "historic": "Legal", "historicbrawl": "Legal", "legacy": "Legal", "modern": "Legal", "oathbreaker": "Legal", "pauper": "Legal", "paupercommander": "Legal", "penny": "Legal", "pioneer": "Legal", "predh": "Legal", "premodern": "Legal", "standard": "Legal", "vintage": "Legal"}, "manaValue": 0.0, "name": "Forest", "number": "5", "printings": ["10E", "2ED", "2XM", "30A", "3ED", "40K", "4BB", "4ED", "5ED", "6ED", "7ED", "8ED", "9ED", "AFR", "AKH", "AKR", "ALA", "ANA", "ANB", "ARC", "ATH", "AVR", "BBD", "BFZ", "BRB", "BRO", "BTD", "C13", "C14", "C15", "C16", "C17", "C18", "C19", "CED", "CEI", "CHK", "CLB", "CM2", "CMA", "CMD", "CMM", "CMR", "CST", "DD1", "DDD", "DDE", "DDG", "DDH", "DDJ", "DDL", "DDM", "DDO", "DDP", "DDR", "DDS", "DDU", "DKM", "DMR", "DMU", "DOM", "DPA", "DTK", "E01", "ELD", "EVG", "FBB", "FRF", "G17", "GK1", "GK2", "GN2", "GN3", "GNT", "GRN", "GS1", "GVL", "H09", "HBG", "HOP", "HOU", "ICE", "IKO", "INV", "ISD", "ITP", "J14", "J22", "JMP", "KHM", "KLD", "KLR", "KTK", "LEA", "LEB", "LRW", "LTR", "M10", "M11", "M12", "M13", "M14", "M15", "M19", "M20", "M21", "MBS", "ME1", "ME3", "MH2", "MID", "MIR", "MMQ", "MOM", "MRD", "NEO", "NPH", "ODY", "OLEP", "ONE", "ONS", "ORI", "P02", "PAL00", "PAL01", "PAL03", "PAL04", "PAL05", "PAL06", "PAL99", "PALP", "PANA", "PARL", "PC2", "PCA", "PCTB", "PELP", "PF19", "PF20", "PGPX", "PGRU", "PMPS", "PMPS06", "PMPS07", "PMPS08", "PMPS09", "PMPS10", "PMPS11", "POR", "PPP1", "PRM", "PRW2", "PRWK", "PS11", "PSAL", "PSS2", "PSS3", "PTC", "PTK", "PZ2", "RAV", "RIX", "RNA", "ROE", "RQS", "RTR", "S99", "SCD", "SHM", "SIR", "SLD", "SNC", "SOI", "SOM", "STX", "SUM", "TD0", "TD2", "THB", "THS", "TMP", "TPR", "TSP", "UGL", "UND", "UNF", "UNH", "USG", "UST", "VOW", "WAR", "WC00", "WC01", "WC02", "WC03", "WC04", "WC97", "WC98", "WC99", "WHO", "WOE", "XANA", "XLN", "ZEN", "ZNR"], "promoTypes": ["arenaleague"], "purchaseUrls": {"cardKingdom": "https://mtgjson.com/links/a9dc6f8d1087ffc0", "tcgplayer": "https://mtgjson.com/links/fa9a929dc089bb13"}, "rarity": "rare", "setCode": "PAL04", "subtypes": ["Forest"], "supertypes": ["Basic"], "text": "({T}: Add {G}.)", "type": "Basic Land — Forest", "types": ["Land"], "uuid": "956ce46d-5f73-5e2a-b742-bd5c6cddf890"}, {"artist": "Martina Pilcerova", "artistIds": ["30fead7c-da53-4c1b-b514-4be6e5ce487c"], "availability": ["paper"], "borderColor": "black", "colorIdentity": [], "colors": [], "convertedManaCost": 3.0, "edhrecRank": 914, "edhrecSaltiness": 0.16, "finishes": ["foil"], "foreignData": [], "frameVersion": "2003", "hasFoil": true, "hasNonFoil": false, "identifiers": {"cardKingdomFoilId": "125664", "cardsphereId": "5650", "mcmId": "18206", "mtgjsonV4Id": "ee9e7964-622a-5a37-9316-e9799cb9ea0e", "scryfallId": "62190d2d-16fc-4d71-84fd-abdf52bb5af5", "scryfallIllustrationId": "fa864803-3d08-49ac-a040-0e4d2cc4fd86", "scryfallOracleId": "a2529491-7389-4cfa-92d2-145eda779603", "tcgplayerProductId": "37974"}, "isPromo": true, "isReprint": true, "isStarter": true, "keywords": ["Indestructible"], "language": "English", "layout": "normal", "legalities": {"commander": "Legal", "duel": "Legal", "legacy": "Legal", "modern": "Legal", "oathbreaker": "Legal", "pauper": "Legal", "paupercommander": "Legal", "penny": "Legal", "pioneer": "Legal", "predh": "Legal", "vintage": "Legal"}, "manaCost": "{3}", "manaValue": 3.0, "name": "Darksteel Ingot", "number": "6", "printings": ["C13", "C15", "C16", "C17", "CM2", "CMA", "CMD", "CMM", "DST", "M14", "PAL04", "PRM", "SLD"], "promoTypes": ["arenaleague"], "purchaseUrls": {"cardKingdomFoil": "https://mtgjson.com/links/3647b933f3fe20e0", "tcgplayer": "https://mtgjson.com/links/34ca208dd0b1e0d9"}, "rarity": "rare", "setCode": "PAL04", "subtypes": [], "supertypes": [], "text": "Indestructible\n{T}: Add one mana of any color.", "type": "Artifact", "types": ["Artifact"], "uuid": "3c55d8f4-1edc-5a88-883b-12694597c8a1", "watermark": "arena"}, {"artist": "Ben Thompson", "artistIds": ["f3116c88-57f4-4fd1-95f3-cfd163977661"], "availability": ["paper"], "borderColor": "black", "colorIdentity": ["U"], "colors": ["U"], "convertedManaCost": 1.0, "edhrecRank": 578, "edhrecSaltiness": 0.09, "finishes": ["foil"], "foreignData": [], "frameVersion": "2003", "hasFoil": true, "hasNonFoil": false, "identifiers": {"cardKingdomFoilId": "125673", "cardsphereId": "5708", "mcmId": "18260", "mtgjsonV4Id": "ad4c5cf2-c28e-5a32-9756-372823d3d4bc", "scryfallId": "77e241f0-4cdc-4e37-b5b1-6f47f385d381", "scryfallIllustrationId": "ca3e7f3b-1d76-4cf7-940d-5a8d153ad602", "scryfallOracleId": "56956afd-db53-4542-816b-490c8b0bbcf7", "tcgplayerProductId": "38030"}, "isPromo": true, "isReprint": true, "isStarter": true, "keywords": ["Scry"], "language": "English", "layout": "normal", "legalities": {"commander": "Legal", "duel": "Legal", "legacy": "Legal", "modern": "Legal", "oathbreaker": "Legal", "pauper": "Legal", "paupercommander": "Legal", "predh": "Legal", "vintage": "Legal"}, "manaCost": "{U}", "manaValue": 1.0, "name": "Serum Visions", "number": "7", "printings": ["5DN", "AFC", "C21", "CN2", "F15", "J22", "MM3", "PAL04", "PHED", "PRM", "SLD", "WC04"], "promoTypes": ["arenaleague"], "purchaseUrls": {"cardKingdomFoil": "https://mtgjson.com/links/2e708a1a2c5a5ee1", "tcgplayer": "https://mtgjson.com/links/197ab6dd2cd89f16"}, "rarity": "rare", "setCode": "PAL04", "subtypes": [], "supertypes": [], "text": "Draw a card. Scry 2.", "type": "Sorcery", "types": ["Sorcery"], "uuid": "de688a13-6982-54ba-8aab-813b406b754b", "watermark": "arena"}, {"artist": "Jim Murray", "artistIds": ["1c906f9b-5bbe-4643-8f5c-90eb1c7f0c43"], "availability": ["paper"], "borderColor": "black", "colorIdentity": ["R"], "colors": ["R"], "convertedManaCost": 2.0, "edhrecRank": 16900, "edhrecSaltiness": 0.04, "finishes": ["foil"], "foreignData": [], "frameVersion": "2003", "hasFoil": true, "hasNonFoil": false, "identifiers": {"cardKingdomFoilId": "125670", "cardsphereId": "5672", "mcmId": "18227", "mtgjsonV4Id": "886a2968-b476-51ae-9593-7e9d19b0e0d8", "scryfallId": "04c713fd-df47-4b35-bd37-ab65d853bdc8", "scryfallIllustrationId": "364d11ae-ce12-4a83-a2c1-9206752ab4af", "scryfallOracleId": "e65a8ab8-84a7-4fe2-b009-ceb87bec6b4e", "tcgplayerProductId": "37995"}, "isPromo": true, "isReprint": true, "isStarter": true, "keywords": ["Splice"], "language": "English", "layout": "normal", "legalities": {"commander": "Legal", "duel": "Legal", "legacy": "Legal", "modern": "Legal", "oathbreaker": "Legal", "pauper": "Legal", "paupercommander": "Legal", "penny": "Legal", "predh": "Legal", "vintage": "Legal"}, "manaCost": "{1}{R}", "manaValue": 2.0, "name": "Glacial Ray", "number": "8", "printings": ["CHK", "MMA", "PAL04", "PRM"], "promoTypes": ["arenaleague"], "purchaseUrls": {"cardKingdomFoil": "https://mtgjson.com/links/afa5340d9be258bb", "tcgplayer": "https://mtgjson.com/links/46f0be746d810654"}, "rarity": "rare", "rulings": [{"date": "2013-06-07", "text": "You reveal all cards you intend to splice at the same time. Each individual card can be spliced only once onto any one spell."}, {"date": "2013-06-07", "text": "A card with a splice ability can’t be spliced onto itself because the spell is on the stack (and not in your hand) when you reveal the cards you want to splice onto it."}, {"date": "2013-06-07", "text": "You choose all targets for the spell after revealing cards you want to splice, including any targets required by the text of any of those cards. You may choose a different target for each instance of the word “target” on the resulting spell."}, {"date": "2013-06-07", "text": "If all of the spell’s targets are illegal when the spell tries to resolve, it won’t resolve and none of its effects will happen."}], "setCode": "PAL04", "subtypes": ["Arcane"], "supertypes": [], "text": "Glacial Ray deals 2 damage to any target.\nSplice onto Arcane {1}{R} (As you cast an Arcane spell, you may reveal this card from your hand and pay its splice cost. If you do, add this card's effects to that spell.)", "type": "Instant — Arcane", "types": ["Instant"], "uuid": "6be6929c-6991-50b9-8c1c-00e9fb41c9c7", "watermark": "arena"}, {"artist": "Mark “It’s teh-DEEN” Tedin", "artistIds": ["9ee9a9cc-c09e-486f-918b-69f80cbc4188"], "availability": ["paper"], "borderColor": "silver", "colorIdentity": ["W"], "colors": ["W"], "convertedManaCost": 2.0, "finishes": ["nonfoil"], "foreignData": [], "frameVersion": "2003", "hasFoil": false, "hasNonFoil": true, "identifiers": {"cardKingdomId": "126583", "cardsphereId": "5647", "mcmId": "18203", "mtgjsonV4Id": "2e4e3f71-f48b-55ff-91bf-1fe0a6a99aa0", "scryfallId": "ba69864e-aee2-4b9f-821c-8b4a1c05c2ac", "scryfallIllustrationId": "5b7e6533-69c0-4b95-8e45-4590964585df", "scryfallOracleId": "d2b40c9a-e68a-415a-8112-b316b5be057b", "tcgplayerProductId": "37971"}, "isPromo": true, "isReprint": true, "isStarter": true, "language": "English", "layout": "normal", "legalities": {}, "manaCost": "{1}{W}", "manaValue": 2.0, "name": "Circle of Protection: Art", "number": "9", "printings": ["PAL04", "UNH"], "promoTypes": ["arenaleague"], "purchaseUrls": {"cardKingdom": "https://mtgjson.com/links/dc4274cbac6ddf70", "tcgplayer": "https://mtgjson.com/links/1406d70b6d47299e"}, "rarity": "rare", "setCode": "PAL04", "subtypes": [], "supertypes": [], "text": "As Circle of Protection: Art enters the battlefield, choose an artist.\n{1}{W}: The next time a source of your choice with art by the chosen artist would deal damage to you this turn, prevent that damage.\n{1}{W}: Return Circle of Protection: Art to its owner's hand.", "type": "Enchantment", "types": ["Enchantment"], "uuid": "4a1b7828-93ce-5f7e-b1b9-c2c35acb5fec"}, {"artist": "Mark Zug", "artistIds": ["48e2b98c-5467-4671-bd42-4c3746115117"], "availability": ["paper"], "borderColor": "silver", "colorIdentity": ["U"], "colors": ["U"], "convertedManaCost": 1.0, "finishes": ["nonfoil"], "flavorText": "Statistically mind-staggering as it might seem, the term \"mise\" was in fact coined simultaneously by over one thousand Magic players.", "foreignData": [], "frameVersion": "2003", "hasFoil": false, "hasNonFoil": true, "identifiers": {"cardKingdomId": "126586", "cardsphereId": "5687", "mcmId": "18241", "mtgjsonV4Id": "38c57b46-b695-5cbf-8c60-b673a6bba16e", "scryfallId": "6ecbc4d8-cb45-4c3d-8e93-8b517ca7da7f", "scryfallIllustrationId": "fbb7112a-1782-41cc-877e-9c9aa8754dc4", "scryfallOracleId": "ee8de564-9c46-437e-92e6-829f002e181d", "tcgplayerProductId": "38011"}, "isPromo": true, "isReprint": true, "isStarter": true, "language": "English", "layout": "normal", "legalities": {}, "manaCost": "{U}", "manaValue": 1.0, "name": "Mise", "number": "10", "printings": ["PAL04", "UNH"], "promoTypes": ["arenaleague"], "purchaseUrls": {"cardKingdom": "https://mtgjson.com/links/abcd283e35aa7d91", "tcgplayer": "https://mtgjson.com/links/bfde3e01c1c9fae1"}, "rarity": "rare", "setCode": "PAL04", "subtypes": [], "supertypes": [], "text": "Choose a nonland card name, then reveal the top card of your library. If that card has the chosen name, you draw three cards.", "type": "Instant", "types": ["Instant"], "uuid": "e5364a4e-1bef-501c-b5aa-9f86de2dfc77"}, {"artist": "Heather Hudson", "artistIds": ["4441fe52-9e41-40c1-9b74-8510426279ab"], "availability": ["paper"], "borderColor": "silver", "colorIdentity": ["B"], "colors": ["B"], "convertedManaCost": 1.0, "finishes": ["nonfoil"], "flavorText": "Make your judgment wisely: The right pack will let you defeat your nemesis, but a poor choice can only end in torment. And *Homelands*.", "foreignData": [], "frameVersion": "2003", "hasFoil": false, "hasNonFoil": true, "identifiers": {"cardKingdomId": "126582", "cardsphereId": "5644", "mcmId": "18200", "mtgjsonV4Id": "64077065-f196-5ea7-be8d-e2fc896a0191", "scryfallId": "cae082e5-f757-4e7e-9d8c-7d916adf3308", "scryfallIllustrationId": "cf37eb6b-4c76-4543-be0f-ba0718680b7d", "scryfallOracleId": "a6eab631-77d8-4fc2-9305-a299ecf33e46", "tcgplayerProductId": "37968"}, "isPromo": true, "isReprint": true, "isStarter": true, "language": "English", "layout": "normal", "legalities": {}, "manaCost": "{B}", "manaValue": 1.0, "name": "Booster Tutor", "number": "11", "printings": ["PAL04", "UND", "UNH"], "promoTypes": ["arenaleague"], "purchaseUrls": {"cardKingdom": "https://mtgjson.com/links/23b687dabad7fff8", "tcgplayer": "https://mtgjson.com/links/804d892df09bdf78"}, "rarity": "rare", "rulings": [{"date": "2020-02-29", "text": "You can use any sealed Magic booster pack, including promo packs. As long as it hasn’t previously been opened and you don’t know the contents beforehand, you’re good."}, {"date": "2020-02-29", "text": "You can open booster packs that contain cards not legal in the format you’re playing."}], "setCode": "PAL04", "subtypes": [], "supertypes": [], "text": "Open a sealed Magic booster pack, reveal the cards, and put one of them into your hand. (Remove that card from your deck before beginning a new game.)", "type": "Instant", "types": ["Instant"], "uuid": "5621083b-8b9c-56b5-b7d8-a27d3ae2946c"}, {"artist": "Dan Frazier", "artistIds": ["059bba56-5feb-42e4-8c2e-e2f1e6ba11f9"], "availability": ["paper"], "borderColor": "silver", "colorIdentity": ["R"], "colors": ["R"], "convertedManaCost": 2.0, "finishes": ["nonfoil"], "flavorText": "Mung noticed a few clouds gathering in the sky. Perhaps today he could perform his \"walking against the wind\" routine.", "foreignData": [], "frameVersion": "2003", "hasFoil": false, "hasNonFoil": true, "identifiers": {"cardKingdomId": "126584", "cardsphereId": "5673", "mcmId": "18228", "mtgjsonV4Id": "bd9400ce-57a3-5109-999e-ad95bf8b5d11", "scryfallId": "0fa0dd4a-40a2-4b15-b66a-42366c5f86a6", "scryfallIllustrationId": "6ee8c09b-81d1-475c-a1d9-f5a7d933fa67", "scryfallOracleId": "ed7dca6c-35b4-4793-84d5-e041b3ae2a68", "tcgplayerProductId": "37996"}, "isPromo": true, "isReprint": true, "isStarter": true, "language": "English", "layout": "normal", "legalities": {}, "manaCost": "{1}{R}", "manaValue": 2.0, "name": "Goblin Mime", "number": "12", "power": "2", "printings": ["PAL04", "UNH"], "promoTypes": ["arenaleague"], "purchaseUrls": {"cardKingdom": "https://mtgjson.com/links/00d404bdfaf2f542", "tcgplayer": "https://mtgjson.com/links/942fe7d18ecb6cef"}, "rarity": "rare", "setCode": "PAL04", "subtypes": ["Goblin", "Mime"], "supertypes": [], "text": "When you speak, sacrifice Goblin Mime.", "toughness": "2", "type": "Creature — Goblin Mime", "types": ["Creature"], "uuid": "9065f85b-f168-5d2b-8737-18f627268ce6"}, {"artist": "Kaja Foglio", "artistIds": ["e8b85539-756a-4eac-ac66-a2258d7cf547"], "availability": ["paper"], "borderColor": "silver", "colorIdentity": ["G"], "colors": ["G"], "convertedManaCost": 8.0, "finishes": ["nonfoil"], "flavorText": "Few remember the exploits of Dakkon's grandmother, Eunice Blackblade.", "foreignData": [], "frameVersion": "2003", "hasFoil": false, "hasNonFoil": true, "identifiers": {"cardKingdomId": "126585", "cardsphereId": "5674", "mcmId": "18229", "mtgjsonV4Id": "20f4429e-2b6a-5fce-92d4-0e8e39ccc0cd", "scryfallId": "5a196944-442c-4441-8209-2902010cf407", "scryfallIllustrationId": "f056a7af-c34e-463e-bb89-41a249d6c93f", "scryfallOracleId": "d43c4ecb-a113-4d4f-9d58-9264b3355495", "tcgplayerProductId": "37997"}, "isPromo": true, "isReprint": true, "isStarter": true, "language": "English", "layout": "normal", "legalities": {}, "manaCost": "{7}{G}", "manaValue": 8.0, "name": "Granny's Payback", "number": "13", "printings": ["PAL04", "UNH"], "promoTypes": ["arenaleague"], "purchaseUrls": {"cardKingdom": "https://mtgjson.com/links/9897d78844b796f9", "tcgplayer": "https://mtgjson.com/links/aa6aa1a6124a2c2e"}, "rarity": "rare", "setCode": "PAL04", "subtypes": [], "supertypes": [], "text": "You gain life equal to your age.", "type": "Sorcery", "types": ["Sorcery"], "uuid": "2b939e5d-9732-5ad8-9131-7585c17192d1"}, {"artist": "Edward P. Beard, Jr.", "artistIds": ["b845b8ee-aeea-4822-bcf9-7230625ac95c"], "availability": ["paper"], "borderColor": "silver", "colorIdentity": [], "colors": [], "convertedManaCost": 0.0, "finishes": ["foil"], "flavorText": "Limited time offer. Void where prohibited. Limit one per purchase. Valid only in participating duels. This coupon is nontransferable and invalid if shattered, crumbled, detonated, pillaged, or otherwise disenchanted. Cash value less than 1/20 of a cent. Offer not valid in Quebec, Rhode Island, or where prohibited by law or the DCI.", "foreignData": [], "frameVersion": "2003", "hasFoil": true, "hasNonFoil": false, "identifiers": {"cardKingdomFoilId": "125657", "cardsphereId": "5642", "mcmId": "18198", "mtgjsonV4Id": "78c1d96b-0bb0-594b-98de-120860d14e78", "scryfallId": "6f3e5fd8-6b7e-4697-9e4b-4caa746a1312", "scryfallIllustrationId": "3f2b7fe8-6e9c-4896-a43b-bfb5bff284e5", "scryfallOracleId": "4d4b7108-5287-4d52-94a1-a0f99c14c969", "tcgplayerProductId": "37966"}, "isPromo": true, "isReprint": true, "isStarter": true, "language": "English", "layout": "normal", "legalities": {}, "manaCost": "{0}", "manaValue": 0.0, "name": "Ashnod's Coupon", "number": "14", "printings": ["PAL04", "UGL"], "promoTypes": ["arenaleague"], "purchaseUrls": {"cardKingdomFoil": "https://mtgjson.com/links/f35b92b2b44233e1", "tcgplayer": "https://mtgjson.com/links/0847189a5518c100"}, "rarity": "rare", "setCode": "PAL04", "subtypes": [], "supertypes": [], "text": "{T}, Sacrifice Ashnod's Coupon: Target player gets you target drink. You pay any costs for the drink.", "type": "Artifact", "types": ["Artifact"], "uuid": "7ae626a9-48be-54fa-943d-be5f10516e7f", "watermark": "arena"}], "code": "PAL04", "isFoilOnly": false, "isOnlineOnly": false, "keyruneCode": "PARL", "languages": ["English"], "name": "Arena League 2004", "releaseDate": "2004-01-01", "tokens": [], "totalSetSize": 14, "translations": {}, "type": "promo"}}