{"meta": {"date": "2023-08-19", "version": "5.2.1+20230819"}, "data": {"baseSetSize": 5, "block": "Arena League", "cards": [{"artist": "Mark Poole", "artistIds": ["bfdeaf09-f915-4058-8e8b-bcac3bc43c33"], "availability": ["paper"], "borderColor": "black", "colorIdentity": ["U"], "colors": [], "convertedManaCost": 0.0, "edhrecSaltiness": 0.73, "finishes": ["foil"], "foreignData": [], "frameVersion": "1997", "hasFoil": true, "hasNonFoil": false, "identifiers": {"cardKingdomFoilId": "190526", "cardsphereId": "5680", "mcmId": "18234", "mtgjsonV4Id": "8017ee95-42dc-5286-9645-268d50725729", "scryfallId": "dc3dd97a-7082-4059-9c27-f25929f819ac", "scryfallIllustrationId": "2c1e9dcd-a55e-40b7-80e4-6741e3f16ae0", "scryfallOracleId": "b2c6aa39-2d2a-459c-a555-fb48ba993373", "tcgplayerProductId": "38002"}, "isPromo": true, "isReprint": true, "isStarter": true, "language": "English", "layout": "normal", "legalities": {"alchemy": "Legal", "brawl": "Legal", "commander": "Legal", "duel": "Legal", "explorer": "Legal", "future": "Legal", "gladiator": "Legal", "historic": "Legal", "historicbrawl": "Legal", "legacy": "Legal", "modern": "Legal", "oathbreaker": "Legal", "pauper": "Legal", "paupercommander": "Legal", "penny": "Legal", "pioneer": "Legal", "predh": "Legal", "premodern": "Legal", "standard": "Legal", "vintage": "Legal"}, "manaValue": 0.0, "name": "Island", "number": "1", "printings": ["10E", "2ED", "2XM", "30A", "3ED", "40K", "4BB", "4ED", "5ED", "6ED", "7ED", "8ED", "9ED", "AFR", "AKH", "AKR", "ALA", "ANA", "ANB", "ARC", "AVR", "BBD", "BFZ", "BRB", "BRC", "BRO", "BTD", "C13", "C14", "C15", "C16", "C17", "C18", "C19", "CED", "CEI", "CHK", "CLB", "CM2", "CMA", "CMD", "CMM", "CMR", "CST", "DD2", "DDE", "DDF", "DDH", "DDI", "DDJ", "DDM", "DDN", "DDO", "DDQ", "DDS", "DDT", "DDU", "DMR", "DMU", "DOM", "DPA", "DTK", "E01", "ELD", "FBB", "FRF", "G17", "GK1", "GK2", "GN2", "GN3", "GNT", "GRN", "GS1", "H09", "HBG", "HOP", "HOU", "ICE", "IKO", "INV", "ISD", "ITP", "J14", "J22", "JMP", "JVC", "KHM", "KLD", "KLR", "KTK", "LEA", "LEB", "LRW", "LTR", "M10", "M11", "M12", "M13", "M14", "M15", "M19", "M20", "M21", "MBS", "ME1", "ME3", "MH2", "MID", "MIR", "MMQ", "MOM", "MRD", "NEO", "NPH", "ODY", "OLEP", "ONE", "ONS", "ORI", "P02", "PAL00", "PAL01", "PAL02", "PAL03", "PAL04", "PAL05", "PAL06", "PAL99", "PALP", "PANA", "PARL", "PC2", "PCA", "PCTB", "PELP", "PF19", "PF20", "PGPX", "PGRU", "PHED", "PLIST", "PMPS", "PMPS06", "PMPS07", "PMPS08", "PMPS09", "PMPS10", "PMPS11", "POR", "PPP1", "PRM", "PRW2", "PRWK", "PS11", "PSAL", "PSS2", "PSS3", "PTC", "PTK", "PZ2", "RAV", "RIX", "RNA", "ROE", "RQS", "RTR", "S99", "SCD", "SHM", "SIR", "SLD", "SNC", "SOI", "SOM", "STX", "SUM", "TD0", "TD2", "THB", "THS", "TMP", "TPR", "TSP", "UGL", "UND", "UNF", "UNH", "USG", "UST", "VOW", "WAR", "WC00", "WC01", "WC02", "WC03", "WC04", "WC97", "WC98", "WHO", "WOE", "XANA", "XLN", "ZEN", "ZNR"], "promoTypes": ["arenaleague"], "purchaseUrls": {"cardKingdomFoil": "https://mtgjson.com/links/785291aeb92e00c3", "tcgplayer": "https://mtgjson.com/links/d702084c06e020d8"}, "rarity": "rare", "setCode": "PAL02", "subtypes": ["Island"], "supertypes": ["Basic"], "text": "({T}: Add {U}.)", "type": "Basic Land — Island", "types": ["Land"], "uuid": "6e79ad56-fb9a-5ae0-94e9-62f427f2f2c5"}, {"artist": "Jon J Muth", "artistIds": ["32e6b862-3f86-4408-a351-fe4edef5e7b2"], "availability": ["paper"], "borderColor": "black", "colorIdentity": ["U"], "colors": ["U"], "convertedManaCost": 3.0, "edhrecRank": 4422, "edhrecSaltiness": 0.11, "finishes": ["foil"], "flavorText": "\"Beauty to the eye does not always translate to the touch.\"\n—Naimah, Femeref philosopher", "foreignData": [], "frameVersion": "1997", "hasFoil": true, "hasNonFoil": false, "identifiers": {"cardKingdomFoilId": "117254", "cardsphereId": "5685", "mcmId": "18239", "mtgjsonV4Id": "777d403e-0596-5dbd-b83a-2a04f1b47a62", "scryfallId": "85cdce78-2c97-4078-88a8-5b82f5867c96", "scryfallIllustrationId": "df411fa7-63c2-4243-a970-44c1884532c5", "scryfallOracleId": "67a3541c-8408-40c8-b44f-90035b860f57", "tcgplayerProductId": "81746"}, "isPromo": true, "isReprint": true, "isStarter": true, "language": "English", "layout": "normal", "legalities": {"commander": "Legal", "duel": "Legal", "gladiator": "Legal", "historic": "Legal", "historicbrawl": "Legal", "legacy": "Legal", "modern": "Legal", "oathbreaker": "Legal", "pauper": "Legal", "paupercommander": "Legal", "penny": "Legal", "predh": "Legal", "premodern": "Legal", "vintage": "Legal"}, "manaCost": "{2}{U}", "manaValue": 3.0, "name": "Man-o'-War", "number": "2", "power": "2", "printings": ["A25", "BRB", "DD2", "DDO", "DMR", "EMA", "J21", "JVC", "MB1", "MH1", "PAL02", "PLIST", "POR", "PRM", "S99", "TD0", "VIS", "VMA", "WC97", "WC98"], "promoTypes": ["arenaleague"], "purchaseUrls": {"cardKingdomFoil": "https://mtgjson.com/links/86407c41f313e18a", "tcgplayer": "https://mtgjson.com/links/b826c425389ac58c"}, "rarity": "rare", "rulings": [{"date": "2019-06-14", "text": "If there are no other creatures on the battlefield when Man-o'-War enters the battlefield, its ability must target itself."}], "setCode": "PAL02", "subtypes": ["Jellyfish"], "supertypes": [], "text": "When Man-o'-War enters the battlefield, return target creature to its owner's hand.", "toughness": "2", "type": "Creature — Jellyfish", "types": ["Creature"], "uuid": "8f545ba4-a028-54c3-b0ac-fd8b9fcf0c11"}, {"artist": "Andrew Goldhawk", "artistIds": ["f4a65a04-9e2e-4541-8d0e-f34e9517f092"], "availability": ["paper"], "borderColor": "black", "colorIdentity": ["R"], "colors": ["R"], "convertedManaCost": 3.0, "edhrecRank": 13377, "finishes": ["foil"], "flavorText": "\"It is vain to look for a defense against lightning.\"\n—Publius Syrus, Maxim 835, trans. Lyman", "foreignData": [], "frameVersion": "1997", "hasFoil": true, "hasNonFoil": false, "identifiers": {"cardKingdomFoilId": "117229", "cardsphereId": "5641", "mcmId": "18197", "mtgjsonV4Id": "5b4bb03d-d707-58d5-816d-ca3a6eec2b54", "scryfallId": "f4a13429-8741-478b-8b17-1a0d8a1a7d02", "scryfallIllustrationId": "fa16bad9-228f-4896-a219-1d108ba47b8c", "scryfallOracleId": "5acc8b39-3c3e-4012-8cfd-ac3c2c4ca982", "tcgplayerProductId": "37965"}, "isPromo": true, "isReprint": true, "isStarter": true, "language": "English", "layout": "normal", "legalities": {"commander": "Legal", "duel": "Legal", "legacy": "Legal", "modern": "Legal", "oathbreaker": "Legal", "pauper": "Legal", "paupercommander": "Legal", "penny": "Legal", "pioneer": "Legal", "predh": "Legal", "premodern": "Legal", "vintage": "Legal"}, "manaCost": "{2}{R}", "manaValue": 3.0, "name": "Arc Lightning", "number": "3", "printings": ["BRB", "HOP", "KTK", "PAL02", "PRM", "UGIN", "USG", "WC00", "WC99"], "promoTypes": ["arenaleague"], "purchaseUrls": {"cardKingdomFoil": "https://mtgjson.com/links/2d277f683142139c", "tcgplayer": "https://mtgjson.com/links/fee4fcbe0248f40f"}, "rarity": "rare", "rulings": [{"date": "2014-09-20", "text": "You choose how many targets Arc Lightning has and how the damage is divided as you cast the spell. Each target must receive at least 1 damage."}, {"date": "2014-09-20", "text": "If some of the creatures are illegal targets as Arc Lightning tries to resolve, the original division of damage still applies but no damage is dealt to the illegal targets. If all targets are illegal, Arc Lightning doesn’t resolve."}], "setCode": "PAL02", "subtypes": [], "supertypes": [], "text": "Arc Lightning deals 3 damage divided as you choose among one, two, or three targets.", "type": "Sorcery", "types": ["Sorcery"], "uuid": "109427e6-b6a4-53fe-aba4-676d1f351ad6"}, {"artist": "Dermot Power", "artistIds": ["4162c8c0-8ded-497c-b29e-131e43dfae5e"], "availability": ["paper"], "borderColor": "black", "colorIdentity": ["B"], "colors": ["B"], "convertedManaCost": 2.0, "edhrecRank": 11399, "edhrecSaltiness": 0.2, "finishes": ["foil"], "flavorText": "\"A wisp of life remains in the undergloom of Death: a visible form, though no heart beats within it.\"\n—Homer, *The Iliad*, trans. Fitzgerald", "foreignData": [], "frameVersion": "1997", "hasFoil": true, "hasNonFoil": false, "identifiers": {"cardKingdomFoilId": "125665", "cardsphereId": "5651", "mcmId": "18207", "mtgjsonV4Id": "675a463c-c173-52da-a63b-4201b7ee4892", "scryfallId": "a7ed471d-2798-45f1-9529-8b5202cd1af5", "scryfallIllustrationId": "a799b27c-957a-471f-a718-93f5a1531b7d", "scryfallOracleId": "c1d0537b-954f-4d3b-b9fe-1dd7ffaa1197", "tcgplayerProductId": "37975"}, "isPromo": true, "isReprint": true, "isStarter": true, "keywords": ["Shadow"], "language": "English", "layout": "normal", "legalities": {"commander": "Legal", "duel": "Legal", "legacy": "Legal", "modern": "Legal", "oathbreaker": "Legal", "pauper": "Legal", "paupercommander": "Legal", "penny": "Legal", "predh": "Legal", "premodern": "Legal", "vintage": "Legal"}, "manaCost": "{B}{B}", "manaValue": 2.0, "name": "Dauthi Slayer", "number": "4", "power": "2", "printings": ["PAL02", "PRM", "TMP", "TPR", "TSB"], "promoTypes": ["arenaleague"], "purchaseUrls": {"cardKingdomFoil": "https://mtgjson.com/links/7ef07128316a81c3", "tcgplayer": "https://mtgjson.com/links/5674d73bfd1a3bb7"}, "rarity": "rare", "rulings": [{"date": "2021-03-19", "text": "Once a creature has been blocked, that creature remains blocked and will deal and be dealt combat damage even if it gains or loses shadow or if the blocking creature gains or loses shadow."}, {"date": "2021-03-19", "text": "If an attacking creature has multiple evasion abilities, such as shadow and flying, a creature can block it only if that creature satisfies all of the appropriate evasion abilities."}, {"date": "2021-03-19", "text": "Multiple instances of shadow on the same creature are redundant."}], "setCode": "PAL02", "subtypes": ["Dauthi", "Soldier"], "supertypes": [], "text": "Shadow (This creature can block or be blocked by only creatures with shadow.)\nDauthi Slayer attacks each combat if able.", "toughness": "2", "type": "Creature — Dauthi Soldier", "types": ["Creature"], "uuid": "c7d578f2-7141-58bd-b5c8-79b389320429"}, {"artist": "Christopher Rush", "artistIds": ["c96773f0-346c-4f7d-9271-2d98cc5d86e1"], "availability": ["paper"], "borderColor": "black", "colorIdentity": ["U"], "colors": ["U"], "convertedManaCost": 2.0, "edhrecRank": 1355, "edhrecSaltiness": 0.28, "finishes": ["foil"], "flavorText": "\"If a man will begin with certainties, he shall end in doubts.\"\n—Sir Francis Bacon,\n*The Advancement of Learning*", "foreignData": [], "frameVersion": "1997", "hasFoil": true, "hasNonFoil": false, "identifiers": {"cardKingdomFoilId": "117255", "cardsphereId": "5686", "mcmId": "18240", "mtgjsonV4Id": "1a5f6d20-f1df-51e8-be04-30be9670b57d", "scryfallId": "d736f28a-9007-458c-9b6a-f39edde23e4c", "scryfallIllustrationId": "a13e40b6-284c-4f88-aca1-10a1c46a138d", "scryfallOracleId": "c61fe162-2202-4e56-9ba0-393547f9875f", "tcgplayerProductId": "38010"}, "isPromo": true, "isReprint": true, "isStarter": true, "language": "English", "layout": "normal", "legalities": {"commander": "Legal", "duel": "Legal", "legacy": "Legal", "modern": "Legal", "oathbreaker": "Legal", "pauper": "Legal", "paupercommander": "Legal", "penny": "Legal", "predh": "Legal", "premodern": "Legal", "vintage": "Legal"}, "manaCost": "{1}{U}", "manaValue": 2.0, "name": "Mana Leak", "number": "5", "printings": ["2X2", "8ED", "9ED", "BRB", "DDN", "IMA", "M11", "M12", "MB1", "MM2", "P05", "PAL02", "PRM", "PS11", "STH", "TPR", "WC03", "WC04", "WC98"], "promoTypes": ["arenaleague"], "purchaseUrls": {"cardKingdomFoil": "https://mtgjson.com/links/51cdab81681f5c37", "tcgplayer": "https://mtgjson.com/links/f4fc6138f54c42a3"}, "rarity": "rare", "setCode": "PAL02", "subtypes": [], "supertypes": [], "text": "Counter target spell unless its controller pays {3}.", "type": "Instant", "types": ["Instant"], "uuid": "ac4b9e42-e908-5e1f-8ab8-7ef2f2c83043"}], "code": "PAL02", "isFoilOnly": true, "isOnlineOnly": false, "keyruneCode": "PARL", "languages": ["English"], "name": "Arena League 2002", "releaseDate": "2002-01-01", "tokens": [], "totalSetSize": 5, "translations": {}, "type": "promo"}}