{"meta": {"date": "2023-08-19", "version": "5.2.1+20230819"}, "data": {"baseSetSize": 2, "block": "Kamigawa", "cards": [{"artist": "Ron Spears", "artistIds": ["fce9030b-86bd-4439-b06a-920a1eeb184c"], "availability": ["paper"], "borderColor": "black", "colorIdentity": ["B"], "colors": ["B"], "convertedManaCost": 6.0, "edhrecRank": 2616, "edhrecSaltiness": 0.29, "finishes": ["foil"], "foreignData": [], "frameVersion": "2003", "hasFoil": true, "hasNonFoil": false, "identifiers": {"cardKingdomFoilId": "117249", "cardsphereId": "37270", "mcmId": "17720", "mtgjsonV4Id": "a123a2b2-5387-53c3-a415-67b21219cd1a", "scryfallId": "a0abf36e-a038-4645-ba39-12e610b9e135", "scryfallIllustrationId": "e10003f5-07a6-44f2-9653-e8a8802cefce", "scryfallOracleId": "5d520476-740a-4005-801e-472b24fa6497", "tcgplayerProductId": "38384"}, "isPromo": true, "isReprint": true, "isStarter": true, "keywords": ["Ninjutsu"], "language": "English", "layout": "normal", "leadershipSkills": {"brawl": false, "commander": true, "oathbreaker": false}, "legalities": {"commander": "Legal", "duel": "Legal", "legacy": "Legal", "modern": "Legal", "oathbreaker": "Legal", "penny": "Legal", "predh": "Legal", "vintage": "Legal"}, "manaCost": "{4}{B}{B}", "manaValue": 6.0, "name": "Ink-Eyes, Servant of Oni", "number": "71★", "originalReleaseDate": "2005-01-22", "power": "5", "printings": ["BOK", "PBOK", "PC2", "PCA", "PLIST", "PRM", "SLD", "V13"], "promoTypes": ["datestamped", "prerelease"], "purchaseUrls": {"cardKingdomFoil": "https://mtgjson.com/links/dc1a59147f1274e0", "tcgplayer": "https://mtgjson.com/links/cd9ebb5da8a5ac0d"}, "rarity": "rare", "rulings": [{"date": "2005-02-01", "text": "If, during the combat damage step, a creature is destroyed during combat and Ink-Eyes also deals combat damage to a player, the destroyed creature can be a legal target for Ink-Eyes’s ability."}], "setCode": "PBOK", "subtypes": ["Rat", "Ninja"], "supertypes": ["Legendary"], "text": "Ninjutsu {3}{B}{B} ({3}{B}{B}, Return an unblocked attacker you control to hand: Put this card onto the battlefield from your hand tapped and attacking.)\nWhenever Ink-Eyes, Servant of Oni deals combat damage to a player, you may put target creature card from that player's graveyard onto the battlefield under your control.\n{1}{B}: Regenerate Ink-Eyes.", "toughness": "4", "type": "Legendary Creature — Rat Ninja", "types": ["Creature"], "uuid": "eaf8a0a2-f965-5825-afb7-9bed97ab1bb0", "watermark": "set"}, {"artist": "Shishizaru", "artistIds": ["f993a598-f922-49c8-bb03-6beb3b780b0d"], "availability": ["paper"], "borderColor": "black", "colorIdentity": ["G"], "colors": ["G"], "convertedManaCost": 3.0, "edhrecRank": 21014, "faceName": "Budoka Pupil", "finishes": ["foil"], "foreignData": [], "frameVersion": "2003", "hasFoil": true, "hasNonFoil": false, "identifiers": {"cardKingdomFoilId": "125661", "cardsphereId": "23875", "mcmId": "17730", "mtgjsonV4Id": "8865a9cd-10e1-57eb-820f-d9b2d7059538", "scryfallId": "0ecac065-c807-4bf4-935c-badd3c64407d", "scryfallIllustrationId": "60d8946f-634c-4f16-b3c9-2c558fa49e67", "scryfallOracleId": "6f571092-7244-4223-aa14-f5133cc000d8", "tcgplayerProductId": "38418"}, "isPromo": true, "isReprint": true, "isStarter": true, "language": "English", "layout": "flip", "legalities": {"commander": "Legal", "duel": "Legal", "legacy": "Legal", "modern": "Legal", "oathbreaker": "Legal", "paupercommander": "Restricted", "penny": "Legal", "predh": "Legal", "vintage": "Legal"}, "manaCost": "{1}{G}{G}", "manaValue": 3.0, "name": "Budoka Pupil // Ichiga, Who Topples Oaks", "number": "122★", "otherFaceIds": ["896612ef-301c-5f89-ba0f-059ba7675636"], "power": "2", "printings": ["BOK", "PBOK", "PRM"], "promoTypes": ["release"], "purchaseUrls": {"cardKingdomFoil": "https://mtgjson.com/links/57076e18295c3957", "tcgplayer": "https://mtgjson.com/links/653f69131092414b"}, "rarity": "uncommon", "setCode": "PBOK", "side": "a", "subtypes": ["Human", "Monk"], "supertypes": [], "text": "Whenever you cast a Spirit or Arcane spell, you may put a ki counter on Budoka Pupil.\nAt the beginning of the end step, if there are two or more ki counters on Budoka Pupil, you may flip it.", "toughness": "2", "type": "Creature — Human Monk", "types": ["Creature"], "uuid": "fb733eb0-b53d-5764-a693-d97909621d3d", "watermark": "set"}, {"artist": "Shishizaru", "artistIds": ["f993a598-f922-49c8-bb03-6beb3b780b0d"], "availability": ["paper"], "borderColor": "black", "colorIdentity": ["G"], "colors": ["G"], "convertedManaCost": 3.0, "edhrecRank": 21014, "faceName": "Ichiga, Who Topples Oaks", "finishes": ["foil"], "foreignData": [], "frameVersion": "2003", "hasFoil": true, "hasNonFoil": false, "identifiers": {"cardsphereId": "23875", "mcmId": "17730", "mtgjsonV4Id": "a4012eb2-df64-5616-8d9b-96a5b9aa4cd9", "scryfallId": "0ecac065-c807-4bf4-935c-badd3c64407d", "scryfallIllustrationId": "60d8946f-634c-4f16-b3c9-2c558fa49e67", "scryfallOracleId": "6f571092-7244-4223-aa14-f5133cc000d8", "tcgplayerProductId": "38418"}, "isPromo": true, "isReprint": true, "isStarter": true, "keywords": ["Trample"], "language": "English", "layout": "flip", "legalities": {"commander": "Legal", "duel": "Legal", "legacy": "Legal", "modern": "Legal", "oathbreaker": "Legal", "paupercommander": "Restricted", "penny": "Legal", "predh": "Legal", "vintage": "Legal"}, "manaValue": 3.0, "name": "Budoka Pupil // Ichiga, Who Topples Oaks", "number": "122★", "otherFaceIds": ["fb733eb0-b53d-5764-a693-d97909621d3d"], "power": "4", "printings": ["BOK", "PBOK", "PRM"], "promoTypes": ["release"], "purchaseUrls": {"tcgplayer": "https://mtgjson.com/links/94389e058293c634"}, "rarity": "uncommon", "setCode": "PBOK", "side": "b", "subtypes": ["Spirit"], "supertypes": ["Legendary"], "text": "Trample\nRemove a ki counter from Ichiga, Who Topples Oaks: Target creature gets +2/+2 until end of turn.", "toughness": "3", "type": "Legendary Creature — Spirit", "types": ["Creature"], "uuid": "896612ef-301c-5f89-ba0f-059ba7675636", "watermark": "set"}], "code": "PBOK", "isFoilOnly": true, "isOnlineOnly": false, "keyruneCode": "BOK", "languages": ["English"], "name": "Betrayers of Kamigawa Promos", "parentCode": "BOK", "releaseDate": "2005-02-04", "tokens": [], "totalSetSize": 3, "translations": {}, "type": "promo"}}