{"meta": {"date": "2023-08-19", "version": "5.2.1+20230819"}, "data": {"baseSetSize": 8, "cards": [{"artist": "Christopher Rush", "artistIds": ["c96773f0-346c-4f7d-9271-2d98cc5d86e1"], "availability": ["paper"], "borderColor": "black", "colorIdentity": ["B", "G", "R", "U", "W"], "colors": ["B", "G", "R", "U", "W"], "convertedManaCost": 5.0, "finishes": ["nonfoil"], "flavorText": "It takes great sacrifice to make it to the top.", "foreignData": [], "frameVersion": "1993", "hasFoil": false, "hasNonFoil": true, "identifiers": {"mcmId": "295775", "mtgjsonV4Id": "6b0e48c0-441d-5a62-a558-3c99473e4387", "scryfallId": "d3f10f07-7cfe-4a6f-8de6-373e367a731b", "scryfallIllustrationId": "f12f705b-c031-4eee-814c-089570bf7791", "scryfallOracleId": "39302443-4614-4e62-832a-b74eb2136bc7", "tcgplayerProductId": "21655"}, "isStarter": true, "language": "English", "layout": "normal", "legalities": {}, "manaCost": "{W}{U}{B}{R}{G}", "manaValue": 5.0, "name": "1996 World Champion", "number": "1", "power": "*", "printings": ["PCEL"], "promoTypes": ["event"], "purchaseUrls": {"tcgplayer": "https://mtgjson.com/links/d8c090aa0b7765d6"}, "rarity": "rare", "setCode": "PCEL", "subtypes": ["Legend"], "supertypes": [], "text": "Cannot be the target of spells or effects. World Champion has power and toughness equal to the life total of target opponent.\n{0}: Discard your hand to search your library for 1996 World Champion and reveal it to all players. Shuffle your library and put 1996 World Champion on top of it. Use this ability only at the beginning of your upkeep, and only if 1996 World Champion is in your library.", "toughness": "*", "type": "Summon — Legend", "types": ["Summon"], "uuid": "d8fc1dd2-020a-5e02-acb5-5a4b70583a78"}, {"artist": "Christopher Rush", "artistIds": ["c96773f0-346c-4f7d-9271-2d98cc5d86e1"], "availability": ["paper"], "borderColor": "black", "colorIdentity": ["R"], "colors": ["R"], "convertedManaCost": 9.0, "finishes": ["nonfoil"], "foreignData": [], "frameVersion": "1997", "hasFoil": false, "hasNonFoil": true, "identifiers": {"mtgjsonV4Id": "4bbd0e94-cb15-5969-91eb-16f5eb82c5e7", "scryfallId": "a934c126-2db2-4468-8f70-b8f688d782da", "scryfallIllustrationId": "71d2e087-c1d6-47f4-9494-7a175e66fbe3", "scryfallOracleId": "2cb8ba8e-58a5-4a2b-85c1-4abb388c3293", "tcgplayerProductId": "38442"}, "isStarter": true, "language": "English", "layout": "normal", "legalities": {}, "manaCost": "{6}{R}{R}{R}", "manaValue": 9.0, "name": "Shichifukujin Dragon", "number": "2", "originalReleaseDate": "1996-01-01", "power": "0", "printings": ["PCEL"], "promoTypes": ["event"], "purchaseUrls": {"tcgplayer": "https://mtgjson.com/links/f2863dbc5aa21905"}, "rarity": "rare", "setCode": "PCEL", "subtypes": ["Dragon"], "supertypes": [], "text": "When Shichifukujin Dragon comes into play, put seven +1/+1 counters on it.\n{R}{R}{R}, Sacrifice two +1/+1 counters: Put three +1/+1 counters on Shichifukujin Dragon at end of turn. Play this ability as a sorcery.", "toughness": "0", "type": "Summon — Dragon", "types": ["Summon"], "uuid": "7d8a2fe5-7b39-5d4f-b654-b55d3124a06b"}, {"artist": "Quinton Hoover", "artistIds": ["1a2db619-92a5-431a-822b-101cdcc5bd5d"], "availability": ["paper"], "borderColor": "black", "colorIdentity": ["W"], "colors": ["W"], "convertedManaCost": 4.0, "finishes": ["nonfoil"], "foreignData": [], "frameVersion": "1993", "hasFoil": false, "hasNonFoil": true, "identifiers": {"mtgjsonV4Id": "c5ef0375-f6f0-5b9b-b192-681a24eafa45", "scryfallId": "d183cc80-a9ce-4290-bf65-f8202f508ac0", "scryfallIllustrationId": "d849c596-7431-4bc4-a049-79c7673ae985", "scryfallOracleId": "d68c65b0-beb9-4a25-b868-339303959b1f", "tcgplayerProductId": "21657"}, "isStarter": true, "language": "English", "layout": "normal", "legalities": {}, "manaCost": "{W}{W}{W}{W}", "manaValue": 4.0, "name": "Proposal", "number": "3", "originalReleaseDate": "1993-11-01", "printings": ["PCEL"], "promoTypes": ["event"], "purchaseUrls": {"tcgplayer": "https://mtgjson.com/links/9561ce9073b4e0d7"}, "rarity": "rare", "rulings": [{"date": "2017-12-04", "text": "The actual art for Proposal has not been released to the public. The current image on Scryfall is an approximation of the card’s appearance provided by “thevodkaboy”."}], "setCode": "PCEL", "subtypes": [], "supertypes": [], "text": "Allows Richard to propose marriage to Lily. If the proposal is accepted both players win; mix the cards in play, both libraries, and both graveyards as a shared deck.", "type": "Sorcery", "types": ["Sorcery"], "uuid": "cfed3248-5c11-530f-8ce1-f002b98fb1b2"}, {"artist": "Monique Thirifay", "artistIds": ["2bc0dc51-0cf7-403f-925c-2925e729e520"], "availability": ["paper"], "borderColor": "black", "colorIdentity": ["G"], "colors": ["G"], "convertedManaCost": 4.0, "finishes": ["nonfoil"], "flavorText": "She discovered with great delight that one does not love one's children because they are one's children but because of the friendship formed while raising them.\nGabriel Garciá Márquez", "foreignData": [], "frameVersion": "1997", "hasFoil": false, "hasNonFoil": true, "identifiers": {"mtgjsonV4Id": "ba579f37-ff22-5c3a-a46b-20b5a7b22aab", "scryfallId": "f62e8120-7aca-49c2-91b2-2622e27cf281", "scryfallIllustrationId": "9988094d-41ec-4b1c-bece-2e430b6a719e", "scryfallOracleId": "723db8aa-d1c9-409c-8187-69e0e31ea9c0", "tcgplayerProductId": "21658"}, "isStarter": true, "language": "English", "layout": "normal", "legalities": {}, "manaCost": "{G}{G}{G}{G}", "manaValue": 4.0, "name": "Splendid Genesis", "number": "4", "originalReleaseDate": "1997-09-01", "printings": ["PCEL"], "promoTypes": ["event"], "purchaseUrls": {"tcgplayer": "https://mtgjson.com/links/a713d3320c789e3d"}, "rarity": "rare", "setCode": "PCEL", "subtypes": [], "supertypes": [], "text": "Shuffle all cards in the game together and deal them into three decks. The game continues with a new player.", "type": "Sorcery", "types": ["Sorcery"], "uuid": "418afb0a-446a-5eec-ae1a-0c46c1980f74"}, {"artist": "Susan Garfield", "artistIds": ["6ceb4dcd-3e64-4815-a254-c4309b2474fa"], "availability": ["paper"], "borderColor": "black", "colorIdentity": ["U"], "colors": ["U"], "convertedManaCost": 4.0, "finishes": ["nonfoil"], "flavorText": "... and when you want to go explore, the number you should have is four.\n—Sandra Boynton", "foreignData": [], "frameVersion": "1997", "hasFoil": false, "hasNonFoil": true, "identifiers": {"mtgjsonV4Id": "748880b2-1d5f-542a-a042-ca3a6cf816f2", "scryfallId": "6c3490c9-7c41-4eaa-8987-d81f05e63122", "scryfallIllustrationId": "8d180f10-7e1f-48fe-a383-4ca4015d8239", "scryfallOracleId": "d6547753-e697-44f3-9c99-a9691010bcec", "tcgplayerProductId": "21656"}, "isStarter": true, "language": "English", "layout": "normal", "legalities": {}, "manaCost": "{U}{U}{U}{U}", "manaValue": 4.0, "name": "Fraternal Exaltation", "number": "5", "originalReleaseDate": "1999-01-01", "printings": ["PCEL"], "promoTypes": ["event"], "purchaseUrls": {"tcgplayer": "https://mtgjson.com/links/1ddc9f086d1488a0"}, "rarity": "rare", "setCode": "PCEL", "subtypes": [], "supertypes": [], "text": "Sneak into your parents' closet to get a deck. Your new brother is joining the game.", "type": "Sorcery", "types": ["Sorcery"], "uuid": "1957dd2b-65df-5293-bafc-d9e2e1d1a74b"}, {"artist": "Robot Chicken", "artistIds": ["5acee86d-ef5c-431e-b4a9-e5b025fa7cfe"], "availability": ["paper"], "borderColor": "black", "colorIdentity": [], "colors": [], "convertedManaCost": 4.0, "finishes": ["nonfoil"], "flavorText": "Why did the chicken cross the road? To die in the name of science.", "foreignData": [], "frameVersion": "2003", "hasFoil": false, "hasNonFoil": true, "identifiers": {"mtgjsonV4Id": "3065598c-0c44-50db-9319-be16c8bda729", "scryfallId": "503cfef1-2b23-4130-834d-73f7e280a901", "scryfallIllustrationId": "0a0924af-19be-4d6a-b4a5-ecdeac0d6b38", "scryfallOracleId": "51ccd23c-cd34-4a68-8212-0bb427920031", "tcgplayerProductId": "38443"}, "isStarter": true, "language": "English", "layout": "normal", "legalities": {}, "manaCost": "{4}", "manaValue": 4.0, "name": "Robot Chicken", "number": "6", "originalReleaseDate": "2010-02-21", "power": "2", "printings": ["PCEL"], "promoTypes": ["event"], "purchaseUrls": {"tcgplayer": "https://mtgjson.com/links/7fef1be382e2a80c"}, "rarity": "mythic", "setCode": "PCEL", "subtypes": ["Chicken", "Construct"], "supertypes": [], "text": "Whenever you cast a spell, put a 0/1 colorless Egg artifact creature token onto the battlefield.\nWhenever an Egg you control is put into a graveyard from the battlefield, destroy target artifact or creature.", "toughness": "2", "type": "Artifact Creature — Chicken Construct", "types": ["Artifact", "Creature"], "uuid": "9e11f3a1-4c33-5b0d-91d9-179d4ccc068e"}, {"artist": "Drew Tucker", "artistIds": ["22eef389-7b21-4dda-95dc-4c9a0f1bf4dd"], "availability": ["paper"], "borderColor": "black", "colorIdentity": ["R"], "colors": ["R"], "convertedManaCost": 4.0, "finishes": ["nonfoil"], "flavorText": "\"The minute I heard my first love story,\nI started looking for you, not knowing\nhow blind that was.\nLovers don't finally meet somewhere.\nThey're in each other all along.\"\n—Rumi", "foreignData": [], "frameVersion": "2003", "hasFoil": false, "hasNonFoil": true, "identifiers": {"mtgjsonV4Id": "12d759ae-0922-5ac3-98c2-951c3ec11001", "scryfallId": "bf56619f-3dbb-484d-8d9c-0412fc944067", "scryfallIllustrationId": "d5ed3e69-ca3c-400b-82eb-aba39aa4b9e3", "scryfallOracleId": "ec75f505-95c5-445c-8272-1a6fa3526f92"}, "isStarter": true, "language": "English", "layout": "normal", "legalities": {}, "manaCost": "{R}{R}{R}{R}", "manaValue": 4.0, "name": "Phoenix Heart", "number": "7", "originalReleaseDate": "2014-12-01", "printings": ["PCEL"], "promoTypes": ["event"], "purchaseUrls": {}, "rarity": "mythic", "setCode": "PCEL", "subtypes": [], "supertypes": [], "text": "Koni and Richard continue the game and play all games as partners forever.", "type": "Sorcery", "types": ["Sorcery"], "uuid": "df9a2105-ae83-5a79-8cf8-72313544365e"}, {"artist": "Chase Stone", "artistIds": ["2d753f61-5f5b-468e-97ea-8e0fdd347340"], "availability": ["paper"], "borderColor": "borderless", "colorIdentity": ["B", "U", "W"], "colors": ["B", "U", "W"], "convertedManaCost": 4.0, "edhrecRank": 2120, "edhrecSaltiness": 1.19, "finishes": ["foil"], "flavorName": "Post the Enchanter", "flavorText": "\"Now they always say 'Congratulations'\"", "foreignData": [], "frameEffects": ["legendary"], "frameVersion": "2015", "hasFoil": true, "hasNonFoil": false, "identifiers": {"mtgjsonV4Id": "7aec3457-9e5e-5fd1-93bd-bfbe768eb232", "scryfallId": "050e8f17-7b51-40a4-b76c-2f3b1eb4b389", "scryfallIllustrationId": "88c8ba4b-7b08-4c18-91e9-68b8cd011716", "scryfallOracleId": "d7950018-d744-48a8-81aa-0d8384703f48"}, "isReprint": true, "isStarter": true, "keywords": ["Flying"], "language": "English", "layout": "normal", "leadershipSkills": {"brawl": false, "commander": true, "oathbreaker": false}, "legalities": {}, "manaCost": "{1}{W}{U}{B}", "manaValue": 4.0, "name": "Zur the Enchanter", "number": "8", "originalReleaseDate": "2022-08-16", "power": "1", "printings": ["2X2", "CMR", "CSP", "DMR", "J16", "MM3", "OCM1", "PCEL", "PRM", "SLD"], "promoTypes": ["event"], "purchaseUrls": {}, "rarity": "rare", "rulings": [{"date": "2022-12-08", "text": "If you put an Aura card onto the battlefield with Zur’s ability, you choose what it will enchant as it enters the battlefield. An Aura put onto the battlefield this way doesn’t target anything (so it could be attached to an opponent’s permanent with hexproof, for example), but the Aura’s enchant ability restricts what it can be attached to. If the Aura can’t legally be attached to anything, it remains in your library."}], "securityStamp": "oval", "setCode": "PCEL", "subtypes": ["Human", "Wizard"], "supertypes": ["Legendary"], "text": "Flying\nWhenever Zur the Enchanter attacks, you may search your library for an enchantment card with mana value 3 or less, put it onto the battlefield, then shuffle.", "toughness": "4", "type": "Legendary Creature — Human Wizard", "types": ["Creature"], "uuid": "e857deed-ba35-53e7-9169-e57a5bbb22d6"}], "code": "PCEL", "isFoilOnly": false, "isOnlineOnly": false, "keyruneCode": "PMEI", "languages": ["English"], "name": "Celebration Cards", "releaseDate": "1996-08-14", "tokens": [], "totalSetSize": 8, "translations": {}, "type": "memorabilia"}}