{"meta": {"date": "2023-08-19", "version": "5.2.1+20230819"}, "data": {"baseSetSize": 5, "block": "Commander", "cards": [{"artist": "Terese Nielsen", "artistIds": ["eb55171c-2342-45f4-a503-2d5a75baf752"], "availability": ["paper"], "borderColor": "black", "colorIdentity": ["R", "W"], "colors": ["R", "W"], "convertedManaCost": 5.0, "edhrecRank": 8013, "edhrecSaltiness": 0.59, "finishes": ["foil"], "flavorText": "\"Why listen to the mumblings of wizards when the lash speaks true?\"", "foreignData": [], "frameVersion": "2003", "hasFoil": true, "hasNonFoil": false, "identifiers": {"cardKingdomFoilId": "202401", "mcmId": "247422", "mtgjsonV4Id": "0be29e8e-5e7f-547f-8c22-323a3c73bcb7", "scryfallId": "b7d24c68-b964-40e3-87f0-92e7bae05e75", "scryfallIllustrationId": "67ca5135-2485-4fab-9427-76910b347234", "scryfallOracleId": "4a480736-4cdc-4e3a-a8cb-d1c726982f9f", "tcgplayerProductId": "146639"}, "isOversized": true, "isStarter": true, "keywords": ["Flying"], "language": "English", "layout": "normal", "leadershipSkills": {"brawl": false, "commander": true, "oathbreaker": false}, "legalities": {}, "manaCost": "{3}{R}{W}", "manaValue": 5.0, "name": "Basandra, Battle Seraph", "number": "184", "power": "4", "printings": ["CMA", "CMD", "CNS", "PCMD", "VMA"], "purchaseUrls": {"cardKingdomFoil": "https://mtgjson.com/links/e5accfdc101e4e3d", "tcgplayer": "https://mtgjson.com/links/6f129edbafa8e5e9"}, "rarity": "rare", "rulings": [{"date": "2011-09-22", "text": "While Basandra, Battle Seraph is on the battlefield, players can’t cast any spells during the combat phase, including permanent spells with flash."}, {"date": "2011-09-22", "text": "Players may still activate abilities during combat."}, {"date": "2011-09-22", "text": "If, during a player’s declare attackers step, a creature is tapped, is affected by a spell or ability that says it can’t attack, or hasn’t been under that player’s control continuously since the turn began (and doesn’t have haste), then it doesn’t attack. If there’s a cost associated with having a creature attack, the player isn’t forced to pay that cost, so it doesn’t have to attack in that case either."}], "setCode": "PCMD", "subtypes": ["Angel"], "supertypes": ["Legendary"], "text": "Flying\nPlayers can't cast spells during combat.\n{R}: Target creature attacks this turn if able.", "toughness": "4", "type": "Legendary Creature — Angel", "types": ["Creature"], "uuid": "6e78f3ef-278b-5779-bba4-a3bcae569718", "watermark": "set (CMD)"}, {"artist": "Volkan Baǵa", "artistIds": ["93bec3c0-0260-4d31-8064-5d01efb4153f"], "availability": ["paper"], "borderColor": "black", "colorIdentity": ["G", "U"], "colors": ["G", "U"], "convertedManaCost": 3.0, "edhrecRank": 2474, "edhrecSaltiness": 0.66, "finishes": ["foil"], "flavorText": "\"I am not at liberty to reveal my sources, but I can assure you, the price on your head is high.\"", "foreignData": [], "frameVersion": "2003", "hasFoil": true, "hasNonFoil": false, "identifiers": {"cardKingdomFoilId": "207026", "mcmId": "247421", "mtgjsonV4Id": "077a1d5b-836f-5ef8-a5ec-178680e23ed1", "scryfallId": "c982bc31-f100-4652-af39-18dd1998e621", "scryfallIllustrationId": "83223053-1691-47e9-8e64-54487066aaee", "scryfallOracleId": "9a1de7e4-9930-4db3-a8f3-d146d0abf38b", "tcgplayerProductId": "146640"}, "isOversized": true, "isStarter": true, "language": "English", "layout": "normal", "leadershipSkills": {"brawl": false, "commander": true, "oathbreaker": false}, "legalities": {}, "manaCost": "{1}{G}{U}", "manaValue": 3.0, "name": "Edric, Spymaster of Trest", "number": "196", "power": "2", "printings": ["C16", "CM1", "CMD", "CNS", "PCMD", "PZ1", "VMA"], "purchaseUrls": {"cardKingdomFoil": "https://mtgjson.com/links/6bd74bf2cd3848c3", "tcgplayer": "https://mtgjson.com/links/55b219d60558c5a0"}, "rarity": "rare", "rulings": [{"date": "2011-09-22", "text": "A creature controlled by an opponent that deals combat damage to another opponent will cause Edric’s ability to trigger. The creature’s controller chooses whether to draw a card."}, {"date": "2011-09-22", "text": "When a creature you control deals combat damage to one of your opponents, you may draw a card."}, {"date": "2015-01-19", "text": "Edric, Spymaster of Trest is banned as a commander in Duel Commander format, but it may be part of your deck."}], "setCode": "PCMD", "subtypes": ["Elf", "Rogue"], "supertypes": ["Legendary"], "text": "Whenever a creature deals combat damage to one of your opponents, its controller may draw a card.", "toughness": "2", "type": "Legendary Creature — Elf Rogue", "types": ["Creature"], "uuid": "b62e18eb-ed0b-5373-b82b-10692640b6bf", "watermark": "set (CMD)"}, {"artist": "Brad Rigney", "artistIds": ["f17194b9-10e9-44ea-9b65-6812ab398624"], "availability": ["paper"], "borderColor": "black", "colorIdentity": ["R", "U"], "colors": ["R", "U"], "convertedManaCost": 2.0, "edhrecRank": 6755, "edhrecSaltiness": 0.06, "finishes": ["foil"], "flavorText": "\"Your body is a delicate instrument that tells me truths. These devices help me 'tune' that instrument.\"", "foreignData": [], "frameVersion": "2003", "hasFoil": true, "hasNonFoil": false, "identifiers": {"cardKingdomFoilId": "207027", "mcmId": "247420", "mtgjsonV4Id": "9f7f5be3-5565-5adf-9ed3-b2c224652134", "scryfallId": "992420a5-f6c4-4310-a2d0-fe6893765aa2", "scryfallIllustrationId": "82821742-928a-4084-b0f0-25cb081d69dc", "scryfallOracleId": "ec439630-e18b-45f6-8034-2ecbea27772f", "tcgplayerProductId": "146641"}, "isOversized": true, "isStarter": true, "language": "English", "layout": "normal", "leadershipSkills": {"brawl": false, "commander": true, "oathbreaker": false}, "legalities": {}, "manaCost": "{U}{R}", "manaValue": 2.0, "name": "Nin, the Pain Artist", "number": "213", "power": "1", "printings": ["C17", "CMD", "J18", "MB1", "PCMD"], "purchaseUrls": {"cardKingdomFoil": "https://mtgjson.com/links/a33dfa62630b1ef5", "tcgplayer": "https://mtgjson.com/links/2252cdcbf7ed902e"}, "rarity": "rare", "rulings": [{"date": "2011-09-22", "text": "If the creature is an illegal target when Nin’s ability tries to resolve, it won’t resolve and none of its effects will happen. No player will draw cards."}, {"date": "2011-09-22", "text": "You may choose a value for X that’s greater than the creature’s toughness. Its controller will draw that many cards."}, {"date": "2011-09-22", "text": "The effect is not optional. The creature’s controller can’t choose to draw fewer than X cards."}, {"date": "2011-09-22", "text": "If the ability resolves, but the damage is prevented or redirected, the controller of the targeted creature will draw X cards, regardless of how much damage was dealt or what the damage was ultimately dealt to."}, {"date": "2011-09-22", "text": "If the damage is lethal, the cards are drawn before the creature is destroyed (the next time state-based actions are checked)."}], "setCode": "PCMD", "subtypes": ["Vedalken", "Wizard"], "supertypes": ["Legendary"], "text": "{X}{U}{R}, {T}: Nin, the Pain Artist deals X damage to target creature. That creature's controller draws X cards.", "toughness": "1", "type": "Legendary Creature — Vedalken Wizard", "types": ["Creature"], "uuid": "0bcb7e8b-f7d3-568f-aa36-c720c79ac9a0", "watermark": "set (CMD)"}, {"artist": "Nils Hamm", "artistIds": ["c540d1fc-1500-457f-93cf-d6069ee66546"], "availability": ["paper"], "borderColor": "black", "colorIdentity": ["B", "G"], "colors": ["B", "G"], "convertedManaCost": 2.0, "edhrecRank": 6293, "edhrecSaltiness": 0.29, "finishes": ["foil"], "foreignData": [], "frameVersion": "2003", "hasFoil": true, "hasNonFoil": false, "identifiers": {"cardKingdomFoilId": "207028", "mcmId": "247423", "mtgjsonV4Id": "d5be8c29-ad4a-5f44-83e4-f993b90362bf", "scryfallId": "0ff784a8-cad2-4e81-b3a8-cf8c13cbc101", "scryfallIllustrationId": "f6491088-1623-4bd3-985e-e5f34146446b", "scryfallOracleId": "088ac883-6f44-4046-bf19-81c7fd952e55", "tcgplayerProductId": "146129"}, "isOversized": true, "isStarter": true, "keywords": ["Haste"], "language": "English", "layout": "normal", "leadershipSkills": {"brawl": false, "commander": true, "oathbreaker": false}, "legalities": {}, "manaCost": "{B}{G}", "manaValue": 2.0, "name": "Skullbriar, the Walking Grave", "number": "227", "power": "1", "printings": ["2X2", "CM2", "CMD", "PCMD", "PLIST"], "purchaseUrls": {"cardKingdomFoil": "https://mtgjson.com/links/cd59412aac78bd6b", "tcgplayer": "https://mtgjson.com/links/b601c35657d54224"}, "rarity": "rare", "rulings": [{"date": "2011-09-22", "text": "Skullbriar will get one +1/+1 counter each time it deals combat damage to a player (including you if its combat damage gets redirected), regardless of how much damage is dealt."}, {"date": "2011-09-22", "text": "Skullbriar retains all counters, not just +1/+1 counters."}, {"date": "2011-09-22", "text": "The counters that remain on Skullbriar as it changes zones aren’t “placed” on Skullbriar. Effects like Doubling Season’s and Melira, Sylvok Outcast’s won’t affect those counters."}, {"date": "2011-09-22", "text": "Counters that adjust power and/or toughness affect Skullbriar’s power and/or toughness in zones other than the battlefield. For example, a Skullbriar in the command zone with a +1/+1 counter on it will be 2/2."}, {"date": "2011-09-22", "text": "Effects that last “for as long as that creature has a [kind of] counter on it,” such as Aven Mimeomancer’s, stop applying to Skullbriar once it leaves the battlefield. Even though Skullbriar retains the counters, it becomes a new object with no relation to its last existence in its previous zone."}, {"date": "2011-09-22", "text": "Skullbriar’s last ability only works if it has that ability in the zone it’s moving from. For example, with Yixlid Jailer (“Cards in graveyards lose all abilities”) on the battlefield, a Skullbriar with a counter on it in a graveyard loses that counter when it’s put onto the battlefield. Conversely, that Skullbriar moving from the graveyard to the battlefield would retain that counter if Humility (“All creatures lose all abilities and are 1/1”) were on the battlefield; if Skullbriar then left the battlefield with Humility still on the battlefield, it would lose the counter."}, {"date": "2011-09-22", "text": "If a card becomes a copy of Skullbriar, counters will remain on that card when it leaves the battlefield (unless it goes to your hand or library). Once it does so, it stops being a copy of Skullbriar, so those counters will cease to exist when that card next changes zones."}], "setCode": "PCMD", "subtypes": ["Zombie", "Elemental"], "supertypes": ["Legendary"], "text": "Haste\nWhenever Skullbriar, the Walking Grave deals combat damage to a player, put a +1/+1 counter on it.\nCounters remain on Skullbriar as it moves to any zone other than a player's hand or library.", "toughness": "1", "type": "Legendary Creature — Zombie Elemental", "types": ["Creature"], "uuid": "cd129424-e326-515e-89cf-f38a7a1738d1", "watermark": "set (CMD)"}, {"artist": "Michael C. Hayes", "artistIds": ["d119119f-9ee1-4cf1-a01f-e90b6a042155"], "availability": ["paper"], "borderColor": "black", "colorIdentity": ["B", "W"], "colors": ["B", "W"], "convertedManaCost": 7.0, "edhrecRank": 10029, "edhrecSaltiness": 0.53, "finishes": ["foil"], "foreignData": [], "frameVersion": "2003", "hasFoil": true, "hasNonFoil": false, "identifiers": {"cardKingdomFoilId": "207029", "cardsphereId": "69791", "mcmId": "247419", "mtgjsonV4Id": "d9c53d4e-b52b-57d2-a20d-431c152649cf", "scryfallId": "926d6c8b-88c1-46f9-ba3c-5ddd8328e421", "scryfallIllustrationId": "5982dfb7-b753-4ceb-8190-eb97de73e7fe", "scryfallOracleId": "ba3bfe0c-2bd6-469c-802c-440b7caf7fb5", "tcgplayerProductId": "146642"}, "isOversized": true, "isStarter": true, "keywords": ["Flying", "Lifelink"], "language": "English", "layout": "normal", "leadershipSkills": {"brawl": false, "commander": true, "oathbreaker": false}, "legalities": {}, "manaCost": "{4}{W}{B}{B}", "manaValue": 7.0, "name": "Vish Kal, Blood Arbiter", "number": "234", "power": "5", "printings": ["2XM", "CMD", "PCMD"], "purchaseUrls": {"cardKingdomFoil": "https://mtgjson.com/links/ce0a95c8d6828543", "tcgplayer": "https://mtgjson.com/links/b33e9c9097ef4068"}, "rarity": "rare", "rulings": [{"date": "2020-08-07", "text": "Use the sacrificed creature's power as it last existed on the battlefield to determine how many +1/+1 counters to put on Vish Kal."}, {"date": "2020-08-07", "text": "Vish Kal's last ability doesn't deal damage. It doesn't cause you to gain any life from its lifelink ability."}], "setCode": "PCMD", "subtypes": ["Vampire"], "supertypes": ["Legendary"], "text": "Flying, lifelink\nSacrifice a creature: Put X +1/+1 counters on Vish Kal, Blood Arbiter, where X is the sacrificed creature's power.\nRemove all +1/+1 counters from Vish Kal: Target creature gets -1/-1 until end of turn for each +1/+1 counter removed this way.", "toughness": "5", "type": "Legendary Creature — Vampire", "types": ["Creature"], "uuid": "8ae27efa-a1f7-5556-8d43-fc84fb7154f6", "watermark": "set (CMD)"}], "code": "PCMD", "isFoilOnly": true, "isOnlineOnly": false, "keyruneCode": "CMD", "languages": ["English"], "name": "Commander 2011 Launch Party", "parentCode": "CMD", "releaseDate": "2011-06-17", "tokens": [], "totalSetSize": 5, "translations": {}, "type": "memorabilia"}}