{"meta": {"date": "2023-08-19", "version": "5.2.1+20230819"}, "data": {"baseSetSize": 12, "cards": [{"artist": "Zoltan Boros & Gabor Szikszai", "artistIds": ["1885e6cb-c827-4896-994e-3d0a027d602f", "44c3877f-8771-43dc-9e40-f4c765f59d2e"], "availability": ["paper"], "borderColor": "black", "colorIdentity": ["R", "U"], "colors": ["R", "U"], "convertedManaCost": 3.0, "edhrecRank": 5183, "finishes": ["nonfoil"], "foreignData": [], "frameVersion": "2003", "hasFoil": false, "hasNonFoil": true, "identifiers": {"cardKingdomId": "122327", "cardsphereId": "8370", "mcmId": "18995", "mtgjsonV4Id": "88a8e09c-6b54-5fb8-a266-221a2c71d758", "scryfallId": "521a1843-e604-4954-be21-38b31867f670", "scryfallIllustrationId": "fbff4834-30c8-47f0-a7b0-09789c6358ca", "scryfallOracleId": "07b222d7-24f2-4994-9004-ff6672ebe161", "tcgplayerProductId": "38050"}, "isFullArt": true, "isPromo": true, "isReprint": true, "isStarter": true, "language": "English", "layout": "normal", "legalities": {"commander": "Legal", "duel": "Legal", "gladiator": "Legal", "historic": "Legal", "historicbrawl": "Legal", "legacy": "Legal", "modern": "Legal", "oathbreaker": "Legal", "penny": "Legal", "predh": "Legal", "vintage": "Legal"}, "manaCost": "{1}{U}{R}", "manaValue": 3.0, "name": "Electrolyze", "number": "1", "printings": ["CMD", "GK1", "GPT", "IMA", "MM2", "MMA", "PCMP", "PIDW", "PRM", "PZ1", "STA"], "promoTypes": ["tourney"], "purchaseUrls": {"cardKingdom": "https://mtgjson.com/links/41b549f988722bbc", "tcgplayer": "https://mtgjson.com/links/394acecf28cdd117"}, "rarity": "rare", "rulings": [{"date": "2017-11-17", "text": "You divide the damage as you cast Electrolyze, not as it resolves. Each target must be assigned at least 1 damage. In other words, as you cast Electrolyze, you choose whether to have it deal 2 damage to a single target, or deal 1 damage to each of two targets."}, {"date": "2017-11-17", "text": "If Electrolyze targets two creatures and one becomes an illegal target, the remaining target is dealt 1 damage, not 2. You'll still draw a card."}, {"date": "2017-11-17", "text": "If all chosen targets are illegal as Electrolyze tries to resolve, it won't resolve and none of its effects will happen. No damage will be dealt and you won't draw a card."}], "setCode": "PCMP", "subtypes": [], "supertypes": [], "text": "Electrolyze deals 2 damage divided as you choose among one or two targets.\nDraw a card.", "type": "Instant", "types": ["Instant"], "uuid": "10ff49bc-c70b-542d-9fae-1d3499a43490"}, {"artist": "Todd Lockwood", "artistIds": ["d0b9f3cc-13fb-42b6-bc43-b034728e5c7b"], "availability": ["paper"], "borderColor": "black", "colorIdentity": ["R", "U"], "colors": ["R", "U"], "convertedManaCost": 6.0, "edhrecRank": 1557, "edhrecSaltiness": 0.65, "finishes": ["foil"], "foreignData": [], "frameVersion": "2003", "hasFoil": true, "hasNonFoil": false, "identifiers": {"cardKingdomFoilId": "126158", "cardsphereId": "8374", "mcmId": "18996", "mtgjsonV4Id": "fecd03b5-96c9-5c59-9edf-272975192ceb", "scryfallId": "1531face-701e-4b4b-af47-ddac71c93928", "scryfallIllustrationId": "4fe18888-ae07-4e02-a99b-bdc95194494c", "scryfallOracleId": "959acb66-84ca-4535-bca2-ad591895735e", "tcgplayerProductId": "38054"}, "isFullArt": true, "isPromo": true, "isReprint": true, "isStarter": true, "keywords": ["Flying"], "language": "English", "layout": "normal", "leadershipSkills": {"brawl": false, "commander": true, "oathbreaker": false}, "legalities": {"commander": "Legal", "duel": "Legal", "legacy": "Legal", "modern": "Legal", "oathbreaker": "Legal", "penny": "Legal", "predh": "Legal", "vintage": "Legal"}, "manaCost": "{2}{U}{U}{R}{R}", "manaValue": 6.0, "name": "Niv-Mizzet, the Firemind", "number": "2", "power": "4", "printings": ["A25", "C17", "C20", "DDJ", "DRB", "GK1", "GPT", "MM2", "P30A", "PCMP", "PRM"], "promoTypes": ["tourney"], "purchaseUrls": {"cardKingdomFoil": "https://mtgjson.com/links/5f3bdec992144106", "tcgplayer": "https://mtgjson.com/links/c29869a7ebb694eb"}, "rarity": "rare", "rulings": [{"date": "2018-03-16", "text": "If a spell or ability causes you to draw multiple cards, Niv-Mizzet’s ability triggers that many times."}, {"date": "2018-03-16", "text": "If dealing 1 damage to a permanent or player causes you to draw a card, perhaps because Niv-Mizzet is enchanted by Curiosity, you’ll continue this loop until the loop is interrupted, perhaps by a player losing the game."}], "setCode": "PCMP", "subtypes": ["Dragon", "Wizard"], "supertypes": ["Legendary"], "text": "Flying\nWhenever you draw a card, Niv-Mizzet, the Firemind deals 1 damage to any target.\n{T}: Draw a card.", "toughness": "4", "type": "Legendary Creature — Dragon Wizard", "types": ["Creature"], "uuid": "cc8fee54-760d-5dd1-a1b5-22379bae3ac5"}, {"artist": "Jeremy Jarvis", "artistIds": ["b40ac320-89b4-4c51-a85f-4a4b63ae614e"], "availability": ["paper"], "borderColor": "black", "colorIdentity": ["B", "R"], "colors": ["B", "R"], "convertedManaCost": 2.0, "edhrecRank": 18074, "finishes": ["nonfoil"], "foreignData": [], "frameVersion": "2003", "hasFoil": false, "hasNonFoil": true, "identifiers": {"cardKingdomId": "122323", "cardsphereId": "8375", "mcmId": "18997", "mtgjsonV4Id": "a9ed823c-d565-5b9a-8c2b-692a76e5b5cd", "scryfallId": "5211b39a-cbf3-4aec-861e-cf721da53c6d", "scryfallIllustrationId": "72746a7f-0854-4f71-a9c2-9d5dcc5e212c", "scryfallOracleId": "650949ca-609b-46c5-bc6b-6f782cdcb6d2", "tcgplayerProductId": "38055"}, "isFullArt": true, "isPromo": true, "isReprint": true, "isStarter": true, "language": "English", "layout": "normal", "legalities": {"commander": "Legal", "duel": "Legal", "legacy": "Legal", "modern": "Legal", "oathbreaker": "Legal", "paupercommander": "Restricted", "penny": "Legal", "predh": "Legal", "vintage": "Legal"}, "manaCost": "{B/R}{B/R}", "manaValue": 2.0, "name": "Rakdos Guildmage", "number": "3", "originalReleaseDate": "2006-06-24", "power": "2", "printings": ["ARC", "DIS", "GK2", "PCMP", "PRM"], "promoTypes": ["tourney"], "purchaseUrls": {"cardKingdom": "https://mtgjson.com/links/eb12b6510a4ad52a", "tcgplayer": "https://mtgjson.com/links/d30d9a4072b5766a"}, "rarity": "rare", "rulings": [{"date": "2006-05-01", "text": "If the second ability is activated during the End step, the token won’t be exiled until the following turn’s End step."}], "setCode": "PCMP", "subtypes": ["Zombie", "Shaman"], "supertypes": [], "text": "({B/R} can be paid with either {B} or {R}.)\n{3}{B}, Discard a card: Target creature gets -2/-2 until end of turn.\n{3}{R}: Create a 2/1 red Goblin creature token with haste. Exile it at the beginning of the next end step.", "toughness": "2", "type": "Creature — Zombie Shaman", "types": ["Creature"], "uuid": "1cb6b50a-2072-56de-847d-6dd82451577b"}, {"artist": "Jim Murray", "artistIds": ["1c906f9b-5bbe-4643-8f5c-90eb1c7f0c43"], "availability": ["paper"], "borderColor": "black", "colorIdentity": ["G", "U"], "colors": ["G", "U"], "convertedManaCost": 3.0, "edhrecRank": 4108, "edhrecSaltiness": 0.29, "finishes": ["foil"], "foreignData": [], "frameVersion": "2003", "hasFoil": true, "hasNonFoil": false, "identifiers": {"cardKingdomFoilId": "126623", "cardsphereId": "8378", "mcmId": "18998", "mtgjsonV4Id": "71a80ef0-6cd3-5001-9d2c-7487eb9a1d8a", "scryfallId": "265c269e-1b5e-4e5f-873f-7733bd4142aa", "scryfallIllustrationId": "a741f45d-315b-41f1-9fa5-145f44f31f3b", "scryfallOracleId": "c4851768-e210-4aaf-935e-715942e198f9", "tcgplayerProductId": "38057"}, "isFullArt": true, "isPromo": true, "isReprint": true, "isStarter": true, "language": "English", "layout": "normal", "legalities": {"commander": "Legal", "duel": "Legal", "legacy": "Legal", "modern": "Legal", "oathbreaker": "Legal", "penny": "Legal", "predh": "Legal", "vintage": "Legal"}, "manaCost": "{G}{U}{U}", "manaValue": 3.0, "name": "Voidslime", "number": "4", "originalReleaseDate": "2006-06-24", "printings": ["DIS", "GK2", "PCMP", "PRM", "SLD"], "promoTypes": ["tourney"], "purchaseUrls": {"cardKingdomFoil": "https://mtgjson.com/links/fea8b3dc34de0e1c", "tcgplayer": "https://mtgjson.com/links/4e2fdbc43be8bba4"}, "rarity": "rare", "rulings": [{"date": "2016-06-08", "text": "Activated abilities contain a colon. They’re generally written “[Cost]: [Effect].” Some keywords are activated abilities and will have colons in their reminder text."}], "setCode": "PCMP", "subtypes": [], "supertypes": [], "text": "Counter target spell, activated ability, or triggered ability. (Mana abilities can't be targeted.)", "type": "Instant", "types": ["Instant"], "uuid": "79cbb056-116f-53b6-83ff-6af010bf6e49"}, {"artist": "Mark Tedin", "artistIds": ["9ee9a9cc-c09e-486f-918b-69f80cbc4188"], "availability": ["paper"], "borderColor": "black", "colorIdentity": [], "colors": [], "convertedManaCost": 0.0, "edhrecRank": 4372, "edhrecSaltiness": 0.08, "finishes": ["nonfoil"], "foreignData": [], "frameVersion": "2003", "hasFoil": false, "hasNonFoil": true, "identifiers": {"cardKingdomId": "125307", "cardsphereId": "8377", "mcmId": "18999", "mtgjsonV4Id": "c6237a49-5ecc-5612-8700-ab1fac0a3720", "scryfallId": "6f5725dc-82a7-48b3-857e-7ccbf3726cbd", "scryfallIllustrationId": "3f6e4964-ef09-437d-9338-1346883a3376", "scryfallOracleId": "5a620d20-f14e-43d0-8e57-c2a197e2ec51", "tcgplayerProductId": "38056"}, "isFullArt": true, "isPromo": true, "isReprint": true, "isStarter": true, "language": "English", "layout": "normal", "legalities": {"commander": "Legal", "duel": "Legal", "legacy": "Legal", "modern": "Legal", "oathbreaker": "Legal", "penny": "Legal", "predh": "Legal", "vintage": "Legal"}, "manaValue": 0.0, "name": "Urza's Factory", "number": "5", "originalReleaseDate": "2006-10-21", "printings": ["C13", "J22", "PCMP", "PLIST", "PRM", "TSP", "TSR"], "promoTypes": ["tourney"], "purchaseUrls": {"cardKingdom": "https://mtgjson.com/links/ab4a7c9442074bff", "tcgplayer": "https://mtgjson.com/links/dac65f971f5e12a3"}, "rarity": "rare", "rulings": [{"date": "2021-03-19", "text": "Urza’s is a land subtype that has no inherent rules meaning. Other effects may refer to it."}], "setCode": "PCMP", "subtypes": ["Urza's"], "supertypes": [], "text": "{T}: Add {C}.\n{7}, {T}: Create a 2/2 colorless Assembly-Worker artifact creature token.", "type": "Land — Urza's", "types": ["Land"], "uuid": "08cd00ac-09f5-52b4-8bcf-1820505cae60"}, {"artist": "Scott M. Fischer", "artistIds": ["23b0cf43-3e43-44c6-8329-96446eca5bce"], "availability": ["paper"], "borderColor": "black", "colorIdentity": ["W"], "colors": ["W"], "convertedManaCost": 2.0, "edhrecRank": 7810, "edhrecSaltiness": 0.08, "finishes": ["foil"], "foreignData": [], "frameVersion": "2003", "hasFoil": true, "hasNonFoil": false, "identifiers": {"cardKingdomFoilId": "126629", "cardsphereId": "8376", "mcmId": "19000", "mtgjsonV4Id": "e6c94607-fd84-5fe5-80c6-c8db440c94c2", "scryfallId": "f3e3374a-e2e3-4c81-aa4f-098b190bbf66", "scryfallIllustrationId": "d2e45408-95a7-4ab7-9a49-d667efe38472", "scryfallOracleId": "b91b65b3-b35c-460e-a49b-333000a9a519", "tcgplayerProductId": "38007"}, "isFullArt": true, "isPromo": true, "isReprint": true, "isStarter": true, "keywords": ["Flying", "Vigilance"], "language": "English", "layout": "normal", "legalities": {"commander": "Legal", "duel": "Legal", "legacy": "Legal", "modern": "Legal", "oathbreaker": "Legal", "penny": "Legal", "predh": "Legal", "vintage": "Legal"}, "manaCost": "{W}{W}", "manaValue": 2.0, "name": "Serra Avenger", "number": "6", "originalReleaseDate": "2006-10-21", "power": "3", "printings": ["M13", "PCMP", "PRM", "TD0", "TSP", "TSR"], "promoTypes": ["tourney"], "purchaseUrls": {"cardKingdomFoil": "https://mtgjson.com/links/0a176bfa5468361b", "tcgplayer": "https://mtgjson.com/links/6f2f75be642bc803"}, "rarity": "rare", "rulings": [{"date": "2006-09-25", "text": "You can cast Serra Avenger during another player’s first, second, or third turns of the game if some other effect (such as Vedalken Orrery) enables that."}, {"date": "2012-07-01", "text": "Serra Avenger cares about how many turns you have taken, not necessarily how many turns the game has had, in case you take an extra turn."}, {"date": "2012-07-01", "text": "If the game is restarted (by Karn Liberated), you can’t cast Serra Avenger in your first, second, or third turn in the new game."}], "setCode": "PCMP", "subtypes": ["Angel"], "supertypes": [], "text": "You can't cast this spell during your first, second, or third turns of the game.\nFlying, vigilance", "toughness": "3", "type": "Creature — Angel", "types": ["Creature"], "uuid": "849d8bce-5bfd-5f32-9163-3da60d363360"}, {"artist": "Matt Cavotta", "artistIds": ["2e6a0611-9411-4ba4-98e3-c0e18cbf9f83"], "availability": ["paper"], "borderColor": "black", "colorIdentity": ["R"], "colors": ["R"], "convertedManaCost": 2.0, "edhrecRank": 18297, "edhrecSaltiness": 0.31, "finishes": ["nonfoil"], "foreignData": [], "frameEffects": ["inverted"], "frameVersion": "2003", "hasFoil": false, "hasNonFoil": true, "identifiers": {"cardKingdomId": "126613", "cardsphereId": "8367", "mcmId": "19001", "mtgjsonV4Id": "b0e368ef-7664-5858-af4f-504fc3e957c6", "scryfallId": "64d02c9b-7362-4479-b26d-7de843bd2ac3", "scryfallIllustrationId": "21bef0c5-09e8-418c-8363-4984fd4abce1", "scryfallOracleId": "67fba605-9cfa-499c-83e0-4fbd023bcfa0", "tcgplayerProductId": "38047"}, "isFullArt": true, "isPromo": true, "isReprint": true, "isStarter": true, "keywords": ["First strike", "Protection"], "language": "English", "layout": "normal", "legalities": {"commander": "Legal", "duel": "Legal", "legacy": "Legal", "modern": "Legal", "oathbreaker": "Legal", "paupercommander": "Restricted", "penny": "Legal", "predh": "Legal", "vintage": "Legal"}, "manaCost": "{R}{R}", "manaValue": 2.0, "name": "Blood Knight", "number": "7", "originalReleaseDate": "2007-03-01", "power": "2", "printings": ["PCMP", "PLC", "PRM"], "promoTypes": ["tourney"], "purchaseUrls": {"cardKingdom": "https://mtgjson.com/links/5089088153befcc6", "tcgplayer": "https://mtgjson.com/links/ee85b087bbef673d"}, "rarity": "rare", "setCode": "PCMP", "subtypes": ["Human", "Knight"], "supertypes": [], "text": "First strike, protection from white", "toughness": "2", "type": "Creature — Human Knight", "types": ["Creature"], "uuid": "22ec1414-8ccd-5b71-a75a-c6ebfac56792"}, {"artist": "Matt Cavotta", "artistIds": ["2e6a0611-9411-4ba4-98e3-c0e18cbf9f83"], "availability": ["paper"], "borderColor": "black", "colorIdentity": ["G"], "colors": ["G"], "convertedManaCost": 3.0, "edhrecRank": 11039, "edhrecSaltiness": 0.08, "finishes": ["foil"], "foreignData": [], "frameVersion": "2003", "hasFoil": true, "hasNonFoil": false, "identifiers": {"cardKingdomFoilId": "126628", "cardsphereId": "8371", "mcmId": "19002", "mtgjsonV4Id": "ae049375-ec83-5692-9e77-608971eaff52", "scryfallId": "1692ba5a-7ccd-4623-876d-a587d6491cec", "scryfallIllustrationId": "b9e21dcb-645c-4464-b9d8-8e168b11cc22", "scryfallOracleId": "a14dc46f-b790-458e-8821-0c5646188680", "tcgplayerProductId": "38051"}, "isFullArt": true, "isPromo": true, "isReprint": true, "isStarter": true, "keywords": ["Haste", "Trample"], "language": "English", "layout": "normal", "legalities": {"commander": "Legal", "duel": "Legal", "legacy": "Legal", "modern": "Legal", "oathbreaker": "Legal", "penny": "Legal", "predh": "Legal", "vintage": "Legal"}, "manaCost": "{G}{G}{G}", "manaValue": 3.0, "name": "Groundbreaker", "number": "8", "originalReleaseDate": "2007-03-01", "power": "6", "printings": ["PCMP", "PLC", "PLIST", "PRM"], "promoTypes": ["tourney"], "purchaseUrls": {"cardKingdomFoil": "https://mtgjson.com/links/7728b1dce1fe11d4", "tcgplayer": "https://mtgjson.com/links/d7508c4156a06cf1"}, "rarity": "rare", "rulings": [{"date": "2007-02-01", "text": "The creature is sacrificed at the end of every turn in which it is on the battlefield. There is no choice about what turn to sacrifice it."}], "setCode": "PCMP", "subtypes": ["Elemental"], "supertypes": [], "text": "Trample, haste\nAt the beginning of the end step, sacrifice Groundbreaker.", "toughness": "1", "type": "Creature — Elemental", "types": ["Creature"], "uuid": "52795a54-6fdd-5c80-9b6d-9fb87f6b518f"}, {"artist": "Scott M. Fischer", "artistIds": ["23b0cf43-3e43-44c6-8329-96446eca5bce"], "availability": ["paper"], "borderColor": "black", "colorIdentity": ["G"], "colors": ["G"], "convertedManaCost": 3.0, "edhrecRank": 1359, "edhrecSaltiness": 0.2, "finishes": ["nonfoil"], "foreignData": [], "frameVersion": "2003", "hasFoil": false, "hasNonFoil": true, "identifiers": {"cardKingdomId": "125165", "cardsphereId": "8372", "mcmId": "19004", "mtgjsonV4Id": "0ae171ad-c5f0-54b8-9775-f4c2334a8d37", "scryfallId": "4bffc964-b397-409c-8d3a-9f52107e09ca", "scryfallIllustrationId": "9c08c16d-45d6-43bf-a376-43eb86578605", "scryfallOracleId": "3fa71348-fa4d-4f39-a451-cf1570591991", "tcgplayerProductId": "38052"}, "isFullArt": true, "isPromo": true, "isReprint": true, "isStarter": true, "language": "English", "layout": "normal", "legalities": {"commander": "Legal", "duel": "Legal", "gladiator": "Legal", "historic": "Legal", "historicbrawl": "Legal", "legacy": "Legal", "modern": "Legal", "oathbreaker": "Legal", "paupercommander": "Restricted", "penny": "Legal", "predh": "Legal", "vintage": "Legal"}, "manaCost": "{2}{G}", "manaValue": 3.0, "name": "Imperious Perfect", "number": "9", "originalReleaseDate": "2007-10-27", "power": "2", "printings": ["C14", "CMA", "CMR", "DD1", "DPA", "EMA", "EVG", "HA1", "J22", "KHC", "LRW", "MB1", "PCMP", "PLIST", "PRM", "PS11"], "promoTypes": ["tourney"], "purchaseUrls": {"cardKingdom": "https://mtgjson.com/links/a47a84d62fc2bd2f", "tcgplayer": "https://mtgjson.com/links/635a1e24c4c39fe2"}, "rarity": "rare", "rulings": [{"date": "2020-11-10", "text": "Because damage remains marked on a creature until the damage is removed as the turn ends, nonlethal damage dealt to Elves you control may become lethal if Imperious Perfect leaves the battlefield during that turn."}], "setCode": "PCMP", "subtypes": ["Elf", "Warrior"], "supertypes": [], "text": "Other Elves you control get +1/+1.\n{G}, {T}: Create a 1/1 green Elf Warrior creature token.", "toughness": "2", "type": "Creature — Elf Warrior", "types": ["Creature"], "uuid": "bf4b4f75-d423-553c-839e-516324f37401"}, {"artist": "Mark Zug", "artistIds": ["48e2b98c-5467-4671-bd42-4c3746115117"], "availability": ["paper"], "borderColor": "black", "colorIdentity": ["B", "G", "W"], "colors": ["B", "G", "W"], "convertedManaCost": 3.0, "edhrecRank": 7113, "edhrecSaltiness": 0.21, "finishes": ["foil"], "foreignData": [], "frameVersion": "2003", "hasFoil": true, "hasNonFoil": false, "identifiers": {"cardKingdomFoilId": "126627", "cardsphereId": "8369", "mcmId": "19003", "mtgjsonV4Id": "6409ed7a-c84e-52a2-89f9-578329e5bbc9", "scryfallId": "f78edb37-e36e-4761-8293-154744040d65", "scryfallIllustrationId": "bac2c9eb-e8d2-4624-a573-a8592a98b255", "scryfallOracleId": "a46d96d9-8e59-4777-8208-7730b9e33240", "tcgplayerProductId": "38049"}, "isFullArt": true, "isPromo": true, "isReprint": true, "isStarter": true, "language": "English", "layout": "normal", "leadershipSkills": {"brawl": false, "commander": true, "oathbreaker": false}, "legalities": {"commander": "Legal", "duel": "Legal", "legacy": "Legal", "modern": "Legal", "oathbreaker": "Legal", "penny": "Legal", "predh": "Legal", "vintage": "Legal"}, "manaCost": "{W}{B}{G}", "manaValue": 3.0, "name": "Doran, the Siege Tower", "number": "10", "originalReleaseDate": "2007-10-27", "power": "0", "printings": ["2X2", "J17", "LRW", "PCMP", "PLIST", "PRM", "V11"], "promoTypes": ["tourney"], "purchaseUrls": {"cardKingdomFoil": "https://mtgjson.com/links/93b5292f73117c18", "tcgplayer": "https://mtgjson.com/links/b08dd1d40bb27b0d"}, "rarity": "rare", "rulings": [{"date": "2007-10-01", "text": "This effect is mandatory and affects all creatures."}, {"date": "2007-10-01", "text": "Doran’s ability means, for example, that a 2/3 creature will assign 3 damage in combat instead of 2."}, {"date": "2007-10-01", "text": "Doran’s ability doesn’t actually change creatures’ power; it changes only the value of the combat damage they assign. All other rules and effects that check power or toughness use the real values."}], "setCode": "PCMP", "subtypes": ["Treefolk", "Shaman"], "supertypes": ["Legendary"], "text": "Each creature assigns combat damage equal to its toughness rather than its power.", "toughness": "5", "type": "Legendary Creature — Treefolk Shaman", "types": ["Creature"], "uuid": "a0c02c22-ebd2-5d62-a92c-a68967c1283a"}, {"artist": "Jim Murray", "artistIds": ["1c906f9b-5bbe-4643-8f5c-90eb1c7f0c43"], "availability": ["paper"], "borderColor": "black", "colorIdentity": ["G"], "colors": ["G"], "convertedManaCost": 2.0, "edhrecRank": 6054, "edhrecSaltiness": 0.08, "finishes": ["nonfoil"], "foreignData": [], "frameVersion": "2003", "hasFoil": false, "hasNonFoil": true, "identifiers": {"cardKingdomId": "126630", "cardsphereId": "8368", "mcmId": "19461", "mtgjsonV4Id": "2f23575c-eece-53bf-bed7-712bf333b84e", "scryfallId": "ca687bef-3503-4020-a054-953152be7aad", "scryfallIllustrationId": "55dca348-5fe5-448d-a2e4-0459896bab05", "scryfallOracleId": "be455184-c57d-4504-8c34-3be42bc3f04b", "tcgplayerProductId": "38048"}, "isFullArt": true, "isPromo": true, "isReprint": true, "isStarter": true, "language": "English", "layout": "normal", "legalities": {"commander": "Legal", "duel": "Legal", "legacy": "Legal", "modern": "Legal", "oathbreaker": "Legal", "paupercommander": "Restricted", "penny": "Legal", "predh": "Legal", "vintage": "Legal"}, "manaCost": "{1}{G}", "manaValue": 2.0, "name": "Bramblewood Paragon", "number": "11", "originalReleaseDate": "2008-03-29", "power": "2", "printings": ["FMB1", "MOR", "PCMP", "PRM", "PS11"], "promoTypes": ["tourney"], "purchaseUrls": {"cardKingdom": "https://mtgjson.com/links/ff1b10fcf0dccc8f", "tcgplayer": "https://mtgjson.com/links/607e7230eeba58ee"}, "rarity": "rare", "rulings": [{"date": "2008-04-01", "text": "If a Warrior would normally enter the battlefield with a certain number of +1/+1 counters on it, it enters the battlefield with that many +1/+1 counters plus one on it instead. If a Warrior would normally enter the battlefield with no +1/+1 counters on it, it enters the battlefield with one +1/+1 counter on it instead."}, {"date": "2008-04-01", "text": "The creature gets the counter if it would enter the battlefield under your control. It doesn’t matter who owns the creature or what zone it enters the battlefield from (such as your opponent’s graveyard, for example)."}, {"date": "2008-04-01", "text": "The effects from more than one Bramblewood Paragon are cumulative. That is, if you have more than one Bramblewood Paragon on the battlefield, Warrior creatures you control enter the battlefield with that many additional +1/+1 counters on them."}, {"date": "2008-04-01", "text": "If Bramblewood Paragon enters the battlefield at the same time as another Warrior (due to Living End, for example), that creature doesn’t get a +1/+1 counter."}], "setCode": "PCMP", "subtypes": ["Elf", "Warrior"], "supertypes": [], "text": "Each other Warrior creature you control enters the battlefield with an additional +1/+1 counter on it.\nEach creature you control with a +1/+1 counter on it has trample.", "toughness": "2", "type": "Creature — Elf Warrior", "types": ["Creature"], "uuid": "15f0c366-5e69-5c78-b9a6-cc07e8fa7d53"}, {"artist": "Fred Fields", "artistIds": ["9c77c81a-3b3f-4e94-a834-327d01cd6b35"], "availability": ["paper"], "borderColor": "black", "colorIdentity": [], "colors": [], "convertedManaCost": 0.0, "edhrecRank": 1434, "edhrecSaltiness": 0.1, "finishes": ["foil"], "foreignData": [], "frameVersion": "2003", "hasFoil": true, "hasNonFoil": false, "identifiers": {"cardKingdomFoilId": "190519", "cardsphereId": "8373", "mcmId": "19462", "mtgjsonV4Id": "007e7f41-7075-59be-a1d1-465425bfa877", "scryfallId": "85985b9a-274a-49be-be46-6e32efcce9fb", "scryfallIllustrationId": "b04d9fa2-170a-470e-833b-aaea9b08d4e1", "scryfallOracleId": "6b3cc59a-7ea5-4eb5-9bf9-5a9c07f80e2b", "tcgplayerProductId": "38053"}, "isFullArt": true, "isPromo": true, "isReprint": true, "isStarter": true, "language": "English", "layout": "normal", "legalities": {"commander": "Legal", "duel": "Legal", "explorer": "Legal", "gladiator": "Legal", "historic": "Legal", "historicbrawl": "Legal", "legacy": "Legal", "modern": "Legal", "oathbreaker": "Legal", "pioneer": "Legal", "predh": "Legal", "vintage": "Legal"}, "manaValue": 0.0, "name": "Mutavault", "number": "12", "originalReleaseDate": "2008-03-29", "printings": ["CLB", "EA2", "M14", "MOR", "PCMP", "PGPX", "PRM"], "promoTypes": ["tourney"], "purchaseUrls": {"cardKingdomFoil": "https://mtgjson.com/links/1f8e67ebe9f1be19", "tcgplayer": "https://mtgjson.com/links/b99cd08cf0871371"}, "rarity": "rare", "rulings": [{"date": "2008-04-01", "text": "Although Mutavault has all creature types while it's animated, it does not have the changeling keyword ability."}, {"date": "2008-08-01", "text": "A noncreature permanent that turns into a creature can attack, and its {T} abilities can be activated, only if its controller has continuously controlled that permanent since the beginning of their most recent turn. It doesn't matter how long the permanent has been a creature."}], "setCode": "PCMP", "subtypes": [], "supertypes": [], "text": "{T}: Add {C}.\n{1}: Mutavault becomes a 2/2 creature with all creature types until end of turn. It's still a land.", "type": "Land", "types": ["Land"], "uuid": "fbdf9d58-2746-5ed5-ad97-0a9780d066ca"}], "cardsphereSetId": 781, "code": "PCMP", "isFoilOnly": false, "isOnlineOnly": false, "keyruneCode": "DEFAULT", "languages": ["English"], "name": "Champs and States", "releaseDate": "2006-03-18", "tcgplayerGroupId": 21, "tokens": [], "totalSetSize": 12, "translations": {}, "type": "promo"}}