{"meta": {"date": "2023-08-19", "version": "5.2.1+20230819"}, "data": {"baseSetSize": 50, "cards": [{"artist": "Wayne England", "artistIds": ["62dc90c0-4bc2-4d42-ad76-59cad9243566"], "availability": ["mtgo", "paper"], "borderColor": "black", "colorIdentity": ["B"], "colors": ["B"], "convertedManaCost": 1.0, "edhrecRank": 6161, "edhrecSaltiness": 0.05, "finishes": ["foil"], "foreignData": [], "frameVersion": "2003", "hasFoil": true, "hasNonFoil": false, "identifiers": {"cardKingdomFoilId": "186208", "cardsphereId": "36950", "mcmId": "251958", "mcmMetaId": "4402", "mtgjsonV4Id": "9c64f415-3c32-5a36-9b32-62455352d5ec", "mtgoFoilId": "43130", "mtgoId": "43129", "multiverseId": "270459", "scryfallId": "e43bf79f-faea-4a35-8b3a-e282fc2f19af", "scryfallIllustrationId": "c838ff56-367c-431a-967a-7f81d3231219", "scryfallOracleId": "7192ff07-9a84-49ad-a40c-ce255ce21544", "tcgplayerProductId": "57372"}, "isReprint": true, "isStarter": true, "keywords": ["Threshold"], "language": "English", "layout": "normal", "legalities": {"commander": "Legal", "duel": "Legal", "legacy": "Legal", "oathbreaker": "Legal", "pauper": "Legal", "paupercommander": "Legal", "penny": "Legal", "predh": "Legal", "premodern": "Legal", "vintage": "Legal"}, "manaCost": "{B}", "manaValue": 1.0, "name": "Putrid Imp", "number": "1", "originalText": "Discard a card: Putrid Imp gains flying until end of turn.\nThreshold — As long as seven or more cards are in your graveyard, Putrid Imp gets +1/+1 and can't block.", "originalType": "Creature — Zombie Imp", "power": "1", "printings": ["PD3", "TOR", "VMA"], "purchaseUrls": {"cardKingdomFoil": "https://mtgjson.com/links/def1edd8c3157811", "cardmarket": "https://mtgjson.com/links/d3a245bdaff42785", "tcgplayer": "https://mtgjson.com/links/8e8f04c133504550"}, "rarity": "common", "setCode": "PD3", "subtypes": ["Zombie", "Imp"], "supertypes": [], "text": "Discard a card: Putrid Imp gains flying until end of turn.\nThreshold — As long as seven or more cards are in your graveyard, Putrid Imp gets +1/+1 and can't block.", "toughness": "1", "type": "Creature — Zombie Imp", "types": ["Creature"], "uuid": "39b7be62-795b-5d90-92e5-7455c29dda10"}, {"artist": "Brom", "artistIds": ["bd79c951-2552-45dd-aae7-a333c2b7c1ef"], "availability": ["mtgo", "paper"], "borderColor": "black", "colorIdentity": ["B"], "colors": ["B"], "convertedManaCost": 3.0, "edhrecRank": 22227, "finishes": ["foil"], "flavorText": "If the presence of evil were obvious, it wouldn't be nearly as dangerous.", "foreignData": [], "frameVersion": "2003", "hasFoil": true, "hasNonFoil": false, "identifiers": {"cardKingdomFoilId": "186207", "cardsphereId": "36946", "mcmId": "251944", "mcmMetaId": "2684", "mtgjsonV4Id": "387f7f33-abb0-5868-824c-f8f3faacf4ab", "mtgoFoilId": "43100", "mtgoId": "43099", "multiverseId": "270464", "scryfallId": "751b406f-59cd-4059-9c2d-eb3ee8133444", "scryfallIllustrationId": "0745f883-0278-47d0-8bf8-797f50c38f93", "scryfallOracleId": "db7c5a2f-9aea-4b14-86cf-7af79d6484af", "tcgplayerProductId": "57373"}, "isReprint": true, "isStarter": true, "language": "English", "layout": "normal", "legalities": {"commander": "Legal", "duel": "Legal", "legacy": "Legal", "modern": "Legal", "oathbreaker": "Legal", "paupercommander": "Restricted", "penny": "Legal", "predh": "Legal", "premodern": "Legal", "vintage": "Legal"}, "manaCost": "{1}{B}{B}", "manaValue": 3.0, "name": "Hidden Horror", "number": "2", "originalText": "When Hidden Horror enters the battlefield, sacrifice it unless you discard a creature card.", "originalType": "Creature — Horror", "power": "4", "printings": ["10E", "6ED", "P02", "PD3", "PS11", "WTH"], "purchaseUrls": {"cardKingdomFoil": "https://mtgjson.com/links/ea0a94ec2e4b483b", "cardmarket": "https://mtgjson.com/links/bae5a60e57bd69c3", "tcgplayer": "https://mtgjson.com/links/dbe74c2726f6e184"}, "rarity": "uncommon", "rulings": [{"date": "2008-04-01", "text": "When the ability resolves, you choose whether to sacrifice the creature or perform the other action. If you can’t perform the other action, then you must sacrifice the creature."}, {"date": "2008-04-01", "text": "If the creature is no longer on the battlefield when the ability resolves, you may still perform the action if you want."}], "setCode": "PD3", "subtypes": ["Horror"], "supertypes": [], "text": "When Hidden Horror enters the battlefield, sacrifice it unless you discard a creature card.", "toughness": "4", "type": "Creature — Horror", "types": ["Creature"], "uuid": "5c937680-52d2-5448-aad4-64ab2bdbdc41"}, {"artist": "Daren Bader", "artistIds": ["7da1a585-c875-45e4-b322-5da9e8e1f651"], "availability": ["mtgo", "paper"], "borderColor": "black", "colorIdentity": ["B"], "colors": ["B"], "convertedManaCost": 4.0, "edhrecRank": 10593, "edhrecSaltiness": 0.06, "finishes": ["foil"], "foreignData": [], "frameVersion": "2003", "hasFoil": true, "hasNonFoil": false, "identifiers": {"cardKingdomFoilId": "186195", "cardsphereId": "36945", "mcmId": "251943", "mcmMetaId": "1927", "mtgjsonV4Id": "d594323e-0286-5c9a-8438-eb2a99f4d5cd", "mtgoFoilId": "43132", "mtgoId": "43131", "multiverseId": "270458", "scryfallId": "8757d6f1-cc46-48f8-8371-558a5d8df3c3", "scryfallIllustrationId": "429e47a0-fc95-41f3-81d8-3fb1f3c168d0", "scryfallOracleId": "5237a105-60c4-4597-b24e-84c12ce7b01f", "tcgplayerProductId": "57374"}, "isReprint": true, "isStarter": true, "language": "English", "layout": "normal", "legalities": {"commander": "Legal", "duel": "Legal", "legacy": "Legal", "modern": "Legal", "oathbreaker": "Legal", "pauper": "Legal", "paupercommander": "Legal", "penny": "Legal", "predh": "Legal", "premodern": "Legal", "vintage": "Legal"}, "manaCost": "{2}{B}{B}", "manaValue": 4.0, "name": "Faceless Butcher", "number": "3", "originalText": "When Faceless Butcher enters the battlefield, exile target creature other than Faceless Butcher.\nWhen Faceless Butcher leaves the battlefield, return the exiled card to the battlefield under its owner's control.", "originalType": "Creature — Nightmare Horror", "power": "2", "printings": ["DMR", "PD3", "TOR", "TSB"], "purchaseUrls": {"cardKingdomFoil": "https://mtgjson.com/links/3b2175fe72f8b772", "cardmarket": "https://mtgjson.com/links/718ff49e06e5bc1d", "tcgplayer": "https://mtgjson.com/links/ffb2933bc5fbe250"}, "rarity": "common", "rulings": [{"date": "2022-12-08", "text": "Faceless Butcher’s first ability isn’t optional. If no other players control any creatures and you do, you must choose a creature you control as the target."}, {"date": "2022-12-08", "text": "If Faceless Butcher exiles a token creature, the token will cease to exist after being exiled. It won’t return to the battlefield because of the second ability."}, {"date": "2022-12-08", "text": "If Faceless Butcher exiles a second Faceless Butcher, and then a third Faceless Butcher comes along and exiles the first one, the second one will return to the battlefield. If there are no other creatures on the battlefield, the second will exile the third one, returning the first one, and so on. If no one can stop the loop, the game will be a draw."}], "setCode": "PD3", "subtypes": ["Nightmare", "Horror"], "supertypes": [], "text": "When Faceless Butcher enters the battlefield, exile another target creature.\nWhen Faceless Butcher leaves the battlefield, return the exiled card to the battlefield under its owner's control.", "toughness": "3", "type": "Creature — Nightmare Horror", "types": ["Creature"], "uuid": "d81ff750-dbb5-5673-96d9-c21de15f1246"}, {"artist": "Daren Bader", "artistIds": ["7da1a585-c875-45e4-b322-5da9e8e1f651"], "availability": ["mtgo", "paper"], "borderColor": "black", "colorIdentity": ["B"], "colors": ["B"], "convertedManaCost": 6.0, "edhrecRank": 11678, "finishes": ["foil"], "foreignData": [], "frameVersion": "2003", "hasFoil": true, "hasNonFoil": false, "identifiers": {"cardKingdomFoilId": "186209", "cardsphereId": "36959", "mcmId": "251948", "mcmMetaId": "6193", "mtgjsonV4Id": "e3c9b3c5-2d56-5c03-a991-393776de8f4c", "mtgoFoilId": "43146", "mtgoId": "43145", "multiverseId": "270453", "scryfallId": "f2b09a90-5b41-464b-addf-ce46ee21a537", "scryfallIllustrationId": "abe27e35-74eb-43c4-aa36-2856fdd6a10e", "scryfallOracleId": "139af10d-a3e5-4ade-b876-87324e6c8017", "tcgplayerProductId": "57375"}, "isReprint": true, "isStarter": true, "keywords": ["Cycling", "Swampcycling"], "language": "English", "layout": "normal", "legalities": {"commander": "Legal", "duel": "Legal", "legacy": "Legal", "modern": "Legal", "oathbreaker": "Legal", "pauper": "Legal", "paupercommander": "Legal", "penny": "Legal", "predh": "Legal", "premodern": "Legal", "vintage": "Legal"}, "manaCost": "{5}{B}", "manaValue": 6.0, "name": "Twisted Abomination", "number": "4", "originalText": "{B}: Regenerate Twisted Abomination.\nSwampcycling {2} ({2}, Discard this card: Search your library for a Swamp card, reveal it, and put it into your hand. Then shuffle your library.)", "originalType": "Creature — Zombie Mutant", "power": "5", "printings": ["2XM", "A25", "ARC", "CMM", "CNS", "DDD", "EMA", "GVL", "PD3", "SCG", "TD0", "TSB"], "purchaseUrls": {"cardKingdomFoil": "https://mtgjson.com/links/2649210d2581e050", "cardmarket": "https://mtgjson.com/links/f60d71695cfa98b3", "tcgplayer": "https://mtgjson.com/links/d1856a3e9abcf2b5"}, "rarity": "common", "rulings": [{"date": "2016-06-08", "text": "Unlike the normal cycling ability, Swampcycling doesn't allow you to draw a card. Instead, it lets you search your library for a Swamp card. After you find a Swamp card in your library, you reveal it, put it into your hand, then shuffle your library."}, {"date": "2016-06-08", "text": "Swampcycling is a form of cycling. Any ability that triggers on a card being cycled also triggers on Swampcycling this card. Any ability that stops a cycling ability from being activated also stops Swampcycling from being activated."}, {"date": "2016-06-08", "text": "Swampcycling is an activated ability. Effects that interact with activated abilities (such as Stifle or Rings of Brighthearth) will interact with Swampcycling. Effects that interact with spells (such as Remove Soul or Faerie Tauntings) will not."}, {"date": "2016-06-08", "text": "You can choose to find any card with the Swamp land type, including nonbasic lands. You can also choose not to find a card, even if there is a Swamp card in your library."}], "setCode": "PD3", "subtypes": ["Zombie", "Mutant"], "supertypes": [], "text": "{B}: Regenerate Twisted Abomination.\nSwampcycling {2} ({2}, Discard this card: Search your library for a Swamp card, reveal it, put it into your hand, then shuffle.)", "toughness": "3", "type": "Creature — Zombie Mutant", "types": ["Creature"], "uuid": "1fed2070-50ed-5c02-8b9d-473012741421"}, {"artist": "Chris Rahn", "artistIds": ["7742047e-0f80-4c0f-a530-d07460165e86"], "availability": ["mtgo", "paper"], "borderColor": "black", "colorIdentity": ["B", "R", "U"], "colors": ["B", "R", "U"], "convertedManaCost": 6.0, "edhrecRank": 7779, "edhrecSaltiness": 0.47, "finishes": ["foil"], "foreignData": [], "frameVersion": "2003", "hasFoil": true, "hasNonFoil": false, "identifiers": {"cardKingdomFoilId": "186199", "cardsphereId": "36937", "mcmId": "251952", "mcmMetaId": "1201", "mtgjsonV4Id": "a38f76cb-b194-5ee8-bcde-5b5aaa9ec56a", "mtgoFoilId": "43144", "mtgoId": "43143", "multiverseId": "270140", "scryfallId": "349e598a-aa12-44b7-b9de-067c9b85fcec", "scryfallIllustrationId": "ad9ee2ad-9405-437d-a386-52bbbdd7d649", "scryfallOracleId": "f1ae1dcd-76cd-4714-9df2-1ab0ebd2ca41", "tcgplayerProductId": "57247"}, "isReprint": true, "isStarter": true, "keywords": ["Flying"], "language": "English", "layout": "normal", "leadershipSkills": {"brawl": false, "commander": true, "oathbreaker": false}, "legalities": {"commander": "Legal", "duel": "Legal", "legacy": "Legal", "oathbreaker": "Legal", "predh": "Legal", "premodern": "Legal", "vintage": "Legal"}, "manaCost": "{3}{U}{B}{R}", "manaValue": 6.0, "name": "Crosis, the Purger", "number": "5", "originalText": "Flying\nWhenever Crosis, the Purger deals combat damage to a player, you may pay {2}{B}. If you do, choose a color, then that player reveals his or her hand and discards all cards of that color.", "originalType": "Legendary Creature — Dragon", "power": "6", "printings": ["C17", "INV", "PD3", "PLIST"], "purchaseUrls": {"cardKingdomFoil": "https://mtgjson.com/links/bcefed5488aa49cb", "cardmarket": "https://mtgjson.com/links/5ab5fd439e508a93", "tcgplayer": "https://mtgjson.com/links/bb0dd7f54f9d2536"}, "rarity": "rare", "rulings": [{"date": "2004-10-04", "text": "You choose the color during resolution. This means your opponent does not get to react after knowing the color you chose."}], "setCode": "PD3", "subtypes": ["Dragon"], "supertypes": ["Legendary"], "text": "Flying\nWhenever Crosis, the Purger deals combat damage to a player, you may pay {2}{B}. If you do, choose a color, then that player reveals their hand and discards all cards of that color.", "toughness": "6", "type": "Legendary Creature — Dragon", "types": ["Creature"], "uuid": "ee674845-8bdc-5956-bb3a-dee60976e14d"}, {"artist": "rk post", "artistIds": ["81ae0f3f-1d88-4125-9aeb-b15b4c734c82"], "availability": ["mtgo", "paper"], "borderColor": "black", "colorIdentity": ["B"], "colors": ["B"], "convertedManaCost": 8.0, "edhrecRank": 3728, "edhrecSaltiness": 0.43, "finishes": ["foil"], "foreignData": [], "frameVersion": "2003", "hasFoil": true, "hasNonFoil": false, "identifiers": {"cardKingdomFoilId": "186193", "cardsphereId": "36933", "mcmId": "251959", "mcmMetaId": "365", "mtgjsonV4Id": "28f83c70-768f-5cb3-8538-fb014a5a1cff", "mtgoFoilId": "43114", "mtgoId": "43113", "multiverseId": "270448", "scryfallId": "d3830844-fd4b-44af-b2b6-2ed523ac7863", "scryfallIllustrationId": "a8bd8770-3f51-4935-a07c-cb8c4d937879", "scryfallOracleId": "2da5aa33-3794-4f83-936c-9d8640833d86", "tcgplayerProductId": "57245"}, "isReprint": true, "isStarter": true, "keywords": ["Fear"], "language": "English", "layout": "normal", "legalities": {"commander": "Legal", "duel": "Legal", "legacy": "Legal", "modern": "Legal", "oathbreaker": "Legal", "penny": "Legal", "predh": "Legal", "premodern": "Legal", "vintage": "Legal"}, "manaCost": "{6}{B}{B}", "manaValue": 8.0, "name": "Avatar of Woe", "number": "6", "originalText": "If there are ten or more creature cards total in all graveyards, Avatar of Woe costs {6} less to cast.\nFear (This creature can't be blocked except by artifact creatures and/or black creatures.)\n{T}: Destroy target creature. It can't be regenerated.", "originalType": "Creature — Avatar", "power": "6", "printings": ["ARC", "CM2", "CMD", "CN2", "MP2", "PCY", "PD3", "PPRO", "PRM", "TD0", "TSB"], "purchaseUrls": {"cardKingdomFoil": "https://mtgjson.com/links/60897d887bc79e6e", "cardmarket": "https://mtgjson.com/links/0aebcc9d07a8fa2e", "tcgplayer": "https://mtgjson.com/links/e39bbf36dcb98525"}, "rarity": "rare", "rulings": [{"date": "2004-10-04", "text": "The mana value of this card is still 8, even if you only pay {B}{B} to cast it."}], "setCode": "PD3", "subtypes": ["Avatar"], "supertypes": [], "text": "If there are ten or more creature cards total in all graveyards, this spell costs {6} less to cast.\nFear (This creature can't be blocked except by artifact creatures and/or black creatures.)\n{T}: Destroy target creature. It can't be regenerated.", "toughness": "5", "type": "Creature — Avatar", "types": ["Creature"], "uuid": "3b81bbd1-1cec-5f0e-98b0-49118bd70d30"}, {"artist": "Lars Grant-West", "artistIds": ["21ed6499-c4d3-4965-ab02-6c7228275bec"], "availability": ["mtgo", "paper"], "borderColor": "black", "colorIdentity": ["G"], "colors": ["G"], "convertedManaCost": 8.0, "edhrecRank": 818, "edhrecSaltiness": 0.54, "finishes": ["foil"], "foreignData": [], "frameVersion": "2003", "hasFoil": true, "hasNonFoil": false, "identifiers": {"cardKingdomFoilId": "186205", "cardsphereId": "36958", "mcmId": "251950", "mcmMetaId": "11023", "mtgjsonV4Id": "f13cb5fe-ad93-596a-8ded-8f501517dc2d", "mtgoFoilId": "43118", "mtgoId": "43117", "multiverseId": "270451", "scryfallId": "8e9c4341-18c6-4b1d-87bd-2f479d44914d", "scryfallIllustrationId": "204a9954-ce36-4824-b7d8-cb5d5d47e685", "scryfallOracleId": "17975a20-2c13-4325-be1e-0bcda5063a2d", "tcgplayerProductId": "57369"}, "isReprint": true, "isStarter": true, "language": "English", "layout": "normal", "legalities": {"commander": "Legal", "duel": "Legal", "legacy": "Legal", "modern": "Legal", "oathbreaker": "Legal", "penny": "Legal", "predh": "Legal", "vintage": "Legal"}, "manaCost": "{6}{G}{G}", "manaValue": 8.0, "name": "Terastodon", "number": "7", "originalText": "When Terastodon enters the battlefield, you may destroy up to three target noncreature permanents. For each permanent put into a graveyard this way, its controller puts a 3/3 green Elephant creature token onto the battlefield.", "originalType": "Creature — Elephant", "power": "9", "printings": ["2XM", "C14", "C15", "C21", "CMA", "CMR", "CNS", "P30A", "PD3", "PRES", "WWK"], "purchaseUrls": {"cardKingdomFoil": "https://mtgjson.com/links/fc3b9ff75fdd74cd", "cardmarket": "https://mtgjson.com/links/8fabd8e4945eabab", "tcgplayer": "https://mtgjson.com/links/70bf755e8c7a7656"}, "rarity": "rare", "rulings": [{"date": "2010-03-01", "text": "The targeted permanents may be controlled by different players."}, {"date": "2013-07-01", "text": "If a targeted permanent has indestructible or regenerates, its controller won't get an Elephant token for it. Similarly, if the targeted permanent is destroyed but a replacement effect moves it to a different zone instead of its owner's graveyard, its controller won't get an Elephant token for it."}], "setCode": "PD3", "subtypes": ["Elephant"], "supertypes": [], "text": "When Terastodon enters the battlefield, you may destroy up to three target noncreature permanents. For each permanent put into a graveyard this way, its controller creates a 3/3 green Elephant creature token.", "toughness": "9", "type": "Creature — Elephant", "types": ["Creature"], "uuid": "54b3a1bd-ecf0-5cbd-850b-0fffa78dd18d"}, {"artist": "DiTerlizzi", "artistIds": ["ed44dce4-30cf-4c2c-b2e1-a19ba2295690"], "availability": ["mtgo", "paper"], "borderColor": "black", "colorIdentity": ["G"], "colors": ["G"], "convertedManaCost": 8.0, "edhrecRank": 3377, "edhrecSaltiness": 0.12, "finishes": ["foil"], "flavorText": "Left to itself, nature overflows any container, overthrows any restriction, and overreaches any boundary.", "foreignData": [], "frameVersion": "2003", "hasFoil": true, "hasNonFoil": false, "identifiers": {"cardKingdomFoilId": "186206", "cardsphereId": "36960", "mcmId": "251951", "mcmMetaId": "6323", "mtgjsonV4Id": "e7af9907-9021-512f-a8f4-96c40230be31", "mtgoFoilId": "43096", "mtgoId": "43095", "multiverseId": "270450", "scryfallId": "20326b65-8981-44ad-9738-d8246d1c60fd", "scryfallIllustrationId": "b0292b83-65f8-411b-af5c-7eed19441395", "scryfallOracleId": "7a21ea22-3cd7-4c11-8895-5943c0d93a0d", "tcgplayerProductId": "57370"}, "isReprint": true, "isStarter": true, "language": "English", "layout": "normal", "legalities": {"commander": "Legal", "duel": "Legal", "explorer": "Legal", "gladiator": "Legal", "historic": "Legal", "historicbrawl": "Legal", "legacy": "Legal", "modern": "Legal", "oathbreaker": "Legal", "penny": "Legal", "pioneer": "Legal", "predh": "Legal", "premodern": "Legal", "vintage": "Legal"}, "manaCost": "{5}{G}{G}{G}", "manaValue": 8.0, "name": "Verdant Force", "number": "8", "originalText": "At the beginning of each upkeep, put a 1/1 green Saproling creature token onto the battlefield.", "originalType": "Creature — Elemental", "power": "7", "printings": ["10E", "9ED", "C15", "CMA", "DOM", "DPA", "HOP", "PD3", "PDOM", "PS11", "SCD", "TMP", "TPR", "WC98"], "purchaseUrls": {"cardKingdomFoil": "https://mtgjson.com/links/465f7e08e9b45e77", "cardmarket": "https://mtgjson.com/links/f2169e5dbbd65379", "tcgplayer": "https://mtgjson.com/links/eff18fd8854c76bd"}, "rarity": "rare", "rulings": [{"date": "2006-05-01", "text": "In Two-Headed Giant, triggers only once per upkeep, not once for each player."}, {"date": "2018-04-27", "text": "Verdant Force’s ability triggers at the beginning of each upkeep, not just each of your upkeeps."}], "setCode": "PD3", "subtypes": ["Elemental"], "supertypes": [], "text": "At the beginning of each upkeep, create a 1/1 green Saproling creature token.", "toughness": "7", "type": "Creature — Elemental", "types": ["Creature"], "uuid": "67316acc-bc88-51e7-9600-d84fbd062054"}, {"artist": "Kev Walker", "artistIds": ["f366a0ee-a0cd-466d-ba6a-90058c7a31a6"], "availability": ["mtgo", "paper"], "borderColor": "black", "colorIdentity": ["B", "U", "W"], "colors": ["B", "U", "W"], "convertedManaCost": 8.0, "edhrecRank": 9437, "edhrecSaltiness": 0.05, "finishes": ["foil"], "flavorText": "No one has properly answered her favorite riddle: \"Why should I spare your life?\"", "foreignData": [], "frameVersion": "2003", "hasFoil": true, "hasNonFoil": false, "identifiers": {"cardKingdomFoilId": "186196", "cardsphereId": "36953", "mcmId": "251953", "mcmMetaId": "10523", "mtgjsonV4Id": "cbcf491f-66f5-57ce-8e27-91a138896755", "mtgoFoilId": "43112", "mtgoId": "43111", "multiverseId": "270446", "scryfallId": "b95c1f54-c605-451e-abc4-87cf0f2c5c39", "scryfallIllustrationId": "aac16e85-0674-4a9f-9c5f-b76f2e9d51aa", "scryfallOracleId": "1c96772b-463c-4655-836b-cf6e9dc6319f", "tcgplayerProductId": "57368"}, "isReprint": true, "isStarter": true, "keywords": ["First strike", "Flying", "Lifelink", "Protection", "Vigilance"], "language": "English", "layout": "normal", "legalities": {"commander": "Legal", "duel": "Legal", "legacy": "Legal", "modern": "Legal", "oathbreaker": "Legal", "penny": "Legal", "predh": "Legal", "vintage": "Legal"}, "manaCost": "{5}{W}{U}{B}", "manaValue": 8.0, "name": "Sphinx of the Steel Wind", "number": "9", "originalText": "Flying, first strike, vigilance, lifelink, protection from red and from green", "originalType": "Artifact Creature — Sphinx", "power": "6", "printings": ["ARB", "C13", "EMA", "PD3"], "purchaseUrls": {"cardKingdomFoil": "https://mtgjson.com/links/cf378cf5b5418386", "cardmarket": "https://mtgjson.com/links/3df76b0d85c77926", "tcgplayer": "https://mtgjson.com/links/0620b23b2043c74f"}, "rarity": "mythic", "setCode": "PD3", "subtypes": ["Sphinx"], "supertypes": [], "text": "Flying, first strike, vigilance, lifelink, protection from red and from green", "toughness": "6", "type": "Artifact Creature — Sphinx", "types": ["Artifact", "Creature"], "uuid": "17928a1c-2171-5b3d-acb2-086c48120eaf"}, {"artist": "Anthony Francisco", "artistIds": ["6ac24c4b-70e9-4286-8f4b-b40c92ab5847"], "availability": ["mtgo", "paper"], "borderColor": "black", "colorIdentity": ["U"], "colors": ["U"], "convertedManaCost": 9.0, "edhrecRank": 2950, "edhrecSaltiness": 0.27, "finishes": ["foil"], "flavorText": "\"Into its maw went the seventh sea, never to be seen again while the world remains.\"\n—Esper fable", "foreignData": [], "frameVersion": "2003", "hasFoil": true, "hasNonFoil": false, "identifiers": {"cardKingdomFoilId": "186202", "cardsphereId": "36947", "mcmId": "251955", "mcmMetaId": "10301", "mtgjsonV4Id": "4de75d8e-f8e1-51da-8c2f-2535a62b2417", "mtgoFoilId": "43110", "mtgoId": "43109", "multiverseId": "270447", "scryfallId": "4a05ab2e-22c4-4022-9514-11aa7e041027", "scryfallIllustrationId": "2b31b19a-2704-4fb3-8234-a76023e38a5e", "scryfallOracleId": "dbdd0963-b395-4cb8-ad9a-ed85a3e9f2e5", "tcgplayerProductId": "57367"}, "isReprint": true, "isStarter": true, "keywords": ["Islandwalk", "Landwalk", "Shroud", "Trample"], "language": "English", "layout": "normal", "legalities": {"commander": "Legal", "duel": "Legal", "legacy": "Legal", "modern": "Legal", "oathbreaker": "Legal", "penny": "Legal", "predh": "Legal", "vintage": "Legal"}, "manaCost": "{7}{U}{U}", "manaValue": 9.0, "name": "Inkwell Leviathan", "number": "10", "originalText": "Islandwalk, trample, shroud", "originalType": "Artifact Creature — Leviathan", "power": "7", "printings": ["2XM", "C18", "CON", "DDO", "EMA", "PD3"], "purchaseUrls": {"cardKingdomFoil": "https://mtgjson.com/links/66e86eb6a7f654a3", "cardmarket": "https://mtgjson.com/links/da73880a2be020ca", "tcgplayer": "https://mtgjson.com/links/dad182af9e3e3104"}, "rarity": "rare", "setCode": "PD3", "subtypes": ["Leviathan"], "supertypes": [], "text": "Trample\nIslandwalk (This creature can't be blocked as long as defending player controls an Island.)\nShroud (This creature can't be the target of spells or abilities.)", "toughness": "11", "type": "Artifact Creature — Leviathan", "types": ["Artifact", "Creature"], "uuid": "c92c730e-6422-5c83-8c5b-7bf7f691cebe"}, {"artist": "Zoltan Boros & Gabor Szikszai", "artistIds": ["1885e6cb-c827-4896-994e-3d0a027d602f", "44c3877f-8771-43dc-9e40-f4c765f59d2e"], "availability": ["mtgo", "paper"], "borderColor": "black", "colorIdentity": ["W"], "colors": ["W"], "convertedManaCost": 9.0, "edhrecRank": 4768, "edhrecSaltiness": 0.49, "finishes": ["foil"], "flavorText": "\"Through the haze of battle I saw the glint of sun on golden mane, the sheen of glory clad in mail, and I dropped my sword and wept at the idiocy of war.\"\n—Dravin, Gruul deserter", "foreignData": [], "frameVersion": "2003", "hasFoil": true, "hasNonFoil": false, "identifiers": {"cardKingdomFoilId": "186194", "cardsphereId": "36934", "mcmId": "251938", "mcmMetaId": "7882", "mtgjsonV4Id": "d4f95320-9ac0-50ca-a236-11791f8506a8", "mtgoFoilId": "43148", "mtgoId": "43147", "multiverseId": "270449", "scryfallId": "97d7769d-a5e8-4fa1-8d55-0ed34cc65f0c", "scryfallIllustrationId": "7c2cb7cc-ffc4-4241-8a3d-af233e645c50", "scryfallOracleId": "82a70e4c-01ed-4280-80e4-86cb2bf6e63d", "tcgplayerProductId": "57371"}, "isReprint": true, "isStarter": true, "keywords": ["Flying"], "language": "English", "layout": "normal", "legalities": {"commander": "Legal", "duel": "Legal", "legacy": "Legal", "modern": "Legal", "oathbreaker": "Legal", "penny": "Legal", "predh": "Legal", "vintage": "Legal"}, "manaCost": "{6}{W}{W}{W}", "manaValue": 9.0, "name": "Blazing Archon", "number": "11", "originalText": "Flying\nCreatures can't attack you.", "originalType": "Creature — Archon", "power": "5", "printings": ["C16", "PD3", "RAV"], "purchaseUrls": {"cardKingdomFoil": "https://mtgjson.com/links/10615843d5d0f7d0", "cardmarket": "https://mtgjson.com/links/8db704032f4c9e5a", "tcgplayer": "https://mtgjson.com/links/9bbb7b8eb80e2418"}, "rarity": "rare", "rulings": [{"date": "2014-02-01", "text": "Unless some effect explicitly says otherwise, a creature that can’t attack you can still attack a planeswalker you control."}], "setCode": "PD3", "subtypes": ["Archon"], "supertypes": [], "text": "Flying\nCreatures can't attack you.", "toughness": "6", "type": "Creature — Archon", "types": ["Creature"], "uuid": "4c775420-4df4-5242-a703-bf2bfbced04e"}, {"artist": "Raymond Swanland", "artistIds": ["e956bacc-077d-4c12-b6bc-ba798b718af9"], "availability": ["mtgo", "paper"], "borderColor": "black", "colorIdentity": ["B"], "colors": ["B"], "convertedManaCost": 1.0, "edhrecRank": 9852, "edhrecSaltiness": 0.06, "finishes": ["foil"], "foreignData": [], "frameVersion": "2003", "hasFoil": true, "hasNonFoil": false, "identifiers": {"cardKingdomFoilId": "186198", "cardsphereId": "36936", "mcmId": "251961", "mcmMetaId": "775", "mtgjsonV4Id": "25f90498-2443-5f83-8dec-e35cf40e6c5a", "mtgoFoilId": "43140", "mtgoId": "43139", "multiverseId": "265166", "scryfallId": "b662bca8-229e-4d25-b995-462176edbbf9", "scryfallIllustrationId": "816bb106-1024-43d5-b9e5-2f9d4d7b842d", "scryfallOracleId": "018107d1-ebf7-4657-bc91-c8374af55cc5", "tcgplayerProductId": "57378"}, "isReprint": true, "isStarter": true, "keywords": ["Flashback"], "language": "English", "layout": "normal", "legalities": {"commander": "Legal", "duel": "Legal", "legacy": "Legal", "oathbreaker": "Legal", "predh": "Legal", "premodern": "Legal", "vintage": "Legal"}, "manaCost": "{B}", "manaValue": 1.0, "name": "Cabal Therapy", "number": "12", "originalText": "Name a nonland card. Target player reveals his or her hand and discards all cards with that name.\nFlashback—\nSacrifice a creature. (You may cast this card from your graveyard for its flashback cost. Then exile it.)", "originalType": "Sorcery", "printings": ["EMA", "F05", "JUD", "MB1", "PD3", "PRM", "WC03"], "purchaseUrls": {"cardKingdomFoil": "https://mtgjson.com/links/9772cb703ba9c3bc", "cardmarket": "https://mtgjson.com/links/710944d2a0252826", "tcgplayer": "https://mtgjson.com/links/c88716fe69c78741"}, "rarity": "uncommon", "rulings": [{"date": "2016-06-08", "text": "You name the card as Cabal Therapy resolves, not as you cast it. Then the targeted player reveals their hand and discards if appropriate. No player may choose to take actions between you naming the card and the targeted player revealing and discarding."}, {"date": "2021-03-19", "text": "“Flashback [cost]” means “You may cast this card from your graveyard by paying [cost] rather than paying its mana cost” and “If the flashback cost was paid, exile this card instead of putting it anywhere else any time it would leave the stack.”"}, {"date": "2021-03-19", "text": "A spell cast using flashback will always be exiled afterward, whether it resolves, is countered, or leaves the stack in some other way."}, {"date": "2021-03-19", "text": "If a card with flashback is put into your graveyard during your turn, you can cast it if it’s legal to do so before any other player can take any actions."}, {"date": "2021-03-19", "text": "You can cast a spell using flashback even if it was somehow put into your graveyard without having been cast."}, {"date": "2021-03-19", "text": "You must still follow any timing restrictions and permissions, including those based on the card’s type. For instance, you can cast a sorcery using flashback only when you could normally cast a sorcery."}, {"date": "2021-03-19", "text": "To determine the total cost of a spell, start with the mana cost or alternative cost (such as a flashback cost) you’re paying, add any cost increases, then apply any cost reductions. The mana value of the spell is determined only by its mana cost, no matter what the total cost to cast the spell was."}], "setCode": "PD3", "subtypes": [], "supertypes": [], "text": "Choose a nonland card name. Target player reveals their hand and discards all cards with that name.\nFlashback—Sacrifice a creature. (You may cast this card from your graveyard for its flashback cost. Then exile it.)", "type": "Sorcery", "types": ["Sorcery"], "uuid": "e9754d86-7634-5597-8a80-4b2031dd4577"}, {"artist": "Steven Belledin", "artistIds": ["f07d73b9-52a0-4fe5-858b-61f7b42174a5"], "availability": ["mtgo", "paper"], "borderColor": "black", "colorIdentity": ["B"], "colors": ["B"], "convertedManaCost": 1.0, "edhrecRank": 2737, "edhrecSaltiness": 0.36, "finishes": ["foil"], "flavorText": "\"Don't worry. I'm not going to deprive you of all your secrets. Just your most precious one.\"\n—Liliana Vess", "foreignData": [], "frameVersion": "2003", "hasFoil": true, "hasNonFoil": false, "identifiers": {"cardKingdomFoilId": "186200", "cardsphereId": "36941", "mcmId": "251941", "mcmMetaId": "1642", "mtgjsonV4Id": "56f22c03-15b4-59b6-b9b8-e90ea20635f5", "mtgoFoilId": "43116", "mtgoId": "43115", "multiverseId": "270465", "scryfallId": "af440c35-c549-4532-8c8d-78d312f5f56f", "scryfallIllustrationId": "61881168-c895-4d75-b811-71c3d2858b70", "scryfallOracleId": "33d405ea-7a9a-4970-b70f-9c05d90dd6f0", "tcgplayerProductId": "57382"}, "isReprint": true, "isStarter": true, "language": "English", "layout": "normal", "legalities": {"alchemy": "Legal", "brawl": "Legal", "commander": "Legal", "duel": "Legal", "explorer": "Legal", "future": "Legal", "gladiator": "Legal", "historic": "Legal", "historicbrawl": "Legal", "legacy": "Legal", "modern": "Legal", "oathbreaker": "Legal", "pauper": "Legal", "paupercommander": "Legal", "penny": "Legal", "pioneer": "Legal", "predh": "Legal", "premodern": "Legal", "standard": "Legal", "vintage": "Legal"}, "manaCost": "{B}", "manaValue": 1.0, "name": "Duress", "number": "13", "originalText": "Target opponent reveals his or her hand. You choose a noncreature, nonland card from it. That player discards that card.", "originalType": "Sorcery", "printings": ["7ED", "DBL", "DDC", "DMR", "DTK", "DVD", "EMA", "F05", "IMA", "J21", "M10", "M11", "M13", "M14", "M19", "M20", "M21", "MB1", "MD1", "MID", "ONE", "PAL00", "PANA", "PD3", "PIDW", "PMEI", "PRM", "SLD", "STA", "USG", "WC01", "WC02", "WC99", "XLN"], "purchaseUrls": {"cardKingdomFoil": "https://mtgjson.com/links/b87c347d0cc8a8a9", "cardmarket": "https://mtgjson.com/links/fd967267bc3e5f32", "tcgplayer": "https://mtgjson.com/links/a399e414ef13070e"}, "rarity": "common", "setCode": "PD3", "subtypes": [], "supertypes": [], "text": "Target opponent reveals their hand. You choose a noncreature, nonland card from it. That player discards that card.", "type": "Sorcery", "types": ["Sorcery"], "uuid": "7597aa9c-5201-5cf7-b09e-6ee6982d8a3c"}, {"artist": "Ron Spears", "artistIds": ["fce9030b-86bd-4439-b06a-920a1eeb184c"], "availability": ["mtgo", "paper"], "borderColor": "black", "colorIdentity": ["B"], "colors": ["B"], "convertedManaCost": 1.0, "edhrecRank": 316, "edhrecSaltiness": 0.67, "finishes": ["foil"], "flavorText": "A grave is the safest place to store ill-gotten treasures.", "foreignData": [], "frameVersion": "2003", "hasFoil": true, "hasNonFoil": false, "identifiers": {"cardKingdomFoilId": "186201", "cardsphereId": "36943", "mcmId": "251962", "mcmMetaId": "1832", "mtgjsonV4Id": "e1aabb7b-9dbc-5b58-ade7-edf2436215a6", "mtgoFoilId": "43128", "mtgoId": "43127", "multiverseId": "270456", "scryfallId": "06c0c35d-a26e-473a-9206-8fbda7191700", "scryfallIllustrationId": "5f51eecd-6a7a-4e16-9f8f-2e4ed9ebaafc", "scryfallOracleId": "299fc083-0834-4064-8344-f895aff68867", "tcgplayerProductId": "57248"}, "isReprint": true, "isStarter": true, "language": "English", "layout": "normal", "legalities": {"commander": "Legal", "duel": "Banned", "legacy": "Legal", "oathbreaker": "Legal", "predh": "Legal", "premodern": "Banned", "vintage": "Legal"}, "manaCost": "{B}", "manaValue": 1.0, "name": "Entomb", "number": "14", "originalText": "Search your library for a card and put that card into your graveyard. Then shuffle your library.", "originalType": "Instant", "printings": ["DMR", "EMA", "G11", "MP2", "ODY", "PD3", "PRM", "UMA", "WC03"], "purchaseUrls": {"cardKingdomFoil": "https://mtgjson.com/links/eafa93f05d264c19", "cardmarket": "https://mtgjson.com/links/96a289404d43323b", "tcgplayer": "https://mtgjson.com/links/c84256d5185d6335"}, "rarity": "rare", "setCode": "PD3", "subtypes": [], "supertypes": [], "text": "Search your library for a card, put that card into your graveyard, then shuffle.", "type": "Instant", "types": ["Instant"], "uuid": "93a8edc3-6137-5914-8230-8ec4d8ab25b6"}, {"artist": "Robert Bliss", "artistIds": ["df700ada-8491-4072-a261-e12b3225986d"], "availability": ["mtgo", "paper"], "borderColor": "black", "colorIdentity": ["B"], "colors": ["B"], "convertedManaCost": 1.0, "edhrecRank": 110, "edhrecSaltiness": 0.62, "finishes": ["foil"], "flavorText": "\"You will learn to earn death.\"\n—Volrath", "foreignData": [], "frameVersion": "2003", "hasFoil": true, "hasNonFoil": false, "identifiers": {"cardKingdomFoilId": "186203", "cardsphereId": "36951", "mcmId": "251946", "mcmMetaId": "4553", "mtgjsonV4Id": "3029432f-dded-5f2d-9756-f30f39d93a3f", "mtgoFoilId": "43098", "mtgoId": "43097", "multiverseId": "270452", "scryfallId": "5dbb2d73-ba3c-4266-8945-63629f932566", "scryfallIllustrationId": "fc00f897-988b-4602-969a-c510804ec12a", "scryfallOracleId": "a044474a-cd72-4e9d-bd8d-a08f2de9cdc0", "tcgplayerProductId": "57376"}, "isReprint": true, "isStarter": true, "language": "English", "layout": "normal", "legalities": {"commander": "Legal", "duel": "Legal", "legacy": "Legal", "oathbreaker": "Legal", "predh": "Legal", "premodern": "Legal", "vintage": "Legal"}, "manaCost": "{B}", "manaValue": 1.0, "name": "Reanimate", "number": "15", "originalText": "Put target creature card from a graveyard onto the battlefield under your control. You lose life equal to its converted mana cost.", "originalType": "Sorcery", "printings": ["ARC", "BRB", "CC2", "F04", "JMP", "LTC", "PD3", "PRM", "PUMA", "TMP", "TPR", "UMA", "VMA"], "purchaseUrls": {"cardKingdomFoil": "https://mtgjson.com/links/c3e26ec46226f3e3", "cardmarket": "https://mtgjson.com/links/994b295512eec449", "tcgplayer": "https://mtgjson.com/links/628139ee00fd8960"}, "rarity": "uncommon", "rulings": [{"date": "2018-12-07", "text": "If a card in a player's graveyard has {X} in its mana cost, X is considered to be 0."}, {"date": "2018-12-07", "text": "The amount of life you lose is determined by the mana value of the card in your graveyard, not the creature once it's on the battlefield."}, {"date": "2018-12-07", "text": "You lose life after the creature is already on the battlefield. Any abilities it has that interact with loss of life, such as that of Platinum Emperion, apply to that loss of life."}, {"date": "2018-12-07", "text": "If any abilities trigger on the creature entering the battlefield, those abilities resolve after you lose life. If losing life results in you losing the game, those abilities won't resolve."}, {"date": "2018-12-07", "text": "In a multiplayer game, if a player leaves the game, all cards that player owns leave as well. If you leave the game, the creature you control from Reanimate is exiled."}], "setCode": "PD3", "subtypes": [], "supertypes": [], "text": "Put target creature card from a graveyard onto the battlefield under your control. You lose life equal to its mana value.", "type": "Sorcery", "types": ["Sorcery"], "uuid": "448e85cb-51f3-5667-b8cc-37c19f2ca758"}, {"artist": "Anthony Jones", "artistIds": ["de6702ea-42cb-4acd-84d6-1f40d2278081"], "availability": ["mtgo", "paper"], "borderColor": "black", "colorIdentity": ["B"], "colors": ["B"], "convertedManaCost": 2.0, "edhrecRank": 182, "edhrecSaltiness": 0.49, "finishes": ["foil"], "foreignData": [], "frameVersion": "2003", "hasFoil": true, "hasNonFoil": false, "identifiers": {"cardKingdomFoilId": "186197", "cardsphereId": "36932", "mcmId": "251933", "mcmMetaId": "200", "mtgjsonV4Id": "09590f46-1017-5c0d-8d80-8c59063afdad", "mtgoFoilId": "43142", "mtgoId": "43141", "multiverseId": "265167", "scryfallId": "54aca743-cdc7-4e98-a91c-035591cd09f2", "scryfallIllustrationId": "8bab56cb-e4ac-4644-be66-51cdc69688f3", "scryfallOracleId": "c0d8fef4-65f4-4769-982d-b397d2b7e977", "tcgplayerProductId": "57244"}, "isReprint": true, "isStarter": true, "keywords": ["Enchant"], "language": "English", "layout": "normal", "legalities": {"commander": "Legal", "duel": "Legal", "legacy": "Legal", "oathbreaker": "Legal", "predh": "Legal", "premodern": "Legal", "vintage": "Legal"}, "manaCost": "{1}{B}", "manaValue": 2.0, "name": "Animate Dead", "number": "16", "originalText": "Enchant creature card in a graveyard\nWhen Animate Dead enters the battlefield, if it's on the battlefield, it loses \"enchant creature card in a graveyard\" and gains \"enchant creature put onto the battlefield with Animate Dead.\" Return enchanted creature card to the battlefield under your control and attach Animate Dead to it. When Animate Dead leaves the battlefield, that creature's controller sacrifices it.\nEnchanted creature gets -1/-0.", "originalType": "Enchantment — Aura", "printings": ["2ED", "30A", "3ED", "4BB", "4ED", "5ED", "CED", "CEI", "EMA", "FBB", "LEA", "LEB", "MB1", "ME1", "P22", "PD3", "PLIST", "SUM", "TD0", "VMA"], "purchaseUrls": {"cardKingdomFoil": "https://mtgjson.com/links/c739d408234e2531", "cardmarket": "https://mtgjson.com/links/696576c3b5d6d388", "tcgplayer": "https://mtgjson.com/links/f95c391eda47cea4"}, "rarity": "uncommon", "rulings": [{"date": "2016-06-08", "text": "Animate Dead is an Aura, albeit with an unusual enchant ability. You target a creature card in a graveyard when you cast it. It enters the battlefield attached to that card. Then it returns that card to the battlefield, and attaches itself to the card again (since the card is a new object on the battlefield). Animate Dead itself never moves into a graveyard during this process."}, {"date": "2016-06-08", "text": "If Animate Dead isn’t on the battlefield as its triggered ability resolves, none of its effects happen. The creature card won’t be returned to the battlefield."}, {"date": "2016-06-08", "text": "Abilities such as shroud and protection function only on the battlefield unless otherwise specified. A creature card with shroud may be targeted by Animate Dead, and Animate Dead will become attached to the creature that enters the battlefield."}, {"date": "2016-06-08", "text": "If the creature put onto the battlefield has protection from black—or if the creature can’t legally be enchanted by Animate Dead for another reason—Animate Dead won’t be able to attach to it. It will be put into the graveyard as a state-based action, causing its delayed triggered ability to trigger. When the trigger resolves, if the creature’s still on the battlefield, its controller will sacrifice it."}, {"date": "2016-06-08", "text": "Once the creature is returned to the battlefield, Animate Dead can’t be attached to anything other than it (unless Animate Dead somehow manages to put a different creature onto the battlefield). Attempting to move Animate Dead to another creature won’t work."}], "setCode": "PD3", "subtypes": ["Aura"], "supertypes": [], "text": "Enchant creature card in a graveyard\nWhen Animate Dead enters the battlefield, if it's on the battlefield, it loses \"enchant creature card in a graveyard\" and gains \"enchant creature put onto the battlefield with Animate Dead.\" Return enchanted creature card to the battlefield under your control and attach Animate Dead to it. When Animate Dead leaves the battlefield, that creature's controller sacrifices it.\nEnchanted creature gets -1/-0.", "type": "Enchantment — Aura", "types": ["Enchantment"], "uuid": "d514415a-7adc-5dca-8a79-87c7e2faeb9e"}, {"artist": "Carl Critchlow", "artistIds": ["17948f16-611a-44b8-8d10-9895a0bdfff1"], "availability": ["mtgo", "paper"], "borderColor": "black", "colorIdentity": ["B"], "colors": ["B"], "convertedManaCost": 2.0, "edhrecRank": 3140, "edhrecSaltiness": 0.29, "finishes": ["foil"], "flavorText": "\"Death—an outmoded concept. We sleep, and we change.\"\n—Sitrik, birth priest", "foreignData": [], "frameVersion": "2003", "hasFoil": true, "hasNonFoil": false, "identifiers": {"cardKingdomFoilId": "186213", "cardsphereId": "36944", "mcmId": "251942", "mcmMetaId": "1899", "mtgjsonV4Id": "1bb6d17d-9731-5297-aa45-e54281c88f77", "mtgoFoilId": "43102", "mtgoId": "43101", "multiverseId": "270462", "scryfallId": "84d885c0-5271-4ba0-8d63-fa3f72693399", "scryfallIllustrationId": "6d3e8ec2-71d4-4abc-987d-7ebc5b2eebf4", "scryfallOracleId": "fbe61f74-1b3c-4e12-8758-7029872c9ff1", "tcgplayerProductId": "57381"}, "isReprint": true, "isStarter": true, "language": "English", "layout": "normal", "legalities": {"commander": "Legal", "duel": "Legal", "legacy": "Legal", "oathbreaker": "Legal", "pauper": "Legal", "paupercommander": "Legal", "predh": "Legal", "premodern": "Legal", "vintage": "Legal"}, "manaCost": "{1}{B}", "manaValue": 2.0, "name": "Exhume", "number": "17", "originalText": "Each player puts a creature card from his or her graveyard onto the battlefield.", "originalType": "Sorcery", "printings": ["BRB", "JMP", "PD3", "TD2", "USG"], "purchaseUrls": {"cardKingdomFoil": "https://mtgjson.com/links/702f08eb27953255", "cardmarket": "https://mtgjson.com/links/af01c2e3c6136896", "tcgplayer": "https://mtgjson.com/links/7c3db06bd5fa3e12"}, "rarity": "common", "setCode": "PD3", "subtypes": [], "supertypes": [], "text": "Each player puts a creature card from their graveyard onto the battlefield.", "type": "Sorcery", "types": ["Sorcery"], "uuid": "f72c1987-5e6d-507f-b9a8-7094f165e83e"}, {"artist": "Scott M. Fischer", "artistIds": ["23b0cf43-3e43-44c6-8329-96446eca5bce"], "availability": ["mtgo", "paper"], "borderColor": "black", "colorIdentity": ["B"], "colors": ["B"], "convertedManaCost": 2.0, "edhrecRank": 8501, "finishes": ["foil"], "flavorText": "The Patriarch dreams of vile plague.", "foreignData": [], "frameVersion": "2003", "hasFoil": true, "hasNonFoil": false, "identifiers": {"cardKingdomFoilId": "186204", "cardsphereId": "36952", "mcmId": "251947", "mcmMetaId": "5191", "mtgjsonV4Id": "eaa7795c-16ae-5faa-abca-eeb4fbf10e49", "mtgoFoilId": "43134", "mtgoId": "43133", "multiverseId": "270460", "scryfallId": "56aece28-d590-44f5-90c0-98e8244bfc16", "scryfallIllustrationId": "965c6834-bb6d-466b-870f-31f43a015077", "scryfallOracleId": "728d2e30-2f36-4054-81db-29b01e376a82", "tcgplayerProductId": "57380"}, "isReprint": true, "isStarter": true, "language": "English", "layout": "normal", "legalities": {"commander": "Legal", "duel": "Legal", "legacy": "Legal", "oathbreaker": "Legal", "penny": "Legal", "predh": "Legal", "premodern": "Legal", "vintage": "Legal"}, "manaCost": "{1}{B}", "manaValue": 2.0, "name": "Sickening Dreams", "number": "18", "originalText": "As an additional cost to cast Sickening Dreams, discard X cards.\nSickening Dreams deals X damage to each creature and each player.", "originalType": "Sorcery", "printings": ["PD3", "TOR", "WC03"], "purchaseUrls": {"cardKingdomFoil": "https://mtgjson.com/links/181fb78a5fb091ed", "cardmarket": "https://mtgjson.com/links/1540924210448d8c", "tcgplayer": "https://mtgjson.com/links/3eaf58eddd56097d"}, "rarity": "uncommon", "setCode": "PD3", "subtypes": [], "supertypes": [], "text": "As an additional cost to cast this spell, discard X cards.\nSickening Dreams deals X damage to each creature and each player.", "type": "Sorcery", "types": ["Sorcery"], "uuid": "51e44291-2989-5860-a4a3-6f9c17a5f957"}, {"artist": "Thomas M. Baxa", "artistIds": ["ff346569-557d-4043-ae44-97c2c7cabd7d"], "availability": ["mtgo", "paper"], "borderColor": "black", "colorIdentity": ["B"], "colors": ["B"], "convertedManaCost": 2.0, "edhrecRank": 6565, "finishes": ["foil"], "flavorText": "The nomads' funeral pyres are more practical than ceremonial.", "foreignData": [], "frameVersion": "2003", "hasFoil": true, "hasNonFoil": false, "identifiers": {"cardKingdomFoilId": "186215", "cardsphereId": "36961", "mcmId": "251949", "mcmMetaId": "6820", "mtgjsonV4Id": "7232ba46-3ced-53b0-b155-aa2fed3df18c", "mtgoFoilId": "43122", "mtgoId": "43121", "multiverseId": "270454", "scryfallId": "e2709a7b-734e-45df-beb4-950b102d42e9", "scryfallIllustrationId": "beacea9c-8415-464c-b229-6fc86a1e954a", "scryfallOracleId": "bdce1af0-3643-4e77-88f9-320206a191d4", "tcgplayerProductId": "57377"}, "isReprint": true, "isStarter": true, "language": "English", "layout": "normal", "legalities": {"commander": "Legal", "duel": "Legal", "gladiator": "Legal", "historic": "Legal", "historicbrawl": "Legal", "legacy": "Legal", "modern": "Legal", "oathbreaker": "Legal", "penny": "Legal", "predh": "Legal", "premodern": "Legal", "vintage": "Legal"}, "manaCost": "{1}{B}", "manaValue": 2.0, "name": "Zombie Infestation", "number": "19", "originalText": "Discard two cards: Put a 2/2 black Zombie creature token onto the battlefield.", "originalType": "Enchantment", "printings": ["ARC", "C19", "DMR", "JMP", "M12", "ODY", "PD3"], "purchaseUrls": {"cardKingdomFoil": "https://mtgjson.com/links/c3af0c5c247ecb21", "cardmarket": "https://mtgjson.com/links/fbd11ceb8734a687", "tcgplayer": "https://mtgjson.com/links/6c2dd2be8c17be23"}, "rarity": "uncommon", "setCode": "PD3", "subtypes": [], "supertypes": [], "text": "Discard two cards: Create a 2/2 black Zombie creature token.", "type": "Enchantment", "types": ["Enchantment"], "uuid": "12809a0e-ca25-5684-b8c8-5e98060733b8"}, {"artist": "Greg Staples", "artistIds": ["93d65564-bf00-447b-8406-e2031f03b6b1"], "availability": ["mtgo", "paper"], "borderColor": "black", "colorIdentity": ["B"], "colors": ["B"], "convertedManaCost": 3.0, "edhrecRank": 408, "edhrecSaltiness": 0.52, "finishes": ["foil"], "flavorText": "The scrape of shovels and the tumble of cold dirt soon muffled their pleas.", "foreignData": [], "frameVersion": "2003", "hasFoil": true, "hasNonFoil": false, "identifiers": {"cardKingdomFoilId": "186210", "cardsphereId": "36935", "mcmId": "251960", "mcmMetaId": "750", "mtgjsonV4Id": "430224df-425d-57d6-a704-6158060915a3", "mtgoFoilId": "43124", "mtgoId": "43123", "multiverseId": "270455", "scryfallId": "706d0bdc-1122-4483-b243-3f011ef85598", "scryfallIllustrationId": "f2322967-a2f1-4704-ad86-2bb2595ef238", "scryfallOracleId": "8203c621-a1a0-4865-8c9a-0d4064c86107", "tcgplayerProductId": "57246"}, "isReprint": true, "isStarter": true, "language": "English", "layout": "normal", "legalities": {"commander": "Legal", "duel": "Legal", "legacy": "Legal", "oathbreaker": "Legal", "penny": "Legal", "predh": "Legal", "premodern": "Legal", "vintage": "Legal"}, "manaCost": "{2}{B}", "manaValue": 3.0, "name": "Buried Alive", "number": "20", "originalText": "Search your library for up to three creature cards and put them into your graveyard. Then shuffle your library.", "originalType": "Sorcery", "printings": ["CM2", "CMD", "ODY", "PD3", "TD0", "UMA", "WC03", "WTH"], "purchaseUrls": {"cardKingdomFoil": "https://mtgjson.com/links/d8be0d752390c333", "cardmarket": "https://mtgjson.com/links/954f40e9956367ea", "tcgplayer": "https://mtgjson.com/links/58ed5bd28ba81ded"}, "rarity": "uncommon", "rulings": [{"date": "2004-10-04", "text": "You can look in your library and then choose to find any number from zero to three creatures after you look at it."}], "setCode": "PD3", "subtypes": [], "supertypes": [], "text": "Search your library for up to three creature cards, put them into your graveyard, then shuffle.", "type": "Sorcery", "types": ["Sorcery"], "uuid": "2ec309a0-f43f-5fd3-bee5-40fe61c81404"}, {"artist": "Bradley Williams", "artistIds": ["24d81dfa-3745-4386-93f8-7e67dddb3c8a"], "availability": ["mtgo", "paper"], "borderColor": "black", "colorIdentity": ["B"], "colors": ["B"], "convertedManaCost": 3.0, "edhrecRank": 20891, "edhrecSaltiness": 0.21, "finishes": ["foil"], "foreignData": [], "frameVersion": "2003", "hasFoil": true, "hasNonFoil": false, "identifiers": {"cardKingdomFoilId": "186214", "cardsphereId": "36948", "mcmId": "251945", "mcmMetaId": "3203", "mtgjsonV4Id": "79161e13-7b12-5103-bca0-4b697a46ad59", "mtgoFoilId": "43126", "mtgoId": "43125", "multiverseId": "270457", "scryfallId": "de496c0a-5651-47db-916b-38107a7792b4", "scryfallIllustrationId": "8307d303-3b79-401e-95c4-e93dd2d67981", "scryfallOracleId": "3196e1f4-7f94-4eb6-ae2b-ed11ba392552", "tcgplayerProductId": "57379"}, "isReprint": true, "isStarter": true, "language": "English", "layout": "normal", "legalities": {"commander": "Legal", "duel": "Legal", "legacy": "Legal", "oathbreaker": "Legal", "pauper": "Legal", "paupercommander": "Legal", "penny": "Legal", "predh": "Legal", "premodern": "Legal", "vintage": "Legal"}, "manaCost": "{2}{B}", "manaValue": 3.0, "name": "Last Rites", "number": "21", "originalText": "Discard any number of cards. Target player reveals his or her hand, then you choose a nonland card from it for each card discarded this way. That player discards those cards.", "originalType": "Sorcery", "printings": ["ODY", "PD3", "WC03"], "purchaseUrls": {"cardKingdomFoil": "https://mtgjson.com/links/9b59ae5558f6330c", "cardmarket": "https://mtgjson.com/links/38b551df7e3827ed", "tcgplayer": "https://mtgjson.com/links/8c8faec9b87769a6"}, "rarity": "common", "setCode": "PD3", "subtypes": [], "supertypes": [], "text": "Discard any number of cards. Target player reveals their hand, then you choose a nonland card from it for each card discarded this way. That player discards those cards.", "type": "Sorcery", "types": ["Sorcery"], "uuid": "08ad2e9c-37d5-581c-b125-cca88e4cf8b9"}, {"artist": "Scott M. Fischer", "artistIds": ["23b0cf43-3e43-44c6-8329-96446eca5bce"], "availability": ["mtgo", "paper"], "borderColor": "black", "colorIdentity": ["B"], "colors": ["B"], "convertedManaCost": 4.0, "edhrecRank": 10765, "edhrecSaltiness": 0.16, "finishes": ["foil"], "foreignData": [], "frameVersion": "2003", "hasFoil": true, "hasNonFoil": false, "identifiers": {"cardKingdomFoilId": "186211", "cardsphereId": "36939", "mcmId": "251939", "mcmMetaId": "1480", "mtgjsonV4Id": "099266b0-38e6-5689-96df-79306a4833b8", "mtgoFoilId": "43106", "mtgoId": "43105", "multiverseId": "270461", "scryfallId": "eaabc6e1-3b29-4301-97b7-a8392ae63f18", "scryfallIllustrationId": "da4174b4-c488-46e9-b5e5-43dff086f4a0", "scryfallOracleId": "e275cbfb-3d25-4189-84f0-3162eadc7d65", "tcgplayerProductId": "57383"}, "isReprint": true, "isStarter": true, "language": "English", "layout": "normal", "legalities": {"commander": "Legal", "duel": "Legal", "legacy": "Legal", "oathbreaker": "Legal", "predh": "Legal", "premodern": "Legal", "vintage": "Legal"}, "manaCost": "{3}{B}", "manaValue": 4.0, "name": "Diabolic Servitude", "number": "22", "originalText": "When Diabolic Servitude enters the battlefield, return target creature card from your graveyard to the battlefield.\nWhen the creature put onto the battlefield with Diabolic Servitude dies, exile it and return Diabolic Servitude to its owner's hand.\nWhen Diabolic Servitude leaves the battlefield, exile the creature put onto the battlefield with Diabolic Servitude.", "originalType": "Enchantment", "printings": ["C15", "CMA", "PD3", "TD2", "USG"], "purchaseUrls": {"cardKingdomFoil": "https://mtgjson.com/links/8fb5f3ee9f51d101", "cardmarket": "https://mtgjson.com/links/0c90f2401abb3c23", "tcgplayer": "https://mtgjson.com/links/d7ec8361549aec39"}, "rarity": "uncommon", "rulings": [{"date": "2004-10-04", "text": "If the creature is on the battlefield and is returned to its owner’s hand or is exiled, this card loses track of the creature and has no further effects in the future."}], "setCode": "PD3", "subtypes": [], "supertypes": [], "text": "When Diabolic Servitude enters the battlefield, return target creature card from your graveyard to the battlefield.\nWhen the creature put onto the battlefield with Diabolic Servitude dies, exile it and return Diabolic Servitude to its owner's hand.\nWhen Diabolic Servitude leaves the battlefield, exile the creature put onto the battlefield with Diabolic Servitude.", "type": "Enchantment", "types": ["Enchantment"], "uuid": "9824a473-633f-5831-9d81-4d29690ff267"}, {"artist": "Kev Walker", "artistIds": ["f366a0ee-a0cd-466d-ba6a-90058c7a31a6"], "availability": ["mtgo", "paper"], "borderColor": "black", "colorIdentity": ["B"], "colors": ["B"], "convertedManaCost": 4.0, "edhrecRank": 597, "edhrecSaltiness": 0.23, "finishes": ["foil"], "flavorText": "Those who forget the horrors of the past are doomed to re-meet them.", "foreignData": [], "frameVersion": "2003", "hasFoil": true, "hasNonFoil": false, "identifiers": {"cardKingdomFoilId": "186212", "cardsphereId": "36940", "mcmId": "251940", "mcmMetaId": "8360", "mtgjsonV4Id": "70d2a2e1-60ca-51ff-b5da-e05fb065c4c9", "mtgoFoilId": "43150", "mtgoId": "43149", "multiverseId": "270463", "scryfallId": "33a27556-5fb2-42de-ae41-31c6afd583d8", "scryfallIllustrationId": "c090778c-eb99-4a02-93aa-1efebc62a2c2", "scryfallOracleId": "352b64d2-2ae5-44ee-a64f-94932ef545d3", "tcgplayerProductId": "57384"}, "isReprint": true, "isStarter": true, "keywords": ["Flashback"], "language": "English", "layout": "normal", "legalities": {"commander": "Legal", "duel": "Legal", "legacy": "Legal", "modern": "Banned", "oathbreaker": "Legal", "pauper": "Legal", "paupercommander": "Legal", "penny": "Legal", "predh": "Legal", "vintage": "Legal"}, "manaCost": "{2}{B}{B}", "manaValue": 4.0, "name": "Dread Return", "number": "23", "originalText": "Return target creature card from your graveyard to the battlefield.\nFlashback—\nSacrifice three creatures. (You may cast this card from your graveyard for its flashback cost. Then exile it.)", "originalType": "Sorcery", "printings": ["2XM", "40K", "C14", "CMM", "DDQ", "DMR", "MB1", "PD3", "PRM", "TD0", "TSP", "TSR"], "purchaseUrls": {"cardKingdomFoil": "https://mtgjson.com/links/4c313715af07ef2a", "cardmarket": "https://mtgjson.com/links/2310ffd6c9d6f123", "tcgplayer": "https://mtgjson.com/links/7dbf0e0c2a5dd3db"}, "rarity": "uncommon", "rulings": [{"date": "2021-03-19", "text": "“Flashback [cost]” means “You may cast this card from your graveyard by paying [cost] rather than paying its mana cost” and “If the flashback cost was paid, exile this card instead of putting it anywhere else any time it would leave the stack.”"}, {"date": "2021-03-19", "text": "You must still follow any timing restrictions and permissions, including those based on the card's type. For instance, you can cast a sorcery using flashback only when you could normally cast a sorcery."}, {"date": "2021-03-19", "text": "To determine the total cost of a spell, start with the mana cost or alternative cost (such as a flashback cost) you're paying, add any cost increases, then apply any cost reductions. The mana value of the spell is determined only by its mana cost, no matter what the total cost to cast the spell was."}, {"date": "2021-03-19", "text": "A spell cast using flashback will always be exiled afterward, whether it resolves, is countered, or leaves the stack in some other way."}, {"date": "2021-03-19", "text": "You can cast a spell using flashback even if it was somehow put into your graveyard without having been cast."}, {"date": "2021-03-19", "text": "If a card with flashback is put into your graveyard during your turn, you can cast it if it's legal to do so before any other player can take any actions."}, {"date": "2022-12-08", "text": "You choose the target for Dread Return before paying any of its costs, so it’s not possible to cast it using flashback and bring back one of the creatures you sacrifice."}], "setCode": "PD3", "subtypes": [], "supertypes": [], "text": "Return target creature card from your graveyard to the battlefield.\nFlashback—Sacrifice three creatures. (You may cast this card from your graveyard for its flashback cost. Then exile it.)", "type": "Sorcery", "types": ["Sorcery"], "uuid": "00bd3f48-4e8b-537c-88ca-57b18fa828b5"}, {"artist": "Pat Morrissey", "artistIds": ["3130411f-ddd5-4cab-a2f4-0a9c3b95a26e"], "availability": ["mtgo", "paper"], "borderColor": "black", "colorIdentity": [], "colors": [], "convertedManaCost": 0.0, "edhrecRank": 1423, "edhrecSaltiness": 0.1, "finishes": ["foil"], "foreignData": [], "frameVersion": "2003", "hasFoil": true, "hasNonFoil": false, "identifiers": {"cardKingdomFoilId": "186189", "cardsphereId": "36938", "mcmId": "251954", "mcmMetaId": "1241", "mtgjsonV4Id": "6984f37c-1ee2-5640-952c-68798c9014a4", "mtgoFoilId": "43092", "mtgoId": "43091", "multiverseId": "270466", "scryfallId": "1ade106b-a96c-45cc-bedb-652646f7dd1a", "scryfallIllustrationId": "4f1610a6-4251-4ee8-96fe-dd912b3bc091", "scryfallOracleId": "616d6013-24f4-4999-9bf3-5b0764e52fa6", "tcgplayerProductId": "57366"}, "isReprint": true, "isStarter": true, "language": "English", "layout": "normal", "legalities": {"commander": "Legal", "duel": "Legal", "legacy": "Legal", "oathbreaker": "Legal", "predh": "Legal", "premodern": "Legal", "vintage": "Legal"}, "manaValue": 0.0, "name": "Crystal Vein", "number": "24", "originalText": "{T}: Add {1} to your mana pool.\n{T}, Sacrifice Crystal Vein: Add {2} to your mana pool.", "originalType": "Land", "printings": ["6ED", "C14", "CMA", "MIR", "PD3", "WC00"], "purchaseUrls": {"cardKingdomFoil": "https://mtgjson.com/links/46afb0427ba93835", "cardmarket": "https://mtgjson.com/links/c7d0fff8aba3dac8", "tcgplayer": "https://mtgjson.com/links/91036152848a9e05"}, "rarity": "uncommon", "setCode": "PD3", "subtypes": [], "supertypes": [], "text": "{T}: Add {C}.\n{T}, Sacrifice Crystal Vein: Add {C}{C}.", "type": "Land", "types": ["Land"], "uuid": "eb0d4439-7c68-527b-9ac2-66038b0e0646"}, {"artist": "Liz Danforth", "artistIds": ["5a5ee217-9d28-419a-b92a-a2376c7d18b3"], "availability": ["mtgo", "paper"], "borderColor": "black", "colorIdentity": ["B"], "colors": [], "convertedManaCost": 0.0, "edhrecRank": 8592, "edhrecSaltiness": 0.07, "finishes": ["foil"], "foreignData": [], "frameVersion": "2003", "hasFoil": true, "hasNonFoil": false, "identifiers": {"cardKingdomFoilId": "186190", "cardsphereId": "36942", "mcmId": "251956", "mcmMetaId": "6841", "mtgjsonV4Id": "0ba8a1c0-587e-5703-a489-eb26cb5f4e65", "mtgoFoilId": "43094", "mtgoId": "43093", "multiverseId": "270467", "scryfallId": "93b057e4-1ef2-4ce0-a74b-899ff41ffd13", "scryfallIllustrationId": "3ebc1efc-3e63-469b-8fb0-e381facc91bc", "scryfallOracleId": "4d4b9512-d29d-4b99-9249-d37e1199a1f5", "tcgplayerProductId": "57365"}, "isReprint": true, "isStarter": true, "language": "English", "layout": "normal", "legalities": {"commander": "Legal", "duel": "Legal", "legacy": "Legal", "oathbreaker": "Legal", "predh": "Legal", "premodern": "Legal", "vintage": "Legal"}, "manaValue": 0.0, "name": "Ebon Stronghold", "number": "25", "originalText": "Ebon Stronghold enters the battlefield tapped.\n{T}: Add {B} to your mana pool.\n{T}, Sacrifice Ebon Stronghold: Add {B}{B} to your mana pool.", "originalType": "Land", "printings": ["5ED", "6ED", "BTD", "FEM", "ME2", "PD3", "PTC"], "purchaseUrls": {"cardKingdomFoil": "https://mtgjson.com/links/18833b2f5c5bcd32", "cardmarket": "https://mtgjson.com/links/60ca99a5ca8221bc", "tcgplayer": "https://mtgjson.com/links/598ce3e4fad0e074"}, "rarity": "uncommon", "setCode": "PD3", "subtypes": [], "supertypes": [], "text": "Ebon Stronghold enters the battlefield tapped.\n{T}: Add {B}.\n{T}, Sacrifice Ebon Stronghold: Add {B}{B}.", "type": "Land", "types": ["Land"], "uuid": "f3f05078-48b4-59dc-84b8-a0ae9a2fd988"}, {"artist": "Stephen Daniele", "artistIds": ["a267f9bb-072b-410a-a704-50f4d19020d8"], "availability": ["mtgo", "paper"], "borderColor": "black", "colorIdentity": ["B"], "colors": [], "convertedManaCost": 0.0, "edhrecRank": 3041, "edhrecSaltiness": 0.05, "finishes": ["foil"], "foreignData": [], "frameVersion": "2003", "hasFoil": true, "hasNonFoil": false, "identifiers": {"cardKingdomFoilId": "186191", "cardsphereId": "36949", "mcmId": "251957", "mcmMetaId": "4283", "mtgjsonV4Id": "8255d23e-4e9a-5206-b7d9-390d128f9687", "mtgoFoilId": "43104", "mtgoId": "43103", "multiverseId": "270468", "scryfallId": "23d64aa6-b677-4292-9e24-7b239f0e5065", "scryfallIllustrationId": "fb9ae94b-b903-4943-9e12-09f617ede866", "scryfallOracleId": "9809d975-7ef8-4946-9041-607c4e954b13", "tcgplayerProductId": "57364"}, "isReprint": true, "isStarter": true, "keywords": ["Cycling"], "language": "English", "layout": "normal", "legalities": {"commander": "Legal", "duel": "Legal", "legacy": "Legal", "oathbreaker": "Legal", "pauper": "Legal", "paupercommander": "Legal", "predh": "Legal", "premodern": "Legal", "vintage": "Legal"}, "manaValue": 0.0, "name": "Polluted Mire", "number": "26", "originalText": "Polluted Mire enters the battlefield tapped.\n{T}: Add {B} to your mana pool.\nCycling {2} ({2}, Discard this card: Draw a card.)", "originalType": "Land", "printings": ["40K", "ATH", "BRB", "BTD", "C14", "C15", "CMA", "DDD", "DMR", "GVL", "PD3", "USG"], "purchaseUrls": {"cardKingdomFoil": "https://mtgjson.com/links/332b0d1511329dcb", "cardmarket": "https://mtgjson.com/links/a19e4883fd0aa6a0", "tcgplayer": "https://mtgjson.com/links/c04e88a1a31d2707"}, "rarity": "common", "setCode": "PD3", "subtypes": [], "supertypes": [], "text": "Polluted Mire enters the battlefield tapped.\n{T}: Add {B}.\nCycling {2} ({2}, Discard this card: Draw a card.)", "type": "Land", "types": ["Land"], "uuid": "10b056d7-f669-5b81-bd83-d67bc40ca827"}, {"artist": "Aleksi Briclot", "artistIds": ["5e470014-31cb-41b0-b054-e23374484449"], "availability": ["mtgo", "paper"], "borderColor": "black", "colorIdentity": ["B"], "colors": [], "convertedManaCost": 0.0, "edhrecSaltiness": 0.31, "finishes": ["foil"], "foreignData": [], "frameVersion": "2003", "hasFoil": true, "hasNonFoil": false, "identifiers": {"cardKingdomFoilId": "194113", "cardsphereId": "36954", "mcmId": "251934", "mcmMetaId": "5739", "mtgjsonV4Id": "4f6d4066-be2a-5f1f-aecc-4cac0332c183", "mtgoFoilId": "43108", "mtgoId": "43107", "multiverseId": "270475", "scryfallId": "f96c34c5-b676-47d6-ac83-01ba59c23bab", "scryfallIllustrationId": "e43d5be4-db8f-4b26-a9e1-3688ec101c6a", "scryfallOracleId": "56719f6a-1a6c-4c0a-8d21-18f7d7350b68", "tcgplayerProductId": "57363"}, "isReprint": true, "isStarter": true, "language": "English", "layout": "normal", "legalities": {"alchemy": "Legal", "brawl": "Legal", "commander": "Legal", "duel": "Legal", "explorer": "Legal", "future": "Legal", "gladiator": "Legal", "historic": "Legal", "historicbrawl": "Legal", "legacy": "Legal", "modern": "Legal", "oathbreaker": "Legal", "pauper": "Legal", "paupercommander": "Legal", "penny": "Legal", "pioneer": "Legal", "predh": "Legal", "premodern": "Legal", "standard": "Legal", "vintage": "Legal"}, "manaValue": 0.0, "name": "Swamp", "number": "27", "originalText": "B", "originalType": "Basic Land — Swamp", "printings": ["10E", "2ED", "2XM", "30A", "3ED", "40K", "4BB", "4ED", "5ED", "6ED", "7ED", "8ED", "9ED", "AFR", "AKH", "AKR", "ALA", "ANA", "ANB", "ARC", "ATH", "AVR", "BBD", "BFZ", "BRB", "BRC", "BRO", "BTD", "C13", "C14", "C15", "C16", "C17", "C18", "C19", "CED", "CEI", "CHK", "CLB", "CM2", "CMA", "CMD", "CMM", "CST", "DDC", "DDD", "DDE", "DDH", "DDJ", "DDK", "DDM", "DDN", "DDP", "DDQ", "DDR", "DKM", "DMR", "DMU", "DOM", "DPA", "DTK", "DVD", "E01", "ELD", "FBB", "FRF", "G17", "GK1", "GK2", "GN2", "GN3", "GNT", "GRN", "GVL", "H09", "HBG", "HOP", "HOU", "ICE", "IKO", "INV", "ISD", "ITP", "J14", "J22", "JMP", "KHM", "KLD", "KLR", "KTK", "LEA", "LEB", "LRW", "LTR", "M10", "M11", "M12", "M13", "M14", "M15", "M19", "M20", "M21", "MBS", "MD1", "ME1", "ME3", "MH2", "MID", "MIR", "MMQ", "MOM", "MRD", "NEO", "NPH", "ODY", "OLEP", "ONE", "ONS", "ORI", "P02", "PAL00", "PAL01", "PAL03", "PAL04", "PAL05", "PAL06", "PAL99", "PALP", "PANA", "PARL", "PC2", "PCA", "PCTB", "PD3", "PELP", "PF19", "PF20", "PGPX", "PGRU", "PHUK", "PMPS", "PMPS06", "PMPS07", "PMPS08", "PMPS09", "PMPS10", "PMPS11", "POR", "PPP1", "PRM", "PRW2", "PRWK", "PS11", "PSAL", "PSS2", "PSS3", "PTC", "PTK", "RAV", "RIX", "RNA", "ROE", "RQS", "RTR", "S99", "SCD", "SHM", "SIR", "SLD", "SNC", "SOI", "SOM", "STX", "SUM", "TD0", "TD2", "THB", "THS", "TMP", "TPR", "TSP", "UGL", "UND", "UNF", "UNH", "USG", "UST", "VOW", "WAR", "WC01", "WC02", "WC03", "WC97", "WC98", "WC99", "WHO", "WOE", "XANA", "XLN", "ZEN", "ZNR"], "purchaseUrls": {"cardKingdomFoil": "https://mtgjson.com/links/a8cb4bea68ee7f53", "cardmarket": "https://mtgjson.com/links/decddcd43b800b4c", "tcgplayer": "https://mtgjson.com/links/0547d2ea299f91e3"}, "rarity": "common", "setCode": "PD3", "subtypes": ["Swamp"], "supertypes": ["Basic"], "text": "({T}: Add {B}.)", "type": "Basic Land — Swamp", "types": ["Land"], "uuid": "2c83f657-1ad6-5303-9ab9-c8fe7ab1dac2", "variations": ["d60f5a44-5364-5814-9907-e9aca0eeeaf8", "580061f6-509a-5f3b-92b3-31f50dd9de21", "717f0cc1-4092-5356-917e-5c885108a4c5"]}, {"artist": "James Paick", "artistIds": ["1a7be0a2-d8ac-45c7-b0a0-eb0886f47b5f"], "availability": ["mtgo", "paper"], "borderColor": "black", "colorIdentity": ["B"], "colors": [], "convertedManaCost": 0.0, "edhrecSaltiness": 0.31, "finishes": ["foil"], "foreignData": [], "frameVersion": "2003", "hasFoil": true, "hasNonFoil": false, "identifiers": {"cardKingdomFoilId": "194114", "cardsphereId": "36955", "mcmId": "251935", "mcmMetaId": "5739", "mtgjsonV4Id": "42e13c6e-47fd-518d-8bef-8d191497de41", "mtgoFoilId": "43136", "mtgoId": "43135", "multiverseId": "270473", "scryfallId": "116af68d-2f2a-454e-947a-ceeda00f5905", "scryfallIllustrationId": "6e390668-77e5-4ac0-867e-6a2bf77c36ef", "scryfallOracleId": "56719f6a-1a6c-4c0a-8d21-18f7d7350b68", "tcgplayerProductId": "57650"}, "isReprint": true, "isStarter": true, "language": "English", "layout": "normal", "legalities": {"alchemy": "Legal", "brawl": "Legal", "commander": "Legal", "duel": "Legal", "explorer": "Legal", "future": "Legal", "gladiator": "Legal", "historic": "Legal", "historicbrawl": "Legal", "legacy": "Legal", "modern": "Legal", "oathbreaker": "Legal", "pauper": "Legal", "paupercommander": "Legal", "penny": "Legal", "pioneer": "Legal", "predh": "Legal", "premodern": "Legal", "standard": "Legal", "vintage": "Legal"}, "manaValue": 0.0, "name": "Swamp", "number": "28", "originalText": "B", "originalType": "Basic Land — Swamp", "printings": ["10E", "2ED", "2XM", "30A", "3ED", "40K", "4BB", "4ED", "5ED", "6ED", "7ED", "8ED", "9ED", "AFR", "AKH", "AKR", "ALA", "ANA", "ANB", "ARC", "ATH", "AVR", "BBD", "BFZ", "BRB", "BRC", "BRO", "BTD", "C13", "C14", "C15", "C16", "C17", "C18", "C19", "CED", "CEI", "CHK", "CLB", "CM2", "CMA", "CMD", "CMM", "CST", "DDC", "DDD", "DDE", "DDH", "DDJ", "DDK", "DDM", "DDN", "DDP", "DDQ", "DDR", "DKM", "DMR", "DMU", "DOM", "DPA", "DTK", "DVD", "E01", "ELD", "FBB", "FRF", "G17", "GK1", "GK2", "GN2", "GN3", "GNT", "GRN", "GVL", "H09", "HBG", "HOP", "HOU", "ICE", "IKO", "INV", "ISD", "ITP", "J14", "J22", "JMP", "KHM", "KLD", "KLR", "KTK", "LEA", "LEB", "LRW", "LTR", "M10", "M11", "M12", "M13", "M14", "M15", "M19", "M20", "M21", "MBS", "MD1", "ME1", "ME3", "MH2", "MID", "MIR", "MMQ", "MOM", "MRD", "NEO", "NPH", "ODY", "OLEP", "ONE", "ONS", "ORI", "P02", "PAL00", "PAL01", "PAL03", "PAL04", "PAL05", "PAL06", "PAL99", "PALP", "PANA", "PARL", "PC2", "PCA", "PCTB", "PD3", "PELP", "PF19", "PF20", "PGPX", "PGRU", "PHUK", "PMPS", "PMPS06", "PMPS07", "PMPS08", "PMPS09", "PMPS10", "PMPS11", "POR", "PPP1", "PRM", "PRW2", "PRWK", "PS11", "PSAL", "PSS2", "PSS3", "PTC", "PTK", "RAV", "RIX", "RNA", "ROE", "RQS", "RTR", "S99", "SCD", "SHM", "SIR", "SLD", "SNC", "SOI", "SOM", "STX", "SUM", "TD0", "TD2", "THB", "THS", "TMP", "TPR", "TSP", "UGL", "UND", "UNF", "UNH", "USG", "UST", "VOW", "WAR", "WC01", "WC02", "WC03", "WC97", "WC98", "WC99", "WHO", "WOE", "XANA", "XLN", "ZEN", "ZNR"], "purchaseUrls": {"cardKingdomFoil": "https://mtgjson.com/links/00ef7fcd1cd41c54", "cardmarket": "https://mtgjson.com/links/a4866ca41e2149f6", "tcgplayer": "https://mtgjson.com/links/d9e970aec4eba50c"}, "rarity": "common", "setCode": "PD3", "subtypes": ["Swamp"], "supertypes": ["Basic"], "text": "({T}: Add {B}.)", "type": "Basic Land — Swamp", "types": ["Land"], "uuid": "d60f5a44-5364-5814-9907-e9aca0eeeaf8", "variations": ["2c83f657-1ad6-5303-9ab9-c8fe7ab1dac2", "580061f6-509a-5f3b-92b3-31f50dd9de21", "717f0cc1-4092-5356-917e-5c885108a4c5"]}, {"artist": "Jung Park", "artistIds": ["269392ac-4c06-4650-98e2-d49a5a7f2371"], "availability": ["mtgo", "paper"], "borderColor": "black", "colorIdentity": ["B"], "colors": [], "convertedManaCost": 0.0, "edhrecSaltiness": 0.31, "finishes": ["foil"], "foreignData": [], "frameVersion": "2003", "hasFoil": true, "hasNonFoil": false, "identifiers": {"cardKingdomFoilId": "194115", "cardsphereId": "36956", "mcmId": "251936", "mcmMetaId": "5739", "mtgjsonV4Id": "068ddeb4-632a-5a75-8542-734243eaa03e", "mtgoFoilId": "43138", "mtgoId": "43137", "multiverseId": "270474", "scryfallId": "2d62a682-29b5-491e-97d1-86adb6d4d090", "scryfallIllustrationId": "f9ae6d2e-044c-436f-8991-bf2a38da5470", "scryfallOracleId": "56719f6a-1a6c-4c0a-8d21-18f7d7350b68", "tcgplayerProductId": "57651"}, "isReprint": true, "isStarter": true, "language": "English", "layout": "normal", "legalities": {"alchemy": "Legal", "brawl": "Legal", "commander": "Legal", "duel": "Legal", "explorer": "Legal", "future": "Legal", "gladiator": "Legal", "historic": "Legal", "historicbrawl": "Legal", "legacy": "Legal", "modern": "Legal", "oathbreaker": "Legal", "pauper": "Legal", "paupercommander": "Legal", "penny": "Legal", "pioneer": "Legal", "predh": "Legal", "premodern": "Legal", "standard": "Legal", "vintage": "Legal"}, "manaValue": 0.0, "name": "Swamp", "number": "29", "originalText": "B", "originalType": "Basic Land — Swamp", "printings": ["10E", "2ED", "2XM", "30A", "3ED", "40K", "4BB", "4ED", "5ED", "6ED", "7ED", "8ED", "9ED", "AFR", "AKH", "AKR", "ALA", "ANA", "ANB", "ARC", "ATH", "AVR", "BBD", "BFZ", "BRB", "BRC", "BRO", "BTD", "C13", "C14", "C15", "C16", "C17", "C18", "C19", "CED", "CEI", "CHK", "CLB", "CM2", "CMA", "CMD", "CMM", "CST", "DDC", "DDD", "DDE", "DDH", "DDJ", "DDK", "DDM", "DDN", "DDP", "DDQ", "DDR", "DKM", "DMR", "DMU", "DOM", "DPA", "DTK", "DVD", "E01", "ELD", "FBB", "FRF", "G17", "GK1", "GK2", "GN2", "GN3", "GNT", "GRN", "GVL", "H09", "HBG", "HOP", "HOU", "ICE", "IKO", "INV", "ISD", "ITP", "J14", "J22", "JMP", "KHM", "KLD", "KLR", "KTK", "LEA", "LEB", "LRW", "LTR", "M10", "M11", "M12", "M13", "M14", "M15", "M19", "M20", "M21", "MBS", "MD1", "ME1", "ME3", "MH2", "MID", "MIR", "MMQ", "MOM", "MRD", "NEO", "NPH", "ODY", "OLEP", "ONE", "ONS", "ORI", "P02", "PAL00", "PAL01", "PAL03", "PAL04", "PAL05", "PAL06", "PAL99", "PALP", "PANA", "PARL", "PC2", "PCA", "PCTB", "PD3", "PELP", "PF19", "PF20", "PGPX", "PGRU", "PHUK", "PMPS", "PMPS06", "PMPS07", "PMPS08", "PMPS09", "PMPS10", "PMPS11", "POR", "PPP1", "PRM", "PRW2", "PRWK", "PS11", "PSAL", "PSS2", "PSS3", "PTC", "PTK", "RAV", "RIX", "RNA", "ROE", "RQS", "RTR", "S99", "SCD", "SHM", "SIR", "SLD", "SNC", "SOI", "SOM", "STX", "SUM", "TD0", "TD2", "THB", "THS", "TMP", "TPR", "TSP", "UGL", "UND", "UNF", "UNH", "USG", "UST", "VOW", "WAR", "WC01", "WC02", "WC03", "WC97", "WC98", "WC99", "WHO", "WOE", "XANA", "XLN", "ZEN", "ZNR"], "purchaseUrls": {"cardKingdomFoil": "https://mtgjson.com/links/5d38420eb797d3b0", "cardmarket": "https://mtgjson.com/links/eac8ac7da5cfdeef", "tcgplayer": "https://mtgjson.com/links/72b62afe1f539a3e"}, "rarity": "common", "setCode": "PD3", "subtypes": ["Swamp"], "supertypes": ["Basic"], "text": "({T}: Add {B}.)", "type": "Basic Land — Swamp", "types": ["Land"], "uuid": "580061f6-509a-5f3b-92b3-31f50dd9de21", "variations": ["2c83f657-1ad6-5303-9ab9-c8fe7ab1dac2", "d60f5a44-5364-5814-9907-e9aca0eeeaf8", "717f0cc1-4092-5356-917e-5c885108a4c5"]}, {"artist": "Alan Pollack", "artistIds": ["70c20ea3-5ad6-4082-a337-6e994ae5828e"], "availability": ["mtgo", "paper"], "borderColor": "black", "colorIdentity": ["B"], "colors": [], "convertedManaCost": 0.0, "edhrecSaltiness": 0.31, "finishes": ["foil"], "foreignData": [], "frameVersion": "2003", "hasFoil": true, "hasNonFoil": false, "identifiers": {"cardKingdomFoilId": "194116", "cardsphereId": "36957", "mcmId": "251937", "mcmMetaId": "5739", "mtgjsonV4Id": "f8cf1cc0-47a0-56b5-96a7-8c060a673962", "mtgoFoilId": "43120", "mtgoId": "43119", "multiverseId": "270476", "scryfallId": "bbf5d038-64ae-4c0b-aebe-03c8e7e00315", "scryfallIllustrationId": "1c591b29-582f-4f53-92e7-8b7eda7b5d6f", "scryfallOracleId": "56719f6a-1a6c-4c0a-8d21-18f7d7350b68", "tcgplayerProductId": "57652"}, "isReprint": true, "isStarter": true, "language": "English", "layout": "normal", "legalities": {"alchemy": "Legal", "brawl": "Legal", "commander": "Legal", "duel": "Legal", "explorer": "Legal", "future": "Legal", "gladiator": "Legal", "historic": "Legal", "historicbrawl": "Legal", "legacy": "Legal", "modern": "Legal", "oathbreaker": "Legal", "pauper": "Legal", "paupercommander": "Legal", "penny": "Legal", "pioneer": "Legal", "predh": "Legal", "premodern": "Legal", "standard": "Legal", "vintage": "Legal"}, "manaValue": 0.0, "name": "Swamp", "number": "30", "originalText": "B", "originalType": "Basic Land — Swamp", "printings": ["10E", "2ED", "2XM", "30A", "3ED", "40K", "4BB", "4ED", "5ED", "6ED", "7ED", "8ED", "9ED", "AFR", "AKH", "AKR", "ALA", "ANA", "ANB", "ARC", "ATH", "AVR", "BBD", "BFZ", "BRB", "BRC", "BRO", "BTD", "C13", "C14", "C15", "C16", "C17", "C18", "C19", "CED", "CEI", "CHK", "CLB", "CM2", "CMA", "CMD", "CMM", "CST", "DDC", "DDD", "DDE", "DDH", "DDJ", "DDK", "DDM", "DDN", "DDP", "DDQ", "DDR", "DKM", "DMR", "DMU", "DOM", "DPA", "DTK", "DVD", "E01", "ELD", "FBB", "FRF", "G17", "GK1", "GK2", "GN2", "GN3", "GNT", "GRN", "GVL", "H09", "HBG", "HOP", "HOU", "ICE", "IKO", "INV", "ISD", "ITP", "J14", "J22", "JMP", "KHM", "KLD", "KLR", "KTK", "LEA", "LEB", "LRW", "LTR", "M10", "M11", "M12", "M13", "M14", "M15", "M19", "M20", "M21", "MBS", "MD1", "ME1", "ME3", "MH2", "MID", "MIR", "MMQ", "MOM", "MRD", "NEO", "NPH", "ODY", "OLEP", "ONE", "ONS", "ORI", "P02", "PAL00", "PAL01", "PAL03", "PAL04", "PAL05", "PAL06", "PAL99", "PALP", "PANA", "PARL", "PC2", "PCA", "PCTB", "PD3", "PELP", "PF19", "PF20", "PGPX", "PGRU", "PHUK", "PMPS", "PMPS06", "PMPS07", "PMPS08", "PMPS09", "PMPS10", "PMPS11", "POR", "PPP1", "PRM", "PRW2", "PRWK", "PS11", "PSAL", "PSS2", "PSS3", "PTC", "PTK", "RAV", "RIX", "RNA", "ROE", "RQS", "RTR", "S99", "SCD", "SHM", "SIR", "SLD", "SNC", "SOI", "SOM", "STX", "SUM", "TD0", "TD2", "THB", "THS", "TMP", "TPR", "TSP", "UGL", "UND", "UNF", "UNH", "USG", "UST", "VOW", "WAR", "WC01", "WC02", "WC03", "WC97", "WC98", "WC99", "WHO", "WOE", "XANA", "XLN", "ZEN", "ZNR"], "purchaseUrls": {"cardKingdomFoil": "https://mtgjson.com/links/9ff04e15e2ffb5e8", "cardmarket": "https://mtgjson.com/links/40cb1e70c3d60398", "tcgplayer": "https://mtgjson.com/links/4f9a73b9eea48a0d"}, "rarity": "common", "setCode": "PD3", "subtypes": ["Swamp"], "supertypes": ["Basic"], "text": "({T}: Add {B}.)", "type": "Basic Land — Swamp", "types": ["Land"], "uuid": "717f0cc1-4092-5356-917e-5c885108a4c5", "variations": ["2c83f657-1ad6-5303-9ab9-c8fe7ab1dac2", "d60f5a44-5364-5814-9907-e9aca0eeeaf8", "580061f6-509a-5f3b-92b3-31f50dd9de21"]}], "cardsphereSetId": 904, "code": "PD3", "decks": [{"cards": [{"count": 2, "finish": "foil", "uuid": "39b7be62-795b-5d90-92e5-7455c29dda10"}, {"count": 2, "finish": "foil", "uuid": "5c937680-52d2-5448-aad4-64ab2bdbdc41"}, {"count": 1, "finish": "foil", "uuid": "d81ff750-dbb5-5673-96d9-c21de15f1246"}, {"count": 1, "finish": "foil", "uuid": "1fed2070-50ed-5c02-8b9d-473012741421"}, {"count": 1, "finish": "foil", "uuid": "ee674845-8bdc-5956-bb3a-dee60976e14d"}, {"count": 1, "finish": "foil", "uuid": "3b81bbd1-1cec-5f0e-98b0-49118bd70d30"}, {"count": 1, "finish": "foil", "uuid": "54b3a1bd-ecf0-5cbd-850b-0fffa78dd18d"}, {"count": 1, "finish": "foil", "uuid": "67316acc-bc88-51e7-9600-d84fbd062054"}, {"count": 1, "finish": "foil", "uuid": "17928a1c-2171-5b3d-acb2-086c48120eaf"}, {"count": 1, "finish": "foil", "uuid": "c92c730e-6422-5c83-8c5b-7bf7f691cebe"}, {"count": 1, "finish": "foil", "uuid": "4c775420-4df4-5242-a703-bf2bfbced04e"}, {"count": 1, "finish": "foil", "uuid": "e9754d86-7634-5597-8a80-4b2031dd4577"}, {"count": 3, "finish": "foil", "uuid": "7597aa9c-5201-5cf7-b09e-6ee6982d8a3c"}, {"count": 1, "finish": "foil", "uuid": "448e85cb-51f3-5667-b8cc-37c19f2ca758"}, {"count": 3, "finish": "foil", "uuid": "f72c1987-5e6d-507f-b9a8-7094f165e83e"}, {"count": 2, "finish": "foil", "uuid": "51e44291-2989-5860-a4a3-6f9c17a5f957"}, {"count": 2, "finish": "foil", "uuid": "2ec309a0-f43f-5fd3-bee5-40fe61c81404"}, {"count": 2, "finish": "foil", "uuid": "08ad2e9c-37d5-581c-b125-cca88e4cf8b9"}, {"count": 2, "finish": "foil", "uuid": "00bd3f48-4e8b-537c-88ca-57b18fa828b5"}, {"count": 1, "finish": "foil", "uuid": "93a8edc3-6137-5914-8230-8ec4d8ab25b6"}, {"count": 3, "finish": "foil", "uuid": "d514415a-7adc-5dca-8a79-87c7e2faeb9e"}, {"count": 1, "finish": "foil", "uuid": "12809a0e-ca25-5684-b8c8-5e98060733b8"}, {"count": 2, "finish": "foil", "uuid": "9824a473-633f-5831-9d81-4d29690ff267"}, {"count": 1, "finish": "foil", "uuid": "eb0d4439-7c68-527b-9ac2-66038b0e0646"}, {"count": 1, "finish": "foil", "uuid": "f3f05078-48b4-59dc-84b8-a0ae9a2fd988"}, {"count": 1, "finish": "foil", "uuid": "10b056d7-f669-5b81-bd83-d67bc40ca827"}, {"count": 21, "finish": "foil", "uuid": "2c83f657-1ad6-5303-9ab9-c8fe7ab1dac2"}], "name": "Graveborn", "sealedProductUuids": ["ab5065bd-1745-5a37-9d58-bd5d1ff7d46b"]}], "isFoilOnly": true, "isOnlineOnly": false, "keyruneCode": "PD3", "languages": ["English"], "mcmId": 1337, "mcmName": "Premium Deck Series: Graveborn", "mtgoCode": "PD3", "name": "Premium Deck Series: Graveborn", "releaseDate": "2011-11-18", "sealedProduct": [{"cardCount": 60, "category": "box_set", "contents": {"deck": [{"name": "Graveborn", "set": "pd3"}], "other": [{"name": "Premium Deck Series Spindown"}]}, "identifiers": {"cardKingdomId": "186171", "tcgplayerProductId": "48163"}, "name": "Premium Deck Series Graveborn", "purchaseUrls": {"cardKingdom": "https://mtgjson.com/links/2028bafb154b72f2", "tcgplayer": "https://mtgjson.com/links/6997bc2f67400e8d"}, "subtype": "premium", "uuid": "ab5065bd-1745-5a37-9d58-bd5d1ff7d46b"}], "tcgplayerGroupId": 90, "tokens": [], "totalSetSize": 30, "translations": {}, "type": "premium_deck"}}