{"meta": {"date": "2023-08-19", "version": "5.2.1+20230819"}, "data": {"baseSetSize": 2, "block": "Ravnica", "cards": [{"artist": "rk post", "artistIds": ["81ae0f3f-1d88-4125-9aeb-b15b4c734c82"], "availability": ["paper"], "borderColor": "black", "colorIdentity": ["B", "R"], "colors": ["B", "R"], "convertedManaCost": 3.0, "edhrecRank": 18001, "finishes": ["foil"], "flavorText": "Such is the power of Rakdos that even his shadow takes on a cruel life of its own.", "foreignData": [], "frameVersion": "2003", "hasFoil": true, "hasNonFoil": false, "identifiers": {"cardKingdomFoilId": "125152", "cardsphereId": "37045", "mcmId": "17724", "mtgjsonV4Id": "424a151a-38aa-5385-898e-fef4c57cd932", "scryfallId": "48ccc561-5726-45df-b27a-e101ea9c0bac", "scryfallIllustrationId": "052445f4-f9eb-4823-ba67-2498ec4dfd82", "scryfallOracleId": "3f806353-592e-431c-a7dd-a4c64034f94d", "tcgplayerProductId": "38367"}, "isPromo": true, "isReprint": true, "isStarter": true, "keywords": ["Flying"], "language": "English", "layout": "normal", "legalities": {"commander": "Legal", "duel": "Legal", "legacy": "Legal", "modern": "Legal", "oathbreaker": "Legal", "penny": "Legal", "predh": "Legal", "vintage": "Legal"}, "manaCost": "{B/R}{B/R}{B/R}", "manaValue": 3.0, "name": "Avatar of Discord", "number": "140★", "originalReleaseDate": "2006-04-22", "power": "5", "printings": ["ARC", "DIS", "GK2", "PDIS", "PRM"], "promoTypes": ["datestamped", "prerelease"], "purchaseUrls": {"cardKingdomFoil": "https://mtgjson.com/links/f1274f2ad0c30662", "tcgplayer": "https://mtgjson.com/links/8eb8290e7173e08d"}, "rarity": "rare", "setCode": "PDIS", "subtypes": ["Avatar"], "supertypes": [], "text": "({B/R} can be paid with either {B} or {R}.)\nFlying\nWhen Avatar of Discord enters the battlefield, sacrifice it unless you discard two cards.", "toughness": "3", "type": "Creature — Avatar", "types": ["Creature"], "uuid": "0dc2b213-72e8-53c0-90ef-1063b34cbde1", "watermark": "rakdos"}, {"artist": "Christopher Moeller", "artistIds": ["21e10012-06ae-44f2-b38d-3824dd2e73d4"], "availability": ["paper"], "borderColor": "black", "colorIdentity": ["U", "W"], "colors": ["U", "W"], "convertedManaCost": 2.0, "edhrecRank": 12058, "edhrecSaltiness": 0.25, "finishes": ["foil"], "foreignData": [], "frameVersion": "2003", "hasFoil": true, "hasNonFoil": false, "identifiers": {"cardKingdomFoilId": "125169", "cardsphereId": "23871", "mcmId": "17736", "mtgjsonV4Id": "bea8b2c9-b05d-56ae-b115-c70ca1deb5d5", "scryfallId": "d35674a0-2704-46d0-8eba-dd06251abfea", "scryfallIllustrationId": "1c03e726-e241-4e56-9943-56ec5131a320", "scryfallOracleId": "16f61f69-cdde-4b6c-b855-c74db9038ceb", "tcgplayerProductId": "38417"}, "isPromo": true, "isReprint": true, "isStarter": true, "language": "English", "layout": "normal", "legalities": {"commander": "Legal", "duel": "Legal", "legacy": "Legal", "modern": "Legal", "oathbreaker": "Legal", "paupercommander": "Restricted", "penny": "Legal", "predh": "Legal", "vintage": "Legal"}, "manaCost": "{W/U}{W/U}", "manaValue": 2.0, "name": "Azorius Guildmage", "number": "141★", "power": "2", "printings": ["CMD", "DIS", "GK2", "PDIS", "PRM", "TD0"], "promoTypes": ["release"], "purchaseUrls": {"cardKingdomFoil": "https://mtgjson.com/links/ed476cb8ba993cf4", "tcgplayer": "https://mtgjson.com/links/0a074c3c94e27f30"}, "rarity": "rare", "rulings": [{"date": "2016-06-08", "text": "Activated abilities contain a colon. They’re generally written “[Cost]: [Effect].” Some keywords are activated abilities and will have colons in their reminder text."}], "setCode": "PDIS", "subtypes": ["Vedalken", "Wizard"], "supertypes": [], "text": "{2}{W}: Tap target creature.\n{2}{U}: Counter target activated ability. (Mana abilities can't be targeted.)", "toughness": "2", "type": "Creature — Vedalken Wizard", "types": ["Creature"], "uuid": "98e57ac1-59bf-5338-aadd-5c57c25db926", "watermark": "azorius"}], "code": "PDIS", "isFoilOnly": true, "isOnlineOnly": false, "keyruneCode": "DIS", "languages": ["English"], "name": "Dissension Promos", "parentCode": "DIS", "releaseDate": "2006-05-05", "tokens": [], "totalSetSize": 2, "translations": {}, "type": "promo"}}