{"meta": {"date": "2023-08-19", "version": "5.2.1+20230819"}, "data": {"baseSetSize": 5, "block": "Innistrad", "cards": [{"artist": "Dave Kendall", "artistIds": ["8a5540a8-18c9-4fa9-802c-59d6866114d5"], "availability": ["paper"], "borderColor": "black", "colorIdentity": ["B"], "colors": ["B"], "convertedManaCost": 1.0, "edhrecRank": 983, "edhrecSaltiness": 0.45, "finishes": ["foil"], "flavorText": "\"Innistrad's ghoulcallers are talented enough, but let me show you what someone with real power can create.\"\n—Liliana Vess", "foreignData": [], "frameVersion": "2003", "hasFoil": true, "hasNonFoil": false, "identifiers": {"cardKingdomFoilId": "186633", "cardsphereId": "7733", "mcmId": "252767", "mtgjsonV4Id": "77e369f9-3add-5b0b-9780-c41683df556e", "scryfallId": "33df275d-bdad-4e4b-9f92-ec2bf98fcba7", "scryfallIllustrationId": "22074ed5-626a-4487-9fc4-96ff8d19b833", "scryfallOracleId": "09ff28b1-b6c9-48e6-b12e-2f0e644f709f", "tcgplayerProductId": "57662"}, "isPromo": true, "isReprint": true, "isStarter": true, "language": "English", "layout": "normal", "legalities": {"commander": "Legal", "duel": "Legal", "legacy": "Legal", "modern": "Legal", "oathbreaker": "Legal", "vintage": "Legal"}, "manaCost": "{B}", "manaValue": 1.0, "name": "Gravecrawler", "number": "64★", "power": "2", "printings": ["2X2", "DDQ", "DKA", "J22", "MB1", "PDKA", "PRM", "SLD"], "promoTypes": ["setpromo", "buyabox"], "purchaseUrls": {"cardKingdomFoil": "https://mtgjson.com/links/d337460c618f2616", "tcgplayer": "https://mtgjson.com/links/14486cd9ed6a0d2e"}, "rarity": "rare", "rulings": [{"date": "2011-01-22", "text": "Gravecrawler’s ability doesn’t change when you could cast it."}, {"date": "2011-01-22", "text": "Once you’ve cast Gravecrawler and it’s on the stack, it doesn’t matter if you lose control of the other Zombie."}], "setCode": "PDKA", "subtypes": ["Zombie"], "supertypes": [], "text": "Gravecrawler can't block.\nYou may cast Gravecrawler from your graveyard as long as you control a Zombie.", "toughness": "1", "type": "Creature — Zombie", "types": ["Creature"], "uuid": "4701f9d5-1f88-5ca6-90f2-b0b50894ca04", "watermark": "colorpie"}, {"artist": "Kev Walker", "artistIds": ["f366a0ee-a0cd-466d-ba6a-90058c7a31a6"], "availability": ["paper"], "borderColor": "black", "colorIdentity": ["B"], "colors": ["B"], "convertedManaCost": 5.0, "edhrecRank": 17843, "faceConvertedManaCost": 5.0, "faceManaValue": 5.0, "faceName": "Ravenous Demon", "finishes": ["foil"], "flavorText": "His twisted words entice the weak.", "foreignData": [], "frameEffects": ["sunmoondfc"], "frameVersion": "2003", "hasFoil": true, "hasNonFoil": false, "identifiers": {"cardKingdomFoilId": "186650", "cardsphereId": "37414", "mcmId": "252768", "mtgjsonV4Id": "afd127c5-b6b6-5afc-9f2d-3aafccef6ba2", "scryfallId": "abbbb466-31ef-42dd-9993-124f7ec3d8ae", "scryfallIllustrationId": "badc1d75-1ada-44dc-925d-f50a91279569", "scryfallOracleId": "18932bb9-e054-4ad6-80c8-d2f177312da0", "tcgplayerProductId": "57658"}, "isPromo": true, "isReprint": true, "isStarter": true, "keywords": ["Transform"], "language": "English", "layout": "transform", "legalities": {"commander": "Legal", "duel": "Legal", "legacy": "Legal", "modern": "Legal", "oathbreaker": "Legal", "penny": "Legal", "vintage": "Legal"}, "manaCost": "{3}{B}{B}", "manaValue": 5.0, "name": "Ravenous Demon // Archdemon of Greed", "number": "71★", "otherFaceIds": ["f9bf2d29-9d76-53c1-a652-52f97b916f3c"], "power": "4", "printings": ["DKA", "PDKA", "PRM"], "promoTypes": ["setpromo", "datestamped", "prerelease"], "purchaseUrls": {"cardKingdomFoil": "https://mtgjson.com/links/2fe39c26c5f85514", "tcgplayer": "https://mtgjson.com/links/4ba2b12c40c39b78"}, "rarity": "rare", "rulings": [{"date": "2016-07-13", "text": "For more information on double-faced cards, see the Shadows over Innistrad mechanics article (http://magic.wizards.com/en/articles/archive/feature/shadows-over-innistrad-mechanics)."}], "setCode": "PDKA", "side": "a", "subtypes": ["Demon"], "supertypes": [], "text": "Sacrifice a Human: Transform Ravenous Demon. Activate only as a sorcery.", "toughness": "4", "type": "Creature — Demon", "types": ["Creature"], "uuid": "0f57e5de-bf15-5dab-8f72-3f25bb51f29c", "watermark": "set"}, {"artist": "Kev Walker", "artistIds": ["f366a0ee-a0cd-466d-ba6a-90058c7a31a6"], "availability": ["paper"], "borderColor": "black", "colorIdentity": ["B"], "colorIndicator": ["B"], "colors": ["B"], "convertedManaCost": 5.0, "edhrecRank": 17843, "faceConvertedManaCost": 0.0, "faceManaValue": 0.0, "faceName": "Archdemon of Greed", "finishes": ["foil"], "flavorText": "\"The price is paid. The power is mine!\"", "foreignData": [], "frameEffects": ["sunmoondfc"], "frameVersion": "2003", "hasFoil": true, "hasNonFoil": false, "identifiers": {"cardsphereId": "37414", "mcmId": "252768", "mtgjsonV4Id": "0b75fd70-85b9-5ef5-9876-4177fe7a86cc", "scryfallId": "abbbb466-31ef-42dd-9993-124f7ec3d8ae", "scryfallIllustrationId": "186c3196-ca14-425f-950b-fa2bb922982a", "scryfallOracleId": "18932bb9-e054-4ad6-80c8-d2f177312da0", "tcgplayerProductId": "57658"}, "isPromo": true, "isReprint": true, "isStarter": true, "keywords": ["Flying", "Trample"], "language": "English", "layout": "transform", "legalities": {"commander": "Legal", "duel": "Legal", "legacy": "Legal", "modern": "Legal", "oathbreaker": "Legal", "penny": "Legal", "vintage": "Legal"}, "manaValue": 5.0, "name": "Ravenous Demon // Archdemon of Greed", "number": "71★", "otherFaceIds": ["0f57e5de-bf15-5dab-8f72-3f25bb51f29c"], "power": "9", "printings": ["DKA", "PDKA", "PRM"], "promoTypes": ["setpromo", "datestamped", "prerelease"], "purchaseUrls": {"tcgplayer": "https://mtgjson.com/links/297e36d1582aabc6"}, "rarity": "rare", "rulings": [{"date": "2016-07-13", "text": "For more information on double-faced cards, see the Shadows over Innistrad mechanics article (http://magic.wizards.com/en/articles/archive/feature/shadows-over-innistrad-mechanics)."}], "setCode": "PDKA", "side": "b", "subtypes": ["Demon"], "supertypes": [], "text": "Flying, trample\nAt the beginning of your upkeep, sacrifice a Human. If you can't, tap Archdemon of Greed and it deals 9 damage to you.", "toughness": "9", "type": "Creature — Demon", "types": ["Creature"], "uuid": "f9bf2d29-9d76-53c1-a652-52f97b916f3c", "watermark": "set"}, {"artist": "Volkan Baǵa", "artistIds": ["93bec3c0-0260-4d31-8064-5d01efb4153f"], "availability": ["paper"], "borderColor": "black", "colorIdentity": ["B"], "colors": ["B"], "convertedManaCost": 6.0, "edhrecRank": 1929, "edhrecSaltiness": 0.25, "finishes": ["foil"], "foreignData": [], "frameVersion": "2003", "hasFoil": true, "hasNonFoil": false, "identifiers": {"cardKingdomFoilId": "186648", "cardsphereId": "18964", "mcmId": "252771", "mtgjsonV4Id": "822104a3-6ea9-5a82-8b1a-c6ae6908a245", "scryfallId": "756119c5-f10e-431b-9f8b-5da5850a72fd", "scryfallIllustrationId": "df7199fb-1b7f-44aa-8923-573a4f967be6", "scryfallOracleId": "8241277d-654f-4985-9d49-a22c1e59eec2", "tcgplayerProductId": "57661"}, "isFullArt": true, "isPromo": true, "isReprint": true, "isStarter": true, "language": "English", "layout": "normal", "legalities": {"commander": "Legal", "duel": "Legal", "legacy": "Legal", "modern": "Legal", "oathbreaker": "Legal", "penny": "Legal", "vintage": "Legal"}, "manaCost": "{3}{B}{B}{B}", "manaValue": 6.0, "name": "Zombie Apocalypse", "number": "80", "printings": ["DKA", "MIC", "PDKA", "PRM", "SCD"], "promoTypes": ["setpromo", "gameday"], "purchaseUrls": {"cardKingdomFoil": "https://mtgjson.com/links/bc366bd7c0936a9a", "tcgplayer": "https://mtgjson.com/links/c31e5b1b491f379b"}, "rarity": "rare", "rulings": [{"date": "2011-01-22", "text": "All Humans are destroyed, not just ones you control."}, {"date": "2011-01-22", "text": "If a creature card in your graveyard is both a Zombie and a Human, it will be returned to the battlefield tapped, then be destroyed."}], "setCode": "PDKA", "subtypes": [], "supertypes": [], "text": "Return all Zombie creature cards from your graveyard to the battlefield tapped, then destroy all Humans.", "type": "Sorcery", "types": ["Sorcery"], "uuid": "218dee6b-c9ca-5d09-bec2-5517467db69b"}, {"artist": "Anthony Palumbo", "artistIds": ["afd2d541-4140-41ae-a28f-862436458fcb"], "availability": ["paper"], "borderColor": "black", "colorIdentity": ["R"], "colors": ["R"], "convertedManaCost": 4.0, "edhrecRank": 7011, "faceConvertedManaCost": 4.0, "faceManaValue": 4.0, "faceName": "Mondronen Shaman", "finishes": ["foil"], "flavorText": "\"Tovolar, my master. Gather the howlpack, for the Hunter's Moon is nigh and Thraben's walls grow weak.\"", "foreignData": [], "frameEffects": ["sunmoondfc"], "frameVersion": "2003", "hasFoil": true, "hasNonFoil": false, "identifiers": {"cardKingdomFoilId": "186651", "cardsphereId": "23899", "mcmId": "252769", "mtgjsonV4Id": "39401724-4f30-5a50-9184-a34545a225c3", "scryfallId": "98fc475a-809d-4278-be03-86eab62b46ce", "scryfallIllustrationId": "c2be7995-0107-4c2f-a13a-e2ae19bdba90", "scryfallOracleId": "f94cb722-7e46-4569-b474-9654ecf7ec14", "tcgplayerProductId": "57659"}, "isPromo": true, "isReprint": true, "isStarter": true, "keywords": ["Transform"], "language": "English", "layout": "transform", "legalities": {"commander": "Legal", "duel": "Legal", "legacy": "Legal", "modern": "Legal", "oathbreaker": "Legal", "penny": "Legal", "vintage": "Legal"}, "manaCost": "{3}{R}", "manaValue": 4.0, "name": "Mondronen Shaman // Tovolar's Magehunter", "number": "98★", "otherFaceIds": ["03b7d65b-a06f-51c5-a369-513ac501c91a"], "power": "3", "printings": ["DKA", "PDKA", "PRM"], "promoTypes": ["setpromo", "datestamped", "release"], "purchaseUrls": {"cardKingdomFoil": "https://mtgjson.com/links/afee3bcc0d0fa013", "tcgplayer": "https://mtgjson.com/links/9aa1ec9f2709b885"}, "rarity": "rare", "rulings": [{"date": "2011-01-22", "text": "Tovolar’s Magehunter’s first triggered ability will resolve before the spell that caused it to trigger. If this causes the player who cast that spell to lose the game, that spell won’t resolve."}, {"date": "2016-07-13", "text": "For more information on double-faced cards, see the Shadows over Innistrad mechanics article (http://magic.wizards.com/en/articles/archive/feature/shadows-over-innistrad-mechanics)."}], "setCode": "PDKA", "side": "a", "subtypes": ["Human", "Shaman", "Werewolf"], "supertypes": [], "text": "At the beginning of each upkeep, if no spells were cast last turn, transform Mondronen Shaman.", "toughness": "2", "type": "Creature — Human Shaman Werewolf", "types": ["Creature"], "uuid": "181f157d-82de-5a1a-acb0-3941f39b9b69", "watermark": "set"}, {"artist": "Anthony Palumbo", "artistIds": ["afd2d541-4140-41ae-a28f-862436458fcb"], "availability": ["paper"], "borderColor": "black", "colorIdentity": ["R"], "colorIndicator": ["R"], "colors": ["R"], "convertedManaCost": 4.0, "edhrecRank": 7011, "faceConvertedManaCost": 0.0, "faceManaValue": 0.0, "faceName": "Tovolar's Magehunter", "finishes": ["foil"], "foreignData": [], "frameEffects": ["sunmoondfc"], "frameVersion": "2003", "hasFoil": true, "hasNonFoil": false, "identifiers": {"cardsphereId": "23899", "mcmId": "252769", "mtgjsonV4Id": "53f68b28-18ed-5d21-9973-50370448aade", "scryfallId": "98fc475a-809d-4278-be03-86eab62b46ce", "scryfallIllustrationId": "5188c491-2202-42f7-8476-de095862971c", "scryfallOracleId": "f94cb722-7e46-4569-b474-9654ecf7ec14", "tcgplayerProductId": "57659"}, "isPromo": true, "isReprint": true, "isStarter": true, "keywords": ["Transform"], "language": "English", "layout": "transform", "legalities": {"commander": "Legal", "duel": "Legal", "legacy": "Legal", "modern": "Legal", "oathbreaker": "Legal", "penny": "Legal", "vintage": "Legal"}, "manaValue": 4.0, "name": "Mondronen Shaman // Tovolar's Magehunter", "number": "98★", "otherFaceIds": ["181f157d-82de-5a1a-acb0-3941f39b9b69"], "power": "5", "printings": ["DKA", "PDKA", "PRM"], "promoTypes": ["setpromo", "datestamped", "release"], "purchaseUrls": {"tcgplayer": "https://mtgjson.com/links/6e0834bbbcb76430"}, "rarity": "rare", "rulings": [{"date": "2011-01-22", "text": "Tovolar’s Magehunter’s first triggered ability will resolve before the spell that caused it to trigger. If this causes the player who cast that spell to lose the game, that spell won’t resolve."}, {"date": "2016-07-13", "text": "For more information on double-faced cards, see the Shadows over Innistrad mechanics article (http://magic.wizards.com/en/articles/archive/feature/shadows-over-innistrad-mechanics)."}], "setCode": "PDKA", "side": "b", "subtypes": ["Werewolf"], "supertypes": [], "text": "Whenever an opponent casts a spell, Tovolar's Magehunter deals 2 damage to that player.\nAt the beginning of each upkeep, if a player cast two or more spells last turn, transform Tovolar's Magehunter.", "toughness": "5", "type": "Creature — Werewolf", "types": ["Creature"], "uuid": "03b7d65b-a06f-51c5-a369-513ac501c91a", "watermark": "set"}, {"artist": "Erica Yang", "artistIds": ["fcc15b63-b280-49da-9fee-f862824a2fc8"], "availability": ["paper"], "borderColor": "black", "colorIdentity": ["G"], "colors": ["G"], "convertedManaCost": 2.0, "edhrecRank": 10072, "edhrecSaltiness": 0.11, "finishes": ["nonfoil"], "foreignData": [], "frameVersion": "2003", "hasFoil": false, "hasNonFoil": true, "identifiers": {"cardKingdomId": "186649", "cardsphereId": "18955", "mcmId": "252770", "mtgjsonV4Id": "86d7cfff-8de0-5f53-bc58-3e00f6cb443f", "scryfallId": "c840aa15-6d54-41ee-b2e3-c049785ae10d", "scryfallIllustrationId": "82b1cc98-bdc9-48e1-838d-b5087a3b401b", "scryfallOracleId": "af12758f-4a7b-4156-8942-de4716aa0623", "tcgplayerProductId": "57660"}, "isFullArt": true, "isPromo": true, "isReprint": true, "isStarter": true, "keywords": ["Haste", "Undying"], "language": "English", "layout": "normal", "legalities": {"commander": "Legal", "duel": "Legal", "legacy": "Legal", "modern": "Legal", "oathbreaker": "Legal", "paupercommander": "Restricted", "vintage": "Legal"}, "manaCost": "{G}{G}", "manaValue": 2.0, "name": "Strangleroot Geist", "number": "127", "power": "2", "printings": ["DKA", "PDKA", "PLIST", "PRM"], "promoTypes": ["setpromo", "gameday"], "purchaseUrls": {"cardKingdom": "https://mtgjson.com/links/5d1dddb3a4c2c1a9", "tcgplayer": "https://mtgjson.com/links/d0d41d91fbfc06e1"}, "rarity": "uncommon", "setCode": "PDKA", "subtypes": ["Spirit"], "supertypes": [], "text": "Haste\nUndying (When this creature dies, if it had no +1/+1 counters on it, return it to the battlefield under its owner's control with a +1/+1 counter on it.)", "toughness": "1", "type": "Creature — Spirit", "types": ["Creature"], "uuid": "3d45fcd1-1e1f-50cc-9ea9-f254ee0096f1"}], "code": "PDKA", "isFoilOnly": false, "isOnlineOnly": false, "keyruneCode": "DKA", "languages": ["English"], "name": "Dark Ascension Promos", "parentCode": "DKA", "releaseDate": "2012-01-28", "tokens": [], "totalSetSize": 7, "translations": {}, "type": "promo"}}