{"meta": {"date": "2023-08-19", "version": "5.2.1+20230819"}, "data": {"baseSetSize": 2, "block": "Shadowmoor", "cards": [{"artist": "Scott M. Fischer", "artistIds": ["23b0cf43-3e43-44c6-8329-96446eca5bce"], "availability": ["paper"], "borderColor": "black", "colorIdentity": ["R", "W"], "colors": ["R", "W"], "convertedManaCost": 1.0, "edhrecRank": 9561, "finishes": ["foil"], "foreignData": [], "frameVersion": "2003", "hasFoil": true, "hasNonFoil": false, "identifiers": {"cardKingdomFoilId": "125583", "cardsphereId": "23884", "mcmId": "19654", "mtgjsonV4Id": "ec2b5d48-eb22-5978-8584-39391f04f31e", "scryfallId": "3b2866a9-9f44-410c-8132-9d9822253332", "scryfallIllustrationId": "ffbf0e5f-d4ed-41a7-b1d5-f53f42cd2dd3", "scryfallOracleId": "cd51cc2d-0d39-4aba-b0ea-70e8118149bc", "tcgplayerProductId": "38287"}, "isPromo": true, "isReprint": true, "isStarter": true, "language": "English", "layout": "normal", "legalities": {"commander": "Legal", "duel": "Legal", "legacy": "Legal", "modern": "Legal", "oathbreaker": "Legal", "penny": "Legal", "predh": "Legal", "vintage": "Legal"}, "manaCost": "{R/W}", "manaValue": 1.0, "name": "Figure of Destiny", "number": "139★", "power": "1", "printings": ["2X2", "DDL", "EVE", "MMA", "PD2", "PEVE", "PRM"], "promoTypes": ["release"], "purchaseUrls": {"cardKingdomFoil": "https://mtgjson.com/links/bb796a0443d80aeb", "tcgplayer": "https://mtgjson.com/links/39680592eda1632c"}, "rarity": "rare", "rulings": [{"date": "2008-08-01", "text": "None of these abilities has a duration. If one of them resolves, it will remain in effect until the game ends, Figure of Destiny leaves the battlefield, or some subsequent effect changes its characteristics, whichever comes first."}, {"date": "2008-08-01", "text": "Figure of Destiny’s abilities overwrite its power, toughness, and creature types. Typically, those abilities are activated in the order they appear on the card. However, if Figure of Destiny is an 8/8 Kithkin Spirit Warrior Avatar with flying and first strike, and you activate its first ability, it will become a 2/2 Kithkin Spirit that still has flying and first strike."}, {"date": "2008-08-01", "text": "You can activate Figure of Destiny’s second and third abilities regardless of what creature types it is. Each of those abilities checks Figure of Destiny’s creature types when that ability resolves. If Figure of Destiny isn’t the appropriate creature type at that time, the ability does nothing."}, {"date": "2008-08-01", "text": "Figure of Destiny’s second ability checks whether it’s a Spirit, and its third ability checks whether it’s a Warrior. It doesn’t matter how it became the appropriate creature type."}, {"date": "2009-10-01", "text": "The effect from the ability overwrites other effects that set power and/or toughness if and only if those effects existed before the ability resolved. It will not overwrite effects that modify power or toughness (whether from a static ability, counters, or a resolved spell or ability), nor will it overwrite effects that set power and toughness which come into existence after the ability resolves. Effects that switch the creature’s power and toughness are always applied after any other power or toughness changing effects, including this one, regardless of the order in which they are created."}], "setCode": "PEVE", "subtypes": ["Kithkin"], "supertypes": [], "text": "{R/W}: Figure of Destiny becomes a Kithkin Spirit with base power and toughness 2/2.\n{R/W}{R/W}{R/W}: If Figure of Destiny is a Spirit, it becomes a Kithkin Spirit Warrior with base power and toughness 4/4.\n{R/W}{R/W}{R/W}{R/W}{R/W}{R/W}: If Figure of Destiny is a Warrior, it becomes a Kithkin Spirit Warrior Avatar with base power and toughness 8/8, flying, and first strike.", "toughness": "1", "type": "Creature — Kithkin", "types": ["Creature"], "uuid": "a3e3b8c1-c2d7-55f2-bb05-ea94cdb90702", "watermark": "set"}, {"artist": "Zoltan Boros & Gabor Szikszai", "artistIds": ["1885e6cb-c827-4896-994e-3d0a027d602f", "44c3877f-8771-43dc-9e40-f4c765f59d2e"], "availability": ["paper"], "borderColor": "black", "colorIdentity": ["G", "U"], "colors": ["G", "U"], "convertedManaCost": 5.0, "edhrecRank": 11073, "edhrecSaltiness": 0.11, "finishes": ["foil"], "flavorText": "\"She walks among us unseen, learning from our imperfections.\"\n—*The Seer's Parables*", "foreignData": [], "frameVersion": "2003", "hasFoil": true, "hasNonFoil": false, "identifiers": {"cardKingdomFoilId": "125576", "cardsphereId": "37379", "mcmId": "19643", "mtgjsonV4Id": "b17f127f-bfc0-55c2-9645-7f5f645a340e", "scryfallId": "8d0972df-08da-4b4d-8139-09a0f5b7d170", "scryfallIllustrationId": "843d2384-c19e-4757-b59f-c2a7b50f5d74", "scryfallOracleId": "5391f601-b778-413f-a31f-9f8b23b40f5c", "tcgplayerProductId": "38392"}, "isPromo": true, "isReprint": true, "isStarter": true, "language": "English", "layout": "normal", "legalities": {"commander": "Legal", "duel": "Legal", "legacy": "Legal", "modern": "Legal", "oathbreaker": "Legal", "penny": "Legal", "predh": "Legal", "vintage": "Legal"}, "manaCost": "{G/U}{G/U}{G/U}{G/U}{G/U}", "manaValue": 5.0, "name": "Overbeing of Myth", "number": "157★", "originalReleaseDate": "2008-07-12", "power": "*", "printings": ["EVE", "PEVE", "PRM"], "promoTypes": ["datestamped", "prerelease"], "purchaseUrls": {"cardKingdomFoil": "https://mtgjson.com/links/1503c9ab9565552a", "tcgplayer": "https://mtgjson.com/links/acfde388ef48afd3"}, "rarity": "rare", "setCode": "PEVE", "subtypes": ["Spirit", "Avatar"], "supertypes": [], "text": "Overbeing of Myth's power and toughness are each equal to the number of cards in your hand.\nAt the beginning of your draw step, draw an additional card.", "toughness": "*", "type": "Creature — Spirit Avatar", "types": ["Creature"], "uuid": "f6f1ca45-1c46-534e-83c9-28298a97f38f", "watermark": "set"}], "code": "PEVE", "isFoilOnly": true, "isOnlineOnly": false, "keyruneCode": "EVE", "languages": ["English"], "name": "Eventide Promos", "parentCode": "EVE", "releaseDate": "2008-07-25", "tokens": [], "totalSetSize": 2, "translations": {}, "type": "promo"}}