{"meta": {"date": "2023-08-19", "version": "5.2.1+20230819"}, "data": {"baseSetSize": 2, "block": "Time Spiral", "cards": [{"artist": "Richard Kane Ferguson", "artistIds": ["191620ed-2361-444e-96a6-1fe7ce32ef3b"], "availability": ["paper"], "borderColor": "black", "colorIdentity": ["B"], "colors": ["B"], "convertedManaCost": 4.0, "edhrecRank": 12052, "edhrecSaltiness": 0.11, "finishes": ["foil"], "foreignData": [], "frameVersion": "future", "hasFoil": true, "hasNonFoil": false, "identifiers": {"cardKingdomFoilId": "122702", "cardsphereId": "37294", "mcmId": "17727", "mtgjsonV4Id": "221db0ca-3db0-533f-b2cb-6b6ff0c7904b", "scryfallId": "92d07c87-4f7e-48a4-949a-087dd391d1d4", "scryfallIllustrationId": "a7e6eec0-1428-4a37-a7aa-5dccd0dc8fc2", "scryfallOracleId": "09f99b5a-66cf-4178-ae64-29f2004fe899", "tcgplayerProductId": "38386"}, "isPromo": true, "isReprint": true, "isStarter": true, "isTimeshifted": true, "keywords": ["Grandeur"], "language": "English", "layout": "normal", "leadershipSkills": {"brawl": false, "commander": true, "oathbreaker": false}, "legalities": {"commander": "Legal", "duel": "Legal", "legacy": "Legal", "modern": "Legal", "oathbreaker": "Legal", "penny": "Legal", "predh": "Legal", "vintage": "Legal"}, "manaCost": "{2}{B}{B}", "manaValue": 4.0, "name": "Korlash, Heir to Blackblade", "number": "87★", "originalReleaseDate": "2007-04-21", "power": "*", "printings": ["FUT", "PFUT", "PLIST", "PRM"], "promoTypes": ["datestamped", "prerelease"], "purchaseUrls": {"cardKingdomFoil": "https://mtgjson.com/links/e422ac70b2beb2be", "tcgplayer": "https://mtgjson.com/links/8dde9915971b2d2f"}, "rarity": "rare", "setCode": "PFUT", "subtypes": ["Zombie", "Warrior"], "supertypes": ["Legendary"], "text": "Korlash, Heir to Blackblade's power and toughness are each equal to the number of Swamps you control.\n{1}{B}: Regenerate Korlash.\nGrandeur — Discard another card named Korlash, Heir to Blackblade: Search your library for up to two Swamp cards, put them onto the battlefield tapped, then shuffle.", "toughness": "*", "type": "Legendary Creature — Zombie Warrior", "types": ["Creature"], "uuid": "d5e72da9-e804-59a8-a9d4-9f5f2756b315", "watermark": "set"}, {"artist": "Lucio Parrillo", "artistIds": ["1b452d3f-5c32-46dc-adc3-83eba53052d5"], "availability": ["paper"], "borderColor": "black", "colorIdentity": ["R"], "colors": ["R"], "convertedManaCost": 2.0, "edhrecRank": 17686, "edhrecSaltiness": 0.26, "finishes": ["foil"], "flavorText": "Dweldian magi don't enter the Realm of Thrones when they die. Instead their souls are drawn to great works of magic.", "foreignData": [], "frameVersion": "future", "hasFoil": true, "hasNonFoil": false, "identifiers": {"cardKingdomFoilId": "126626", "cardsphereId": "23910", "mcmId": "17740", "mtgjsonV4Id": "826f36d8-57fc-582f-851e-3418c997d150", "scryfallId": "dfd3d187-f894-4550-a444-fc29371f18b7", "scryfallIllustrationId": "c6bf43fd-aa4f-437d-bdf7-41e6a95608a7", "scryfallOracleId": "6c3b9136-5e4b-4bb5-bef5-17887d7211dd", "tcgplayerProductId": "38424"}, "isPromo": true, "isReprint": true, "isStarter": true, "isTimeshifted": true, "keywords": ["Haste"], "language": "English", "layout": "normal", "legalities": {"commander": "Legal", "duel": "Legal", "legacy": "Legal", "modern": "Legal", "oathbreaker": "Legal", "paupercommander": "Restricted", "penny": "Legal", "predh": "Legal", "vintage": "Legal"}, "manaCost": "{1}{R}", "manaValue": 2.0, "name": "Storm Entity", "number": "122★", "power": "1", "printings": ["DMR", "FUT", "PFUT", "PLIST", "PRM", "TSR"], "promoTypes": ["release"], "purchaseUrls": {"cardKingdomFoil": "https://mtgjson.com/links/776f826cd3ed5f92", "tcgplayer": "https://mtgjson.com/links/4e1752fe6ee38a83"}, "rarity": "rare", "rulings": [{"date": "2022-12-08", "text": "The number of other spells cast this turn is determined as Storm Entity enters the battlefield. It will count spells that were cast while Storm Entity was on the stack. It will not count copies of spells that were created directly on the stack."}], "setCode": "PFUT", "subtypes": ["Elemental"], "supertypes": [], "text": "Haste\nStorm Entity enters the battlefield with a +1/+1 counter on it for each other spell cast this turn.", "toughness": "1", "type": "Creature — Elemental", "types": ["Creature"], "uuid": "9fc7b1e9-5216-51ce-9e6d-f4359ccfae7e", "watermark": "set"}], "code": "PFUT", "isFoilOnly": true, "isOnlineOnly": false, "keyruneCode": "FUT", "languages": ["English"], "name": "Future Sight Promos", "parentCode": "FUT", "releaseDate": "2007-05-04", "tokens": [], "totalSetSize": 2, "translations": {}, "type": "promo"}}