{"meta": {"date": "2023-08-19", "version": "5.2.1+20230819"}, "data": {"baseSetSize": 3, "block": "Heroes of the Realm", "cards": [{"artist": "Zoltan Boros", "artistIds": ["1885e6cb-c827-4896-994e-3d0a027d602f"], "availability": ["paper"], "borderColor": "black", "colorIdentity": ["R"], "colors": ["R"], "convertedManaCost": 6.0, "finishes": ["nonfoil"], "flavorText": "To succeed, the wizards made a deal with devils.", "foreignData": [], "frameVersion": "2015", "hasFoil": false, "hasNonFoil": true, "identifiers": {"mcmId": "372083", "mtgjsonV4Id": "adec0732-ab11-55e8-ac8a-8f274939ed4d", "scryfallId": "8007e300-d16c-4257-9a93-4c82750414fe", "scryfallIllustrationId": "6447bab4-02d5-4f48-9afe-9af5f82d6321", "scryfallOracleId": "255bd94e-119e-4fc2-ad3b-8b74762ed3f6", "tcgplayerProductId": "205954"}, "isFunny": true, "isStarter": true, "keywords": ["Split second"], "language": "English", "layout": "normal", "legalities": {}, "manaCost": "{2}{R}{R}{R}{R}", "manaValue": 6.0, "name": "Diabolical Salvation", "number": "1", "printings": ["PH17"], "purchaseUrls": {"tcgplayer": "https://mtgjson.com/links/d17245673d183c41"}, "rarity": "mythic", "securityStamp": "oval", "setCode": "PH17", "subtypes": [], "supertypes": [], "text": "Split second\nCreate four 4/4 red Devil creature tokens with haste and \"When this creature dies, create a colorless Treasure artifact token with '{T}, Sacrifice this artifact: Add one mana of any color.'\" Sacrifice the Devil tokens at the beginning of the next end step.", "type": "Instant", "types": ["Instant"], "uuid": "2dd8ed2e-8039-55d3-ae1e-f8eec18665ef"}, {"artist": "Filip Burburan", "artistIds": ["66082c3b-a623-4d34-be51-2475214b85d3"], "availability": ["paper"], "borderColor": "black", "colorIdentity": ["R", "U"], "colors": ["R", "U"], "convertedManaCost": 5.0, "finishes": ["nonfoil"], "foreignData": [], "frameVersion": "2015", "hasFoil": false, "hasNonFoil": true, "identifiers": {"mcmId": "372082", "mtgjsonV4Id": "e07b2f5a-e542-527a-b4da-bc4c644a1885", "scryfallId": "b47e59bb-8d47-46a7-8ce5-b2060b4e3c19", "scryfallIllustrationId": "2b47250f-cc27-484c-9c4b-d94b6e1a0e2a", "scryfallOracleId": "bbc6c518-40f7-4010-a6fe-c4a73ed80305", "tcgplayerProductId": "205955"}, "isFunny": true, "isStarter": true, "keywords": ["Scry"], "language": "English", "layout": "normal", "leadershipSkills": {"brawl": false, "commander": false, "oathbreaker": true}, "legalities": {}, "loyalty": "4", "manaCost": "{1}{2/U}{2/R}", "manaValue": 5.0, "name": "Inzerva, Master of Insights", "number": "2", "printings": ["PH17"], "purchaseUrls": {"tcgplayer": "https://mtgjson.com/links/6c58ab1645191ec1"}, "rarity": "mythic", "securityStamp": "oval", "setCode": "PH17", "subtypes": ["Inzerva"], "supertypes": ["Legendary"], "text": "[+2]: Draw two cards, then discard a card.\n[−2]: Look at the top two cards of each other player's library, then put any number of them on the bottom of that library and the rest on top in any order. Scry 2.\n[−4]: You get an emblem with \"Your opponents play with their hands revealed\" and \"Whenever an opponent draws a card, this emblem deals 1 damage to them.\"", "type": "Legendary Planeswalker — Inzerva", "types": ["Planeswalker"], "uuid": "727a1003-c9e0-5361-896a-0dab24a675a9"}, {"artist": "Johann Bodin", "artistIds": ["d92e2dd9-9ef6-43f6-81f8-df87f9066983"], "availability": ["mtgo", "paper"], "borderColor": "black", "colorIdentity": ["B", "G", "U"], "colors": ["B", "G", "U"], "convertedManaCost": 3.0, "finishes": ["nonfoil"], "flavorText": "Those with vision always have a path.", "foreignData": [], "frameEffects": ["legendary"], "frameVersion": "2015", "hasFoil": false, "hasNonFoil": true, "identifiers": {"mcmId": "367717", "mtgjsonV4Id": "f73e3528-da07-5cc1-833e-5fda1738106f", "scryfallId": "3e6a0359-f4da-442f-a130-08d278ec2fec", "scryfallIllustrationId": "c55913c6-850d-4e0d-9296-e52758a83b8c", "scryfallOracleId": "8579ff4f-6e23-47dd-bae6-06e827644b20", "tcgplayerProductId": "205956"}, "isFunny": true, "isStarter": true, "keywords": ["Convert", "Eminence"], "language": "English", "layout": "normal", "leadershipSkills": {"brawl": false, "commander": true, "oathbreaker": false}, "legalities": {}, "manaCost": "{B}{U}{G}", "manaValue": 3.0, "name": "M'Odo, the Gnarled Oracle", "number": "3", "power": "0", "printings": ["PH17"], "purchaseUrls": {"tcgplayer": "https://mtgjson.com/links/4c47829b46eaa5f2"}, "rarity": "mythic", "securityStamp": "oval", "setCode": "PH17", "subtypes": ["Zombie", "Elf", "Wizard"], "supertypes": ["Legendary"], "text": "Eminence — {X}, Discard a card: Target player reveals cards from the top of their library until they reveal a creature card with converted mana cost X or less. Put that card onto the battlefield under your control, then that player shuffles the rest into their library. Activate this ability only if M'Odo, the Gnarled Oracle is on the battlefield or in the command zone.", "toughness": "3", "type": "Legendary Creature — Zombie Elf Wizard", "types": ["Creature"], "uuid": "8a537c66-a655-5fef-a446-4d19f9d98ae8"}], "code": "PH17", "isFoilOnly": false, "isNonFoilOnly": true, "isOnlineOnly": false, "keyruneCode": "PMEI", "languages": ["English"], "name": "2017 Heroes of the Realm", "releaseDate": "2018-08-01", "tokens": [], "totalSetSize": 3, "translations": {}, "type": "funny"}}