{"meta": {"date": "2023-08-19", "version": "5.2.1+20230819"}, "data": {"baseSetSize": 5, "cards": [{"artist": "Rob Alexander", "artistIds": ["35906871-6c78-4ab2-9ed1-e6792c8efb74"], "availability": ["paper"], "borderColor": "black", "colorIdentity": [], "colors": [], "convertedManaCost": 0.0, "edhrecRank": 8324, "edhrecSaltiness": 0.15, "finishes": ["nonfoil"], "foreignData": [], "frameVersion": "1993", "hasFoil": false, "hasNonFoil": true, "identifiers": {"cardKingdomId": "117183", "cardsphereId": "7367", "mcmId": "15173", "mtgjsonV4Id": "77db826d-dc95-5337-9822-825f2b5ec906", "multiverseId": "97042", "scryfallId": "2f989fda-2e54-427c-9154-4820c48abb02", "scryfallIllustrationId": "5de809a1-34f1-44ef-856d-dc2fa1db6b98", "scryfallOracleId": "12326d23-1fb5-4084-a23a-d6e2c90ea36c", "tcgplayerProductId": "21465"}, "isPromo": true, "isStarter": true, "keywords": ["Fight"], "language": "English", "layout": "normal", "legalities": {"commander": "Legal", "duel": "Legal", "legacy": "Legal", "modern": "Legal", "oathbreaker": "Legal", "oldschool": "Legal", "predh": "Legal", "vintage": "Legal"}, "manaValue": 0.0, "name": "Arena", "number": "1", "originalText": "o3,oc\nT: Choose one of your creatures and have your opponent choose one of his or her creatures. Both target creatures become tapped. Your creature does its power in damage to your opponent's creature, and your opponent's creature does its power in damage to yours.", "originalType": "Land", "printings": ["PHPR", "PRM", "TSB"], "promoTypes": ["mediainsert"], "purchaseUrls": {"cardKingdom": "https://mtgjson.com/links/dd92f20296a884f4", "tcgplayer": "https://mtgjson.com/links/0370e545aeb9b8bc"}, "rarity": "rare", "rulings": [{"date": "2004-10-04", "text": "The power of the creatures when the effect resolves is used to determine how much damage is done."}, {"date": "2004-10-04", "text": "In multiplayer games, you can choose a different opposing player each time it the ability is activated."}, {"date": "2004-10-04", "text": "Either or both creatures can be tapped prior to using the ability and it still works."}, {"date": "2006-09-25", "text": "If either target is illegal at the time the ability resolves (whether because it has left the battlefield, because it has gained Shroud or Protection, or for any other reason), the ability taps the remaining target, but no damage is dealt. If both targets are illegal, the ability doesn’t resolve."}], "setCode": "PHPR", "subtypes": [], "supertypes": [], "text": "{3}, {T}: Tap target creature you control and target creature of an opponent's choice they control. Those creatures fight each other. (Each deals damage equal to its power to the other.)", "type": "Land", "types": ["Land"], "uuid": "886fae5b-1461-5a3d-8030-080d6254bcc7"}, {"artist": "Melissa A. Benson", "artistIds": ["9ade7727-1436-4828-9a1d-487c3d2ad1d9"], "availability": ["paper"], "borderColor": "black", "colorIdentity": ["B"], "colors": ["B"], "convertedManaCost": 4.0, "edhrecRank": 22507, "edhrecSaltiness": 0.07, "finishes": ["nonfoil"], "foreignData": [], "frameVersion": "1993", "hasFoil": false, "hasNonFoil": true, "identifiers": {"cardKingdomId": "117182", "cardsphereId": "7373", "mcmId": "15174", "mtgjsonV4Id": "fe379444-437b-5cb7-865a-f331fde2898a", "multiverseId": "97054", "scryfallId": "b0da11d4-3603-4f59-8f61-7204bf04e165", "scryfallIllustrationId": "e1a20f03-5165-48b3-a7e0-a3496175a871", "scryfallOracleId": "2482f98a-eadf-450d-9e73-fc441b572862", "tcgplayerProductId": "21469"}, "isPromo": true, "isStarter": true, "language": "English", "layout": "normal", "legalities": {"commander": "Legal", "duel": "Legal", "legacy": "Legal", "oathbreaker": "Legal", "oldschool": "Legal", "predh": "Legal", "vintage": "Legal"}, "manaCost": "{2}{B}{B}", "manaValue": 4.0, "name": "Sewers of Estark", "number": "2", "originalText": "Choose one Target attacking creature is unblockable this turn; or prevent all combat damage that would be dealt by target blocking creature and all creatures it's blocking this turn.", "originalType": "Instant", "printings": ["PHPR", "PRM"], "promoTypes": ["mediainsert"], "purchaseUrls": {"cardKingdom": "https://mtgjson.com/links/f29da4b9c464ad60", "tcgplayer": "https://mtgjson.com/links/e0f0709befa2b634"}, "rarity": "rare", "rulings": [{"date": "2008-08-01", "text": "This spell can target any creature. The check for whether that creature is attacking or blocking made on resolution, and it will have the appropriate effect at that time."}, {"date": "2008-08-01", "text": "If the creature is neither an attacking creature nor a blocking creature at the time the spell resolves, it will have no effect."}], "setCode": "PHPR", "subtypes": [], "supertypes": [], "text": "Choose target creature. If it's attacking, it can't be blocked this turn. If it's blocking, prevent all combat damage that would be dealt this combat by it and each creature it's blocking.", "type": "Instant", "types": ["Instant"], "uuid": "603c9df1-a386-56e2-bbba-4428eca17561"}, {"artist": "Anson Maddocks", "artistIds": ["634430a7-b5c3-4e4a-b2ac-164e084e47c9"], "availability": ["paper"], "borderColor": "black", "colorIdentity": ["R"], "colors": ["R"], "convertedManaCost": 3.0, "edhrecRank": 23387, "finishes": ["nonfoil"], "flavorText": "Loyal and passionate in battle, the Windseeker tribe roams the Green Lands near the Honeyed Sea.", "foreignData": [], "frameVersion": "1993", "hasFoil": false, "hasNonFoil": true, "identifiers": {"cardKingdomId": "117181", "cardsphereId": "7379", "mcmId": "15175", "mtgjsonV4Id": "ba46218a-e5c7-520f-bb8a-f7e48817e2de", "multiverseId": "97057", "scryfallId": "e105e6c0-2d75-4ebe-beca-e7b4101f87f6", "scryfallIllustrationId": "1a2f2912-073e-4293-b796-7ac3dbdd168c", "scryfallOracleId": "b3d40cf7-a529-4bd0-8df7-231630a49bb8", "tcgplayerProductId": "21470"}, "isPromo": true, "isStarter": true, "keywords": ["Vigilance"], "language": "English", "layout": "normal", "legalities": {"commander": "Legal", "duel": "Legal", "legacy": "Legal", "oathbreaker": "Legal", "penny": "Legal", "predh": "Legal", "vintage": "Legal"}, "manaCost": "{1}{R}{R}", "manaValue": 3.0, "name": "Windseeker Centaur", "number": "3", "originalReleaseDate": "1995-01-01", "originalText": "Attacking does not cause Windseeker Centaur to tap.", "originalType": "Creature - Centaur", "power": "2", "printings": ["PHPR", "PRM"], "promoTypes": ["mediainsert"], "purchaseUrls": {"cardKingdom": "https://mtgjson.com/links/3bf1e6aee9b7d709", "tcgplayer": "https://mtgjson.com/links/95a86d7f0fa88ef4"}, "rarity": "rare", "setCode": "PHPR", "subtypes": ["Centaur"], "supertypes": [], "text": "Vigilance", "toughness": "2", "type": "Creature — Centaur", "types": ["Creature"], "uuid": "4e12227a-3f64-5aee-afe9-747bd566b4a6"}, {"artist": "Liz Danforth", "artistIds": ["5a5ee217-9d28-419a-b92a-a2376c7d18b3"], "availability": ["paper"], "borderColor": "black", "colorIdentity": ["G"], "colors": ["G"], "convertedManaCost": 3.0, "edhrecRank": 23480, "finishes": ["nonfoil"], "flavorText": "The wizard Greensleeves called a Giant Badger to her aid in an battle with the desert mage Karli.", "foreignData": [], "frameVersion": "1993", "hasFoil": false, "hasNonFoil": true, "identifiers": {"cardKingdomId": "122336", "cardsphereId": "7368", "mcmId": "15176", "mtgjsonV4Id": "59bf0a66-7a1c-563c-a65e-cb4ba4876c89", "multiverseId": "97045", "scryfallId": "6b1ac9c5-5f9f-445e-8e4b-b53ed9984958", "scryfallIllustrationId": "44d6f3a6-607b-4954-a31a-e793e700aeef", "scryfallOracleId": "a4109138-5d69-4510-a228-7c1f88c0c8c0", "tcgplayerProductId": "21466"}, "isPromo": true, "isStarter": true, "language": "English", "layout": "normal", "legalities": {"commander": "Legal", "duel": "Legal", "legacy": "Legal", "modern": "Legal", "oathbreaker": "Legal", "pauper": "Legal", "paupercommander": "Legal", "penny": "Legal", "predh": "Legal", "vintage": "Legal"}, "manaCost": "{1}{G}{G}", "manaValue": 3.0, "name": "Giant Badger", "number": "4", "originalReleaseDate": "1995-02-01", "originalText": "If assigned as a blocker, Giant Badger gets +2/+2 until end of turn.", "originalType": "Summon - Badger", "power": "2", "printings": ["8ED", "PHPR", "PRM"], "promoTypes": ["mediainsert"], "purchaseUrls": {"cardKingdom": "https://mtgjson.com/links/062fa633493101f8", "tcgplayer": "https://mtgjson.com/links/f83084d7e732f617"}, "rarity": "rare", "setCode": "PHPR", "subtypes": ["Badger"], "supertypes": [], "text": "Whenever Giant Badger blocks, it gets +2/+2 until end of turn.", "toughness": "2", "type": "Creature — Badger", "types": ["Creature"], "uuid": "bf17053e-4e42-5ed2-8d44-6e7f4c79763d"}, {"artist": "Mark Tedin", "artistIds": ["9ee9a9cc-c09e-486f-918b-69f80cbc4188"], "availability": ["paper"], "borderColor": "black", "colorIdentity": [], "colors": [], "convertedManaCost": 0.0, "edhrecRank": 44, "edhrecSaltiness": 1.66, "finishes": ["nonfoil"], "foreignData": [], "frameVersion": "1993", "hasFoil": false, "hasNonFoil": true, "identifiers": {"cardKingdomId": "110667", "cardsphereId": "7370", "mcmId": "15177", "mtgjsonV4Id": "6e65bb54-32a6-5acf-bdac-4014468326f7", "multiverseId": "97048", "scryfallId": "160cf235-6463-4e16-a426-8b5be76b10d2", "scryfallIllustrationId": "95eb9674-6484-4ddd-a923-2d10abf91061", "scryfallOracleId": "2c63e4e1-89d2-4bc6-a232-94e75c4b1c8a", "tcgplayerProductId": "21467"}, "isPromo": true, "isStarter": true, "language": "English", "layout": "normal", "legalities": {"commander": "Legal", "duel": "Banned", "legacy": "Banned", "oathbreaker": "Banned", "predh": "Legal", "vintage": "Restricted"}, "manaCost": "{0}", "manaValue": 0.0, "name": "Mana Crypt", "number": "5", "originalReleaseDate": "1995-04-01", "originalText": "During your upkeep, flip a coin. Opponent calls heads or tails while coin is in the air. If flip ends up in opponent's favor, Mana Crypt deals 3 damage to you.\noc\nT: Add two colorless mana to your mana pool. Play this ability as an interrupt.", "originalType": "Artifact", "printings": ["2XM", "EMA", "G11", "MB1", "ME2", "MPS", "PHPR", "PRM", "VMA"], "promoTypes": ["mediainsert"], "purchaseUrls": {"cardKingdom": "https://mtgjson.com/links/24f0914038b38ffc", "tcgplayer": "https://mtgjson.com/links/6676641da9613245"}, "rarity": "rare", "rulings": [{"date": "2020-08-07", "text": "No player may choose to take actions between determining the result of the flip and damage being dealt if you lost the flip."}], "setCode": "PHPR", "subtypes": [], "supertypes": [], "text": "At the beginning of your upkeep, flip a coin. If you lose the flip, Mana Crypt deals 3 damage to you.\n{T}: Add {C}{C}.", "type": "Artifact", "types": ["Artifact"], "uuid": "4bfcac0c-4b5f-5821-a126-8dfba5d2d384"}], "code": "PHPR", "isFoilOnly": false, "isNonFoilOnly": true, "isOnlineOnly": false, "keyruneCode": "PBOOK", "languages": ["English"], "name": "HarperPrism Book Promos", "releaseDate": "1994-09-01", "tokens": [], "totalSetSize": 5, "translations": {}, "type": "promo"}}