{"meta": {"date": "2023-08-19", "version": "5.2.1+20230819"}, "data": {"baseSetSize": 5, "block": "Innistrad", "cards": [{"artist": "Igor Kieryluk", "artistIds": ["9c3e9d17-509f-485c-9360-46d897ce716b"], "availability": ["paper"], "borderColor": "black", "colorIdentity": ["W"], "colors": ["W"], "convertedManaCost": 2.0, "edhrecRank": 13264, "edhrecSaltiness": 0.15, "finishes": ["foil"], "foreignData": [], "frameVersion": "2003", "hasFoil": true, "hasNonFoil": false, "identifiers": {"cardKingdomFoilId": "186228", "cardsphereId": "18915", "mcmId": "251815", "mtgjsonV4Id": "11057a60-61ae-54cc-bea3-250765fbdef4", "scryfallId": "98f687bb-157c-4e98-b39b-2dce7f145fa5", "scryfallIllustrationId": "d252f890-2407-47e5-91d2-3bf2187bccc7", "scryfallOracleId": "4f7e865b-6ab0-4361-b864-63c38cdb2fed", "tcgplayerProductId": "57643"}, "isFullArt": true, "isPromo": true, "isReprint": true, "isStarter": true, "keywords": ["First strike", "Protection", "Vigilance"], "language": "English", "layout": "normal", "legalities": {"commander": "Legal", "duel": "Legal", "legacy": "Legal", "modern": "Legal", "oathbreaker": "Legal", "penny": "Legal", "vintage": "Legal"}, "manaCost": "{W}{W}", "manaValue": 2.0, "name": "Elite Inquisitor", "number": "13", "power": "2", "printings": ["ISD", "PISD", "PRM"], "promoTypes": ["setpromo", "gameday"], "purchaseUrls": {"cardKingdomFoil": "https://mtgjson.com/links/744a29b25358fcae", "tcgplayer": "https://mtgjson.com/links/c8a7160c344eb4f9"}, "rarity": "rare", "setCode": "PISD", "subtypes": ["Human", "Soldier"], "supertypes": [], "text": "First strike, vigilance\nProtection from Vampires, from Werewolves, and from Zombies", "toughness": "2", "type": "Creature — Human Soldier", "types": ["Creature"], "uuid": "538bf42d-8634-5a8f-86a8-fc41b01d5d14"}, {"artist": "Karl Kopinski", "artistIds": ["0fad2c48-a56e-4a0b-b512-224f6f238f20"], "availability": ["paper"], "borderColor": "black", "colorIdentity": ["U"], "colors": ["U"], "convertedManaCost": 2.0, "edhrecRank": 11707, "faceConvertedManaCost": 2.0, "faceManaValue": 2.0, "faceName": "Ludevic's Test Subject", "finishes": ["foil"], "foreignData": [], "frameEffects": ["sunmoondfc"], "frameVersion": "2003", "hasFoil": true, "hasNonFoil": false, "identifiers": {"cardKingdomFoilId": "186231", "cardsphereId": "23895", "mcmId": "251070", "mtgjsonV4Id": "e8063765-9f6f-5ba0-8b6d-3859e93d9e04", "scryfallId": "340b660c-9aa1-4bd2-8c6f-d9af7fee5f4a", "scryfallIllustrationId": "fc8c86a6-2c92-48e8-9382-f6dda3e46092", "scryfallOracleId": "53175678-1f5c-4889-9086-66381b3ddc3a", "tcgplayerProductId": "57075"}, "isPromo": true, "isReprint": true, "isStarter": true, "keywords": ["Defender", "Transform"], "language": "English", "layout": "transform", "legalities": {"commander": "Legal", "duel": "Legal", "legacy": "Legal", "modern": "Legal", "oathbreaker": "Legal", "penny": "Legal", "vintage": "Legal"}, "manaCost": "{1}{U}", "manaValue": 2.0, "name": "Ludevic's Test Subject // Ludevic's Abomination", "number": "64★", "otherFaceIds": ["043166c2-fedf-5231-aadb-c7a515241de9"], "power": "0", "printings": ["ISD", "PISD", "PRM"], "promoTypes": ["setpromo", "release"], "purchaseUrls": {"cardKingdomFoil": "https://mtgjson.com/links/fab6054fac3031ed", "tcgplayer": "https://mtgjson.com/links/3b9fa1aa216b0706"}, "rarity": "rare", "rulings": [{"date": "2016-07-13", "text": "For more information on double-faced cards, see the Shadows over Innistrad mechanics article (http://magic.wizards.com/en/articles/archive/feature/shadows-over-innistrad-mechanics)."}], "setCode": "PISD", "side": "a", "subtypes": ["Lizard", "Egg"], "supertypes": [], "text": "Defender\n{1}{U}: Put a hatchling counter on Ludevic's Test Subject. Then if there are five or more hatchling counters on it, remove all of them and transform it.", "toughness": "3", "type": "Creature — Lizard Egg", "types": ["Creature"], "uuid": "cc39ea31-e1db-5f7b-9201-b3b300121bde", "watermark": "set"}, {"artist": "Karl Kopinski", "artistIds": ["0fad2c48-a56e-4a0b-b512-224f6f238f20"], "availability": ["paper"], "borderColor": "black", "colorIdentity": ["U"], "colorIndicator": ["U"], "colors": ["U"], "convertedManaCost": 2.0, "edhrecRank": 11707, "faceConvertedManaCost": 0.0, "faceManaValue": 0.0, "faceName": "Ludevic's Abomination", "finishes": ["foil"], "flavorText": "After several frustrating experiments, the visionary Ludevic realized he needed to create a monster that fed on torch-wielding mobs.", "foreignData": [], "frameEffects": ["sunmoondfc"], "frameVersion": "2003", "hasFoil": true, "hasNonFoil": false, "identifiers": {"cardsphereId": "23895", "mcmId": "251070", "mtgjsonV4Id": "2b762af9-ce1d-558f-87e2-6dcc8d36dc2c", "scryfallId": "340b660c-9aa1-4bd2-8c6f-d9af7fee5f4a", "scryfallIllustrationId": "bb605fb8-edf5-4737-9867-81aeec115d6b", "scryfallOracleId": "53175678-1f5c-4889-9086-66381b3ddc3a", "tcgplayerProductId": "57075"}, "isPromo": true, "isReprint": true, "isStarter": true, "keywords": ["Trample"], "language": "English", "layout": "transform", "legalities": {"commander": "Legal", "duel": "Legal", "legacy": "Legal", "modern": "Legal", "oathbreaker": "Legal", "penny": "Legal", "vintage": "Legal"}, "manaValue": 2.0, "name": "Ludevic's Test Subject // Ludevic's Abomination", "number": "64★", "otherFaceIds": ["cc39ea31-e1db-5f7b-9201-b3b300121bde"], "power": "13", "printings": ["ISD", "PISD", "PRM"], "promoTypes": ["setpromo", "release"], "purchaseUrls": {"tcgplayer": "https://mtgjson.com/links/a35e1b185990a83a"}, "rarity": "rare", "rulings": [{"date": "2016-07-13", "text": "For more information on double-faced cards, see the Shadows over Innistrad mechanics article (http://magic.wizards.com/en/articles/archive/feature/shadows-over-innistrad-mechanics)."}], "setCode": "PISD", "side": "b", "subtypes": ["Lizard", "Horror"], "supertypes": [], "text": "Trample", "toughness": "13", "type": "Creature — Lizard Horror", "types": ["Creature"], "uuid": "043166c2-fedf-5231-aadb-c7a515241de9", "watermark": "set"}, {"artist": "Austin Hsu", "artistIds": ["c5e439d8-b3db-4c13-ae93-4e129e3b9478"], "availability": ["paper"], "borderColor": "black", "colorIdentity": ["B"], "colors": ["B"], "convertedManaCost": 1.0, "edhrecRank": 13703, "finishes": ["nonfoil"], "foreignData": [], "frameVersion": "2003", "hasFoil": false, "hasNonFoil": true, "identifiers": {"cardKingdomId": "186227", "cardsphereId": "18912", "mcmId": "251816", "mtgjsonV4Id": "8bb95d3c-1567-57e7-94c6-1a448e342509", "scryfallId": "b9cf8ad2-de95-417c-8808-83e60df9c007", "scryfallIllustrationId": "caec34b3-d06f-4988-ac1c-ab51139d92a0", "scryfallOracleId": "6048fc70-0dcc-4b54-977d-16e240225f82", "tcgplayerProductId": "57644"}, "isFullArt": true, "isPromo": true, "isReprint": true, "isStarter": true, "language": "English", "layout": "normal", "legalities": {"commander": "Legal", "duel": "Legal", "explorer": "Legal", "gladiator": "Legal", "historic": "Legal", "historicbrawl": "Legal", "legacy": "Legal", "modern": "Legal", "oathbreaker": "Legal", "paupercommander": "Restricted", "penny": "Legal", "pioneer": "Legal", "vintage": "Legal"}, "manaCost": "{B}", "manaValue": 1.0, "name": "Diregraf Ghoul", "number": "97", "power": "2", "printings": ["DDQ", "ISD", "M19", "PISD", "PRM"], "promoTypes": ["setpromo", "gameday"], "purchaseUrls": {"cardKingdom": "https://mtgjson.com/links/fed1fbf15de9f711", "tcgplayer": "https://mtgjson.com/links/94419f2ad9ed5ad3"}, "rarity": "uncommon", "setCode": "PISD", "subtypes": ["Zombie"], "supertypes": [], "text": "Diregraf Ghoul enters the battlefield tapped.", "toughness": "2", "type": "Creature — Zombie", "types": ["Creature"], "uuid": "2ffa78ab-5d2d-5ff6-b8e7-8544f020b17f"}, {"artist": "Raymond Swanland", "artistIds": ["e956bacc-077d-4c12-b6bc-ba798b718af9"], "availability": ["paper"], "borderColor": "black", "colorIdentity": ["R"], "colors": ["R"], "convertedManaCost": 1.0, "edhrecRank": 6474, "finishes": ["foil"], "flavorText": "A devil's hands are never idle.", "foreignData": [], "frameVersion": "2003", "hasFoil": true, "hasNonFoil": false, "identifiers": {"cardKingdomFoilId": "186226", "cardsphereId": "7727", "mcmId": "251072", "mtgjsonV4Id": "5585260e-1184-55fd-b84e-6a61e578d2c2", "scryfallId": "e6dd2f9e-16c2-4d25-98c4-0017ccd42228", "scryfallIllustrationId": "8ea40371-ce2b-43e5-a735-79a0250ec17b", "scryfallOracleId": "ee9f0b29-8a54-4cb8-8e2c-7bd67c2184ba", "tcgplayerProductId": "57076"}, "isPromo": true, "isReprint": true, "isStarter": true, "keywords": ["Flashback"], "language": "English", "layout": "normal", "legalities": {"commander": "Legal", "duel": "Legal", "gladiator": "Legal", "historic": "Legal", "historicbrawl": "Legal", "legacy": "Legal", "modern": "Legal", "oathbreaker": "Legal", "penny": "Legal", "vintage": "Legal"}, "manaCost": "{X}{R}", "manaValue": 1.0, "name": "Devil's Play", "number": "140", "printings": ["C19", "DDK", "HA3", "ISD", "PISD", "PRM", "SIS"], "promoTypes": ["setpromo", "buyabox"], "purchaseUrls": {"cardKingdomFoil": "https://mtgjson.com/links/605e26d617bdcd1e", "tcgplayer": "https://mtgjson.com/links/81205e871d6154ef"}, "rarity": "rare", "setCode": "PISD", "subtypes": [], "supertypes": [], "text": "Devil's Play deals X damage to any target.\nFlashback {X}{R}{R}{R} (You may cast this card from your graveyard for its flashback cost. Then exile it.)", "type": "Sorcery", "types": ["Sorcery"], "uuid": "12aa3325-3d47-5067-bc60-48b6bd7aa3f8", "watermark": "colorpie"}, {"artist": "Ryan Pancoast", "artistIds": ["89cc9475-dda2-4d13-bf88-54b92867a25c"], "availability": ["paper"], "borderColor": "black", "colorIdentity": ["G"], "colors": ["G"], "convertedManaCost": 2.0, "edhrecRank": 4739, "faceConvertedManaCost": 2.0, "faceManaValue": 2.0, "faceName": "Mayor of Avabruck", "finishes": ["foil"], "flavorText": "He can deny his true nature for only so long.", "foreignData": [], "frameEffects": ["sunmoondfc"], "frameVersion": "2003", "hasFoil": true, "hasNonFoil": false, "identifiers": {"cardKingdomFoilId": "186230", "cardsphereId": "37328", "mcmId": "250791", "mtgjsonV4Id": "31afd841-e110-56f0-8cff-0b73a2abdc47", "scryfallId": "685b0777-b4e1-4c85-ad35-524024cb3a71", "scryfallIllustrationId": "eaa9a74c-c45a-439a-a100-1ac695383b2d", "scryfallOracleId": "6e638587-30b3-4c4b-b463-fb415ea048f7", "tcgplayerProductId": "57074"}, "isPromo": true, "isReprint": true, "isStarter": true, "keywords": ["Transform"], "language": "English", "layout": "transform", "legalities": {"commander": "Legal", "duel": "Legal", "gladiator": "Legal", "historic": "Legal", "historicbrawl": "Legal", "legacy": "Legal", "modern": "Legal", "oathbreaker": "Legal", "penny": "Legal", "vintage": "Legal"}, "manaCost": "{1}{G}", "manaValue": 2.0, "name": "Mayor of Avabruck // Howlpack Alpha", "number": "193★", "otherFaceIds": ["c4c2fb26-28d4-568f-8cc6-fbba89385dd0"], "power": "1", "printings": ["ISD", "PISD", "PRM", "SIS"], "promoTypes": ["setpromo", "prerelease"], "purchaseUrls": {"cardKingdomFoil": "https://mtgjson.com/links/0419fd54e558815e", "tcgplayer": "https://mtgjson.com/links/927974020b5a1cc8"}, "rarity": "rare", "rulings": [{"date": "2011-09-22", "text": "A creature that is both a Werewolf and a Wolf will only get +1/+1 from Howlpack Alpha."}, {"date": "2016-07-13", "text": "For more information on double-faced cards, see the Shadows over Innistrad mechanics article (http://magic.wizards.com/en/articles/archive/feature/shadows-over-innistrad-mechanics)."}], "setCode": "PISD", "side": "a", "subtypes": ["Human", "Advisor", "Werewolf"], "supertypes": [], "text": "Other Human creatures you control get +1/+1.\nAt the beginning of each upkeep, if no spells were cast last turn, transform Mayor of Avabruck.", "toughness": "1", "type": "Creature — Human Advisor Werewolf", "types": ["Creature"], "uuid": "8c12bf70-e73a-5228-8bd0-10b5ba2f405a", "watermark": "set"}, {"artist": "Ryan Pancoast", "artistIds": ["89cc9475-dda2-4d13-bf88-54b92867a25c"], "availability": ["paper"], "borderColor": "black", "colorIdentity": ["G"], "colorIndicator": ["G"], "colors": ["G"], "convertedManaCost": 2.0, "edhrecRank": 4739, "faceConvertedManaCost": 0.0, "faceManaValue": 0.0, "faceName": "Howlpack Alpha", "finishes": ["foil"], "foreignData": [], "frameEffects": ["sunmoondfc"], "frameVersion": "2003", "hasFoil": true, "hasNonFoil": false, "identifiers": {"cardsphereId": "37328", "mcmId": "250791", "mtgjsonV4Id": "d5818d06-a0b4-5a3c-9df7-d0932d47625d", "scryfallId": "685b0777-b4e1-4c85-ad35-524024cb3a71", "scryfallIllustrationId": "f78684e9-21ab-49a8-8706-013acccf9c87", "scryfallOracleId": "6e638587-30b3-4c4b-b463-fb415ea048f7", "tcgplayerProductId": "57074"}, "isPromo": true, "isReprint": true, "isStarter": true, "keywords": ["Transform"], "language": "English", "layout": "transform", "legalities": {"commander": "Legal", "duel": "Legal", "gladiator": "Legal", "historic": "Legal", "historicbrawl": "Legal", "legacy": "Legal", "modern": "Legal", "oathbreaker": "Legal", "penny": "Legal", "vintage": "Legal"}, "manaValue": 2.0, "name": "Mayor of Avabruck // Howlpack Alpha", "number": "193★", "otherFaceIds": ["8c12bf70-e73a-5228-8bd0-10b5ba2f405a"], "power": "3", "printings": ["ISD", "PISD", "PRM", "SIS"], "promoTypes": ["setpromo", "prerelease"], "purchaseUrls": {"tcgplayer": "https://mtgjson.com/links/bb9e8787d4407644"}, "rarity": "rare", "rulings": [{"date": "2011-09-22", "text": "A creature that is both a Werewolf and a Wolf will only get +1/+1 from Howlpack Alpha."}, {"date": "2016-07-13", "text": "For more information on double-faced cards, see the Shadows over Innistrad mechanics article (http://magic.wizards.com/en/articles/archive/feature/shadows-over-innistrad-mechanics)."}], "setCode": "PISD", "side": "b", "subtypes": ["Werewolf"], "supertypes": [], "text": "Each other creature you control that's a Werewolf or a Wolf gets +1/+1.\nAt the beginning of your end step, create a 2/2 green Wolf creature token.\nAt the beginning of each upkeep, if a player cast two or more spells last turn, transform Howlpack Alpha.", "toughness": "3", "type": "Creature — Werewolf", "types": ["Creature"], "uuid": "c4c2fb26-28d4-568f-8cc6-fbba89385dd0", "watermark": "set"}], "code": "PISD", "isFoilOnly": false, "isOnlineOnly": false, "keyruneCode": "ISD", "languages": ["English"], "name": "Innistrad Promos", "parentCode": "ISD", "releaseDate": "2011-09-24", "tokens": [], "totalSetSize": 7, "translations": {}, "type": "promo"}}