{"meta": {"date": "2023-08-19", "version": "5.2.1+20230819"}, "data": {"baseSetSize": 4, "cards": [{"artist": "Rudy Siswanto", "artistIds": ["23f86db1-9103-49bb-83d5-0fda18143921"], "availability": ["paper"], "borderColor": "black", "colorIdentity": ["R"], "colors": ["R"], "convertedManaCost": 6.0, "edhrecRank": 843, "edhrecSaltiness": 0.57, "finishes": ["foil"], "foreignData": [], "frameEffects": ["legendary"], "frameVersion": "2015", "hasFoil": true, "hasNonFoil": false, "identifiers": {"cardKingdomFoilId": "246070", "cardsphereId": "82867", "mcmId": "569217", "mtgjsonV4Id": "167f36ea-4166-5c4e-a225-b18a5644f26c", "scryfallId": "fb04266a-ee41-4db3-99fa-bd8a333f1a61", "scryfallIllustrationId": "c71abc36-e1d9-4821-972c-a6c7f864185c", "scryfallOracleId": "6288c0cb-cf32-4ae9-abf0-104ec71654fa", "tcgplayerProductId": "239282"}, "isPromo": true, "isReprint": true, "isStarter": true, "keywords": ["Landfall"], "language": "English", "layout": "normal", "leadershipSkills": {"brawl": false, "commander": true, "oathbreaker": false}, "legalities": {"commander": "Legal", "duel": "Legal", "explorer": "Legal", "gladiator": "Legal", "historic": "Legal", "historicbrawl": "Legal", "legacy": "Legal", "modern": "Legal", "oathbreaker": "Legal", "pioneer": "Legal", "vintage": "Legal"}, "manaCost": "{4}{R}{R}", "manaValue": 6.0, "name": "Moraug, Fury of Akoum", "number": "1", "originalReleaseDate": "2021-06-21", "power": "6", "printings": ["PL21", "PRM", "PZNR", "ZNR"], "purchaseUrls": {"cardKingdomFoil": "https://mtgjson.com/links/e72154d0a525cb4c", "tcgplayer": "https://mtgjson.com/links/6718b17270ec594c"}, "rarity": "mythic", "rulings": [{"date": "2020-09-25", "text": "Moraug’s first ability checks each turn how many times each creature has attacked. It counts times that creature attacked before Moraug was on the battlefield, and it stops applying if Moraug leaves the battlefield."}, {"date": "2020-09-25", "text": "Moraug’s first ability counts how many times a creature has attacked, not how many times it has dealt damage. The first time a creature attacks in a turn, the +1/+0 bonus will apply to the combat damage it deals during that combat."}, {"date": "2020-09-25", "text": "A creature that enters the battlefield attacking hasn’t attacked that combat. Moraug’s ability won’t count that combat. Unless that creature has haste, it won’t be able to attack in additional combats this turn."}, {"date": "2020-09-25", "text": "If the landfall ability resolves during your precombat main phase, the additional combat phase will happen before your regular combat phase. You’ll untap creatures you control at the beginning of the additional combat but not at the beginning of your regular combat."}, {"date": "2020-09-25", "text": "There won’t be an additional main phase after the additional combat phase. For example, if the landfall ability resolves twice during your postcombat main phase, you’ll get two consecutive additional combat phases after your main phase (untapping your creatures at the beginning of each), followed by your ending phase."}, {"date": "2020-09-25", "text": "A landfall ability triggers whenever a land enters the battlefield under your control for any reason. It triggers whenever you play a land, as well as whenever a spell or ability puts a land onto the battlefield under your control."}, {"date": "2020-09-25", "text": "A landfall ability doesn’t trigger if a permanent already on the battlefield becomes a land."}, {"date": "2020-09-25", "text": "Whenever a land enters the battlefield under your control, each landfall ability of the permanents you control will trigger. You can put them on the stack in any order. The last ability you put on the stack will be the first one to resolve."}], "securityStamp": "oval", "setCode": "PL21", "subtypes": ["Minotaur", "Warrior"], "supertypes": ["Legendary"], "text": "Each creature you control gets +1/+0 for each time it has attacked this turn.\nLandfall — Whenever a land enters the battlefield under your control, if it's your main phase, there's an additional combat phase after this phase. At the beginning of that combat, untap all creatures you control.", "toughness": "6", "type": "Legendary Creature — Minotaur Warrior", "types": ["Creature"], "uuid": "947398a8-d8a4-5826-bb8f-e5f6a64113c5"}, {"artist": "Fiona Hsieh", "artistIds": ["22211c1d-e15e-4db3-9350-e4a9862928bb"], "availability": ["paper"], "borderColor": "black", "colorIdentity": ["B", "R"], "colors": ["R"], "convertedManaCost": 5.0, "edhrecRank": 10664, "edhrecSaltiness": 0.06, "finishes": ["foil"], "foreignData": [], "frameEffects": ["legendary"], "frameVersion": "2015", "hasFoil": true, "hasNonFoil": false, "identifiers": {"cardKingdomFoilId": "241849", "cardsphereId": "74282", "mcmId": "569216", "mtgjsonV4Id": "607a6d03-f492-5db5-8e24-06e99ef2f2b7", "scryfallId": "e075bbdc-822f-4549-bfd5-ce4a2a4354f1", "scryfallIllustrationId": "35c5d1a8-527f-4367-b724-4099fcb4e2dc", "scryfallOracleId": "561c1ce9-41e7-474a-9476-bb9a7d24f0d5", "tcgplayerProductId": "232105"}, "isPromo": true, "isReprint": true, "isStarter": true, "language": "English", "layout": "normal", "leadershipSkills": {"brawl": false, "commander": true, "oathbreaker": false}, "legalities": {"commander": "Legal", "duel": "Legal", "gladiator": "Legal", "historic": "Legal", "historicbrawl": "Legal", "legacy": "Legal", "oathbreaker": "Legal", "vintage": "Legal"}, "manaCost": "{3}{R}{R}", "manaValue": 5.0, "name": "Sethron, Hurloon General", "number": "1★", "power": "4", "printings": ["JMP", "PL21"], "purchaseUrls": {"cardKingdomFoil": "https://mtgjson.com/links/fae36988a7315d10", "tcgplayer": "https://mtgjson.com/links/c3fb4a4b4dc736fb"}, "rarity": "rare", "securityStamp": "oval", "setCode": "PL21", "subtypes": ["Minotaur", "Warrior"], "supertypes": ["Legendary"], "text": "Whenever Sethron, Hurloon General or another nontoken Minotaur enters the battlefield under your control, create a 2/3 red Minotaur creature token.\n{2}{B/R}: Minotaurs you control get +1/+0 and gain menace and haste until end of turn. ({B/R} can be paid with either {B} or {R}.)", "toughness": "4", "type": "Legendary Creature — Minotaur Warrior", "types": ["Creature"], "uuid": "decc16dd-0325-50ae-bd43-07ad43d75753"}, {"artist": "Lie Setiawan", "artistIds": ["6f771d3f-310e-4aa4-841f-5ba4ba9f025a"], "availability": ["paper"], "borderColor": "black", "colorIdentity": ["R"], "colors": ["R"], "convertedManaCost": 5.0, "edhrecRank": 5943, "edhrecSaltiness": 0.06, "finishes": ["foil"], "foreignData": [], "frameVersion": "2015", "hasFoil": true, "hasNonFoil": false, "identifiers": {"cardKingdomFoilId": "246068", "cardsphereId": "82866", "mcmId": "569218", "mtgjsonV4Id": "ddddbe6f-01b4-50b8-bc9e-807407ce7907", "scryfallId": "a4d9c2f4-887d-430f-913e-f4a6780c5ef6", "scryfallIllustrationId": "31e8cf9b-5c11-4c2f-9a77-72f44a24bcce", "scryfallOracleId": "22113051-c971-4108-953b-95356d21323a", "tcgplayerProductId": "239283"}, "isPromo": true, "isReprint": true, "isStarter": true, "keywords": ["Escape"], "language": "English", "layout": "normal", "legalities": {"commander": "Legal", "duel": "Legal", "explorer": "Legal", "gladiator": "Legal", "historic": "Legal", "historicbrawl": "Legal", "legacy": "Legal", "modern": "Legal", "oathbreaker": "Legal", "pioneer": "Legal", "vintage": "Legal"}, "manaCost": "{3}{R}{R}", "manaValue": 5.0, "name": "Ox of Agonas", "number": "2", "originalReleaseDate": "2021-08-09", "power": "4", "printings": ["NEC", "PL21", "PRM", "PTHB", "THB"], "purchaseUrls": {"cardKingdomFoil": "https://mtgjson.com/links/ba0117cbc674702c", "tcgplayer": "https://mtgjson.com/links/fdd9ce9adabd2154"}, "rarity": "mythic", "rulings": [{"date": "2020-01-24", "text": "You draw three cards, even if you discard no cards."}, {"date": "2020-01-24", "text": "Escape's permission doesn't change when you may cast the spell from your graveyard."}, {"date": "2020-01-24", "text": "To determine the total cost of a spell, start with the mana cost or alternative cost you're paying (such as an escape cost), add any cost increases, then apply any cost reductions. The mana value of the spell remains unchanged, no matter what the total cost to cast it was and no matter whether an alternative cost was paid."}, {"date": "2020-01-24", "text": "After an escaped spell resolves, it returns to its owner's graveyard if it's not a permanent spell. If it is a permanent spell, it enters the battlefield and will return to its owner's graveyard if it dies later. Perhaps it will escape again—good underworld security is so hard to come by these days."}, {"date": "2020-01-24", "text": "If a card has multiple abilities giving you permission to cast it, such as two escape abilities or an escape ability and a flashback ability, you choose which one to apply. The others have no effect."}, {"date": "2020-01-24", "text": "If you cast a spell with its escape permission, you can't choose to apply any other alternative costs or to cast it without paying its mana cost. If it has any additional costs, you must pay those."}, {"date": "2020-01-24", "text": "If a card with escape is put into your graveyard during your turn, you'll be able to cast it right away if it's legal to do so, before an opponent can take any actions."}, {"date": "2020-01-24", "text": "Once you begin casting a spell with escape, it immediately moves to the stack. Players can't take any other actions until you're done casting the spell."}], "securityStamp": "oval", "setCode": "PL21", "subtypes": ["Ox"], "supertypes": [], "text": "When Ox of Agonas enters the battlefield, discard your hand, then draw three cards.\nEscape—{R}{R}, Exile eight other cards from your graveyard. (You may cast this card from your graveyard for its escape cost.)\nOx of Agonas escapes with a +1/+1 counter on it.", "toughness": "2", "type": "Creature — Ox", "types": ["Creature"], "uuid": "4650b49b-5ea1-53e4-82e9-8e22464734e3"}, {"artist": "宋其金/Song Qijin", "artistIds": ["67750cc4-846d-40a2-8d1a-e8085544be07"], "availability": ["paper"], "borderColor": "black", "colorIdentity": ["B", "R"], "colors": ["B", "R"], "convertedManaCost": 5.0, "edhrecRank": 5856, "edhrecSaltiness": 0.43, "finishes": ["foil"], "foreignData": [{"language": "Japanese", "name": "炎鎖のアングラス", "text": "+1：各対戦相手はそれぞれ、カード１枚を捨て２点のライフを失う。\n-3：クリーチャー１体を対象とする。ターン終了時まで、それのコントロールを得る。それをアンタップする。ターン終了時まで、それは速攻を得る。それの点数で見たマナ・コストが３以下なら、次の終了ステップの開始時に、それを生け贄に捧げる。\n-8：各対戦相手はそれぞれ、自分の墓地にあるカードの枚数に等しい点数のライフを失う。", "type": "伝説のプレインズウォーカー — アングラス"}], "frameVersion": "2015", "hasFoil": true, "hasNonFoil": false, "identifiers": {"cardKingdomFoilId": "252088", "cardsphereId": "85124", "mcmId": "584329", "mtgjsonV4Id": "4069c8d7-d862-5b20-9f62-eaa13c95414b", "scryfallId": "beab1010-3d63-44f0-9f01-43b5e35aa5f1", "scryfallIllustrationId": "fea64278-9636-4171-84eb-3a398f02ac16", "scryfallOracleId": "092ceffb-1ee4-452c-b15e-5b79267d42a6", "tcgplayerProductId": "253845"}, "isPromo": true, "isReprint": true, "isStarter": true, "language": "English", "layout": "normal", "leadershipSkills": {"brawl": false, "commander": false, "oathbreaker": true}, "legalities": {"commander": "Legal", "duel": "Legal", "explorer": "Legal", "gladiator": "Legal", "historic": "Legal", "historicbrawl": "Legal", "legacy": "Legal", "modern": "Legal", "oathbreaker": "Legal", "penny": "Legal", "pioneer": "Legal", "vintage": "Legal"}, "loyalty": "4", "manaCost": "{3}{B}{R}", "manaValue": 5.0, "name": "Angrath, the Flame-Chained", "number": "3", "originalReleaseDate": "2021-10-11", "printings": ["PL21", "PRIX", "RIX", "SLD"], "purchaseUrls": {"cardKingdomFoil": "https://mtgjson.com/links/c994b9853bb1507b", "tcgplayer": "https://mtgjson.com/links/c30a3737e5cfea4b"}, "rarity": "mythic", "rulings": [{"date": "2018-01-19", "text": "Angrath’s first ability causes each opponent to lose 2 life even if some or all of those players were unable to discard a card."}, {"date": "2018-01-19", "text": "You can target and gain control of an untapped creature with Angrath’s second ability. You can also untap a creature you already control and give it haste."}, {"date": "2018-01-19", "text": "Whether the target creature has mana value 3 or less is checked only as the delayed triggered ability from Angrath’s second ability resolves during the end step."}, {"date": "2018-01-19", "text": "In a Two-Headed Giant game, Angrath’s first ability causes the opposing team to lose 4 life, and each player on that team discards a card. His last ability causes the opposing team to lose life equal to the number of cards in both graveyards."}], "securityStamp": "oval", "setCode": "PL21", "subtypes": ["Angrath"], "supertypes": ["Legendary"], "text": "[+1]: Each opponent discards a card and loses 2 life.\n[−3]: Gain control of target creature until end of turn. Untap it. It gains haste until end of turn. Sacrifice it at the beginning of the next end step if it has mana value 3 or less.\n[−8]: Each opponent loses life equal to the number of cards in their graveyard.", "type": "Legendary Planeswalker — Angrath", "types": ["Planeswalker"], "uuid": "2f7b52c5-f43c-5203-aa39-7c60d306f49d"}, {"artist": "宋其金/Song Qijin", "artistIds": ["67750cc4-846d-40a2-8d1a-e8085544be07"], "availability": ["paper"], "borderColor": "black", "colorIdentity": ["G", "R"], "colors": ["G", "R"], "convertedManaCost": 4.0, "edhrecRank": 8508, "edhrecSaltiness": 0.2, "finishes": ["foil"], "foreignData": [{"language": "Japanese", "name": "航海士、ターンガース", "text": "航海士、ターンガースは、２体以上のクリーチャーによってはブロックされない。\n対戦相手１人がクリーチャー１体以上で攻撃するたび、航海士、ターンガースがタップ状態である場合、あなたは「戦闘終了時まで、その対戦相手は航海士、ターンガースのコントロールを得る。」を選んでもよい。そうしたなら、その対戦相手が攻撃しているプレイヤーやプレインズウォーカーのうち１つを選ぶ。航海士、ターンガースはそのプレイヤーかプレインズウォーカーを攻撃している状態になる。", "type": "伝説のクリーチャー — ミノタウルス・戦士"}], "frameEffects": ["legendary"], "frameVersion": "2015", "hasFoil": true, "hasNonFoil": false, "identifiers": {"cardKingdomFoilId": "260353", "cardsphereId": "86869", "mcmId": "584330", "mtgjsonV4Id": "ff4d656a-9dd8-5e8e-ad0a-b2105e2fa050", "scryfallId": "b85f59ce-a382-418c-aab7-90c22e17255f", "scryfallIllustrationId": "aebf5074-3eee-4628-9fb8-118a8f76fd43", "scryfallOracleId": "1a8a41a1-6fc5-4dc8-bd28-9bf404c777d7", "tcgplayerProductId": "253846"}, "isPromo": true, "isReprint": true, "isStarter": true, "language": "English", "layout": "normal", "leadershipSkills": {"brawl": false, "commander": true, "oathbreaker": false}, "legalities": {"commander": "Legal", "duel": "Legal", "legacy": "Legal", "oathbreaker": "Legal", "vintage": "Legal"}, "manaCost": "{2}{R}{G}", "manaValue": 4.0, "name": "Tahngarth, First Mate", "number": "4", "originalReleaseDate": "2021-12-06", "power": "5", "printings": ["C19", "PL21"], "purchaseUrls": {"cardKingdomFoil": "https://mtgjson.com/links/fec4976b44cccab5", "tcgplayer": "https://mtgjson.com/links/bb2c76de83ef4cc5"}, "rarity": "rare", "rulings": [{"date": "2019-08-23", "text": "Players can’t take any actions between the time you choose to give control of Tahngarth to the attacking player and the time it becomes an attacking creature."}, {"date": "2019-08-23", "text": "If Tahngarth gains menace, it can’t be blocked at all."}, {"date": "2019-08-23", "text": "Giving control of Tahngarth to an opponent doesn’t cause it to become untapped. This means that Tahngarth may end up attacking several times between your turns."}, {"date": "2019-08-23", "text": "If an opponent is attacking a planeswalker but not that planeswalker’s controller, Tahngarth can’t attack that player."}, {"date": "2019-08-23", "text": "If an opponent attacks a player or planeswalker but each creature attacking that player or planeswalker is no longer attacking that player or planeswalker by the time Tahngarth’s ability resolves (most likely because they’ve left the battlefield), that player or planeswalker can’t be chosen for Tahngarth to attack. If there’s no player or planeswalker to choose this way but you still choose to give the opponent control of Tahngarth, Tahngarth isn’t attacking."}, {"date": "2019-08-23", "text": "Although Tahngarth is an attacking creature if it uses its triggered ability, it was never declared as an attacking creature. This means that abilities that trigger whenever a creature attacks won’t trigger when it changes control and becomes attacking."}, {"date": "2019-08-23", "text": "Any effects that say that Tahngarth can’t attack or can’t attack a certain player (such as that of Propaganda, or if Tahngarth gains defender) affect only the declaration of attackers. They won’t stop Tahngarth from becoming an attacking creature through its triggered ability."}, {"date": "2019-08-23", "text": "Tahngarth may end up attacking its owner this way."}, {"date": "2019-08-23", "text": "Commander damage is tracked for each commander. It doesn’t matter who controls the commander as it deals damage. If Tahngarth deals 10 damage to one player while under your control and another 11 damage to that same player while under a third player’s control, the player loses the game."}], "securityStamp": "oval", "setCode": "PL21", "subtypes": ["Minotaur", "Warrior"], "supertypes": ["Legendary"], "text": "Tahngarth, First Mate can't be blocked by more than one creature.\nWhenever an opponent attacks with one or more creatures, if Tahngarth is tapped, you may have that opponent gain control of Tahngarth until end of combat. If you do, choose a player or planeswalker that opponent is attacking. Tahngarth is attacking that player or planeswalker.", "toughness": "5", "type": "Legendary Creature — Minotaur Warrior", "types": ["Creature"], "uuid": "70529994-95a9-5fda-8701-c9093f5f2728"}], "code": "PL21", "isFoilOnly": false, "isOnlineOnly": false, "keyruneCode": "PMEI", "languages": ["English", "Japanese"], "name": "Year of the Ox 2021", "releaseDate": "2021-01-25", "tokenSetCode": "PL21", "tokens": [{"artist": "Fiona Hsieh", "artistIds": ["22211c1d-e15e-4db3-9350-e4a9862928bb"], "availability": ["paper"], "borderColor": "black", "colorIdentity": ["R"], "colors": ["R"], "finishes": ["nonfoil", "foil"], "frameVersion": "2015", "hasFoil": true, "hasNonFoil": true, "identifiers": {"mtgjsonV4Id": "3c4e8bad-d806-575b-a1b1-97450297378d", "scryfallId": "fe6b9fbc-4060-4ca4-bccb-a631268b57d9", "scryfallIllustrationId": "4a947a25-529f-436e-a510-a5290fbc0657", "scryfallOracleId": "6b8117bf-384f-4f5e-9e52-e01412ce24a9", "tcgplayerProductId": "232108"}, "isFullArt": true, "isPromo": true, "isReprint": true, "language": "English", "layout": "token", "name": "Minotaur", "number": "2★", "power": "2", "relatedCards": {"reverseRelated": ["Flurry of Horns", "Sethron, Hurloon General"]}, "reverseRelated": ["Flurry of Horns", "Sethron, Hurloon General"], "setCode": "PL21", "subtypes": ["Minotaur"], "supertypes": [], "toughness": "3", "type": "Token Creature — Minotaur", "types": ["Token", "Creature"], "uuid": "1732801e-c621-5e0d-bcd1-06cb2092486e"}], "totalSetSize": 5, "translations": {}, "type": "promo"}}