{"meta": {"date": "2023-08-19", "version": "5.2.1+20230819"}, "data": {"baseSetSize": 2, "cards": [{"artist": "Mike Bierek", "artistIds": ["e5f52ef5-1a2e-4128-90b0-ccc71cd47ea7"], "availability": ["paper"], "borderColor": "black", "colorIdentity": [], "colors": [], "convertedManaCost": 1.0, "edhrecRank": 1, "edhrecSaltiness": 0.93, "finishes": ["foil"], "foreignData": [], "frameVersion": "1997", "hasFoil": true, "hasNonFoil": false, "identifiers": {"cardKingdomFoilId": "263896", "cardsphereId": "90998", "mtgjsonV4Id": "0d588d10-f9f3-55fe-9a6b-2291938271ea", "scryfallId": "a0dd17da-9773-4a17-9aa7-4cd8958e1ef8", "scryfallIllustrationId": "146aaae4-93f4-409a-be32-010e86d137da", "scryfallOracleId": "6ad8011d-3471-4369-9d68-b264cc027487", "tcgplayerProductId": "278573"}, "isPromo": true, "isReprint": true, "isStarter": true, "language": "English", "layout": "normal", "legalities": {"commander": "Legal", "duel": "Banned", "legacy": "Banned", "oathbreaker": "Banned", "predh": "Legal", "vintage": "Restricted"}, "manaCost": "{1}", "manaValue": 1.0, "name": "Sol Ring", "number": "1", "printings": ["2ED", "30A", "3ED", "40K", "AFC", "BRC", "C13", "C14", "C15", "C16", "C17", "C18", "C19", "C20", "C21", "CC1", "CC2", "CED", "CEI", "CLB", "CM2", "CMA", "CMD", "CMM", "CMR", "DMC", "FBB", "G05", "KHC", "LEA", "LEB", "LTC", "MB1", "ME4", "MIC", "MOC", "MPS", "NCC", "NEC", "ONC", "PCTB", "PF19", "PHED", "PLG22", "PRM", "PZ1", "SCD", "SLD", "SUM", "V10", "VMA", "VOC", "ZNC"], "purchaseUrls": {"cardKingdomFoil": "https://mtgjson.com/links/3a1b0f3ba23dfa1d", "tcgplayer": "https://mtgjson.com/links/ab3122dc2b039586"}, "rarity": "rare", "setCode": "PLG22", "subtypes": [], "supertypes": [], "text": "{T}: Add {C}{C}.", "type": "Artifact", "types": ["Artifact"], "uuid": "b2f61ece-6476-5586-aa8b-1636e45d606f", "watermark": "wotc"}, {"artist": "Milivoj Ćeran", "artistIds": ["1eced451-4da5-42bc-b49d-70c41246581f"], "availability": ["paper"], "borderColor": "black", "colorIdentity": [], "colors": [], "convertedManaCost": 2.0, "edhrecRank": 34, "edhrecSaltiness": 0.21, "finishes": ["foil"], "flavorText": "Unlimited potential needs only a spark of ambition.", "foreignData": [], "frameVersion": "2015", "hasFoil": true, "hasNonFoil": false, "identifiers": {"cardKingdomFoilId": "274795", "cardsphereId": "98504", "mtgjsonV4Id": "c82ba3b1-048b-57f4-a896-8b47b159f8c4", "scryfallId": "cdaa22df-e071-4b2a-aa42-0334ff7bd662", "scryfallIllustrationId": "1df4b0db-d7bd-4557-8aed-68342ef53045", "scryfallOracleId": "9965d9c5-2ebf-4a6c-930e-55c5890979be", "tcgplayerProductId": "476067"}, "isPromo": true, "isReprint": true, "isStarter": true, "language": "English", "layout": "normal", "legalities": {"commander": "Legal", "duel": "Legal", "legacy": "Legal", "oathbreaker": "Legal", "pauper": "Legal", "paupercommander": "Legal", "vintage": "Legal"}, "manaCost": "{2}", "manaValue": 2.0, "name": "Thought Vessel", "number": "2", "originalReleaseDate": "2022-11-18", "printings": ["40K", "BRC", "C15", "CLB", "CM2", "CMA", "CMM", "CMR", "LTC", "MB1", "PHED", "PLG22", "PLIST", "PRM", "PZ1", "SCD"], "promoTypes": ["bringafriend"], "purchaseUrls": {"cardKingdomFoil": "https://mtgjson.com/links/3942a76dc5ef00cb", "tcgplayer": "https://mtgjson.com/links/0d13465ec0d202ad"}, "rarity": "rare", "securityStamp": "oval", "setCode": "PLG22", "subtypes": [], "supertypes": [], "text": "You have no maximum hand size.\n{T}: Add {C}.", "type": "Artifact", "types": ["Artifact"], "uuid": "01f5712c-cd85-5b34-a9f6-0df5adb56d79"}], "code": "PLG22", "isFoilOnly": true, "isOnlineOnly": false, "keyruneCode": "PMEI", "languages": ["English"], "name": "Love Your LGS 2022", "releaseDate": "2022-07-01", "tokens": [], "totalSetSize": 2, "translations": {}, "type": "promo"}}