{"meta": {"date": "2023-08-19", "version": "5.2.1+20230819"}, "data": {"baseSetSize": 1, "block": "Onslaught", "cards": [{"artist": "Carl Critchlow", "artistIds": ["17948f16-611a-44b8-8d10-9895a0bdfff1"], "availability": ["paper"], "borderColor": "black", "colorIdentity": ["G"], "colors": ["G"], "convertedManaCost": 6.0, "edhrecRank": 22052, "edhrecSaltiness": 0.1, "finishes": ["foil"], "foreignData": [], "frameVersion": "1997", "hasFoil": true, "hasNonFoil": false, "identifiers": {"cardKingdomFoilId": "117217", "cardsphereId": "37197", "mcmId": "17714", "mtgjsonV4Id": "23fa400f-f179-5446-9051-d6f11fa9ce2d", "multiverseId": "97066", "scryfallId": "5111a9a3-a92d-4677-8974-20800256dd4f", "scryfallIllustrationId": "4a0dd414-24ae-49fe-9d16-47236486d377", "scryfallOracleId": "edb2d86f-d2c6-4230-a37d-b01210a99a32", "tcgplayerProductId": "38378"}, "isPromo": true, "isReprint": true, "isStarter": true, "keywords": ["Amplify", "Provoke"], "language": "English", "layout": "normal", "legalities": {"commander": "Legal", "duel": "Legal", "legacy": "Legal", "oathbreaker": "Legal", "penny": "Legal", "predh": "Legal", "premodern": "Legal", "vintage": "Legal"}, "manaCost": "{4}{G}{G}", "manaValue": 6.0, "name": "Feral Throwback", "number": "126", "originalReleaseDate": "2003-01-25", "originalText": "Amplify 2 (As this card comes into play, put two +1/+1 counters on it for each Beast card you reveal in your hand.)\nProvoke (When this attacks, you may have target creature defending player controls untap and block it if able.)", "originalType": "Creature - Beast", "power": "3", "printings": ["LGN", "PLGN", "PRM"], "promoTypes": ["datestamped", "prerelease"], "purchaseUrls": {"cardKingdomFoil": "https://mtgjson.com/links/eaaf48b5832edc13", "tcgplayer": "https://mtgjson.com/links/4514221087ccedec"}, "rarity": "rare", "setCode": "PLGN", "subtypes": ["Beast"], "supertypes": [], "text": "Amplify 2 (As this creature enters the battlefield, put two +1/+1 counters on it for each Beast card you reveal in your hand.)\nProvoke (Whenever this creature attacks, you may have target creature defending player controls untap and block it if able.)", "toughness": "3", "type": "Creature — Beast", "types": ["Creature"], "uuid": "0030c22e-51e8-5b3a-adc6-cae51600e9e6", "watermark": "set"}], "code": "PLGN", "isFoilOnly": true, "isOnlineOnly": false, "keyruneCode": "LGN", "languages": ["English"], "name": "Legions Promos", "parentCode": "LGN", "releaseDate": "2003-02-03", "tokens": [], "totalSetSize": 1, "translations": {}, "type": "promo"}}