{"meta": {"date": "2023-08-19", "version": "5.2.1+20230819"}, "data": {"baseSetSize": 1, "cards": [], "code": "PLNY", "isFoilOnly": true, "isOnlineOnly": false, "keyruneCode": "PMEI", "languages": ["English"], "name": "Lunar New Year 2018", "releaseDate": "2018-02-16", "tokenSetCode": "PLNY", "tokens": [{"artist": "YW Tang", "artistIds": ["63b2909b-7102-49c5-8f9d-6116a1913308"], "availability": ["paper"], "borderColor": "black", "colorIdentity": [], "colors": [], "finishes": ["foil"], "frameVersion": "2015", "hasFoil": true, "hasNonFoil": false, "identifiers": {"cardKingdomFoilId": "220767", "mtgjsonV4Id": "5c46c1f2-095e-54ee-8fde-bbc105d8731c", "scryfallId": "fa8bbe0c-3813-4e3f-9bcf-cffe4fed6341", "scryfallIllustrationId": "94982a19-7c1d-4c90-a57d-51ae0cc3804a", "scryfallOracleId": "3c549374-6c37-42e0-8d88-a8555d46732d", "tcgplayerProductId": "165632"}, "isPromo": true, "isReprint": true, "language": "English", "layout": "token", "name": "Treasure", "number": "1", "relatedCards": {"reverseRelated": ["Ruthless Knave", "Surly Badgersaur", "Gluntch, the Bestower", "Beamtown Beatstick", "Professional Face-Breaker", "Rapacious Dragon", "Treasure Map // Treasure Cove", "Boxing Ring", "Xorn", "Halo Scarab", "Descent into Avernus", "Lotho, Corrupt Shirriff", "Brazen Freebooter", "Most Wanted", "Smothering Tithe", "Smuggler's Share", "Glittermonger", "Master of Ceremonies", "Lobelia Sackville-Baggins", "Hoard Robber", "Mahadi, Emporium Master", "Wanted Scoundrels", "Prosper, Tome-Bound", "Gleaming Barrier", "Oath of the Grey Host", "An Offer You Can't Refuse", "Captain Lannery Storm", "Hoard Hauler", "Herald of Hadar", "Undercity Scrounger", "Glóin, Dwarf Emissary", "Exit Through the Grift Shop", "Done for the Day", "Widespread Thieving", "Bilbo, Retired Burglar", "Hullbreacher", "Young Red Dragon // Bathe in Gold", "Buy Your Silence", "Inspired Tinkering", "Dungeon of the Mad Mage", "City of Death", "Fain, the Broker", "Baeloth Barrityl, Entertainer", "Smaug", "Visions of Ruin", "Heap Gate", "The Initiative // Undercity", "Ragavan, Nimble Pilferer", "The Reaver Cleaver", "Vraska, Relic Seeker", "The Golden City of Orazca", "Treasure Vault", "Seize the Spotlight", "Magda, Brazen Outlaw", "Treasure Chest", "Crack Open", "Negan, the Cold-Blooded", "Gadrak, the Crown-Scourge", "Pain Distributor", "Pick-a-Beeble", "Song of Eärendil", "Deadly Dispute", "Ignacio of Myra's Marvels", "Black Market Tycoon", "Riveteers Requisitioner", "Jewel Thief", "Forging the Tyrite Sword", "Patron of the Arts", "Ancient Copper Dragon", "Unexpected Windfall", "The Western Cloud", "Urabrask // The Great Work", "Deadly Derision", "Marut", "Ruthless Technomancer", "Goblin Shaman", "Kalain, Reclusive Painter", "Life Insurance", "Atsushi, the Blazing Sky", "Scion of Opulence", "Mines of Moria", "Seize the Spoils", "Deadeye Plunderers", "Lost Mine of Phandelver", "Mari, the Killing Quill", "Prying Blade", "Brass's Bounty", "Spiteful Repossession", "Skullport Merchant", "Swashbuckler Extraordinaire", "Prized Statue", "Tavern Scoundrel", "Vault Robber", "Dockside Extortionist", "Prosperous Thief", "Pirate's Prize", "Goldspan Dragon", "Hornswoggle", "Storm the Vault // Vault of Catlacan", "Vazi, Keen Negotiator", "You've Been Caught Stealing", "Exhibition Magician", "Blood Money", "Pirate's Pillage", "Loot Dispute", "Dire Fleet Hoarder", "Impulsive Pilferer", "Involuntary Employment", "Thieves' Tools", "Grim Bounty", "Rankle and Torbran", "Spell Swindle", "Jolene, the Plunder Queen", "Zhentarim Bandit", "Big Spender", "Burakos, Party Leader", "Fae Offering", "Grim Hireling", "Gilded Pinions", "Meet and Greet \"Sisay\"", "Heartless Pillage", "Old Rutstein", "Smoke Spirits' Aid", "Racketeer Boss", "Goblin Airbrusher", "Smoke Blessing", "Reckless Endeavor", "Marching Duodrone", "Cavern-Hoard Dragon", "Currency Converter", "Magma Opus", "Prosperous Pirates", "Spiked Pit Trap", "Storm-Kiln Artist", "Ganax, Astral Hunter", "Ramirez DePietro, Pillager", "Prosperous Partnership", "Big Score", "Malcolm, Keen-Eyed Navigator", "Ognis, the Dragon's Lash", "Pitiless Plunderer", "Contract Killing", "Corsair Captain", "You Find a Cursed Idol", "Shiny Impetus", "Tireless Provisioner", "Indulge // Excess", "Monologue Tax", "Guild Artisan", "Fake Your Own Death", "Cutthroat Negotiator", "Safana, Calimport Cutthroat", "Furnace Reins", "Erestor of the Council", "Reckoner Bankbuster", "Jewel-Eyed Cobra", "Excavation Technique", "Misfortune Teller", "Rashmi and Ragavan", "Fable of the Mirror-Breaker // Reflection of Kiki-Jiki", "Prizefight", "Centrifuge", "Goldvein Pick", "Battle Angels of Tyr", "Strike It Rich", "Bank Job", "Sailor of Means", "Dungeoneer's Pack", "Swarming of Moria", "Depths of Desire", "Smashing Success", "Jan Jansen, Chaos Crafter", "Revel in Riches", "Tempting Contract", "Gala Greeters", "Stimulus Package", "Axgard Artisan", "Galadriel, Gift-Giver", "Bootleggers' Stash", "Black Market Connections", "Wily Goblin", "Dihada, Binder of Wills", "Forsworn Paladin", "Ziatora, the Incinerator", "Culmination of Studies", "The Balrog of Moria", "Rose Room Treasurer", "Instrument of the Bards", "Plundering Barbarian", "Prosperous Innkeeper", "Ingenious Mastery", "Burdened Aerialist", "There and Back Again", "Old Gnawbone", "Shambling Ghast", "Gorbag of Minas Morgul", "Elemental Masterpiece", "Bill Ferny, Bree Swindler", "Rain of Riches", "Academy Manufactor", "Noble's Purse", "Tivit, Seller of Secrets", "Sudden Breakthrough", "Trove of Temptation", "Gimli of the Glittering Caves", "Bucknard's Everfull Purse", "Galazeth Prismari", "Jared Carthalion", "Prismari Command", "Improvised Weaponry", "Sticky Fingers", "Hoarding Ogre", "Spiteful Banditry", "Invasion of Ergamon // Truga Cliffcharger", "Creative Outburst"]}, "reverseRelated": ["Ruthless Knave", "Surly Badgersaur", "Gluntch, the Bestower", "Beamtown Beatstick", "Professional Face-Breaker", "Rapacious Dragon", "Treasure Map // Treasure Cove", "Boxing Ring", "Xorn", "Halo Scarab", "Descent into Avernus", "Lotho, Corrupt Shirriff", "Brazen Freebooter", "Most Wanted", "Smothering Tithe", "Smuggler's Share", "Glittermonger", "Master of Ceremonies", "Lobelia Sackville-Baggins", "Hoard Robber", "Mahadi, Emporium Master", "Wanted Scoundrels", "Prosper, Tome-Bound", "Gleaming Barrier", "Oath of the Grey Host", "An Offer You Can't Refuse", "Captain Lannery Storm", "Hoard Hauler", "Herald of Hadar", "Undercity Scrounger", "Glóin, Dwarf Emissary", "Exit Through the Grift Shop", "Done for the Day", "Widespread Thieving", "Bilbo, Retired Burglar", "Hullbreacher", "Young Red Dragon // Bathe in Gold", "Buy Your Silence", "Inspired Tinkering", "Dungeon of the Mad Mage", "City of Death", "Fain, the Broker", "Baeloth Barrityl, Entertainer", "Smaug", "Visions of Ruin", "Heap Gate", "The Initiative // Undercity", "Ragavan, Nimble Pilferer", "The Reaver Cleaver", "Vraska, Relic Seeker", "The Golden City of Orazca", "Treasure Vault", "Seize the Spotlight", "Magda, Brazen Outlaw", "Treasure Chest", "Crack Open", "Negan, the Cold-Blooded", "Gadrak, the Crown-Scourge", "Pain Distributor", "Pick-a-Beeble", "Song of Eärendil", "Deadly Dispute", "Ignacio of Myra's Marvels", "Black Market Tycoon", "Riveteers Requisitioner", "Jewel Thief", "Forging the Tyrite Sword", "Patron of the Arts", "Ancient Copper Dragon", "Unexpected Windfall", "The Western Cloud", "Urabrask // The Great Work", "Deadly Derision", "Marut", "Ruthless Technomancer", "Goblin Shaman", "Kalain, Reclusive Painter", "Life Insurance", "Atsushi, the Blazing Sky", "Scion of Opulence", "Mines of Moria", "Seize the Spoils", "Deadeye Plunderers", "Lost Mine of Phandelver", "Mari, the Killing Quill", "Prying Blade", "Brass's Bounty", "Spiteful Repossession", "Skullport Merchant", "Swashbuckler Extraordinaire", "Prized Statue", "Tavern Scoundrel", "Vault Robber", "Dockside Extortionist", "Prosperous Thief", "Pirate's Prize", "Goldspan Dragon", "Hornswoggle", "Storm the Vault // Vault of Catlacan", "Vazi, Keen Negotiator", "You've Been Caught Stealing", "Exhibition Magician", "Blood Money", "Pirate's Pillage", "Loot Dispute", "Dire Fleet Hoarder", "Impulsive Pilferer", "Involuntary Employment", "Thieves' Tools", "Grim Bounty", "Rankle and Torbran", "Spell Swindle", "Jolene, the Plunder Queen", "Zhentarim Bandit", "Big Spender", "Burakos, Party Leader", "Fae Offering", "Grim Hireling", "Gilded Pinions", "Meet and Greet \"Sisay\"", "Heartless Pillage", "Old Rutstein", "Smoke Spirits' Aid", "Racketeer Boss", "Goblin Airbrusher", "Smoke Blessing", "Reckless Endeavor", "Marching Duodrone", "Cavern-Hoard Dragon", "Currency Converter", "Magma Opus", "Prosperous Pirates", "Spiked Pit Trap", "Storm-Kiln Artist", "Ganax, Astral Hunter", "Ramirez DePietro, Pillager", "Prosperous Partnership", "Big Score", "Malcolm, Keen-Eyed Navigator", "Ognis, the Dragon's Lash", "Pitiless Plunderer", "Contract Killing", "Corsair Captain", "You Find a Cursed Idol", "Shiny Impetus", "Tireless Provisioner", "Indulge // Excess", "Monologue Tax", "Guild Artisan", "Fake Your Own Death", "Cutthroat Negotiator", "Safana, Calimport Cutthroat", "Furnace Reins", "Erestor of the Council", "Reckoner Bankbuster", "Jewel-Eyed Cobra", "Excavation Technique", "Misfortune Teller", "Rashmi and Ragavan", "Fable of the Mirror-Breaker // Reflection of Kiki-Jiki", "Prizefight", "Centrifuge", "Goldvein Pick", "Battle Angels of Tyr", "Strike It Rich", "Bank Job", "Sailor of Means", "Dungeoneer's Pack", "Swarming of Moria", "Depths of Desire", "Smashing Success", "Jan Jansen, Chaos Crafter", "Revel in Riches", "Tempting Contract", "Gala Greeters", "Stimulus Package", "Axgard Artisan", "Galadriel, Gift-Giver", "Bootleggers' Stash", "Black Market Connections", "Wily Goblin", "Dihada, Binder of Wills", "Forsworn Paladin", "Ziatora, the Incinerator", "Culmination of Studies", "The Balrog of Moria", "Rose Room Treasurer", "Instrument of the Bards", "Plundering Barbarian", "Prosperous Innkeeper", "Ingenious Mastery", "Burdened Aerialist", "There and Back Again", "Old Gnawbone", "Shambling Ghast", "Gorbag of Minas Morgul", "Elemental Masterpiece", "Bill Ferny, Bree Swindler", "Rain of Riches", "Academy Manufactor", "Noble's Purse", "Tivit, Seller of Secrets", "Sudden Breakthrough", "Trove of Temptation", "Gimli of the Glittering Caves", "Bucknard's Everfull Purse", "Galazeth Prismari", "Jared Carthalion", "Prismari Command", "Improvised Weaponry", "Sticky Fingers", "Hoarding Ogre", "Spiteful Banditry", "Invasion of Ergamon // Truga Cliffcharger", "Creative Outburst"], "setCode": "PLNY", "subtypes": ["Treasure"], "supertypes": [], "text": "{T}, Sacrifice this artifact: Add one mana of any color.", "type": "Token Artifact — Treasure", "types": ["Token", "Artifact"], "uuid": "237a0941-3118-512d-a40d-a42c0c518c5a"}], "totalSetSize": 0, "translations": {}, "type": "promo"}}