{"meta": {"date": "2023-08-19", "version": "5.2.1+20230819"}, "data": {"baseSetSize": 5, "cards": [{"artist": "Wesley Burt", "artistIds": ["b98c9d94-8bdb-49af-871d-7bac92274535"], "availability": ["paper"], "borderColor": "black", "colorIdentity": ["B"], "colors": ["B"], "convertedManaCost": 6.0, "edhrecRank": 13241, "edhrecSaltiness": 0.29, "finishes": ["foil"], "foreignData": [], "frameVersion": "2003", "hasFoil": true, "hasNonFoil": false, "identifiers": {"cardKingdomFoilId": "188690", "cardsphereId": "37562", "mcmId": "256758", "mtgjsonV4Id": "abaf3889-116d-534b-a97e-12d625bc7875", "scryfallId": "abfeac83-84ef-41ab-b6ee-cc2bab6aa06d", "scryfallIllustrationId": "073c608e-0108-4d06-ac1a-99d7d05affef", "scryfallOracleId": "1e65fac0-23fc-4a32-bd36-4e3f7ebfe33d", "tcgplayerProductId": "59817"}, "isPromo": true, "isReprint": true, "isStarter": true, "keywords": ["Deathtouch"], "language": "English", "layout": "normal", "legalities": {"commander": "Legal", "duel": "Legal", "legacy": "Legal", "modern": "Legal", "oathbreaker": "Legal", "penny": "Legal", "vintage": "Legal"}, "manaCost": "{5}{B}", "manaValue": 6.0, "name": "Xathrid Gorgon", "number": "118★", "power": "3", "printings": ["M13", "PM13", "PRM"], "promoTypes": ["setpromo", "prerelease"], "purchaseUrls": {"cardKingdomFoil": "https://mtgjson.com/links/a79abd8d4596b23b", "tcgplayer": "https://mtgjson.com/links/c27cb4bb7c392743"}, "rarity": "rare", "rulings": [{"date": "2012-07-01", "text": "The effects of Xathrid Gorgon’s ability don’t depend on the petrification counter. If that counter is removed, the creature remains a colorless artifact with defender, and so on."}, {"date": "2016-06-08", "text": "Activated abilities contain a colon. They’re generally written “[Cost]: [Effect].” Some keywords are activated abilities and will have colons in their reminder text."}], "setCode": "PM13", "subtypes": ["Gorgon"], "supertypes": [], "text": "Deathtouch (Any amount of damage this deals to a creature is enough to destroy it.)\n{2}{B}, {T}: Put a petrification counter on target creature. It gains defender and becomes a colorless artifact in addition to its other types. Its activated abilities can't be activated. (A creature with defender can't attack.)", "toughness": "6", "type": "Creature — Gorgon", "types": ["Creature"], "uuid": "91a5a3cd-8f61-581a-bda6-5ef9c3a51ae3", "watermark": "set (M13)"}, {"artist": "Sam Burley", "artistIds": ["f89f4b78-cefb-41f7-b7cb-4f4d28de0c4f"], "availability": ["paper"], "borderColor": "black", "colorIdentity": ["R"], "colors": ["R"], "convertedManaCost": 2.0, "edhrecRank": 2412, "edhrecSaltiness": 0.15, "finishes": ["foil"], "foreignData": [], "frameVersion": "2003", "hasFoil": true, "hasNonFoil": false, "identifiers": {"cardKingdomFoilId": "188694", "cardsphereId": "18934", "mcmId": "256761", "mtgjsonV4Id": "a72b9be6-f3a0-5f86-a914-3c4b0728135d", "scryfallId": "1476d42e-6cf8-4612-ae75-b3044d1eebbe", "scryfallIllustrationId": "bad0cb06-3f48-471a-9933-5132255e92db", "scryfallOracleId": "a52037df-0be1-4c99-b9eb-b033157af203", "tcgplayerProductId": "59824"}, "isFullArt": true, "isPromo": true, "isReprint": true, "isStarter": true, "language": "English", "layout": "normal", "legalities": {"commander": "Legal", "duel": "Legal", "gladiator": "Legal", "historic": "Legal", "historicbrawl": "Legal", "legacy": "Legal", "modern": "Legal", "oathbreaker": "Legal", "penny": "Legal", "vintage": "Legal"}, "manaCost": "{X}{R}{R}", "manaValue": 2.0, "name": "Magmaquake", "number": "140★", "printings": ["AFC", "C14", "C15", "C18", "C19", "CM2", "JMP", "M13", "PM13", "PRM", "SCD"], "promoTypes": ["setpromo", "gameday"], "purchaseUrls": {"cardKingdomFoil": "https://mtgjson.com/links/a0624679fa178556", "tcgplayer": "https://mtgjson.com/links/5a744012b07fed93"}, "rarity": "rare", "rulings": [{"date": "2012-07-01", "text": "Magmaquake doesn't target any creature or planeswalker. For example, it will deal damage to a creature without flying that has hexproof."}], "setCode": "PM13", "subtypes": [], "supertypes": [], "text": "Magmaquake deals X damage to each creature without flying and each planeswalker.", "type": "Instant", "types": ["Instant"], "uuid": "761e9f94-0306-5531-8941-ca1d2d449f73"}, {"artist": "Jason A. Engle", "artistIds": ["02e2b5de-4341-464c-8fdb-a1adbf873bc0"], "availability": ["paper"], "borderColor": "black", "colorIdentity": ["G"], "colors": ["G"], "convertedManaCost": 3.0, "edhrecRank": 6728, "finishes": ["nonfoil"], "foreignData": [], "frameVersion": "2003", "hasFoil": false, "hasNonFoil": true, "identifiers": {"cardKingdomId": "188693", "cardsphereId": "18939", "mcmId": "256760", "mtgjsonV4Id": "886b333f-90e7-5638-a2da-d6b43333a75b", "scryfallId": "de33a403-c77f-4020-9a7d-d31d8a75ae3d", "scryfallIllustrationId": "9bbc69d2-318a-4ad2-83da-0b2ced6ae85a", "scryfallOracleId": "b6265654-84c3-469b-9afa-f752fd64abe0", "tcgplayerProductId": "59822"}, "isFullArt": true, "isPromo": true, "isReprint": true, "isStarter": true, "language": "English", "layout": "normal", "legalities": {"commander": "Legal", "duel": "Legal", "legacy": "Legal", "modern": "Legal", "oathbreaker": "Legal", "paupercommander": "Restricted", "penny": "Legal", "vintage": "Legal"}, "manaCost": "{1}{G}{G}", "manaValue": 3.0, "name": "Mwonvuli Beast Tracker", "number": "177★", "power": "2", "printings": ["M13", "PM13", "PRM"], "promoTypes": ["setpromo", "gameday"], "purchaseUrls": {"cardKingdom": "https://mtgjson.com/links/9430e4aea331c72d", "tcgplayer": "https://mtgjson.com/links/ac6e0ab71e058601"}, "rarity": "uncommon", "rulings": [{"date": "2012-07-01", "text": "The creature card must have one of the listed abilities, not an ability that grants one of the listed abilities to the creature. For example, you couldn’t put Prized Elephant, which has “{G}: Prized Elephant gains trample until end of turn,” on top of your library this way."}], "setCode": "PM13", "subtypes": ["Human", "Scout"], "supertypes": [], "text": "When Mwonvuli Beast Tracker enters the battlefield, search your library for a creature card with deathtouch, hexproof, reach, or trample and reveal it. Shuffle and put that card on top.", "toughness": "1", "type": "Creature — Human Scout", "types": ["Creature"], "uuid": "be084ffa-390f-51b1-b9c4-75b0bb7b5d61"}, {"artist": "Brad Rigney", "artistIds": ["f17194b9-10e9-44ea-9b65-6812ab398624"], "availability": ["paper"], "borderColor": "black", "colorIdentity": [], "colors": [], "convertedManaCost": 6.0, "edhrecRank": 2397, "edhrecSaltiness": 0.14, "finishes": ["foil"], "flavorText": "\"I have attuned the staff to your screams so that only I may benefit from your pain.\"\n—Volux, disciple of Nin", "foreignData": [], "frameVersion": "2003", "hasFoil": true, "hasNonFoil": false, "identifiers": {"cardKingdomFoilId": "188691", "cardsphereId": "23908", "mcmId": "256759", "mtgjsonV4Id": "63e2f885-b82d-5cad-b215-baeb504e7484", "scryfallId": "5be0ec9b-17ea-4503-b9c2-67a3ca2a2b13", "scryfallIllustrationId": "20a8f77f-5b47-486c-89a5-2f12df770c07", "scryfallOracleId": "48d9f488-4ebb-4fdb-a568-6930fc2f5416", "tcgplayerProductId": "59819"}, "isPromo": true, "isReprint": true, "isStarter": true, "language": "English", "layout": "normal", "legalities": {"commander": "Legal", "duel": "Legal", "legacy": "Legal", "modern": "Legal", "oathbreaker": "Legal", "penny": "Legal", "vintage": "Legal"}, "manaCost": "{6}", "manaValue": 6.0, "name": "Staff of Nin", "number": "217★", "printings": ["C15", "C17", "CM2", "M13", "PM13", "PRM"], "promoTypes": ["setpromo", "release"], "purchaseUrls": {"cardKingdomFoil": "https://mtgjson.com/links/4c0d80d081fedcd1", "tcgplayer": "https://mtgjson.com/links/42e5c722c35ab73b"}, "rarity": "rare", "setCode": "PM13", "subtypes": [], "supertypes": [], "text": "At the beginning of your upkeep, draw a card.\n{T}: Staff of Nin deals 1 damage to any target.", "type": "Artifact", "types": ["Artifact"], "uuid": "1398de43-1bbe-5c17-855e-158e2f4c43f0", "watermark": "set (M13)"}, {"artist": "Franz Vohwinkel", "artistIds": ["3a243c17-3baa-4b53-9599-645311cd7d3d"], "availability": ["paper"], "borderColor": "black", "colorIdentity": [], "colors": [], "convertedManaCost": 0.0, "edhrecRank": 3766, "edhrecSaltiness": 0.06, "finishes": ["foil"], "foreignData": [], "frameVersion": "2003", "hasFoil": true, "hasNonFoil": false, "identifiers": {"cardKingdomFoilId": "188692", "cardsphereId": "7723", "mcmId": "256757", "mtgjsonV4Id": "498ac550-4a6f-543b-b1ef-cee1a38bfeeb", "scryfallId": "49da045a-f91b-4130-9ae7-bfbabefe352f", "scryfallIllustrationId": "4d0a029a-d2c3-4f6e-846f-c0addd8fd15e", "scryfallOracleId": "5ff647e4-730a-498f-8f2c-5bd64d5a9780", "tcgplayerProductId": "59820"}, "isPromo": true, "isReprint": true, "isStarter": true, "keywords": ["Exalted"], "language": "English", "layout": "normal", "legalities": {"commander": "Legal", "duel": "Legal", "legacy": "Legal", "modern": "Legal", "oathbreaker": "Legal", "penny": "Legal", "vintage": "Legal"}, "manaValue": 0.0, "name": "Cathedral of War", "number": "221★", "printings": ["M13", "PLIST", "PM13", "PRM"], "promoTypes": ["setpromo", "buyabox"], "purchaseUrls": {"cardKingdomFoil": "https://mtgjson.com/links/00ef9fe414fc357a", "tcgplayer": "https://mtgjson.com/links/ccfd366771b008b5"}, "rarity": "rare", "setCode": "PM13", "subtypes": [], "supertypes": [], "text": "Cathedral of War enters the battlefield tapped.\nExalted (Whenever a creature you control attacks alone, that creature gets +1/+1 until end of turn.)\n{T}: Add {C}.", "type": "Land", "types": ["Land"], "uuid": "87c6d495-0d82-5842-9f9d-d499a8316201", "watermark": "colorpie"}], "code": "PM13", "isFoilOnly": false, "isOnlineOnly": false, "keyruneCode": "M13", "languages": ["English"], "name": "Magic 2013 Promos", "parentCode": "M13", "releaseDate": "2012-07-12", "tokens": [], "totalSetSize": 5, "translations": {}, "type": "promo"}}