{"meta": {"date": "2023-08-19", "version": "5.2.1+20230819"}, "data": {"baseSetSize": 5, "cards": [{"artist": "Johann Bodin", "artistIds": ["d92e2dd9-9ef6-43f6-81f8-df87f9066983"], "availability": ["paper"], "borderColor": "black", "colorIdentity": ["W"], "colors": ["W"], "convertedManaCost": 3.0, "edhrecRank": 10565, "edhrecSaltiness": 0.21, "finishes": ["nonfoil"], "foreignData": [], "frameVersion": "2003", "hasFoil": false, "hasNonFoil": true, "identifiers": {"cardKingdomId": "192815", "cardsphereId": "18924", "mcmId": "263164", "mtgjsonV4Id": "cd3aecad-ddf7-5e73-b4cd-d75bb54c1b75", "scryfallId": "1c44ce9f-27fc-4c28-bc59-4cea9e46ce85", "scryfallIllustrationId": "5133a672-6809-41c9-9087-1e6d77458c0f", "scryfallOracleId": "c7dd0614-e11e-4b6b-a2cb-9904e457148f", "tcgplayerProductId": "77299"}, "isFullArt": true, "isPromo": true, "isReprint": true, "isStarter": true, "language": "English", "layout": "normal", "legalities": {"commander": "Legal", "duel": "Legal", "explorer": "Legal", "gladiator": "Legal", "historic": "Legal", "historicbrawl": "Legal", "legacy": "Legal", "modern": "Legal", "oathbreaker": "Legal", "pauper": "Legal", "paupercommander": "Legal", "penny": "Legal", "pioneer": "Legal", "vintage": "Legal"}, "manaCost": "{2}{W}", "manaValue": 3.0, "name": "Hive Stirrings", "number": "21★", "printings": ["J21", "M14", "PM14", "PRM"], "promoTypes": ["setpromo", "gameday"], "purchaseUrls": {"cardKingdom": "https://mtgjson.com/links/4e6f2109f1d61cbf", "tcgplayer": "https://mtgjson.com/links/3d725d66ea77bf0c"}, "rarity": "common", "rulings": [{"date": "2013-07-01", "text": "If you change the creature type of a Sliver you control so it’s no longer a Sliver, it will no longer be affected by its own ability. Its ability will continue to affect other Sliver creatures you control."}, {"date": "2013-07-01", "text": "Abilities that Slivers grant, as well as power/toughness boosts, are cumulative. However, for some abilities, like flying, having more than one instance of the ability doesn’t provide any additional benefit."}], "setCode": "PM14", "subtypes": [], "supertypes": [], "text": "Create two 1/1 colorless Sliver creature tokens.", "type": "Sorcery", "types": ["Sorcery"], "uuid": "5ff946b9-8e66-58ef-818b-cf88145628d0"}, {"artist": "Erica Yang", "artistIds": ["fcc15b63-b280-49da-9fee-f862824a2fc8"], "availability": ["paper"], "borderColor": "black", "colorIdentity": ["U"], "colors": ["U"], "convertedManaCost": 7.0, "edhrecRank": 9827, "edhrecSaltiness": 0.24, "finishes": ["foil"], "foreignData": [], "frameVersion": "2003", "hasFoil": true, "hasNonFoil": false, "identifiers": {"cardKingdomFoilId": "192814", "cardsphereId": "23876", "mcmId": "263215", "mtgjsonV4Id": "f758fea7-ff36-58a8-9d74-abe38d055013", "scryfallId": "20968c42-d63b-4b2a-ae47-f986f3c35fdc", "scryfallIllustrationId": "becf3c3b-dfdd-495d-a31e-e34bbda280a4", "scryfallOracleId": "cd04b735-125f-47b5-a68e-ab2a008100b9", "tcgplayerProductId": "71286"}, "isPromo": true, "isReprint": true, "isStarter": true, "keywords": ["Islandwalk", "Landwalk"], "language": "English", "layout": "normal", "legalities": {"commander": "Legal", "duel": "Legal", "legacy": "Legal", "modern": "Legal", "oathbreaker": "Legal", "penny": "Legal", "pioneer": "Legal", "vintage": "Legal"}, "manaCost": "{5}{U}{U}", "manaValue": 7.0, "name": "Colossal Whale", "number": "48★", "power": "5", "printings": ["LTC", "M14", "PM14", "PRM"], "promoTypes": ["setpromo", "datestamped", "release"], "purchaseUrls": {"cardKingdomFoil": "https://mtgjson.com/links/a0dc4e185f9331b5", "tcgplayer": "https://mtgjson.com/links/f3d130bcaf3e9437"}, "rarity": "rare", "rulings": [{"date": "2013-07-01", "text": "Colossal Whale's triggered ability triggers and resolves during the declare attackers step, before blocking creatures are declared."}, {"date": "2013-07-01", "text": "Colossal Whale's ability causes a zone change with a duration, a new style of ability that's somewhat reminiscent of older cards like Oblivion Ring. However, unlike Oblivion Ring, cards like Colossal Whale have a single ability that creates two one-shot effects: one that exiles the creature when the ability resolves, and another that returns the exiled card to the battlefield immediately after Colossal Whale leaves the battlefield."}, {"date": "2013-07-01", "text": "If Colossal Whale leaves the battlefield before its triggered ability resolves, the target creature won't be exiled."}, {"date": "2013-07-01", "text": "Auras attached to the exiled creature will be put into their owners' graveyards. Equipment attached to the exiled creature will become unattached and remain on the battlefield. Any counters on the exiled creature will cease to exist."}, {"date": "2013-07-01", "text": "If a creature token is exiled, it ceases to exist. It won't be returned to the battlefield."}, {"date": "2013-07-01", "text": "The exiled card returns to the battlefield immediately after Colossal Whale leaves the battlefield. Nothing happens between the two events, including state-based actions. The two creatures aren't on the battlefield at the same time. For example, if the returning creature is a Clone, it can't enter the battlefield as a copy of Colossal Whale."}, {"date": "2013-07-01", "text": "In a multiplayer game, if Colossal Whale's owner leaves the game, the exiled card will return to the battlefield. Because the one-shot effect that returns the card isn't an ability that goes on the stack, it won't cease to exist along with the leaving player's spells and abilities on the stack."}], "setCode": "PM14", "subtypes": ["Whale"], "supertypes": [], "text": "Islandwalk (This creature can't be blocked as long as defending player controls an Island.)\nWhenever Colossal Whale attacks, you may exile target creature defending player controls until Colossal Whale leaves the battlefield. (That creature returns under its owner's control.)", "toughness": "5", "type": "Creature — Whale", "types": ["Creature"], "uuid": "923f67c6-b478-5f00-a349-1a9b0e789f7d", "watermark": "set (M14)"}, {"artist": "Jesper Ejsing", "artistIds": ["a5f8354a-8b51-4e59-96b2-0e3aeae4fa1d"], "availability": ["paper"], "borderColor": "black", "colorIdentity": ["R"], "colors": ["R"], "convertedManaCost": 2.0, "edhrecRank": 6178, "edhrecSaltiness": 0.31, "finishes": ["foil"], "foreignData": [], "frameVersion": "2003", "hasFoil": true, "hasNonFoil": false, "identifiers": {"cardKingdomFoilId": "192816", "cardsphereId": "18919", "mcmId": "263146", "mtgjsonV4Id": "7025c5bf-9bd9-5437-a8a0-03449c1db9d6", "scryfallId": "e4d3dbc0-bc12-437b-968f-ceb8edc9de50", "scryfallIllustrationId": "7fce43cb-8d65-453f-a3e5-d4c0d6512845", "scryfallOracleId": "84b55e6b-5ce3-49af-95fe-46c029e0260c", "tcgplayerProductId": "77300"}, "isFullArt": true, "isPromo": true, "isReprint": true, "isStarter": true, "language": "English", "layout": "normal", "legalities": {"commander": "Legal", "duel": "Legal", "legacy": "Legal", "modern": "Legal", "oathbreaker": "Legal", "penny": "Legal", "pioneer": "Legal", "vintage": "Legal"}, "manaCost": "{1}{R}", "manaValue": 2.0, "name": "Goblin Diplomats", "number": "141★", "power": "2", "printings": ["DDT", "M14", "PM14", "PRM"], "promoTypes": ["setpromo", "gameday"], "purchaseUrls": {"cardKingdomFoil": "https://mtgjson.com/links/69e9ebdae45968a0", "tcgplayer": "https://mtgjson.com/links/6181177687f38952"}, "rarity": "rare", "rulings": [{"date": "2013-07-01", "text": "The controller of each creature still decides which player or planeswalker that creature attacks."}, {"date": "2013-07-01", "text": "Creatures that enter the battlefield (or noncreature permanents that become creatures) after the ability resolves are affected by the ability and must attack if able."}, {"date": "2013-07-01", "text": "If, during a player’s declare attackers step, a creature is tapped, is affected by a spell or ability that says it can’t attack, or hasn’t been under that player’s control continuously since the turn began (and doesn’t have haste), then it doesn’t attack. If there’s a cost associated with having a creature attack, the player isn’t forced to pay that cost, so it doesn’t have to attack in that case either."}], "setCode": "PM14", "subtypes": ["Goblin"], "supertypes": [], "text": "{T}: Each creature attacks this turn if able.", "toughness": "1", "type": "Creature — Goblin", "types": ["Creature"], "uuid": "9c44909f-010a-5d6a-b125-f4dfd9591cd8"}, {"artist": "Lucas Graciano", "artistIds": ["ce98f39c-7cdd-47e6-a520-6c50443bb4c2"], "availability": ["paper"], "borderColor": "black", "colorIdentity": ["G"], "colors": ["G"], "convertedManaCost": 6.0, "edhrecRank": 4920, "edhrecSaltiness": 0.24, "finishes": ["foil"], "flavorText": "Even the thrums, the lowliest of slivers, become deadly in its presence.", "foreignData": [], "frameVersion": "2003", "hasFoil": true, "hasNonFoil": false, "identifiers": {"cardKingdomFoilId": "192813", "cardsphereId": "37330", "mcmId": "263148", "mtgjsonV4Id": "f331e84e-f445-525b-b236-e66189a097cf", "scryfallId": "3ddea611-856c-41e4-909a-80826f3dfca1", "scryfallIllustrationId": "ceaaa463-77be-4670-9da3-ddecb54036d6", "scryfallOracleId": "52e8ec03-23ed-43a0-bce2-ad0cd5c4d737", "tcgplayerProductId": "71283"}, "isPromo": true, "isReprint": true, "isStarter": true, "language": "English", "layout": "normal", "legalities": {"commander": "Legal", "duel": "Legal", "legacy": "Legal", "modern": "Legal", "oathbreaker": "Legal", "penny": "Legal", "pioneer": "Legal", "vintage": "Legal"}, "manaCost": "{5}{G}", "manaValue": 6.0, "name": "Megantic Sliver", "number": "185★", "power": "3", "printings": ["CMM", "M14", "PM14", "PRM", "SLD"], "promoTypes": ["setpromo", "datestamped", "prerelease"], "purchaseUrls": {"cardKingdomFoil": "https://mtgjson.com/links/50495e3cba4073ec", "tcgplayer": "https://mtgjson.com/links/8739e3ee78afb505"}, "rarity": "rare", "rulings": [{"date": "2013-07-01", "text": "If you change the creature type of a Sliver you control so it’s no longer a Sliver, it will no longer be affected by its own ability. Its ability will continue to affect other Sliver creatures you control."}, {"date": "2013-07-01", "text": "Abilities that Slivers grant, as well as power/toughness boosts, are cumulative. However, for some abilities, like flying, having more than one instance of the ability doesn’t provide any additional benefit."}], "setCode": "PM14", "subtypes": ["Sliver"], "supertypes": [], "text": "Sliver creatures you control get +3/+3.", "toughness": "3", "type": "Creature — Sliver", "types": ["Creature"], "uuid": "5eb920e9-70f8-588e-bcf7-4ef0556e078c", "watermark": "set (M14)"}, {"artist": "Dan Scott", "artistIds": ["f852fa13-137e-40f2-bbc1-0f01df09c0e0"], "availability": ["paper"], "borderColor": "black", "colorIdentity": [], "colors": [], "convertedManaCost": 2.0, "edhrecRank": 8398, "edhrecSaltiness": 0.42, "finishes": ["foil"], "foreignData": [], "frameVersion": "2003", "hasFoil": true, "hasNonFoil": false, "identifiers": {"cardKingdomFoilId": "192817", "cardsphereId": "7740", "mcmId": "263147", "mtgjsonV4Id": "23858655-cd57-5c39-b918-7aea18bedae2", "scryfallId": "0784c211-18d3-460a-aacc-272449a7dbbc", "scryfallIllustrationId": "69b1f566-0215-4e61-8148-cf316db70d73", "scryfallOracleId": "255d752a-8251-4e4c-99d6-4a1648de1474", "tcgplayerProductId": "71224"}, "isPromo": true, "isReprint": true, "isStarter": true, "language": "English", "layout": "normal", "legalities": {"commander": "Legal", "duel": "Legal", "explorer": "Legal", "gladiator": "Legal", "historic": "Legal", "historicbrawl": "Legal", "legacy": "Legal", "modern": "Legal", "oathbreaker": "Legal", "pioneer": "Legal", "predh": "Legal", "vintage": "Legal"}, "manaCost": "{2}", "manaValue": 2.0, "name": "Ratchet Bomb", "number": "215★", "printings": ["2XM", "HA3", "M14", "PM14", "PRM", "SOM"], "promoTypes": ["setpromo", "buyabox"], "purchaseUrls": {"cardKingdomFoil": "https://mtgjson.com/links/81b35faa653c8b79", "tcgplayer": "https://mtgjson.com/links/6c342f4307e84128"}, "rarity": "rare", "rulings": [{"date": "2020-08-07", "text": "Tokens that aren't a copy of something else don't have a mana cost. Anything without a mana cost normally has a mana value of 0."}, {"date": "2020-08-07", "text": "If a permanent has {X} in its mana cost, X is considered to be 0."}], "setCode": "PM14", "subtypes": [], "supertypes": [], "text": "{T}: Put a charge counter on Ratchet Bomb.\n{T}, Sacrifice Ratchet Bomb: Destroy each nonland permanent with mana value equal to the number of charge counters on Ratchet Bomb.", "type": "Artifact", "types": ["Artifact"], "uuid": "cb9815b1-f7b6-5b20-8423-516e9f0fb4f7", "watermark": "colorpie"}], "code": "PM14", "isFoilOnly": false, "isOnlineOnly": false, "keyruneCode": "M14", "languages": ["English"], "name": "Magic 2014 Promos", "parentCode": "M14", "releaseDate": "2013-07-18", "tokens": [], "totalSetSize": 5, "translations": {}, "type": "promo"}}