{"meta": {"date": "2023-08-19", "version": "5.2.1+20230819"}, "data": {"baseSetSize": 13, "cards": [{"artist": "Winona Nelson", "artistIds": ["e45fe8d3-75d6-42c9-a2df-e945ad81ea27"], "availability": ["paper"], "borderColor": "black", "colorIdentity": ["W"], "colors": ["W"], "convertedManaCost": 7.0, "edhrecRank": 6062, "edhrecSaltiness": 0.53, "finishes": ["foil"], "flavorText": "Cut it down, bury it in snow, put it to the torch. The rose will still bloom again.", "foreignData": [], "frameVersion": "2015", "hasFoil": true, "hasNonFoil": false, "identifiers": {"cardKingdomFoilId": "196090", "cardsphereId": "37419", "mcmId": "267993", "mtgjsonV4Id": "d9a9f7e3-da37-5f5b-91e4-988c5877b2b5", "scryfallId": "f7d35240-f52d-4bd6-b3b3-5074af17200e", "scryfallIllustrationId": "4e3a5207-2743-41f2-9ffd-e872a60f96ce", "scryfallOracleId": "0d6dc95d-55ce-4ef8-b065-d7203f5bf642", "tcgplayerProductId": "91620"}, "isPromo": true, "isReprint": true, "isStarter": true, "keywords": ["Flying"], "language": "English", "layout": "normal", "legalities": {"commander": "Legal", "duel": "Legal", "legacy": "Legal", "modern": "Legal", "oathbreaker": "Legal", "penny": "Legal", "pioneer": "Legal", "vintage": "Legal"}, "manaCost": "{5}{W}{W}", "manaValue": 7.0, "name": "Resolute Archangel", "number": "28", "power": "4", "printings": ["M15", "PM15", "PRM"], "promoTypes": ["setpromo", "datestamped", "prerelease"], "purchaseUrls": {"cardKingdomFoil": "https://mtgjson.com/links/38b1de7ce9e2884d", "tcgplayer": "https://mtgjson.com/links/c86c339db9596df4"}, "rarity": "rare", "rulings": [{"date": "2014-07-18", "text": "Your starting life total is the life total you began the game with. For most two-player formats, this is 20. For Two-Headed Giant, it’s the life total your team started with, usually 30. In Commander games, your starting life total is 40."}, {"date": "2014-07-18", "text": "If your life total is less than your starting life total, you actually gain the appropriate amount of life. Other effects that interact with life gain will interact with Resolute Archangel’s ability accordingly."}], "securityStamp": "oval", "setCode": "PM15", "subtypes": ["Angel"], "supertypes": [], "text": "Flying\nWhen Resolute Archangel enters the battlefield, if your life total is less than your starting life total, it becomes equal to your starting life total.", "toughness": "4", "type": "Creature — Angel", "types": ["Creature"], "uuid": "b79cae48-4768-5080-b44a-b15c1b5cc692", "watermark": "set"}, {"artist": "Jack Wang", "artistIds": ["331942ac-401c-4af3-9d70-85f67717496c"], "availability": ["paper"], "borderColor": "black", "colorIdentity": ["U"], "colors": ["U"], "convertedManaCost": 3.0, "edhrecRank": 767, "edhrecSaltiness": 0.23, "finishes": ["nonfoil", "foil"], "flavorText": "Designed by Mike Neumann", "foreignData": [], "frameVersion": "2015", "hasFoil": true, "hasNonFoil": true, "identifiers": {"cardKingdomFoilId": "233438", "cardKingdomId": "233349", "cardsphereId": "70663", "mcmId": "461504", "mtgjsonV4Id": "918860ef-c360-5930-8619-0a737f6ec998", "scryfallId": "f8d77ce7-f6f3-4f76-9957-8ca3734f403b", "scryfallIllustrationId": "ba70e583-fc60-47b9-b623-5f0714e852a0", "scryfallOracleId": "69facbc7-3859-4716-b627-5199571fb3cf", "tcgplayerProductId": "214093"}, "isPromo": true, "isReprint": true, "isStarter": true, "language": "English", "layout": "normal", "legalities": {"commander": "Legal", "duel": "Legal", "legacy": "Legal", "modern": "Legal", "oathbreaker": "Legal", "penny": "Legal", "pioneer": "Legal", "vintage": "Legal"}, "manaCost": "{2}{U}", "manaValue": 3.0, "name": "Chasm Skulker", "number": "46p", "power": "1", "printings": ["C16", "CLB", "M15", "MB1", "MOC", "NCC", "PM15"], "promoTypes": ["setpromo", "promopack", "stamped", "planeswalkerstamped"], "purchaseUrls": {"cardKingdom": "https://mtgjson.com/links/dde54bf199f32729", "cardKingdomFoil": "https://mtgjson.com/links/e768c71ddf8d20e6", "tcgplayer": "https://mtgjson.com/links/b0e28037fb470518"}, "rarity": "rare", "rulings": [{"date": "2014-07-18", "text": "If you draw multiple cards, the first ability will trigger that many times. Each of these abilities will cause a +1/+1 counter to be put on Chasm Skulker."}, {"date": "2014-07-18", "text": "If enough -1/-1 counters are put on Chasm Skulker at the same time to make its toughness 0 or less, the number of +1/+1 counters on it before it got any -1/-1 counters will be used to determine how many Squid tokens you get. For example, if there are two +1/+1 counters on Chasm Skulker and it gets three -1/-1 counters, you'll get two Squid tokens."}], "securityStamp": "oval", "setCode": "PM15", "subtypes": ["Squid", "Horror"], "supertypes": [], "text": "Whenever you draw a card, put a +1/+1 counter on Chasm Skulker.\nWhen Chasm Skulker dies, create X 1/1 blue Squid creature tokens with islandwalk, where X is the number of +1/+1 counters on Chasm Skulker. (They can't be blocked as long as defending player controls an Island.)", "toughness": "1", "type": "Creature — Squid Horror", "types": ["Creature"], "uuid": "22b6b1af-988d-546a-b280-24a1b67b50a1"}, {"artist": "Ryan Barger", "artistIds": ["a4e0102e-bbeb-497c-babc-1c0741fea914"], "availability": ["paper"], "borderColor": "black", "colorIdentity": ["U"], "colors": ["U"], "convertedManaCost": 2.0, "edhrecRank": 4477, "edhrecSaltiness": 0.27, "finishes": ["foil"], "flavorText": "An eye for detail, a mind for numbers, a soul of clockwork.", "foreignData": [], "frameVersion": "2015", "hasFoil": true, "hasNonFoil": false, "identifiers": {"cardKingdomFoilId": "196097", "cardsphereId": "18906", "mcmId": "267996", "mtgjsonV4Id": "bca704d0-c943-5327-b1db-c3b1ff722d7f", "scryfallId": "e288e02f-615b-4911-a915-1f86f8921ac7", "scryfallIllustrationId": "fccbd509-0c68-497e-ab52-b64fa6765e9b", "scryfallOracleId": "02dbb6f8-ef84-4156-87dc-34033e64fdb7", "tcgplayerProductId": "91625"}, "isFullArt": true, "isPromo": true, "isReprint": true, "isStarter": true, "language": "English", "layout": "normal", "legalities": {"commander": "Legal", "duel": "Legal", "legacy": "Legal", "modern": "Legal", "oathbreaker": "Legal", "penny": "Legal", "pioneer": "Legal", "vintage": "Legal"}, "manaCost": "{1}{U}", "manaValue": 2.0, "name": "Chief Engineer", "number": "47", "power": "1", "printings": ["C16", "M15", "PM15", "PRM"], "promoTypes": ["setpromo", "gameday"], "purchaseUrls": {"cardKingdomFoil": "https://mtgjson.com/links/a5f5d26223fe2a90", "tcgplayer": "https://mtgjson.com/links/d524baa57d3ae3cc"}, "rarity": "rare", "rulings": [{"date": "2014-07-18", "text": "Multiple instances of convoke on a single spell are redundant."}, {"date": "2021-03-19", "text": "You can tap any untapped creature you control to convoke a spell, even one you haven’t controlled continuously since the beginning of your most recent turn."}, {"date": "2021-03-19", "text": "When calculating a spell’s total cost, include any alternative costs, additional costs, or anything else that increases or reduces the cost to cast the spell. Convoke applies after the total cost is calculated. Convoke doesn’t change a spell’s mana cost or mana value."}, {"date": "2021-03-19", "text": "If a creature you control has a mana ability with {T} in the cost, activating that ability while casting a spell with convoke will result in the creature being tapped before you pay the spell’s costs. You won’t be able to tap it again for convoke. Similarly, if you sacrifice a creature to activate a mana ability while casting a spell with convoke, that creature won’t be on the battlefield when you pay the spell’s costs, so you won’t be able to tap it for convoke."}], "securityStamp": "oval", "setCode": "PM15", "subtypes": ["Vedalken", "Artificer"], "supertypes": [], "text": "Artifact spells you cast have convoke. (Your creatures can help cast those spells. Each creature you tap while casting an artifact spell pays for {1} or one mana of that creature's color.)", "toughness": "3", "type": "Creature — Vedalken Artificer", "types": ["Creature"], "uuid": "9e01509c-37c2-53e6-8e6e-5ba098d24231"}, {"artist": "Karla Ortiz", "artistIds": ["286a7773-06e5-465c-8a2a-76dfcb4ad110"], "availability": ["paper"], "borderColor": "black", "colorIdentity": ["U"], "colors": ["U"], "convertedManaCost": 5.0, "edhrecRank": 9697, "finishes": ["foil"], "flavorText": "The king went off to find himself. Imagine his terror when he succeeded.", "foreignData": [], "frameVersion": "2015", "hasFoil": true, "hasNonFoil": false, "identifiers": {"cardKingdomFoilId": "196091", "cardsphereId": "37331", "mcmId": "267994", "mtgjsonV4Id": "259804ca-11e3-541c-8ccf-ae7ff3f1d783", "scryfallId": "3998c87e-e71f-4432-afca-974c9dc79676", "scryfallIllustrationId": "27f40c4f-37c4-4200-abf8-0a894af30f5e", "scryfallOracleId": "07d0bd24-7731-4abb-9dc6-912aa17943f2", "tcgplayerProductId": "91623"}, "isPromo": true, "isReprint": true, "isStarter": true, "language": "English", "layout": "normal", "legalities": {"commander": "Legal", "duel": "Legal", "legacy": "Legal", "modern": "Legal", "oathbreaker": "Legal", "penny": "Legal", "pioneer": "Legal", "vintage": "Legal"}, "manaCost": "{4}{U}", "manaValue": 5.0, "name": "Mercurial Pretender", "number": "68", "power": "0", "printings": ["M15", "PM15", "PRM"], "promoTypes": ["setpromo", "datestamped", "prerelease"], "purchaseUrls": {"cardKingdomFoil": "https://mtgjson.com/links/9c1c03f63533efc0", "tcgplayer": "https://mtgjson.com/links/0c524fa3b59d4774"}, "rarity": "rare", "rulings": [{"date": "2014-07-18", "text": "Mercurial Pretender’s ability doesn’t target the chosen creature."}, {"date": "2014-07-18", "text": "The activated ability Mercurial Pretender gives itself becomes part of its copiable values. Unless the ability is overwritten by another copy effect, a creature that’s a copy of Mercurial Pretender will have that ability."}, {"date": "2014-07-18", "text": "Mercurial Pretender copies exactly what was printed on the original creature and nothing more (unless that creature is copying something else or is a token; see below). It doesn’t copy whether that creature is tapped or untapped, whether it has any counters on it or Auras attached to it, or any non-copy effects that have changed its power, toughness, types, color, etc. For example, if Mercurial Pretender enters the battlefield as a copy of a Profane Memento with Ensoul Artifact attached to it, Mercurial Pretender will be a noncreature Profane Memento with Mercurial Pretender’s added activated ability."}, {"date": "2014-07-18", "text": "If the chosen creature has {X} in its mana cost (such as Genesis Hydra), X is 0."}, {"date": "2014-07-18", "text": "If the chosen creature is copying something else (for example, if the chosen creature is another Mercurial Pretender), then Mercurial Pretender enters the battlefield as whatever the chosen creature is copying (plus any abilities it gained as part of the copying process, if applicable)."}, {"date": "2014-07-18", "text": "If the chosen creature is a token, Mercurial Pretender copies the original characteristics of that token as stated by the effect that put the token onto the battlefield. Mercurial Pretender is not a token, even when copying one."}, {"date": "2014-07-18", "text": "Any enters-the-battlefield abilities of the copied creature will trigger when Mercurial Pretender enters the battlefield. Any “as [this creature] enters the battlefield” or “[this creature] enters the battlefield with” abilities of the chosen creature will also work."}, {"date": "2014-07-18", "text": "If Mercurial Pretender somehow enters the battlefield at the same time as another creature, Mercurial Pretender can’t become a copy of that creature. You may choose only a creature that’s already on the battlefield."}, {"date": "2014-07-18", "text": "You can choose not to copy anything. In that case, Mercurial Pretender enters the battlefield as a 0/0 Shapeshifter creature, and is probably put into the graveyard immediately."}], "securityStamp": "oval", "setCode": "PM15", "subtypes": ["Shapeshifter"], "supertypes": [], "text": "You may have Mercurial Pretender enter the battlefield as a copy of a creature you control, except it has \"{2}{U}{U}: Return this creature to its owner's hand.\"", "toughness": "0", "type": "Creature — Shapeshifter", "types": ["Creature"], "uuid": "368ba924-f957-5196-a86b-febb5f6c51e1", "watermark": "set"}, {"artist": "Brad Rigney", "artistIds": ["f17194b9-10e9-44ea-9b65-6812ab398624"], "availability": ["paper"], "borderColor": "black", "colorIdentity": ["B"], "colors": ["B"], "convertedManaCost": 9.0, "edhrecRank": 649, "edhrecSaltiness": 0.47, "finishes": ["foil"], "flavorText": "Beyond pain, beyond obsession and wild despair, there lies a place of twisted power only the most tormented souls can reach.", "foreignData": [], "frameVersion": "2015", "hasFoil": true, "hasNonFoil": false, "identifiers": {"cardKingdomFoilId": "196095", "cardsphereId": "23891", "mcmId": "268047", "mtgjsonV4Id": "8978904c-82f0-5428-8575-b84186886c57", "scryfallId": "987ace55-8f39-4d5e-8604-9e99d065b4d5", "scryfallIllustrationId": "7cfebe5a-4cce-42d3-9e15-33056166f641", "scryfallOracleId": "a6899b94-427d-4851-a474-4087e0a0918a", "tcgplayerProductId": "90909"}, "isPromo": true, "isReprint": true, "isStarter": true, "language": "English", "layout": "normal", "legalities": {"commander": "Legal", "duel": "Legal", "legacy": "Legal", "modern": "Legal", "oathbreaker": "Legal", "penny": "Legal", "pioneer": "Legal", "vintage": "Legal"}, "manaCost": "{7}{B}{B}", "manaValue": 9.0, "name": "In Garruk's Wake", "number": "100", "printings": ["C16", "C19", "CLB", "M15", "PM15", "PRM", "ZNC"], "promoTypes": ["setpromo", "datestamped", "release"], "purchaseUrls": {"cardKingdomFoil": "https://mtgjson.com/links/75943a2a94c8e0da", "tcgplayer": "https://mtgjson.com/links/d3d6cdb9fc773d2f"}, "rarity": "rare", "securityStamp": "oval", "setCode": "PM15", "subtypes": [], "supertypes": [], "text": "Destroy all creatures you don't control and all planeswalkers you don't control.", "type": "Sorcery", "types": ["Sorcery"], "uuid": "3388f9c9-f76c-510e-bbf3-812b751637a4", "variations": ["04d1cebd-93bb-5b16-87e2-b228742cab9e"], "watermark": "set"}, {"artist": "Chase Stone", "artistIds": ["2d753f61-5f5b-468e-97ea-8e0fdd347340"], "availability": ["paper"], "borderColor": "black", "colorIdentity": ["B"], "colors": ["B"], "convertedManaCost": 9.0, "edhrecRank": 649, "edhrecSaltiness": 0.47, "finishes": ["nonfoil", "foil"], "flavorText": "Beyond pain, beyond obsession and wild despair, there lies a place of twisted power only the most tormented souls can reach.", "foreignData": [], "frameVersion": "2015", "hasFoil": true, "hasNonFoil": true, "identifiers": {"cardKingdomFoilId": "231668", "cardKingdomId": "231631", "cardsphereId": "65960", "mcmId": "434769", "mtgjsonV4Id": "d9592694-5752-5449-ade8-951f9f244834", "scryfallId": "19d774ac-394f-4c35-90d0-b94a8236773c", "scryfallIllustrationId": "7d93b581-1f2f-4574-a9d0-983d24c43155", "scryfallOracleId": "a6899b94-427d-4851-a474-4087e0a0918a", "tcgplayerProductId": "207691"}, "isAlternative": true, "isPromo": true, "isReprint": true, "isStarter": true, "language": "English", "layout": "normal", "legalities": {"commander": "Legal", "duel": "Legal", "legacy": "Legal", "modern": "Legal", "oathbreaker": "Legal", "penny": "Legal", "pioneer": "Legal", "vintage": "Legal"}, "manaCost": "{7}{B}{B}", "manaValue": 9.0, "name": "In Garruk's Wake", "number": "100p", "printings": ["C16", "C19", "CLB", "M15", "PM15", "PRM", "ZNC"], "promoTypes": ["setpromo", "promopack", "stamped", "planeswalkerstamped"], "purchaseUrls": {"cardKingdom": "https://mtgjson.com/links/b6e9d4a9c382c302", "cardKingdomFoil": "https://mtgjson.com/links/b181a52f576feed0", "tcgplayer": "https://mtgjson.com/links/6c106f6e27ed4d0c"}, "rarity": "rare", "securityStamp": "oval", "setCode": "PM15", "subtypes": [], "supertypes": [], "text": "Destroy all creatures you don't control and all planeswalkers you don't control.", "type": "Sorcery", "types": ["Sorcery"], "uuid": "04d1cebd-93bb-5b16-87e2-b228742cab9e", "variations": ["3388f9c9-f76c-510e-bbf3-812b751637a4"]}, {"artist": "Karl Kopinski", "artistIds": ["0fad2c48-a56e-4a0b-b512-224f6f238f20"], "availability": ["paper"], "borderColor": "black", "colorIdentity": ["B"], "colors": ["B"], "convertedManaCost": 5.0, "edhrecRank": 3220, "edhrecSaltiness": 0.25, "finishes": ["foil"], "flavorText": "The promise of anguish is payment enough for services rendered.", "foreignData": [], "frameVersion": "2015", "hasFoil": true, "hasNonFoil": false, "identifiers": {"cardKingdomFoilId": "196092", "cardsphereId": "37268", "mcmId": "267990", "mtgjsonV4Id": "bb7a2d79-3ac8-538f-9131-c6fccf4c227e", "scryfallId": "abf73a12-a9ca-44fd-a2ae-5fde7392d2fc", "scryfallIllustrationId": "40665150-f373-4d8f-beef-63311e80947c", "scryfallOracleId": "8b202c63-c961-4590-958f-d17e76610ab5", "tcgplayerProductId": "91622"}, "isPromo": true, "isReprint": true, "isStarter": true, "keywords": ["Flying"], "language": "English", "layout": "normal", "legalities": {"commander": "Legal", "duel": "Legal", "legacy": "Legal", "modern": "Legal", "oathbreaker": "Legal", "paupercommander": "Restricted", "penny": "Legal", "pioneer": "Legal", "vintage": "Legal"}, "manaCost": "{3}{B}{B}", "manaValue": 5.0, "name": "Indulgent Tormentor", "number": "101", "power": "5", "printings": ["DDR", "IMA", "M15", "PM15", "PRM", "SCD"], "promoTypes": ["setpromo", "datestamped", "prerelease"], "purchaseUrls": {"cardKingdomFoil": "https://mtgjson.com/links/63f78f17147200d3", "tcgplayer": "https://mtgjson.com/links/4b5c06948863c269"}, "rarity": "rare", "rulings": [{"date": "2017-11-17", "text": "The opponent chooses whether they sacrifice a creature, pays 3 life, or allows you to draw a card. That player can’t make an impossible choice, such as sacrificing a creature while they control no creatures."}, {"date": "2017-11-17", "text": "If there are no legal targets to choose, perhaps because all your opponents have hexproof, the ability is removed from the stack with no effect. You won’t draw a card. This is also true if the target opponent becomes an illegal target in response to the ability."}], "securityStamp": "oval", "setCode": "PM15", "subtypes": ["Demon"], "supertypes": [], "text": "Flying\nAt the beginning of your upkeep, draw a card unless target opponent sacrifices a creature or pays 3 life.", "toughness": "3", "type": "Creature — Demon", "types": ["Creature"], "uuid": "f29ebc89-ef5a-5f3a-aab9-6282cc255c36", "watermark": "set"}, {"artist": "Karl Kopinski", "artistIds": ["0fad2c48-a56e-4a0b-b512-224f6f238f20"], "availability": ["paper"], "borderColor": "black", "colorIdentity": ["B"], "colors": ["B"], "convertedManaCost": 6.0, "edhrecRank": 2273, "edhrecSaltiness": 0.65, "finishes": ["nonfoil", "foil"], "flavorText": "Designed by Brad Muir", "foreignData": [], "frameEffects": ["legendary"], "frameVersion": "2015", "hasFoil": true, "hasNonFoil": true, "identifiers": {"cardKingdomFoilId": "245741", "cardKingdomId": "245740", "cardsphereId": "77291", "mcmId": "503810", "mtgjsonV4Id": "c2f62c19-1594-5aae-b91c-9d0c23ab0511", "scryfallId": "b74b3c3f-b6ee-4371-bbe7-a74b1d0a7f72", "scryfallIllustrationId": "ab653b3f-5543-4c4f-b414-b6ce81728b2d", "scryfallOracleId": "73021bd2-3b60-4fe4-8858-6eb525be1422", "tcgplayerProductId": "223854"}, "isPromo": true, "isReprint": true, "isStarter": true, "keywords": ["Flying", "Trample"], "language": "English", "layout": "normal", "leadershipSkills": {"brawl": false, "commander": true, "oathbreaker": false}, "legalities": {"commander": "Legal", "duel": "Legal", "legacy": "Legal", "modern": "Legal", "oathbreaker": "Legal", "penny": "Legal", "pioneer": "Legal", "vintage": "Legal"}, "manaCost": "{4}{B}{B}", "manaValue": 6.0, "name": "Ob Nixilis, Unshackled", "number": "110p", "originalReleaseDate": "2020-09-25", "power": "4", "printings": ["2X2", "M15", "PM15"], "promoTypes": ["setpromo", "promopack", "stamped", "planeswalkerstamped"], "purchaseUrls": {"cardKingdom": "https://mtgjson.com/links/99696fd57016b0c4", "cardKingdomFoil": "https://mtgjson.com/links/02d66d5cb019f69b", "tcgplayer": "https://mtgjson.com/links/1339d25a3fc4a73e"}, "rarity": "rare", "rulings": [{"date": "2014-07-18", "text": "Ob Nixilis’s first triggered ability won’t trigger if you search an opponent’s library or if an opponent searches another player’s library."}, {"date": "2014-07-18", "text": "If the opponent controls no creatures when the first triggered ability resolves, that player still loses 10 life."}, {"date": "2014-07-18", "text": "The first triggered ability won’t be put on the stack until after the spell or ability causing the opponent to search their library finishes resolving. Notably, if that spell or ability causes any other abilities to trigger (for example, if the opponent searched for a creature card and put it onto the battlefield), those abilities and Ob Nixilis’s triggered ability will go on the stack together. The active player puts all of their abilities on the stack in any order, then each other player in turn order does the same. The last ability put onto the stack this way will be the first to resolve, and so on."}], "securityStamp": "oval", "setCode": "PM15", "subtypes": ["Demon"], "supertypes": ["Legendary"], "text": "Flying, trample\nWhenever an opponent searches their library, that player sacrifices a creature and loses 10 life.\nWhenever another creature dies, put a +1/+1 counter on Ob Nixilis, Unshackled.", "toughness": "4", "type": "Legendary Creature — Demon", "types": ["Creature"], "uuid": "3e5b6ff2-d506-5225-ab8d-a8e3bd03b4bc"}, {"artist": "Zoltan Boros", "artistIds": ["1885e6cb-c827-4896-994e-3d0a027d602f"], "availability": ["paper"], "borderColor": "black", "colorIdentity": ["R"], "colors": ["R"], "convertedManaCost": 3.0, "edhrecRank": 2767, "edhrecSaltiness": 0.17, "finishes": ["foil"], "foreignData": [], "frameVersion": "2015", "hasFoil": true, "hasNonFoil": false, "identifiers": {"cardKingdomFoilId": "196086", "cardsphereId": "7732", "mcmId": "268045", "mtgjsonV4Id": "feb00254-6b4c-506c-8ed7-9597f3a55c42", "scryfallId": "80ef4153-256b-47b9-8d2c-262527412588", "scryfallIllustrationId": "36c841b4-9008-491e-9724-7cdf2a4644e9", "scryfallOracleId": "24661b81-6bee-4ad8-b3ab-53cb65005c51", "tcgplayerProductId": "91627"}, "isPromo": true, "isReprint": true, "isStarter": true, "language": "English", "layout": "normal", "legalities": {"commander": "Legal", "duel": "Legal", "legacy": "Legal", "modern": "Legal", "oathbreaker": "Legal", "pioneer": "Legal", "vintage": "Legal"}, "manaCost": "{2}{R}", "manaValue": 3.0, "name": "Goblin Rabblemaster", "number": "145", "power": "2", "printings": ["DDT", "J22", "M15", "P30A", "PM15", "PRM", "SLD"], "promoTypes": ["setpromo", "buyabox"], "purchaseUrls": {"cardKingdomFoil": "https://mtgjson.com/links/204d759b85a5ea71", "tcgplayer": "https://mtgjson.com/links/5a7d123e872a5897"}, "rarity": "rare", "rulings": [{"date": "2014-07-18", "text": "Although Goblin Rabblemaster doesn’t force itself to attack, if you control two of them, they’ll force each other to attack if able."}, {"date": "2014-07-18", "text": "If, during your declare attackers step, a creature that must attack if able is tapped, is affected by a spell or ability that says it can’t attack, or hasn’t been under your control continuously since the turn began (and doesn’t have haste), then it doesn’t attack. If there’s a cost associated with having a creature attack, you’re not forced to pay that cost, so it doesn’t have to attack in that case either."}, {"date": "2014-07-18", "text": "The number of attacking Goblins is counted as the last ability resolves, and the bonus is locked in at that time."}], "securityStamp": "oval", "setCode": "PM15", "subtypes": ["Goblin", "Warrior"], "supertypes": [], "text": "Other Goblin creatures you control attack each combat if able.\nAt the beginning of combat on your turn, create a 1/1 red Goblin creature token with haste.\nWhenever Goblin Rabblemaster attacks, it gets +1/+0 until end of turn for each other attacking Goblin.", "toughness": "2", "type": "Creature — Goblin Warrior", "types": ["Creature"], "uuid": "7496e95e-b082-5be8-8df5-2c7eb4478e8d", "watermark": "colorpie"}, {"artist": "Steve Prescott", "artistIds": ["a1139fb8-41f5-4a9e-9a74-f662e1a23b35"], "availability": ["paper"], "borderColor": "black", "colorIdentity": ["R"], "colors": ["R"], "convertedManaCost": 7.0, "edhrecRank": 9983, "finishes": ["foil"], "foreignData": [], "frameVersion": "2015", "hasFoil": true, "hasNonFoil": false, "identifiers": {"cardKingdomFoilId": "196093", "cardsphereId": "37453", "mcmId": "267992", "mtgjsonV4Id": "5df7b2b3-695f-5ab5-8a8b-36a10cb5bfae", "scryfallId": "0dbb805e-a885-42bd-9283-8557343998ed", "scryfallIllustrationId": "1b95b38a-c711-4636-b2d9-1e57fb693613", "scryfallOracleId": "206539a6-0e60-4986-bc57-c2b89e08b9f2", "tcgplayerProductId": "91621"}, "isPromo": true, "isReprint": true, "isStarter": true, "keywords": ["Flying"], "language": "English", "layout": "normal", "legalities": {"alchemy": "Legal", "commander": "Legal", "duel": "Legal", "explorer": "Legal", "gladiator": "Legal", "historic": "Legal", "historicbrawl": "Legal", "legacy": "Legal", "modern": "Legal", "oathbreaker": "Legal", "penny": "Legal", "pioneer": "Legal", "vintage": "Legal"}, "manaCost": "{5}{R}{R}", "manaValue": 7.0, "name": "Siege Dragon", "number": "162", "power": "5", "printings": ["ANB", "M15", "PM15", "PRM"], "promoTypes": ["setpromo", "datestamped", "prerelease"], "purchaseUrls": {"cardKingdomFoil": "https://mtgjson.com/links/835bff59b8360deb", "tcgplayer": "https://mtgjson.com/links/665db574ef9a5046"}, "rarity": "rare", "securityStamp": "oval", "setCode": "PM15", "subtypes": ["Dragon"], "supertypes": [], "text": "Flying\nWhen Siege Dragon enters the battlefield, destroy all Walls your opponents control.\nWhenever Siege Dragon attacks, if defending player controls no Walls, it deals 2 damage to each creature without flying that player controls.", "toughness": "5", "type": "Creature — Dragon", "types": ["Creature"], "uuid": "1882b29e-9431-5a31-bcac-293c5fed0755", "watermark": "set"}, {"artist": "Marco Nelor", "artistIds": ["c0f95ec3-c7ca-47d6-be5c-b37dfce37be5"], "availability": ["paper"], "borderColor": "black", "colorIdentity": ["G"], "colors": ["G"], "convertedManaCost": 6.0, "edhrecRank": 6187, "edhrecSaltiness": 0.27, "finishes": ["foil"], "flavorText": "Its root system spans the entire floor of the jungle, making eradication impossible.", "foreignData": [], "frameVersion": "2015", "hasFoil": true, "hasNonFoil": false, "identifiers": {"cardKingdomFoilId": "196094", "cardsphereId": "37389", "mcmId": "267991", "mtgjsonV4Id": "6a3785e1-de2f-5738-855e-0a3f0553be4c", "scryfallId": "191e7b1c-0430-477e-8cb2-df5d8adeb2e4", "scryfallIllustrationId": "a2d236b7-dd84-47cd-8aa5-4caf5ccaed36", "scryfallOracleId": "2541e0cd-2cc1-4e47-94e3-030c1cb1a6bd", "tcgplayerProductId": "91619"}, "isPromo": true, "isReprint": true, "isStarter": true, "language": "English", "layout": "normal", "legalities": {"commander": "Legal", "duel": "Legal", "legacy": "Legal", "modern": "Legal", "oathbreaker": "Legal", "penny": "Legal", "pioneer": "Legal", "vintage": "Legal"}, "manaCost": "{4}{G}{G}", "manaValue": 6.0, "name": "Phytotitan", "number": "191", "power": "7", "printings": ["M15", "PM15", "PRM"], "promoTypes": ["setpromo", "datestamped", "prerelease"], "purchaseUrls": {"cardKingdomFoil": "https://mtgjson.com/links/f2a693dd3d775fb3", "tcgplayer": "https://mtgjson.com/links/15540c2a3e963716"}, "rarity": "rare", "rulings": [{"date": "2014-07-18", "text": "Phytotitan’s ability will return it to the battlefield only if it’s still in the graveyard when the delayed triggered ability resolves. If it’s not, it won’t return to the battlefield."}], "securityStamp": "oval", "setCode": "PM15", "subtypes": ["Plant", "Elemental"], "supertypes": [], "text": "When Phytotitan dies, return it to the battlefield tapped under its owner's control at the beginning of their next upkeep.", "toughness": "2", "type": "Creature — Plant Elemental", "types": ["Creature"], "uuid": "91892b16-ccec-544d-adef-67bcfa36abfd", "watermark": "set (M15)"}, {"artist": "Clint Cearley", "artistIds": ["03b75350-d5a0-4e3a-b3b4-8d4a5554385b"], "availability": ["paper"], "borderColor": "black", "colorIdentity": ["G"], "colors": ["G"], "convertedManaCost": 3.0, "edhrecRank": 106, "edhrecSaltiness": 0.24, "finishes": ["nonfoil"], "flavorText": "\"What was once formed by masons, shaped by smiths, or given life by mages, I will return to the embrace of the earth.\"", "foreignData": [], "frameVersion": "2015", "hasFoil": false, "hasNonFoil": true, "identifiers": {"cardKingdomId": "196096", "cardsphereId": "18949", "mcmId": "267995", "mtgjsonV4Id": "872dc7a1-973f-558f-baa9-fcaee1947714", "scryfallId": "cac912bb-f18a-4501-a5c0-aed8cb0a9e43", "scryfallIllustrationId": "3905453d-2a80-481e-a241-f4522c1ea684", "scryfallOracleId": "032ec6e2-6cc3-4a97-9cc7-3233f5e11904", "tcgplayerProductId": "91624"}, "isFullArt": true, "isPromo": true, "isReprint": true, "isStarter": true, "language": "English", "layout": "normal", "legalities": {"commander": "Legal", "duel": "Legal", "explorer": "Legal", "gladiator": "Legal", "historic": "Legal", "historicbrawl": "Legal", "legacy": "Legal", "modern": "Legal", "oathbreaker": "Legal", "paupercommander": "Restricted", "penny": "Legal", "pioneer": "Legal", "vintage": "Legal"}, "manaCost": "{2}{G}", "manaValue": 3.0, "name": "Reclamation Sage", "number": "194", "power": "2", "printings": ["2XM", "C14", "C18", "C20", "CMA", "CMR", "J22", "KHC", "LTC", "M15", "M19", "PLIST", "PM15", "PRM", "SCD", "TSR"], "promoTypes": ["setpromo", "gameday"], "purchaseUrls": {"cardKingdom": "https://mtgjson.com/links/c5b82a37086800b0", "tcgplayer": "https://mtgjson.com/links/fe818426995362a7"}, "rarity": "uncommon", "securityStamp": "oval", "setCode": "PM15", "subtypes": ["Elf", "Shaman"], "supertypes": [], "text": "When Reclamation Sage enters the battlefield, you may destroy target artifact or enchantment.", "toughness": "1", "type": "Creature — Elf Shaman", "types": ["Creature"], "uuid": "34992108-889b-5fe0-8ae4-63b44c651b05"}, {"artist": "Daarken", "artistIds": ["e607a0d4-fc12-4c01-9e3f-501f5269b9cb"], "availability": ["paper"], "borderColor": "black", "colorIdentity": [], "colors": [], "convertedManaCost": 6.0, "edhrecRank": 2335, "edhrecSaltiness": 0.25, "finishes": ["nonfoil", "foil"], "foreignData": [], "frameVersion": "2015", "hasFoil": true, "hasNonFoil": true, "identifiers": {"cardKingdomFoilId": "231669", "cardKingdomId": "231632", "cardsphereId": "65997", "mcmId": "434764", "mtgjsonV4Id": "dbd5f21d-b052-5749-8da6-11fa0450b0cd", "scryfallId": "87a10796-0bcb-472d-9958-954851a2304a", "scryfallIllustrationId": "4b91fb17-ff6c-4dd5-80e8-fe7dc5edc076", "scryfallOracleId": "add500e1-8eeb-45d7-a10d-2fae2cc69233", "tcgplayerProductId": "207695"}, "isPromo": true, "isReprint": true, "isStarter": true, "keywords": ["Trample"], "language": "English", "layout": "normal", "legalities": {"commander": "Legal", "duel": "Legal", "legacy": "Legal", "modern": "Legal", "oathbreaker": "Legal", "penny": "Legal", "pioneer": "Legal", "vintage": "Legal"}, "manaCost": "{6}", "manaValue": 6.0, "name": "Soul of New Phyrexia", "number": "231p", "power": "6", "printings": ["C16", "C18", "CMM", "M15", "MOC", "PLIST", "PM15"], "promoTypes": ["setpromo", "promopack", "stamped", "planeswalkerstamped"], "purchaseUrls": {"cardKingdom": "https://mtgjson.com/links/a47e58b5484b5df8", "cardKingdomFoil": "https://mtgjson.com/links/057f9b5927bfe198", "tcgplayer": "https://mtgjson.com/links/7a6847427ed6e354"}, "rarity": "mythic", "rulings": [{"date": "2014-07-18", "text": "You can activate the last ability only if the Soul is in your graveyard."}, {"date": "2014-07-18", "text": "Exiling the Soul from your graveyard is part of the last ability's activation cost. A player can't remove the Soul in response to prevent you from activating the ability."}], "securityStamp": "oval", "setCode": "PM15", "subtypes": ["Phyrexian", "Avatar"], "supertypes": [], "text": "Trample\n{5}: Permanents you control gain indestructible until end of turn.\n{5}, Exile Soul of New Phyrexia from your graveyard: Permanents you control gain indestructible until end of turn.", "toughness": "6", "type": "Artifact Creature — Phyrexian Avatar", "types": ["Artifact", "Creature"], "uuid": "219e289a-4295-5e73-9763-8db2b703adb7"}], "code": "PM15", "isFoilOnly": false, "isOnlineOnly": false, "keyruneCode": "M15", "languages": ["English"], "name": "Magic 2015 Promos", "parentCode": "M15", "releaseDate": "2014-07-17", "tokens": [], "totalSetSize": 13, "translations": {}, "type": "promo"}}