{"meta": {"date": "2023-08-19", "version": "5.2.1+20230819"}, "data": {"baseSetSize": 4, "block": "Scars of Mirrodin", "cards": [{"artist": "Scott Chou", "artistIds": ["9e048547-f9c3-4958-9c2c-91e45df7c6ae"], "availability": ["paper"], "borderColor": "black", "colorIdentity": ["W"], "colors": ["W"], "convertedManaCost": 4.0, "edhrecRank": 1880, "edhrecSaltiness": 0.23, "finishes": ["foil"], "foreignData": [], "frameVersion": "2003", "hasFoil": true, "hasNonFoil": false, "identifiers": {"cardKingdomFoilId": "147766", "cardsphereId": "37253", "mcmId": "245268", "mtgjsonV4Id": "1c4f83cc-2a86-5bae-968b-e19233fad2e6", "scryfallId": "8829efa0-498a-43ca-91aa-f9caeeafe298", "scryfallIllustrationId": "bdef2378-b1b2-46fc-81df-b066da385026", "scryfallOracleId": "454a8902-8120-4373-96ee-bbf352b04e8d", "tcgplayerProductId": "48140"}, "isPromo": true, "isReprint": true, "isStarter": true, "keywords": ["Battle Cry"], "language": "English", "layout": "normal", "legalities": {"commander": "Legal", "duel": "Legal", "legacy": "Legal", "modern": "Legal", "oathbreaker": "Legal", "penny": "Legal", "predh": "Legal", "vintage": "Legal"}, "manaCost": "{2}{W}{W}", "manaValue": 4.0, "name": "Hero of Bladehold", "number": "8★", "power": "3", "printings": ["MBS", "MOC", "PMBS", "PRM"], "promoTypes": ["setpromo", "datestamped", "prerelease"], "purchaseUrls": {"cardKingdomFoil": "https://mtgjson.com/links/34887675ff415fa5", "tcgplayer": "https://mtgjson.com/links/849c2c1589300085"}, "rarity": "mythic", "rulings": [{"date": "2011-06-01", "text": "Whenever Hero of Bladehold attacks, both abilities will trigger. You can put them onto the stack in any order. If the token-creating ability resolves first, the tokens each get +1/+0 until end of turn from the battle cry ability."}, {"date": "2011-06-01", "text": "You choose which opponent or planeswalker an opponent controls that each token is attacking when it is put onto the battlefield."}, {"date": "2011-06-01", "text": "Although the tokens are attacking, they never were declared as attacking creatures (for purposes of abilities that trigger whenever a creature attacks, for example)."}], "setCode": "PMBS", "subtypes": ["Human", "Knight"], "supertypes": [], "text": "Battle cry (Whenever this creature attacks, each other attacking creature gets +1/+0 until end of turn.)\nWhenever Hero of Bladehold attacks, create two 1/1 white Soldier creature tokens that are tapped and attacking.", "toughness": "4", "type": "Creature — Human Knight", "types": ["Creature"], "uuid": "cb40d676-0e21-5a2b-9faf-51c5e3395990", "watermark": "mirran"}, {"artist": "Karl Kopinski", "artistIds": ["0fad2c48-a56e-4a0b-b512-224f6f238f20"], "availability": ["paper"], "borderColor": "black", "colorIdentity": ["W"], "colors": ["W"], "convertedManaCost": 3.0, "edhrecRank": 5809, "edhrecSaltiness": 0.22, "finishes": ["foil"], "flavorText": "A symbol of what Mirrodin once was and hope for what it will be again.", "foreignData": [], "frameVersion": "2003", "hasFoil": true, "hasNonFoil": false, "identifiers": {"cardKingdomFoilId": "185147", "cardsphereId": "7737", "mcmId": "245505", "mtgjsonV4Id": "6f06d428-d70a-55fd-9e74-f3cfec362194", "scryfallId": "d9a8a187-c479-429c-b0ef-c98153ffa5e5", "scryfallIllustrationId": "33fadc46-f0b2-4558-9bdb-03d2f6e62d1c", "scryfallOracleId": "fe69d9bd-2a60-4b33-a0d8-1ca18c2b6705", "tcgplayerProductId": "48145"}, "isPromo": true, "isReprint": true, "isStarter": true, "keywords": ["Double strike", "Protection"], "language": "English", "layout": "normal", "legalities": {"commander": "Legal", "duel": "Legal", "legacy": "Legal", "modern": "Legal", "oathbreaker": "Legal", "penny": "Legal", "predh": "Legal", "vintage": "Legal"}, "manaCost": "{1}{W}{W}", "manaValue": 3.0, "name": "Mirran Crusader", "number": "14★", "power": "2", "printings": ["MB1", "MBS", "MM2", "PMBS", "PRM"], "promoTypes": ["setpromo", "buyabox"], "purchaseUrls": {"cardKingdomFoil": "https://mtgjson.com/links/c4470afbd816f626", "tcgplayer": "https://mtgjson.com/links/da458a9f982fdea9"}, "rarity": "rare", "setCode": "PMBS", "subtypes": ["Human", "Knight"], "supertypes": [], "text": "Double strike, protection from black and from green", "toughness": "2", "type": "Creature — Human Knight", "types": ["Creature"], "uuid": "9aa8535c-407e-5c43-a8bd-1adf83dbafcb", "watermark": "mirran"}, {"artist": "Steve Argyle", "artistIds": ["a44ddda4-5331-4f83-aac9-3e00ed36bd7b"], "availability": ["paper"], "borderColor": "black", "colorIdentity": ["B", "G"], "colors": ["B", "G"], "convertedManaCost": 3.0, "edhrecRank": 6146, "edhrecSaltiness": 0.07, "finishes": ["foil"], "foreignData": [], "frameVersion": "2003", "hasFoil": true, "hasNonFoil": false, "identifiers": {"cardKingdomFoilId": "147767", "cardsphereId": "37228", "mcmId": "245269", "mtgjsonV4Id": "b5b72114-92cf-55d9-9c4f-9cba183c9a45", "scryfallId": "9e293b2d-5eae-43c3-bb1f-4c0ed2b0bd21", "scryfallIllustrationId": "f0442fe9-b828-4600-87d7-876d7ed1fcf0", "scryfallOracleId": "cafacba9-195c-44ea-ba80-3e489274759c", "tcgplayerProductId": "48141"}, "isPromo": true, "isReprint": true, "isStarter": true, "keywords": ["Deathtouch", "First strike"], "language": "English", "layout": "normal", "leadershipSkills": {"brawl": false, "commander": true, "oathbreaker": false}, "legalities": {"commander": "Legal", "duel": "Legal", "legacy": "Legal", "modern": "Legal", "oathbreaker": "Legal", "penny": "Legal", "predh": "Legal", "vintage": "Legal"}, "manaCost": "{B}{G}{G}", "manaValue": 3.0, "name": "Glissa, the Traitor", "number": "96★", "power": "3", "printings": ["MBS", "OCM1", "PMBS", "PRM", "SLD", "V16"], "promoTypes": ["setpromo", "datestamped", "prerelease"], "purchaseUrls": {"cardKingdomFoil": "https://mtgjson.com/links/7b012d85a55fd475", "tcgplayer": "https://mtgjson.com/links/946b5349f9b1ead6"}, "rarity": "mythic", "rulings": [{"date": "2011-06-01", "text": "If an artifact you own and a creature an opponent controls go to the graveyard at the same time, you may choose that artifact card as the target of Glissa, the Traitor’s ability (even if they’re the same card: an artifact creature you own that an opponent controlled)."}], "setCode": "PMBS", "subtypes": ["Phyrexian", "Zombie", "Elf"], "supertypes": ["Legendary"], "text": "First strike, deathtouch\nWhenever a creature an opponent controls dies, you may return target artifact card from your graveyard to your hand.", "toughness": "3", "type": "Legendary Creature — Phyrexian Zombie Elf", "types": ["Creature"], "uuid": "0c66636a-0474-5210-aef3-9a12bd2d1c03", "watermark": "phyrexian"}, {"artist": "Volkan Baǵa", "artistIds": ["93bec3c0-0260-4d31-8064-5d01efb4153f"], "availability": ["paper"], "borderColor": "black", "colorIdentity": [], "colors": [], "convertedManaCost": 6.0, "edhrecRank": 2909, "edhrecSaltiness": 0.16, "finishes": ["foil"], "foreignData": [], "frameVersion": "2003", "hasFoil": true, "hasNonFoil": false, "identifiers": {"cardKingdomFoilId": "185164", "cardsphereId": "23912", "mcmId": "245270", "mtgjsonV4Id": "84db7610-869b-59f7-b81a-f61e790dade6", "scryfallId": "f1abeca7-0a9c-49ae-9042-9899829e74a3", "scryfallIllustrationId": "82188cb3-429f-4ae8-92b6-300aec7de5ac", "scryfallOracleId": "007c110d-4364-41e5-a8bc-6ac05ecbbd00", "tcgplayerProductId": "48136"}, "isPromo": true, "isReprint": true, "isStarter": true, "keywords": ["Flying"], "language": "English", "layout": "normal", "legalities": {"commander": "Legal", "duel": "Legal", "legacy": "Legal", "modern": "Legal", "oathbreaker": "Legal", "penny": "Legal", "predh": "Legal", "vintage": "Legal"}, "manaCost": "{6}", "manaValue": 6.0, "name": "Thopter Assembly", "number": "140★", "power": "5", "printings": ["C18", "DDU", "MBS", "MOC", "PMBS", "PRM"], "promoTypes": ["setpromo", "datestamped", "release"], "purchaseUrls": {"cardKingdomFoil": "https://mtgjson.com/links/055304b1a24836f0", "tcgplayer": "https://mtgjson.com/links/d9c3c2b4c257a36c"}, "rarity": "rare", "rulings": [{"date": "2011-06-01", "text": "The triggered ability looks for any permanent you control with the creature type Thopter, not just the Thopter tokens previously created by a Thopter Assembly."}], "setCode": "PMBS", "subtypes": ["Thopter"], "supertypes": [], "text": "Flying\nAt the beginning of your upkeep, if you control no Thopters other than Thopter Assembly, return Thopter Assembly to its owner's hand and create five 1/1 colorless Thopter artifact creature tokens with flying.", "toughness": "5", "type": "Artifact Creature — Thopter", "types": ["Artifact", "Creature"], "uuid": "fd2f1580-d619-5078-b824-ac21e01acd7e", "watermark": "mirran"}], "code": "PMBS", "isFoilOnly": true, "isOnlineOnly": false, "keyruneCode": "MBS", "languages": ["English"], "name": "Mirrodin Besieged Promos", "parentCode": "MBS", "releaseDate": "2011-02-03", "tokens": [], "totalSetSize": 4, "translations": {}, "type": "promo"}}