{"meta": {"date": "2023-08-19", "version": "5.2.1+20230819"}, "data": {"baseSetSize": 4, "cards": [{"artist": "Toshiaki Takayama", "artistIds": ["a4879110-33bc-4261-8e00-30b897df509b"], "availability": ["paper"], "borderColor": "black", "colorIdentity": ["B", "R", "U"], "colors": ["B", "R", "U"], "convertedManaCost": 8.0, "edhrecRank": 7605, "edhrecSaltiness": 0.71, "finishes": ["foil"], "foreignData": [], "frameEffects": ["legendary"], "frameVersion": "2015", "hasFoil": true, "hasNonFoil": false, "identifiers": {"mtgjsonV4Id": "c3f7b352-a3dd-5d9f-a12e-c7908a328ef9", "scryfallId": "b441a33a-3459-4d33-b733-7084335a16cd", "scryfallIllustrationId": "97c7d05a-3ee7-4e4b-9421-24b5fe514895", "scryfallOracleId": "e26bf6a9-b31c-4bc0-b55b-c01f2f69be6b"}, "isPromo": true, "isReprint": true, "isStarter": true, "keywords": ["Flying"], "language": "Japanese", "layout": "normal", "leadershipSkills": {"brawl": false, "commander": true, "oathbreaker": false}, "legalities": {"commander": "Legal", "duel": "Legal", "legacy": "Legal", "modern": "Legal", "oathbreaker": "Legal", "penny": "Legal", "predh": "Legal", "premodern": "Legal", "vintage": "Legal"}, "manaCost": "{2}{U}{U}{B}{B}{R}{R}", "manaValue": 8.0, "name": "Nicol Bolas", "number": "1", "originalReleaseDate": "2023-09-29", "power": "7", "printings": ["A25", "BCHR", "CHR", "DRB", "LEG", "ME3", "PLIST", "PMDA", "SLD", "TSB"], "purchaseUrls": {}, "rarity": "rare", "rulings": [{"date": "2009-10-01", "text": "Nicol Bolas’s third ability triggers whenever it deals damage to an opponent for any reason. It’s not limited to combat damage."}], "securityStamp": "oval", "setCode": "PMDA", "subtypes": ["Elder", "Dragon"], "supertypes": ["Legendary"], "text": "Flying\nAt the beginning of your upkeep, sacrifice Nicol Bolas unless you pay {U}{B}{R}.\nWhenever Nicol Bolas deals damage to an opponent, that player discards their hand.", "toughness": "7", "type": "Legendary Creature — Elder Dragon", "types": ["Creature"], "uuid": "2fedb03d-6ad4-5c67-94f0-03a7185ad1bb"}, {"artist": "Nablange", "artistIds": ["0d5d8ad2-0c36-49a0-b788-615734ff2b20"], "availability": ["paper"], "borderColor": "black", "colorIdentity": ["G"], "colors": ["G"], "convertedManaCost": 1.0, "edhrecRank": 21197, "edhrecSaltiness": 0.41, "finishes": ["foil"], "foreignData": [], "frameVersion": "2015", "hasFoil": true, "hasNonFoil": false, "identifiers": {"mtgjsonV4Id": "9e658493-e4d3-5726-9c75-9198c453e796", "scryfallId": "ccb36368-afd5-472b-a409-73d04541e026", "scryfallIllustrationId": "42fc76d8-b774-44b1-a444-92c3d4560695", "scryfallOracleId": "70a2b5ea-dae4-46e8-87eb-8c8d8dfb242b"}, "isPromo": true, "isReprint": true, "isStarter": true, "keywords": ["Echo"], "language": "Japanese", "layout": "normal", "legalities": {"commander": "Legal", "duel": "Legal", "legacy": "Legal", "oathbreaker": "Legal", "pauper": "Legal", "paupercommander": "Legal", "predh": "Legal", "premodern": "Legal", "vintage": "Legal"}, "manaCost": "{G}", "manaValue": 1.0, "name": "Pouncing Jaguar", "number": "2", "originalReleaseDate": "2023-09-22", "power": "2", "printings": ["PAL99", "PMDA", "PRM", "USG", "WC99"], "purchaseUrls": {}, "rarity": "rare", "securityStamp": "oval", "setCode": "PMDA", "subtypes": ["Cat"], "supertypes": [], "text": "Echo {G} (At the beginning of your upkeep, if this came under your control since the beginning of your last upkeep, sacrifice it unless you pay its echo cost.)", "toughness": "2", "type": "Creature — Cat", "types": ["Creature"], "uuid": "06420ef6-2e58-5263-a9f2-5619078fb5b5"}, {"artist": "Mikio Masuda", "artistIds": ["6a82cc1f-5ebd-4914-b538-17fb998793ba"], "availability": ["paper"], "borderColor": "black", "colorIdentity": ["W"], "colors": ["W"], "convertedManaCost": 5.0, "edhrecRank": 8881, "finishes": ["foil"], "foreignData": [], "frameVersion": "2015", "hasFoil": true, "hasNonFoil": false, "identifiers": {"mtgjsonV4Id": "76711cf3-f637-5fc6-bff7-558888aa8cbc", "scryfallId": "7c81d8b2-b776-4e20-9671-6f3f89f6d78b", "scryfallIllustrationId": "1e191da6-7ef0-4c8b-9773-629c76d090ba", "scryfallOracleId": "4b7ac066-e5c7-43e6-9e7e-2739b24a905d"}, "isPromo": true, "isReprint": true, "isStarter": true, "keywords": ["Flying", "Vigilance"], "language": "Japanese", "layout": "normal", "legalities": {"alchemy": "Legal", "commander": "Legal", "duel": "Legal", "explorer": "Legal", "gladiator": "Legal", "historic": "Legal", "historicbrawl": "Legal", "legacy": "Legal", "modern": "Legal", "oathbreaker": "Legal", "paupercommander": "Restricted", "penny": "Legal", "pioneer": "Legal", "predh": "Legal", "premodern": "Legal", "vintage": "Legal"}, "manaCost": "{3}{W}{W}", "manaValue": 5.0, "name": "Serra Angel", "number": "3", "originalReleaseDate": "2023-09-15", "power": "4", "printings": ["10E", "2ED", "30A", "3ED", "4BB", "4ED", "7ED", "8ED", "9ED", "ANB", "ATH", "CED", "CEI", "CMA", "CMD", "DDC", "DMR", "DOM", "DVD", "EMA", "FBB", "GN3", "GNT", "IMA", "JMP", "LEA", "LEB", "M10", "M11", "M12", "M13", "M14", "M15", "ME4", "O90P", "OANA", "ORI", "P30A", "P30H", "PDOM", "PMDA", "PRM", "PS11", "PTC", "PWOS", "SUM", "V15", "W16", "W17"], "purchaseUrls": {}, "rarity": "rare", "securityStamp": "oval", "setCode": "PMDA", "subtypes": ["Angel"], "supertypes": [], "text": "Flying, vigilance", "toughness": "4", "type": "Creature — Angel", "types": ["Creature"], "uuid": "4331980c-b028-5858-a95b-1a83fb5735f0"}, {"artist": "Sansyu", "artistIds": ["00f53364-12d6-4797-85fe-30503bae0d11"], "availability": ["paper"], "borderColor": "black", "colorIdentity": ["R"], "colors": ["R"], "convertedManaCost": 1.0, "edhrecRank": 1695, "edhrecSaltiness": 0.2, "finishes": ["foil"], "foreignData": [], "frameVersion": "2015", "hasFoil": true, "hasNonFoil": false, "identifiers": {"mtgjsonV4Id": "e5632362-e501-5811-9f40-263b86818afc", "scryfallId": "e043ee05-9b3f-4607-a44a-70faa50687c4", "scryfallIllustrationId": "f69c67b0-9ed4-4bdd-aa3f-9d011b749cce", "scryfallOracleId": "9a40614b-50a3-422c-849e-53c8b7d3d204"}, "isPromo": true, "isReprint": true, "isStarter": true, "language": "Japanese", "layout": "normal", "legalities": {"commander": "Legal", "duel": "Legal", "legacy": "Legal", "modern": "Legal", "oathbreaker": "Legal", "penny": "Legal", "predh": "Legal", "premodern": "Legal", "vintage": "Legal"}, "manaCost": "{X}{R}", "manaValue": 1.0, "name": "Earthquake", "number": "4", "printings": ["2ED", "30A", "3ED", "4BB", "4ED", "5ED", "6ED", "7ED", "C15", "C17", "CED", "CEI", "CM2", "CMA", "CMD", "FBB", "LEA", "LEB", "LTC", "M10", "OLEP", "P02", "PMDA", "POR", "PTC", "SUM", "WC97", "WC99"], "purchaseUrls": {}, "rarity": "rare", "rulings": [{"date": "2004-10-04", "text": "Whether or not a creature is without flying is only checked on resolution."}], "securityStamp": "oval", "setCode": "PMDA", "subtypes": [], "supertypes": [], "text": "Earthquake deals X damage to each creature without flying and each player.", "type": "Sorcery", "types": ["Sorcery"], "uuid": "a1a6978d-d195-556f-a020-d7e72d9b1b53"}], "code": "PMDA", "isFoilOnly": true, "isOnlineOnly": false, "isPartialPreview": true, "keyruneCode": "PMEI", "languages": ["Japanese"], "name": "Magic × Duel Masters Promos", "releaseDate": "2023-09-08", "tokens": [], "totalSetSize": 4, "translations": {}, "type": "promo"}}