{"meta": {"date": "2023-08-19", "version": "5.2.1+20230819"}, "data": {"baseSetSize": 1, "cards": [{"artist": "Pat Lewis", "artistIds": ["3130411f-ddd5-4cab-a2f4-0a9c3b95a26e"], "availability": ["paper"], "borderColor": "black", "colorIdentity": ["G"], "colors": ["G"], "convertedManaCost": 3.0, "finishes": ["nonfoil"], "foreignData": [], "frameVersion": "1997", "hasFoil": false, "hasNonFoil": true, "identifiers": {"mcmId": "21302", "mtgjsonV4Id": "67eaaab0-5779-5591-8de2-1b229ddfb32b", "scryfallId": "cf25a3a5-0e7d-43d1-a2e6-85a233eee3e4", "scryfallIllustrationId": "5fd55524-5cdc-4a17-b907-e8e594567a1c", "scryfallOracleId": "9ab97610-76ad-4631-825e-8596dc9cfd4c", "tcgplayerProductId": "21474"}, "isOversized": true, "isStarter": true, "language": "English", "layout": "normal", "legalities": {}, "manaCost": "{1}{G}{G}", "manaValue": 3.0, "name": "Aswan Jaguar", "number": "1", "power": "2", "printings": ["PAST", "PMIC"], "purchaseUrls": {"tcgplayer": "https://mtgjson.com/links/9db16f63541eed39"}, "rarity": "common", "setCode": "PMIC", "subtypes": [], "supertypes": [], "text": "When Aswan Jaguar comes into play, choose a random creature type from those in target opponent's deck.\n{G}{G}, {T}: Bury target creature of the chosen type.", "toughness": "2", "type": "Summon Jaguar", "types": ["Summon", "Jaguar"], "uuid": "3c0b8b8c-bed6-5711-b32a-923dec81e711"}], "code": "PMIC", "isFoilOnly": false, "isNonFoilOnly": true, "isOnlineOnly": false, "keyruneCode": "PAST", "languages": ["English"], "name": "MicroProse Promos", "parentCode": "PAST", "releaseDate": "1997-04-01", "tokens": [], "totalSetSize": 1, "translations": {}, "type": "memorabilia"}}