{"meta": {"date": "2023-08-19", "version": "5.2.1+20230819"}, "data": {"baseSetSize": 1, "block": "Masques", "cards": [{"artist": "Clyde Caldwell", "artistIds": ["3cf3f299-a2c1-4b15-9363-2c89df14afe7"], "availability": ["paper"], "borderColor": "black", "colorIdentity": ["U"], "colors": ["U"], "convertedManaCost": 2.0, "edhrecRank": 15049, "edhrecSaltiness": 0.21, "finishes": ["foil"], "flavorText": "\"It's no challenge to master a Mercadian.\"", "foreignData": [], "frameVersion": "1997", "hasFoil": true, "hasNonFoil": false, "identifiers": {"cardKingdomFoilId": "117218", "cardsphereId": "37380", "mcmId": "17704", "mtgjsonV4Id": "c1cb3d10-1f50-5d98-966e-d5e79f4125f1", "multiverseId": "97051", "scryfallId": "8b916a20-84f2-4e91-8dfa-039658735f5e", "scryfallIllustrationId": "8d6c20dd-b304-42a1-ace1-4a7c6f86d8a9", "scryfallOracleId": "71668016-cefb-43d2-a84c-47956cffd71e", "tcgplayerProductId": "21698"}, "isPromo": true, "isReprint": true, "isStarter": true, "language": "English", "layout": "normal", "legalities": {"commander": "Legal", "duel": "Legal", "legacy": "Legal", "oathbreaker": "Legal", "predh": "Legal", "premodern": "Legal", "vintage": "Legal"}, "manaCost": "{1}{U}", "manaValue": 2.0, "name": "Overtaker", "number": "89", "originalReleaseDate": "1999-09-25", "originalText": "o3o\nU, oc\nT, Discard a card from your hand: Untap target creature and gain control of it until end of turn. That creature gains haste until end of turn. (It may attack and oc\nT the turn it comes under your control.)", "originalType": "Creature - Spellshaper", "power": "1", "printings": ["MMQ", "PMMQ", "PRM"], "promoTypes": ["datestamped", "prerelease"], "purchaseUrls": {"cardKingdomFoil": "https://mtgjson.com/links/a302fef463811c3f", "tcgplayer": "https://mtgjson.com/links/2e638131d64faf79"}, "rarity": "rare", "setCode": "PMMQ", "subtypes": ["Merfolk", "Spellshaper"], "supertypes": [], "text": "{3}{U}, {T}, Discard a card: Untap target creature and gain control of it until end of turn. That creature gains haste until end of turn.", "toughness": "1", "type": "Creature — Merfolk Spellshaper", "types": ["Creature"], "uuid": "5ad15555-fd6f-507a-9b90-92e9ad23d014"}], "code": "PMMQ", "isFoilOnly": true, "isOnlineOnly": false, "keyruneCode": "MMQ", "languages": ["English"], "name": "Mercadian Masques Promos", "parentCode": "MMQ", "releaseDate": "1999-10-04", "tokens": [], "totalSetSize": 1, "translations": {}, "type": "promo"}}