{"meta": {"date": "2023-08-19", "version": "5.2.1+20230819"}, "data": {"baseSetSize": 5, "cards": [{"artist": "John Avon", "artistIds": ["798f3932-30e0-4420-aa3f-db4d613f89ca"], "availability": ["paper"], "borderColor": "black", "colorIdentity": ["W"], "colors": [], "convertedManaCost": 0.0, "edhrecSaltiness": 0.31, "finishes": ["nonfoil", "foil"], "foreignData": [{"language": "Japanese", "name": "平地"}], "frameVersion": "2003", "hasFoil": true, "hasNonFoil": true, "identifiers": {"cardKingdomFoilId": "216635", "cardKingdomId": "216581", "mcmId": "21029", "mtgjsonV4Id": "c02c0add-5d8c-5f17-b07b-ddf76978dec9", "scryfallId": "5278fa71-0ede-40b7-9f56-5bee6ed0557a", "scryfallIllustrationId": "b64facc7-5cd9-4f63-a89c-600eb3710b60", "scryfallOracleId": "bc71ebf6-2056-41f7-be35-b2e5c34afa99", "tcgplayerProductId": "58222"}, "isPromo": true, "isReprint": true, "isStarter": true, "language": "Japanese", "layout": "normal", "legalities": {"alchemy": "Legal", "brawl": "Legal", "commander": "Legal", "duel": "Legal", "explorer": "Legal", "future": "Legal", "gladiator": "Legal", "historic": "Legal", "historicbrawl": "Legal", "legacy": "Legal", "modern": "Legal", "oathbreaker": "Legal", "pauper": "Legal", "paupercommander": "Legal", "penny": "Legal", "pioneer": "Legal", "predh": "Legal", "premodern": "Legal", "standard": "Legal", "vintage": "Legal"}, "manaValue": 0.0, "name": "Plains", "number": "1", "printings": ["10E", "2ED", "2XM", "30A", "3ED", "40K", "4BB", "4ED", "5ED", "6ED", "7ED", "8ED", "9ED", "AFR", "AKH", "AKR", "ALA", "ANA", "ANB", "ARC", "ATH", "AVR", "BBD", "BFZ", "BRB", "BRC", "BRO", "C13", "C14", "C15", "C16", "C17", "C18", "C19", "CED", "CEI", "CHK", "CLB", "CM2", "CMA", "CMD", "CMM", "CMR", "CST", "DDC", "DDE", "DDF", "DDG", "DDH", "DDI", "DDK", "DDL", "DDN", "DDO", "DDP", "DDQ", "DMR", "DMU", "DOM", "DTK", "DVD", "E01", "ELD", "FBB", "FRF", "G17", "GK1", "GK2", "GN2", "GN3", "GNT", "GRN", "GS1", "H09", "HBG", "HOP", "HOU", "ICE", "IKO", "INV", "ISD", "ITP", "J14", "J22", "JMP", "KHM", "KLD", "KLR", "KTK", "LEA", "LEB", "LRW", "LTR", "M10", "M11", "M12", "M13", "M14", "M15", "M19", "M20", "M21", "MBS", "MD1", "ME1", "ME3", "MH2", "MID", "MIR", "MMQ", "MOM", "MRD", "NEO", "NPH", "ODY", "OLEP", "ONE", "ONS", "ORI", "P02", "PAL00", "PAL01", "PAL03", "PAL04", "PAL05", "PAL06", "PAL99", "PALP", "PANA", "PARL", "PC2", "PCA", "PCTB", "PDGM", "PELP", "PF19", "PF20", "PGPX", "PGRU", "PLIST", "PMPS", "PMPS06", "PMPS07", "PMPS08", "PMPS09", "PMPS10", "PMPS11", "POR", "PPP1", "PRM", "PRW2", "PRWK", "PS11", "PSAL", "PSS2", "PSS3", "PTC", "PTK", "PZ2", "RAV", "RIX", "RNA", "ROE", "RQS", "RTR", "S99", "SCD", "SHM", "SIR", "SLD", "SNC", "SOI", "SOM", "STX", "SUM", "TD0", "TD2", "THB", "THS", "TMP", "TPR", "TSP", "UGL", "UND", "UNF", "UNH", "USG", "UST", "VOW", "WAR", "WC00", "WC02", "WC03", "WC04", "WC97", "WC98", "WHO", "WOE", "XANA", "XLN", "ZEN", "ZNR"], "promoTypes": ["premiereshop", "instore"], "purchaseUrls": {"cardKingdom": "https://mtgjson.com/links/aa6ade46b2c72458", "cardKingdomFoil": "https://mtgjson.com/links/20d2bf2e24038abc", "tcgplayer": "https://mtgjson.com/links/3a7af11e75bdd347"}, "rarity": "common", "setCode": "PMPS07", "subtypes": ["Plains"], "supertypes": ["Basic"], "text": "({T}: Add {W}.)", "type": "Basic Land — Plains", "types": ["Land"], "uuid": "64b1befc-4781-57f0-a539-44a552c1b6f5"}, {"artist": "John Avon", "artistIds": ["798f3932-30e0-4420-aa3f-db4d613f89ca"], "availability": ["paper"], "borderColor": "black", "colorIdentity": ["U"], "colors": [], "convertedManaCost": 0.0, "edhrecSaltiness": 0.73, "finishes": ["nonfoil", "foil"], "foreignData": [{"language": "Japanese", "name": "島"}], "frameVersion": "2003", "hasFoil": true, "hasNonFoil": true, "identifiers": {"cardKingdomFoilId": "216634", "cardKingdomId": "216582", "mcmId": "21030", "mtgjsonV4Id": "21b56984-fa8d-595f-b472-30cc6284e3f7", "scryfallId": "75884fdb-0d6c-4b2a-8081-99aac4ccb21a", "scryfallIllustrationId": "0cc18fb0-fb45-42c1-9bf7-25b21938fc31", "scryfallOracleId": "b2c6aa39-2d2a-459c-a555-fb48ba993373", "tcgplayerProductId": "58224"}, "isPromo": true, "isReprint": true, "isStarter": true, "language": "Japanese", "layout": "normal", "legalities": {"alchemy": "Legal", "brawl": "Legal", "commander": "Legal", "duel": "Legal", "explorer": "Legal", "future": "Legal", "gladiator": "Legal", "historic": "Legal", "historicbrawl": "Legal", "legacy": "Legal", "modern": "Legal", "oathbreaker": "Legal", "pauper": "Legal", "paupercommander": "Legal", "penny": "Legal", "pioneer": "Legal", "predh": "Legal", "premodern": "Legal", "standard": "Legal", "vintage": "Legal"}, "manaValue": 0.0, "name": "Island", "number": "2", "printings": ["10E", "2ED", "2XM", "30A", "3ED", "40K", "4BB", "4ED", "5ED", "6ED", "7ED", "8ED", "9ED", "AFR", "AKH", "AKR", "ALA", "ANA", "ANB", "ARC", "AVR", "BBD", "BFZ", "BRB", "BRC", "BRO", "BTD", "C13", "C14", "C15", "C16", "C17", "C18", "C19", "CED", "CEI", "CHK", "CLB", "CM2", "CMA", "CMD", "CMM", "CMR", "CST", "DD2", "DDE", "DDF", "DDH", "DDI", "DDJ", "DDM", "DDN", "DDO", "DDQ", "DDS", "DDT", "DDU", "DMR", "DMU", "DOM", "DPA", "DTK", "E01", "ELD", "FBB", "FRF", "G17", "GK1", "GK2", "GN2", "GN3", "GNT", "GRN", "GS1", "H09", "HBG", "HOP", "HOU", "ICE", "IKO", "INV", "ISD", "ITP", "J14", "J22", "JMP", "JVC", "KHM", "KLD", "KLR", "KTK", "LEA", "LEB", "LRW", "LTR", "M10", "M11", "M12", "M13", "M14", "M15", "M19", "M20", "M21", "MBS", "ME1", "ME3", "MH2", "MID", "MIR", "MMQ", "MOM", "MRD", "NEO", "NPH", "ODY", "OLEP", "ONE", "ONS", "ORI", "P02", "PAL00", "PAL01", "PAL02", "PAL03", "PAL04", "PAL05", "PAL06", "PAL99", "PALP", "PANA", "PARL", "PC2", "PCA", "PCTB", "PELP", "PF19", "PF20", "PGPX", "PGRU", "PHED", "PLIST", "PMPS", "PMPS06", "PMPS07", "PMPS08", "PMPS09", "PMPS10", "PMPS11", "POR", "PPP1", "PRM", "PRW2", "PRWK", "PS11", "PSAL", "PSS2", "PSS3", "PTC", "PTK", "PZ2", "RAV", "RIX", "RNA", "ROE", "RQS", "RTR", "S99", "SCD", "SHM", "SIR", "SLD", "SNC", "SOI", "SOM", "STX", "SUM", "TD0", "TD2", "THB", "THS", "TMP", "TPR", "TSP", "UGL", "UND", "UNF", "UNH", "USG", "UST", "VOW", "WAR", "WC00", "WC01", "WC02", "WC03", "WC04", "WC97", "WC98", "WHO", "WOE", "XANA", "XLN", "ZEN", "ZNR"], "promoTypes": ["premiereshop", "instore"], "purchaseUrls": {"cardKingdom": "https://mtgjson.com/links/b3ef4b5dc30e4777", "cardKingdomFoil": "https://mtgjson.com/links/b9654cef3c7c4551", "tcgplayer": "https://mtgjson.com/links/744ade761b68dba9"}, "rarity": "common", "setCode": "PMPS07", "subtypes": ["Island"], "supertypes": ["Basic"], "text": "({T}: Add {U}.)", "type": "Basic Land — Island", "types": ["Land"], "uuid": "16c8d585-9222-5e43-901e-94e73b5cd5b3"}, {"artist": "John Avon", "artistIds": ["798f3932-30e0-4420-aa3f-db4d613f89ca"], "availability": ["paper"], "borderColor": "black", "colorIdentity": ["B"], "colors": [], "convertedManaCost": 0.0, "edhrecSaltiness": 0.31, "finishes": ["nonfoil", "foil"], "foreignData": [{"language": "Japanese", "name": "沼"}], "frameVersion": "2003", "hasFoil": true, "hasNonFoil": true, "identifiers": {"cardKingdomFoilId": "216633", "cardKingdomId": "216583", "mcmId": "21032", "mtgjsonV4Id": "1f2d4916-52dd-54e2-bac8-f1071f5b6b8e", "scryfallId": "9d18998b-94b8-47e6-a21a-112e0a989a5a", "scryfallIllustrationId": "95c9be4d-bca5-4d01-9afa-5b8dfcce6ef6", "scryfallOracleId": "56719f6a-1a6c-4c0a-8d21-18f7d7350b68", "tcgplayerProductId": "58226"}, "isPromo": true, "isReprint": true, "isStarter": true, "language": "Japanese", "layout": "normal", "legalities": {"alchemy": "Legal", "brawl": "Legal", "commander": "Legal", "duel": "Legal", "explorer": "Legal", "future": "Legal", "gladiator": "Legal", "historic": "Legal", "historicbrawl": "Legal", "legacy": "Legal", "modern": "Legal", "oathbreaker": "Legal", "pauper": "Legal", "paupercommander": "Legal", "penny": "Legal", "pioneer": "Legal", "predh": "Legal", "premodern": "Legal", "standard": "Legal", "vintage": "Legal"}, "manaValue": 0.0, "name": "Swamp", "number": "3", "printings": ["10E", "2ED", "2XM", "30A", "3ED", "40K", "4BB", "4ED", "5ED", "6ED", "7ED", "8ED", "9ED", "AFR", "AKH", "AKR", "ALA", "ANA", "ANB", "ARC", "ATH", "AVR", "BBD", "BFZ", "BRB", "BRC", "BRO", "BTD", "C13", "C14", "C15", "C16", "C17", "C18", "C19", "CED", "CEI", "CHK", "CLB", "CM2", "CMA", "CMD", "CMM", "CST", "DDC", "DDD", "DDE", "DDH", "DDJ", "DDK", "DDM", "DDN", "DDP", "DDQ", "DDR", "DKM", "DMR", "DMU", "DOM", "DPA", "DTK", "DVD", "E01", "ELD", "FBB", "FRF", "G17", "GK1", "GK2", "GN2", "GN3", "GNT", "GRN", "GVL", "H09", "HBG", "HOP", "HOU", "ICE", "IKO", "INV", "ISD", "ITP", "J14", "J22", "JMP", "KHM", "KLD", "KLR", "KTK", "LEA", "LEB", "LRW", "LTR", "M10", "M11", "M12", "M13", "M14", "M15", "M19", "M20", "M21", "MBS", "MD1", "ME1", "ME3", "MH2", "MID", "MIR", "MMQ", "MOM", "MRD", "NEO", "NPH", "ODY", "OLEP", "ONE", "ONS", "ORI", "P02", "PAL00", "PAL01", "PAL03", "PAL04", "PAL05", "PAL06", "PAL99", "PALP", "PANA", "PARL", "PC2", "PCA", "PCTB", "PD3", "PELP", "PF19", "PF20", "PGPX", "PGRU", "PHUK", "PMPS", "PMPS06", "PMPS07", "PMPS08", "PMPS09", "PMPS10", "PMPS11", "POR", "PPP1", "PRM", "PRW2", "PRWK", "PS11", "PSAL", "PSS2", "PSS3", "PTC", "PTK", "RAV", "RIX", "RNA", "ROE", "RQS", "RTR", "S99", "SCD", "SHM", "SIR", "SLD", "SNC", "SOI", "SOM", "STX", "SUM", "TD0", "TD2", "THB", "THS", "TMP", "TPR", "TSP", "UGL", "UND", "UNF", "UNH", "USG", "UST", "VOW", "WAR", "WC01", "WC02", "WC03", "WC97", "WC98", "WC99", "WHO", "WOE", "XANA", "XLN", "ZEN", "ZNR"], "promoTypes": ["premiereshop", "instore"], "purchaseUrls": {"cardKingdom": "https://mtgjson.com/links/aa41c0fb76def7c9", "cardKingdomFoil": "https://mtgjson.com/links/b1c93857fcdb79cf", "tcgplayer": "https://mtgjson.com/links/b4e2b66893e9e7ff"}, "rarity": "common", "setCode": "PMPS07", "subtypes": ["Swamp"], "supertypes": ["Basic"], "text": "({T}: Add {B}.)", "type": "Basic Land — Swamp", "types": ["Land"], "uuid": "c9581d15-c744-5049-919b-9a064aaec02a"}, {"artist": "John Avon", "artistIds": ["798f3932-30e0-4420-aa3f-db4d613f89ca"], "availability": ["paper"], "borderColor": "black", "colorIdentity": ["R"], "colors": [], "convertedManaCost": 0.0, "edhrecSaltiness": 0.32, "finishes": ["nonfoil", "foil"], "foreignData": [{"language": "Japanese", "name": "山"}], "frameVersion": "2003", "hasFoil": true, "hasNonFoil": true, "identifiers": {"cardKingdomFoilId": "216632", "cardKingdomId": "216584", "mcmId": "21031", "mtgjsonV4Id": "7528f899-33c4-58a2-bd4a-8671eedce699", "scryfallId": "d87ab438-30b6-445b-af2d-36412cdd852a", "scryfallIllustrationId": "0284fd29-e77d-436f-9bae-bb86de72b108", "scryfallOracleId": "a3fb7228-e76b-4e96-a40e-20b5fed75685", "tcgplayerProductId": "58228"}, "isPromo": true, "isReprint": true, "isStarter": true, "language": "Japanese", "layout": "normal", "legalities": {"alchemy": "Legal", "brawl": "Legal", "commander": "Legal", "duel": "Legal", "explorer": "Legal", "future": "Legal", "gladiator": "Legal", "historic": "Legal", "historicbrawl": "Legal", "legacy": "Legal", "modern": "Legal", "oathbreaker": "Legal", "pauper": "Legal", "paupercommander": "Legal", "penny": "Legal", "pioneer": "Legal", "predh": "Legal", "premodern": "Legal", "standard": "Legal", "vintage": "Legal"}, "manaValue": 0.0, "name": "Mountain", "number": "4", "printings": ["10E", "2ED", "2XM", "30A", "3ED", "40K", "4BB", "4ED", "5ED", "6ED", "7ED", "8ED", "9ED", "AFR", "AKH", "AKR", "ALA", "ANA", "ANB", "ARC", "ARN", "ATH", "AVR", "BBD", "BFZ", "BRB", "BRC", "BRO", "BTD", "C13", "C14", "C15", "C16", "C17", "C18", "C19", "CED", "CEI", "CHK", "CLB", "CM2", "CMA", "CMD", "CMM", "CMR", "CST", "DD1", "DD2", "DDE", "DDG", "DDH", "DDI", "DDJ", "DDK", "DDL", "DDN", "DDP", "DDS", "DDT", "DDU", "DKM", "DMR", "DMU", "DOM", "DPA", "DTK", "E01", "ELD", "EVG", "FBB", "FRF", "G17", "GK1", "GK2", "GN2", "GN3", "GNT", "GRN", "GS1", "H09", "HBG", "HOP", "HOU", "ICE", "IKO", "INV", "ISD", "ITP", "J14", "J22", "JMP", "JVC", "KHM", "KLD", "KLR", "KTK", "LEA", "LEB", "LRW", "LTR", "M10", "M11", "M12", "M13", "M14", "M15", "M19", "M20", "M21", "MBS", "ME1", "ME3", "MH2", "MID", "MIR", "MMQ", "MOM", "MRD", "NEO", "NPH", "ODY", "OLEP", "ONE", "ONS", "ORI", "P02", "PAL00", "PAL01", "PAL03", "PAL04", "PAL05", "PAL06", "PAL99", "PALP", "PANA", "PARL", "PC2", "PCA", "PCTB", "PD2", "PELP", "PF19", "PF20", "PGPX", "PGRU", "PHED", "PLIST", "PMPS", "PMPS06", "PMPS07", "PMPS08", "PMPS09", "PMPS10", "PMPS11", "POR", "PPP1", "PRM", "PRW2", "PRWK", "PS11", "PSAL", "PSS2", "PSS3", "PTC", "PTK", "PZ2", "RAV", "RIX", "RNA", "ROE", "RQS", "RTR", "S99", "SCD", "SHM", "SIR", "SLD", "SNC", "SOI", "SOM", "STX", "SUM", "TD0", "THB", "THS", "TMP", "TPR", "TSP", "UGL", "UND", "UNF", "UNH", "USG", "UST", "VOW", "WAR", "WC00", "WC01", "WC02", "WC03", "WC97", "WC98", "WC99", "WHO", "WOE", "XANA", "XLN", "ZEN", "ZNR"], "promoTypes": ["premiereshop", "instore"], "purchaseUrls": {"cardKingdom": "https://mtgjson.com/links/fe7e4e1dfa28cb37", "cardKingdomFoil": "https://mtgjson.com/links/79cde2004b9c0ad9", "tcgplayer": "https://mtgjson.com/links/0650ed70b675f21e"}, "rarity": "common", "setCode": "PMPS07", "subtypes": ["Mountain"], "supertypes": ["Basic"], "text": "({T}: Add {R}.)", "type": "Basic Land — Mountain", "types": ["Land"], "uuid": "cce7cba9-d494-598e-9df2-421516dab592"}, {"artist": "John Avon", "artistIds": ["798f3932-30e0-4420-aa3f-db4d613f89ca"], "availability": ["paper"], "borderColor": "black", "colorIdentity": ["G"], "colors": [], "convertedManaCost": 0.0, "edhrecSaltiness": 0.41, "finishes": ["nonfoil", "foil"], "foreignData": [{"language": "Japanese", "name": "森"}], "frameVersion": "2003", "hasFoil": true, "hasNonFoil": true, "identifiers": {"cardKingdomFoilId": "216631", "cardKingdomId": "216585", "mcmId": "21033", "mtgjsonV4Id": "2e40ad4a-a318-5f4e-b59b-a98cdd789b1c", "scryfallId": "5a152fb5-6805-453b-9de8-3ebdbe99e332", "scryfallIllustrationId": "97cba6d3-91aa-4eec-a211-fe571ccfe7a0", "scryfallOracleId": "b34bb2dc-c1af-4d77-b0b3-a0fb342a5fc6", "tcgplayerProductId": "58230"}, "isPromo": true, "isReprint": true, "isStarter": true, "language": "Japanese", "layout": "normal", "legalities": {"alchemy": "Legal", "brawl": "Legal", "commander": "Legal", "duel": "Legal", "explorer": "Legal", "future": "Legal", "gladiator": "Legal", "historic": "Legal", "historicbrawl": "Legal", "legacy": "Legal", "modern": "Legal", "oathbreaker": "Legal", "pauper": "Legal", "paupercommander": "Legal", "penny": "Legal", "pioneer": "Legal", "predh": "Legal", "premodern": "Legal", "standard": "Legal", "vintage": "Legal"}, "manaValue": 0.0, "name": "Forest", "number": "5", "printings": ["10E", "2ED", "2XM", "30A", "3ED", "40K", "4BB", "4ED", "5ED", "6ED", "7ED", "8ED", "9ED", "AFR", "AKH", "AKR", "ALA", "ANA", "ANB", "ARC", "ATH", "AVR", "BBD", "BFZ", "BRB", "BRO", "BTD", "C13", "C14", "C15", "C16", "C17", "C18", "C19", "CED", "CEI", "CHK", "CLB", "CM2", "CMA", "CMD", "CMM", "CMR", "CST", "DD1", "DDD", "DDE", "DDG", "DDH", "DDJ", "DDL", "DDM", "DDO", "DDP", "DDR", "DDS", "DDU", "DKM", "DMR", "DMU", "DOM", "DPA", "DTK", "E01", "ELD", "EVG", "FBB", "FRF", "G17", "GK1", "GK2", "GN2", "GN3", "GNT", "GRN", "GS1", "GVL", "H09", "HBG", "HOP", "HOU", "ICE", "IKO", "INV", "ISD", "ITP", "J14", "J22", "JMP", "KHM", "KLD", "KLR", "KTK", "LEA", "LEB", "LRW", "LTR", "M10", "M11", "M12", "M13", "M14", "M15", "M19", "M20", "M21", "MBS", "ME1", "ME3", "MH2", "MID", "MIR", "MMQ", "MOM", "MRD", "NEO", "NPH", "ODY", "OLEP", "ONE", "ONS", "ORI", "P02", "PAL00", "PAL01", "PAL03", "PAL04", "PAL05", "PAL06", "PAL99", "PALP", "PANA", "PARL", "PC2", "PCA", "PCTB", "PELP", "PF19", "PF20", "PGPX", "PGRU", "PMPS", "PMPS06", "PMPS07", "PMPS08", "PMPS09", "PMPS10", "PMPS11", "POR", "PPP1", "PRM", "PRW2", "PRWK", "PS11", "PSAL", "PSS2", "PSS3", "PTC", "PTK", "PZ2", "RAV", "RIX", "RNA", "ROE", "RQS", "RTR", "S99", "SCD", "SHM", "SIR", "SLD", "SNC", "SOI", "SOM", "STX", "SUM", "TD0", "TD2", "THB", "THS", "TMP", "TPR", "TSP", "UGL", "UND", "UNF", "UNH", "USG", "UST", "VOW", "WAR", "WC00", "WC01", "WC02", "WC03", "WC04", "WC97", "WC98", "WC99", "WHO", "WOE", "XANA", "XLN", "ZEN", "ZNR"], "promoTypes": ["premiereshop", "instore"], "purchaseUrls": {"cardKingdom": "https://mtgjson.com/links/1ef4907a14c61049", "cardKingdomFoil": "https://mtgjson.com/links/efed23e70fb6349b", "tcgplayer": "https://mtgjson.com/links/f21917c6e1f1dc6f"}, "rarity": "common", "setCode": "PMPS07", "subtypes": ["Forest"], "supertypes": ["Basic"], "text": "({T}: Add {G}.)", "type": "Basic Land — Forest", "types": ["Land"], "uuid": "d1aa4722-6dbc-5ac1-9419-a6df475466b1"}], "code": "PMPS07", "isFoilOnly": false, "isForeignOnly": true, "isOnlineOnly": false, "keyruneCode": "PMPS", "languages": ["Japanese"], "name": "Magic Premiere Shop 2007", "releaseDate": "2007-01-01", "tokens": [], "totalSetSize": 5, "translations": {}, "type": "promo"}}