{"meta": {"date": "2023-08-19", "version": "5.2.1+20230819"}, "data": {"baseSetSize": 1, "block": "Odyssey", "cards": [{"artist": "Wayne England", "artistIds": ["62dc90c0-4bc2-4d42-ad76-59cad9243566"], "availability": ["paper"], "borderColor": "black", "colorIdentity": ["G"], "colors": ["G"], "convertedManaCost": 7.0, "edhrecRank": 19131, "edhrecSaltiness": 0.15, "finishes": ["foil"], "foreignData": [{"language": "Arabic", "name": "باسلْ ليسك – الحجر واللسان", "text": "أينما يقوم باسلْ ليسك — الحجر واللسان، بتوجيه ضرر قتالي لمخلوق اَخر، قم بتحطيم هذا المخلوق المضروب عند نهاية القتال.\nالحد — على جميع المخلوقات القادرة على سد هجوم باسلْ ليسك — الحجر واللسان، عمل ذلك. (لديك الحد طالما وجد سبع بطاقات أو أكثر في مقبرتك).", "type": "مخلوق – باسلْ ليسك"}], "frameVersion": "1997", "hasFoil": true, "hasNonFoil": false, "identifiers": {"cardKingdomFoilId": "117206", "cardsphereId": "37488", "mcmId": "17710", "mtgjsonV4Id": "0cebcda1-a9e7-523d-9e13-bd7d6d2274fd", "scryfallId": "8ec4eeb5-2f82-460c-8140-20587442d40b", "scryfallIllustrationId": "6da430fe-63c6-4521-b55d-91304c362729", "scryfallOracleId": "c38efbe5-7ace-41fa-b874-72e3702a833c", "tcgplayerProductId": "38400"}, "isPromo": true, "isReprint": true, "isStarter": true, "keywords": ["Threshold"], "language": "Arabic", "layout": "normal", "legalities": {"commander": "Legal", "duel": "Legal", "legacy": "Legal", "oathbreaker": "Legal", "penny": "Legal", "predh": "Legal", "premodern": "Legal", "vintage": "Legal"}, "manaCost": "{4}{G}{G}{G}", "manaValue": 7.0, "name": "Stone-Tongue Basilisk", "number": "276", "originalReleaseDate": "2001-09-22", "power": "4", "printings": ["ODY", "PODY", "PRM"], "promoTypes": ["datestamped", "prerelease"], "purchaseUrls": {"cardKingdomFoil": "https://mtgjson.com/links/49fb9f29d10ed95e", "tcgplayer": "https://mtgjson.com/links/ad9815238d1884aa"}, "rarity": "rare", "setCode": "PODY", "subtypes": ["Basilisk"], "supertypes": [], "text": "Whenever Stone-Tongue Basilisk deals combat damage to a creature, destroy that creature at end of combat.\nThreshold — As long as seven or more cards are in your graveyard, all creatures able to block Stone-Tongue Basilisk do so.", "toughness": "5", "type": "Creature — Basilisk", "types": ["Creature"], "uuid": "009ac1db-6901-5f00-aba9-478716d13e72"}], "code": "PODY", "isFoilOnly": true, "isOnlineOnly": false, "keyruneCode": "ODY", "languages": ["Arabic"], "name": "Odyssey Promos", "parentCode": "ODY", "releaseDate": "2001-10-01", "tokens": [], "totalSetSize": 1, "translations": {}, "type": "promo"}}