{"meta": {"date": "2023-08-19", "version": "5.2.1+20230819"}, "data": {"baseSetSize": 2, "block": "Ravnica", "cards": [{"artist": "Adam Rex", "artistIds": ["445bd2fb-4a70-4599-87a4-83cf5979fc56"], "availability": ["paper"], "borderColor": "black", "colorIdentity": ["B", "U"], "colors": ["B", "U"], "convertedManaCost": 2.0, "edhrecRank": 16145, "edhrecSaltiness": 0.04, "finishes": ["foil"], "foreignData": [], "frameVersion": "2003", "hasFoil": true, "hasNonFoil": false, "identifiers": {"cardKingdomFoilId": "125666", "cardsphereId": "23880", "mcmId": "17734", "mtgjsonV4Id": "adfecf75-85ef-5e80-bfe8-d83f1c3f96c0", "scryfallId": "b9ab53af-749e-4559-85fa-f8d4181cf7da", "scryfallIllustrationId": "ce5875d4-c0a2-49c0-a726-056f1f36ed1a", "scryfallOracleId": "1b6c67e5-5913-4db9-85d9-8dae57da02ee", "tcgplayerProductId": "38419"}, "isPromo": true, "isReprint": true, "isStarter": true, "language": "English", "layout": "normal", "legalities": {"commander": "Legal", "duel": "Legal", "legacy": "Legal", "modern": "Legal", "oathbreaker": "Legal", "pauper": "Legal", "paupercommander": "Legal", "penny": "Legal", "predh": "Legal", "vintage": "Legal"}, "manaCost": "{U/B}{U/B}", "manaValue": 2.0, "name": "Dimir Guildmage", "number": "245★", "power": "2", "printings": ["GK1", "MM2", "PRAV", "PRM", "PSAL", "RAV", "UMA"], "promoTypes": ["release"], "purchaseUrls": {"cardKingdomFoil": "https://mtgjson.com/links/99c2e2e1360a1d6a", "tcgplayer": "https://mtgjson.com/links/ae8486aa4e63dd5a"}, "rarity": "rare", "setCode": "PRAV", "subtypes": ["Human", "Wizard"], "supertypes": [], "text": "({U/B} can be paid with either {U} or {B}.)\n{3}{U}: Target player draws a card. Activate only as a sorcery.\n{3}{B}: Target player discards a card. Activate only as a sorcery.", "toughness": "2", "type": "Creature — Human Wizard", "types": ["Creature"], "uuid": "77838afc-da5b-588c-a2e5-7b88e43ef206", "watermark": "dimir"}, {"artist": "Jeremy Jarvis", "artistIds": ["b40ac320-89b4-4c51-a85f-4a4b63ae614e"], "availability": ["paper"], "borderColor": "black", "colorIdentity": ["B", "G"], "colors": ["B", "G"], "convertedManaCost": 6.0, "edhrecRank": 9411, "edhrecSaltiness": 0.12, "finishes": ["foil"], "foreignData": [], "frameVersion": "2003", "hasFoil": true, "hasNonFoil": false, "identifiers": {"cardKingdomFoilId": "119924", "cardsphereId": "37227", "mcmId": "17722", "mtgjsonV4Id": "0e793968-cc30-5006-81ac-399e666076b0", "scryfallId": "c62b3627-34d3-4c05-b479-c2cfbf3b8c91", "scryfallIllustrationId": "ed368797-eb15-430a-962f-208a4cc45e92", "scryfallOracleId": "bb7389fa-ab01-4ca2-bd18-03cf5b4cedf6", "tcgplayerProductId": "38380"}, "isPromo": true, "isReprint": true, "isStarter": true, "keywords": ["Trample"], "language": "English", "layout": "normal", "legalities": {"commander": "Legal", "duel": "Legal", "legacy": "Legal", "modern": "Legal", "oathbreaker": "Legal", "penny": "Legal", "predh": "Legal", "vintage": "Legal"}, "manaCost": "{3}{B/G}{B/G}{B/G}", "manaValue": 6.0, "name": "Gleancrawler", "number": "247★", "originalReleaseDate": "2005-09-24", "power": "6", "printings": ["DDJ", "PRAV", "PRM", "RAV"], "promoTypes": ["datestamped", "prerelease"], "purchaseUrls": {"cardKingdomFoil": "https://mtgjson.com/links/26031cd0c5efac5d", "tcgplayer": "https://mtgjson.com/links/bd313b2d5c10c054"}, "rarity": "rare", "rulings": [{"date": "2005-10-01", "text": "When this ability resolves, it returns all creature cards currently in your graveyard that were put there directly from the battlefield sometime during the turn. This includes cards that were put into your graveyard before Gleancrawler entered the battlefield."}], "setCode": "PRAV", "subtypes": ["Insect", "Horror"], "supertypes": [], "text": "({B/G} can be paid with either {B} or {G}.)\nTrample\nAt the beginning of your end step, return to your hand all creature cards in your graveyard that were put there from the battlefield this turn.", "toughness": "6", "type": "Creature — Insect Horror", "types": ["Creature"], "uuid": "d87cde53-0d04-5a0b-800a-7e445329657b", "watermark": "golgari"}], "code": "PRAV", "isFoilOnly": true, "isOnlineOnly": false, "keyruneCode": "RAV", "languages": ["English"], "name": "Ravnica: City of Guilds Promos", "parentCode": "RAV", "releaseDate": "2005-10-07", "tokens": [], "totalSetSize": 2, "translations": {}, "type": "promo"}}