{"meta": {"date": "2023-08-19", "version": "5.2.1+20230819"}, "data": {"baseSetSize": 0, "cards": [{"artist": "Alexis Ziritt", "artistIds": ["add4cc84-9254-4c0b-8fcd-af4a238bdbd5"], "availability": ["paper"], "borderColor": "borderless", "colorIdentity": ["W"], "colors": ["W"], "convertedManaCost": 4.0, "edhrecRank": 5458, "edhrecSaltiness": 0.1, "finishes": ["nonfoil", "foil"], "foreignData": [], "frameVersion": "2015", "hasFoil": true, "hasNonFoil": true, "identifiers": {"cardKingdomFoilId": "267875", "cardKingdomId": "267874", "cardsphereId": "100978", "mtgjsonV4Id": "7a02999d-19e5-5d78-b8a6-72f8d678e107", "scryfallId": "683868c2-caaa-4084-8dbf-4903792b9c0f", "scryfallIllustrationId": "e25308a3-3bb5-48bd-b5a3-23617656d897", "scryfallOracleId": "51eae7ff-fed9-4afe-8053-7690379449dd", "tcgplayerProductId": "449417"}, "isPromo": true, "isReprint": true, "isStarter": true, "language": "English", "layout": "normal", "leadershipSkills": {"brawl": false, "commander": false, "oathbreaker": true}, "legalities": {"commander": "Legal", "duel": "Legal", "legacy": "Legal", "modern": "Legal", "oathbreaker": "Legal", "pioneer": "Legal", "vintage": "Legal"}, "loyalty": "4", "manaCost": "{2}{W}{W}", "manaValue": 4.0, "name": "Gideon, Ally of Zendikar", "number": "1", "originalReleaseDate": "2023-02-25", "printings": ["BFZ", "PBFZ", "PLIST", "PRCQ", "PS16"], "promoTypes": ["boosterfun"], "purchaseUrls": {"cardKingdom": "https://mtgjson.com/links/e63ddfe79f389811", "cardKingdomFoil": "https://mtgjson.com/links/946a77aaa0c94b20", "tcgplayer": "https://mtgjson.com/links/c2538bc2e7d4ed74"}, "rarity": "mythic", "rulings": [{"date": "2015-08-25", "text": "Gideon’s first ability doesn’t count as a creature entering the battlefield. Gideon was already on the battlefield; he only changed his types. Specifically, your rally abilities won’t trigger. (Of course, Gideon’s second ability will cause rally abilities to trigger.)"}, {"date": "2015-08-25", "text": "If Gideon becomes a creature the same turn he enters the battlefield, you can’t attack with him or use any of his {T} abilities (if he gains any)."}, {"date": "2015-08-25", "text": "Gideon’s first ability causes him to become a creature with the creature types Human, Soldier, and Ally. He remains a planeswalker with the planeswalker type Gideon. (He also retains any other card types or subtypes he may have had.) Each subtype is correlated to the proper card type: planeswalker is only a type (not a creature type), and Human, Soldier, and Ally are just creature types (not planeswalker types)."}, {"date": "2015-08-25", "text": "If damage that can’t be prevented is dealt to Gideon after his first ability has resolved, that damage will have all applicable results: specifically, the damage is marked on Gideon (since he’s a creature) and that damage causes that many loyalty counters to be removed from him (since he’s a planeswalker). Even though he has indestructible, if Gideon has no loyalty counters on him, he’s put into his owner’s graveyard."}], "securityStamp": "oval", "setCode": "PRCQ", "subtypes": ["Gideon"], "supertypes": ["Legendary"], "text": "[+1]: Until end of turn, Gideon, Ally of Zendikar becomes a 5/5 Human Soldier Ally creature with indestructible that's still a planeswalker. Prevent all damage that would be dealt to him this turn.\n[0]: Create a 2/2 white Knight Ally creature token.\n[−4]: You get an emblem with \"Creatures you control get +1/+1.\"", "type": "Legendary Planeswalker — Gideon", "types": ["Planeswalker"], "uuid": "1adf0de6-570a-5477-86f1-e7d8e05718ee"}, {"artist": "Justine Jones", "artistIds": ["51041d8d-35e6-47a2-95b1-528fa4d82134"], "availability": ["paper"], "borderColor": "borderless", "colorIdentity": ["W"], "colors": ["W"], "convertedManaCost": 2.0, "edhrecRank": 820, "edhrecSaltiness": 0.28, "finishes": ["nonfoil", "foil"], "foreignData": [], "frameEffects": ["inverted"], "frameVersion": "2015", "hasFoil": true, "hasNonFoil": true, "identifiers": {"cardKingdomFoilId": "267878", "cardKingdomId": "267877", "cardsphereId": "94750", "mtgjsonV4Id": "48dfc575-dd4f-58ec-83c6-36dab25bb54b", "scryfallId": "e366eae0-a464-4763-bcf6-6d02dda13996", "scryfallIllustrationId": "880740cc-c934-444f-8bd9-2897a91380b1", "scryfallOracleId": "71d785a9-ddc8-472e-a778-a551b444a4bd", "tcgplayerProductId": "449422"}, "isPromo": true, "isReprint": true, "isStarter": true, "keywords": ["Flying"], "language": "English", "layout": "normal", "legalities": {"commander": "Legal", "duel": "Legal", "explorer": "Legal", "gladiator": "Legal", "historic": "Legal", "historicbrawl": "Legal", "legacy": "Legal", "modern": "Legal", "oathbreaker": "Legal", "pioneer": "Legal", "vintage": "Legal"}, "manaCost": "{1}{W}", "manaValue": 2.0, "name": "Selfless Spirit", "number": "2", "power": "2", "printings": ["CLB", "EMN", "J22", "PEMN", "PLIST", "PRCQ", "SIR"], "promoTypes": ["boosterfun"], "purchaseUrls": {"cardKingdom": "https://mtgjson.com/links/dd67c8f143397d75", "cardKingdomFoil": "https://mtgjson.com/links/35e935696b42155f", "tcgplayer": "https://mtgjson.com/links/e8c4002b072f0528"}, "rarity": "rare", "rulings": [{"date": "2016-07-13", "text": "The set of creatures affected by Selfless Spirit's last ability is determined as the ability resolves. Creatures you begin to control later in the turn won't gain indestructible."}], "securityStamp": "oval", "setCode": "PRCQ", "subtypes": ["Spirit", "Cleric"], "supertypes": [], "text": "Flying\nSacrifice Selfless Spirit: Creatures you control gain indestructible until end of turn.", "toughness": "1", "type": "Creature — Spirit Cleric", "types": ["Creature"], "uuid": "752423f6-cc63-5d48-975b-026f93f7516c"}, {"artist": "Yuko Shimizu", "artistIds": ["ea682f36-445b-4716-be7f-eb7b27e66dcd"], "availability": ["paper"], "borderColor": "borderless", "colorIdentity": ["W"], "colors": ["W"], "convertedManaCost": 1.0, "edhrecRank": 4849, "finishes": ["nonfoil", "foil"], "foreignData": [], "frameEffects": ["inverted"], "frameVersion": "2015", "hasFoil": true, "hasNonFoil": true, "identifiers": {"cardKingdomFoilId": "267880", "cardKingdomId": "267879", "cardsphereId": "94751", "mtgjsonV4Id": "d081f81b-5ed1-5cd1-9874-55e84da4cb93", "scryfallId": "e8233004-6d69-44a7-bf21-f13a5e146a1f", "scryfallIllustrationId": "4b064640-84dd-4553-bcf6-e32fff938820", "scryfallOracleId": "caa02547-66e3-4e27-a2d3-5e94f3e7a069", "tcgplayerProductId": "449427"}, "isPromo": true, "isReprint": true, "isStarter": true, "keywords": ["Investigate"], "language": "English", "layout": "normal", "legalities": {"commander": "Legal", "duel": "Legal", "explorer": "Legal", "gladiator": "Legal", "historic": "Legal", "historicbrawl": "Legal", "legacy": "Legal", "modern": "Legal", "oathbreaker": "Legal", "pauper": "Legal", "paupercommander": "Legal", "penny": "Legal", "pioneer": "Legal", "vintage": "Legal"}, "manaCost": "{W}", "manaValue": 1.0, "name": "Thraben Inspector", "number": "3", "power": "1", "printings": ["2XM", "CMM", "HA4", "J22", "MB1", "PRCQ", "SIR", "SOI", "TSR"], "promoTypes": ["boosterfun"], "purchaseUrls": {"cardKingdom": "https://mtgjson.com/links/6b28bc0d78e5f1f6", "cardKingdomFoil": "https://mtgjson.com/links/0811663308aa2edb", "tcgplayer": "https://mtgjson.com/links/f8cda44b925361bf"}, "rarity": "rare", "rulings": [{"date": "2016-04-08", "text": "The token is named Clue and has the artifact subtype Clue. Clue isn't a creature type."}, {"date": "2016-04-08", "text": "The tokens are normal artifacts. For example, they can be sacrificed to cast Angelic Purge or targeted by Root Out."}, {"date": "2016-04-08", "text": "If you sacrifice a Clue for another card's cost or effect, such as that of Angelic Purge or Tamiyo's Journal, you can't also pay {2} and sacrifice it to draw a card."}], "securityStamp": "oval", "setCode": "PRCQ", "subtypes": ["Human", "Soldier"], "supertypes": [], "text": "When Thraben Inspector enters the battlefield, investigate. (Create a Clue token. It's an artifact with \"{2}, Sacrifice this artifact: Draw a card.\")", "toughness": "2", "type": "Creature — Human Soldier", "types": ["Creature"], "uuid": "19469caa-a0a0-5283-a97f-9b29d8bd6f3e"}], "code": "PRCQ", "isFoilOnly": false, "isOnlineOnly": false, "keyruneCode": "PMEI", "languages": ["English"], "name": "Regional Championship Qualifiers 2022", "releaseDate": "2022-10-01", "tokens": [], "totalSetSize": 3, "translations": {}, "type": "promo"}}