{"meta": {"date": "2023-08-19", "version": "5.2.1+20230819"}, "data": {"baseSetSize": 10, "block": "Return to Ravnica", "cards": [{"artist": "Nils Hamm", "artistIds": ["c540d1fc-1500-457f-93cf-d6069ee66546"], "availability": ["paper"], "borderColor": "black", "colorIdentity": ["G"], "colors": ["G"], "convertedManaCost": 4.0, "edhrecRank": 11948, "edhrecSaltiness": 0.05, "finishes": ["foil"], "flavorText": "Some Golgari insects live for centuries—and they never stop growing.", "foreignData": [], "frameVersion": "2003", "hasFoil": true, "hasNonFoil": false, "identifiers": {"cardKingdomFoilId": "188766", "cardsphereId": "23877", "mcmId": "259162", "mtgjsonV4Id": "f59a2467-1f54-5fcd-ba82-192946b60454", "scryfallId": "f5833bc8-dfbe-42d1-b47a-c107ff4f5916", "scryfallIllustrationId": "ec2f3e83-99c2-47be-8cd8-d0c32aa6fffb", "scryfallOracleId": "1498f5a1-6df7-4f80-9470-c93528b64a9c", "tcgplayerProductId": "71295"}, "isPromo": true, "isReprint": true, "isStarter": true, "keywords": ["Scavenge"], "language": "English", "layout": "normal", "legalities": {"commander": "Legal", "duel": "Legal", "legacy": "Legal", "modern": "Legal", "oathbreaker": "Legal", "penny": "Legal", "pioneer": "Legal", "vintage": "Legal"}, "manaCost": "{2}{G}{G}", "manaValue": 4.0, "name": "Deadbridge Goliath", "number": "120★", "power": "5", "printings": ["GK1", "J22", "PRM", "PRTR", "RTR"], "promoTypes": ["setpromo", "datestamped", "release"], "purchaseUrls": {"cardKingdomFoil": "https://mtgjson.com/links/8c17bc3e01fe0671", "tcgplayer": "https://mtgjson.com/links/28c2d47f9dfcb90c"}, "rarity": "rare", "rulings": [{"date": "2013-04-15", "text": "Exiling the creature card with scavenge is part of the cost of activating the scavenge ability. Once the ability is activated and the cost is paid, it’s too late to stop the ability from being activated by trying to remove the creature card from the graveyard."}], "setCode": "PRTR", "subtypes": ["Insect"], "supertypes": [], "text": "Scavenge {4}{G}{G} ({4}{G}{G}, Exile this card from your graveyard: Put a number of +1/+1 counters equal to this card's power on target creature. Scavenge only as a sorcery.)", "toughness": "5", "type": "Creature — Insect", "types": ["Creature"], "uuid": "27cdc998-65a6-52c8-9610-39d4c04af696", "watermark": "golgari"}, {"artist": "Svetlin Velinov", "artistIds": ["ffd063ae-c097-4f26-b2e6-b1e2137708bc"], "availability": ["paper"], "borderColor": "black", "colorIdentity": ["U", "W"], "colors": ["U", "W"], "convertedManaCost": 7.0, "edhrecRank": 15387, "edhrecSaltiness": 0.39, "finishes": ["foil"], "foreignData": [], "frameVersion": "2003", "hasFoil": true, "hasNonFoil": false, "identifiers": {"cardKingdomFoilId": "188769", "cardsphereId": "37035", "mcmId": "258535", "mtgjsonV4Id": "79b5a5cd-df7b-56a6-83fa-33f09f6e7ac2", "scryfallId": "07baef91-d7fd-4890-8c00-62f1a416dc76", "scryfallIllustrationId": "90fb12ea-8454-469d-97b2-781023b2fa47", "scryfallOracleId": "27ecb717-6251-4066-b57e-7070e9e44bbf", "tcgplayerProductId": "71280"}, "isPromo": true, "isReprint": true, "isStarter": true, "keywords": ["Detain", "Flying"], "language": "English", "layout": "normal", "legalities": {"commander": "Legal", "duel": "Legal", "legacy": "Legal", "modern": "Legal", "oathbreaker": "Legal", "penny": "Legal", "pioneer": "Legal", "vintage": "Legal"}, "manaCost": "{5}{W}{U}", "manaValue": 7.0, "name": "Archon of the Triumvirate", "number": "142★", "power": "4", "printings": ["GK2", "PRM", "PRTR", "RTR"], "promoTypes": ["setpromo", "datestamped", "prerelease"], "purchaseUrls": {"cardKingdomFoil": "https://mtgjson.com/links/e22349141c7dfe1a", "tcgplayer": "https://mtgjson.com/links/8c8896ac3d4d5ac4"}, "rarity": "rare", "rulings": [{"date": "2012-10-01", "text": "The nonland permanents will be detained before blockers are chosen. Notably, a creature detained this way can’t block before it is detained."}, {"date": "2012-10-01", "text": "The two nonland permanents can be controlled by the same opponent or by different opponents."}, {"date": "2013-04-15", "text": "When a player leaves a multiplayer game, any continuous effects with durations that last until that player’s next turn or until a specific point in that turn will last until that turn would have begun. They neither expire immediately nor last indefinitely."}, {"date": "2013-04-15", "text": "If a permanent’s activated ability is on the stack when that permanent is detained, the ability will be unaffected."}, {"date": "2013-04-15", "text": "If a noncreature permanent is detained and later turns into a creature, it won’t be able to attack or block."}, {"date": "2013-04-15", "text": "Activated abilities include a colon and are written in the form “[cost]: [effect].” No one can activate any activated abilities, including mana abilities, of a detained permanent."}, {"date": "2013-04-15", "text": "The static abilities of a detained permanent still apply. The triggered abilities of a detained permanent can still trigger."}, {"date": "2013-04-15", "text": "If a creature is already attacking or blocking when it’s detained, it won’t be removed from combat. It will continue to attack or block."}], "setCode": "PRTR", "subtypes": ["Archon"], "supertypes": [], "text": "Flying\nWhenever Archon of the Triumvirate attacks, detain up to two target nonland permanents your opponents control. (Until your next turn, those permanents can't attack or block and their activated abilities can't be activated.)", "toughness": "5", "type": "Creature — Archon", "types": ["Creature"], "uuid": "17c126bd-d42b-513b-b37b-f8f652de99c2", "watermark": "azorius"}, {"artist": "Min Yum", "artistIds": ["9cb65d6f-8851-4d56-9add-9eefa274bd1b"], "availability": ["paper"], "borderColor": "black", "colorIdentity": ["B", "R"], "colors": ["B", "R"], "convertedManaCost": 6.0, "edhrecRank": 16573, "finishes": ["foil"], "flavorText": "Its favorite treats are candied hands and sweet hearts.", "foreignData": [], "frameVersion": "2003", "hasFoil": true, "hasNonFoil": false, "identifiers": {"cardKingdomFoilId": "188771", "cardsphereId": "37079", "mcmId": "258538", "mtgjsonV4Id": "ae3b4c96-e6c9-5199-b4af-e445d6b9732e", "scryfallId": "f7c622d7-c8e4-4eaa-8102-3fae136559cb", "scryfallIllustrationId": "482e7707-9955-4574-ba00-805b0993993a", "scryfallOracleId": "34ae5b49-f8bf-4aa8-bb62-92d6d3118b26", "tcgplayerProductId": "71290"}, "isPromo": true, "isReprint": true, "isStarter": true, "keywords": ["First strike", "Haste", "Unleash"], "language": "English", "layout": "normal", "legalities": {"commander": "Legal", "duel": "Legal", "legacy": "Legal", "modern": "Legal", "oathbreaker": "Legal", "penny": "Legal", "pioneer": "Legal", "vintage": "Legal"}, "manaCost": "{4}{B}{R}", "manaValue": 6.0, "name": "Carnival Hellsteed", "number": "147★", "power": "5", "printings": ["GK2", "PRM", "PRTR", "RTR"], "promoTypes": ["setpromo", "datestamped", "prerelease"], "purchaseUrls": {"cardKingdomFoil": "https://mtgjson.com/links/e9eeeef93ff2513d", "tcgplayer": "https://mtgjson.com/links/589ceba083f35acc"}, "rarity": "rare", "rulings": [{"date": "2013-04-15", "text": "You make the choice to have the creature with unleash enter the battlefield with a +1/+1 counter or not as it’s entering the battlefield. At that point, it’s too late for a player to respond to the creature spell by trying to counter it, for example."}, {"date": "2013-04-15", "text": "The unleash ability applies no matter where the creature is entering the battlefield from."}, {"date": "2013-04-15", "text": "A creature with unleash can’t block if it has any +1/+1 counter on it, not just one put on it by the unleash ability."}, {"date": "2013-04-15", "text": "Putting a +1/+1 counter on a creature with unleash that’s already blocking won’t remove it from combat. It will continue to block."}], "setCode": "PRTR", "subtypes": ["Nightmare", "Horse"], "supertypes": [], "text": "First strike, haste\nUnleash (You may have this creature enter the battlefield with a +1/+1 counter on it. It can't block as long as it has a +1/+1 counter on it.)", "toughness": "4", "type": "Creature — Nightmare Horse", "types": ["Creature"], "uuid": "c5c730db-4a77-58f8-b6bc-213ee9751c8a", "watermark": "rakdos"}, {"artist": "Vincent Proce", "artistIds": ["d82b1138-76d3-49f7-9d8c-bc2e2d3e0b0a"], "availability": ["paper"], "borderColor": "black", "colorIdentity": ["B", "G"], "colors": ["B", "G"], "convertedManaCost": 4.0, "edhrecRank": 1467, "edhrecSaltiness": 0.23, "finishes": ["foil"], "flavorText": "Weakness is not in the nature of the Swarm.", "foreignData": [], "frameVersion": "2003", "hasFoil": true, "hasNonFoil": false, "identifiers": {"cardKingdomFoilId": "188772", "cardsphereId": "37099", "mcmId": "258540", "mtgjsonV4Id": "ac32a042-2cf5-5fc8-906a-afed595a3835", "scryfallId": "b519f1ed-0411-4c85-a266-3c4f2895000a", "scryfallIllustrationId": "c228bf38-b48f-45c1-a3b7-5fd9ea3003d9", "scryfallOracleId": "ca0cc02b-b106-4eca-9388-d4b48dd3be49", "tcgplayerProductId": "71225"}, "isPromo": true, "isReprint": true, "isStarter": true, "language": "English", "layout": "normal", "legalities": {"commander": "Legal", "duel": "Legal", "legacy": "Legal", "modern": "Legal", "oathbreaker": "Legal", "paupercommander": "Restricted", "penny": "Legal", "pioneer": "Legal", "vintage": "Legal"}, "manaCost": "{2}{B}{G}", "manaValue": 4.0, "name": "Corpsejack Menace", "number": "152★", "power": "4", "printings": ["C16", "CM2", "IMA", "MB1", "PRM", "PRTR", "RTR"], "promoTypes": ["setpromo", "datestamped", "prerelease"], "purchaseUrls": {"cardKingdomFoil": "https://mtgjson.com/links/6861c4420d6f3632", "tcgplayer": "https://mtgjson.com/links/5ea3160c60a7e06c"}, "rarity": "rare", "rulings": [{"date": "2017-11-17", "text": "If a creature you control would enter the battlefield with a number of +1/+1 counters on it, it enters with twice that many instead."}, {"date": "2017-11-17", "text": "If you control two Corpsejack Menaces, the number of +1/+1 counters put on a creature is four times the original number. Three Corpsejack Menaces multiplies the original number by eight, and so on."}], "setCode": "PRTR", "subtypes": ["Fungus"], "supertypes": [], "text": "If one or more +1/+1 counters would be put on a creature you control, twice that many +1/+1 counters are put on it instead.", "toughness": "4", "type": "Creature — Fungus", "types": ["Creature"], "uuid": "1dfa9686-e3a8-5207-892e-b8ef244e7ce3", "watermark": "golgari"}, {"artist": "Svetlin Velinov", "artistIds": ["ffd063ae-c097-4f26-b2e6-b1e2137708bc"], "availability": ["paper"], "borderColor": "black", "colorIdentity": ["B", "G"], "colors": ["B", "G"], "convertedManaCost": 3.0, "edhrecRank": 16547, "finishes": ["foil"], "foreignData": [], "frameVersion": "2003", "hasFoil": true, "hasNonFoil": false, "identifiers": {"cardKingdomFoilId": "194461", "cardsphereId": "19472", "mcmId": "259465", "mtgjsonV4Id": "d22f531a-17e2-538d-bbdb-0505c0ecc409", "scryfallId": "ecc43058-6708-489f-a88f-33930c58ebce", "scryfallIllustrationId": "cea8b135-32ca-4bb8-b98b-99b82985705d", "scryfallOracleId": "71358110-4e28-4794-befa-ea6e27e720ef", "tcgplayerProductId": "71510"}, "isPromo": true, "isReprint": true, "isStarter": true, "keywords": ["Haste", "Scavenge"], "language": "English", "layout": "normal", "legalities": {"commander": "Legal", "duel": "Legal", "legacy": "Legal", "modern": "Legal", "oathbreaker": "Legal", "pauper": "Legal", "paupercommander": "Legal", "penny": "Legal", "pioneer": "Legal", "vintage": "Legal"}, "manaCost": "{1}{B}{G}", "manaValue": 3.0, "name": "Dreg Mangler", "number": "158", "power": "3", "printings": ["2X2", "DDJ", "PRTR", "RTR"], "promoTypes": ["giftbox", "setpromo"], "purchaseUrls": {"cardKingdomFoil": "https://mtgjson.com/links/5cde3fe7fef821d1", "tcgplayer": "https://mtgjson.com/links/5ba0bb869b568908"}, "rarity": "uncommon", "rulings": [{"date": "2013-04-15", "text": "Exiling the creature card with scavenge is part of the cost of activating the scavenge ability. Once the ability is activated and the cost is paid, it’s too late to stop the ability from being activated by trying to remove the creature card from the graveyard."}], "setCode": "PRTR", "subtypes": ["Plant", "Zombie"], "supertypes": [], "text": "Haste\nScavenge {3}{B}{G} ({3}{B}{G}, Exile this card from your graveyard: Put a number of +1/+1 counters equal to this card's power on target creature. Scavenge only as a sorcery.)", "toughness": "3", "type": "Creature — Plant Zombie", "types": ["Creature"], "uuid": "5b58f598-1227-53ec-a78d-978157de63e6", "watermark": "golgari"}, {"artist": "Volkan Baǵa", "artistIds": ["93bec3c0-0260-4d31-8064-5d01efb4153f"], "availability": ["paper"], "borderColor": "black", "colorIdentity": ["R", "U"], "colors": ["R", "U"], "convertedManaCost": 5.0, "edhrecRank": 7251, "edhrecSaltiness": 0.15, "finishes": ["foil"], "flavorText": "\"Even this primitive specimen of my kind is impressive.\"\n—Niv-Mizzet", "foreignData": [], "frameVersion": "2003", "hasFoil": true, "hasNonFoil": false, "identifiers": {"cardKingdomFoilId": "188770", "cardsphereId": "37262", "mcmId": "258537", "mtgjsonV4Id": "ff1176b8-8f65-5278-a93b-669ad38bf130", "scryfallId": "ba617296-3cce-4933-8939-dde6445225e2", "scryfallIllustrationId": "af011ae4-d045-4e87-b0e0-637ce06f9ff8", "scryfallOracleId": "e1bf20b0-2bd7-4a0f-9a02-41e43bd44641", "tcgplayerProductId": "71281"}, "isPromo": true, "isReprint": true, "isStarter": true, "keywords": ["Flying", "Haste"], "language": "English", "layout": "normal", "legalities": {"commander": "Legal", "duel": "Legal", "legacy": "Legal", "modern": "Legal", "oathbreaker": "Legal", "penny": "Legal", "pioneer": "Legal", "vintage": "Legal"}, "manaCost": "{3}{U}{R}", "manaValue": 5.0, "name": "Hypersonic Dragon", "number": "170★", "power": "4", "printings": ["GK1", "IMA", "PRM", "PRTR", "RTR"], "promoTypes": ["setpromo", "datestamped", "prerelease"], "purchaseUrls": {"cardKingdomFoil": "https://mtgjson.com/links/4156958a174f6514", "tcgplayer": "https://mtgjson.com/links/2ad8bf10d3066f76"}, "rarity": "rare", "rulings": [{"date": "2017-11-17", "text": "Hypersonic Dragon’s last ability applies to sorcery cards in any zone, provided something is allowing you to cast them. For example, you could cast a sorcery with flashback as though it had flash."}, {"date": "2017-11-17", "text": "Hypersonic Dragon’s last ability has no effect on abilities that you can activate “any time you could cast a sorcery.”"}], "setCode": "PRTR", "subtypes": ["Dragon"], "supertypes": [], "text": "Flying, haste\nYou may cast sorcery spells as though they had flash. (You may cast them any time you could cast an instant.)", "toughness": "4", "type": "Creature — Dragon", "types": ["Creature"], "uuid": "9d767e5e-1aa4-5402-a145-eaf094aa3505", "watermark": "izzet"}, {"artist": "John Avon", "artistIds": ["798f3932-30e0-4420-aa3f-db4d613f89ca"], "availability": ["paper"], "borderColor": "black", "colorIdentity": ["U", "W"], "colors": ["U", "W"], "convertedManaCost": 4.0, "edhrecRank": 383, "edhrecSaltiness": 0.66, "finishes": ["foil"], "flavorText": "Leonos had no second thoughts about the abolishment edict. He'd left skyrunes warning of the eviction, even though it was cloudy.", "foreignData": [], "frameVersion": "2003", "hasFoil": true, "hasNonFoil": false, "identifiers": {"cardKingdomFoilId": "188768", "cardsphereId": "7748", "mcmId": "259161", "mtgjsonV4Id": "3f3c3767-72bc-523c-adfd-eb9bdb55c185", "scryfallId": "35e3b17c-1af9-4a6d-9cbe-e9d23ea52c53", "scryfallIllustrationId": "e092cb2b-ac4a-4039-a1fb-21db37508e97", "scryfallOracleId": "0230de18-8d15-4cfa-9d42-7ccddd9f9570", "tcgplayerProductId": "71223"}, "isPromo": true, "isReprint": true, "isStarter": true, "language": "English", "layout": "normal", "legalities": {"commander": "Legal", "duel": "Legal", "explorer": "Legal", "gladiator": "Legal", "historic": "Legal", "historicbrawl": "Legal", "legacy": "Legal", "modern": "Legal", "oathbreaker": "Legal", "pioneer": "Legal", "vintage": "Legal"}, "manaCost": "{1}{W}{W}{U}", "manaValue": 4.0, "name": "Supreme Verdict", "number": "201★", "printings": ["2X2", "EA1", "IMA", "LTC", "MB1", "PRM", "PRTR", "RTR"], "promoTypes": ["setpromo", "buyabox"], "purchaseUrls": {"cardKingdomFoil": "https://mtgjson.com/links/131ad500961b5f57", "tcgplayer": "https://mtgjson.com/links/38aad1ebac396f41"}, "rarity": "rare", "setCode": "PRTR", "subtypes": [], "supertypes": [], "text": "This spell can't be countered.\nDestroy all creatures.", "type": "Sorcery", "types": ["Sorcery"], "uuid": "b6589e42-ebcd-5046-8223-0994e50a43c3", "watermark": "azorius"}, {"artist": "Nils Hamm", "artistIds": ["c540d1fc-1500-457f-93cf-d6069ee66546"], "availability": ["paper"], "borderColor": "black", "colorIdentity": ["B", "R"], "colors": ["B", "R"], "convertedManaCost": 3.0, "edhrecRank": 11185, "edhrecSaltiness": 0.19, "finishes": ["foil"], "foreignData": [], "frameVersion": "2003", "hasFoil": true, "hasNonFoil": false, "identifiers": {"cardKingdomFoilId": "188765", "cardsphereId": "18908", "mcmId": "259164", "mtgjsonV4Id": "62d2d437-8f99-5534-a2db-2a5de1c8f89a", "scryfallId": "d0b9097b-e2c8-4d9f-abb3-1cb410888988", "scryfallIllustrationId": "d49dba07-61bb-41e0-8924-839e4a19e021", "scryfallOracleId": "f5d62baa-648d-4030-87f9-e795ed665084", "tcgplayerProductId": "71293"}, "isFullArt": true, "isPromo": true, "isReprint": true, "isStarter": true, "keywords": ["Trample"], "language": "English", "layout": "normal", "legalities": {"commander": "Legal", "duel": "Legal", "legacy": "Legal", "modern": "Legal", "oathbreaker": "Legal", "penny": "Legal", "pioneer": "Legal", "vintage": "Legal"}, "manaCost": "{1}{B/R}{B/R}", "manaValue": 3.0, "name": "Cryptborn Horror", "number": "212", "power": "0", "printings": ["PRM", "PRTR", "RTR"], "promoTypes": ["setpromo", "gameday"], "purchaseUrls": {"cardKingdomFoil": "https://mtgjson.com/links/0742a8c7150bbdd1", "tcgplayer": "https://mtgjson.com/links/cf4d72bd6559614a"}, "rarity": "rare", "rulings": [{"date": "2012-10-01", "text": "Remember, damage dealt to a player causes that player to lose that much life (unless the source has infect)."}, {"date": "2012-10-01", "text": "If no opponent has lost life on the turn Cryptborn Horror enters the battlefield, it will enter with no +1/+1 counters on it and be put into its owner’s graveyard (unless something else is raising its toughness)."}, {"date": "2012-10-01", "text": "Cryptborn Horror cares about the total life lost, not necessarily what an opponent’s life total is compared to what it was at the beginning of the turn. For example, if an opponent loses 5 life and then gains 10 life on the turn Cryptborn Horror enters the battlefield, it will enter with five +1/+1 counters on it."}, {"date": "2012-10-01", "text": "In multiplayer games, life lost the turn Cryptborn Horror enters the battlefield by opponents who left the game later that turn will count toward the value of X."}], "setCode": "PRTR", "subtypes": ["Horror"], "supertypes": [], "text": "Trample\nCryptborn Horror enters the battlefield with X +1/+1 counters on it, where X is the total life lost by your opponents this turn.", "toughness": "0", "type": "Creature — Horror", "types": ["Creature"], "uuid": "a2ecaa62-4271-598f-9d01-944780ff049a"}, {"artist": "Ryan Pancoast", "artistIds": ["89cc9475-dda2-4d13-bf88-54b92867a25c"], "availability": ["paper"], "borderColor": "black", "colorIdentity": ["G", "W"], "colors": ["G", "W"], "convertedManaCost": 1.0, "edhrecRank": 11921, "edhrecSaltiness": 0.19, "finishes": ["nonfoil"], "foreignData": [], "frameVersion": "2003", "hasFoil": false, "hasNonFoil": true, "identifiers": {"cardKingdomId": "188764", "cardsphereId": "18913", "mcmId": "259163", "mtgjsonV4Id": "bbdc1e21-3323-57fb-b7fb-273f5db6c213", "scryfallId": "d88f8449-748f-4843-b4a2-480f6ebd384d", "scryfallIllustrationId": "c18911bc-de7c-43e7-b622-af92def1dce2", "scryfallOracleId": "b8ca5877-ac9e-4b15-8c23-c70f61b01895", "tcgplayerProductId": "71294"}, "isFullArt": true, "isPromo": true, "isReprint": true, "isStarter": true, "language": "English", "layout": "normal", "legalities": {"commander": "Legal", "duel": "Legal", "legacy": "Legal", "modern": "Legal", "oathbreaker": "Legal", "paupercommander": "Restricted", "penny": "Legal", "pioneer": "Legal", "vintage": "Legal"}, "manaCost": "{G/W}", "manaValue": 1.0, "name": "Dryad Militant", "number": "214", "power": "2", "printings": ["GK1", "PLIST", "PRM", "PRTR", "RTR"], "promoTypes": ["setpromo", "gameday"], "purchaseUrls": {"cardKingdom": "https://mtgjson.com/links/df58c2dcc81df483", "tcgplayer": "https://mtgjson.com/links/c41d5c44119eb3d9"}, "rarity": "uncommon", "rulings": [{"date": "2012-10-01", "text": "If an instant or sorcery spell destroys Dryad Militant directly (like Murder does), that instant or sorcery card will be put into its owner’s graveyard. However, if an instant or sorcery card deals lethal damage to Dryad Militant, Dryad Militant will remain on the battlefield until the next time state-based actions are checked, which is after the instant or sorcery finishes resolving. The instant or sorcery will be exiled."}, {"date": "2012-10-01", "text": "If an instant or sorcery card is discarded while Dryad Militant is on the battlefield, abilities that function when a card is discarded (such as madness) still work, even though that card never reaches a graveyard. In addition, spells or abilities that check the characteristics of a discarded card (such as Chandra Ablaze’s first ability) can find that card in exile."}], "setCode": "PRTR", "subtypes": ["Dryad", "Soldier"], "supertypes": [], "text": "If an instant or sorcery card would be put into a graveyard from anywhere, exile it instead.", "toughness": "1", "type": "Creature — Dryad Soldier", "types": ["Creature"], "uuid": "55d42c39-07ec-5b72-b50c-5fbe28c3921d"}, {"artist": "Yeong-Hao Han", "artistIds": ["f8e7f8d6-6dde-4059-973c-30f1fd1bbe4e"], "availability": ["paper"], "borderColor": "black", "colorIdentity": ["G", "W"], "colors": [], "convertedManaCost": 0.0, "edhrecRank": 6423, "edhrecSaltiness": 0.07, "finishes": ["foil"], "foreignData": [], "frameVersion": "2003", "hasFoil": true, "hasNonFoil": false, "identifiers": {"cardKingdomFoilId": "188773", "cardsphereId": "37238", "mcmId": "258542", "mtgjsonV4Id": "b7506bdd-f1d8-5954-8287-408eecb09037", "scryfallId": "b164a0b4-b2b8-4ea6-b271-e89291d0d4b3", "scryfallIllustrationId": "fc2e3355-fe65-4e79-906d-db3814c7d295", "scryfallOracleId": "f746612a-fbed-44ca-b2cc-5928e10cf4bb", "tcgplayerProductId": "71291"}, "isPromo": true, "isReprint": true, "isStarter": true, "language": "English", "layout": "normal", "legalities": {"commander": "Legal", "duel": "Legal", "legacy": "Legal", "modern": "Legal", "oathbreaker": "Legal", "penny": "Legal", "pioneer": "Legal", "vintage": "Legal"}, "manaValue": 0.0, "name": "Grove of the Guardian", "number": "240★", "printings": ["GK1", "PRM", "PRTR", "RTR"], "promoTypes": ["setpromo", "datestamped", "prerelease"], "purchaseUrls": {"cardKingdomFoil": "https://mtgjson.com/links/4be7bd3151ee2ba5", "tcgplayer": "https://mtgjson.com/links/a31ed1998eee6b87"}, "rarity": "rare", "rulings": [{"date": "2012-10-01", "text": "To activate Grove of the Guardian’s second ability you can tap any two untapped creatures you control, including ones you haven’t controlled continuously since the beginning of your most recent turn."}, {"date": "2012-10-01", "text": "You can’t tap Grove of the Guardian to activate both abilities at the same time."}], "setCode": "PRTR", "subtypes": [], "supertypes": [], "text": "{T}: Add {C}.\n{3}{G}{W}, {T}, Tap two untapped creatures you control, Sacrifice Grove of the Guardian: Create an 8/8 green and white Elemental creature token with vigilance.", "type": "Land", "types": ["Land"], "uuid": "9d2e211f-1fd6-525d-8c13-7b952f63bc35", "watermark": "selesnya"}], "code": "PRTR", "isFoilOnly": false, "isOnlineOnly": false, "keyruneCode": "RTR", "languages": ["English"], "name": "Return to Ravnica Promos", "parentCode": "RTR", "releaseDate": "2012-10-05", "tokens": [], "totalSetSize": 10, "translations": {}, "type": "promo"}}