{"meta": {"date": "2023-08-19", "version": "5.2.1+20230819"}, "data": {"baseSetSize": 5, "cards": [{"artist": "Terese Nielsen", "artistIds": ["eb55171c-2342-45f4-a503-2d5a75baf752"], "availability": ["paper"], "borderColor": "black", "colorIdentity": ["W"], "colors": ["W"], "convertedManaCost": 3.0, "edhrecRank": 6573, "edhrecSaltiness": 0.38, "finishes": ["foil"], "foreignData": [], "frameVersion": "2015", "hasFoil": true, "hasNonFoil": false, "identifiers": {"cardKingdomFoilId": "220727", "cardsphereId": "56434", "mcmId": "360898", "mtgjsonV4Id": "0a8cb342-6877-5d13-89e4-6246ee55c022", "scryfallId": "08a4a849-47a5-45eb-88ec-5cda0ba95306", "scryfallIllustrationId": "b107d4d0-6093-4ff5-a457-98a1056d4492", "scryfallOracleId": "a9bbaad7-c016-4908-a6a7-2c26112a6bf6", "tcgplayerProductId": "170789"}, "isPromo": true, "isReprint": true, "isStarter": true, "language": "English", "layout": "normal", "leadershipSkills": {"brawl": false, "commander": false, "oathbreaker": true}, "legalities": {"commander": "Legal", "duel": "Legal", "explorer": "Legal", "gladiator": "Legal", "historic": "Legal", "historicbrawl": "Legal", "legacy": "Legal", "modern": "Legal", "oathbreaker": "Legal", "pioneer": "Legal", "vintage": "Legal"}, "loyalty": "3", "manaCost": "{1}{W}{W}", "manaValue": 3.0, "name": "Gideon of the Trials", "number": "14", "printings": ["AKH", "AKR", "PAKH", "PRM", "PS17", "PS18"], "promoTypes": ["convention"], "purchaseUrls": {"cardKingdomFoil": "https://mtgjson.com/links/18b4533d80f8cc5e", "tcgplayer": "https://mtgjson.com/links/4e83709291ef9b02"}, "rarity": "mythic", "rulings": [{"date": "2017-04-18", "text": "Gideon’s first ability will continue to prevent damage dealt by the target permanent even if Gideon leaves the battlefield before your next turn."}, {"date": "2017-04-18", "text": "Gideon’s second ability doesn’t count as a creature entering the battlefield. Gideon was already on the battlefield; he only changed his types."}, {"date": "2017-04-18", "text": "If Gideon becomes a creature the same turn he enters the battlefield, you can’t attack with him or use any of his {T} abilities (if he gains any)."}, {"date": "2017-04-18", "text": "Gideon’s second ability causes him to become a creature with the creature types Human and Soldier. He remains a planeswalker with the planeswalker type Gideon. (He also retains any other card types or subtypes he may have had.) Each subtype is correlated to the proper card type: planeswalker is only a type (not a creature type), and Human and Soldier are just creature types (not planeswalker types)."}, {"date": "2017-04-18", "text": "If damage that can’t be prevented is dealt to Gideon after his second ability has resolved, that damage will have all applicable results: specifically, the damage is marked on Gideon (since he’s a creature) and that damage causes that many loyalty counters to be removed from him (since he’s a planeswalker). Even though he has indestructible, if Gideon has no loyalty counters on him, he’s put into his owner’s graveyard."}, {"date": "2017-04-18", "text": "If Gideon leaves the battlefield after giving you his emblem, you’ll keep the emblem. Its effect will apply again later if another Gideon comes under your control."}, {"date": "2017-04-18", "text": "No game effect can cause you to lose the game or cause any opponent to win the game while Gideon’s emblem is in effect. It doesn’t matter whether you have 0 or less life, you’re forced to draw a card while your library is empty, you have ten or more poison counters, you’re at your Glorious End, your opponent casts a second Approach of the Second Sun, or so on. You keep playing."}, {"date": "2017-04-18", "text": "Other circumstances can still cause you to lose the game. You will lose a game if you concede, if you’re penalized with a Game Loss or a Match Loss during a sanctioned tournament due to a DCI rules infraction, or if your Magic Online® game clock runs out of time."}, {"date": "2017-04-18", "text": "If you have Gideon’s emblem in a Two-Headed Giant game and control a Gideon planeswalker, your team can’t lose the game and the opposing team can’t win the game. If your teammate controls a Gideon planeswalker but you do not, your emblem’s effect doesn’t apply."}], "securityStamp": "oval", "setCode": "PS18", "subtypes": ["Gideon"], "supertypes": ["Legendary"], "text": "[+1]: Until your next turn, prevent all damage target permanent would deal.\n[0]: Until end of turn, Gideon of the Trials becomes a 4/4 Human Soldier creature with indestructible that's still a planeswalker. Prevent all damage that would be dealt to him this turn.\n[0]: You get an emblem with \"As long as you control a Gideon planeswalker, you can't lose the game and your opponents can't win the game.\"", "type": "Legendary Planeswalker — Gideon", "types": ["Planeswalker"], "uuid": "8dca7129-0b5e-59ed-bc3c-94bed6a0b1eb"}, {"artist": "Terese Nielsen", "artistIds": ["eb55171c-2342-45f4-a503-2d5a75baf752"], "availability": ["paper"], "borderColor": "black", "colorIdentity": ["U"], "colors": ["U"], "convertedManaCost": 3.0, "edhrecRank": 7599, "edhrecSaltiness": 0.25, "finishes": ["foil"], "foreignData": [], "frameVersion": "2015", "hasFoil": true, "hasNonFoil": false, "identifiers": {"cardKingdomFoilId": "220728", "cardsphereId": "56435", "mcmId": "360899", "mtgjsonV4Id": "cc85e4a4-2089-5a1b-a5be-5bc7b07bccb5", "scryfallId": "84e45881-e0cb-422e-8357-98f74edae64a", "scryfallIllustrationId": "77c3fc3a-75e1-4026-9ef3-63ae54a0d576", "scryfallOracleId": "d2341a16-ffde-42fa-9746-0d8888e812d4", "tcgplayerProductId": "170790"}, "isPromo": true, "isReprint": true, "isStarter": true, "language": "English", "layout": "normal", "leadershipSkills": {"brawl": false, "commander": false, "oathbreaker": true}, "legalities": {"commander": "Legal", "duel": "Legal", "explorer": "Legal", "gladiator": "Legal", "historic": "Legal", "historicbrawl": "Legal", "legacy": "Legal", "modern": "Legal", "oathbreaker": "Legal", "pioneer": "Legal", "vintage": "Legal"}, "loyalty": "3", "manaCost": "{1}{U}{U}", "manaValue": 3.0, "name": "Jace, Cunning Castaway", "number": "60", "printings": ["PRM", "PS18", "PXLN", "XLN"], "promoTypes": ["convention"], "purchaseUrls": {"cardKingdomFoil": "https://mtgjson.com/links/8ef529a2f67db597", "tcgplayer": "https://mtgjson.com/links/7a0f8e8d56c58415"}, "rarity": "mythic", "rulings": [{"date": "2017-09-29", "text": "The delayed triggered ability created by Jace’s first ability can trigger more than once in a turn if creatures you control deal combat damage at different times in a turn (most likely because one or more has first strike) or if creatures you control deal combat damage to more than one player at once."}, {"date": "2017-09-29", "text": "If a token created by Jace’s second ability becomes the target of a spell, its ability triggers and goes on the stack on top of that spell. The ability will resolve first (causing the token to be sacrificed). Unless the spell has another target, it will then be countered when it tries to resolve for having no legal targets."}, {"date": "2017-09-29", "text": "The tokens from Jace’s last ability copy exactly what is printed on Jace and nothing else. They don’t copy how many counters are on him or Auras attached to him, or any non-copy effects that have changed his color or types, and so on. They’ll each enter the battlefield with three loyalty counters. You can activate one loyalty ability of each of the tokens this turn."}, {"date": "2017-09-29", "text": "The tokens created by Jace’s last ability don’t have the legendary supertype. If another object becomes a copy of the token, that copy also won’t be legendary."}, {"date": "2017-09-29", "text": "You can control one legendary Jace, Cunning Castaway in addition to any number of nonlegendary copies of Jace, Cunning Castaway."}], "securityStamp": "oval", "setCode": "PS18", "subtypes": ["Jace"], "supertypes": ["Legendary"], "text": "[+1]: Whenever one or more creatures you control deal combat damage to a player this turn, draw a card, then discard a card.\n[−2]: Create a 2/2 blue Illusion creature token with \"When this creature becomes the target of a spell, sacrifice it.\"\n[−5]: Create two tokens that are copies of Jace, Cunning Castaway, except they're not legendary.", "type": "Legendary Planeswalker — Jace", "types": ["Planeswalker"], "uuid": "e6a570b1-16d3-521b-aecd-67cec3319475"}, {"artist": "Terese Nielsen", "artistIds": ["eb55171c-2342-45f4-a503-2d5a75baf752"], "availability": ["paper"], "borderColor": "black", "colorIdentity": ["B"], "colors": ["B"], "convertedManaCost": 4.0, "edhrecRank": 5082, "edhrecSaltiness": 0.12, "finishes": ["foil"], "foreignData": [], "frameVersion": "2015", "hasFoil": true, "hasNonFoil": false, "identifiers": {"cardKingdomFoilId": "220729", "cardsphereId": "56436", "mcmId": "360900", "mtgjsonV4Id": "f67f0fa1-02d9-55ba-9df8-273f1d0d5ef3", "scryfallId": "40c1be71-0719-4bf1-b0b6-dcb07e7c48e7", "scryfallIllustrationId": "c2e083ac-372c-4337-b7df-66d8e249b8db", "scryfallOracleId": "4f66489c-5a19-40ad-9126-461fa8231f1b", "tcgplayerProductId": "170791"}, "isPromo": true, "isReprint": true, "isStarter": true, "keywords": ["Mill"], "language": "English", "layout": "normal", "leadershipSkills": {"brawl": false, "commander": false, "oathbreaker": true}, "legalities": {"commander": "Legal", "duel": "Legal", "explorer": "Legal", "gladiator": "Legal", "historic": "Legal", "historicbrawl": "Legal", "legacy": "Legal", "modern": "Legal", "oathbreaker": "Legal", "pioneer": "Legal", "vintage": "Legal"}, "loyalty": "4", "manaCost": "{2}{B}{B}", "manaValue": 4.0, "name": "Liliana, Untouched by Death", "number": "106", "printings": ["M19", "PM19", "PRM", "PS18", "SCD"], "promoTypes": ["convention"], "purchaseUrls": {"cardKingdomFoil": "https://mtgjson.com/links/9c182049390a5fe3", "tcgplayer": "https://mtgjson.com/links/5c976024e68c8200"}, "rarity": "mythic", "rulings": [{"date": "2018-07-13", "text": "Once Liliana’s third ability has resolved, any Zombie cards in your graveyard may be cast this turn, including Zombie cards that enter your graveyard later in the turn."}, {"date": "2018-07-13", "text": "In a Two-Headed Giant game, Liliana’s first ability causes the opposing team to lose 4 life and you gain 2 life."}, {"date": "2018-07-13", "text": "The value of X is determined only as Liliana’s second ability resolves. If the number of Zombies you control changes later, the target creature’s power and toughness won’t change."}, {"date": "2018-07-13", "text": "Casting a Zombie card from your graveyard once Liliana’s third ability has resolved follows the normal rules for casting that card. You must pay its costs, and you must follow all applicable timing rules."}], "securityStamp": "oval", "setCode": "PS18", "subtypes": ["Liliana"], "supertypes": ["Legendary"], "text": "[+1]: Mill three cards. If at least one Zombie card is milled this way, each opponent loses 2 life and you gain 2 life.\n[−2]: Target creature gets -X/-X until end of turn, where X is the number of Zombies you control.\n[−3]: You may cast Zombie spells from your graveyard this turn.", "type": "Legendary Planeswalker — Liliana", "types": ["Planeswalker"], "uuid": "6c3cecef-97c1-5b9f-b819-fa5d7be84777"}, {"artist": "Terese Nielsen", "artistIds": ["eb55171c-2342-45f4-a503-2d5a75baf752"], "availability": ["paper"], "borderColor": "black", "colorIdentity": ["R"], "colors": ["R"], "convertedManaCost": 4.0, "edhrecRank": 994, "edhrecSaltiness": 0.26, "finishes": ["foil"], "foreignData": [], "frameVersion": "2015", "hasFoil": true, "hasNonFoil": false, "identifiers": {"cardKingdomFoilId": "220730", "cardsphereId": "56433", "mcmId": "360901", "mtgjsonV4Id": "695d822e-813c-5db3-8c11-15555de0c917", "scryfallId": "3ed9ffd5-5f40-4278-94db-23df1a982db1", "scryfallIllustrationId": "8c501a9e-7f48-4b91-8cd3-03a6bd1713d1", "scryfallOracleId": "12cc800c-c7be-4811-8207-fd01a99cc892", "tcgplayerProductId": "170788"}, "isPromo": true, "isReprint": true, "isStarter": true, "language": "English", "layout": "normal", "leadershipSkills": {"brawl": false, "commander": false, "oathbreaker": true}, "legalities": {"commander": "Legal", "duel": "Legal", "explorer": "Legal", "gladiator": "Legal", "historic": "Legal", "historicbrawl": "Legal", "legacy": "Legal", "modern": "Legal", "oathbreaker": "Legal", "pioneer": "Legal", "vintage": "Legal"}, "loyalty": "4", "manaCost": "{2}{R}{R}", "manaValue": 4.0, "name": "Chandra, Torch of Defiance", "number": "110", "printings": ["CMM", "KLD", "KLR", "PKLD", "PRM", "PS17", "PS18", "Q06", "SS3"], "promoTypes": ["convention"], "purchaseUrls": {"cardKingdomFoil": "https://mtgjson.com/links/89e2680f91d89934", "tcgplayer": "https://mtgjson.com/links/55dad7d6be4d4e43"}, "rarity": "mythic", "rulings": [{"date": "2016-09-20", "text": "An effect that instructs you to “cast” a card doesn't allow you to play lands. If the card exiled with Chandra's first ability is a land card, you can't play it and Chandra deals 2 damage to each opponent."}, {"date": "2016-09-20", "text": "If you cast the exiled card, you do so as part of the resolution of Chandra's ability. You can't wait to cast it later in the turn. Timing permissions based on the card's type are ignored, but other restrictions (such as “Cast [this card] only during combat”) are not."}, {"date": "2016-09-20", "text": "You pay the costs for the exiled card if you cast it. You may pay alternative costs such as emerge rather than the card's mana cost."}, {"date": "2016-09-20", "text": "Loyalty abilities can't be mana abilities. Chandra's second ability uses the stack and can be countered or otherwise responded to. Like all loyalty abilities, it can be activated only once per turn, during your main phase, when the stack is empty, and only if no other loyalty abilities of the planeswalker have been activated this turn."}, {"date": "2016-09-20", "text": "The emblem created by Chandra's last ability is colorless. The damage it deals is from a colorless source."}, {"date": "2016-09-20", "text": "Chandra's emblem's ability resolves before the spell that caused it to trigger."}, {"date": "2016-09-20", "text": "In a Two-Headed Giant game, Chandra's first ability causes 4 damage total to be dealt to the opposing team."}], "securityStamp": "oval", "setCode": "PS18", "subtypes": ["Chandra"], "supertypes": ["Legendary"], "text": "[+1]: Exile the top card of your library. You may cast that card. If you don't, Chandra, Torch of Defiance deals 2 damage to each opponent.\n[+1]: Add {R}{R}.\n[−3]: Chandra, Torch of Defiance deals 4 damage to target creature.\n[−7]: You get an emblem with \"Whenever you cast a spell, this emblem deals 5 damage to any target.\"", "type": "Legendary Planeswalker — Chandra", "types": ["Planeswalker"], "uuid": "64793505-00a2-5e24-8667-e6c7f58c91af"}, {"artist": "Terese Nielsen", "artistIds": ["eb55171c-2342-45f4-a503-2d5a75baf752"], "availability": ["paper"], "borderColor": "black", "colorIdentity": ["G"], "colors": ["G"], "convertedManaCost": 5.0, "edhrecRank": 1879, "edhrecSaltiness": 0.26, "finishes": ["foil"], "foreignData": [], "frameVersion": "2015", "hasFoil": true, "hasNonFoil": false, "identifiers": {"cardKingdomFoilId": "220731", "cardsphereId": "56437", "mcmId": "360902", "mtgjsonV4Id": "dffda0d8-0b3e-5884-98ed-d4cd5153100f", "scryfallId": "43e732e3-0150-4485-935e-1e15a3eacb78", "scryfallIllustrationId": "b1da33e8-c4b5-457b-9a91-d7f4e38c7b53", "scryfallOracleId": "31d4d8ce-36ba-4297-8c7a-34a83ba25255", "tcgplayerProductId": "170792"}, "isPromo": true, "isReprint": true, "isStarter": true, "language": "English", "layout": "normal", "leadershipSkills": {"brawl": false, "commander": false, "oathbreaker": true}, "legalities": {"commander": "Legal", "duel": "Legal", "explorer": "Legal", "gladiator": "Legal", "historic": "Legal", "historicbrawl": "Legal", "legacy": "Legal", "modern": "Legal", "oathbreaker": "Legal", "pioneer": "Legal", "vintage": "Legal"}, "loyalty": "5", "manaCost": "{3}{G}{G}", "manaValue": 5.0, "name": "Nissa, Vital Force", "number": "163", "printings": ["KLD", "KLR", "PKLD", "PRM", "PS18"], "promoTypes": ["convention"], "purchaseUrls": {"cardKingdomFoil": "https://mtgjson.com/links/16dd4bd2faefb022", "tcgplayer": "https://mtgjson.com/links/4b16bf8d388aa4bb"}, "rarity": "mythic", "rulings": [{"date": "2016-09-20", "text": "You can activate Nissa's first ability targeting a land that's already untapped."}, {"date": "2016-09-20", "text": "After resolving Nissa's first ability, the target land still has any abilities it had before it became a creature and any other types it had."}, {"date": "2016-09-20", "text": "A permanent card is an artifact, creature, enchantment, land, or planeswalker card."}], "securityStamp": "oval", "setCode": "PS18", "subtypes": ["Nissa"], "supertypes": ["Legendary"], "text": "[+1]: Untap target land you control. Until your next turn, it becomes a 5/5 Elemental creature with haste. It's still a land.\n[−3]: Return target permanent card from your graveyard to your hand.\n[−6]: You get an emblem with \"Whenever a land enters the battlefield under your control, you may draw a card.\"", "type": "Legendary Planeswalker — Nissa", "types": ["Planeswalker"], "uuid": "86a17fed-68a8-5390-8874-666c89f25560"}], "code": "PS18", "decks": [{"cards": [{"count": 1, "finish": "foil", "uuid": "8dca7129-0b5e-59ed-bc3c-94bed6a0b1eb"}, {"count": 1, "finish": "foil", "uuid": "e6a570b1-16d3-521b-aecd-67cec3319475"}, {"count": 1, "finish": "foil", "uuid": "6c3cecef-97c1-5b9f-b819-fa5d7be84777"}, {"count": 1, "finish": "foil", "uuid": "64793505-00a2-5e24-8667-e6c7f58c91af"}, {"count": 1, "finish": "foil", "uuid": "86a17fed-68a8-5390-8874-666c89f25560"}], "name": "SDCC 2018 Stained Glass Planeswalkers", "sealedProductUuids": null}], "isFoilOnly": true, "isOnlineOnly": false, "keyruneCode": "PMEI", "languages": ["English"], "name": "San Diego Comic-Con 2018", "releaseDate": "2018-07-19", "tokens": [], "totalSetSize": 5, "translations": {}, "type": "promo"}}