{"meta": {"date": "2023-08-19", "version": "5.2.1+20230819"}, "data": {"baseSetSize": 5, "cards": [{"artist": "Adam Paquette", "artistIds": ["89023dad-e6c0-41e0-83fb-eb2bfbbdc3f2"], "availability": ["paper"], "borderColor": "black", "colorIdentity": ["W"], "colors": ["W"], "convertedManaCost": 5.0, "edhrecRank": 2013, "edhrecSaltiness": 0.31, "finishes": ["nonfoil"], "foreignData": [], "frameEffects": ["legendary"], "frameVersion": "2015", "hasFoil": false, "hasNonFoil": true, "identifiers": {"cardKingdomId": "226725", "cardsphereId": "61605", "mcmId": "380325", "mtgjsonV4Id": "840f1d47-1e3e-52c5-ba09-59272321e360", "scryfallId": "5b13ba5a-f4b0-420a-9e4f-a65e57721fa4", "scryfallIllustrationId": "8f3b4497-d0d4-4074-a45c-736a4c3f9b6f", "scryfallOracleId": "3b03358d-f87e-4939-afc9-5ee3f044146a", "tcgplayerProductId": "193824"}, "isPromo": true, "isReprint": true, "isStarter": true, "keywords": ["Double strike"], "language": "English", "layout": "normal", "leadershipSkills": {"brawl": false, "commander": true, "oathbreaker": false}, "legalities": {"commander": "Legal", "duel": "Legal", "explorer": "Legal", "gladiator": "Legal", "historic": "Legal", "historicbrawl": "Legal", "legacy": "Legal", "modern": "Legal", "oathbreaker": "Legal", "pioneer": "Legal", "vintage": "Legal"}, "manaCost": "{3}{W}{W}", "manaValue": 5.0, "name": "God-Eternal Oketra", "number": "16", "power": "3", "printings": ["PS19", "PWAR", "WAR"], "promoTypes": ["convention", "glossy"], "purchaseUrls": {"cardKingdom": "https://mtgjson.com/links/c90f75c3c4bfbb93", "tcgplayer": "https://mtgjson.com/links/4a0f4eee85ab6c0b"}, "rarity": "mythic", "rulings": [{"date": "2019-05-03", "text": "Oketra’s first triggered ability resolves before the spell that caused it to trigger. It resolves even if that spell is countered."}, {"date": "2019-05-03", "text": "In the Commander format, a commander’s color identity isn’t affected by color words (such as black) appearing in its text. If God-Eternal Oketra is your commander, your deck can’t contain black mana symbols."}, {"date": "2019-05-03", "text": "If one of these Gods leaves the graveyard or exile while its last ability is on the stack, it will remain in its new zone, even if that zone is a graveyard or exile."}, {"date": "2019-05-03", "text": "If the God’s owner has two or fewer cards in their library, the God is put on the bottom of their library as its last ability resolves."}, {"date": "2019-05-03", "text": "If you control another player’s God when it dies, you decide whether to put that card into its owner’s library."}, {"date": "2019-05-03", "text": "If an effect exiles the God and immediately returns it to the battlefield, its last ability triggers but will have no effect. However, if an effect exiles it and would return it to the battlefield at a later time, the God’s ability may return that card its owner’s library first. If it does, the effect that exiled it won’t return it later."}, {"date": "2019-05-03", "text": "In a multiplayer game, if you put another player’s God onto the battlefield under your control, it will be exiled as you leave the game. If you were still the controller of that God, you would control its triggered ability but you have left the game; that ability won’t resolve and the card remains in exile. Similarly, if you lose the game at the same time that another player’s God that you put onto the battlefield is destroyed, it remains in its owner’s graveyard."}, {"date": "2019-05-03", "text": "If one of these Gods would die and it’s your commander in the Commander variant, you may put it into the command zone instead. If you save your commander this way, it doesn’t die and you won’t put it into your library. The same is true if it would be exiled."}], "securityStamp": "oval", "setCode": "PS19", "subtypes": ["Zombie", "God"], "supertypes": ["Legendary"], "text": "Double strike\nWhenever you cast a creature spell, create a 4/4 black Zombie Warrior creature token with vigilance.\nWhen God-Eternal Oketra dies or is put into exile from the battlefield, you may put it into its owner's library third from the top.", "toughness": "6", "type": "Legendary Creature — Zombie God", "types": ["Creature"], "uuid": "4ca1459c-cb55-54b4-be01-7c58379128bf"}, {"artist": "Adam Paquette", "artistIds": ["89023dad-e6c0-41e0-83fb-eb2bfbbdc3f2"], "availability": ["paper"], "borderColor": "black", "colorIdentity": ["U"], "colors": ["U"], "convertedManaCost": 4.0, "edhrecRank": 3812, "edhrecSaltiness": 0.42, "finishes": ["nonfoil"], "foreignData": [], "frameEffects": ["legendary"], "frameVersion": "2015", "hasFoil": false, "hasNonFoil": true, "identifiers": {"cardKingdomId": "226726", "cardsphereId": "61604", "mcmId": "380328", "mtgjsonV4Id": "4ecdbd60-f613-5de5-bfff-39bb907f9707", "scryfallId": "4889a668-0f01-4447-ad2e-91b329258f22", "scryfallIllustrationId": "6779dcb0-81c8-49b2-96aa-2bff41d55212", "scryfallOracleId": "41d11144-32fc-4e45-a8db-3edb9dc0ce80", "tcgplayerProductId": "193821"}, "isPromo": true, "isReprint": true, "isStarter": true, "keywords": ["Flying"], "language": "English", "layout": "normal", "leadershipSkills": {"brawl": false, "commander": true, "oathbreaker": false}, "legalities": {"commander": "Legal", "duel": "Legal", "explorer": "Legal", "gladiator": "Legal", "historic": "Legal", "historicbrawl": "Legal", "legacy": "Legal", "modern": "Legal", "oathbreaker": "Legal", "pioneer": "Legal", "vintage": "Legal"}, "manaCost": "{2}{U}{U}", "manaValue": 4.0, "name": "God-Eternal Kefnet", "number": "53", "power": "4", "printings": ["PS19", "PWAR", "WAR"], "promoTypes": ["convention", "glossy"], "purchaseUrls": {"cardKingdom": "https://mtgjson.com/links/d53fb3781f59c74d", "tcgplayer": "https://mtgjson.com/links/7249cd23003f8bb8"}, "rarity": "mythic", "rulings": [{"date": "2019-05-03", "text": "It’s important to reveal the first card you draw each turn (or choose not to reveal it) before it is mixed with the other cards in your hand. You look at the card as you draw it before choosing whether to reveal it."}, {"date": "2019-05-03", "text": "You don’t have to reveal a drawn card if you don’t wish to copy it at that time."}, {"date": "2019-05-03", "text": "If you reveal a card this way, it remains revealed until Kefnet’s triggered ability finishes resolving."}, {"date": "2019-05-03", "text": "You can reveal and copy an instant or sorcery card this way on any turn, not just your own, if it’s the first card you’ve drawn that turn."}, {"date": "2019-05-03", "text": "Multiple card draws are always treated as a sequence of individual card draws. For example, if you haven’t drawn any cards yet during a turn and cast a spell that instructs you to draw three cards, you’ll draw them one at a time. Only the first card drawn this way may be revealed and copied with Kefnet’s ability."}, {"date": "2019-05-03", "text": "If an effect puts a card into your hand without using the word “draw,” the card wasn’t drawn."}, {"date": "2019-05-03", "text": "You can cast the copy only as Kefnet’s triggered ability resolves. If you don’t want to cast it at that time (or you can’t cast it, perhaps because there are no legal targets available), the copy ceases to exist. You can’t cast it later."}, {"date": "2019-05-03", "text": "You can cast the copy during the resolution of the triggered ability if it’s a sorcery, no matter whose turn it is or which phase it is."}, {"date": "2019-05-03", "text": "If the card leaves your hand before Kefnet’s triggered ability resolves, you’ll copy it using its last known information."}, {"date": "2019-05-03", "text": "The copy is created in and cast from your hand."}, {"date": "2019-05-03", "text": "To determine the total cost of a spell, start with the mana cost or alternative cost you’re paying, add any cost increases, then apply any cost reductions (such as that of Kefnet’s ability). The converted mana cost of the spell remains unchanged, no matter what the total cost to cast it was."}, {"date": "2019-05-03", "text": "If you somehow control more than one God-Eternal Kefnet (perhaps because one is a Spark Double), you may reveal a card you draw for any number of their abilities. One at a time, each will copy the card if it’s an instant or sorcery, and you may cast each of them. Each copy resolves before you cast the next, and each copy’s cost is reduced by only {2}."}, {"date": "2019-05-03", "text": "If one of these Gods leaves the graveyard or exile while its last ability is on the stack, it will remain in its new zone, even if that zone is a graveyard or exile."}, {"date": "2019-05-03", "text": "If the God’s owner has two or fewer cards in their library, the God is put on the bottom of their library as its last ability resolves."}, {"date": "2019-05-03", "text": "If you control another player’s God when it dies, you decide whether to put that card into its owner’s library."}, {"date": "2019-05-03", "text": "If an effect exiles the God and immediately returns it to the battlefield, its last ability triggers but will have no effect. However, if an effect exiles it and would return it to the battlefield at a later time, the God’s ability may return that card its owner’s library first. If it does, the effect that exiled it won’t return it later."}, {"date": "2019-05-03", "text": "In a multiplayer game, if you put another player’s God onto the battlefield under your control, it will be exiled as you leave the game. If you were still the controller of that God, you would control its triggered ability but you have left the game; that ability won’t resolve and the card remains in exile. Similarly, if you lose the game at the same time that another player’s God that you put onto the battlefield is destroyed, it remains in its owner’s graveyard."}, {"date": "2019-05-03", "text": "If one of these Gods would die and it’s your commander in the Commander variant, you may put it into the command zone instead. If you save your commander this way, it doesn’t die and you won’t put it into your library. The same is true if it would be exiled."}], "securityStamp": "oval", "setCode": "PS19", "subtypes": ["Zombie", "God"], "supertypes": ["Legendary"], "text": "Flying\nYou may reveal the first card you draw each turn as you draw it. Whenever you reveal an instant or sorcery card this way, copy that card and you may cast the copy. That copy costs {2} less to cast.\nWhen God-Eternal Kefnet dies or is put into exile from the battlefield, you may put it into its owner's library third from the top.", "toughness": "5", "type": "Legendary Creature — Zombie God", "types": ["Creature"], "uuid": "e2ae1c94-1e0f-5893-ace4-c88e156e9ece"}, {"artist": "Adam Paquette", "artistIds": ["89023dad-e6c0-41e0-83fb-eb2bfbbdc3f2"], "availability": ["paper"], "borderColor": "black", "colorIdentity": ["B"], "colors": ["B"], "convertedManaCost": 5.0, "edhrecRank": 2751, "edhrecSaltiness": 0.15, "finishes": ["nonfoil"], "foreignData": [], "frameEffects": ["legendary"], "frameVersion": "2015", "hasFoil": false, "hasNonFoil": true, "identifiers": {"cardKingdomId": "226727", "cardsphereId": "61603", "mcmId": "380331", "mtgjsonV4Id": "6bea4a64-ed68-5f3b-a3a1-bbc21e979510", "scryfallId": "2ae1bb79-a931-4d2e-9cc9-a06862dc5cde", "scryfallIllustrationId": "95da2b4d-8682-48d3-912a-b86f67f034c9", "scryfallOracleId": "183891b0-b5ec-47f4-8d09-b9d3cfc4e7f1", "tcgplayerProductId": "193822"}, "isPromo": true, "isReprint": true, "isStarter": true, "keywords": ["Menace"], "language": "English", "layout": "normal", "leadershipSkills": {"brawl": false, "commander": true, "oathbreaker": false}, "legalities": {"commander": "Legal", "duel": "Legal", "explorer": "Legal", "gladiator": "Legal", "historic": "Legal", "historicbrawl": "Legal", "legacy": "Legal", "modern": "Legal", "oathbreaker": "Legal", "pioneer": "Legal", "vintage": "Legal"}, "manaCost": "{3}{B}{B}", "manaValue": 5.0, "name": "God-Eternal Bontu", "number": "92", "power": "5", "printings": ["PS19", "PWAR", "WAR"], "promoTypes": ["convention", "glossy"], "purchaseUrls": {"cardKingdom": "https://mtgjson.com/links/053ab6c3d1c6a677", "tcgplayer": "https://mtgjson.com/links/2d943492b327df2e"}, "rarity": "mythic", "rulings": [{"date": "2019-05-03", "text": "As Bontu’s first triggered ability resolves, you may choose to sacrifice zero other permanents."}, {"date": "2019-05-03", "text": "If any abilities trigger as you sacrifice other permanents, those abilities won’t be put onto the stack until after you’ve drawn cards."}, {"date": "2019-05-03", "text": "If a second God-Eternal Bontu enters the battlefield under your control, you’ll put one into your graveyard before you can sacrifice anything to the new Bontu’s triggered ability."}, {"date": "2019-05-03", "text": "If one of these Gods leaves the graveyard or exile while its last ability is on the stack, it will remain in its new zone, even if that zone is a graveyard or exile."}, {"date": "2019-05-03", "text": "If the God’s owner has two or fewer cards in their library, the God is put on the bottom of their library as its last ability resolves."}, {"date": "2019-05-03", "text": "If you control another player’s God when it dies, you decide whether to put that card into its owner’s library."}, {"date": "2019-05-03", "text": "If an effect exiles the God and immediately returns it to the battlefield, its last ability triggers but will have no effect. However, if an effect exiles it and would return it to the battlefield at a later time, the God’s ability may return that card its owner’s library first. If it does, the effect that exiled it won’t return it later."}, {"date": "2019-05-03", "text": "In a multiplayer game, if you put another player’s God onto the battlefield under your control, it will be exiled as you leave the game. If you were still the controller of that God, you would control its triggered ability but you have left the game; that ability won’t resolve and the card remains in exile. Similarly, if you lose the game at the same time that another player’s God that you put onto the battlefield is destroyed, it remains in its owner’s graveyard."}, {"date": "2019-05-03", "text": "If one of these Gods would die and it’s your commander in the Commander variant, you may put it into the command zone instead. If you save your commander this way, it doesn’t die and you won’t put it into your library. The same is true if it would be exiled."}], "securityStamp": "oval", "setCode": "PS19", "subtypes": ["Zombie", "God"], "supertypes": ["Legendary"], "text": "Menace\nWhen God-Eternal Bontu enters the battlefield, sacrifice any number of other permanents, then draw that many cards.\nWhen God-Eternal Bontu dies or is put into exile from the battlefield, you may put it into its owner's library third from the top.", "toughness": "6", "type": "Legendary Creature — Zombie God", "types": ["Creature"], "uuid": "a6391f23-1bc8-5169-8f94-63a3055aac62"}, {"artist": "Adam Paquette", "artistIds": ["89023dad-e6c0-41e0-83fb-eb2bfbbdc3f2"], "availability": ["paper"], "borderColor": "black", "colorIdentity": ["G"], "colors": ["G"], "convertedManaCost": 5.0, "edhrecRank": 2170, "edhrecSaltiness": 0.29, "finishes": ["nonfoil"], "foreignData": [], "frameEffects": ["legendary"], "frameVersion": "2015", "hasFoil": false, "hasNonFoil": true, "identifiers": {"cardKingdomId": "226728", "cardsphereId": "61606", "mcmId": "380334", "mtgjsonV4Id": "69c623a0-7b50-554b-877b-909a6be59e51", "scryfallId": "37bc0128-a8d0-477c-abcf-2bdc9e38b872", "scryfallIllustrationId": "32cb94b7-7a57-4169-bdd9-c67e4bde6772", "scryfallOracleId": "fc4f2cdb-966c-4576-8b37-b3d138f5710e", "tcgplayerProductId": "193823"}, "isPromo": true, "isReprint": true, "isStarter": true, "keywords": ["Deathtouch"], "language": "English", "layout": "normal", "leadershipSkills": {"brawl": false, "commander": true, "oathbreaker": false}, "legalities": {"commander": "Legal", "duel": "Legal", "explorer": "Legal", "gladiator": "Legal", "historic": "Legal", "historicbrawl": "Legal", "legacy": "Legal", "modern": "Legal", "oathbreaker": "Legal", "pioneer": "Legal", "vintage": "Legal"}, "manaCost": "{3}{G}{G}", "manaValue": 5.0, "name": "God-Eternal Rhonas", "number": "163", "power": "5", "printings": ["PS19", "PWAR", "WAR"], "promoTypes": ["convention", "glossy"], "purchaseUrls": {"cardKingdom": "https://mtgjson.com/links/c5427f05cac99a1f", "tcgplayer": "https://mtgjson.com/links/e211272b5260c6ee"}, "rarity": "mythic", "rulings": [{"date": "2019-05-03", "text": "Rhonas’s first triggered ability affects only creatures you control at the time it resolves. Creatures you begin to control later in the turn won’t have their power doubled or gain vigilance."}, {"date": "2019-05-03", "text": "If an effect instructs you to “double” a creature’s power, that creature gets +X/+0, where X is its power as that effect begins to apply."}, {"date": "2019-05-03", "text": "If one of these Gods leaves the graveyard or exile while its last ability is on the stack, it will remain in its new zone, even if that zone is a graveyard or exile."}, {"date": "2019-05-03", "text": "If the God’s owner has two or fewer cards in their library, the God is put on the bottom of their library as its last ability resolves."}, {"date": "2019-05-03", "text": "If you control another player’s God when it dies, you decide whether to put that card into its owner’s library."}, {"date": "2019-05-03", "text": "If an effect exiles the God and immediately returns it to the battlefield, its last ability triggers but will have no effect. However, if an effect exiles it and would return it to the battlefield at a later time, the God’s ability may return that card its owner’s library first. If it does, the effect that exiled it won’t return it later."}, {"date": "2019-05-03", "text": "In a multiplayer game, if you put another player’s God onto the battlefield under your control, it will be exiled as you leave the game. If you were still the controller of that God, you would control its triggered ability but you have left the game; that ability won’t resolve and the card remains in exile. Similarly, if you lose the game at the same time that another player’s God that you put onto the battlefield is destroyed, it remains in its owner’s graveyard."}, {"date": "2019-05-03", "text": "If one of these Gods would die and it’s your commander in the Commander variant, you may put it into the command zone instead. If you save your commander this way, it doesn’t die and you won’t put it into your library. The same is true if it would be exiled."}], "securityStamp": "oval", "setCode": "PS19", "subtypes": ["Zombie", "God"], "supertypes": ["Legendary"], "text": "Deathtouch\nWhen God-Eternal Rhonas enters the battlefield, double the power of each other creature you control until end of turn. Those creatures gain vigilance until end of turn.\nWhen God-Eternal Rhonas dies or is put into exile from the battlefield, you may put it into its owner's library third from the top.", "toughness": "5", "type": "Legendary Creature — Zombie God", "types": ["Creature"], "uuid": "594f3267-b14d-5be3-ae0b-e9242431cd65"}, {"artist": "Adam Paquette", "artistIds": ["89023dad-e6c0-41e0-83fb-eb2bfbbdc3f2"], "availability": ["paper"], "borderColor": "black", "colorIdentity": ["B", "R", "U"], "colors": ["B", "R", "U"], "convertedManaCost": 5.0, "edhrecRank": 2801, "edhrecSaltiness": 0.84, "finishes": ["nonfoil"], "foreignData": [], "frameVersion": "2015", "hasFoil": false, "hasNonFoil": true, "identifiers": {"cardKingdomId": "226729", "cardsphereId": "61607", "mcmId": "380337", "mtgjsonV4Id": "d46e1712-9441-5235-afdc-62ce9f593d5a", "scryfallId": "2c23b39b-a4d6-4f10-8ced-fa4b1ed2cf74", "scryfallIllustrationId": "500441a5-6860-4c77-8c57-bd9c4acacfa4", "scryfallOracleId": "581eedc4-efe4-4ae4-baf2-88071e7e6f6d", "tcgplayerProductId": "193825"}, "isPromo": true, "isReprint": true, "isStarter": true, "language": "English", "layout": "normal", "leadershipSkills": {"brawl": false, "commander": false, "oathbreaker": true}, "legalities": {"commander": "Legal", "duel": "Legal", "explorer": "Legal", "gladiator": "Legal", "historic": "Legal", "historicbrawl": "Legal", "legacy": "Legal", "modern": "Legal", "oathbreaker": "Legal", "pioneer": "Legal", "vintage": "Legal"}, "loyalty": "4", "manaCost": "{U}{B}{B}{B}{R}", "manaValue": 5.0, "name": "Nicol Bolas, Dragon-God", "number": "207", "printings": ["MED", "PRM", "PS19", "PWAR", "SLD", "WAR"], "promoTypes": ["convention", "glossy"], "purchaseUrls": {"cardKingdom": "https://mtgjson.com/links/bb4e4998b5e67e75", "tcgplayer": "https://mtgjson.com/links/5ac18ccbc6b12c1e"}, "rarity": "mythic", "rulings": [{"date": "2019-05-03", "text": "Nicol Bolas doesn’t remove loyalty abilities from the other planeswalkers."}, {"date": "2019-05-03", "text": "Nicol Bolas doesn’t gain any static or triggered abilities of other planeswalkers or any activated abilities they may have that aren’t loyalty abilities."}, {"date": "2019-05-03", "text": "While Nicol Bolas may end up with an astonishing number of loyalty abilities, you can still activate only one loyalty ability of Nicol Bolas, Dragon-God each turn."}, {"date": "2019-05-03", "text": "If a loyalty ability of a planeswalker references the card it’s printed on by name, treat Nicol Bolas’s instance of that ability as though it referenced Nicol Bolas, Dragon-God by name instead. For instance, if Nahiri, Storm of Stone is on the battlefield, Nicol Bolas deals the damage if you activate the ability he gained from her."}, {"date": "2019-05-03", "text": "If an ability of a planeswalker exiles cards and another loyalty ability of that planeswalker references the exiled cards, those abilities are linked. If Nicol Bolas gains both abilities, the instances he has are similarly linked. Cards exiled by any other abilities Nicol Bolas has (such as his own first loyalty ability) won’t be seen by those linked abilities."}, {"date": "2019-05-03", "text": "If any abilities trigger as you draw a card while resolving Nicol Bolas’s first loyalty ability, those abilities don’t resolve until after your opponents have exiled a card or permanent."}, {"date": "2019-05-03", "text": "After you draw a card as Nicol Bolas’s first loyalty ability resolves, the next opponent in turn order (or, if it’s somehow an opponent’s turn, that opponent) chooses a permanent they control or chooses a card in hand without revealing that card. Then each other opponent in turn order does the same, knowing the choices made before them. Finally, all of the chosen cards are exiled simultaneously."}, {"date": "2019-05-03", "text": "In a Two-Headed Giant game, if one player on a team loses the game, the entire team loses the game, even if the other player controls a legendary creature or planeswalker."}], "securityStamp": "oval", "setCode": "PS19", "subtypes": ["Bolas"], "supertypes": ["Legendary"], "text": "Nicol Bolas, Dragon-God has all loyalty abilities of all other planeswalkers on the battlefield.\n[+1]: You draw a card. Each opponent exiles a card from their hand or a permanent they control.\n[−3]: Destroy target creature or planeswalker.\n[−8]: Each opponent who doesn't control a legendary creature or planeswalker loses the game.", "type": "Legendary Planeswalker — Bolas", "types": ["Planeswalker"], "uuid": "cec0adc7-617a-52ca-8c95-d95b55108ba9"}], "code": "PS19", "decks": [{"cards": [{"count": 1, "finish": "foil", "uuid": "a6391f23-1bc8-5169-8f94-63a3055aac62"}, {"count": 1, "finish": "foil", "uuid": "e2ae1c94-1e0f-5893-ace4-c88e156e9ece"}, {"count": 1, "finish": "foil", "uuid": "4ca1459c-cb55-54b4-be01-7c58379128bf"}, {"count": 1, "finish": "foil", "uuid": "594f3267-b14d-5be3-ae0b-e9242431cd65"}, {"count": 1, "finish": "foil", "uuid": "cec0adc7-617a-52ca-8c95-d95b55108ba9"}], "name": "SDCC 2019 God-Eternals", "sealedProductUuids": null}], "isFoilOnly": false, "isNonFoilOnly": true, "isOnlineOnly": false, "keyruneCode": "WAR", "languages": ["English"], "name": "San Diego Comic-Con 2019", "releaseDate": "2019-07-18", "tokens": [], "totalSetSize": 5, "translations": {}, "type": "promo"}}