{"meta": {"date": "2023-08-19", "version": "5.2.1+20230819"}, "data": {"baseSetSize": 1, "block": "Onslaught", "cards": [{"artist": "Matthew D. Wilson", "artistIds": ["4fbafd13-0cf9-42a1-870d-7f8ea276f140"], "availability": ["paper"], "borderColor": "black", "colorIdentity": ["B"], "colors": ["B"], "convertedManaCost": 5.0, "edhrecRank": 15291, "edhrecSaltiness": 0.05, "finishes": ["foil"], "foreignData": [], "frameVersion": "1997", "hasFoil": true, "hasNonFoil": false, "identifiers": {"cardKingdomFoilId": "125570", "cardsphereId": "37473", "mcmId": "17715", "mtgjsonV4Id": "7a393a52-41d2-56c3-aa3a-a91b9844be8f", "multiverseId": "97067", "scryfallId": "a3ac85d2-186b-46f9-853e-6ee23210540a", "scryfallIllustrationId": "fa258b91-2cf2-4a72-8c97-9ddc30314535", "scryfallOracleId": "7b7b3a34-13ff-45d4-ad0d-ac4bad9d0581", "tcgplayerProductId": "38399"}, "isPromo": true, "isReprint": true, "isStarter": true, "keywords": ["Flying", "Morph"], "language": "English", "layout": "normal", "legalities": {"commander": "Legal", "duel": "Legal", "legacy": "Legal", "modern": "Legal", "oathbreaker": "Legal", "penny": "Legal", "predh": "Legal", "premodern": "Legal", "vintage": "Legal"}, "manaCost": "{3}{B}{B}", "manaValue": 5.0, "name": "Soul Collector", "number": "74", "originalReleaseDate": "2003-05-17", "originalText": "Flying\nWhenever a creature dealt damage by Soul Collector this turn is put into a graveyard, return that card to play under your control.\nMorph {B}{B}{B} (You may play this face down as a 2/2 creature for {3}. Turn it face up any time for its morph cost.)", "originalType": "Creature - Vampire", "power": "3", "printings": ["PRM", "PSCG", "SCG", "TSB"], "promoTypes": ["datestamped", "prerelease"], "purchaseUrls": {"cardKingdomFoil": "https://mtgjson.com/links/afe58a3de5455504", "tcgplayer": "https://mtgjson.com/links/bf8cb5f444eb0770"}, "rarity": "rare", "rulings": [{"date": "2004-10-04", "text": "The ability only triggers if this card is face up at the time the creature is put into the graveyard."}], "setCode": "PSCG", "subtypes": ["Vampire"], "supertypes": [], "text": "Flying\nWhenever a creature dealt damage by Soul Collector this turn dies, return that card to the battlefield under your control.\nMorph {B}{B}{B} (You may cast this card face down as a 2/2 creature for {3}. Turn it face up any time for its morph cost.)", "toughness": "4", "type": "Creature — Vampire", "types": ["Creature"], "uuid": "61714fc1-04b9-5dac-8181-07ae5a248c45", "watermark": "set"}], "code": "PSCG", "isFoilOnly": true, "isOnlineOnly": false, "keyruneCode": "SCG", "languages": ["English"], "name": "Scourge Promos", "parentCode": "SCG", "releaseDate": "2003-05-26", "tokens": [], "totalSetSize": 1, "translations": {}, "type": "promo"}}