{"meta": {"date": "2023-08-19", "version": "5.2.1+20230819"}, "data": {"baseSetSize": 10, "cards": [{"artist": "Greg Staples", "artistIds": ["93d65564-bf00-447b-8406-e2031f03b6b1"], "availability": ["dreamcast"], "borderColor": "white", "colorIdentity": ["W"], "colors": ["W"], "convertedManaCost": 6.0, "edhrecRank": 22697, "finishes": ["nonfoil"], "foreignData": [], "frameVersion": "1997", "hasFoil": false, "hasNonFoil": true, "identifiers": {"mtgjsonV4Id": "3170630b-355b-58f3-a910-dd5814704154", "scryfallId": "8f36da4b-75fd-4568-b9b8-cbd76058720b", "scryfallIllustrationId": "8a8f09d8-e7a7-4915-af98-7dd62a0fe62b", "scryfallOracleId": "82d51c8a-d42b-48b3-a726-3a8d28d057e5"}, "isOnlineOnly": true, "isReprint": true, "isStarter": true, "keywords": ["Flying"], "language": "Japanese", "layout": "normal", "legalities": {}, "manaCost": "{4}{W}{W}", "manaValue": 6.0, "name": "Arden Angel", "number": "1", "power": "4", "printings": ["PSDG", "SLD"], "purchaseUrls": {}, "rarity": "rare", "setCode": "PSDG", "subtypes": ["Angel"], "supertypes": [], "text": "Flying\nAt the beginning of your upkeep, if Arden Angel is in your graveyard, roll a four-sided die. If the result is 1, return Arden Angel from your graveyard to the battlefield.", "toughness": "4", "type": "Creature — Angel", "types": ["Creature"], "uuid": "d782866c-41b6-5d3d-af4d-ee6254dea5af"}, {"artist": "Glen Angus", "artistIds": ["7be3b9e4-de9b-4a3d-884e-e67b9681d409"], "availability": ["dreamcast"], "borderColor": "white", "colorIdentity": ["R"], "colors": ["R"], "convertedManaCost": 2.0, "finishes": ["nonfoil"], "foreignData": [], "frameVersion": "1997", "hasFoil": false, "hasNonFoil": true, "identifiers": {"mtgjsonV4Id": "7da6393a-ee14-5883-8591-cf02a73f87c2", "scryfallId": "cd69fa01-6bdd-4b9a-bf3a-48a453e35ccc", "scryfallIllustrationId": "ba04142b-a9bf-4a50-9570-f55fab2460ef", "scryfallOracleId": "9ccbc379-05bc-4359-b1f6-3a022ae37a1e"}, "isOnlineOnly": true, "isStarter": true, "language": "Japanese", "layout": "normal", "legalities": {}, "manaCost": "{1}{R}", "manaValue": 2.0, "name": "Ashuza's Breath", "number": "2", "printings": ["PSDG"], "purchaseUrls": {}, "rarity": "rare", "setCode": "PSDG", "subtypes": [], "supertypes": [], "text": "For each creature, choose a number from 0 to 2 at random. Ashuza's Breath deals that much damage to that creature.", "type": "Sorcery", "types": ["Sorcery"], "uuid": "d1ee33c1-16ef-5ad0-85ad-1305e7218997"}, {"artist": "Christopher Moeller", "artistIds": ["21e10012-06ae-44f2-b38d-3824dd2e73d4"], "availability": ["dreamcast"], "borderColor": "white", "colorIdentity": ["U"], "colors": ["U"], "convertedManaCost": 3.0, "finishes": ["nonfoil"], "foreignData": [], "frameVersion": "1997", "hasFoil": false, "hasNonFoil": true, "identifiers": {"mtgjsonV4Id": "5ffb038f-c42d-5dff-9752-6fb9022b2639", "scryfallId": "982362dc-cc6c-4aea-9029-ea04151e758f", "scryfallIllustrationId": "56c7d80c-96e4-4047-9bda-6dffd37250ea", "scryfallOracleId": "2f05cfc0-6029-4618-8d79-39cd0a6a3b5f"}, "isOnlineOnly": true, "isStarter": true, "language": "Japanese", "layout": "normal", "legalities": {}, "manaCost": "{1}{U}{U}", "manaValue": 3.0, "name": "Camato Scout", "number": "3", "power": "2", "printings": ["PSDG"], "purchaseUrls": {}, "rarity": "rare", "setCode": "PSDG", "subtypes": ["Merfolk"], "supertypes": [], "text": "As Camato Scout enters the battlefield, choose a basic land type at random. Camato Scout has landwalk of the chosen type.", "toughness": "3", "type": "Creature — Merfolk", "types": ["Creature"], "uuid": "48a65326-b200-51b5-b377-646f5eb6166d"}, {"artist": "Jeff Easley", "artistIds": ["da17055e-693c-461a-b132-67dd88b42ca6"], "availability": ["dreamcast"], "borderColor": "white", "colorIdentity": ["B"], "colors": ["B"], "convertedManaCost": 3.0, "finishes": ["nonfoil"], "foreignData": [], "frameVersion": "1997", "hasFoil": false, "hasNonFoil": true, "identifiers": {"mtgjsonV4Id": "ab5a3744-354b-5d5d-bd4a-a40141cddf06", "scryfallId": "b48bec20-0f41-4581-bd13-ebc0f5eb1010", "scryfallIllustrationId": "d1b6f9b9-6b89-48b3-a5c7-030488974dac", "scryfallOracleId": "b819990c-802c-4847-9857-756dd66ec74a"}, "isOnlineOnly": true, "isStarter": true, "language": "Japanese", "layout": "normal", "legalities": {}, "manaCost": "{2}{B}", "manaValue": 3.0, "name": "Hapato's Might", "number": "4", "printings": ["PSDG"], "purchaseUrls": {}, "rarity": "rare", "setCode": "PSDG", "subtypes": [], "supertypes": [], "text": "Target creature gets +X/+0 until end of turn, where X is a number from 0 to 6 chosen at random.", "type": "Instant", "types": ["Instant"], "uuid": "8d39bcad-51d3-5432-8539-6df22a192b6f"}, {"artist": "Kev Walker", "artistIds": ["f366a0ee-a0cd-466d-ba6a-90058c7a31a6"], "availability": ["dreamcast"], "borderColor": "white", "colorIdentity": ["G"], "colors": ["G"], "convertedManaCost": 3.0, "finishes": ["nonfoil"], "foreignData": [], "frameVersion": "1997", "hasFoil": false, "hasNonFoil": true, "identifiers": {"mtgjsonV4Id": "7e7f5908-157d-5474-a882-9db69f4c0634", "scryfallId": "4b43a570-4337-43c3-adb2-bc99ed866705", "scryfallIllustrationId": "c07d0052-2fb7-47ee-8579-75f3f1392374", "scryfallOracleId": "e4afa53e-435e-4d0f-918b-e7b603c52f9c"}, "isOnlineOnly": true, "isStarter": true, "language": "Japanese", "layout": "normal", "legalities": {}, "manaCost": "{2}{G}", "manaValue": 3.0, "name": "Lydari Druid", "number": "5", "power": "2", "printings": ["PSDG"], "purchaseUrls": {}, "rarity": "rare", "setCode": "PSDG", "subtypes": ["Druid"], "supertypes": [], "text": "When Lydari Druid enters the battlefield, for each land on the battlefield, choose a basic land type at random. Those lands become the land types chosen this way. (This effect lasts indefinitely.)", "toughness": "2", "type": "Creature — Druid", "types": ["Creature"], "uuid": "812a91d7-04cc-5504-8f31-8074e7c68b55"}, {"artist": "Heather Hudson", "artistIds": ["4441fe52-9e41-40c1-9b74-8510426279ab"], "availability": ["dreamcast"], "borderColor": "white", "colorIdentity": ["G"], "colors": ["G"], "convertedManaCost": 5.0, "finishes": ["nonfoil"], "foreignData": [], "frameVersion": "1997", "hasFoil": false, "hasNonFoil": true, "identifiers": {"mtgjsonV4Id": "3e1caa4b-81c5-5d10-87d6-9580e5a75d85", "scryfallId": "fc34ce52-f917-4e97-a372-f9d18b8ea1fc", "scryfallIllustrationId": "0b0ce204-0cf4-42ed-8097-ab653b0fc2fa", "scryfallOracleId": "af0b1bfd-9b19-4ea8-9a53-8c663d8e55ed"}, "isOnlineOnly": true, "isStarter": true, "language": "Japanese", "layout": "normal", "legalities": {}, "manaCost": "{4}{G}", "manaValue": 5.0, "name": "Lydari Elephant", "number": "6", "power": "*", "printings": ["PSDG"], "purchaseUrls": {}, "rarity": "rare", "setCode": "PSDG", "subtypes": ["Elephant"], "supertypes": [], "text": "As Lydari Elephant enters the battlefield, choose two numbers from 3 to 7 at random. Lydari Elephant's power is equal to the first number chosen and its toughness equal to the second number chosen.", "toughness": "*", "type": "Creature — Elephant", "types": ["Creature"], "uuid": "6dfa3714-0ee9-581e-bf66-b06b4cfba354"}, {"artist": "Daren Bader", "artistIds": ["7da1a585-c875-45e4-b322-5da9e8e1f651"], "availability": ["dreamcast"], "borderColor": "white", "colorIdentity": ["B"], "colors": ["B"], "convertedManaCost": 6.0, "finishes": ["nonfoil"], "foreignData": [], "frameVersion": "1997", "hasFoil": false, "hasNonFoil": true, "identifiers": {"mtgjsonV4Id": "fe5992fa-115a-5adc-84f2-c52ddf0dafa4", "scryfallId": "0fa2d46e-a750-495f-8f7a-4303322a374f", "scryfallIllustrationId": "8c6d9e42-60ed-4aff-a9cd-c338dd1334ef", "scryfallOracleId": "13a4d0a2-211b-41a9-809f-30025326ac51"}, "isOnlineOnly": true, "isStarter": true, "language": "Japanese", "layout": "normal", "legalities": {}, "manaCost": "{4}{B}{B}", "manaValue": 6.0, "name": "Murgish Cemetery", "number": "7", "printings": ["PSDG"], "purchaseUrls": {}, "rarity": "rare", "setCode": "PSDG", "subtypes": [], "supertypes": [], "text": "{3}{B}, Discard a card: Create an X/X black Zombie creature token, where X is a number from 2 to 6 chosen at random.", "type": "Enchantment", "types": ["Enchantment"], "uuid": "3313678d-3abf-51be-a2de-db4e7f454af1"}, {"artist": "Matt Cavotta", "artistIds": ["2e6a0611-9411-4ba4-98e3-c0e18cbf9f83"], "availability": ["dreamcast"], "borderColor": "white", "colorIdentity": ["U"], "colors": ["U"], "convertedManaCost": 2.0, "finishes": ["nonfoil"], "foreignData": [], "frameVersion": "1997", "hasFoil": false, "hasNonFoil": true, "identifiers": {"mtgjsonV4Id": "a0d2fe7f-814b-5303-9de6-c67faa13894f", "scryfallId": "3c435c7d-d50c-4f58-a4d4-f95b4e262729", "scryfallIllustrationId": "e085fbfd-6a52-47db-aa24-925b18f3d635", "scryfallOracleId": "b487435d-1988-4752-a505-1d500c025311"}, "isOnlineOnly": true, "isStarter": true, "language": "Japanese", "layout": "normal", "legalities": {}, "manaCost": "{1}{U}", "manaValue": 2.0, "name": "Saji's Torrent", "number": "8", "printings": ["PSDG"], "purchaseUrls": {}, "rarity": "rare", "setCode": "PSDG", "subtypes": [], "supertypes": [], "text": "Tap X creatures, where X is a number from 0 to 5 chosen at random.", "type": "Instant", "types": ["Instant"], "uuid": "5d914614-a298-5b87-9d12-01bb775f44e3"}, {"artist": "Eric Peterson", "artistIds": ["0fc26d3b-4c0e-41d1-8eb3-286ab55a2328"], "availability": ["dreamcast"], "borderColor": "white", "colorIdentity": ["W"], "colors": ["W"], "convertedManaCost": 3.0, "finishes": ["nonfoil"], "foreignData": [], "frameVersion": "1997", "hasFoil": false, "hasNonFoil": true, "identifiers": {"mtgjsonV4Id": "e18e29af-e2b7-5143-a149-dac1504ed28d", "scryfallId": "02c3ec3f-7b12-4aa7-ac01-3c1175c47228", "scryfallIllustrationId": "8a976578-262b-4f4c-9ec0-e651bb240853", "scryfallOracleId": "a232b511-b521-47e6-a3b7-e4eff0392c22"}, "isOnlineOnly": true, "isStarter": true, "language": "Japanese", "layout": "normal", "legalities": {}, "manaCost": "{2}{W}", "manaValue": 3.0, "name": "Tornellan Protector", "number": "9", "power": "1", "printings": ["PSDG"], "purchaseUrls": {}, "rarity": "rare", "setCode": "PSDG", "subtypes": ["Cleric"], "supertypes": [], "text": "{T}: Until end of turn, each time damage is dealt to target creature or player, prevent X of that damage, where X is a number from 1 to 3 chosen at random each time.", "toughness": "2", "type": "Creature — Cleric", "types": ["Creature"], "uuid": "fe2312e1-38e3-5b3c-aa40-193affcaac1f"}, {"artist": "Daren Bader", "artistIds": ["7da1a585-c875-45e4-b322-5da9e8e1f651"], "availability": ["dreamcast"], "borderColor": "white", "colorIdentity": ["R"], "colors": ["R"], "convertedManaCost": 7.0, "finishes": ["nonfoil"], "foreignData": [], "frameVersion": "1997", "hasFoil": false, "hasNonFoil": true, "identifiers": {"mtgjsonV4Id": "ac963dc1-b7be-5a99-ae96-6d38c01593b3", "scryfallId": "1c91a50e-2a06-4a0d-bc47-7217b3dfcb6f", "scryfallIllustrationId": "581d83f3-2887-4e25-89fc-92a73ac82b09", "scryfallOracleId": "667aef37-a47a-4593-a252-807c02416863"}, "isOnlineOnly": true, "isStarter": true, "keywords": ["Flying"], "language": "Japanese", "layout": "normal", "legalities": {}, "manaCost": "{5}{R}{R}", "manaValue": 7.0, "name": "Velican Dragon", "number": "10", "power": "5", "printings": ["PSDG"], "purchaseUrls": {}, "rarity": "rare", "setCode": "PSDG", "subtypes": ["Dragon"], "supertypes": [], "text": "Flying\nWhenever Velican Dragon attacks or blocks, it gets +X/+0 until end of turn, where X is a number from 0 to 5 chosen at random.", "toughness": "5", "type": "Creature — Dragon", "types": ["Creature"], "uuid": "b9ae8e72-0814-5d39-a04f-86b9e0bbc9a5"}], "code": "PSDG", "isFoilOnly": false, "isNonFoilOnly": true, "isOnlineOnly": true, "keyruneCode": "PSDG", "languages": ["Japanese"], "name": "Sega Dreamcast Cards", "releaseDate": "2001-06-28", "tokens": [], "totalSetSize": 10, "translations": {}, "type": "box"}}