{"meta": {"date": "2023-08-19", "version": "5.2.1+20230819"}, "data": {"baseSetSize": 3, "cards": [{"artist": "Bastien L. Deharme", "artistIds": ["798f63ec-41ad-474e-9708-df08193345c6"], "availability": ["paper"], "borderColor": "black", "colorIdentity": ["W"], "colors": ["W"], "convertedManaCost": 1.0, "edhrecRank": 547, "edhrecSaltiness": 0.24, "finishes": ["foil"], "foreignData": [], "frameVersion": "2015", "hasFoil": true, "hasNonFoil": false, "identifiers": {"cardsphereId": "104739", "mtgjsonV4Id": "a472b17c-3643-590a-8662-a28acb0a83b4", "scryfallId": "05578e28-2258-492d-9637-4f1ab7091247", "scryfallIllustrationId": "5d67871c-44c1-43f8-95f0-1e06e3a3e92c", "scryfallOracleId": "0fd57894-b917-41c8-a394-360d1d31b236", "tcgplayerProductId": "284967"}, "isPromo": true, "isReprint": true, "isStarter": true, "keywords": ["Rebound"], "language": "Japanese", "layout": "normal", "legalities": {"commander": "Legal", "duel": "Legal", "gladiator": "Legal", "historic": "Legal", "historicbrawl": "Legal", "legacy": "Legal", "modern": "Legal", "oathbreaker": "Legal", "pauper": "Legal", "paupercommander": "Legal", "vintage": "Legal"}, "manaCost": "{W}", "manaValue": 1.0, "name": "Ephemerate", "number": "1", "printings": ["H1R", "MB1", "MH1", "PRM", "PSVC", "STA"], "promoTypes": ["stamped"], "purchaseUrls": {"tcgplayer": "https://mtgjson.com/links/387a4f565b4dfe31"}, "rarity": "rare", "rulings": [{"date": "2019-06-14", "text": "Once the exiled creature returns, it's considered a new object with no relation to the object that it was. Auras attached to the exiled creature will be put into their owners' graveyards. Equipment attached to the exiled creature will become unattached and remain on the battlefield. Any counters on the exiled creature will cease to exist."}, {"date": "2019-06-14", "text": "If a token is exiled this way, it will cease to exist and won't return to the battlefield."}, {"date": "2019-06-14", "text": "Casting the card again due to rebound's delayed triggered ability is optional. If you choose not to cast the card, or if you can't (perhaps because there are no legal targets available), the card will stay exiled. You won't get another chance to cast it on a future turn. If you do cast the card, it's put into its owner's graveyard as normal once it resolves."}, {"date": "2019-06-14", "text": "If a spell with rebound that you cast from your hand is countered or doesn't resolve (most likely because its targets have become illegal), none of its effects will happen, including rebound. The spell will be put into its owner's graveyard and you won't get to cast it again on your next turn."}], "securityStamp": "oval", "setCode": "PSVC", "subtypes": [], "supertypes": [], "text": "Exile target creature you control, then return it to the battlefield under its owner's control.\nRebound (If you cast this spell from your hand, exile it as it resolves. At the beginning of your next upkeep, you may cast this card from exile without paying its mana cost.)", "type": "Instant", "types": ["Instant"], "uuid": "a0400e83-f5b3-5353-ba4b-23faad67e4db"}, {"artist": "Naomi Baker", "artistIds": ["6fe0624f-c75c-4f0d-bdb2-514d9b596030"], "availability": ["paper"], "borderColor": "black", "colorIdentity": ["B"], "colors": ["B"], "convertedManaCost": 2.0, "edhrecRank": 255, "edhrecSaltiness": 0.17, "finishes": ["foil"], "foreignData": [], "frameVersion": "2015", "hasFoil": true, "hasNonFoil": false, "identifiers": {"cardsphereId": "104740", "mtgjsonV4Id": "b04bb940-5929-5a12-832c-6aaae351e075", "scryfallId": "23655119-0551-48fa-806c-38252ee257e5", "scryfallIllustrationId": "fedddfb1-4b2b-4cbe-80f5-7d4aa52d68e7", "scryfallOracleId": "94f0a572-e91c-4b56-a5d1-6cbbeabd210d", "tcgplayerProductId": "284972"}, "isPromo": true, "isReprint": true, "isStarter": true, "language": "Japanese", "layout": "normal", "legalities": {"alchemy": "Legal", "brawl": "Legal", "commander": "Legal", "duel": "Legal", "explorer": "Legal", "future": "Legal", "gladiator": "Legal", "historic": "Legal", "historicbrawl": "Legal", "legacy": "Legal", "modern": "Legal", "oathbreaker": "Legal", "pioneer": "Legal", "standard": "Legal", "vintage": "Legal"}, "manaCost": "{1}{B}", "manaValue": 2.0, "name": "Infernal Grasp", "number": "2", "printings": ["DBL", "MID", "PSVC"], "promoTypes": ["stamped"], "purchaseUrls": {"tcgplayer": "https://mtgjson.com/links/73aafc44793134d0"}, "rarity": "rare", "securityStamp": "oval", "setCode": "PSVC", "subtypes": [], "supertypes": [], "text": "Destroy target creature. You lose 2 life.", "type": "Instant", "types": ["Instant"], "uuid": "f2c965ce-9f40-5b04-b7b0-9673ae788522"}, {"artist": "Dan Scott", "artistIds": ["f852fa13-137e-40f2-bbc1-0f01df09c0e0"], "availability": ["paper"], "borderColor": "black", "colorIdentity": [], "colors": [], "convertedManaCost": 2.0, "edhrecRank": 3, "edhrecSaltiness": 0.35, "finishes": ["foil"], "foreignData": [], "frameVersion": "2015", "hasFoil": true, "hasNonFoil": false, "identifiers": {"cardsphereId": "104741", "mtgjsonV4Id": "298662c2-a4ad-5c96-9975-93a598dbffeb", "scryfallId": "44168620-bbfb-4180-851d-1bdb7b098749", "scryfallIllustrationId": "06d7b990-021a-4b1f-9333-4fc82adf0ea4", "scryfallOracleId": "0bc7f093-bef0-4f1a-852c-4b75ebf54838", "tcgplayerProductId": "284974"}, "isPromo": true, "isReprint": true, "isStarter": true, "language": "Japanese", "layout": "normal", "legalities": {"alchemy": "Legal", "brawl": "Legal", "commander": "Legal", "duel": "Legal", "explorer": "Legal", "gladiator": "Legal", "historic": "Legal", "historicbrawl": "Legal", "legacy": "Legal", "modern": "Legal", "oathbreaker": "Legal", "pauper": "Legal", "paupercommander": "Legal", "pioneer": "Legal", "vintage": "Legal"}, "manaCost": "{2}", "manaValue": 2.0, "name": "Arcane Signet", "number": "3", "printings": ["40K", "AFC", "ANB", "BRC", "C20", "C21", "CLB", "CMM", "CMR", "DMC", "ELD", "KHC", "LTC", "MIC", "MOC", "NCC", "NEC", "ONC", "P30M", "PCTB", "PHED", "PRM", "PSVC", "SCD", "SLD", "VOC", "ZNC"], "promoTypes": ["stamped"], "purchaseUrls": {"tcgplayer": "https://mtgjson.com/links/be856cbcc4753504"}, "rarity": "rare", "rulings": [{"date": "2020-11-10", "text": "If you have two commanders, the ability adds one mana of any color in their combined color identities."}, {"date": "2020-11-10", "text": "If your commander is a card that has no colors in its color identity, Arcane Signet's ability produces no mana. It doesn't produce {C}."}, {"date": "2020-11-10", "text": "If you don't have a commander, Arcane Signet's ability produces no mana."}], "securityStamp": "oval", "setCode": "PSVC", "subtypes": [], "supertypes": [], "text": "{T}: Add one mana of any color in your commander's color identity.", "type": "Artifact", "types": ["Artifact"], "uuid": "5726ee7a-7b47-5735-8c75-7a5d4d68df1d"}], "cardsphereSetId": 1652, "code": "PSVC", "isFoilOnly": true, "isOnlineOnly": false, "keyruneCode": "PMEI", "languages": ["Japanese"], "name": "Summer Vacation Promos 2022", "releaseDate": "2022-08-01", "tokens": [], "totalSetSize": 3, "translations": {}, "type": "promo"}}