{"meta": {"date": "2023-08-19", "version": "5.2.1+20230819"}, "data": {"baseSetSize": 0, "cards": [], "code": "PTBRO", "isFoilOnly": false, "isNonFoilOnly": true, "isOnlineOnly": false, "keyruneCode": "BRO", "languages": ["English"], "name": "The Brothers' War Southeast Asia Tokens", "parentCode": "BRO", "releaseDate": "2022-11-18", "tokenSetCode": "PTBRO", "tokens": [{"artist": "Chong Fei Giap", "artistIds": ["90f625ec-f560-4b5e-920b-097ce86e9cea"], "availability": ["paper"], "borderColor": "black", "colorIdentity": [], "colors": [], "finishes": ["nonfoil"], "frameEffects": ["fullart"], "frameVersion": "2015", "hasFoil": false, "hasNonFoil": true, "identifiers": {"mtgjsonV4Id": "64c6bcf6-d428-5cb1-a25c-f422c1cea1ec", "scryfallId": "d7c972cf-64f7-4b9d-90ae-1281605ec89c", "scryfallIllustrationId": "4beaa090-baeb-4366-85f2-a8d03842d234", "scryfallOracleId": "63ff850d-df4a-4903-95cb-cc04dfacc3f1", "tcgplayerProductId": "477486"}, "isFullArt": true, "isReprint": true, "language": "English", "layout": "token", "name": "Construct", "number": "1", "power": "*", "promoTypes": ["plastic"], "relatedCards": {"reverseRelated": ["Rapid Prototyper", "Oviya Pashiri, Sage Lifecrafter", "Metallurgic Summonings", "Gemini Engine"]}, "reverseRelated": ["Rapid Prototyper", "Oviya Pashiri, Sage Lifecrafter", "Metallurgic Summonings", "Gemini Engine"], "setCode": "PTBRO", "subtypes": ["Construct"], "supertypes": [], "toughness": "*", "type": "Token Artifact Creature — Construct", "types": ["Token", "Artifact", "Creature"], "uuid": "ec3fbb0c-455e-5aaf-8790-9711bea6a34d"}, {"artist": "Chong Fei Giap", "artistIds": ["90f625ec-f560-4b5e-920b-097ce86e9cea"], "availability": ["paper"], "borderColor": "black", "colorIdentity": [], "colors": [], "finishes": ["nonfoil"], "frameEffects": ["fullart"], "frameVersion": "2015", "hasFoil": false, "hasNonFoil": true, "identifiers": {"mtgjsonV4Id": "3b67005d-67ac-53d3-a171-2607591d7d53", "scryfallId": "6be0bdfb-27a7-4f94-ad04-66c4ed934d52", "scryfallIllustrationId": "f25786ec-d7e3-45d1-8ae9-5af2f33f4234", "scryfallOracleId": "8bf396ae-d9ac-4711-af60-d97f439ab76c"}, "isFullArt": true, "language": "English", "layout": "token", "name": "Urzan Automaton", "number": "2", "power": "*", "promoTypes": ["plastic"], "reverseRelated": [], "setCode": "PTBRO", "subtypes": ["Urzan", "Automaton"], "supertypes": [], "toughness": "*", "type": "Token Creature — Urzan Automaton", "types": ["Token", "Creature"], "uuid": "8564813e-e288-5b40-88ce-ccc7c0ee6336"}, {"artist": "Chong Fei Giap", "artistIds": ["90f625ec-f560-4b5e-920b-097ce86e9cea"], "availability": ["paper"], "borderColor": "black", "colorIdentity": [], "colors": [], "finishes": ["nonfoil"], "frameEffects": ["fullart"], "frameVersion": "2015", "hasFoil": false, "hasNonFoil": true, "identifiers": {"mtgjsonV4Id": "160de9a3-fb38-567e-a151-edc7db2955f8", "scryfallId": "2a76c642-d1b4-404a-82d6-47dfec8cacd3", "scryfallIllustrationId": "16fe6029-2853-4310-947b-95e8fb90fd7d", "scryfallOracleId": "65956157-e02c-4d69-a079-a76a8b4f7e43"}, "isFullArt": true, "language": "English", "layout": "token", "name": "Artifact Zombie", "number": "3", "power": "*", "promoTypes": ["plastic"], "reverseRelated": [], "setCode": "PTBRO", "subtypes": ["Zombie"], "supertypes": [], "toughness": "*", "type": "Token Artifact Creature — Zombie", "types": ["Token", "Artifact", "Creature"], "uuid": "f5ba110a-31c8-5b26-b526-c4e8ecd3fab3"}], "totalSetSize": 0, "translations": {}, "type": "token"}}