{"meta": {"date": "2023-08-19", "version": "5.2.1+20230819"}, "data": {"baseSetSize": 3, "cards": [{"artist": "John Thacker", "artistIds": ["38ee615a-e59f-4e2e-b894-2b74c6e75541"], "availability": ["paper"], "borderColor": "silver", "colorIdentity": ["B"], "colors": ["B"], "convertedManaCost": 6.0, "faceConvertedManaCost": 6.0, "faceManaValue": 6.0, "faceName": "Nightmare Moon", "finishes": ["foil"], "flavorText": "\"The night. . . will last. . .forever!\"", "foreignData": [], "frameEffects": ["legendary", "waxingandwaningmoondfc"], "frameVersion": "2015", "hasFoil": true, "hasNonFoil": false, "identifiers": {"cardKingdomFoilId": "228524", "cardsphereId": "66309", "mcmId": "405599", "mcmMetaId": "283784", "mtgjsonV4Id": "f62d7f87-c0ae-5dac-a1eb-22ed741313f7", "scryfallId": "5646ea19-0025-4f88-ad22-36968a1d3b89", "scryfallIllustrationId": "587b0f05-3512-4e2d-9569-2f5f70bc0c92", "scryfallOracleId": "e724bddb-6195-4943-b9c6-decc96717998", "tcgplayerProductId": "200380"}, "isFunny": true, "isPromo": true, "isStarter": true, "keywords": ["Flying", "Transform"], "language": "English", "layout": "transform", "leadershipSkills": {"brawl": false, "commander": true, "oathbreaker": false}, "legalities": {}, "manaCost": "{4}{B}{B}", "manaValue": 6.0, "name": "Nightmare Moon // Princess Luna", "number": "1", "otherFaceIds": ["2f94512f-751b-54ec-b07c-677520d0ad81"], "power": "6", "printings": ["PTG"], "purchaseUrls": {"cardKingdomFoil": "https://mtgjson.com/links/bbc1145071e9f518", "cardmarket": "https://mtgjson.com/links/b9226dec11b4d413", "tcgplayer": "https://mtgjson.com/links/0452ce71c97a854c"}, "rarity": "mythic", "securityStamp": "heart", "setCode": "PTG", "side": "a", "subtypes": ["Alicorn"], "supertypes": ["Legendary"], "text": "Flying\nAs long as it's nighttime, Nightmare Moon gets +2/+2 and has menace.\n{6}: Transform Nightmare Moon. Anypony may activate this ability or help pay the cost. When they do, they become your friend.", "toughness": "6", "type": "Legendary Creature — Alicorn", "types": ["Creature"], "uuid": "da78d099-575d-5cab-83cf-225500890757", "watermark": "mlpwaningmoon"}, {"artist": "John Thacker", "artistIds": ["38ee615a-e59f-4e2e-b894-2b74c6e75541"], "availability": ["paper"], "borderColor": "silver", "colorIdentity": ["B"], "colorIndicator": ["B"], "colors": ["B"], "convertedManaCost": 6.0, "faceConvertedManaCost": 0.0, "faceManaValue": 0.0, "faceName": "Princess Luna", "finishes": ["foil"], "foreignData": [], "frameEffects": ["legendary", "waxingandwaningmoondfc"], "frameVersion": "2015", "hasFoil": true, "hasNonFoil": false, "identifiers": {"cardsphereId": "66309", "mcmId": "405599", "mcmMetaId": "283784", "mtgjsonV4Id": "07b1d767-cd8c-5118-915a-ff906575dca8", "scryfallId": "5646ea19-0025-4f88-ad22-36968a1d3b89", "scryfallIllustrationId": "a18eb5e3-0043-4d97-ba49-163db9e70df3", "scryfallOracleId": "e724bddb-6195-4943-b9c6-decc96717998", "tcgplayerProductId": "200380"}, "isFunny": true, "isPromo": true, "isStarter": true, "keywords": ["Flying", "Transform"], "language": "English", "layout": "transform", "legalities": {}, "manaValue": 6.0, "name": "Nightmare Moon // Princess Luna", "number": "1", "otherFaceIds": ["da78d099-575d-5cab-83cf-225500890757"], "power": "4", "printings": ["PTG"], "purchaseUrls": {"cardmarket": "https://mtgjson.com/links/39f76b8b358b5390", "tcgplayer": "https://mtgjson.com/links/ba4770d3cb949c42"}, "rarity": "mythic", "securityStamp": "heart", "setCode": "PTG", "side": "b", "subtypes": ["Alicorn"], "supertypes": ["Legendary"], "text": "Flying\nWhen this creature transforms into Princess Luna, choose up to six cards you own from outside the game with a moon in their art, then exile those cards. As long as those cards remain exiled, you may cast them, and your friends may cast them with your permission. (Gifts are appreciated.)", "toughness": "4", "type": "Legendary Creature — Alicorn", "types": ["Creature"], "uuid": "2f94512f-751b-54ec-b07c-677520d0ad81", "watermark": "mlpwaningmoon"}, {"artist": "Jennifer L. Meyer", "artistIds": ["e47428c0-437a-4fb1-8d08-ea85fea2839d"], "availability": ["paper"], "borderColor": "silver", "colorIdentity": ["B", "G", "R", "U", "W"], "colors": ["U", "W"], "convertedManaCost": 2.0, "finishes": ["foil"], "flavorText": "\"Friendship isn't always easy, but there's no doubt it's worth fighting for!\"", "foreignData": [], "frameEffects": ["legendary"], "frameVersion": "2015", "hasFoil": true, "hasNonFoil": false, "identifiers": {"cardKingdomFoilId": "228525", "cardsphereId": "66310", "mcmId": "405604", "mcmMetaId": "283789", "mtgjsonV4Id": "7fea972d-e101-5595-8238-77286d93675a", "scryfallId": "9a4e07b3-b095-4335-b636-2d1c34c7db9b", "scryfallIllustrationId": "10b7e113-6be4-4824-9223-37b4318e8e83", "scryfallOracleId": "f430f7b6-6392-4921-a20b-38fa542a49c1", "tcgplayerProductId": "200381"}, "isFunny": true, "isPromo": true, "isStarter": true, "keywords": ["Flying"], "language": "English", "layout": "normal", "leadershipSkills": {"brawl": false, "commander": true, "oathbreaker": false}, "legalities": {}, "manaCost": "{W}{U}", "manaValue": 2.0, "name": "Princess Twilight Sparkle", "number": "2", "power": "2", "printings": ["PTG"], "purchaseUrls": {"cardKingdomFoil": "https://mtgjson.com/links/ea11288827833989", "cardmarket": "https://mtgjson.com/links/41a8318facf2f42e", "tcgplayer": "https://mtgjson.com/links/dc13c117e151e972"}, "rarity": "mythic", "securityStamp": "heart", "setCode": "PTG", "subtypes": ["Alicorn"], "supertypes": ["Legendary"], "text": "Flying\nOther Alicorns, Horses, Pegasi, Ponies, and Unicorns you control get +1/+1.\n{W}{U}{B}{R}{G}: If you control Applejack, Fluttershy, Pinkie Pie, Rainbow Dash, and Rarity, everypony wins the game.", "toughness": "2", "type": "Legendary Creature — Alicorn", "types": ["Creature"], "uuid": "284c04d4-d0ce-5a1f-9b6f-cac72fdae636", "watermark": "mlpsparkle"}, {"artist": "Andrea Radeck", "artistIds": ["2560b932-96b5-4308-9d32-298641ef326e"], "availability": ["paper"], "borderColor": "silver", "colorIdentity": ["U", "W"], "colors": ["U", "W"], "convertedManaCost": 3.0, "finishes": ["foil"], "flavorText": "\"I simply cannot let crimes against fabulosity go uncorrected.\"", "foreignData": [], "frameEffects": ["legendary"], "frameVersion": "2015", "hasFoil": true, "hasNonFoil": false, "identifiers": {"cardKingdomFoilId": "228526", "cardsphereId": "66308", "mcmId": "405609", "mcmMetaId": "283794", "mtgjsonV4Id": "36261536-2b57-5af1-9558-09b3253a7e52", "scryfallId": "9ad30de4-8299-4252-99f9-866719ec047d", "scryfallIllustrationId": "47703655-5294-4d66-a8f0-25f7f5642912", "scryfallOracleId": "d7d46d09-eadf-4e82-8a4e-86ce981a7b0f", "tcgplayerProductId": "200382"}, "isFunny": true, "isPromo": true, "isStarter": true, "language": "English", "layout": "normal", "leadershipSkills": {"brawl": false, "commander": true, "oathbreaker": false}, "legalities": {}, "manaCost": "{1}{W}{U}", "manaValue": 3.0, "name": "Rarity", "number": "3", "power": "2", "printings": ["PTG"], "purchaseUrls": {"cardKingdomFoil": "https://mtgjson.com/links/44ecd51639912969", "cardmarket": "https://mtgjson.com/links/d16b6ed1f3a316b9", "tcgplayer": "https://mtgjson.com/links/1e8904da25ba4e40"}, "rarity": "mythic", "securityStamp": "heart", "setCode": "PTG", "subtypes": ["Unicorn"], "supertypes": ["Legendary"], "text": "Rare and mythic rare spells you cast cost {1} less to cast.\n{1}, {T}, Reveal a My Little Pony® toy you own: Until end of turn, another target creature gains protection from each color in that toy's coat, mane, and outfit.", "toughness": "2", "type": "Legendary Creature — Unicorn", "types": ["Creature"], "uuid": "fbd4ff06-8b44-5dae-94fb-a6e2eda17b92", "watermark": "mlpgems"}], "cardsphereSetId": 1170, "code": "PTG", "isFoilOnly": true, "isOnlineOnly": false, "keyruneCode": "PTG", "languages": ["English"], "mcmId": 2699, "mcmName": "Ponies: The Galloping", "name": "Ponies: The Galloping", "releaseDate": "2019-10-22", "sealedProduct": [{"identifiers": {"tcgplayerProductId": "200379"}, "name": "Ponies The Galloping", "purchaseUrls": {"tcgplayer": "https://mtgjson.com/links/1a5f795ea2c5b550"}, "releaseDate": "2019-10-22", "uuid": "028bc49f-a21c-5b10-80ac-c39e76af97f5"}], "tcgplayerGroupId": 2552, "tokens": [], "totalSetSize": 4, "translations": {}, "type": "funny"}}