{"meta": {"date": "2023-08-19", "version": "5.2.1+20230819"}, "data": {"baseSetSize": 10, "block": "Theros", "cards": [{"artist": "Wesley Burt", "artistIds": ["b98c9d94-8bdb-49af-871d-7bac92274535"], "availability": ["paper"], "borderColor": "black", "colorIdentity": ["W"], "colors": ["W"], "convertedManaCost": 5.0, "edhrecRank": 10176, "edhrecSaltiness": 0.2, "finishes": ["foil"], "foreignData": [], "frameEffects": ["nyxtouched"], "frameVersion": "2003", "hasFoil": true, "hasNonFoil": false, "identifiers": {"cardKingdomFoilId": "193110", "cardsphereId": "37081", "mcmId": "264017", "mtgjsonV4Id": "624e5642-3802-5716-a23d-c6abfa116604", "scryfallId": "9d049a62-c047-4c67-8b7e-519e71b96c3b", "scryfallIllustrationId": "7955de66-4be4-4e10-99de-1b012cac5b7f", "scryfallOracleId": "d2b29bb0-9fb5-46cd-a546-fa6c4ff6113c", "tcgplayerProductId": "72079"}, "isPromo": true, "isReprint": true, "isStarter": true, "keywords": ["Bestow", "First strike", "Flying"], "language": "English", "layout": "normal", "legalities": {"commander": "Legal", "duel": "Legal", "legacy": "Legal", "modern": "Legal", "oathbreaker": "Legal", "penny": "Legal", "pioneer": "Legal", "vintage": "Legal"}, "manaCost": "{3}{W}{W}", "manaValue": 5.0, "name": "Celestial Archon", "number": "3★", "power": "4", "printings": ["C15", "C18", "PRM", "PTHS", "THS"], "promoTypes": ["setpromo", "datestamped", "prerelease"], "purchaseUrls": {"cardKingdomFoil": "https://mtgjson.com/links/751e45c66c1cadb9", "tcgplayer": "https://mtgjson.com/links/ee64e1375808235f"}, "rarity": "rare", "rulings": [{"date": "2018-07-13", "text": "Bestow is an alternative cost to cast the spell with bestow. It can't be combined with other alternative costs, such as casting a spell “without paying its mana cost.”"}, {"date": "2018-07-13", "text": "To determine the total cost of a spell, start with the mana cost or alternative cost (such as a bestow cost) you're paying, add any cost increases, then apply any cost reductions. The mana value of the spell remains unchanged, no matter what the total cost to cast it was."}, {"date": "2018-07-13", "text": "A spell with bestow is either a creature spell or an Aura spell. It's never both. Similarly, a permanent with bestow is either a creature or an Aura, but not both."}, {"date": "2018-07-13", "text": "Unlike other Aura spells, an Aura spell with bestow still resolves if its target is illegal. Instead of entering the battlefield as an Aura, the effect making it an Aura spell ends, it loses enchant creature, and it resolves and enters the battlefield as an enchantment creature."}, {"date": "2018-07-13", "text": "Unlike other Auras, an Aura with bestow isn't put into its owner's graveyard if the enchanted creature leaves the battlefield or becomes an illegal creature for the Aura to enchant. Rather, the effect making it an Aura ends, it loses enchant creature, and it remains on the battlefield as an enchantment creature. It can attack (and its abilities can be activated, if it has any) on the turn it becomes unattached if it's been under your control continuously, even as an Aura, since your most recent turn began."}, {"date": "2018-07-13", "text": "If a permanent with bestow enters the battlefield by any method other than being cast, it will be an enchantment creature. You can't choose to pay the bestow cost and have it become an Aura."}, {"date": "2018-07-13", "text": "Auras attached to a creature don't become tapped when the creature becomes tapped. Except in some rare cases, an Aura with bestow remains untapped when it becomes unattached and becomes a creature."}], "setCode": "PTHS", "subtypes": ["Archon"], "supertypes": [], "text": "Bestow {5}{W}{W} (If you cast this card for its bestow cost, it's an Aura spell with enchant creature. It becomes a creature again if it's not attached to a creature.)\nFlying, first strike\nEnchanted creature gets +4/+4 and has flying and first strike.", "toughness": "4", "type": "Enchantment Creature — Archon", "types": ["Enchantment", "Creature"], "uuid": "2d1e7388-918e-5ae1-a7aa-58b4e43cbca0", "watermark": "set (THS)"}, {"artist": "Raymond Swanland", "artistIds": ["e956bacc-077d-4c12-b6bc-ba798b718af9"], "availability": ["paper"], "borderColor": "black", "colorIdentity": ["W"], "colors": ["W"], "convertedManaCost": 2.0, "edhrecRank": 7493, "edhrecSaltiness": 0.06, "finishes": ["nonfoil"], "foreignData": [], "frameVersion": "2003", "hasFoil": false, "hasNonFoil": true, "identifiers": {"cardKingdomId": "193115", "cardsphereId": "18946", "mcmId": "264015", "mtgjsonV4Id": "e01f677c-6eb0-54ce-b2fd-873d3e6ee08c", "scryfallId": "955d5107-5caf-45fc-8c6b-8383bbd220f3", "scryfallIllustrationId": "af322c8c-794f-4039-b2b2-bdbfc5a79362", "scryfallOracleId": "857db7e0-254a-4920-a71d-9bab6555342f", "tcgplayerProductId": "77450"}, "isFullArt": true, "isPromo": true, "isReprint": true, "isStarter": true, "keywords": ["Heroic"], "language": "English", "layout": "normal", "legalities": {"commander": "Legal", "duel": "Legal", "legacy": "Legal", "modern": "Legal", "oathbreaker": "Legal", "paupercommander": "Restricted", "penny": "Legal", "pioneer": "Legal", "vintage": "Legal"}, "manaCost": "{W}{W}", "manaValue": 2.0, "name": "Phalanx Leader", "number": "26", "power": "1", "printings": ["PRM", "PTHS", "THS", "UMA"], "promoTypes": ["setpromo", "gameday"], "purchaseUrls": {"cardKingdom": "https://mtgjson.com/links/77df43791a937aee", "tcgplayer": "https://mtgjson.com/links/21ecbea8ef1e775a"}, "rarity": "uncommon", "rulings": [{"date": "2013-09-15", "text": "Heroic abilities will resolve before the spell that caused them to trigger."}, {"date": "2013-09-15", "text": "Heroic abilities will trigger only once per spell, even if that spell targets the creature with the heroic ability multiple times."}, {"date": "2013-09-15", "text": "Heroic abilities won't trigger when a copy of a spell is created on the stack or when a spell's targets are changed to include a creature with a heroic ability."}], "setCode": "PTHS", "subtypes": ["Human", "Soldier"], "supertypes": [], "text": "Heroic — Whenever you cast a spell that targets Phalanx Leader, put a +1/+1 counter on each creature you control.", "toughness": "1", "type": "Creature — Human Soldier", "types": ["Creature"], "uuid": "b2c6a6b3-b5be-5b35-9a74-23ba706f3bd3"}, {"artist": "Ryan Yee", "artistIds": ["8955dca7-3e37-42b4-83a9-167c78a2178f"], "availability": ["paper"], "borderColor": "black", "colorIdentity": ["U"], "colors": ["U"], "convertedManaCost": 4.0, "edhrecRank": 446, "edhrecSaltiness": 0.25, "finishes": ["foil"], "flavorText": "The wills of mortals shift as the tide ebbs and flows.", "foreignData": [], "frameEffects": ["nyxtouched"], "frameVersion": "2003", "hasFoil": true, "hasNonFoil": false, "identifiers": {"cardKingdomFoilId": "193114", "cardsphereId": "23872", "mcmId": "264016", "mtgjsonV4Id": "7678ab6e-cecc-581b-bdfe-6425071d1e98", "scryfallId": "228b8b54-e49b-48b3-8ed3-f863244e77c1", "scryfallIllustrationId": "60ef093b-cd8c-4916-9f01-34d51b6cff59", "scryfallOracleId": "e1afaef7-9fa3-4662-a95f-adfb0da9fd11", "tcgplayerProductId": "71422"}, "isPromo": true, "isReprint": true, "isStarter": true, "language": "English", "layout": "normal", "legalities": {"commander": "Legal", "duel": "Legal", "legacy": "Legal", "modern": "Legal", "oathbreaker": "Legal", "penny": "Legal", "pioneer": "Legal", "vintage": "Legal"}, "manaCost": "{2}{U}{U}", "manaValue": 4.0, "name": "Bident of Thassa", "number": "42★", "printings": ["A25", "BRC", "C15", "PRM", "PTHS", "SCD", "THS"], "promoTypes": ["setpromo", "datestamped", "release"], "purchaseUrls": {"cardKingdomFoil": "https://mtgjson.com/links/bcd2889e65fbb6f2", "tcgplayer": "https://mtgjson.com/links/cd4b75d13fc44650"}, "rarity": "rare", "rulings": [{"date": "2018-03-16", "text": "The controller of each attacking creature still chooses which player or planeswalker that creature attacks."}, {"date": "2018-03-16", "text": "If a creature can't attack for any reason (such as being tapped or having come under that player's control that turn), then it doesn't attack. If there's a cost associated with having a creature attack, the player isn't forced to pay that cost, so it doesn't have to attack in that case either."}], "setCode": "PTHS", "subtypes": [], "supertypes": ["Legendary"], "text": "Whenever a creature you control deals combat damage to a player, you may draw a card.\n{1}{U}, {T}: Creatures your opponents control attack this turn if able.", "type": "Legendary Enchantment Artifact", "types": ["Enchantment", "Artifact"], "uuid": "9b41daed-b949-5b7c-b64a-ad978d85768c", "watermark": "set (THS)"}, {"artist": "Svetlin Velinov", "artistIds": ["ffd063ae-c097-4f26-b2e6-b1e2137708bc"], "availability": ["paper"], "borderColor": "black", "colorIdentity": ["U"], "colors": ["U"], "convertedManaCost": 6.0, "edhrecRank": 4262, "edhrecSaltiness": 0.17, "finishes": ["foil"], "foreignData": [], "frameVersion": "2003", "hasFoil": true, "hasNonFoil": false, "identifiers": {"cardKingdomFoilId": "193109", "cardsphereId": "37448", "mcmId": "264018", "mtgjsonV4Id": "2edaa10c-0785-5e05-a205-2f57b9abb202", "scryfallId": "94a9e54d-f023-4b89-9743-66cb6a3e286a", "scryfallIllustrationId": "22720b63-c290-418f-84dd-fd6c911da921", "scryfallOracleId": "dda7a088-61e3-4c47-b9e0-529fc047f77e", "tcgplayerProductId": "72083"}, "isPromo": true, "isReprint": true, "isStarter": true, "keywords": ["Monstrosity"], "language": "English", "layout": "normal", "legalities": {"commander": "Legal", "duel": "Legal", "legacy": "Legal", "modern": "Legal", "oathbreaker": "Legal", "penny": "Legal", "pioneer": "Legal", "vintage": "Legal"}, "manaCost": "{4}{U}{U}", "manaValue": 6.0, "name": "Shipbreaker Kraken", "number": "63★", "power": "6", "printings": ["CMR", "PRM", "PTHS", "THS"], "promoTypes": ["setpromo", "datestamped", "prerelease"], "purchaseUrls": {"cardKingdomFoil": "https://mtgjson.com/links/8783c9fb7ea19427", "tcgplayer": "https://mtgjson.com/links/da3a03e1f4b81d1a"}, "rarity": "rare", "rulings": [{"date": "2013-09-15", "text": "If you lose control of Shipbreaker Kraken between when its last ability triggers and when that ability resolves, the target creatures will become tapped. However, they won't be affected by the other effect and will untap as normal during their controllers' untap steps."}, {"date": "2013-09-15", "text": "If another player gains control of Shipbreaker Kraken, the creatures will no longer be affected by the effect preventing them from untapping, even if you later regain control of Shipbreaker Kraken."}, {"date": "2013-09-15", "text": "If you gain control of a creature that's being prevented from untapping, that creature won't untap during your untap step for as long as you control Shipbreaker Kraken."}, {"date": "2013-09-15", "text": "The ability can target a tapped creature. If a targeted creature is already tapped when it resolves, that creature just remains tapped and doesn't untap during its controller's untap step."}, {"date": "2013-09-15", "text": "Once a creature becomes monstrous, it can't become monstrous again. If the creature is already monstrous when the monstrosity ability resolves, nothing happens."}, {"date": "2013-09-15", "text": "Monstrous isn't an ability that a creature has. It's just something true about that creature. If the creature stops being a creature or loses its abilities, it will continue to be monstrous."}, {"date": "2013-09-15", "text": "An ability that triggers when a creature becomes monstrous won't trigger if that creature isn't on the battlefield when its monstrosity ability resolves."}], "setCode": "PTHS", "subtypes": ["Kraken"], "supertypes": [], "text": "{6}{U}{U}: Monstrosity 4. (If this creature isn't monstrous, put four +1/+1 counters on it and it becomes monstrous.)\nWhen Shipbreaker Kraken becomes monstrous, tap up to four target creatures. Those creatures don't untap during their controllers' untap steps for as long as you control Shipbreaker Kraken.", "toughness": "6", "type": "Creature — Kraken", "types": ["Creature"], "uuid": "cc3b1c76-f37a-57ea-a258-052c64c592fb", "watermark": "set (THS)"}, {"artist": "Dave Kendall", "artistIds": ["8a5540a8-18c9-4fa9-802c-59d6866114d5"], "availability": ["paper"], "borderColor": "black", "colorIdentity": ["B"], "colors": ["B"], "convertedManaCost": 7.0, "edhrecRank": 3459, "edhrecSaltiness": 0.21, "finishes": ["foil"], "foreignData": [], "frameVersion": "2003", "hasFoil": true, "hasNonFoil": false, "identifiers": {"cardKingdomFoilId": "193111", "cardsphereId": "37004", "mcmId": "264019", "mtgjsonV4Id": "4397651a-6b6c-59f7-8acf-20dd3d6959d3", "scryfallId": "ef41929a-737c-4fbc-8f74-3af0a8d67145", "scryfallIllustrationId": "17dabf04-952c-4040-adee-45455fef45b3", "scryfallOracleId": "13f63240-a6bb-4333-a3dd-818725c6fb73", "tcgplayerProductId": "72081"}, "isPromo": true, "isReprint": true, "isStarter": true, "keywords": ["Flying"], "language": "English", "layout": "normal", "legalities": {"commander": "Legal", "duel": "Legal", "legacy": "Legal", "modern": "Legal", "oathbreaker": "Legal", "penny": "Legal", "pioneer": "Legal", "vintage": "Legal"}, "manaCost": "{5}{B}{B}", "manaValue": 7.0, "name": "Abhorrent Overlord", "number": "75★", "power": "6", "printings": ["PRM", "PTHS", "THS"], "promoTypes": ["setpromo", "datestamped", "prerelease"], "purchaseUrls": {"cardKingdomFoil": "https://mtgjson.com/links/51a91869c0f62a73", "tcgplayer": "https://mtgjson.com/links/a2e98190da5339b7"}, "rarity": "rare", "rulings": [{"date": "2013-09-15", "text": "Numeric mana symbols ({0}, {1}, and so on) in mana costs of permanents you control don't count toward your devotion to any color."}, {"date": "2013-09-15", "text": "Mana symbols in the text boxes of permanents you control don't count toward your devotion to any color."}, {"date": "2013-09-15", "text": "Hybrid mana symbols, monocolored hybrid mana symbols, and Phyrexian mana symbols do count toward your devotion to their color(s)."}, {"date": "2013-09-15", "text": "If an activated ability or triggered ability has an effect that depends on your devotion to a color, you count the number of mana symbols of that color among the mana costs of permanents you control as the ability resolves. The permanent with that ability will be counted if it's still on the battlefield at that time."}], "setCode": "PTHS", "subtypes": ["Demon"], "supertypes": [], "text": "Flying\nWhen Abhorrent Overlord enters the battlefield, create a number of 1/1 black Harpy creature tokens with flying equal to your devotion to black. (Each {B} in the mana costs of permanents you control counts toward your devotion to black.)\nAt the beginning of your upkeep, sacrifice a creature.", "toughness": "6", "type": "Creature — Demon", "types": ["Creature"], "uuid": "b0dcdde8-0f7c-5051-bcd0-fe491a6fa856", "watermark": "set (THS)"}, {"artist": "Seb McKinnon", "artistIds": ["ad4caca0-8d89-44ce-a1a6-d5ca905bd6fb"], "availability": ["paper"], "borderColor": "black", "colorIdentity": ["B"], "colors": ["B"], "convertedManaCost": 3.0, "edhrecRank": 2486, "edhrecSaltiness": 0.14, "finishes": ["foil"], "foreignData": [], "frameEffects": ["nyxtouched"], "frameVersion": "2003", "hasFoil": true, "hasNonFoil": false, "identifiers": {"cardKingdomFoilId": "193116", "cardsphereId": "18943", "mcmId": "264014", "mtgjsonV4Id": "cfab73db-f306-55d2-b858-7afceadce54d", "scryfallId": "77b85aef-2f4b-4318-8f29-8adfbee92628", "scryfallIllustrationId": "a8b3292c-3a66-4ea5-893c-f929cadf1466", "scryfallOracleId": "57b3f7fc-1812-4134-a645-6cef48a8aa71", "tcgplayerProductId": "77449"}, "isFullArt": true, "isPromo": true, "isReprint": true, "isStarter": true, "keywords": ["Bestow"], "language": "English", "layout": "normal", "legalities": {"commander": "Legal", "duel": "Legal", "legacy": "Legal", "modern": "Legal", "oathbreaker": "Legal", "penny": "Legal", "pioneer": "Legal", "vintage": "Legal"}, "manaCost": "{1}{B}{B}", "manaValue": 3.0, "name": "Nighthowler", "number": "98", "power": "0", "printings": ["C15", "CLB", "MB1", "PRM", "PTHS", "THS", "ZNC"], "promoTypes": ["setpromo", "gameday"], "purchaseUrls": {"cardKingdomFoil": "https://mtgjson.com/links/9e365827f8d2ed0c", "tcgplayer": "https://mtgjson.com/links/529e2188c83c678d"}, "rarity": "rare", "rulings": [{"date": "2013-09-15", "text": "Nighthowler's last ability functions only from the battlefield. In other zones, Nighthowler is a 0/0 enchantment creature."}, {"date": "2013-09-15", "text": "On the stack, a spell with bestow is either a creature spell or an Aura spell. It's never both, although it's an enchantment spell in either case."}, {"date": "2013-09-15", "text": "Unlike other Aura spells, an Aura spell with bestow isn't countered if its target is illegal as it begins to resolve. Rather, the effect making it an Aura spell ends, it loses enchant creature, it returns to being an enchantment creature spell, and it resolves and enters the battlefield as an enchantment creature."}, {"date": "2013-09-15", "text": "Unlike other Auras, an Aura with bestow isn't put into its owner's graveyard if it becomes unattached. Rather, the effect making it an Aura ends, it loses enchant creature, and it remains on the battlefield as an enchantment creature. It can attack (and its {T} abilities can be activated, if it has any) on the turn it becomes unattached if it's been under your control continuously, even as an Aura, since your most recent turn began."}, {"date": "2013-09-15", "text": "If a permanent with bestow enters the battlefield by any method other than being cast, it will be an enchantment creature. You can't choose to pay the bestow cost and have it become an Aura."}, {"date": "2013-09-15", "text": "Auras attached to a creature don't become tapped when the creature becomes tapped. Except in some rare cases, an Aura with bestow remains untapped when it becomes unattached and becomes a creature."}], "setCode": "PTHS", "subtypes": ["Horror"], "supertypes": [], "text": "Bestow {2}{B}{B} (If you cast this card for its bestow cost, it's an Aura spell with enchant creature. It becomes a creature again if it's not attached to a creature.)\nNighthowler and enchanted creature each get +X/+X, where X is the number of creature cards in all graveyards.", "toughness": "0", "type": "Enchantment Creature — Horror", "types": ["Enchantment", "Creature"], "uuid": "12b111da-87e4-5ad5-81ce-c5b8b37568ae"}, {"artist": "Vincent Proce", "artistIds": ["d82b1138-76d3-49f7-9d8c-bc2e2d3e0b0a"], "availability": ["paper"], "borderColor": "black", "colorIdentity": ["R"], "colors": ["R"], "convertedManaCost": 4.0, "edhrecRank": 16790, "edhrecSaltiness": 0.2, "finishes": ["foil"], "foreignData": [], "frameVersion": "2003", "hasFoil": true, "hasNonFoil": false, "identifiers": {"cardKingdomFoilId": "193112", "cardsphereId": "37175", "mcmId": "264020", "mtgjsonV4Id": "2270acd1-e6fd-536c-9ca0-8c642daa73ba", "scryfallId": "46fe9fbe-59a7-4aa4-947d-c178487d1929", "scryfallIllustrationId": "335497c8-c43c-4cf2-9264-d8d11f651bc3", "scryfallOracleId": "0cdc86c4-8c68-4ba6-8165-511f32156a4c", "tcgplayerProductId": "72082"}, "isPromo": true, "isReprint": true, "isStarter": true, "keywords": ["Monstrosity"], "language": "English", "layout": "normal", "legalities": {"commander": "Legal", "duel": "Legal", "legacy": "Legal", "modern": "Legal", "oathbreaker": "Legal", "penny": "Legal", "pioneer": "Legal", "vintage": "Legal"}, "manaCost": "{2}{R}{R}", "manaValue": 4.0, "name": "Ember Swallower", "number": "120★", "power": "4", "printings": ["PRM", "PTHS", "THS"], "promoTypes": ["setpromo", "datestamped", "prerelease"], "purchaseUrls": {"cardKingdomFoil": "https://mtgjson.com/links/0522c2fc41d88d72", "tcgplayer": "https://mtgjson.com/links/6de800965bdd0867"}, "rarity": "rare", "rulings": [{"date": "2013-09-15", "text": "When the last ability resolves, the active player will choose three lands they control, then each other player in turn order will do the same. Then all of those lands are sacrificed at the same time."}, {"date": "2013-09-15", "text": "Once a creature becomes monstrous, it can't become monstrous again. If the creature is already monstrous when the monstrosity ability resolves, nothing happens."}, {"date": "2013-09-15", "text": "Monstrous isn't an ability that a creature has. It's just something true about that creature. If the creature stops being a creature or loses its abilities, it will continue to be monstrous."}, {"date": "2013-09-15", "text": "An ability that triggers when a creature becomes monstrous won't trigger if that creature isn't on the battlefield when its monstrosity ability resolves."}], "setCode": "PTHS", "subtypes": ["Elemental"], "supertypes": [], "text": "{5}{R}{R}: Monstrosity 3. (If this creature isn't monstrous, put three +1/+1 counters on it and it becomes monstrous.)\nWhen Ember Swallower becomes monstrous, each player sacrifices three lands.", "toughness": "5", "type": "Creature — Elemental", "types": ["Creature"], "uuid": "e83e9a04-5d58-59cd-9173-2d6f327a74d6", "watermark": "set (THS)"}, {"artist": "Howard Lyon", "artistIds": ["6dd06426-59fe-4b9c-aad5-6da8446a5c3d"], "availability": ["paper"], "borderColor": "black", "colorIdentity": ["G"], "colors": ["G"], "convertedManaCost": 5.0, "edhrecRank": 18697, "edhrecSaltiness": 0.18, "finishes": ["foil"], "flavorText": "The warriors she leads can rarely keep pace with her, and neither can the tales.", "foreignData": [], "frameVersion": "2003", "hasFoil": true, "hasNonFoil": false, "identifiers": {"cardKingdomFoilId": "193113", "cardsphereId": "37027", "mcmId": "264021", "mtgjsonV4Id": "4ab48a27-5ca0-5146-8e6a-d44a067c97d5", "scryfallId": "8875aa5a-7105-4d53-97cd-c2e386371f67", "scryfallIllustrationId": "52d9b6f3-2fbb-44c2-87aa-0f6c5bb8c0c1", "scryfallOracleId": "141f952b-9e9f-48c5-9c88-b1504dfa73bc", "tcgplayerProductId": "72080"}, "isPromo": true, "isReprint": true, "isStarter": true, "keywords": ["Heroic"], "language": "English", "layout": "normal", "leadershipSkills": {"brawl": false, "commander": true, "oathbreaker": false}, "legalities": {"commander": "Legal", "duel": "Legal", "legacy": "Legal", "modern": "Legal", "oathbreaker": "Legal", "penny": "Legal", "pioneer": "Legal", "vintage": "Legal"}, "manaCost": "{3}{G}{G}", "manaValue": 5.0, "name": "Anthousa, Setessan Hero", "number": "149★", "power": "4", "printings": ["PRM", "PTHS", "THS"], "promoTypes": ["setpromo", "datestamped", "prerelease"], "purchaseUrls": {"cardKingdomFoil": "https://mtgjson.com/links/e05e84bba4cc417a", "tcgplayer": "https://mtgjson.com/links/924958c9eafe0916"}, "rarity": "rare", "rulings": [{"date": "2013-09-15", "text": "If a land that hasn't been under your control continuously since your last turn began becomes a creature, it can't attack and its activated abilities that include {T} can't be activated. Notably, it can't be tapped for mana that turn."}, {"date": "2013-09-15", "text": "Heroic abilities will resolve before the spell that caused them to trigger."}, {"date": "2013-09-15", "text": "Heroic abilities will trigger only once per spell, even if that spell targets the creature with the heroic ability multiple times."}, {"date": "2013-09-15", "text": "Heroic abilities won't trigger when a copy of a spell is created on the stack or when a spell's targets are changed to include a creature with a heroic ability."}], "setCode": "PTHS", "subtypes": ["Human", "Warrior"], "supertypes": ["Legendary"], "text": "Heroic — Whenever you cast a spell that targets Anthousa, Setessan Hero, up to three target lands you control each become 2/2 Warrior creatures until end of turn. They're still lands.", "toughness": "5", "type": "Legendary Creature — Human Warrior", "types": ["Creature"], "uuid": "cba5dda6-a3ed-59f1-b5a9-dcf3db2e0f03", "watermark": "set (THS)"}, {"artist": "Dan Scott", "artistIds": ["f852fa13-137e-40f2-bbc1-0f01df09c0e0"], "availability": ["paper"], "borderColor": "black", "colorIdentity": ["G"], "colors": ["G"], "convertedManaCost": 4.0, "edhrecRank": 1440, "edhrecSaltiness": 0.23, "finishes": ["foil"], "flavorText": "\"The wilds are a garden tended by divine hands.\"", "foreignData": [], "frameVersion": "2003", "hasFoil": true, "hasNonFoil": false, "identifiers": {"cardKingdomFoilId": "192819", "cardsphereId": "19473", "mcmId": "266436", "mtgjsonV4Id": "c2246836-607c-57f9-9818-39f766761712", "scryfallId": "579f4800-8fd0-44c8-ab46-acf4a5d20384", "scryfallIllustrationId": "49a93614-c41f-4238-9f33-5bd018501581", "scryfallOracleId": "e8cf80a1-6908-4adb-88e7-2015672d4905", "tcgplayerProductId": "77320"}, "isPromo": true, "isReprint": true, "isStarter": true, "language": "English", "layout": "normal", "legalities": {"commander": "Legal", "duel": "Legal", "legacy": "Legal", "modern": "Legal", "oathbreaker": "Legal", "paupercommander": "Restricted", "penny": "Legal", "pioneer": "Legal", "vintage": "Legal"}, "manaCost": "{3}{G}", "manaValue": 4.0, "name": "Karametra's Acolyte", "number": "160", "power": "1", "printings": ["PRM", "PTHS", "THS"], "promoTypes": ["giftbox", "setpromo"], "purchaseUrls": {"cardKingdomFoil": "https://mtgjson.com/links/08ed97b6c6c6748a", "tcgplayer": "https://mtgjson.com/links/6e319d0f301b847e"}, "rarity": "uncommon", "rulings": [{"date": "2013-09-15", "text": "The activated ability is a mana ability. It doesn't use the stack and can't be responded to."}, {"date": "2013-09-15", "text": "Numeric mana symbols ({0}, {1}, and so on) in mana costs of permanents you control don't count toward your devotion to any color."}, {"date": "2013-09-15", "text": "Mana symbols in the text boxes of permanents you control don't count toward your devotion to any color."}, {"date": "2013-09-15", "text": "Hybrid mana symbols, monocolored hybrid mana symbols, and Phyrexian mana symbols do count toward your devotion to their color(s)."}, {"date": "2013-09-15", "text": "If an activated ability or triggered ability has an effect that depends on your devotion to a color, you count the number of mana symbols of that color among the mana costs of permanents you control as the ability resolves. The permanent with that ability will be counted if it's still on the battlefield at that time."}], "setCode": "PTHS", "subtypes": ["Human", "Druid"], "supertypes": [], "text": "{T}: Add an amount of {G} equal to your devotion to green. (Each {G} in the mana costs of permanents you control counts toward your devotion to green.)", "toughness": "4", "type": "Creature — Human Druid", "types": ["Creature"], "uuid": "42405d95-cf31-5129-b6d5-02f0b4773678"}, {"artist": "Lars Grant-West", "artistIds": ["21ed6499-c4d3-4965-ab02-6c7228275bec"], "availability": ["paper"], "borderColor": "black", "colorIdentity": ["G"], "colors": ["G"], "convertedManaCost": 2.0, "edhrecRank": 1940, "edhrecSaltiness": 0.1, "finishes": ["foil"], "flavorText": "Those who enter the copse never leave. They find peace there and take root, becoming part of the ever-growing grove.", "foreignData": [], "frameVersion": "2003", "hasFoil": true, "hasNonFoil": false, "identifiers": {"cardKingdomFoilId": "193117", "cardsphereId": "7750", "mcmId": "264013", "mtgjsonV4Id": "e1a8180f-c67a-5727-97dc-5cba992e6eec", "scryfallId": "962717fa-c502-46af-8574-4222e8151679", "scryfallIllustrationId": "d1393064-aed9-4964-bdff-ee23b50d0506", "scryfallOracleId": "13d4c46b-c2d6-44cc-a252-4a991d471854", "tcgplayerProductId": "71900"}, "isPromo": true, "isReprint": true, "isStarter": true, "keywords": ["Defender", "Hexproof"], "language": "English", "layout": "normal", "legalities": {"commander": "Legal", "duel": "Legal", "legacy": "Legal", "modern": "Legal", "oathbreaker": "Legal", "penny": "Legal", "pioneer": "Legal", "vintage": "Legal"}, "manaCost": "{1}{G}", "manaValue": 2.0, "name": "Sylvan Caryatid", "number": "180★", "power": "0", "printings": ["PRM", "PTHS", "THS"], "promoTypes": ["setpromo", "buyabox"], "purchaseUrls": {"cardKingdomFoil": "https://mtgjson.com/links/7b707286eb434ff2", "tcgplayer": "https://mtgjson.com/links/8093f95ba3910d3f"}, "rarity": "rare", "setCode": "PTHS", "subtypes": ["Plant"], "supertypes": [], "text": "Defender, hexproof\n{T}: Add one mana of any color.", "toughness": "3", "type": "Creature — Plant", "types": ["Creature"], "uuid": "cf72208c-ac68-55d4-bb68-66487d682749", "watermark": "colorpie"}], "code": "PTHS", "isFoilOnly": false, "isOnlineOnly": false, "keyruneCode": "THS", "languages": ["English"], "name": "Theros Promos", "parentCode": "THS", "releaseDate": "2013-09-21", "tokens": [], "totalSetSize": 10, "translations": {}, "type": "promo"}}