{"meta": {"date": "2023-08-19", "version": "5.2.1+20230819"}, "data": {"baseSetSize": 32, "cards": [{"artist": "Randy Gallegos", "artistIds": ["a5048cc7-438a-4378-98e4-da99b78e1db0"], "availability": ["paper"], "borderColor": "black", "colorIdentity": [], "colors": [], "convertedManaCost": 0.0, "finishes": ["nonfoil"], "flavorText": "After serving his apprenticeship under Barrin of Tolaria, Ertai graced the *Weatherlight* crew with his presence as the ship's \"resident\" wizard. He realizes that few recognize his greatness—but then how could they, when they lack his insight and wisdom?", "foreignData": [], "frameVersion": "1993", "hand": "-1", "hasFoil": false, "hasNonFoil": true, "identifiers": {"cardKingdomId": "122276", "mcmId": "14965", "mtgjsonV4Id": "ebd02f39-602f-5a85-8ac8-d854d055a2c7", "multiverseId": "4959", "scryfallId": "5cbb9b5d-9199-4a5b-957d-8fa681caeb7c", "scryfallIllustrationId": "2a564f7c-cdf3-4400-a0de-90daa951559a", "scryfallOracleId": "51bee98e-b321-48cb-b8a2-c4ac7077b572", "tcgplayerProductId": "21607"}, "isOversized": true, "isStarter": true, "language": "English", "layout": "vanguard", "legalities": {}, "life": "+4", "manaValue": 0.0, "name": "Ertai", "number": "101", "originalText": "Your creatures can't be the target of your opponents' spells or abilities.", "originalType": "Vanguard - Character", "printings": ["PVAN"], "promoTypes": ["instore"], "purchaseUrls": {"cardKingdom": "https://mtgjson.com/links/d68e4437c5794c60", "tcgplayer": "https://mtgjson.com/links/96a0489681abeaa8"}, "rarity": "rare", "setCode": "PVAN", "subtypes": [], "supertypes": [], "text": "Creatures you control have hexproof. (They can't be the targets of spells or abilities your opponents control.)", "type": "Vanguard", "types": ["Vanguard"], "uuid": "58caf11c-8564-5675-89db-2d56952be804"}, {"artist": "Douglas Shuler", "artistIds": ["a9ddb513-51c7-455c-ab8f-5b90aae9f75b"], "availability": ["paper"], "borderColor": "black", "colorIdentity": [], "colors": [], "convertedManaCost": 0.0, "finishes": ["nonfoil"], "flavorText": "Soldier. Adventurer. Heir to the Legacy. Gerrard has, over the years, traveled much of Dominaria in search of fortune and glory. Now, after serving nobly in the Benalish army, he has returned to the *Weatherlight* to serve as captain in Sisay's absence and to take up the battle against the Lord of the Wastes.", "foreignData": [], "frameVersion": "1993", "hand": "-4", "hasFoil": false, "hasNonFoil": true, "identifiers": {"cardKingdomId": "122277", "mcmId": "14966", "mtgjsonV4Id": "55989c16-cffd-5c88-9e9e-4096107a259c", "multiverseId": "4960", "scryfallId": "9f7413f4-0ce3-4fd4-b011-4e30ad88f510", "scryfallIllustrationId": "29e12913-7180-4282-954f-25f8c718a164", "scryfallOracleId": "ca9c2d92-5629-449c-9ff8-ff3df8de7275", "tcgplayerProductId": "21608"}, "isOversized": true, "isStarter": true, "language": "English", "layout": "vanguard", "legalities": {}, "life": "+0", "manaValue": 0.0, "name": "Gerrard", "number": "102", "originalText": "During your draw phase, draw an additional card.", "originalType": "Vanguard - Character", "printings": ["PVAN"], "promoTypes": ["instore"], "purchaseUrls": {"cardKingdom": "https://mtgjson.com/links/0733e536f1ed613a", "tcgplayer": "https://mtgjson.com/links/2d8a7407eb6bb475"}, "rarity": "rare", "setCode": "PVAN", "subtypes": [], "supertypes": [], "text": "At the beginning of your draw step, draw an additional card.", "type": "Vanguard", "types": ["Vanguard"], "uuid": "ad7c6095-ea84-5081-9216-81bf56328758"}, {"artist": "Anthony S. Waters", "artistIds": ["f009de11-3c8d-4663-b996-ca0c3e997fad"], "availability": ["paper"], "borderColor": "black", "colorIdentity": [], "colors": [], "convertedManaCost": 0.0, "finishes": ["nonfoil"], "flavorText": "Both part of the Legacy and an individual in his own right, the silver golem Karn is haunted by a single, terrible incident: while serving to protect the young Gerrard, Karn accidentally took the life of another. Wakened from years spent as a statue, the golem has vowed to never kill again as he rejoins Gerrard.", "foreignData": [], "frameVersion": "1993", "hand": "+1", "hasFoil": false, "hasNonFoil": true, "identifiers": {"cardKingdomId": "122281", "mcmId": "14970", "mtgjsonV4Id": "51a347ba-0dc9-5b59-ada4-147ba0b354f1", "multiverseId": "4963", "scryfallId": "809175d4-115f-4901-9194-766a81a8ccd4", "scryfallIllustrationId": "9583de30-d085-4c7c-807e-0cddb14fd27a", "scryfallOracleId": "1cd1c251-a813-49d9-a8f7-5e6c977902e6", "tcgplayerProductId": "21612"}, "isOversized": true, "isStarter": true, "language": "English", "layout": "vanguard", "legalities": {}, "life": "+6", "manaValue": 0.0, "name": "Karn", "number": "103", "originalText": "Each of your noncreature artifacts is also an artifact creature with power and toughness each equal to its total casting cost.", "originalType": "Vanguard - Character", "printings": ["PVAN"], "promoTypes": ["instore"], "purchaseUrls": {"cardKingdom": "https://mtgjson.com/links/00233b750a30d242", "tcgplayer": "https://mtgjson.com/links/8f76e6529170099a"}, "rarity": "rare", "setCode": "PVAN", "subtypes": [], "supertypes": [], "text": "Each noncreature artifact you control is an artifact creature with power and toughness each equal to its mana value.", "type": "Vanguard", "types": ["Vanguard"], "uuid": "f93cedfe-fdde-5654-9ac3-d9d2b8af3e40"}, {"artist": "Matthew D. Wilson", "artistIds": ["4fbafd13-0cf9-42a1-870d-7f8ea276f140"], "availability": ["paper"], "borderColor": "black", "colorIdentity": [], "colors": [], "convertedManaCost": 0.0, "finishes": ["nonfoil"], "flavorText": "Too chaotic for even the other warlords of Keld, Maraxus has devoted himself to serving as a hired killer for the sinister Volrath. A man fond of his work, he's more than willing to put in those extra hours needed to perfect his craft.", "foreignData": [], "frameVersion": "1993", "hand": "+1", "hasFoil": false, "hasNonFoil": true, "identifiers": {"cardKingdomId": "122282", "mcmId": "14972", "mtgjsonV4Id": "a036d236-dc87-53f6-9326-ea6de726b4e1", "multiverseId": "4964", "scryfallId": "5724de5d-0a43-4b83-89cc-2d87a658964a", "scryfallIllustrationId": "66e9403b-9e50-4b55-874d-1abb0a485419", "scryfallOracleId": "9d00fef4-d417-4c6d-87a0-88765c3d1e97", "tcgplayerProductId": "21614"}, "isOversized": true, "isStarter": true, "language": "English", "layout": "vanguard", "legalities": {}, "life": "+2", "manaValue": 0.0, "name": "Maraxus", "number": "104", "originalText": "Your creatures get +1/+0.", "originalType": "Vanguard - Character", "printings": ["PVAN"], "promoTypes": ["instore"], "purchaseUrls": {"cardKingdom": "https://mtgjson.com/links/d03a731290d47056", "tcgplayer": "https://mtgjson.com/links/e7cf7a51aac70476"}, "rarity": "rare", "setCode": "PVAN", "subtypes": [], "supertypes": [], "text": "Creatures you control get +1/+0.", "type": "Vanguard", "types": ["Vanguard"], "uuid": "4265d890-e6df-5662-9036-f99b90e5b651"}, {"artist": "Richard Kane Ferguson", "artistIds": ["191620ed-2361-444e-96a6-1fe7ce32ef3b"], "availability": ["paper"], "borderColor": "black", "colorIdentity": [], "colors": [], "convertedManaCost": 0.0, "finishes": ["nonfoil"], "flavorText": "Mirri and Gerrard have been the best of friends since they trained together under the maro-sorcerer Multani. A fierce and agile warrior, she rejoined Gerrard aboard the *Weatherlight* as his unofficial first mate shortly after he assumed command of the flying ship.", "foreignData": [], "frameVersion": "1993", "hand": "+0", "hasFoil": false, "hasNonFoil": true, "identifiers": {"cardKingdomId": "122283", "mcmId": "14989", "mtgjsonV4Id": "93ddece0-be11-50fd-a005-5afc71ae764b", "multiverseId": "4965", "scryfallId": "25a203e3-2deb-42f6-b777-b153514680a5", "scryfallIllustrationId": "2d9a99d8-da5b-41ee-8fc5-a48563f59010", "scryfallOracleId": "e758193b-9162-44d5-a624-74ba6f266af3", "tcgplayerProductId": "21615"}, "isOversized": true, "isStarter": true, "language": "English", "layout": "vanguard", "legalities": {}, "life": "+5", "manaValue": 0.0, "name": "Mirri", "number": "105", "originalText": "Each of your basic lands may be tapped to produce any color of mana instead of its normal type.", "originalType": "Vanguard - Character", "printings": ["PVAN"], "promoTypes": ["instore"], "purchaseUrls": {"cardKingdom": "https://mtgjson.com/links/fb0806e0e2106758", "tcgplayer": "https://mtgjson.com/links/00093f9162c1b189"}, "rarity": "rare", "setCode": "PVAN", "subtypes": [], "supertypes": [], "text": "If a basic land you control is tapped for mana, it produces mana of a color of your choice instead of any other type.", "type": "Vanguard", "types": ["Vanguard"], "uuid": "0bcc26c7-1bb2-5830-b4f0-1933857173ee"}, {"artist": "Kaja Foglio", "artistIds": ["e8b85539-756a-4eac-ac66-a2258d7cf547"], "availability": ["paper"], "borderColor": "black", "colorIdentity": [], "colors": [], "convertedManaCost": 0.0, "finishes": ["nonfoil"], "flavorText": "While captain of the *Weatherlight*, Sisay undertook a quest for the Legacy, a collection of artifacts needed to defeat the Lord of the Wastes. She continued this quest even when Gerrard, heir to the Legacy, chose to abandon it. Sisay is devoted to the cause of good at whatever price.", "foreignData": [], "frameVersion": "1993", "hand": "-2", "hasFoil": false, "hasNonFoil": true, "identifiers": {"cardKingdomId": "122292", "mcmId": "14978", "mtgjsonV4Id": "64de748d-7a4b-587b-9304-fed972a5479f", "multiverseId": "4968", "scryfallId": "b3e1176b-6b7e-481e-ba19-3799ddfad470", "scryfallIllustrationId": "93b0cb88-c105-401e-80bd-03d240316ca3", "scryfallOracleId": "63ddd795-b876-4546-a405-7154625d4b4c", "tcgplayerProductId": "21624"}, "isOversized": true, "isStarter": true, "language": "English", "layout": "vanguard", "legalities": {}, "life": "-3", "manaValue": 0.0, "name": "Sisay", "number": "106", "originalText": "Whenever you tap a land for mana, it produces one additional mana of the same type.", "originalType": "Vanguard - Character", "printings": ["PVAN"], "promoTypes": ["instore"], "purchaseUrls": {"cardKingdom": "https://mtgjson.com/links/bcceba9a51fb8116", "tcgplayer": "https://mtgjson.com/links/3e8757a138f03cf4"}, "rarity": "rare", "setCode": "PVAN", "subtypes": [], "supertypes": [], "text": "Whenever you tap a land for mana, add one mana of any type that land produced.", "type": "Vanguard", "types": ["Vanguard"], "uuid": "fe371fd4-daea-5fe9-9f2e-cc534861ac2a"}, {"artist": "Daniel Gelon", "artistIds": ["63ac31a8-dd1a-4679-9f82-ece89429a084"], "availability": ["paper"], "borderColor": "black", "colorIdentity": [], "colors": [], "convertedManaCost": 0.0, "finishes": ["nonfoil"], "flavorText": "The smartest—and only—goblin cabin boy aboard the *Weatherlight*, Squee has learned that intelligence and common sense are very different things. This matters little, however, since he has neither. Fortunately, he doesn't know what he's missing.", "foreignData": [], "frameVersion": "1993", "hand": "+3", "hasFoil": false, "hasNonFoil": true, "identifiers": {"cardKingdomId": "122294", "mcmId": "14980", "mtgjsonV4Id": "d7315e91-245d-5fcd-84ed-c39c68769cb0", "multiverseId": "4969", "scryfallId": "1cc16638-093d-4010-89ae-a1e564921e62", "scryfallIllustrationId": "26a2a972-96aa-4c23-8f33-1b9dd8fae0dd", "scryfallOracleId": "57bb0d6f-0b3b-4745-b430-7472ca36adf3", "tcgplayerProductId": "21626"}, "isOversized": true, "isStarter": true, "language": "English", "layout": "vanguard", "legalities": {}, "life": "-4", "manaValue": 0.0, "name": "Squee", "number": "107", "originalText": "Your opponents play with their hands face up.", "originalType": "Vanguard - Character", "printings": ["PVAN"], "promoTypes": ["instore"], "purchaseUrls": {"cardKingdom": "https://mtgjson.com/links/317262274b75d566", "tcgplayer": "https://mtgjson.com/links/6f6b6381f26321ab"}, "rarity": "rare", "setCode": "PVAN", "subtypes": [], "supertypes": [], "text": "Your opponents play with their hands revealed.", "type": "Vanguard", "types": ["Vanguard"], "uuid": "d7ee18e1-525b-56d6-ba45-a318ad7a0f92"}, {"artist": "Pete Venters", "artistIds": ["d54c4a1a-c0c5-4834-84db-125d341f3ad8"], "availability": ["paper"], "borderColor": "black", "colorIdentity": [], "colors": [], "convertedManaCost": 0.0, "finishes": ["nonfoil"], "flavorText": "Tahngarth, first mate of the *Weatherlight* under Sisay, knows that there are really only two forms of life: the ugly ones and the minotaurs. A narcissist, he considers the condition of his hide as important as the accuracy of his blade.", "foreignData": [], "frameVersion": "1993", "hand": "-1", "hasFoil": false, "hasNonFoil": true, "identifiers": {"cardKingdomId": "122296", "mcmId": "14982", "mtgjsonV4Id": "34f6542a-7967-524f-84b8-549e0699155a", "multiverseId": "4971", "scryfallId": "a320e0f4-bcc9-4bfa-8e05-b62f9752c01c", "scryfallIllustrationId": "149c5705-4c76-4a68-b94a-8238a8090943", "scryfallOracleId": "9abcb851-e4ca-4e7e-8e42-b50ff3c49aa5", "tcgplayerProductId": "21628"}, "isOversized": true, "isStarter": true, "language": "English", "layout": "vanguard", "legalities": {}, "life": "+7", "manaValue": 0.0, "name": "Tahngarth", "number": "108", "originalText": "Your creatures are unaffected by summoning sickness.", "originalType": "Vanguard - Character", "printings": ["PVAN"], "promoTypes": ["instore"], "purchaseUrls": {"cardKingdom": "https://mtgjson.com/links/576e9de29a5da5cf", "tcgplayer": "https://mtgjson.com/links/5e427d5a09cb2f8c"}, "rarity": "rare", "setCode": "PVAN", "subtypes": [], "supertypes": [], "text": "Creatures you control have haste.", "type": "Vanguard", "types": ["Vanguard"], "uuid": "bf7682fb-f183-5151-b321-461f4bb3279b"}, {"artist": "Christopher Rush", "artistIds": ["c96773f0-346c-4f7d-9271-2d98cc5d86e1"], "availability": ["paper"], "borderColor": "black", "colorIdentity": [], "colors": [], "convertedManaCost": 0.0, "finishes": ["nonfoil"], "flavorText": "An old and powerful wizard living on the mysterious isle of Tolaria, Barrin is the teacher who trained the young Ertai. He is also Hanna's father, but for reasons known only to the two of them neither acknowledges the other—or their strained relationship.", "foreignData": [], "frameVersion": "1993", "hand": "+0", "hasFoil": false, "hasNonFoil": true, "identifiers": {"cardKingdomId": "122273", "mcmId": "14962", "mtgjsonV4Id": "b1ccc978-e9de-54d7-95d4-1fdfc2c986b7", "multiverseId": "4957", "scryfallId": "02f6b17c-89bd-47e1-9963-69260d5f2838", "scryfallIllustrationId": "e421d53a-310e-4639-ba94-2a807f8afe37", "scryfallOracleId": "3ff4189b-e9c2-4139-b9ab-4cdbaa1ba886", "tcgplayerProductId": "21604"}, "isOversized": true, "isStarter": true, "language": "English", "layout": "vanguard", "legalities": {}, "life": "+6", "manaValue": 0.0, "name": "Barrin", "number": "201", "originalText": "You may sacrifice a permanent to return any creature to its owner's hand. Play this ability as an instant.", "originalType": "Vanguard - Character", "printings": ["PVAN"], "promoTypes": ["instore"], "purchaseUrls": {"cardKingdom": "https://mtgjson.com/links/f567e68cd550395a", "tcgplayer": "https://mtgjson.com/links/691270dd64646203"}, "rarity": "rare", "setCode": "PVAN", "subtypes": [], "supertypes": [], "text": "Sacrifice a permanent: Return target creature to its owner's hand.", "type": "Vanguard", "types": ["Vanguard"], "uuid": "d4675d0d-2865-5c08-920c-9e8d33d9b886"}, {"artist": "Ron Spencer", "artistIds": ["dab52c11-0564-4207-a4a1-c1735c946a65"], "availability": ["paper"], "borderColor": "black", "colorIdentity": [], "colors": [], "convertedManaCost": 0.0, "finishes": ["nonfoil"], "flavorText": "How does one escape a curse? For Crovax, a wealthy noble, the answer may lie in joining the crew of the *Weatherlight* as they seek to rescue their abducted captain Sisay. Secretly, he hopes in his journeys to find Selenia, the angelic being who abandoned him and his family years ago.", "foreignData": [], "frameVersion": "1993", "hand": "+2", "hasFoil": false, "hasNonFoil": true, "identifiers": {"cardKingdomId": "122274", "mcmId": "14963", "mtgjsonV4Id": "397967e1-6279-57a6-88b5-17b7b6dd2c61", "multiverseId": "4958", "scryfallId": "991f614e-7550-46ca-9091-96167d780c6c", "scryfallIllustrationId": "68f8bc67-d3ce-42e5-bb0c-a0e6b91559dc", "scryfallOracleId": "f9831319-0f61-4b10-b5fb-163e6d5b54c6", "tcgplayerProductId": "21605"}, "isOversized": true, "isStarter": true, "language": "English", "layout": "vanguard", "legalities": {}, "life": "+0", "manaValue": 0.0, "name": "Crovax", "number": "202", "originalText": "Whenever any of your creatures damages any creature or player, gain 1 life.", "originalType": "Vanguard - Character", "printings": ["PVAN"], "promoTypes": ["instore"], "purchaseUrls": {"cardKingdom": "https://mtgjson.com/links/191ffe61c3a29da5", "tcgplayer": "https://mtgjson.com/links/a7e22b2cc6371025"}, "rarity": "rare", "setCode": "PVAN", "subtypes": [], "supertypes": [], "text": "Whenever a creature you control deals damage to a creature or player, you gain 1 life.", "type": "Vanguard", "types": ["Vanguard"], "uuid": "428c6c62-af2c-5165-a0c4-0fe2a0e5ab84"}, {"artist": "Mark Tedin", "artistIds": ["9ee9a9cc-c09e-486f-918b-69f80cbc4188"], "availability": ["paper"], "borderColor": "black", "colorIdentity": [], "colors": [], "convertedManaCost": 0.0, "finishes": ["nonfoil"], "flavorText": "As a ruthless leader for Volrath, Greven *il*-Vec serves his lord by commanding the flying ship *Predator*. Greven has attained his powerful rank through a series of underhanded schemes and assassinations, the majority of which were blessed by Volrath himself.", "foreignData": [], "frameVersion": "1993", "hand": "-1", "hasFoil": false, "hasNonFoil": true, "identifiers": {"cardKingdomId": "122279", "mcmId": "14968", "mtgjsonV4Id": "301b3754-f4b7-5b68-97b7-b9797a48218d", "multiverseId": "4961", "scryfallId": "286ec938-81a2-4626-b340-b7aa0192a4bd", "scryfallIllustrationId": "55d6dc8a-a7cc-4b9a-95f6-e98022b0e692", "scryfallOracleId": "e4d9c50e-d248-43df-bdc3-665cbe5085ea", "tcgplayerProductId": "21610"}, "isOversized": true, "isStarter": true, "language": "English", "layout": "vanguard", "legalities": {}, "life": "+2", "manaValue": 0.0, "name": "Greven il-Vec", "number": "203", "originalText": "Whenever any of your creatures damages any creature, bury the damaged creature.", "originalType": "Vanguard - Character", "printings": ["PVAN"], "promoTypes": ["instore"], "purchaseUrls": {"cardKingdom": "https://mtgjson.com/links/e11dfe36a1114bda", "tcgplayer": "https://mtgjson.com/links/015929ce64561772"}, "rarity": "rare", "setCode": "PVAN", "subtypes": [], "supertypes": [], "text": "Whenever a creature you control deals damage to a creature, destroy the other creature. It can't be regenerated.", "type": "Vanguard", "types": ["Vanguard"], "uuid": "780b5237-f910-579f-9a7c-910f7033c0eb"}, {"artist": "Liz Danforth", "artistIds": ["5a5ee217-9d28-419a-b92a-a2376c7d18b3"], "availability": ["paper"], "borderColor": "black", "colorIdentity": [], "colors": [], "convertedManaCost": 0.0, "finishes": ["nonfoil"], "flavorText": "Educated in Argive and highly knowledgeable in the field of artifacts, this expert navigator of the *Weatherlight* believes that scholarship does not necessarily lead to understanding. Her diligence in pursuing both is her greatest asset.", "foreignData": [], "frameVersion": "1993", "hand": "+1", "hasFoil": false, "hasNonFoil": true, "identifiers": {"cardKingdomId": "122280", "mcmId": "14969", "mtgjsonV4Id": "1871b8b2-80c1-504a-aaa0-f52b1c3d80bc", "multiverseId": "4962", "scryfallId": "079bdaa4-03ab-4eda-bd7f-ca598118fb47", "scryfallIllustrationId": "036630bd-5e80-4b59-af02-3453b2b71828", "scryfallOracleId": "7a416a25-56a6-4ab7-9832-4c3f2ceacc73", "tcgplayerProductId": "21611"}, "isOversized": true, "isStarter": true, "language": "English", "layout": "vanguard", "legalities": {}, "life": "-5", "manaValue": 0.0, "name": "Hanna", "number": "204", "originalText": "Your spells cost o1 less to play.", "originalType": "Vanguard - Character", "printings": ["PVAN"], "promoTypes": ["instore"], "purchaseUrls": {"cardKingdom": "https://mtgjson.com/links/64141abf5b84cfab", "tcgplayer": "https://mtgjson.com/links/8df47d6787d11b31"}, "rarity": "rare", "setCode": "PVAN", "subtypes": [], "supertypes": [], "text": "Spells you cast cost {1} less to cast.", "type": "Vanguard", "types": ["Vanguard"], "uuid": "209f4796-46f2-5194-8862-115f48be8177"}, {"artist": "Rebecca Guay", "artistIds": ["f8f662fa-d597-46a3-afb2-91d6e13243e2"], "availability": ["paper"], "borderColor": "black", "colorIdentity": [], "colors": [], "convertedManaCost": 0.0, "finishes": ["nonfoil"], "flavorText": "Trained in the Samite arts, Orim serves as the healer aboard the *Weatherlight*. She is quick with languages and was educated at the same Argivian university as Hanna. A student by nature, Orim keeps a diary of all her new discoveries—both physical and spiritual—during her travels.", "foreignData": [], "frameVersion": "1993", "hand": "+0", "hasFoil": false, "hasNonFoil": true, "identifiers": {"cardKingdomId": "122287", "mcmId": "14973", "mtgjsonV4Id": "7bf1a887-1545-59e7-ac13-674a692ade72", "multiverseId": "4966", "scryfallId": "b745121a-4da9-46ef-938f-8562df5d1f27", "scryfallIllustrationId": "21749913-485c-4e7f-ab3f-982bf078edad", "scryfallOracleId": "15cdb923-a838-40ff-b2f8-bb00f62bf63d", "tcgplayerProductId": "21619"}, "isOversized": true, "isStarter": true, "language": "English", "layout": "vanguard", "legalities": {}, "life": "+12", "manaValue": 0.0, "name": "Orim", "number": "205", "originalText": "Your creatures can block as though they had flying.", "originalType": "Vanguard - Character", "printings": ["PVAN"], "promoTypes": ["instore"], "purchaseUrls": {"cardKingdom": "https://mtgjson.com/links/bc5cdb6db3ab8653", "tcgplayer": "https://mtgjson.com/links/3ad8d01d6e45b95d"}, "rarity": "rare", "setCode": "PVAN", "subtypes": [], "supertypes": [], "text": "Creatures you control have reach.", "type": "Vanguard", "types": ["Vanguard"], "uuid": "cb55f930-f2a3-567d-88fa-d27f5daab1e5"}, {"artist": "Quinton Hoover", "artistIds": ["1a2db619-92a5-431a-822b-101cdcc5bd5d"], "availability": ["paper"], "borderColor": "black", "colorIdentity": [], "colors": [], "convertedManaCost": 0.0, "finishes": ["nonfoil"], "flavorText": "Once a guardian of Crovax's estate, Selenia was freed from her magical bindings by the wealthy noble. Instead of remaining at his side, the angel chose to venture out into the world. For reasons unknown to Crovax, Selenia now serves the evil Volrath in his home realm of Rath.", "foreignData": [], "frameVersion": "1993", "hand": "+1", "hasFoil": false, "hasNonFoil": true, "identifiers": {"cardKingdomId": "122289", "mcmId": "14975", "mtgjsonV4Id": "29287b0c-6d77-5efe-8a54-ff3b3ed667de", "multiverseId": "4967", "scryfallId": "5e776489-3c5c-42a7-9e2b-2e1f377ebaf4", "scryfallIllustrationId": "c95f9d4f-134f-4afc-99f3-b0958bf22220", "scryfallOracleId": "927aeb03-6491-4c3f-b01b-2a96b0ce6707", "tcgplayerProductId": "21621"}, "isOversized": true, "isStarter": true, "language": "English", "layout": "vanguard", "legalities": {}, "life": "+7", "manaValue": 0.0, "name": "Selenia", "number": "206", "originalText": "Attacking doesn't cause your creatures to tap.", "originalType": "Vanguard - Character", "printings": ["PVAN"], "promoTypes": ["instore"], "purchaseUrls": {"cardKingdom": "https://mtgjson.com/links/db6eb8af8f36f538", "tcgplayer": "https://mtgjson.com/links/ba44cbc5e1d3a840"}, "rarity": "rare", "setCode": "PVAN", "subtypes": [], "supertypes": [], "text": "Creatures you control have vigilance.", "type": "Vanguard", "types": ["Vanguard"], "uuid": "36f115b4-f15e-5d38-b7ed-1558e5899e80"}, {"artist": "Donato Giancola", "artistIds": ["90332db2-aecb-4d79-917b-95cbeb8d0cb6"], "availability": ["paper"], "borderColor": "black", "colorIdentity": [], "colors": [], "convertedManaCost": 0.0, "finishes": ["nonfoil"], "flavorText": "Starke believes in situational ethics—the situation determines the ethics. He's switched sides so often that he has become everyone's ally yet no one's friend. This former merchant of Rath accompanies the *Weatherlight* crew on their journey to his home world.", "foreignData": [], "frameVersion": "1993", "hand": "+0", "hasFoil": false, "hasNonFoil": true, "identifiers": {"cardKingdomId": "122295", "mcmId": "14981", "mtgjsonV4Id": "da6fcef7-9a20-5ebe-bd43-faec04d94b83", "multiverseId": "4970", "scryfallId": "90ecb93b-547f-496f-8a4e-bd5a69f8088f", "scryfallIllustrationId": "b86456ea-bec1-40e2-8638-68bae47d187f", "scryfallOracleId": "0c668c8f-4eaf-46d1-97d5-3b91040ef9bd", "tcgplayerProductId": "21627"}, "isOversized": true, "isStarter": true, "language": "English", "layout": "vanguard", "legalities": {}, "life": "-2", "manaValue": 0.0, "name": "Starke", "number": "207", "originalText": "During your draw phase, you may draw an additional card and then put any card in your hand on the bottom of your library.", "originalType": "Vanguard - Character", "printings": ["PVAN"], "promoTypes": ["instore"], "purchaseUrls": {"cardKingdom": "https://mtgjson.com/links/0206696d004f6579", "tcgplayer": "https://mtgjson.com/links/bfbd58eab3fb6eb0"}, "rarity": "rare", "setCode": "PVAN", "subtypes": [], "supertypes": [], "text": "At the beginning of your draw step, you may draw an additional card. If you do, put a card from your hand on the bottom of your library.", "type": "Vanguard", "types": ["Vanguard"], "uuid": "d3bfaeca-6206-5ed9-8cc4-ad76c65c747d"}, {"artist": "Anson Maddocks", "artistIds": ["634430a7-b5c3-4e4a-b2ac-164e084e47c9"], "availability": ["paper"], "borderColor": "black", "colorIdentity": [], "colors": [], "convertedManaCost": 0.0, "finishes": ["nonfoil"], "flavorText": "The son of Gerrard's surrogate father, Sidar Kondo, Volrath stole Gerrard's Legacy and rose to power selling it off piece by piece. Now, he is an evincar, or agent, of the Lord of the Wastes. Armed with exceptional magical powers, he plots to conquer the entire multiverse.", "foreignData": [], "frameVersion": "1993", "hand": "+2", "hasFoil": false, "hasNonFoil": true, "identifiers": {"cardKingdomId": "122301", "mcmId": "14987", "mtgjsonV4Id": "f8dc9dfb-67ab-565b-a4e7-1fe8534a2844", "multiverseId": "4972", "scryfallId": "ccf13a39-55cb-4e13-8cf1-e99999176429", "scryfallIllustrationId": "d6c9aa34-9102-4c37-96c0-3aec1d0303ef", "scryfallOracleId": "d44cecaf-3b28-4f5c-9bb8-39b218b70a33", "tcgplayerProductId": "21633"}, "isOversized": true, "isStarter": true, "language": "English", "layout": "vanguard", "legalities": {}, "life": "-3", "manaValue": 0.0, "name": "Volrath", "number": "208", "originalText": "Whenever any of your creatures is put into your graveyard from play, you may put that creature on top of your library.", "originalType": "Vanguard - Character", "printings": ["PVAN"], "promoTypes": ["instore"], "purchaseUrls": {"cardKingdom": "https://mtgjson.com/links/4d3094e177230eae", "tcgplayer": "https://mtgjson.com/links/20cdc674610b5dcd"}, "rarity": "rare", "setCode": "PVAN", "subtypes": [], "supertypes": [], "text": "Whenever a creature you control is put into your graveyard from the battlefield, you may put it on top of your library.", "type": "Vanguard", "types": ["Vanguard"], "uuid": "6f4a2cb1-f97d-594c-9a8d-3f7ace8bf360"}, {"artist": "Mark Zug", "artistIds": ["48e2b98c-5467-4671-bd42-4c3746115117"], "availability": ["paper"], "borderColor": "black", "colorIdentity": [], "colors": [], "convertedManaCost": 0.0, "finishes": ["nonfoil"], "flavorText": "Proud, shrewd, and charismatic, Eladamri has a commitment to his people that is absolute. The guerilla war he wages against Volrath has convinced him that the only way to liberate the Skyshroud elves is to lead *all* Rath's refugees to freedom. So be it.", "foreignData": [], "frameVersion": "1993", "hand": "-1", "hasFoil": false, "hasNonFoil": true, "identifiers": {"cardKingdomId": "122275", "mcmId": "14964", "mtgjsonV4Id": "8ff84acb-c925-586d-92ee-c32074445c54", "multiverseId": "12140", "scryfallId": "ab25accd-93d8-4ba4-8254-e5eb26ebce4c", "scryfallIllustrationId": "871201a6-a68b-4c19-8c55-34e6be544e6a", "scryfallOracleId": "d66efdde-c3e1-4195-85cb-2facf58b33f7", "tcgplayerProductId": "21606"}, "isOversized": true, "isStarter": true, "language": "English", "layout": "vanguard", "legalities": {}, "life": "+15", "manaValue": 0.0, "name": "Eladamri", "number": "301", "originalText": "You may redirect to yourself any amount of damage dealt to creatures you control.", "originalType": "Vanguard - Character", "printings": ["PVAN"], "promoTypes": ["instore"], "purchaseUrls": {"cardKingdom": "https://mtgjson.com/links/1fd77c09fbbd188a", "tcgplayer": "https://mtgjson.com/links/3092f5a2faf7b1aa"}, "rarity": "rare", "setCode": "PVAN", "subtypes": [], "supertypes": [], "text": "{0}: The next 1 damage that would be dealt to target creature you control is dealt to you instead.", "type": "Vanguard", "types": ["Vanguard"], "uuid": "b7e016bd-2504-5e9b-8855-0c4f5028955b"}, {"artist": "Adam Rex", "artistIds": ["445bd2fb-4a70-4599-87a4-83cf5979fc56"], "availability": ["paper"], "borderColor": "black", "colorIdentity": [], "colors": [], "convertedManaCost": 0.0, "finishes": ["nonfoil"], "flavorText": "One of the few Soltari who can cross the shadow barrier, Lyna serves as an emissary to the outside world. A quick thinker and convincing speaker, she does whatever she can to lead her people out of the shadows and into substance.", "foreignData": [], "frameVersion": "1993", "hand": "+2", "hasFoil": false, "hasNonFoil": true, "identifiers": {"cardKingdomId": "125604", "mcmId": "14971", "mtgjsonV4Id": "a1f4f4ea-149e-5e36-9d47-c8c042468034", "multiverseId": "12142", "scryfallId": "3309d7fc-6cff-4599-b480-042d3dfa3342", "scryfallIllustrationId": "a31e9902-6e1d-489a-808f-6c4406c19270", "scryfallOracleId": "b193d5df-f649-46db-ab3f-d3a16c60ca21", "tcgplayerProductId": "21613"}, "isOversized": true, "isStarter": true, "language": "English", "layout": "vanguard", "legalities": {}, "life": "-4", "manaValue": 0.0, "name": "Lyna", "number": "302", "originalText": "All creatures you control gain shadow. (Those creatures can block and be blocked only by creatures with shadow.)", "originalType": "Vanguard - Character", "printings": ["PVAN"], "promoTypes": ["instore"], "purchaseUrls": {"cardKingdom": "https://mtgjson.com/links/96e02302bb12df0a", "tcgplayer": "https://mtgjson.com/links/c8608bf80bc5b914"}, "rarity": "rare", "setCode": "PVAN", "subtypes": [], "supertypes": [], "text": "Creatures you control have shadow. (They can block and be blocked only by creatures with shadow.)", "type": "Vanguard", "types": ["Vanguard"], "uuid": "794ec541-ab84-57d9-b0d4-0cca66912dd2"}, {"artist": "Brom", "artistIds": ["bd79c951-2552-45dd-aae7-a333c2b7c1ef"], "availability": ["paper"], "borderColor": "black", "colorIdentity": [], "colors": [], "convertedManaCost": 0.0, "finishes": ["nonfoil"], "flavorText": "In mentoring apprentice mages, the forest spirit Multani teaches each to respect nature while making use of its gifts. Multani taught Gerrard, Mirri, and Rofellos to hone their spellcasting in tandem with more physical disciplines so that both would be improved.", "foreignData": [], "frameVersion": "1993", "hand": "-3", "hasFoil": false, "hasNonFoil": true, "identifiers": {"cardKingdomId": "122285", "mcmId": "14991", "mtgjsonV4Id": "537df4c8-d078-5b3a-bf5b-ce46c6bc18a4", "multiverseId": "12146", "scryfallId": "b1e0bc9f-6a63-4763-a19d-8adbd6434172", "scryfallIllustrationId": "12d9ba0e-2bba-4235-9e12-3c05acc0b378", "scryfallOracleId": "7892f444-3c37-4258-b0ce-66e8337066c7", "tcgplayerProductId": "21617"}, "isOversized": true, "isStarter": true, "language": "English", "layout": "vanguard", "legalities": {}, "life": "-2", "manaValue": 0.0, "name": "Multani", "number": "303", "originalText": "All creatures you control get +X/+0, where X is the number of cards in your hand.", "originalType": "Vanguard - Character", "printings": ["PVAN"], "promoTypes": ["instore"], "purchaseUrls": {"cardKingdom": "https://mtgjson.com/links/2a0b0448499a3a1a", "tcgplayer": "https://mtgjson.com/links/a3553e51752f695b"}, "rarity": "rare", "setCode": "PVAN", "subtypes": [], "supertypes": [], "text": "Creatures you control get +X/+0, where X is the number of cards in your hand.", "type": "Vanguard", "types": ["Vanguard"], "uuid": "3ca1607f-1f1a-59b9-a5c9-fa63cc1ee9f9"}, {"artist": "Dan Frazier", "artistIds": ["059bba56-5feb-42e4-8c2e-e2f1e6ba11f9"], "availability": ["paper"], "borderColor": "black", "colorIdentity": [], "colors": [], "convertedManaCost": 0.0, "finishes": ["nonfoil"], "flavorText": "Known simply by her title, Oracle uses her gift of prophecy to aid her people. She believes Gerrard to be the *Korvecdal*, the one who will unite the people of Rath against Volrath's tyranny. Her only doubt is whether she will be strong enough to guide him to his destiny.", "foreignData": [], "frameVersion": "1993", "hand": "+1", "hasFoil": false, "hasNonFoil": true, "identifiers": {"cardKingdomId": "122286", "mcmId": "14992", "mtgjsonV4Id": "af28665a-92d2-59f4-9705-6f41ff69440e", "multiverseId": "12141", "scryfallId": "af5cc745-7072-4f7f-94eb-c7670cb498ff", "scryfallIllustrationId": "72c31e23-ae8c-4aca-8030-1a4976c42880", "scryfallOracleId": "cfb8a8cc-293a-4b78-8ae8-5bdbfb61f5a6", "tcgplayerProductId": "21618"}, "isOversized": true, "isStarter": true, "language": "English", "layout": "vanguard", "legalities": {}, "life": "+9", "manaValue": 0.0, "name": "Oracle", "number": "304", "originalText": "You may untap any attacking creatures you control and remove them from combat.", "originalType": "Vanguard - Character", "printings": ["PVAN"], "promoTypes": ["instore"], "purchaseUrls": {"cardKingdom": "https://mtgjson.com/links/ce77b67a650d7aca", "tcgplayer": "https://mtgjson.com/links/8b21c46b6361d98d"}, "rarity": "rare", "setCode": "PVAN", "subtypes": [], "supertypes": [], "text": "{0}: Untap target attacking creature you control and remove it from combat.", "type": "Vanguard", "types": ["Vanguard"], "uuid": "1a34d842-288a-5df9-96e9-2f40064e08a4"}, {"artist": "Daren Bader", "artistIds": ["7da1a585-c875-45e4-b322-5da9e8e1f651"], "availability": ["paper"], "borderColor": "black", "colorIdentity": [], "colors": [], "convertedManaCost": 0.0, "finishes": ["nonfoil"], "flavorText": "Gerrard's longtime friend and fellow student under the maro-sorcerer Multani, Rofellos is an excellent warrior and excellent company. Though adept at both magic and swordplay, he's far more comfortable with a flagon in his hand and a good companion at his side.", "foreignData": [], "frameVersion": "1993", "hand": "-2", "hasFoil": false, "hasNonFoil": true, "identifiers": {"cardKingdomId": "122288", "mcmId": "14974", "mtgjsonV4Id": "402b908a-f7cf-554f-8737-b511453ddc5c", "multiverseId": "12145", "scryfallId": "4e485e72-bca0-46d5-b59d-89f17389ec26", "scryfallIllustrationId": "927b7c22-861c-45bd-b964-91949d219504", "scryfallOracleId": "b4856455-f979-4b08-afff-1c421d803211", "tcgplayerProductId": "21620"}, "isOversized": true, "isStarter": true, "language": "English", "layout": "vanguard", "legalities": {}, "life": "+4", "manaValue": 0.0, "name": "Rofellos", "number": "305", "originalText": "Whenever a creature you control is put into a graveyard from play, draw a card.", "originalType": "Vanguard - Character", "printings": ["PVAN"], "promoTypes": ["instore"], "purchaseUrls": {"cardKingdom": "https://mtgjson.com/links/f23ef3917f791158", "tcgplayer": "https://mtgjson.com/links/0c1dc18547c8fe99"}, "rarity": "rare", "setCode": "PVAN", "subtypes": [], "supertypes": [], "text": "Whenever a creature you control dies, draw a card.", "type": "Vanguard", "types": ["Vanguard"], "uuid": "1eaac6b2-36a4-5811-b21b-ac5f4181cc35"}, {"artist": "Kev Walker", "artistIds": ["f366a0ee-a0cd-466d-ba6a-90058c7a31a6"], "availability": ["paper"], "borderColor": "black", "colorIdentity": [], "colors": [], "convertedManaCost": 0.0, "finishes": ["nonfoil"], "flavorText": "Kondo served as guardian to the infant Gerrard and raised him alongside his own son, Vuel. He taught both boys to be strong and to lead, but whereas Gerrard became a champion of honor, Vuel's bitterness led him to become an equally devastating force of malice.", "foreignData": [], "frameVersion": "1993", "hand": "-1", "hasFoil": false, "hasNonFoil": true, "identifiers": {"cardKingdomId": "122291", "mcmId": "14977", "mtgjsonV4Id": "57d8137c-08f7-5823-a438-870dae466ceb", "multiverseId": "12147", "scryfallId": "3835b685-6dc7-4e0d-84a8-71495fa73dcd", "scryfallIllustrationId": "613a6b7a-fbf5-4130-b9b9-21f288eaf71f", "scryfallOracleId": "3aac9724-241f-4a54-806c-a6d3e8cf24ea", "tcgplayerProductId": "21623"}, "isOversized": true, "isStarter": true, "language": "English", "layout": "vanguard", "legalities": {}, "life": "+12", "manaValue": 0.0, "name": "Sidar Kondo", "number": "306", "originalText": "o3: Target creature gets +3/+3 until end of turn.", "originalType": "Vanguard - Character", "printings": ["PVAN"], "promoTypes": ["instore"], "purchaseUrls": {"cardKingdom": "https://mtgjson.com/links/4d7066d991cbf155", "tcgplayer": "https://mtgjson.com/links/934d45df4ef93cf9"}, "rarity": "rare", "setCode": "PVAN", "subtypes": [], "supertypes": [], "text": "{3}: Target creature gets +3/+3 until end of turn.", "type": "Vanguard", "types": ["Vanguard"], "uuid": "01f418f2-3331-570b-a4b5-586742ddd6bf"}, {"artist": "rk post", "artistIds": ["81ae0f3f-1d88-4125-9aeb-b15b4c734c82"], "availability": ["paper"], "borderColor": "black", "colorIdentity": [], "colors": [], "convertedManaCost": 0.0, "finishes": ["nonfoil"], "flavorText": "Though long held captive beneath Volrath's stronghold, the sliver queen is actually freer than most of Rath's denizens. Her maternal instincts always take precedence—even when they conflict with the evincar's agenda—and through her numerous litters, she ranges across all of Rath.", "foreignData": [], "frameVersion": "1993", "hand": "+0", "hasFoil": false, "hasNonFoil": true, "identifiers": {"cardKingdomId": "122293", "mcmId": "14979", "mtgjsonV4Id": "070a5520-4d28-576c-affe-0842362447f2", "multiverseId": "12143", "scryfallId": "90e5cab2-b540-4c04-9fb1-be193888f605", "scryfallIllustrationId": "4daeabd3-e8fb-48ea-af22-ea922d53fb2a", "scryfallOracleId": "2c3b4dfb-8e5d-497f-b681-a86192314edc", "tcgplayerProductId": "21625"}, "isOversized": true, "isStarter": true, "language": "English", "layout": "vanguard", "legalities": {}, "life": "+8", "manaValue": 0.0, "name": "Sliver Queen, Brood Mother", "number": "307", "originalText": "o3: Put a Sliver token into play. Treat this token as a 1/1 colorless creature.", "originalType": "Vanguard - Character", "printings": ["PVAN"], "promoTypes": ["instore"], "purchaseUrls": {"cardKingdom": "https://mtgjson.com/links/83b997e22d209d6d", "tcgplayer": "https://mtgjson.com/links/1e5ca3829b909c08"}, "rarity": "rare", "setCode": "PVAN", "subtypes": [], "supertypes": [], "text": "{3}: Create a 1/1 colorless Sliver creature token.", "type": "Vanguard", "types": ["Vanguard"], "uuid": "21107d58-e8cd-50af-95da-d3b82521a34a"}, {"artist": "DiTerlizzi", "artistIds": ["ed44dce4-30cf-4c2c-b2e1-a19ba2295690"], "availability": ["paper"], "borderColor": "black", "colorIdentity": [], "colors": [], "convertedManaCost": 0.0, "finishes": ["nonfoil"], "flavorText": "Takara banishes the shadow of her father's ignoble reputation through the dedication, plain speaking, and swift action of a warrior. By refusing Starke's path of self-interest and opportunism, she has learned what he never will know: the value of sacrifice for a worthy cause.", "foreignData": [], "frameVersion": "1993", "hand": "+3", "hasFoil": false, "hasNonFoil": true, "identifiers": {"cardKingdomId": "122297", "mcmId": "14983", "mtgjsonV4Id": "44ba342a-31fd-5481-9290-9906f5ab8b1f", "multiverseId": "12144", "scryfallId": "763993dc-edd5-4c1e-a18f-a98cc3ca401d", "scryfallIllustrationId": "e698e528-8daa-49fa-9fac-a5afdf0a17db", "scryfallOracleId": "426832e8-c95a-4666-91e8-9df8dc2ef1b9", "tcgplayerProductId": "21629"}, "isOversized": true, "isStarter": true, "language": "English", "layout": "vanguard", "legalities": {}, "life": "-8", "manaValue": 0.0, "name": "Takara", "number": "308", "originalText": "Sacrifice a creature: Takara deals 1 damage to target creature or player.", "originalType": "Vanguard - Character", "printings": ["PVAN"], "promoTypes": ["instore"], "purchaseUrls": {"cardKingdom": "https://mtgjson.com/links/d699d7de40da1f70", "tcgplayer": "https://mtgjson.com/links/7d436199fde06c28"}, "rarity": "rare", "setCode": "PVAN", "subtypes": [], "supertypes": [], "text": "Sacrifice a creature: Takara deals 1 damage to any target.", "type": "Vanguard", "types": ["Vanguard"], "uuid": "07fca5bc-4099-5cf4-943c-644fbc075ea6"}, {"artist": "Ron Spencer", "artistIds": ["dab52c11-0564-4207-a4a1-c1735c946a65"], "availability": ["paper"], "borderColor": "black", "colorIdentity": [], "colors": [], "convertedManaCost": 0.0, "finishes": ["nonfoil"], "flavorText": "Ashnod served as Mishra's confidante while he led Fallaji weapons development before the Brothers' War. Whereas Mishra works in metals and stone, however, Ashnod works in living flesh. She sees all living things as prototype machines; her \"improvements\" to them make her as feared by allies as by enemies.", "foreignData": [], "frameVersion": "1993", "hand": "+1", "hasFoil": false, "hasNonFoil": true, "identifiers": {"cardKingdomId": "122272", "mcmId": "14961", "mtgjsonV4Id": "33fa5013-f0a9-564c-a9f7-48447ead35b5", "multiverseId": "12329", "scryfallId": "046f2416-c206-4344-aa39-ec42585e0d64", "scryfallIllustrationId": "1dd8e778-4060-45a6-aa00-ed0e54479a55", "scryfallOracleId": "094f6b9c-a3f0-4bb4-9973-b234143f449d", "tcgplayerProductId": "21603"}, "isOversized": true, "isStarter": true, "language": "English", "layout": "vanguard", "legalities": {}, "life": "-8", "manaValue": 0.0, "name": "Ashnod", "number": "401", "originalText": "Whenever a creature successfully damages you, destroy it.", "originalType": "Vanguard - Character", "printings": ["PVAN"], "promoTypes": ["instore"], "purchaseUrls": {"cardKingdom": "https://mtgjson.com/links/a57a4555584906ed", "tcgplayer": "https://mtgjson.com/links/9a14f9f0dd4259c1"}, "rarity": "rare", "setCode": "PVAN", "subtypes": [], "supertypes": [], "text": "Whenever a creature deals damage to you, destroy it.", "type": "Vanguard", "types": ["Vanguard"], "uuid": "eace690c-91c5-5da5-8dcf-15807a09a1df"}, {"artist": "Pete Venters", "artistIds": ["d54c4a1a-c0c5-4834-84db-125d341f3ad8"], "availability": ["paper"], "borderColor": "black", "colorIdentity": [], "colors": [], "convertedManaCost": 0.0, "finishes": ["nonfoil"], "flavorText": "Through ruthlessness and raw ambition, Gix rose through the Phyrexian regime to the exalted rank of praetor. Even while overseeing many of Phyrexia's most important undertakings, Gix continues his own quest for supremacy . . . for in Phyrexia, the weak become fodder for the strong.", "foreignData": [], "frameVersion": "1993", "hand": "-2", "hasFoil": false, "hasNonFoil": true, "identifiers": {"cardKingdomId": "122278", "mcmId": "14967", "mtgjsonV4Id": "438ebb5d-e8ba-542a-8837-1362191f48c8", "multiverseId": "12330", "scryfallId": "87c1234b-3834-4bba-bef2-05707bb1e8e2", "scryfallIllustrationId": "7e58a74a-7017-4fa6-9347-32fe6623fe0b", "scryfallOracleId": "2bf0d278-4678-4c6b-b447-d4b025f9b27a", "tcgplayerProductId": "21609"}, "isOversized": true, "isStarter": true, "language": "English", "layout": "vanguard", "legalities": {}, "life": "+18", "manaValue": 0.0, "name": "Gix", "number": "402", "originalText": "o3: Return target creature card from your graveyard to your hand.", "originalType": "Vanguard - Character", "printings": ["PVAN"], "promoTypes": ["instore"], "purchaseUrls": {"cardKingdom": "https://mtgjson.com/links/ff8cb21a3a079928", "tcgplayer": "https://mtgjson.com/links/ad12eabb171b535b"}, "rarity": "rare", "setCode": "PVAN", "subtypes": [], "supertypes": [], "text": "{3}: Return target creature card from your graveyard to your hand.", "type": "Vanguard", "types": ["Vanguard"], "uuid": "d6e2085b-182d-5279-a2e5-4f7086f74960"}, {"artist": "Anson Maddocks", "artistIds": ["634430a7-b5c3-4e4a-b2ac-164e084e47c9"], "availability": ["paper"], "borderColor": "black", "colorIdentity": [], "colors": [], "convertedManaCost": 0.0, "finishes": ["nonfoil"], "flavorText": "Both complement and antithesis to his older brother Urza, Mishra also mastered the intricacies of artifice. It was Mishra's strength that first gave rise to the massive Phyrexian war engines on Dominaria, and it was his weakness that pushed him, Urza, and Dominaria itself to the point of annihilation.", "foreignData": [], "frameVersion": "1993", "hand": "+0", "hasFoil": false, "hasNonFoil": true, "identifiers": {"cardKingdomId": "122284", "mcmId": "14990", "mtgjsonV4Id": "c69668b7-4668-556b-8e98-be3f286fe8c1", "multiverseId": "12327", "scryfallId": "05c8de73-fd56-49fa-aa17-d04ff1847f8d", "scryfallIllustrationId": "0b2980cf-c3db-4bbc-beae-6e88af1e45b5", "scryfallOracleId": "5ad380b9-18e0-4613-859d-8a378c4dfebd", "tcgplayerProductId": "21616"}, "isOversized": true, "isStarter": true, "language": "English", "layout": "vanguard", "legalities": {}, "life": "-3", "manaValue": 0.0, "name": "Mishra", "number": "403", "originalText": "Double all damage dealt by creatures you control.", "originalType": "Vanguard - Character", "printings": ["PVAN"], "promoTypes": ["instore"], "purchaseUrls": {"cardKingdom": "https://mtgjson.com/links/2815c022d3616f16", "tcgplayer": "https://mtgjson.com/links/7b6a4c2aaf7859dd"}, "rarity": "rare", "setCode": "PVAN", "subtypes": [], "supertypes": [], "text": "If a creature you control would deal damage, it deals double that damage instead.", "type": "Vanguard", "types": ["Vanguard"], "uuid": "9e92b468-a24d-572d-8330-42d6f53371c9"}, {"artist": "Matthew D. Wilson", "artistIds": ["4fbafd13-0cf9-42a1-870d-7f8ea276f140"], "availability": ["paper"], "borderColor": "black", "colorIdentity": [], "colors": [], "convertedManaCost": 0.0, "finishes": ["nonfoil"], "flavorText": "Named for a benevolent goddess at birth, Serra fulfilled the prophecy of that goddess's coming. As a planeswalker, she embodies white mana and helps whole civilizations develop while both directly and indirectly inspiring countless individuals to be steadfast and strong in the service of light.", "foreignData": [], "frameVersion": "1993", "hand": "+1", "hasFoil": false, "hasNonFoil": true, "identifiers": {"cardKingdomId": "122290", "mcmId": "14976", "mtgjsonV4Id": "b163721e-1c21-5ae8-9516-f2ee41a925cd", "multiverseId": "12332", "scryfallId": "cd55ffd2-cb98-4c66-a79d-0da5e927360c", "scryfallIllustrationId": "399638f7-01cc-43a7-bfa9-88d9cc5a44b6", "scryfallOracleId": "afb96e29-17e2-4621-b563-8d06cb137e11", "tcgplayerProductId": "21622"}, "isOversized": true, "isStarter": true, "language": "English", "layout": "vanguard", "legalities": {}, "life": "+1", "manaValue": 0.0, "name": "Serra", "number": "404", "originalText": "All creatures you control get +0/+2.", "originalType": "Vanguard - Character", "printings": ["PVAN"], "promoTypes": ["instore"], "purchaseUrls": {"cardKingdom": "https://mtgjson.com/links/e15ec2472d319131", "tcgplayer": "https://mtgjson.com/links/e4c506615d0b2cd8"}, "rarity": "rare", "setCode": "PVAN", "subtypes": [], "supertypes": [], "text": "Creatures you control get +0/+2.", "type": "Vanguard", "types": ["Vanguard"], "uuid": "ef4f8fb9-3e8f-51d5-81a7-d8f805cec6ee"}, {"artist": "Stephen Daniele", "artistIds": ["a267f9bb-072b-410a-a704-50f4d19020d8"], "availability": ["paper"], "borderColor": "black", "colorIdentity": [], "colors": [], "convertedManaCost": 0.0, "finishes": ["nonfoil"], "flavorText": "Tawnos brings a childlike wonder and an inherent skill to Urza's studio and bridges the wizardry of the workshop with the grandeur of the royal court. His speed and flexibility quickly earned him promotion from apprentice to master artificer.", "foreignData": [], "frameVersion": "1993", "hand": "+3", "hasFoil": false, "hasNonFoil": true, "identifiers": {"cardKingdomId": "122298", "mcmId": "14984", "mtgjsonV4Id": "6b637d0d-8c8c-5879-8eb5-c51427bbf1bd", "multiverseId": "12328", "scryfallId": "5f92bfac-c4ad-4155-855e-cf330f2c8145", "scryfallIllustrationId": "7a9ca792-1dc2-4b25-ad70-0e19b469c75c", "scryfallOracleId": "4fea0034-ff61-4afd-bf54-b02821efdc86", "tcgplayerProductId": "21630"}, "isOversized": true, "isStarter": true, "language": "English", "layout": "vanguard", "legalities": {}, "life": "-4", "manaValue": 0.0, "name": "Tawnos", "number": "405", "originalText": "You may play artifact, creature, and enchantment spells any time you could play an instant.", "originalType": "Vanguard - Character", "printings": ["PVAN"], "promoTypes": ["instore"], "purchaseUrls": {"cardKingdom": "https://mtgjson.com/links/968f7752df16299c", "tcgplayer": "https://mtgjson.com/links/a8474e86e8379f79"}, "rarity": "rare", "setCode": "PVAN", "subtypes": [], "supertypes": [], "text": "You may cast artifact, creature, and enchantment spells as though they had flash.", "type": "Vanguard", "types": ["Vanguard"], "uuid": "b306d05f-bc1b-5421-a3c0-20239834f126"}, {"artist": "Rebecca Guay", "artistIds": ["f8f662fa-d597-46a3-afb2-91d6e13243e2"], "availability": ["paper"], "borderColor": "black", "colorIdentity": [], "colors": [], "convertedManaCost": 0.0, "finishes": ["nonfoil"], "flavorText": "Voice of the Argoth forest, defender of its creatures, and enforcer of its laws, Titania is literally an aspect of the forest itself. Her power and her very existence are linked to the land: when the forest is healthy, Titania is ascendant. When Argoth suffers, Titania also bleeds.", "foreignData": [], "frameVersion": "1993", "hand": "+2", "hasFoil": false, "hasNonFoil": true, "identifiers": {"cardKingdomId": "122299", "mcmId": "14985", "mtgjsonV4Id": "ab6f6f54-6a55-5722-8db5-81115604b159", "multiverseId": "12333", "scryfallId": "3b7de05c-e5aa-421a-bf16-b16fef8fc6ef", "scryfallIllustrationId": "95702f00-b847-486c-89f2-4fea4506cab6", "scryfallOracleId": "024cfe2e-d3c0-4341-bb70-67664ed1595d", "tcgplayerProductId": "21631"}, "isOversized": true, "isStarter": true, "language": "English", "layout": "vanguard", "legalities": {}, "life": "-5", "manaValue": 0.0, "name": "Titania", "number": "406", "originalText": "You may play an additional land each of your turns.", "originalType": "Vanguard - Character", "printings": ["PVAN"], "promoTypes": ["instore"], "purchaseUrls": {"cardKingdom": "https://mtgjson.com/links/9ef6068a03333ad3", "tcgplayer": "https://mtgjson.com/links/6732dcb18ed011fc"}, "rarity": "rare", "setCode": "PVAN", "subtypes": [], "supertypes": [], "text": "You may play an additional land on each of your turns.", "type": "Vanguard", "types": ["Vanguard"], "uuid": "abb26080-1a10-5584-80a0-5f5b9e74e101"}, {"artist": "Mark Tedin", "artistIds": ["9ee9a9cc-c09e-486f-918b-69f80cbc4188"], "availability": ["paper"], "borderColor": "black", "colorIdentity": [], "colors": [], "convertedManaCost": 0.0, "finishes": ["nonfoil"], "flavorText": "An artificer of unparalleled renown, Urza was a powerful cipher even before he was able to planeswalk. Seeing the world as a large, integrated machine is his greatest strength and weakness, enabling him to solve almost any problem but blinding him to his solutions' effects on others.", "foreignData": [], "frameVersion": "1993", "hand": "-1", "hasFoil": false, "hasNonFoil": true, "identifiers": {"cardKingdomId": "122300", "mcmId": "14986", "mtgjsonV4Id": "48430993-39db-5db5-a588-380eb50dc6f0", "multiverseId": "12326", "scryfallId": "abcef9d1-7f5d-4fe8-b17d-f97c1b30f4a7", "scryfallIllustrationId": "07cb1dca-4076-4309-94a7-b2f8e88e6bc1", "scryfallOracleId": "ed580415-6957-4f29-87d3-7adcabefecb6", "tcgplayerProductId": "21632"}, "isOversized": true, "isStarter": true, "language": "English", "layout": "vanguard", "legalities": {}, "life": "+10", "manaValue": 0.0, "name": "Urza", "number": "407", "originalText": "o3: Urza deals 1 damage to target creature or player.", "originalType": "Vanguard - Character", "printings": ["PVAN"], "promoTypes": ["instore"], "purchaseUrls": {"cardKingdom": "https://mtgjson.com/links/c2bfcbcaaf03aa81", "tcgplayer": "https://mtgjson.com/links/da4a99052851a090"}, "rarity": "rare", "setCode": "PVAN", "subtypes": [], "supertypes": [], "text": "{3}: Urza deals 1 damage to any target.", "type": "Vanguard", "types": ["Vanguard"], "uuid": "0ae9c76f-5a3a-5174-ae64-13ee2b89af01"}, {"artist": "Heather Hudson", "artistIds": ["4441fe52-9e41-40c1-9b74-8510426279ab"], "availability": ["paper"], "borderColor": "black", "colorIdentity": [], "colors": [], "convertedManaCost": 0.0, "finishes": ["nonfoil"], "flavorText": "A Phyrexian \"sleeper agent,\" Xantcha has developed an inviolate sense of self. This aberration earned her a death sentence, but she was rescued by Urza and joined his crusade. Her Phyrexian credo of \"Waste not, want not\" has helped Urza more than even he comprehends.", "foreignData": [], "frameVersion": "1993", "hand": "+1", "hasFoil": false, "hasNonFoil": true, "identifiers": {"cardKingdomId": "122302", "mcmId": "14988", "mtgjsonV4Id": "bb615685-d2ac-592a-910c-781c16f8ba9f", "multiverseId": "12331", "scryfallId": "f0c696d1-0b5d-4102-ad93-46cb8e1e5d91", "scryfallIllustrationId": "2991b279-0c3f-40fe-9159-308e488d2d84", "scryfallOracleId": "a6ef1dd1-2b90-486d-a83b-5a0633b73395", "tcgplayerProductId": "21634"}, "isOversized": true, "isStarter": true, "language": "English", "layout": "vanguard", "legalities": {}, "life": "+3", "manaValue": 0.0, "name": "Xantcha", "number": "408", "originalText": "Sacrifice a permanent: Regenerate target creature.", "originalType": "Vanguard - Character", "printings": ["PVAN"], "promoTypes": ["instore"], "purchaseUrls": {"cardKingdom": "https://mtgjson.com/links/e2bbcf3ad0330de2", "tcgplayer": "https://mtgjson.com/links/daa88acb3a6ad5cb"}, "rarity": "rare", "setCode": "PVAN", "subtypes": [], "supertypes": [], "text": "Sacrifice a permanent: Regenerate target creature.", "type": "Vanguard", "types": ["Vanguard"], "uuid": "6bdb5f14-be26-5885-afb3-a2d0f252408f"}], "code": "PVAN", "isFoilOnly": false, "isNonFoilOnly": true, "isOnlineOnly": false, "keyruneCode": "VAN", "languages": ["English"], "name": "Vanguard Series", "releaseDate": "1997-05-01", "sealedProduct": [{"identifiers": {"cardKingdomId": "241685"}, "name": "Vanguard", "purchaseUrls": {"cardKingdom": "https://mtgjson.com/links/ab8f9b6600f5b33a"}, "uuid": "b7786665-f3d0-52a1-968c-da81899f5711"}], "tcgplayerGroupId": 119, "tokens": [], "totalSetSize": 32, "translations": {}, "type": "vanguard"}}