{"meta": {"date": "2023-08-19", "version": "5.2.1+20230819"}, "data": {"baseSetSize": 3, "cards": [{"artist": "Bud Cook", "artistIds": ["4c3be2d4-73e6-4005-b897-8ac65b9c8660"], "availability": ["paper"], "borderColor": "black", "colorIdentity": ["W"], "colors": ["W"], "convertedManaCost": 2.0, "edhrecRank": 9468, "finishes": ["foil"], "flavorText": "In the memories of those they lost lies the strength needed to defend their city.", "foreignData": [], "frameVersion": "2003", "hasFoil": true, "hasNonFoil": false, "identifiers": {"cardKingdomFoilId": "186784", "cardsphereId": "47014", "mcmId": "253191", "mtgjsonV4Id": "ca881a1b-199a-59f5-9718-faea20e1e3b2", "scryfallId": "da46c734-a37c-4eb3-bfa9-10cee00ab1d0", "scryfallIllustrationId": "4fe31ef7-21e9-4e8d-a88d-0c01f43cadee", "scryfallOracleId": "ff45677d-977e-4ef5-859c-52393ed71a6c", "tcgplayerProductId": "71271"}, "isPromo": true, "isReprint": true, "isStarter": true, "keywords": ["Fateful hour"], "language": "English", "layout": "normal", "legalities": {"commander": "Legal", "duel": "Legal", "legacy": "Legal", "modern": "Legal", "oathbreaker": "Legal", "pauper": "Legal", "paupercommander": "Legal", "penny": "Legal", "vintage": "Legal"}, "manaCost": "{1}{W}", "manaValue": 2.0, "name": "Gather the Townsfolk", "number": "79", "printings": ["DDQ", "DKA", "PRM", "PW12"], "promoTypes": ["wizardsplaynetwork"], "purchaseUrls": {"cardKingdomFoil": "https://mtgjson.com/links/8be307036910f2ed", "tcgplayer": "https://mtgjson.com/links/1bf552fb6eda4ef5"}, "rarity": "rare", "setCode": "PW12", "subtypes": [], "supertypes": [], "text": "Create two 1/1 white Human creature tokens.\nFateful hour — If you have 5 or less life, create five of those tokens instead.", "type": "Sorcery", "types": ["Sorcery"], "uuid": "ae21b8d6-6a01-5e00-b03c-4cc8cc173868", "watermark": "wotc"}, {"artist": "Dave Kendall", "artistIds": ["8a5540a8-18c9-4fa9-802c-59d6866114d5"], "availability": ["paper"], "borderColor": "black", "colorIdentity": ["B"], "colors": ["B"], "convertedManaCost": 5.0, "edhrecRank": 6131, "edhrecSaltiness": 0.25, "finishes": ["foil"], "flavorText": "\"May you drink until you drown but never be sated.\"\n—Odila, witch of Morkrut", "foreignData": [], "frameVersion": "2003", "hasFoil": true, "hasNonFoil": false, "identifiers": {"cardKingdomFoilId": "194366", "cardsphereId": "47006", "mcmId": "253189", "mtgjsonV4Id": "efdbe923-5227-5c96-b2bc-371440ed33a3", "scryfallId": "2fa2b4ac-a62f-45c6-88fb-6ad44c6af28c", "scryfallIllustrationId": "1aaba396-e455-40ac-8cd5-c09df5ea839e", "scryfallOracleId": "ffe3ad06-50d8-4ca3-a1f7-aa31dc2c486e", "tcgplayerProductId": "71288"}, "isPromo": true, "isReprint": true, "isStarter": true, "keywords": ["Enchant"], "language": "English", "layout": "normal", "legalities": {"commander": "Legal", "duel": "Legal", "legacy": "Legal", "modern": "Legal", "oathbreaker": "Legal", "penny": "Legal", "vintage": "Legal"}, "manaCost": "{4}{B}", "manaValue": 5.0, "name": "Curse of Thirst", "number": "81", "printings": ["DKA", "PRM", "PW12"], "promoTypes": ["wizardsplaynetwork"], "purchaseUrls": {"cardKingdomFoil": "https://mtgjson.com/links/42125e38961be362", "tcgplayer": "https://mtgjson.com/links/c1a1aa5cdc021b26"}, "rarity": "rare", "rulings": [{"date": "2011-01-22", "text": "The number of Curses attached to the player is counted when the ability resolves."}], "setCode": "PW12", "subtypes": ["Aura", "Curse"], "supertypes": [], "text": "Enchant player\nAt the beginning of enchanted player's upkeep, Curse of Thirst deals damage to that player equal to the number of Curses attached to them.", "type": "Enchantment — Aura Curse", "types": ["Enchantment"], "uuid": "db9b31f8-e602-5930-9b52-dee275646f80", "watermark": "wotc"}, {"artist": "Steve Prescott", "artistIds": ["a1139fb8-41f5-4a9e-9a74-f662e1a23b35"], "availability": ["paper"], "borderColor": "black", "colorIdentity": ["R"], "colors": ["R"], "convertedManaCost": 5.0, "edhrecRank": 21125, "finishes": ["foil"], "flavorText": "\"Do not speak of this to the elders. They look unfavorably upon my indulgences.\"", "foreignData": [], "frameVersion": "2003", "hasFoil": true, "hasNonFoil": false, "identifiers": {"cardKingdomFoilId": "190609", "cardsphereId": "47030", "mcmId": "253190", "mtgjsonV4Id": "8b47d77d-56d0-536e-98a1-b4fae3bf8bcc", "scryfallId": "41422a18-1c35-4dac-b159-a323ed5736de", "scryfallIllustrationId": "596907ec-7276-4f97-8714-5d30cac3b25d", "scryfallOracleId": "c804157e-2911-4973-83bf-f5befc09065d", "tcgplayerProductId": "71272"}, "isPromo": true, "isReprint": true, "isStarter": true, "keywords": ["Undying"], "language": "English", "layout": "normal", "legalities": {"commander": "Legal", "duel": "Legal", "legacy": "Legal", "modern": "Legal", "oathbreaker": "Legal", "pauper": "Legal", "paupercommander": "Legal", "penny": "Legal", "vintage": "Legal"}, "manaCost": "{4}{R}", "manaValue": 5.0, "name": "Nearheath Stalker", "number": "82", "power": "4", "printings": ["DKA", "PRM", "PW12"], "promoTypes": ["wizardsplaynetwork"], "purchaseUrls": {"cardKingdomFoil": "https://mtgjson.com/links/5c7faeb891c51be6", "tcgplayer": "https://mtgjson.com/links/43341fcb92a5fcff"}, "rarity": "rare", "setCode": "PW12", "subtypes": ["Vampire", "Rogue"], "supertypes": [], "text": "Undying (When this creature dies, if it had no +1/+1 counters on it, return it to the battlefield under its owner's control with a +1/+1 counter on it.)", "toughness": "1", "type": "Creature — Vampire Rogue", "types": ["Creature"], "uuid": "69e424fd-7234-5dd5-9913-bd7e2058a4fe", "watermark": "wotc"}], "code": "PW12", "isFoilOnly": true, "isOnlineOnly": false, "keyruneCode": "PMEI", "languages": ["English"], "name": "Wizards Play Network 2012", "releaseDate": "2012-01-01", "tokens": [], "totalSetSize": 3, "translations": {}, "type": "promo"}}