{"meta": {"date": "2023-08-19", "version": "5.2.1+20230819"}, "data": {"baseSetSize": 6, "cards": [{"artist": "Zezhou Chen", "artistIds": ["810677e5-a502-4c03-b726-78cd808a75d4"], "availability": ["paper"], "borderColor": "black", "colorIdentity": ["U"], "colors": ["U"], "convertedManaCost": 1.0, "edhrecRank": 639, "edhrecSaltiness": 0.08, "finishes": ["nonfoil"], "foreignData": [], "frameVersion": "2015", "hasFoil": false, "hasNonFoil": true, "identifiers": {"cardKingdomId": "257440", "cardsphereId": "85126", "mtgjsonV4Id": "b1102811-70ac-55b9-9566-765c5d1f776b", "scryfallId": "b0e9b20a-fcc7-4506-995e-be80199c1202", "scryfallIllustrationId": "ae8017d0-f56b-43a9-ab21-8ebc1f51d2c9", "scryfallOracleId": "4c9bcba6-87b5-4fb3-97ee-6fe5b739337d", "tcgplayerProductId": "265422"}, "isPromo": true, "isReprint": true, "isStarter": true, "keywords": ["Surveil"], "language": "English", "layout": "normal", "legalities": {"alchemy": "Legal", "brawl": "Legal", "commander": "Legal", "duel": "Legal", "explorer": "Legal", "future": "Legal", "gladiator": "Legal", "historic": "Legal", "historicbrawl": "Legal", "legacy": "Legal", "modern": "Legal", "oathbreaker": "Legal", "pauper": "Legal", "paupercommander": "Legal", "pioneer": "Legal", "standard": "Legal", "vintage": "Legal"}, "manaCost": "{U}", "manaValue": 1.0, "name": "Consider", "number": "1", "printings": ["DBL", "LTC", "MID", "PW22"], "promoTypes": ["wizardsplaynetwork", "gameday"], "purchaseUrls": {"cardKingdom": "https://mtgjson.com/links/df260bc60fb417fc", "tcgplayer": "https://mtgjson.com/links/ff8edb5869cd0b2b"}, "rarity": "rare", "securityStamp": "oval", "setCode": "PW22", "subtypes": [], "supertypes": [], "text": "Surveil 1. (Look at the top card of your library. You may put that card into your graveyard.)\nDraw a card.", "type": "Instant", "types": ["Instant"], "uuid": "86190745-49ff-5676-88c4-2b4bdf66fb16"}, {"artist": "Eric Deschamps", "artistIds": ["37970e22-9cee-44c1-af44-5ee27cf26b76"], "availability": ["paper"], "borderColor": "black", "colorIdentity": ["W"], "colors": ["W"], "convertedManaCost": 2.0, "edhrecRank": 2548, "edhrecSaltiness": 0.12, "finishes": ["foil"], "foreignData": [], "frameVersion": "2015", "hasFoil": true, "hasNonFoil": false, "identifiers": {"cardKingdomFoilId": "257441", "cardsphereId": "85127", "mtgjsonV4Id": "e090d4fb-fff3-55b0-a2c0-46727cf926e4", "scryfallId": "83e3dff5-4ffc-49e3-9b40-b9c6e1c864ef", "scryfallIllustrationId": "e77ed948-359a-4e16-a8ee-f934e80ac80c", "scryfallOracleId": "35bba442-1aec-4d33-b502-4c580d61644b", "tcgplayerProductId": "267015"}, "isPromo": true, "isReprint": true, "isStarter": true, "keywords": ["Investigate"], "language": "English", "layout": "normal", "legalities": {"alchemy": "Legal", "brawl": "Legal", "commander": "Legal", "duel": "Legal", "explorer": "Legal", "future": "Legal", "gladiator": "Legal", "historic": "Legal", "historicbrawl": "Legal", "legacy": "Legal", "modern": "Legal", "oathbreaker": "Legal", "pioneer": "Legal", "standard": "Legal", "vintage": "Legal"}, "manaCost": "{1}{W}", "manaValue": 2.0, "name": "Fateful Absence", "number": "2", "printings": ["DBL", "MID", "PMID", "PRM", "PW22"], "promoTypes": ["wizardsplaynetwork", "gameday"], "purchaseUrls": {"cardKingdomFoil": "https://mtgjson.com/links/345c7e749851a7a8", "tcgplayer": "https://mtgjson.com/links/fcd55d265ff42004"}, "rarity": "rare", "securityStamp": "oval", "setCode": "PW22", "subtypes": [], "supertypes": [], "text": "Destroy target creature or planeswalker. Its controller investigates. (Create a Clue token. It's an artifact with \"{2}, Sacrifice this artifact: Draw a card.\")", "type": "Instant", "types": ["Instant"], "uuid": "9be47314-b032-5c36-a0b4-459f94c269a8"}, {"artist": "Victor Adame Minguez", "artistIds": ["bd8f7368-5b10-4554-b6b8-d052c6aca89f"], "availability": ["paper"], "borderColor": "black", "colorIdentity": ["R"], "colors": ["R"], "convertedManaCost": 4.0, "edhrecRank": 1038, "edhrecSaltiness": 0.16, "finishes": ["foil"], "foreignData": [], "frameEffects": ["legendary"], "frameVersion": "2015", "hasFoil": true, "hasNonFoil": false, "identifiers": {"cardKingdomFoilId": "257442", "cardsphereId": "85128", "mtgjsonV4Id": "c66e8716-2cd5-58b4-a1ca-f2196c4f4758", "scryfallId": "b3c5734c-b32f-419e-82e6-f8d45b7201b7", "scryfallIllustrationId": "8e74fa13-8d2e-44f5-9096-7d506a7d7172", "scryfallOracleId": "535f405d-94df-4f45-aedc-b331103720b7", "tcgplayerProductId": "267014"}, "isPromo": true, "isReprint": true, "isStarter": true, "keywords": ["Flying", "Trample", "Treasure"], "language": "English", "layout": "normal", "leadershipSkills": {"brawl": false, "commander": true, "oathbreaker": false}, "legalities": {"alchemy": "Legal", "brawl": "Legal", "commander": "Legal", "duel": "Legal", "explorer": "Legal", "future": "Legal", "gladiator": "Legal", "historic": "Legal", "historicbrawl": "Legal", "legacy": "Legal", "modern": "Legal", "oathbreaker": "Legal", "pioneer": "Legal", "standard": "Legal", "vintage": "Legal"}, "manaCost": "{2}{R}{R}", "manaValue": 4.0, "name": "Atsushi, the Blazing Sky", "number": "3", "power": "4", "printings": ["NEO", "PNEO", "PRM", "PW22"], "promoTypes": ["wizardsplaynetwork", "gameday"], "purchaseUrls": {"cardKingdomFoil": "https://mtgjson.com/links/8b1ac54b9d8b2aea", "tcgplayer": "https://mtgjson.com/links/ed3f96ef7771c74d"}, "rarity": "mythic", "securityStamp": "oval", "setCode": "PW22", "subtypes": ["Dragon", "Spirit"], "supertypes": ["Legendary"], "text": "Flying, trample\nWhen Atsushi, the Blazing Sky dies, choose one —\n• Exile the top two cards of your library. Until the end of your next turn, you may play those cards.\n• Create three Treasure tokens.", "toughness": "4", "type": "Legendary Creature — Dragon Spirit", "types": ["Creature"], "uuid": "75017c97-2ee8-59ec-8dbd-9e5d8efcb1b6"}, {"artist": "Svetlin Velinov", "artistIds": ["ffd063ae-c097-4f26-b2e6-b1e2137708bc"], "availability": ["paper"], "borderColor": "black", "colorIdentity": [], "colors": [], "convertedManaCost": 2.0, "edhrecRank": 10, "edhrecSaltiness": 0.36, "finishes": ["foil"], "foreignData": [], "frameVersion": "2015", "hasFoil": true, "hasNonFoil": false, "identifiers": {"cardKingdomFoilId": "258270", "mtgjsonV4Id": "9a207de8-84b8-5d5a-9398-0759ce3be647", "scryfallId": "01ba455b-9cd4-4ba2-9bbf-d83b84dcc891", "scryfallIllustrationId": "798a59e5-d388-4110-9437-9616bdfd7c14", "scryfallOracleId": "c8b143ad-43ec-4e0d-a440-e348daa31391", "tcgplayerProductId": "270785"}, "isPromo": true, "isReprint": true, "isStarter": true, "keywords": ["Equip"], "language": "English", "layout": "normal", "legalities": {"commander": "Legal", "duel": "Legal", "gladiator": "Legal", "historic": "Legal", "historicbrawl": "Legal", "legacy": "Legal", "modern": "Legal", "oathbreaker": "Legal", "penny": "Legal", "vintage": "Legal"}, "manaCost": "{2}", "manaValue": 2.0, "name": "Swiftfoot Boots", "number": "4", "originalReleaseDate": "2022-04-29", "printings": ["A25", "AFC", "BRC", "BRR", "C13", "C14", "C15", "C16", "C17", "C18", "C20", "CLB", "CM2", "CMA", "CMR", "KHC", "M12", "MIC", "NCC", "NEC", "PHED", "PL23", "PLIST", "PRM", "PW22", "PZ1", "SCD", "SLD", "VOC"], "promoTypes": ["release", "wizardsplaynetwork"], "purchaseUrls": {"cardKingdomFoil": "https://mtgjson.com/links/e20dd37892de009b", "tcgplayer": "https://mtgjson.com/links/8b1d8f8ec6663621"}, "rarity": "rare", "rulings": [{"date": "2018-03-16", "text": "If a creature enters the battlefield under your control and gains haste, but then loses it before attacking, it won't be able to attack that turn. This means that you can't use one Swiftfoot Boots to allow two new creatures to attack in the same turn."}], "securityStamp": "oval", "setCode": "PW22", "subtypes": ["Equipment"], "supertypes": [], "text": "Equipped creature has hexproof and haste. (It can't be the target of spells or abilities your opponents control.)\nEquip {1}", "type": "Artifact — Equipment", "types": ["Artifact"], "uuid": "d2bdd8b0-e58c-5c56-8288-e5112b215c03"}, {"artist": "Alix Branwyn", "artistIds": ["4f0a0e38-d74c-4e0b-ad91-fecccb1afa5d"], "availability": ["paper"], "borderColor": "black", "colorIdentity": ["B"], "colors": ["B"], "convertedManaCost": 3.0, "edhrecRank": 1264, "edhrecSaltiness": 0.26, "finishes": ["foil"], "foreignData": [{"language": "Phyrexian", "name": "|AFstuieDCLumr.", "text": "|co,fuDs,JysYt,cosF₅\\₅JhEGFronz,tepyC.", "type": "|&EhcMYmL."}], "frameVersion": "2015", "hasFoil": true, "hasNonFoil": false, "identifiers": {"cardKingdomFoilId": "267882", "mtgjsonV4Id": "3d243016-94cd-577f-92cc-0791ce42f1a8", "scryfallId": "212b39d9-1090-4fec-ab1a-62bb8330eaa2", "scryfallIllustrationId": "f6bae712-e679-4c9e-9116-eadc8d34fa40", "scryfallOracleId": "fd74f8eb-0253-42dd-8277-186d4934da38", "tcgplayerProductId": "451415"}, "isPromo": true, "isReprint": true, "isStarter": true, "language": "Phyrexian", "layout": "normal", "legalities": {"commander": "Legal", "duel": "Legal", "legacy": "Legal", "modern": "Legal", "oathbreaker": "Legal", "predh": "Legal", "vintage": "Legal"}, "manaCost": "{1}{B/P}{B/P}", "manaValue": 3.0, "name": "Dismember", "number": "5", "printings": ["F12", "MB1", "MD1", "MM2", "NPH", "PRM", "PW22", "SLD", "TSR"], "promoTypes": ["commanderparty", "wizardsplaynetwork"], "purchaseUrls": {"cardKingdomFoil": "https://mtgjson.com/links/950514e071f20664", "tcgplayer": "https://mtgjson.com/links/056f86f00f91169b"}, "rarity": "rare", "rulings": [{"date": "2011-06-01", "text": "A card with Phyrexian mana symbols in its mana cost is each color that appears in that mana cost, regardless of how that cost may have been paid."}, {"date": "2011-06-01", "text": "To calculate the mana value of a card with Phyrexian mana symbols in its cost, count each Phyrexian mana symbol as 1."}, {"date": "2011-06-01", "text": "As you cast a spell or activate an activated ability with one or more Phyrexian mana symbols in its cost, you choose how to pay for each Phyrexian mana symbol at the same time you would choose modes or choose a value for X."}, {"date": "2011-06-01", "text": "If you’re at 1 life or less, you can’t pay 2 life."}, {"date": "2011-06-01", "text": "Phyrexian mana is not a new color. Players can’t add Phyrexian mana to their mana pools."}], "securityStamp": "oval", "setCode": "PW22", "subtypes": [], "supertypes": [], "text": "({B/P} can be paid with either {B} or 2 life.)\nTarget creature gets -5/-5 until end of turn.", "type": "Instant", "types": ["Instant"], "uuid": "0371f304-c6dc-5803-862b-0c36b88e321c", "watermark": "phyrexian"}, {"artist": "Stephan Martiniere", "artistIds": ["018799f5-76d7-4849-9375-f1b9030977e6"], "availability": ["paper"], "borderColor": "black", "colorIdentity": [], "colors": [], "convertedManaCost": 5.0, "edhrecRank": 503, "edhrecSaltiness": 0.41, "finishes": ["foil"], "foreignData": [{"language": "Phyrexian", "name": "|wE_kzvEDl,bvudn.", "text": "|su,wE_kzvEDl,bvudn nYDihoCgCcuDyt,sF CF,dcnUCYc,susF,eLFrZ vGvEEng,MEaDynPYp.\n|besYf,GvEng,mpreLYv co,eSFvDFsnUCA,LFr1 QYCut.", "type": "|CsYneDhfuDs fyrs,gSMUAS."}], "frameVersion": "2015", "hasFoil": true, "hasNonFoil": false, "identifiers": {"cardKingdomFoilId": "270178", "mtgjsonV4Id": "e2f4433b-b411-5e44-8518-71935aedca9c", "scryfallId": "aeb5eb6f-adb1-4535-abf0-d4791151bab3", "scryfallIllustrationId": "f923abf8-fb80-44d6-b43d-b6b70f5099bb", "scryfallOracleId": "2876e74f-a242-4995-9702-0b737a1ab67a", "tcgplayerProductId": "477548"}, "isPromo": true, "isReprint": true, "isStarter": true, "language": "Phyrexian", "layout": "normal", "legalities": {"commander": "Legal", "duel": "Legal", "gladiator": "Legal", "historic": "Legal", "historicbrawl": "Legal", "legacy": "Legal", "modern": "Legal", "oathbreaker": "Legal", "penny": "Legal", "predh": "Legal", "vintage": "Legal"}, "manaCost": "{5}", "manaValue": 5.0, "name": "Psychosis Crawler", "number": "6", "power": "*", "printings": ["BRR", "C15", "C16", "C18", "C20", "CLB", "CN2", "J22", "MBS", "MOC", "PW22"], "promoTypes": ["commanderparty", "wizardsplaynetwork"], "purchaseUrls": {"cardKingdomFoil": "https://mtgjson.com/links/5f597679364b8725", "tcgplayer": "https://mtgjson.com/links/b6cd643a3b4117fa"}, "rarity": "rare", "rulings": [{"date": "2011-06-01", "text": "If an effect causes you to draw multiple cards, Psychosis Crawler will trigger that many times."}], "securityStamp": "oval", "setCode": "PW22", "subtypes": ["Phyrexian", "Horror"], "supertypes": [], "text": "Psychosis Crawler's power and toughness are each equal to the number of cards in your hand.\nWhenever you draw a card, each opponent loses 1 life.", "toughness": "*", "type": "Artifact Creature — Phyrexian Horror", "types": ["Artifact", "Creature"], "uuid": "450a185a-66c9-5db2-8a0f-272d5395db9f", "watermark": "phyrexian"}], "cardsphereSetId": 1537, "code": "PW22", "isFoilOnly": false, "isOnlineOnly": false, "keyruneCode": "PMEI", "languages": ["English"], "name": "Wizards Play Network 2022", "releaseDate": "2022-03-05", "tokens": [], "totalSetSize": 6, "translations": {}, "type": "promo"}}