{"meta": {"date": "2023-08-19", "version": "5.2.1+20230819"}, "data": {"baseSetSize": 3, "cards": [{"artist": "James Paick", "artistIds": ["1a7be0a2-d8ac-45c7-b0a0-eb0886f47b5f"], "availability": ["paper"], "borderColor": "black", "colorIdentity": ["W"], "colors": ["W"], "convertedManaCost": 5.0, "edhrecRank": 1759, "edhrecSaltiness": 0.63, "finishes": ["foil"], "foreignData": [{"language": "Phyrexian", "name": "|norn,BcFthyh.", "text": "|Fs,PuuDs,AhUCYC CF,CsYPYc,susF MewknmQYpmuuntKF kMyAts,coFC,CsYPyc {W/P}suDgteSFvDfuDsDF QYCVkOtut.", "type": "|CsYneDh."}], "frameVersion": "2015", "hasFoil": true, "hasNonFoil": false, "identifiers": {"cardKingdomFoilId": "274796", "mtgjsonV4Id": "61af722a-080b-529f-92b1-c8816ea6ed16", "scryfallId": "c3ff46e8-ed45-41f1-a200-8fa0cf0eda0b", "scryfallIllustrationId": "9523488f-99ea-4d75-bdca-8b1330bd11e1", "scryfallOracleId": "9a1fbe72-4a17-42be-8e23-d7d30a5e59c1", "tcgplayerProductId": "488289"}, "isPromo": true, "isReprint": true, "isStarter": true, "language": "Phyrexian", "layout": "normal", "legalities": {"commander": "Legal", "duel": "Legal", "legacy": "Legal", "modern": "Legal", "oathbreaker": "Legal", "penny": "Legal", "predh": "Legal", "vintage": "Legal"}, "manaCost": "{3}{W/P}{W/P}", "manaValue": 5.0, "name": "Norn's Annex", "number": "1", "originalReleaseDate": "2023-03-10", "printings": ["CMM", "FMB1", "NPH", "ONC", "PW23"], "promoTypes": ["commanderparty", "wizardsplaynetwork"], "purchaseUrls": {"cardKingdomFoil": "https://mtgjson.com/links/0c73e32f41320c85", "tcgplayer": "https://mtgjson.com/links/97f2d044b051a3bb"}, "rarity": "rare", "rulings": [{"date": "2011-06-01", "text": "A card with Phyrexian mana symbols in its mana cost is each color that appears in that mana cost, regardless of how that cost may have been paid."}, {"date": "2011-06-01", "text": "To calculate the mana value of a card with Phyrexian mana symbols in its cost, count each Phyrexian mana symbol as 1."}, {"date": "2011-06-01", "text": "As you cast a spell or activate an activated ability with one or more Phyrexian mana symbols in its cost, you choose how to pay for each Phyrexian mana symbol at the same time you would choose modes or choose a value for X."}, {"date": "2011-06-01", "text": "If you're at 1 life or less, you can't pay 2 life."}, {"date": "2011-06-01", "text": "Phyrexian mana is not a new color. Players can't add Phyrexian mana to their mana pools."}, {"date": "2011-06-01", "text": "The controller of each creature attacking you or a planeswalker you control pays either {W} or 2 life as attackers are being declared."}, {"date": "2011-06-01", "text": "If a player attacks with more than one creature, that player chooses how to pay each cost individually. For example, if you attack with two creatures, you may pay {W} for one cost and 2 life for the other."}, {"date": "2011-06-01", "text": "Multiple Norn's Annexes controlled by the same player will each impose a cost to attack. Players choose how they pay each cost individually. For example, if a creature you control is attacking a player who controls two Norn's Annexes, you may pay {W} for one cost and 2 life for the other."}, {"date": "2011-06-01", "text": "If you control Norn's Annex, your opponents can choose not to attack with a creature with an ability that says it must attack."}], "securityStamp": "oval", "setCode": "PW23", "subtypes": [], "supertypes": [], "text": "({W/P} can be paid with either {W} or 2 life.)\nCreatures can't attack you or planeswalkers you control unless their controller pays {W/P} for each of those creatures.", "type": "Artifact", "types": ["Artifact"], "uuid": "375ef8f7-1298-58d1-a9a9-bf49df68aa06"}, {"artist": "Izzy", "artistIds": ["2c3d2473-ff5d-4309-8194-e0b2def2ab65"], "availability": ["paper"], "borderColor": "black", "colorIdentity": ["G"], "colors": [], "convertedManaCost": 3.0, "edhrecRank": 580, "edhrecSaltiness": 0.14, "finishes": ["nonfoil", "foil"], "flavorText": "\"Inspiration is found by looking outward.\"\n—Oviya Pashiri, sage lifecrafter", "foreignData": [], "frameVersion": "1997", "hasFoil": true, "hasNonFoil": true, "identifiers": {"mtgjsonV4Id": "691528e2-9388-520d-8d0a-e3bc9606d027", "scryfallId": "8e10b721-7fb8-4d4b-b1ad-f9eef6e02250", "scryfallIllustrationId": "fa37d232-f2e4-46a3-a794-f1f2eff087bd", "scryfallOracleId": "5f2a3797-28aa-4c7a-ba2b-fd243a1747fd", "tcgplayerProductId": "509588"}, "isPromo": true, "isReprint": true, "isStarter": true, "keywords": ["Scry"], "language": "English", "layout": "normal", "legalities": {"commander": "Legal", "duel": "Legal", "explorer": "Legal", "gladiator": "Legal", "historic": "Legal", "historicbrawl": "Legal", "legacy": "Legal", "modern": "Legal", "oathbreaker": "Legal", "penny": "Legal", "pioneer": "Legal", "vintage": "Legal"}, "manaCost": "{3}", "manaValue": 3.0, "name": "Lifecrafter's Bestiary", "number": "2", "printings": ["AER", "C20", "KLR", "MIC", "NCC", "PAER", "PW23"], "promoTypes": ["commanderparty", "wizardsplaynetwork"], "purchaseUrls": {"tcgplayer": "https://mtgjson.com/links/53d9f1c9cfdc2da9"}, "rarity": "rare", "rulings": [{"date": "2017-02-09", "text": "The draw step is after the upkeep step, so you'll scry 1 before you draw for the turn."}, {"date": "2017-02-09", "text": "Lifecrafter's Bestiary's second triggered ability resolves before the spell that caused it to trigger. The ability will resolve even if that spell is countered."}, {"date": "2017-02-09", "text": "While resolving Lifecrafter's Bestiary's second triggered ability, you can't pay {G} multiple times to draw multiple cards."}], "setCode": "PW23", "subtypes": [], "supertypes": [], "text": "At the beginning of your upkeep, scry 1.\nWhenever you cast a creature spell, you may pay {G}. If you do, draw a card.", "type": "Artifact", "types": ["Artifact"], "uuid": "7895e037-9ead-5a1e-96b8-c9918bfc531f"}, {"artist": "Dave Allsop", "artistIds": ["99b8310a-4fd6-4ded-8ab7-3b5185821cbe"], "availability": ["paper"], "borderColor": "black", "colorIdentity": ["G"], "colors": ["G"], "convertedManaCost": 3.0, "edhrecRank": 19, "edhrecSaltiness": 0.31, "finishes": ["foil"], "foreignData": [{"language": "Phyrexian", "name": "|pnpuDh,dcAheCuC.", "text": "|co,DeLtEvv,JysYt,cosFCebuD. |co,GFeLtEvvne%mCsYpc 3\\3 REvvpnpuDhieDEpZMEne%um.", "type": "|&EhcMYmL."}], "frameVersion": "2015", "hasFoil": true, "hasNonFoil": false, "identifiers": {"mtgjsonV4Id": "d44125ab-7f37-5f68-b7e4-4d1167d020aa", "scryfallId": "44e63c67-f7ae-4481-a27d-648fd4e98560", "scryfallIllustrationId": "be17f80a-6bf5-4e5a-aec0-0a997adcb37e", "scryfallOracleId": "7735eeba-693b-47e2-bd51-414379cf1016", "tcgplayerProductId": "492063"}, "isPromo": true, "isReprint": true, "isStarter": true, "language": "Phyrexian", "layout": "normal", "legalities": {"commander": "Legal", "duel": "Legal", "legacy": "Legal", "modern": "Legal", "oathbreaker": "Legal", "predh": "Legal", "vintage": "Legal"}, "manaCost": "{2}{G}", "manaValue": 3.0, "name": "Beast Within", "number": "3", "originalReleaseDate": "2023-05-25", "printings": ["AFC", "BBD", "C16", "C19", "C20", "C21", "CLB", "CMR", "CN2", "DDL", "DMC", "LTC", "MB1", "MIC", "NCC", "NEC", "NPH", "ONC", "PC2", "PCA", "PCTB", "PW23", "SCD", "SLD", "TSR"], "promoTypes": ["wizardsplaynetwork"], "purchaseUrls": {"tcgplayer": "https://mtgjson.com/links/95c755bc719d42a5"}, "rarity": "rare", "rulings": [{"date": "2013-07-01", "text": "If the permanent is still a legal target but is not destroyed (perhaps because it regenerated or has indestructible), its controller still gets the Beast token."}, {"date": "2021-03-19", "text": "If the target permanent is an illegal target by the time Beast Within tries to resolve, the spell won't resolve. No player creates a Beast token. If the target is legal but not destroyed (most likely because it has indestructible), its controller does create a Beast token."}], "securityStamp": "oval", "setCode": "PW23", "subtypes": [], "supertypes": [], "text": "Destroy target permanent. Its controller creates a 3/3 green Beast creature token.", "type": "Instant", "types": ["Instant"], "uuid": "c2b46a82-3742-5894-8146-a4ac7741aebf", "watermark": "phyrexian"}], "code": "PW23", "isFoilOnly": false, "isOnlineOnly": false, "keyruneCode": "PMEI", "languages": ["Phyrexian"], "name": "Wizards Play Network 2023", "releaseDate": "2023-01-01", "tokens": [], "totalSetSize": 3, "translations": {}, "type": "promo"}}