{"meta": {"date": "2023-08-19", "version": "5.2.1+20230819"}, "data": {"baseSetSize": 26, "cards": [{"artist": "Simon Dominic", "artistIds": ["b0e80135-db5a-4b88-a0bc-815a0e94faa1"], "availability": ["paper"], "borderColor": "black", "colorIdentity": ["U"], "colors": ["U"], "convertedManaCost": 1.0, "edhrecRank": 10892, "finishes": ["foil"], "foreignData": [{"language": "Japanese", "name": "プテラマンダー", "text": "飛行\n{7}{U}：順応４を行う。この能力を起動するためのコストは、あなたの墓地にありインスタントかソーサリーであるカード１枚につき{1}少なくなる。（このクリーチャーの上に＋１/＋１カウンターが置かれていないなら、これの上に＋１/＋１カウンターを４個置く。）", "type": "クリーチャー — サラマンダー・ドレイク"}], "frameVersion": "2015", "hasFoil": true, "hasNonFoil": false, "identifiers": {"mcmId": "528907", "mtgjsonV4Id": "e857c32b-fdc8-5627-b414-9ab2702442fa", "scryfallId": "d1fb3393-8ba7-400a-adf7-7c42e002e701", "scryfallIllustrationId": "702a5172-3b71-4b67-9e88-dff4b27ee8a6", "scryfallOracleId": "00187de2-bc48-4137-97d8-a9a0fafc76c1", "tcgplayerProductId": "221428"}, "isPromo": true, "isReprint": true, "isStarter": true, "keywords": ["Adapt", "Flying"], "language": "Japanese", "layout": "normal", "legalities": {"commander": "Legal", "duel": "Legal", "explorer": "Legal", "gladiator": "Legal", "historic": "Legal", "historicbrawl": "Legal", "legacy": "Legal", "modern": "Legal", "oathbreaker": "Legal", "paupercommander": "Restricted", "pioneer": "Legal", "vintage": "Legal"}, "manaCost": "{U}", "manaValue": 1.0, "name": "Pteramander", "number": "2019-1", "power": "1", "printings": ["PLIST", "PWCS", "RNA"], "purchaseUrls": {"tcgplayer": "https://mtgjson.com/links/97d71f21143d1df3"}, "rarity": "uncommon", "rulings": [{"date": "2019-01-25", "text": "Pteramander’s activated ability can’t reduce itself to less than {U} to activate."}, {"date": "2019-01-25", "text": "You can always activate an ability that will cause a creature to adapt. As that ability resolves, if the creature has a +1/+1 counter on it for any reason, you simply won’t put any +1/+1 counters on it."}, {"date": "2019-01-25", "text": "If a creature somehow loses all of its +1/+1 counters, it can adapt again and get more +1/+1 counters."}], "securityStamp": "oval", "setCode": "PWCS", "subtypes": ["Salamander", "Drake"], "supertypes": [], "text": "Flying\n{7}{U}: Adapt 4. This ability costs {1} less to activate for each instant and sorcery card in your graveyard. (If this creature has no +1/+1 counters on it, put four +1/+1 counters on it.)", "toughness": "1", "type": "Creature — Salamander Drake", "types": ["Creature"], "uuid": "3090d11d-7ce0-5887-9430-00ab8a7b4be0", "watermark": "simic"}, {"artist": "Simon Dominic", "artistIds": ["b0e80135-db5a-4b88-a0bc-815a0e94faa1"], "availability": ["paper"], "borderColor": "black", "colorIdentity": ["R"], "colors": ["R"], "convertedManaCost": 4.0, "edhrecRank": 6975, "edhrecSaltiness": 0.25, "finishes": ["foil"], "flavorText": "コーヒーは発明の偏屈な叔母であるのだ。", "foreignData": [{"flavorText": "コーヒーは発明の偏屈な叔母であるのだ。", "language": "Japanese", "name": "実験の狂乱", "text": "あなたはいつでもあなたのライブラリーの一番上のカードを見てもよい。\nあなたはあなたのライブラリーの一番上のカードをプレイしてもよい。\nあなたはあなたの手札からカードをプレイすることはできない。\n{3}{R}：実験の狂乱を破壊する。", "type": "エンチャント"}], "frameVersion": "2015", "hasFoil": true, "hasNonFoil": false, "identifiers": {"mcmId": "528912", "mtgjsonV4Id": "24956320-5d8a-55ed-806d-a895b713afee", "scryfallId": "5b6c985c-5d13-40e4-9205-e96adbd173b0", "scryfallIllustrationId": "827f3fc2-8cb3-4764-b698-785ba8860e11", "scryfallOracleId": "3715e8b8-31df-499b-8a91-1bcd1199d6eb", "tcgplayerProductId": "221427"}, "isPromo": true, "isReprint": true, "isStarter": true, "language": "Japanese", "layout": "normal", "legalities": {"commander": "Legal", "duel": "Legal", "explorer": "Legal", "gladiator": "Legal", "historic": "Legal", "historicbrawl": "Legal", "legacy": "Legal", "modern": "Legal", "oathbreaker": "Legal", "penny": "Legal", "pioneer": "Legal", "vintage": "Legal"}, "manaCost": "{3}{R}", "manaValue": 4.0, "name": "Experimental Frenzy", "number": "2019-2", "printings": ["GRN", "PGRN", "PWCS"], "purchaseUrls": {"tcgplayer": "https://mtgjson.com/links/a694d21bc73c7ba9"}, "rarity": "rare", "rulings": [{"date": "2018-10-05", "text": "Experimental Frenzy lets you look at the top card of your library whenever you want (with one restriction—see below), even if you don’t have priority. This action doesn’t use the stack. Knowing what that card is becomes part of the information you have access to, just like you can look at the cards in your hand."}, {"date": "2018-10-05", "text": "If the top card of your library changes while you’re casting a spell, playing a land, or activating an ability, you can’t look at the new top card until you finish doing so. This means that if you cast the top card of your library, you can’t look at the next one until you’re done paying for that spell."}, {"date": "2018-10-05", "text": "You must follow the normal timing permissions and restrictions of the cards you play from your library."}, {"date": "2018-10-05", "text": "You can play a land card on top of your library only if you have available land plays remaining."}, {"date": "2018-10-05", "text": "You’ll still pay all costs for a spell you cast from your library, including additional costs. You may also pay alternative costs."}, {"date": "2018-10-05", "text": "You can’t cast spells or play lands from your hand, but you may take other actions with those cards (such as discarding them to activate their cycling or bloodrush abilities)."}], "securityStamp": "oval", "setCode": "PWCS", "subtypes": [], "supertypes": [], "text": "You may look at the top card of your library any time.\nYou may play lands and cast spells from the top of your library.\nYou can't play lands or cast spells from your hand.\n{3}{R}: Destroy Experimental Frenzy.", "type": "Enchantment", "types": ["Enchantment"], "uuid": "9b4aa2e7-539f-5765-b4e8-9612bd0e63ee"}, {"artist": "Magali Villeneuve", "artistIds": ["9e6a55ae-be4d-4c23-a2a5-135737ffd879"], "availability": ["paper"], "borderColor": "black", "colorIdentity": ["B", "G"], "colors": ["B", "G"], "convertedManaCost": 4.0, "edhrecRank": 2089, "edhrecSaltiness": 0.31, "finishes": ["foil"], "foreignData": [{"language": "Japanese", "name": "ゴルガリの女王、ヴラスカ", "text": "+2：あなたは他のパーマネント１つを生け贄に捧げてもよい。そうしたなら、あなたは１点のライフを得て、カードを１枚引く。\n-3：点数で見たマナ・コストが３以下で土地でないパーマネント１つを対象とし、それを破壊する。\n-9：あなたは「あなたがコントロールしているクリーチャー１体がプレイヤー１人に戦闘ダメージを与えるたび、そのプレイヤーはこのゲームに敗北する。」を持つ紋章を得る。", "type": "伝説のプレインズウォーカー — ヴラスカ"}], "frameVersion": "2015", "hasFoil": true, "hasNonFoil": false, "identifiers": {"mcmId": "528917", "mtgjsonV4Id": "488d5c1d-f8df-5661-8fc5-94555cba3e87", "scryfallId": "12650e40-e62a-4777-b97c-2b5600208188", "scryfallIllustrationId": "13d984a6-8f68-442e-8ab5-333d13339f78", "scryfallOracleId": "131096a3-2d53-4ec2-96d3-fcb58e698a13", "tcgplayerProductId": "221426"}, "isPromo": true, "isReprint": true, "isStarter": true, "language": "Japanese", "layout": "normal", "leadershipSkills": {"brawl": false, "commander": false, "oathbreaker": true}, "legalities": {"commander": "Legal", "duel": "Legal", "explorer": "Legal", "gladiator": "Legal", "historic": "Legal", "historicbrawl": "Legal", "legacy": "Legal", "modern": "Legal", "oathbreaker": "Legal", "pioneer": "Legal", "vintage": "Legal"}, "loyalty": "4", "manaCost": "{2}{B}{G}", "manaValue": 4.0, "name": "Vraska, Golgari Queen", "number": "2019-3", "printings": ["GRN", "MED", "PANA", "PGRN", "PWCS", "SLD"], "purchaseUrls": {"tcgplayer": "https://mtgjson.com/links/30c2821c462efb41"}, "rarity": "mythic", "rulings": [{"date": "2018-10-05", "text": "You choose whether to sacrifice a permanent (and which one to sacrifice) while Vraska’s first ability is resolving. No player may take actions between the time you choose which permanent to sacrifice and the time you do so."}, {"date": "2018-10-05", "text": "Tokens that aren’t a copy of something else don’t have a mana cost. Anything without a mana cost normally has a converted mana cost of 0."}, {"date": "2018-10-05", "text": "If a permanent has {X} in its mana cost, X is considered to be 0."}], "securityStamp": "oval", "setCode": "PWCS", "subtypes": ["Vraska"], "supertypes": ["Legendary"], "text": "[+2]: You may sacrifice another permanent. If you do, you gain 1 life and draw a card.\n[−3]: Destroy target nonland permanent with mana value 3 or less.\n[−9]: You get an emblem with \"Whenever a creature you control deals combat damage to a player, that player loses the game.\"", "type": "Legendary Planeswalker — Vraska", "types": ["Planeswalker"], "uuid": "b8814b35-fea4-52ca-9518-946f53e325f1"}, {"artist": "Magali Villeneuve", "artistIds": ["9e6a55ae-be4d-4c23-a2a5-135737ffd879"], "availability": ["paper"], "borderColor": "black", "colorIdentity": ["U"], "colors": ["U"], "convertedManaCost": 3.0, "edhrecRank": 323, "edhrecSaltiness": 1.94, "finishes": ["foil"], "foreignData": [{"language": "Japanese", "name": "覆いを割く者、ナーセット", "text": "各ターン、各対戦相手はそれぞれ、カードを２枚以上引くことができない。\n-2：あなたのライブラリーの一番上からカードを４枚見る。あなたはその中からクリーチャーでも土地でもないカード１枚を公開してあなたの手札に加えてもよい。残りをあなたのライブラリーの一番下に無作為の順番で置く。", "type": "伝説のプレインズウォーカー — ナーセット"}], "frameVersion": "2015", "hasFoil": true, "hasNonFoil": false, "identifiers": {"mcmId": "528937", "mtgjsonV4Id": "4ea275a3-2749-526e-8605-393ad646e5e8", "scryfallId": "b519e716-063a-4fba-8831-90aa5a5069e8", "scryfallIllustrationId": "3b17dab7-5e16-4e43-8f38-44b175fa5df2", "scryfallOracleId": "ab26fbe2-e808-48b9-8d0d-3fbb6c3d554f", "tcgplayerProductId": "221425"}, "isPromo": true, "isReprint": true, "isStarter": true, "language": "Japanese", "layout": "normal", "leadershipSkills": {"brawl": false, "commander": false, "oathbreaker": true}, "legalities": {"commander": "Legal", "duel": "Legal", "explorer": "Legal", "gladiator": "Legal", "historic": "Legal", "historicbrawl": "Legal", "legacy": "Legal", "modern": "Legal", "oathbreaker": "Legal", "pioneer": "Legal", "vintage": "Restricted"}, "loyalty": "5", "manaCost": "{1}{U}{U}", "manaValue": 3.0, "name": "Narset, Parter of Veils", "number": "2020-1", "originalReleaseDate": "2020-04-01", "printings": ["CMM", "PRM", "PWAR", "PWCS", "SLD", "WAR"], "purchaseUrls": {"tcgplayer": "https://mtgjson.com/links/9e3f300b28f1c1d4"}, "rarity": "uncommon", "rulings": [{"date": "2019-05-03", "text": "Your opponents can each draw a maximum of one card each on each player’s turn. Subsequent card draws during that turn are ignored."}, {"date": "2019-05-03", "text": "If an opponent hasn’t drawn any cards in a turn and a spell or ability instructs that player to draw multiple cards, that player will just draw one card. However, if the draws are optional, the player can’t choose to draw, even if they could draw one card this way."}, {"date": "2019-05-03", "text": "Narset will “see” cards drawn by opponents earlier in the turn she entered the battlefield, although Narset can’t affect cards drawn before she entered the battlefield. For example, if an opponent draws two cards, then Narset enters the battlefield, that opponent can’t draw more cards that turn, but the two drawn cards are unaffected."}, {"date": "2019-05-03", "text": "Replacement effects (such as that of Underrealm Lich or the first ability of Jace, Wielder of Mysteries) can’t be used to replace draws that Narset disallows. However, if an opponent’s first draw is replaced (by Underrealm Lich’s ability, for example), that draw didn’t happen and Narset won’t stop the next draw (which may also be replaced by Underrealm Lich’s ability)."}], "securityStamp": "oval", "setCode": "PWCS", "subtypes": ["Narset"], "supertypes": ["Legendary"], "text": "Each opponent can't draw more than one card each turn.\n[−2]: Look at the top four cards of your library. You may reveal a noncreature, nonland card from among them and put it into your hand. Put the rest on the bottom of your library in a random order.", "type": "Legendary Planeswalker — Narset", "types": ["Planeswalker"], "uuid": "3ed96076-39b7-5b02-a2c5-37d94fe1977a"}, {"artist": "Chris Rallis", "artistIds": ["a8e7b854-b15a-421a-b66d-6e68187ae285"], "availability": ["paper"], "borderColor": "black", "colorIdentity": ["G"], "colors": ["G"], "convertedManaCost": 5.0, "edhrecRank": 882, "edhrecSaltiness": 0.72, "finishes": ["foil"], "foreignData": [{"language": "Japanese", "name": "世界を揺るがす者、ニッサ", "text": "あなたがマナを引き出す目的で森をタップするたび、追加で{G}を加える。\n+1：あなたがコントロールしていてクリーチャーでない土地最大１つを対象とし、それの上に＋１/＋１カウンターを３個置く。それをアンタップする。それは警戒と速攻を持つ０/０のエレメンタル・クリーチャーになる。それは土地でもある。\n-8：あなたは「あなたがコントロールしている土地は破壊不能を持つ。」を持つ紋章を得る。あなたのライブラリーから森・カード望む枚数を探し、それらをタップ状態で戦場に出し、その後あなたのライブラリーを切り直す。", "type": "伝説のプレインズウォーカー — ニッサ"}], "frameVersion": "2015", "hasFoil": true, "hasNonFoil": false, "identifiers": {"mcmId": "528942", "mtgjsonV4Id": "335b93ef-028f-554c-a458-bfe7252c4011", "scryfallId": "83b22428-6ea9-4416-a589-c46aa626a2fb", "scryfallIllustrationId": "76ad4b35-2969-44f7-900b-09c13e1c827b", "scryfallOracleId": "5aa3abf1-d56b-4f42-8c84-7e5a2c15ee0f", "tcgplayerProductId": "221424"}, "isPromo": true, "isReprint": true, "isStarter": true, "language": "Japanese", "layout": "normal", "leadershipSkills": {"brawl": false, "commander": false, "oathbreaker": true}, "legalities": {"commander": "Legal", "duel": "Legal", "explorer": "Legal", "gladiator": "Legal", "historic": "Legal", "historicbrawl": "Legal", "legacy": "Legal", "modern": "Legal", "oathbreaker": "Legal", "pioneer": "Legal", "vintage": "Legal"}, "loyalty": "5", "manaCost": "{3}{G}{G}", "manaValue": 5.0, "name": "Nissa, Who Shakes the World", "number": "2020-2", "originalReleaseDate": "2020-04-01", "printings": ["PRM", "PWAR", "PWCS", "SLD", "WAR"], "purchaseUrls": {"tcgplayer": "https://mtgjson.com/links/121fba5a9a9d4521"}, "rarity": "rare", "rulings": [{"date": "2019-05-03", "text": "The effect of Nissa’s first loyalty ability lasts indefinitely. It doesn’t wear off during the cleanup step."}], "securityStamp": "oval", "setCode": "PWCS", "subtypes": ["Nissa"], "supertypes": ["Legendary"], "text": "Whenever you tap a Forest for mana, add an additional {G}.\n[+1]: Put three +1/+1 counters on up to one target noncreature land you control. Untap it. It becomes a 0/0 Elemental creature with vigilance and haste that's still a land.\n[−8]: You get an emblem with \"Lands you control have indestructible.\" Search your library for any number of Forest cards, put them onto the battlefield tapped, then shuffle.", "type": "Legendary Planeswalker — Nissa", "types": ["Planeswalker"], "uuid": "21ddaba9-35e6-5894-b334-5bb72e6d84fa"}, {"artist": "Chris Rallis", "artistIds": ["a8e7b854-b15a-421a-b66d-6e68187ae285"], "availability": ["paper"], "borderColor": "black", "colorIdentity": ["B"], "colors": ["B"], "convertedManaCost": 6.0, "edhrecRank": 693, "edhrecSaltiness": 0.73, "finishes": ["foil"], "foreignData": [{"language": "Japanese", "name": "戦慄衆の将軍、リリアナ", "text": "あなたがコントロールしているクリーチャーが１体死亡するたび、カードを１枚引く。\n+1：黒の２/２のゾンビ・クリーチャー・トークンを１体生成する。\n-4：各プレイヤーはそれぞれクリーチャー２体を生け贄に捧げる。\n-9：各対戦相手はそれぞれ、パーマネント・タイプ１つにつき、そのタイプであり自分がコントロールしているパーマネント１つを選び、残りを生け贄に捧げる。", "type": "伝説のプレインズウォーカー — リリアナ"}], "frameVersion": "2015", "hasFoil": true, "hasNonFoil": false, "identifiers": {"mcmId": "528947", "mtgjsonV4Id": "d5d0d464-d01d-55ea-a250-6d81bebfd184", "scryfallId": "4677d071-ee53-4be9-88d5-14fafcb59c17", "scryfallIllustrationId": "bb7f943a-2d33-48d6-913c-2508cdea16d9", "scryfallOracleId": "5e958212-6a5b-4288-8d31-f1572619d7dc", "tcgplayerProductId": "221423"}, "isPromo": true, "isReprint": true, "isStarter": true, "language": "Japanese", "layout": "normal", "leadershipSkills": {"brawl": false, "commander": false, "oathbreaker": true}, "legalities": {"commander": "Legal", "duel": "Legal", "explorer": "Legal", "gladiator": "Legal", "historic": "Legal", "historicbrawl": "Legal", "legacy": "Legal", "modern": "Legal", "oathbreaker": "Legal", "pioneer": "Legal", "vintage": "Legal"}, "loyalty": "6", "manaCost": "{4}{B}{B}", "manaValue": 6.0, "name": "Liliana, Dreadhorde General", "number": "2020-3", "originalReleaseDate": "2020-04-01", "printings": ["PRM", "PWAR", "PWCS", "SLD", "WAR"], "purchaseUrls": {"tcgplayer": "https://mtgjson.com/links/695a444e260c756b"}, "rarity": "mythic", "rulings": [{"date": "2019-05-03", "text": "If Liliana dies at the same time as one or more creatures you control, her first ability triggers for each of those creatures."}, {"date": "2019-05-03", "text": "If Liliana somehow becomes a creature and dies, her first ability will trigger."}, {"date": "2019-05-03", "text": "As Liliana’s second loyalty ability resolves, first the player whose turn it is chooses two creatures they control, then each other player in turn order does the same, knowing the choices made before them. Then all the chosen creatures are sacrificed at the same time. If any player can choose only one creature, that player does so."}, {"date": "2019-05-03", "text": "As Liliana’s last ability resolves, the next opponent in turn order (or, if it’s somehow an opponent’s turn, that opponent) makes all of their choices for it, then each other opponent in turn order does the same, knowing the choices made before them. Then all the unchosen permanents are sacrificed at the same time."}, {"date": "2019-05-03", "text": "The permanent types are artifact, creature, enchantment, land, and planeswalker. Supertypes, like legendary, aren’t permanent types."}, {"date": "2019-05-03", "text": "While making choices for Liliana’s last ability, if a permanent has more than one permanent type, it can count for any of them. For example, you could choose an artifact creature as the artifact you’re sparing, another creature as the creature, and an enchantment creature as the enchantment. Similarly, you could choose an enchantment creature as both the creature and the enchantment that you’re sparing, even if you control another creature and/or another enchantment."}], "securityStamp": "oval", "setCode": "PWCS", "subtypes": ["Liliana"], "supertypes": ["Legendary"], "text": "Whenever a creature you control dies, draw a card.\n[+1]: Create a 2/2 black Zombie creature token.\n[−4]: Each player sacrifices two creatures.\n[−9]: Each opponent chooses a permanent they control of each permanent type and sacrifices the rest.", "type": "Legendary Planeswalker — Liliana", "types": ["Planeswalker"], "uuid": "8bd37d28-9717-5c67-8ff3-a3d4025cff86"}, {"artist": "Ekaterina Burmak", "artistIds": ["2a9f3780-fcc8-4ec5-b403-ee1d1370d3b4"], "availability": ["paper"], "borderColor": "black", "colorIdentity": ["U"], "colors": ["U"], "convertedManaCost": 3.0, "edhrecRank": 7478, "edhrecSaltiness": 0.24, "finishes": ["foil"], "flavorText": "「哀れな迷える魔道士よ。足は地についていても、手は届かない。そうだろう？」", "foreignData": [{"flavorText": "「哀れな迷える魔道士よ。足は地についていても、手は届かない。そうだろう？」", "language": "Japanese", "name": "神秘の論争", "text": "この呪文が青の呪文を対象とするなら、これを唱えるためのコストは{2}少なくなる。\n呪文１つを対象とする。それのコントローラーが{3}を支払わないかぎり、それを打ち消す。", "type": "インスタント"}], "frameVersion": "2015", "hasFoil": true, "hasNonFoil": false, "identifiers": {"mcmId": "528922", "mtgjsonV4Id": "522d5026-b66c-5598-bac8-ef97fc5221a6", "scryfallId": "1e312cc9-5ad2-4436-9334-bcbbcaca914e", "scryfallIllustrationId": "9854dc21-6ee2-4252-b752-e7c6987434ae", "scryfallOracleId": "48390b8d-db41-48a5-9bac-316660ab7252", "tcgplayerProductId": "238533"}, "isPromo": true, "isReprint": true, "isStarter": true, "language": "Japanese", "layout": "normal", "legalities": {"commander": "Legal", "duel": "Legal", "explorer": "Legal", "gladiator": "Legal", "historic": "Legal", "historicbrawl": "Legal", "legacy": "Legal", "modern": "Legal", "oathbreaker": "Legal", "pioneer": "Legal", "vintage": "Legal"}, "manaCost": "{2}{U}", "manaValue": 3.0, "name": "Mystical Dispute", "number": "2020-4", "originalReleaseDate": "2020-10-01", "printings": ["ELD", "PR23", "PWCS"], "purchaseUrls": {"tcgplayer": "https://mtgjson.com/links/afee04dab80d9e67"}, "rarity": "uncommon", "securityStamp": "oval", "setCode": "PWCS", "subtypes": [], "supertypes": [], "text": "This spell costs {2} less to cast if it targets a blue spell.\nCounter target spell unless its controller pays {3}.", "type": "Instant", "types": ["Instant"], "uuid": "d571a0dc-5809-538c-9445-f0186bd5bb59"}, {"artist": "Magali Villeneuve", "artistIds": ["9e6a55ae-be4d-4c23-a2a5-135737ffd879"], "availability": ["paper"], "borderColor": "black", "colorIdentity": ["U"], "colors": ["U"], "convertedManaCost": 2.0, "edhrecRank": 14171, "faceConvertedManaCost": 2.0, "faceManaValue": 2.0, "faceName": "Fae of Wishes", "finishes": ["foil"], "foreignData": [{"faceName": "願いのフェイ", "language": "Japanese", "name": "願いのフェイ // 成就", "text": "飛行\n{1}{U}, カード２枚を捨てる：願いのフェイをオーナーの手札に戻す。", "type": "クリーチャー — フェアリー・ウィザード"}], "frameVersion": "2015", "hasFoil": true, "hasNonFoil": false, "identifiers": {"mcmId": "528927", "mtgjsonV4Id": "e103940e-f8cf-5d1a-93e1-8ecf340dcec3", "scryfallId": "3402d3c7-125a-4ca7-8bf7-865cbed43692", "scryfallIllustrationId": "032171ae-a3d5-4211-aaf3-2626404c5936", "scryfallOracleId": "c0abbed2-d213-47ef-8d6c-4a21efb9a55f", "tcgplayerProductId": "238534"}, "isPromo": true, "isReprint": true, "isStarter": true, "keywords": ["Flying"], "language": "Japanese", "layout": "adventure", "legalities": {"commander": "Legal", "duel": "Legal", "explorer": "Legal", "gladiator": "Legal", "historic": "Legal", "historicbrawl": "Legal", "legacy": "Legal", "modern": "Legal", "oathbreaker": "Legal", "penny": "Legal", "pioneer": "Legal", "vintage": "Legal"}, "manaCost": "{1}{U}", "manaValue": 2.0, "name": "Fae of Wishes // Granted", "number": "2020-5", "originalReleaseDate": "2020-10-01", "otherFaceIds": ["64dbbcc9-79b7-5df1-85e5-2e3ad374d6bf"], "power": "1", "printings": ["ELD", "PELD", "PRM", "PWCS"], "purchaseUrls": {"tcgplayer": "https://mtgjson.com/links/463e4da2e5a84178"}, "rarity": "rare", "rulings": [{"date": "2019-10-04", "text": "The activated ability of Fae of Wishes can be activated only while Fae of Wishes is on the battlefield."}, {"date": "2019-10-04", "text": "An adventurer card is a creature card in every zone except the stack, as well as while on the stack if not cast as an Adventure. Ignore its alternative characteristics in those cases. For example, while it's in your graveyard, Giant Killer is a white creature card whose mana value is 1. It can't be the target of the triggered ability of Mystic Sanctuary."}, {"date": "2019-10-04", "text": "When casting a spell as an Adventure, use the alternative characteristics and ignore all of the card's normal characteristics. The spell's color, mana cost, mana value, and so on are determined by only those alternative characteristics. If the spell leaves the stack, it immediately resumes using its normal characteristics."}, {"date": "2019-10-04", "text": "If you cast an adventurer card as an Adventure, use only its alternative characteristics to determine whether it's legal to cast that spell. For example, if Giant Killer is exiled with the last ability of Vivien, Champion of the Wilds, you can't cast it as Chop Down."}, {"date": "2019-10-04", "text": "If a spell is cast as an Adventure, its controller exiles it instead of putting it into its owner's graveyard as it resolves. For as long as it remains exiled, that player may cast it as a creature spell. If an Adventure spell leaves the stack in any way other than resolving (most likely by being countered or by failing to resolve because its targets have all become illegal), that card won't be exiled and the spell's controller won't be able to cast it as a creature later."}, {"date": "2019-10-04", "text": "If an adventurer card ends up in exile for any other reason than by exiling itself while resolving, it won't give you permission to cast it as a creature spell."}, {"date": "2019-10-04", "text": "You must still follow any timing restrictions and permissions for the creature spell you cast from exile. Normally, you'll be able to cast it only during your main phase while the stack is empty."}, {"date": "2019-10-04", "text": "If an effect copies an Adventure spell, that copy is exiled as it resolves. It ceases to exist as a state-based action; it's not possible to cast the copy as a creature."}, {"date": "2019-10-04", "text": "If an object becomes a copy of an object that has an Adventure, the copy also has an Adventure. If it changes zones, it will either cease to exist (if it's a token) or cease to be a copy (if it's a nontoken permanent), and so you won't be able to cast it as an Adventure."}, {"date": "2019-10-04", "text": "If an effect instructs you to choose a card name, you may choose the alternative Adventure name. Consider only the alternative characteristics to determine whether that is an appropriate name to choose."}, {"date": "2019-10-04", "text": "Casting a card as an Adventure isn't casting it for an alternative cost. Effects that allow you to cast a spell for an alternative cost or without paying its mana cost may allow you to apply those to the Adventure."}, {"date": "2019-10-04", "text": "In a casual game, a card you choose from outside the game comes from your personal collection. In a tournament event, a card you choose from outside the game must come from your sideboard. You may look at your sideboard any time."}], "securityStamp": "oval", "setCode": "PWCS", "side": "a", "subtypes": ["Faerie", "Wizard"], "supertypes": [], "text": "Flying\n{1}{U}, Discard two cards: Return Fae of Wishes to its owner's hand.", "toughness": "4", "type": "Creature — Faerie Wizard", "types": ["Creature"], "uuid": "a63f13a3-663b-52bc-8ed5-26f2b62cfdef"}, {"artist": "Magali Villeneuve", "artistIds": ["9e6a55ae-be4d-4c23-a2a5-135737ffd879"], "availability": ["paper"], "borderColor": "black", "colorIdentity": ["U"], "colors": ["U"], "convertedManaCost": 2.0, "edhrecRank": 14171, "faceConvertedManaCost": 4.0, "faceManaValue": 4.0, "faceName": "Granted", "finishes": ["foil"], "foreignData": [{"faceName": "成就", "language": "Japanese", "name": "願いのフェイ // 成就", "text": "あなたは、ゲームの外部からあなたがオーナーでありクリーチャーでないカード１枚を選び、それを公開してあなたの手札に加えてもよい。", "type": "ソーサリー ― 出来事"}], "frameVersion": "2015", "hasFoil": true, "hasNonFoil": false, "identifiers": {"mcmId": "528927", "mtgjsonV4Id": "d4996dd4-8ae6-54c4-9217-683f6d0f7019", "scryfallId": "3402d3c7-125a-4ca7-8bf7-865cbed43692", "scryfallIllustrationId": "032171ae-a3d5-4211-aaf3-2626404c5936", "scryfallOracleId": "c0abbed2-d213-47ef-8d6c-4a21efb9a55f", "tcgplayerProductId": "238534"}, "isPromo": true, "isReprint": true, "isStarter": true, "language": "Japanese", "layout": "adventure", "legalities": {"commander": "Legal", "duel": "Legal", "explorer": "Legal", "gladiator": "Legal", "historic": "Legal", "historicbrawl": "Legal", "legacy": "Legal", "modern": "Legal", "oathbreaker": "Legal", "penny": "Legal", "pioneer": "Legal", "vintage": "Legal"}, "manaCost": "{3}{U}", "manaValue": 2.0, "name": "Fae of Wishes // Granted", "number": "2020-5", "originalReleaseDate": "2020-10-01", "otherFaceIds": ["a63f13a3-663b-52bc-8ed5-26f2b62cfdef"], "printings": ["ELD", "PELD", "PRM", "PWCS"], "purchaseUrls": {"tcgplayer": "https://mtgjson.com/links/77450f11ebc25d57"}, "rarity": "rare", "rulings": [{"date": "2019-10-04", "text": "The activated ability of Fae of Wishes can be activated only while Fae of Wishes is on the battlefield."}, {"date": "2019-10-04", "text": "An adventurer card is a creature card in every zone except the stack, as well as while on the stack if not cast as an Adventure. Ignore its alternative characteristics in those cases. For example, while it's in your graveyard, Giant Killer is a white creature card whose mana value is 1. It can't be the target of the triggered ability of Mystic Sanctuary."}, {"date": "2019-10-04", "text": "When casting a spell as an Adventure, use the alternative characteristics and ignore all of the card's normal characteristics. The spell's color, mana cost, mana value, and so on are determined by only those alternative characteristics. If the spell leaves the stack, it immediately resumes using its normal characteristics."}, {"date": "2019-10-04", "text": "If you cast an adventurer card as an Adventure, use only its alternative characteristics to determine whether it's legal to cast that spell. For example, if Giant Killer is exiled with the last ability of Vivien, Champion of the Wilds, you can't cast it as Chop Down."}, {"date": "2019-10-04", "text": "If a spell is cast as an Adventure, its controller exiles it instead of putting it into its owner's graveyard as it resolves. For as long as it remains exiled, that player may cast it as a creature spell. If an Adventure spell leaves the stack in any way other than resolving (most likely by being countered or by failing to resolve because its targets have all become illegal), that card won't be exiled and the spell's controller won't be able to cast it as a creature later."}, {"date": "2019-10-04", "text": "If an adventurer card ends up in exile for any other reason than by exiling itself while resolving, it won't give you permission to cast it as a creature spell."}, {"date": "2019-10-04", "text": "You must still follow any timing restrictions and permissions for the creature spell you cast from exile. Normally, you'll be able to cast it only during your main phase while the stack is empty."}, {"date": "2019-10-04", "text": "If an effect copies an Adventure spell, that copy is exiled as it resolves. It ceases to exist as a state-based action; it's not possible to cast the copy as a creature."}, {"date": "2019-10-04", "text": "If an object becomes a copy of an object that has an Adventure, the copy also has an Adventure. If it changes zones, it will either cease to exist (if it's a token) or cease to be a copy (if it's a nontoken permanent), and so you won't be able to cast it as an Adventure."}, {"date": "2019-10-04", "text": "If an effect instructs you to choose a card name, you may choose the alternative Adventure name. Consider only the alternative characteristics to determine whether that is an appropriate name to choose."}, {"date": "2019-10-04", "text": "Casting a card as an Adventure isn't casting it for an alternative cost. Effects that allow you to cast a spell for an alternative cost or without paying its mana cost may allow you to apply those to the Adventure."}, {"date": "2019-10-04", "text": "In a casual game, a card you choose from outside the game comes from your personal collection. In a tournament event, a card you choose from outside the game must come from your sideboard. You may look at your sideboard any time."}], "securityStamp": "oval", "setCode": "PWCS", "side": "b", "subtypes": ["Adventure"], "supertypes": [], "text": "You may reveal a noncreature card you own from outside the game and put it into your hand.", "type": "Sorcery — Adventure", "types": ["Sorcery"], "uuid": "64dbbcc9-79b7-5df1-85e5-2e3ad374d6bf"}, {"artist": "Livia Prima", "artistIds": ["0f41e561-bc26-4d85-aab6-66c384e01b74"], "availability": ["paper"], "borderColor": "black", "colorIdentity": ["W"], "colors": ["W"], "convertedManaCost": 4.0, "edhrecRank": 7695, "edhrecSaltiness": 0.14, "finishes": ["foil"], "foreignData": [{"language": "Japanese", "name": "太陽の宿敵、エルズペス", "text": "-1：あなたがコントロールしているクリーチャー最大２体を対象とする。ターン終了時まで、それらはそれぞれ＋２/＋１の修整を受ける。\n-2：白の１/１の人間・兵士・クリーチャー・トークンを２体生成する。\n-3：あなたは５点のライフを得る。\n脱出―{4}{W}{W}, あなたの墓地から他のカード４枚を追放する。（あなたはあなたの墓地から、このカードをこれの脱出コストで唱えてもよい。）", "type": "伝説のプレインズウォーカー — エルズペス"}], "frameVersion": "2015", "hasFoil": true, "hasNonFoil": false, "identifiers": {"mcmId": "528932", "mtgjsonV4Id": "d0992cd4-8f77-5ba1-b102-44fc65939c87", "scryfallId": "d532baf8-4761-4aab-8cb2-42b53b54c1ff", "scryfallIllustrationId": "6a48137a-4b8c-4e7b-8f57-27cb0aaaba47", "scryfallOracleId": "faf296b0-59e5-4ec9-9912-e5e21c0ce9f5", "tcgplayerProductId": "238535"}, "isPromo": true, "isReprint": true, "isStarter": true, "keywords": ["Escape"], "language": "Japanese", "layout": "normal", "leadershipSkills": {"brawl": false, "commander": false, "oathbreaker": true}, "legalities": {"commander": "Legal", "duel": "Legal", "explorer": "Legal", "gladiator": "Legal", "historic": "Legal", "historicbrawl": "Legal", "legacy": "Legal", "modern": "Legal", "oathbreaker": "Legal", "penny": "Legal", "pioneer": "Legal", "vintage": "Legal"}, "loyalty": "5", "manaCost": "{2}{W}{W}", "manaValue": 4.0, "name": "Elspeth, Sun's Nemesis", "number": "2020-6", "originalReleaseDate": "2020-10-01", "printings": ["PRM", "PTHB", "PWCS", "THB"], "purchaseUrls": {"tcgplayer": "https://mtgjson.com/links/68c1f1493aba6a40"}, "rarity": "mythic", "rulings": [{"date": "2020-01-24", "text": "If you activate a loyalty ability of Elspeth, she’s put into your graveyard, and she escapes all in the same turn, she’ll be a new permanent. You can activate one of her loyalty abilities even though she’s represented by the same card."}, {"date": "2020-01-24", "text": "Escape’s permission doesn’t change when you may cast the spell from your graveyard."}, {"date": "2020-01-24", "text": "To determine the total cost of a spell, start with the mana cost or alternative cost you’re paying (such as an escape cost), add any cost increases, then apply any cost reductions. The converted mana cost of the spell remains unchanged, no matter what the total cost to cast it was and no matter whether an alternative cost was paid."}, {"date": "2020-01-24", "text": "After an escaped spell resolves, it returns to its owner’s graveyard if it’s not a permanent spell. If it is a permanent spell, it enters the battlefield and will return to its owner’s graveyard if it dies later. Perhaps it will escape again—good underworld security is so hard to come by these days."}, {"date": "2020-01-24", "text": "If a card has multiple abilities giving you permission to cast it, such as two escape abilities or an escape ability and a flashback ability, you choose which one to apply. The others have no effect."}, {"date": "2020-01-24", "text": "If you cast a spell with its escape permission, you can’t choose to apply any other alternative costs or to cast it without paying its mana cost. If it has any additional costs, you must pay those."}, {"date": "2020-01-24", "text": "If a card with escape is put into your graveyard during your turn, you’ll be able to cast it right away if it’s legal to do so, before an opponent can take any actions."}, {"date": "2020-01-24", "text": "Once you begin casting a spell with escape, it immediately moves to the stack. Players can’t take any other actions until you’re done casting the spell."}], "securityStamp": "oval", "setCode": "PWCS", "subtypes": ["Elspeth"], "supertypes": ["Legendary"], "text": "[−1]: Up to two target creatures you control each get +2/+1 until end of turn.\n[−2]: Create two 1/1 white Human Soldier creature tokens.\n[−3]: You gain 5 life.\nEscape—{4}{W}{W}, Exile four other cards from your graveyard. (You may cast this card from your graveyard for its escape cost.)", "type": "Legendary Planeswalker — Elspeth", "types": ["Planeswalker"], "uuid": "2a14534f-3342-5463-a06c-688c61cf5456"}, {"artist": "Toshiaki Takayama", "artistIds": ["a4879110-33bc-4261-8e00-30b897df509b"], "availability": ["paper"], "borderColor": "black", "colorIdentity": ["W"], "colors": ["W"], "convertedManaCost": 3.0, "edhrecRank": 3071, "edhrecSaltiness": 0.16, "finishes": ["foil"], "foreignData": [{"language": "Japanese", "name": "バスリ・ケト", "text": "+1：クリーチャー最大１体を対象とし、それの上に＋１/＋１カウンターを１個置く。ターン終了時まで、それは破壊不能を得る。\n-2：このターン、トークンでないクリーチャーが１体以上攻撃するたび、その数に等しい数の白の１/１の兵士・クリーチャー・トークンをタップ状態かつ攻撃している状態で生成する。\n-6：あなたは「あなたのターンの戦闘の開始時に、白の１/１の兵士・クリーチャー・トークンを１体生成し、その後あなたがコントロールしている各クリーチャーの上に＋１/＋１カウンターをそれぞれ１個置く。」を持つ紋章を得る。", "type": "伝説のプレインズウォーカー — バスリ"}], "frameVersion": "2015", "hasFoil": true, "hasNonFoil": false, "identifiers": {"mtgjsonV4Id": "cb737505-8fcd-5c93-9ec7-2ba517afc411", "scryfallId": "5288bdcf-c374-457a-901e-ea829dae4c89", "scryfallIllustrationId": "2bd213e5-43c3-44b6-88f4-4a4a44f35e5c", "scryfallOracleId": "497d7ab8-07f1-4c8a-a45a-52b9a4d9400f", "tcgplayerProductId": "234526"}, "isPromo": true, "isReprint": true, "isStarter": true, "language": "Japanese", "layout": "normal", "leadershipSkills": {"brawl": false, "commander": false, "oathbreaker": true}, "legalities": {"commander": "Legal", "duel": "Legal", "explorer": "Legal", "gladiator": "Legal", "historic": "Legal", "historicbrawl": "Legal", "legacy": "Legal", "modern": "Legal", "oathbreaker": "Legal", "pioneer": "Legal", "vintage": "Legal"}, "loyalty": "3", "manaCost": "{1}{W}{W}", "manaValue": 3.0, "name": "Basri Ket", "number": "2021-1", "originalReleaseDate": "2021-03-12", "printings": ["M21", "PM21", "PRM", "PWCS"], "purchaseUrls": {"tcgplayer": "https://mtgjson.com/links/f7d3275c6504a157"}, "rarity": "mythic", "rulings": [{"date": "2020-06-23", "text": "The delayed triggered ability of Basri's second ability triggers if any nontoken creatures attack, and it counts how many nontoken creatures attacked. Attacking nontoken creatures that leave combat before the triggered ability resolves are counted. Token creatures that are attacking don't stop the ability from triggering and aren't counted."}, {"date": "2020-06-23", "text": "You choose which player or planeswalker each Soldier token is attacking. They don't have to be attacking the same players or planeswalkers that the nontoken creatures are attacking, and they don't have to be attacking the same player or planeswalker as each other."}, {"date": "2020-06-23", "text": "Although the Soldiers are attacking creatures, they were never declared as attacking creatures. This means that abilities that trigger whenever a creature attacks won't trigger when the Soldiers enter the battlefield attacking."}, {"date": "2020-06-23", "text": "Any effects that say that the Soldiers can't attack (such as that of Propaganda) affect only the declaration of attackers. They won't stop the Soldier tokens from entering the battlefield attacking."}, {"date": "2020-06-23", "text": "The Soldier token created by Basri's last ability can't attack during the turn you create it unless it gains haste somehow."}], "securityStamp": "oval", "setCode": "PWCS", "subtypes": ["Basri"], "supertypes": ["Legendary"], "text": "[+1]: Put a +1/+1 counter on up to one target creature. It gains indestructible until end of turn.\n[−2]: Whenever one or more nontoken creatures attack this turn, create that many 1/1 white Soldier creature tokens that are tapped and attacking.\n[−6]: You get an emblem with \"At the beginning of combat on your turn, create a 1/1 white Soldier creature token, then put a +1/+1 counter on each creature you control.\"", "type": "Legendary Planeswalker — Basri", "types": ["Planeswalker"], "uuid": "1f9de2f2-52d3-5d16-bcd6-988b38f68e09"}, {"artist": "Keiji Hida", "artistIds": ["ba75100c-ed7f-4d27-bf87-8f50e1a377f8"], "availability": ["paper"], "borderColor": "black", "colorIdentity": ["W"], "colors": ["W"], "convertedManaCost": 2.0, "edhrecRank": 14636, "edhrecSaltiness": 0.14, "finishes": ["nonfoil", "foil"], "foreignData": [{"language": "Japanese", "name": "歴戦の神聖刃", "text": "カード１枚を捨てる：歴戦の神聖刃をタップする。ターン終了時まで、これは破壊不能を得る。（ダメージや「破壊」と書かれた効果では、これは破壊されない。）\n「いつでも勝てるかどうか分からない。だが私には信仰がある。信仰が私をこれほどまでにした。」", "type": "クリーチャー — 人間・戦士"}], "frameVersion": "2015", "hasFoil": true, "hasNonFoil": true, "identifiers": {"mtgjsonV4Id": "0f54658c-c314-5325-b5fe-a53c56735e0f", "scryfallId": "89e70bca-6f90-4930-adf6-cac9a88b071d", "scryfallIllustrationId": "6c397d31-e9c9-416f-aa7d-28a25ada5ac4", "scryfallOracleId": "d03dbb60-e32b-4b74-ae8a-73d428d344cd", "tcgplayerProductId": "234528"}, "isPromo": true, "isReprint": true, "isStarter": true, "language": "Japanese", "layout": "normal", "legalities": {"commander": "Legal", "duel": "Legal", "explorer": "Legal", "gladiator": "Legal", "historic": "Legal", "historicbrawl": "Legal", "legacy": "Legal", "modern": "Legal", "oathbreaker": "Legal", "paupercommander": "Restricted", "penny": "Legal", "pioneer": "Legal", "vintage": "Legal"}, "manaCost": "{1}{W}", "manaValue": 2.0, "name": "Seasoned Hallowblade", "number": "2021-2", "originalReleaseDate": "2021-03-12", "power": "3", "printings": ["M21", "PWCS"], "purchaseUrls": {"tcgplayer": "https://mtgjson.com/links/149a9139b859bd49"}, "rarity": "uncommon", "rulings": [{"date": "2020-06-23", "text": "You can activate Seasoned Hallowblade's ability even if nothing's about to destroy it, even if it's already tapped, and even if it already has indestructible."}], "securityStamp": "oval", "setCode": "PWCS", "subtypes": ["Human", "Warrior"], "supertypes": [], "text": "Discard a card: Tap Seasoned Hallowblade. It gains indestructible until end of turn. (Damage and effects that say \"destroy\" don't destroy it.)", "toughness": "1", "type": "Creature — Human Warrior", "types": ["Creature"], "uuid": "9ca2bf43-1649-5130-9ee6-da66e93b50cc"}, {"artist": "Areku Nishiki", "artistIds": ["46445793-236c-4396-9ffd-b2cceacdca20"], "availability": ["paper"], "borderColor": "black", "colorIdentity": ["B"], "colors": ["B"], "convertedManaCost": 3.0, "edhrecRank": 413, "edhrecSaltiness": 0.68, "finishes": ["foil"], "foreignData": [{"language": "Japanese", "name": "薄暮薔薇の棘、ヴィト", "text": "あなたがライフを得るたび、対戦相手１人を対象とする。そのプレイヤーはその点数に等しい点数のライフを失う。\n{3}{B}{B}：ターン終了時まで、あなたがコントロールしているクリーチャーは絆魂を得る。", "type": "伝説のクリーチャー — 吸血鬼・クレリック"}], "frameEffects": ["legendary"], "frameVersion": "2015", "hasFoil": true, "hasNonFoil": false, "identifiers": {"mtgjsonV4Id": "00b07084-1650-561e-b1fa-fe108611a22c", "scryfallId": "aaaf7d5b-417e-4eaa-9c4a-97aaa5832198", "scryfallIllustrationId": "0fb22190-0e12-40cc-a00c-d77885ed4a4c", "scryfallOracleId": "7336a541-3ae9-4ab2-acb8-f574c0a5b3a9", "tcgplayerProductId": "234527"}, "isPromo": true, "isReprint": true, "isStarter": true, "language": "Japanese", "layout": "normal", "leadershipSkills": {"brawl": false, "commander": true, "oathbreaker": false}, "legalities": {"commander": "Legal", "duel": "Legal", "explorer": "Legal", "gladiator": "Legal", "historic": "Legal", "historicbrawl": "Legal", "legacy": "Legal", "modern": "Legal", "oathbreaker": "Legal", "pioneer": "Legal", "vintage": "Legal"}, "manaCost": "{2}{B}", "manaValue": 3.0, "name": "Vito, Thorn of the Dusk Rose", "number": "2021-3", "originalReleaseDate": "2021-03-12", "power": "1", "printings": ["J22", "M21", "P30A", "PM21", "PRES", "PRM", "PWCS"], "purchaseUrls": {"tcgplayer": "https://mtgjson.com/links/16a69530a2992499"}, "rarity": "rare", "rulings": [{"date": "2020-06-23", "text": "Because Vito's first ability doesn't deal damage, you won't gain life when it resolves if Vito has lifelink."}, {"date": "2020-06-23", "text": "If an ability triggers whenever an opponent loses life and causes you to gain life, such as the ability of Exquisite Blood, this will loop until either you win the game or a player takes an action to break the loop."}, {"date": "2020-06-23", "text": "Each creature with lifelink dealing combat damage causes a separate life-gaining event. For example, if two creatures you control with lifelink deal combat damage at the same time, Vito's first ability will trigger twice and you may choose a different opponent for each trigger. However, if a single creature you control with lifelink deals combat damage to multiple creatures, players, and/or planeswalkers at the same time (perhaps because it has trample or was blocked by more than one creature), the ability will trigger only once."}, {"date": "2020-06-23", "text": "If you gain an amount of life “for each” of something, that life is gained as one event and Vito's first ability triggers only once."}, {"date": "2020-06-23", "text": "In a Two-Headed Giant game, life gained by your teammate won't cause the ability to trigger, even though it caused your team's life total to increase."}], "securityStamp": "oval", "setCode": "PWCS", "subtypes": ["Vampire", "Cleric"], "supertypes": ["Legendary"], "text": "Whenever you gain life, target opponent loses that much life.\n{3}{B}{B}: Creatures you control gain lifelink until end of turn.", "toughness": "3", "type": "Legendary Creature — Vampire Cleric", "types": ["Creature"], "uuid": "05e2ddf4-a5f2-5f7c-9b85-3d9be85d1aa2"}, {"artist": "Anato Finnstark", "artistIds": ["05d233e7-4958-4f79-83e6-f9bf8b6ff78e"], "availability": ["paper"], "borderColor": "black", "colorIdentity": ["U"], "colors": ["U"], "convertedManaCost": 3.0, "edhrecRank": 1387, "edhrecSaltiness": 0.31, "finishes": ["foil"], "foreignData": [{"language": "Japanese", "name": "襲来の予測", "text": "呪文１つを対象とする。それを打ち消す。\n予顕{1}{U}（あなたのターンの間、あなたは{2}を支払って、あなたの手札からこのカードを裏向きに追放してもよい。後のターンに、これの予顕コストでこれを唱えてもよい。）", "type": "インスタント"}], "frameVersion": "2015", "hasFoil": true, "hasNonFoil": false, "identifiers": {"mtgjsonV4Id": "c5521dfb-7374-5847-a36d-3ce4c7e42fae", "scryfallId": "257144fc-a052-42c2-9709-3a17994b498f", "scryfallIllustrationId": "1ccf3428-29d9-483d-8680-f997c1d569fd", "scryfallOracleId": "90edaf33-d0ab-47e0-8f6a-6fba38286e6e", "tcgplayerProductId": "254690"}, "isPromo": true, "isReprint": true, "isStarter": true, "keywords": ["Foretell"], "language": "Japanese", "layout": "normal", "legalities": {"commander": "Legal", "duel": "Legal", "explorer": "Legal", "gladiator": "Legal", "historic": "Legal", "historicbrawl": "Legal", "legacy": "Legal", "modern": "Legal", "oathbreaker": "Legal", "pioneer": "Legal", "vintage": "Legal"}, "manaCost": "{1}{U}{U}", "manaValue": 3.0, "name": "Saw It Coming", "number": "2021-4", "originalReleaseDate": "2021-10-01", "printings": ["KHM", "PWCS"], "purchaseUrls": {"tcgplayer": "https://mtgjson.com/links/92a4e9819ac68ec7"}, "rarity": "uncommon", "rulings": [{"date": "2021-02-05", "text": "Because exiling a card with foretell from your hand is a special action, you can do so any time you have priority during your turn, including in response to spells and abilities. Once you announce you’re taking the action, no other player can respond by trying to remove the card from your hand."}, {"date": "2021-02-05", "text": "Casting a foretold card from exile follows the timing rules for that card. If you foretell an instant card, you can cast it as soon as the next player’s turn. In most cases, if you foretell a card that isn’t an instant (or doesn’t have flash), you’ll have to wait until your next turn to cast it."}, {"date": "2021-02-05", "text": "If you’re casting a foretold card from exile for its foretell cost, you can’t choose to cast it for any other alternative costs. You can, however, pay additional costs, such as kicker costs. If the card has any mandatory additional costs, those must be paid to cast the spell."}], "setCode": "PWCS", "subtypes": [], "supertypes": [], "text": "Counter target spell.\nForetell {1}{U} (During your turn, you may pay {2} and exile this card from your hand face down. Cast it on a later turn for its foretell cost.)", "type": "Instant", "types": ["Instant"], "uuid": "4c26d1b3-93f7-55d1-98b2-c63de101258c", "watermark": "foretell"}, {"artist": "Jason A. Engle", "artistIds": ["02e2b5de-4341-464c-8fdb-a1adbf873bc0"], "availability": ["paper"], "borderColor": "black", "colorIdentity": ["B", "W"], "colors": ["B", "W"], "convertedManaCost": 5.0, "edhrecRank": 2455, "edhrecSaltiness": 0.2, "finishes": ["foil"], "foreignData": [{"language": "Japanese", "name": "情け無用のケイヤ", "text": "+1：トークンでないクリーチャー最大１体を対象とする。それの上に幽体カウンター１個を置く。それは「このクリーチャーが死亡するか追放領域に置かれたとき、これをオーナーの手札に戻し、飛行を持つ白の１/１のスピリット・クリーチャー・トークン１体を生成する。」を得る。\n-3：土地でないパーマネント１つを対象とする。それを追放する。\n-7：あなたは「あなたのアップキープの開始時に、あなたは、あなたの手札からかあなたの墓地からか追放領域にありあなたがオーナーであるカードの中から、伝説の呪文１つを、そのマナ・コストを支払うことなく唱えてもよい。」を持つ紋章を得る。", "type": "伝説のプレインズウォーカー — ケイヤ"}], "frameVersion": "2015", "hasFoil": true, "hasNonFoil": false, "identifiers": {"mtgjsonV4Id": "eaf0e843-4108-5fec-979e-84d7d9c2907b", "scryfallId": "99dd00c7-0f9c-48d2-8b47-a0a05dbf8176", "scryfallIllustrationId": "36f0421c-d746-49d6-917b-f106e0d6d061", "scryfallOracleId": "13a4f88b-6832-43a1-b4fa-c1ee60560bad", "tcgplayerProductId": "254688"}, "isPromo": true, "isReprint": true, "isStarter": true, "language": "Japanese", "layout": "normal", "leadershipSkills": {"brawl": false, "commander": false, "oathbreaker": true}, "legalities": {"commander": "Legal", "duel": "Legal", "explorer": "Legal", "gladiator": "Legal", "historic": "Legal", "historicbrawl": "Legal", "legacy": "Legal", "modern": "Legal", "oathbreaker": "Legal", "pioneer": "Legal", "vintage": "Legal"}, "loyalty": "5", "manaCost": "{3}{W}{B}", "manaValue": 5.0, "name": "Kaya the Inexorable", "number": "2021-5", "originalReleaseDate": "2021-10-01", "printings": ["KHM", "PKHM", "PRM", "PWCS"], "purchaseUrls": {"tcgplayer": "https://mtgjson.com/links/1f59c64891bc38e4"}, "rarity": "mythic", "rulings": [{"date": "2021-02-05", "text": "The ghostform counter added by the first ability doesn’t have any functional importance. It’s there to remind you of the ability the creature gains. Even if that counter is removed from the creature, the triggered ability it gains will still work."}, {"date": "2021-02-05", "text": "If a nontoken creature gains more than one instance of that triggered ability, each of them will trigger separately. You can return the card to its owner’s hand only once, but you’ll create a Spirit creature token for each of those abilities."}, {"date": "2021-02-05", "text": "If you own a face-down card in exile, Kaya’s emblem will let you cast it only if you can look at the card (and only if it’s legendary). If you aren’t allowed to look at the card, you can’t cast it, even if you know it’s legendary."}, {"date": "2021-02-05", "text": "If you cast a spell “without paying its mana cost,” you can’t choose to cast it for any alternative costs. You can, however, pay additional costs, such as kicker costs. If the card has any mandatory additional costs, those must be paid to cast the spell."}, {"date": "2021-02-05", "text": "If the spell has {X} in its mana cost, you must choose 0 as the value of X."}], "securityStamp": "oval", "setCode": "PWCS", "subtypes": ["Kaya"], "supertypes": ["Legendary"], "text": "[+1]: Put a ghostform counter on up to one target nontoken creature. It gains \"When this creature dies or is put into exile, return it to its owner's hand and create a 1/1 white Spirit creature token with flying.\"\n[−3]: Exile target nonland permanent.\n[−7]: You get an emblem with \"At the beginning of your upkeep, you may cast a legendary spell from your hand, from your graveyard, or from among cards you own in exile without paying its mana cost.\"", "type": "Legendary Planeswalker — Kaya", "types": ["Planeswalker"], "uuid": "869f77e2-9d40-51a4-ab22-4182f95162a7"}, {"artist": "Pablo Mendoza", "artistIds": ["57f8d135-42e9-46e2-bb00-eff941b3152b"], "availability": ["paper"], "borderColor": "black", "colorIdentity": [], "colors": [], "convertedManaCost": 0.0, "edhrecRank": 4103, "edhrecSaltiness": 0.2, "finishes": ["foil"], "foreignData": [{"language": "Japanese", "name": "不詳の安息地", "text": "{T}：{C}を加える。\n{S}{S}{S}：ターン終了時まで、不詳の安息地は警戒とすべてのクリーチャー・タイプを持つ４/３のクリーチャーになる。これは土地でもある。（{S}は氷雪である発生源からのマナ１点で支払える。）", "type": "氷雪土地"}], "frameEffects": ["snow"], "frameVersion": "2015", "hasFoil": true, "hasNonFoil": false, "identifiers": {"mtgjsonV4Id": "06772eb8-ef04-54c1-9ccc-a8031097ecda", "scryfallId": "f447b55a-8998-46dd-b10c-4545bbcb97c2", "scryfallIllustrationId": "77adb800-db77-4322-b957-7912d983311c", "scryfallOracleId": "f74107d5-fb4a-464b-9251-42b84d91775d", "tcgplayerProductId": "254689"}, "isPromo": true, "isReprint": true, "isStarter": true, "language": "Japanese", "layout": "normal", "legalities": {"commander": "Legal", "duel": "Legal", "explorer": "Legal", "gladiator": "Legal", "historic": "Legal", "historicbrawl": "Legal", "legacy": "Legal", "modern": "Legal", "oathbreaker": "Legal", "pioneer": "Legal", "vintage": "Legal"}, "manaValue": 0.0, "name": "Faceless Haven", "number": "2021-6", "originalReleaseDate": "2021-10-01", "printings": ["KHM", "PKHM", "PRM", "PWCS"], "purchaseUrls": {"tcgplayer": "https://mtgjson.com/links/b0ec453b97e15a71"}, "rarity": "rare", "rulings": [{"date": "2021-02-05", "text": "Although Faceless Haven will have all creature types after its last activated ability resolves, it will not have the changeling keyword ability."}, {"date": "2021-02-05", "text": "If Faceless Haven becomes a creature but hasn’t been under your control since the beginning of your most recent turn, it can’t attack or be tapped for mana."}, {"date": "2021-02-05", "text": "Snow is a supertype, not a card type. It has no rules meaning or function by itself, but spells and abilities may refer to it."}, {"date": "2021-02-05", "text": "The {S} symbol is a generic mana symbol. It represents a cost that can be paid by one mana that was produced by a snow source. That mana can be any color or colorless."}, {"date": "2021-02-05", "text": "Snow isn’t a type of mana. If an effect says you may spend mana as though it were any type, you can’t pay for {S} using mana that wasn’t produced by a snow source."}, {"date": "2021-02-05", "text": "Some cards have additional effects for each {S} spent to cast them. You can cast these spells even if you don’t spend any snow mana to cast them; their additional effects simply won’t do anything."}, {"date": "2021-02-05", "text": "The Kaldheim set doesn’t have any cards with mana costs that include {S}, but some previous sets do. If an effect says such a spell costs {1} less to cast, that reduction doesn’t apply to any {S} costs. This is also true for activated abilities that include {S} in their activation costs and effects that reduce those costs."}], "securityStamp": "oval", "setCode": "PWCS", "subtypes": [], "supertypes": ["Snow"], "text": "{T}: Add {C}.\n{S}{S}{S}: Faceless Haven becomes a 4/3 creature with vigilance and all creature types until end of turn. It's still a land. ({S} can be paid with one mana from a snow source.)", "type": "Snow Land", "types": ["Land"], "uuid": "a50aa532-3860-546d-b4d0-fcc5a8bb44a7"}, {"artist": "Toshiaki Takayama", "artistIds": ["a4879110-33bc-4261-8e00-30b897df509b"], "availability": ["paper"], "borderColor": "black", "colorIdentity": ["W"], "colors": ["W"], "convertedManaCost": 4.0, "edhrecRank": 10682, "finishes": ["foil"], "foreignData": [], "frameVersion": "2015", "hasFoil": true, "hasNonFoil": false, "identifiers": {"cardsphereId": "100912", "mtgjsonV4Id": "5eccec32-b2c8-590e-810d-1c3dd08b836e", "scryfallId": "5d185697-ebfd-4909-a734-9e1bd52e64e0", "scryfallIllustrationId": "a002f2d3-bf87-4af2-bae0-54cdbedea7d1", "scryfallOracleId": "1f3dbc53-4075-40b8-b70d-ce74d3ff5f6d", "tcgplayerProductId": "271345"}, "isPromo": true, "isReprint": true, "isStarter": true, "language": "Japanese", "layout": "normal", "leadershipSkills": {"brawl": false, "commander": false, "oathbreaker": true}, "legalities": {"commander": "Legal", "duel": "Legal", "explorer": "Legal", "gladiator": "Legal", "historic": "Legal", "historicbrawl": "Legal", "legacy": "Legal", "modern": "Legal", "oathbreaker": "Legal", "pioneer": "Legal", "vintage": "Legal"}, "loyalty": "3", "manaCost": "{2}{W}{W}", "manaValue": 4.0, "name": "Grand Master of Flowers", "number": "2022-1", "originalReleaseDate": "2022-04-01", "printings": ["AFR", "PAFR", "PRM", "PWCS"], "purchaseUrls": {"tcgplayer": "https://mtgjson.com/links/f248e093b591a5ec"}, "rarity": "mythic", "rulings": [{"date": "2021-07-23", "text": "While Grand Master of Flowers is a creature, he is not a planeswalker. He cannot be attacked and damage dealt to him while he is a creature will not reduce the number of loyalty counters he has. However, you may still activate his loyalty abilities as normal."}, {"date": "2021-07-23", "text": "You can activate the last ability of Grand Master of Flowers even if there isn't a card named Monk of the Open Hand in your library or graveyard."}, {"date": "2021-07-23", "text": "The first ability of Grand Master of Flowers doesn't use the stack and can't be responded to. Similarly, players can't respond to paying the cost of adding loyalty counters for an ability. Therefore, if Grand Master of Flowers has six loyalty and you activate one of his abilities, he will be a 7/7 Dragon God with flying and indestructible before players can respond to the loyalty ability."}, {"date": "2021-07-23", "text": "If Grand Master of Flowers somehow gains enough loyalty to become a creature while it is being attacked, it is removed from combat. If blockers haven't been declared yet, it may then block. It may even block creatures that were previously attacking it. Creatures that were previously attacking it that go unblocked won't deal combat damage."}], "securityStamp": "oval", "setCode": "PWCS", "subtypes": ["Bahamut"], "supertypes": ["Legendary"], "text": "As long as Grand Master of Flowers has seven or more loyalty counters on him, he's a 7/7 Dragon God creature with flying and indestructible.\n[+1]: Target creature without first strike, double strike, or vigilance can't attack or block until your next turn.\n[+1]: Search your library and/or graveyard for a card named Monk of the Open Hand, reveal it, and put it into your hand. If you search your library this way, shuffle.", "type": "Legendary Planeswalker — Bahamut", "types": ["Planeswalker"], "uuid": "3161ec9f-c6e4-5a67-a67d-1d44c8db4c50"}, {"artist": "Kotakan", "artistIds": ["81519769-b8a8-4a28-a5c6-a64b1a345495"], "availability": ["paper"], "borderColor": "black", "colorIdentity": ["R", "W"], "colors": ["R", "W"], "convertedManaCost": 5.0, "edhrecRank": 7364, "finishes": ["foil"], "foreignData": [], "frameVersion": "2015", "hasFoil": true, "hasNonFoil": false, "identifiers": {"cardsphereId": "100915", "mtgjsonV4Id": "ed197719-a4b1-526e-a608-57ddda96d2b6", "scryfallId": "dbf114d3-6e29-4143-8041-a01f1ab316e8", "scryfallIllustrationId": "e1a2ac61-67e6-40cc-bb5d-a641b3dd507b", "scryfallOracleId": "a361fdd1-7f97-4aed-8e24-ab2a03387f73", "tcgplayerProductId": "271346"}, "isPromo": true, "isReprint": true, "isStarter": true, "keywords": ["Flying", "Haste", "Lifelink"], "language": "Japanese", "layout": "normal", "legalities": {"commander": "Legal", "duel": "Legal", "explorer": "Legal", "gladiator": "Legal", "historic": "Legal", "historicbrawl": "Legal", "legacy": "Legal", "modern": "Legal", "oathbreaker": "Legal", "penny": "Legal", "pioneer": "Legal", "vintage": "Legal"}, "manaCost": "{3}{R}{W}", "manaValue": 5.0, "name": "Adult Gold Dragon", "number": "2022-2", "originalReleaseDate": "2022-04-01", "power": "4", "printings": ["AFR", "PAFR", "PRM", "PWCS"], "purchaseUrls": {"tcgplayer": "https://mtgjson.com/links/3675b2346a1dcd49"}, "rarity": "rare", "securityStamp": "oval", "setCode": "PWCS", "subtypes": ["Dragon"], "supertypes": [], "text": "Flying, lifelink, haste", "toughness": "3", "type": "Creature — Dragon", "types": ["Creature"], "uuid": "5265ed5b-e1ec-5938-af6d-9cde73a96a38"}, {"artist": "Sansyu", "artistIds": ["00f53364-12d6-4797-85fe-30503bae0d11"], "availability": ["paper"], "borderColor": "black", "colorIdentity": ["B", "U"], "colors": ["B", "U"], "convertedManaCost": 2.0, "edhrecRank": 3399, "edhrecSaltiness": 0.27, "finishes": ["foil"], "foreignData": [], "frameEffects": ["legendary"], "frameVersion": "2015", "hasFoil": true, "hasNonFoil": false, "identifiers": {"cardsphereId": "100916", "mtgjsonV4Id": "89053066-0100-520d-8422-7bd13b803605", "scryfallId": "ed30b866-cc93-48a6-9f70-4c855783f7bc", "scryfallIllustrationId": "cc149eae-3572-40a0-91cb-29f0e748a4f0", "scryfallOracleId": "77212081-0b49-4d92-9c5a-1f21e6907fce", "tcgplayerProductId": "271347"}, "isPromo": true, "isReprint": true, "isStarter": true, "keywords": ["Mill", "Scry"], "language": "Japanese", "layout": "normal", "leadershipSkills": {"brawl": false, "commander": true, "oathbreaker": false}, "legalities": {"commander": "Legal", "duel": "Legal", "explorer": "Legal", "gladiator": "Legal", "legacy": "Legal", "modern": "Legal", "oathbreaker": "Legal", "paupercommander": "Restricted", "pioneer": "Legal", "vintage": "Legal"}, "manaCost": "{U}{B}", "manaValue": 2.0, "name": "Krydle of Baldur's Gate", "number": "2022-3", "originalReleaseDate": "2022-04-01", "power": "1", "printings": ["AFR", "HBG", "PLIST", "PWCS"], "purchaseUrls": {"tcgplayer": "https://mtgjson.com/links/2383686afa3372d3"}, "rarity": "uncommon", "setCode": "PWCS", "subtypes": ["Human", "Elf", "Rogue"], "supertypes": ["Legendary"], "text": "Whenever Krydle of Baldur's Gate deals combat damage to a player, that player loses 1 life and mills a card, then you gain 1 life and scry 1.\nWhenever you attack, you may pay {2}. If you do, target creature can't be blocked this turn.", "toughness": "3", "type": "Legendary Creature — Human Elf Rogue", "types": ["Creature"], "uuid": "902829f9-9ef8-5886-8830-d14bc208bea0"}, {"artist": "Takayuki Futami", "artistIds": ["76aa75c9-5e57-4d6f-8351-2f6fbcb21f8d"], "availability": ["paper"], "borderColor": "black", "colorIdentity": ["W"], "colors": ["W"], "convertedManaCost": 4.0, "edhrecRank": 3529, "edhrecSaltiness": 0.38, "finishes": ["foil"], "foreignData": [], "frameVersion": "2015", "hasFoil": true, "hasNonFoil": false, "identifiers": {"cardsphereId": "100913", "mtgjsonV4Id": "81684fcb-53b9-5b9e-85f3-c82caff8ebd7", "scryfallId": "6e0602c9-ee32-4aa1-a6e7-3b92e3d90152", "scryfallIllustrationId": "03afdd1b-ca07-4362-9ea1-abcff380295b", "scryfallOracleId": "0c7f18d5-36cb-4bc6-a358-443b97666215", "tcgplayerProductId": "454400"}, "isPromo": true, "isReprint": true, "isStarter": true, "keywords": ["Flash"], "language": "Japanese", "layout": "normal", "leadershipSkills": {"brawl": false, "commander": false, "oathbreaker": true}, "legalities": {"alchemy": "Legal", "brawl": "Legal", "commander": "Legal", "duel": "Legal", "explorer": "Legal", "future": "Legal", "gladiator": "Legal", "historic": "Legal", "historicbrawl": "Legal", "legacy": "Legal", "modern": "Legal", "oathbreaker": "Legal", "pioneer": "Legal", "standard": "Legal", "vintage": "Legal"}, "loyalty": "3", "manaCost": "{2}{W}{W}", "manaValue": 4.0, "name": "The Wandering Emperor", "number": "2022-4", "originalReleaseDate": "2022-09-22", "printings": ["NEO", "PNEO", "PRM", "PWCS"], "purchaseUrls": {"tcgplayer": "https://mtgjson.com/links/1c81fff875a4b326"}, "rarity": "mythic", "rulings": [{"date": "2022-02-18", "text": "You may still only activate one of The Wandering Emperor's loyalty abilities on the turn she entered the battlefield."}], "securityStamp": "oval", "setCode": "PWCS", "subtypes": [], "supertypes": ["Legendary"], "text": "Flash\nAs long as The Wandering Emperor entered the battlefield this turn, you may activate her loyalty abilities any time you could cast an instant.\n[+1]: Put a +1/+1 counter on up to one target creature. It gains first strike until end of turn.\n[−1]: Create a 2/2 white Samurai creature token with vigilance.\n[−2]: Exile target tapped creature. You gain 2 life.", "type": "Legendary Planeswalker", "types": ["Planeswalker"], "uuid": "172a10dc-1b3d-5d24-b312-89fe2387a81e"}, {"artist": "SOFT_MEN", "artistIds": ["bdafa5ad-9991-4395-9484-1ab3c67de32b"], "availability": ["paper"], "borderColor": "black", "colorIdentity": ["W"], "colors": ["W"], "convertedManaCost": 6.0, "edhrecRank": 202, "edhrecSaltiness": 1.1, "finishes": ["foil"], "foreignData": [], "frameVersion": "2015", "hasFoil": true, "hasNonFoil": false, "identifiers": {"cardsphereId": "100914", "mtgjsonV4Id": "a6b10546-fae1-5deb-a2b4-479860132225", "scryfallId": "713b65b8-12f9-4803-8a93-254afb13e735", "scryfallIllustrationId": "82f24b02-de19-46e6-b6c8-aa83b24bf3cb", "scryfallOracleId": "4eb813fd-2d5a-4b02-8193-662681ef4e7d", "tcgplayerProductId": "454397"}, "isPromo": true, "isReprint": true, "isStarter": true, "language": "Japanese", "layout": "normal", "legalities": {"alchemy": "Legal", "brawl": "Legal", "commander": "Legal", "duel": "Legal", "explorer": "Legal", "future": "Legal", "gladiator": "Legal", "historic": "Legal", "historicbrawl": "Legal", "legacy": "Legal", "modern": "Legal", "oathbreaker": "Legal", "pioneer": "Legal", "standard": "Legal", "vintage": "Legal"}, "manaCost": "{4}{W}{W}", "manaValue": 6.0, "name": "Farewell", "number": "2022-5", "originalReleaseDate": "2022-09-22", "printings": ["NEO", "PNEO", "PRM", "PWCS", "WHO"], "purchaseUrls": {"tcgplayer": "https://mtgjson.com/links/973823f775b593ff"}, "rarity": "rare", "rulings": [{"date": "2022-02-18", "text": "If you choose more than one mode for Farewell, you perform the actions in the order written."}], "securityStamp": "oval", "setCode": "PWCS", "subtypes": [], "supertypes": [], "text": "Choose one or more —\n• Exile all artifacts.\n• Exile all creatures.\n• Exile all enchantments.\n• Exile all graveyards.", "type": "Sorcery", "types": ["Sorcery"], "uuid": "05da9e34-db19-5a43-84d4-7598dd93424b"}, {"artist": "Ruiko Nakamura", "artistIds": ["74f41fa1-b585-443a-a627-7f5e64bde4fa"], "availability": ["paper"], "borderColor": "black", "colorIdentity": ["W"], "colors": ["W"], "convertedManaCost": 2.0, "edhrecRank": 7100, "edhrecSaltiness": 0.25, "finishes": ["foil"], "foreignData": [], "frameVersion": "2015", "hasFoil": true, "hasNonFoil": false, "identifiers": {"cardsphereId": "100911", "mtgjsonV4Id": "05789558-f59f-59fa-b236-57fee6df2eac", "scryfallId": "33cffd0d-d20c-40aa-9b4b-a79c4963a9bf", "scryfallIllustrationId": "8193046f-c51f-4dac-98f5-9fad46c65620", "scryfallOracleId": "2800830c-73c6-4097-be7b-d698c6813c38", "tcgplayerProductId": "454394"}, "isPromo": true, "isReprint": true, "isStarter": true, "language": "Japanese", "layout": "normal", "legalities": {"alchemy": "Legal", "brawl": "Legal", "commander": "Legal", "duel": "Legal", "explorer": "Legal", "future": "Legal", "gladiator": "Legal", "historic": "Legal", "historicbrawl": "Legal", "legacy": "Legal", "modern": "Legal", "oathbreaker": "Legal", "penny": "Legal", "pioneer": "Legal", "standard": "Legal", "vintage": "Legal"}, "manaCost": "{W}{W}", "manaValue": 2.0, "name": "Banishing Slash", "number": "2022-6", "originalReleaseDate": "2022-09-22", "printings": ["NEO", "PWCS"], "purchaseUrls": {"tcgplayer": "https://mtgjson.com/links/259caf866a670803"}, "rarity": "uncommon", "rulings": [{"date": "2022-02-18", "text": "If you control an artifact that is also an enchantment as Banishing Slash resolves, you will create a Samurai token."}, {"date": "2022-02-18", "text": "You may cast Banishing Slash without choosing a target. If you do, and you control both an artifact and an enchantment as it resolves, you'll just create a Samurai token. However, if you do choose a target and that target is an illegal target as Banishing Slash tries to resolve, Banishing Slash won't resolve and none of its effects will happen. The illegal target won't be destroyed and you won't create a Samurai token."}], "setCode": "PWCS", "subtypes": [], "supertypes": [], "text": "Destroy up to one target artifact, enchantment, or tapped creature. Then if you control an artifact and an enchantment, create a 2/2 white Samurai creature token with vigilance.", "type": "Sorcery", "types": ["Sorcery"], "uuid": "2126bd72-70f6-52c8-b41e-cc86697f4a39"}, {"artist": "Areku Nishiki", "artistIds": ["46445793-236c-4396-9ffd-b2cceacdca20"], "availability": ["paper"], "borderColor": "black", "colorIdentity": ["W"], "colors": ["W"], "convertedManaCost": 5.0, "edhrecRank": 3235, "edhrecSaltiness": 0.15, "finishes": ["foil"], "foreignData": [], "frameVersion": "2015", "hasFoil": true, "hasNonFoil": false, "identifiers": {"mtgjsonV4Id": "d4008a81-4a5d-52cd-ba65-1ef30d93fb69", "scryfallId": "df93ab68-3560-4482-9b86-1c8aa7ec2be6", "scryfallIllustrationId": "eac6db33-ca08-4314-84c9-36b0b28ade5f", "scryfallOracleId": "24591330-d038-478f-b89d-b7b66c0b5cc3", "tcgplayerProductId": "495672"}, "isPromo": true, "isReprint": true, "isStarter": true, "language": "Japanese", "layout": "normal", "leadershipSkills": {"brawl": false, "commander": false, "oathbreaker": true}, "legalities": {"alchemy": "Legal", "brawl": "Legal", "commander": "Legal", "duel": "Legal", "explorer": "Legal", "future": "Legal", "gladiator": "Legal", "historic": "Legal", "historicbrawl": "Legal", "legacy": "Legal", "modern": "Legal", "oathbreaker": "Legal", "pioneer": "Legal", "standard": "Legal", "vintage": "Legal"}, "loyalty": "5", "manaCost": "{3}{W}{W}", "manaValue": 5.0, "name": "Elspeth Resplendent", "number": "2023-1", "originalReleaseDate": "2023-04-01", "printings": ["PRM", "PSNC", "PWCS", "SNC"], "purchaseUrls": {"tcgplayer": "https://mtgjson.com/links/1ddabc734113fce7"}, "rarity": "mythic", "rulings": [{"date": "2022-04-29", "text": "For Elspeth's first ability, its controller chooses flying, first strike, lifelink, or vigilance, then that counter and the +1/+1 counter are placed on the target creature at the same time."}, {"date": "2022-04-29", "text": "Shield counters don't prevent players from sacrificing creatures."}, {"date": "2022-04-29", "text": "Removing a shield counter in this way isn't the same as regenerating a creature."}, {"date": "2022-04-29", "text": "If a permanent that would be dealt damage has more than one shield counter on it, that damage is prevented and only one shield counter is removed."}, {"date": "2022-04-29", "text": "If a permanent with a shield counter is dealt unpreventable damage, that damage will be dealt and a shield counter will still be removed."}, {"date": "2022-04-29", "text": "A creature with a shield counter on it may still be destroyed by state-based actions if it has damage marked on it equal to its toughness or has been dealt unpreventable damage by a source with deathtouch."}, {"date": "2022-04-29", "text": "“Shield” is not an ability that creatures have and shield counters are not keyword counters. If a creature with a shield counter loses its abilities, the shield counter will still protect it as normal."}], "securityStamp": "oval", "setCode": "PWCS", "subtypes": ["Elspeth"], "supertypes": ["Legendary"], "text": "[+1]: Choose up to one target creature. Put a +1/+1 counter and a counter from among flying, first strike, lifelink, or vigilance on it.\n[−3]: Look at the top seven cards of your library. You may put a permanent card with mana value 3 or less from among them onto the battlefield with a shield counter on it. Put the rest on the bottom of your library in a random order.\n[−7]: Create five 3/3 white Angel creature tokens with flying.", "type": "Legendary Planeswalker — Elspeth", "types": ["Planeswalker"], "uuid": "b253f08e-c477-510d-9716-f78924378886"}, {"artist": "Umiu Geso", "artistIds": ["82d81f92-3885-4a0d-8012-8e391a0b9f2e"], "availability": ["paper"], "borderColor": "black", "colorIdentity": ["W"], "colors": ["W"], "convertedManaCost": 2.0, "edhrecRank": 2163, "edhrecSaltiness": 0.25, "finishes": ["foil"], "foreignData": [], "frameEffects": ["legendary"], "frameVersion": "2015", "hasFoil": true, "hasNonFoil": false, "identifiers": {"mtgjsonV4Id": "45bf93a3-762e-51a9-ab0e-c10538232596", "scryfallId": "06eda212-933c-484e-bbf6-611472a168ea", "scryfallIllustrationId": "f9374be7-f92e-4033-a78e-9dd7b01c86b5", "scryfallOracleId": "48e6d3d8-2f27-4017-acdd-40bce8cdbc02", "tcgplayerProductId": "492046"}, "isPromo": true, "isReprint": true, "isStarter": true, "keywords": ["Flying", "Vigilance"], "language": "Japanese", "layout": "normal", "leadershipSkills": {"brawl": false, "commander": true, "oathbreaker": false}, "legalities": {"alchemy": "Legal", "brawl": "Legal", "commander": "Legal", "duel": "Legal", "explorer": "Legal", "future": "Legal", "gladiator": "Legal", "historic": "Legal", "historicbrawl": "Legal", "legacy": "Legal", "modern": "Legal", "oathbreaker": "Legal", "pioneer": "Legal", "standard": "Legal", "vintage": "Legal"}, "manaCost": "{1}{W}", "manaValue": 2.0, "name": "Giada, Font of Hope", "number": "2023-2", "originalReleaseDate": "2023-04-01", "power": "2", "printings": ["PSNC", "PWCS", "SNC"], "purchaseUrls": {"tcgplayer": "https://mtgjson.com/links/d5d840b62850435d"}, "rarity": "rare", "rulings": [{"date": "2022-04-29", "text": "“Each Angel you already control” means each Angel you control other than the Angel entering the battlefield, including Giada. It doesn't matter if some or all of the Angels on the battlefield entered the battlefield after Giada did."}], "securityStamp": "oval", "setCode": "PWCS", "subtypes": ["Angel"], "supertypes": ["Legendary"], "text": "Flying, vigilance\nEach other Angel you control enters the battlefield with an additional +1/+1 counter on it for each Angel you already control.\n{T}: Add {W}. Spend this mana only to cast an Angel spell.", "toughness": "2", "type": "Legendary Creature — Angel", "types": ["Creature"], "uuid": "25b1d408-26d6-53f6-aa27-e8554f9a7cd9"}, {"artist": "Yuichi Murakami", "artistIds": ["6661974f-7c96-47de-9a83-0439a33499e4"], "availability": ["paper"], "borderColor": "black", "colorIdentity": ["B"], "colors": ["B"], "convertedManaCost": 3.0, "edhrecRank": 2920, "edhrecSaltiness": 0.71, "finishes": ["foil"], "foreignData": [], "frameVersion": "2015", "hasFoil": true, "hasNonFoil": false, "identifiers": {"mtgjsonV4Id": "fc3f8c0a-9127-53ea-a517-abee256deb08", "scryfallId": "18ba425e-a529-4080-9dcf-5246ffae0747", "scryfallIllustrationId": "bd5ad1c4-6a13-4c00-b381-fc2d0c0c4350", "scryfallOracleId": "0ba134d8-ee7d-48ec-8dc6-57942b8e9261"}, "isPromo": true, "isReprint": true, "isStarter": true, "language": "Japanese", "layout": "normal", "leadershipSkills": {"brawl": false, "commander": false, "oathbreaker": true}, "legalities": {"alchemy": "Legal", "brawl": "Legal", "commander": "Legal", "duel": "Legal", "explorer": "Legal", "future": "Legal", "gladiator": "Legal", "historic": "Legal", "historicbrawl": "Legal", "legacy": "Legal", "modern": "Legal", "oathbreaker": "Legal", "pioneer": "Legal", "standard": "Legal", "vintage": "Legal"}, "loyalty": "3", "manaCost": "{1}{B}{B}", "manaValue": 3.0, "name": "Liliana of the Veil", "number": "2023-3", "originalReleaseDate": "2023-09-01", "printings": ["DMU", "ISD", "MM3", "PDMU", "PPRO", "PRM", "PUMA", "PWCS", "UMA"], "purchaseUrls": {}, "rarity": "mythic", "rulings": [{"date": "2022-09-09", "text": "You can activate Liliana’s first ability even if some or all players will be unable to discard a card."}, {"date": "2022-09-09", "text": "When Liliana’s first ability resolves, first the player whose turn it is chooses a card in hand without revealing it, then each other player in turn order does the same. Then all the chosen cards are discarded at the same time."}, {"date": "2022-09-09", "text": "When Liliana’s third ability resolves, you put each permanent the player controls into one of the two piles. For example, you could put a creature into one pile and an Aura enchanting that creature into the other pile."}, {"date": "2022-09-09", "text": "A pile can be empty. If the player chooses an empty pile, no permanents will be sacrificed."}], "securityStamp": "oval", "setCode": "PWCS", "subtypes": ["Liliana"], "supertypes": ["Legendary"], "text": "[+1]: Each player discards a card.\n[−2]: Target player sacrifices a creature.\n[−6]: Separate all permanents target player controls into two piles. That player sacrifices all permanents in the pile of their choice.", "type": "Legendary Planeswalker — Liliana", "types": ["Planeswalker"], "uuid": "5696dea8-d277-5521-a631-304c7cffa04e"}, {"artist": "Daisuke Tatsuma", "artistIds": ["675cdf22-927b-4ffd-9527-c30ae6413994"], "availability": ["paper"], "borderColor": "black", "colorIdentity": ["B"], "colors": ["B"], "convertedManaCost": 3.0, "edhrecRank": 551, "edhrecSaltiness": 0.64, "finishes": ["foil"], "foreignData": [], "frameEffects": ["legendary"], "frameVersion": "2015", "hasFoil": true, "hasNonFoil": false, "identifiers": {"mtgjsonV4Id": "90c347e4-bfaa-5056-812e-77e74b3beab9", "scryfallId": "d7741b03-c16a-426c-8847-622b5fc1236f", "scryfallIllustrationId": "d32c7f06-7924-4625-9b2e-3658488f2c0b", "scryfallOracleId": "e0445c80-fa53-4c3e-881e-940e9fce7f57"}, "isPromo": true, "isReprint": true, "isStarter": true, "language": "Japanese", "layout": "normal", "leadershipSkills": {"brawl": false, "commander": true, "oathbreaker": false}, "legalities": {"alchemy": "Legal", "brawl": "Legal", "commander": "Legal", "duel": "Legal", "explorer": "Legal", "future": "Legal", "gladiator": "Legal", "historic": "Legal", "historicbrawl": "Legal", "legacy": "Legal", "modern": "Legal", "oathbreaker": "Legal", "pioneer": "Legal", "standard": "Legal", "vintage": "Legal"}, "manaCost": "{1}{B}{B}", "manaValue": 3.0, "name": "Braids, Arisen Nightmare", "number": "2023-4", "originalReleaseDate": "2023-09-01", "power": "3", "printings": ["DMU", "GDY", "PDMU", "PRM", "PWCS"], "purchaseUrls": {}, "rarity": "rare", "rulings": [{"date": "2022-09-09", "text": "If the permanent that you sacrifice as you resolve Braids’s triggered ability has more than one card type, each opponent may choose to sacrifice any permanent they control that shares any card type with it. For example, if the permanent you sacrifice is an artifact creature, one opponent might choose to sacrifice an artifact and another opponent might choose to sacrifice a creature."}], "securityStamp": "oval", "setCode": "PWCS", "subtypes": ["Nightmare"], "supertypes": ["Legendary"], "text": "At the beginning of your end step, you may sacrifice an artifact, creature, enchantment, land, or planeswalker. If you do, each opponent may sacrifice a permanent that shares a card type with it. For each opponent who doesn't, that player loses 2 life and you draw a card.", "toughness": "3", "type": "Legendary Creature — Nightmare", "types": ["Creature"], "uuid": "3f548a55-2c3b-521a-b67d-a16d6ca7cb2c"}, {"artist": "Brock Grossman", "artistIds": ["b0ab1253-e0bd-430b-a219-fdc7ed8ecdf8"], "availability": ["paper"], "borderColor": "black", "colorIdentity": ["B"], "colors": ["B"], "convertedManaCost": 3.0, "edhrecRank": 3786, "edhrecSaltiness": 0.03, "finishes": ["foil"], "flavorText": "\"Resist if you must. It makes no difference. As with Mirrodin, your world will bow to Phyrexia.\"\n—Sheoldred", "foreignData": [], "frameVersion": "2015", "hasFoil": true, "hasNonFoil": false, "identifiers": {"mtgjsonV4Id": "945dff53-1227-51c8-a08f-cc8fc4ad2e86", "scryfallId": "23f6dc4b-7e33-4d66-84bd-37e9931cd7a1", "scryfallIllustrationId": "643add0c-fc8c-42ff-9d2f-2c3a86b7683e", "scryfallOracleId": "e409c9be-0c9a-43c3-adb4-8c47afc1d551"}, "isPromo": true, "isReprint": true, "isStarter": true, "language": "Japanese", "layout": "normal", "legalities": {"alchemy": "Legal", "brawl": "Legal", "commander": "Legal", "duel": "Legal", "explorer": "Legal", "future": "Legal", "gladiator": "Legal", "historic": "Legal", "historicbrawl": "Legal", "legacy": "Legal", "modern": "Legal", "oathbreaker": "Legal", "pauper": "Legal", "paupercommander": "Legal", "penny": "Legal", "pioneer": "Legal", "predh": "Legal", "premodern": "Legal", "standard": "Legal", "vintage": "Legal"}, "manaCost": "{2}{B}", "manaValue": 3.0, "name": "Phyrexian Rager", "number": "2023-5", "originalReleaseDate": "2023-09-01", "power": "2", "printings": ["10E", "APC", "C15", "CLB", "CMA", "CMR", "DDD", "DMR", "DMU", "EMA", "GVL", "IMA", "JMP", "MB1", "MBS", "MOC", "PMEI", "PWCS"], "purchaseUrls": {}, "rarity": "uncommon", "setCode": "PWCS", "subtypes": ["Phyrexian", "Horror"], "supertypes": [], "text": "When Phyrexian Rager enters the battlefield, you draw a card and you lose 1 life.", "toughness": "2", "type": "Creature — Phyrexian Horror", "types": ["Creature"], "uuid": "3ed70e62-45d8-5b1c-85c4-560bf6ef80ad"}], "cardsphereSetId": 1589, "code": "PWCS", "isFoilOnly": false, "isOnlineOnly": false, "keyruneCode": "PMEI", "languages": ["Japanese"], "name": "Planeswalker Championship Promos", "releaseDate": "2019-10-01", "tokens": [], "totalSetSize": 27, "translations": {}, "type": "promo"}}