{"meta": {"date": "2023-08-19", "version": "5.2.1+20230819"}, "data": {"baseSetSize": 0, "cards": [], "code": "Q02", "decks": [{"cards": [{"count": 4, "finish": "nonfoil", "uuid": "7130e8b8-b5d5-5a91-9c36-afd3c68bf048"}, {"count": 4, "finish": "nonfoil", "uuid": "085c5343-6060-5d4e-a967-3b40e64246f2"}, {"count": 2, "finish": "nonfoil", "uuid": "12584dbf-8696-59d0-b292-3f3ec1910c49"}, {"count": 1, "finish": "nonfoil", "uuid": "864c94a7-a6d7-5055-bb8f-8709f90cfabf"}, {"count": 2, "finish": "nonfoil", "uuid": "f72d5581-dd94-5ecb-8ad1-a86b1bdf6df1"}, {"count": 4, "finish": "nonfoil", "uuid": "cefd1be9-025f-524c-8950-7645d9cb3f57"}, {"count": 4, "finish": "nonfoil", "uuid": "5a1e6511-67ab-5f6d-b133-0e14b470d092"}, {"count": 1, "finish": "nonfoil", "uuid": "83db81aa-2e76-5609-bad2-a0adf5427274"}, {"count": 4, "finish": "nonfoil", "uuid": "9b69bb58-b2f0-5bf8-8f93-4ddf009861bc"}, {"count": 4, "finish": "nonfoil", "uuid": "d5261330-e2af-50ba-a943-db5b2f77065c"}, {"count": 4, "finish": "nonfoil", "uuid": "21da9955-4e13-5ce1-9576-028242004305"}, {"count": 2, "finish": "nonfoil", "uuid": "6238baf3-cb3e-5ade-bfea-6698fea93ba4"}, {"count": 1, "finish": "nonfoil", "uuid": "16241138-6d2a-52a1-8e04-2e76738c6bf7"}, {"count": 1, "finish": "nonfoil", "uuid": "88082e57-df1a-51bd-ab3e-0324c54c5d2f"}, {"count": 3, "finish": "nonfoil", "uuid": "6cf241f2-fba0-56ba-8756-1300b258b3df"}, {"count": 4, "finish": "nonfoil", "uuid": "e5c3454f-6ad9-5b79-848a-0577f126a365"}, {"count": 8, "finish": "nonfoil", "uuid": "3ef716ae-3c49-5067-b752-d2dab5216495"}, {"count": 7, "finish": "nonfoil", "uuid": "1e16c2cc-400c-56f0-bc4f-c4f65945b076"}], "name": "Arcane Tempo", "sealedProductUuids": ["ea5d2de1-c44b-5c99-839c-bb2b7b17330b"]}, {"cards": [{"count": 1, "finish": "nonfoil", "uuid": "a40640ef-45fb-510c-9d10-142dfd91db31"}, {"count": 4, "finish": "nonfoil", "uuid": "41a24ddd-aef5-5331-96bb-96d086cc73d4"}, {"count": 4, "finish": "nonfoil", "uuid": "9c74e719-0d75-56a3-8afc-1c2d542fb99c"}, {"count": 4, "finish": "nonfoil", "uuid": "8476beb7-65b1-5fbb-b769-17d9e07f5874"}, {"count": 4, "finish": "nonfoil", "uuid": "04032b71-8d05-5e61-ad5a-ba561d022389"}, {"count": 2, "finish": "nonfoil", "uuid": "cbfeb7da-e30d-5b9e-9b8f-b59d93321401"}, {"count": 3, "finish": "nonfoil", "uuid": "937d36d0-40e0-5be3-9d61-2218011bfe1a"}, {"count": 1, "finish": "nonfoil", "uuid": "3ee49282-9abf-55fa-a978-a7d1e1dfece3"}, {"count": 2, "finish": "nonfoil", "uuid": "49da04ef-411e-551d-aa49-859946b398f3"}, {"count": 3, "finish": "nonfoil", "uuid": "ce380ce9-e8da-5310-a8aa-5203d55d43b2"}, {"count": 2, "finish": "nonfoil", "uuid": "dc6a3121-9752-5078-b88f-abd64a96118e"}, {"count": 4, "finish": "nonfoil", "uuid": "22926bdb-d96e-5947-aa15-47b423d260b0"}, {"count": 3, "finish": "nonfoil", "uuid": "049e434b-36f8-580f-8116-96bac5f14729"}, {"count": 2, "finish": "nonfoil", "uuid": "c639e2fa-87c3-5357-a1f8-01e1044d3e04"}, {"count": 4, "finish": "nonfoil", "uuid": "218b1942-147e-5714-bc42-313a5f63b2a9"}, {"count": 1, "finish": "nonfoil", "uuid": "6746108f-8643-5585-9e7a-a3444ec29122"}, {"count": 2, "finish": "nonfoil", "uuid": "8a86682c-2ebd-501b-b031-1bee916ae76b"}, {"count": 8, "finish": "nonfoil", "uuid": "6944bec7-7702-5f77-b0e6-6942f90b2f18"}, {"count": 6, "finish": "nonfoil", "uuid": "0e7fc903-869c-5581-9c21-f4a72211b814"}], "name": "Deadly Discovery", "sealedProductUuids": ["5a66a4ae-a5f0-5082-9c61-175d1abfbae6"]}, {"cards": [{"count": 4, "finish": "nonfoil", "uuid": "6b74e330-691d-54cf-8cd8-77e0f07d5085"}, {"count": 4, "finish": "nonfoil", "uuid": "b2bfe7e7-75eb-5675-8936-ae77653b06a7"}, {"count": 4, "finish": "nonfoil", "uuid": "7793b045-4181-5fd4-a2de-be262150524f"}, {"count": 4, "finish": "nonfoil", "uuid": "f4935829-ca79-5b18-9177-589cdd93ec27"}, {"count": 4, "finish": "nonfoil", "uuid": "4aa981fb-6c16-52fa-b046-9ea88b27974e"}, {"count": 1, "finish": "nonfoil", "uuid": "93797c70-fc1e-536d-94c5-ea6f89efd56e"}, {"count": 2, "finish": "nonfoil", "uuid": "5a1e6511-67ab-5f6d-b133-0e14b470d092"}, {"count": 1, "finish": "nonfoil", "uuid": "9767d93d-c253-5c72-97a6-8aa19f0e36fa"}, {"count": 4, "finish": "nonfoil", "uuid": "21da9955-4e13-5ce1-9576-028242004305"}, {"count": 4, "finish": "nonfoil", "uuid": "65637b74-b4da-5224-80f4-d09cee94e55e"}, {"count": 4, "finish": "nonfoil", "uuid": "2ae0aae0-9fc5-5ff5-8313-414534a23c5b"}, {"count": 2, "finish": "nonfoil", "uuid": "98ae591f-44f7-58cc-a1cc-dd63da1ca671"}, {"count": 22, "finish": "nonfoil", "uuid": "1e16c2cc-400c-56f0-bc4f-c4f65945b076"}], "name": "Lightning Aggro", "sealedProductUuids": ["ac918746-cb8e-5c5c-9a14-a3238ae1a929"]}, {"cards": [{"count": 4, "finish": "nonfoil", "uuid": "01f8b96f-38df-5503-8260-83f7eb92071a"}, {"count": 4, "finish": "nonfoil", "uuid": "4b5e1a85-74f4-5505-a5c4-c5947ca6e3d5"}, {"count": 4, "finish": "nonfoil", "uuid": "86a5422f-abe1-5090-ac5d-6eb7215d8d7a"}, {"count": 4, "finish": "nonfoil", "uuid": "71207f09-164c-5aad-aeb3-7a06dc5833e7"}, {"count": 4, "finish": "nonfoil", "uuid": "1f028cbd-9370-5a11-8f37-4f71e21c38ec"}, {"count": 4, "finish": "nonfoil", "uuid": "4f651d96-55d5-5cbc-9bb8-863c8c58d8ad"}, {"count": 4, "finish": "nonfoil", "uuid": "08aa3178-c059-5475-8b09-06733db40d9d"}, {"count": 1, "finish": "nonfoil", "uuid": "90cbb8ff-d3a0-5457-a8f5-bcdd821855b9"}, {"count": 3, "finish": "nonfoil", "uuid": "72848888-20cb-5a1d-b34a-aead3c3c7159"}, {"count": 3, "finish": "nonfoil", "uuid": "234c46d1-3372-5d8e-9958-fdc50a9c4710"}, {"count": 2, "finish": "nonfoil", "uuid": "b6db5d31-1ddf-5752-9d3e-24dac3911669"}, {"count": 2, "finish": "nonfoil", "uuid": "6baa61c2-ecc6-564b-a6cf-d1c44646fa0a"}, {"count": 21, "finish": "nonfoil", "uuid": "0479b61d-cd43-577e-aa02-145c73977f8a"}], "name": "United Assault", "sealedProductUuids": ["84326f84-a9a6-5d03-93c6-69ab72c4e793"]}], "isFoilOnly": false, "isOnlineOnly": false, "keyruneCode": "DEFAULT", "name": "Challenger Decks 2019", "releaseDate": "2019-04-12", "sealedProduct": [{"cardCount": 75, "category": "deck", "contents": {"deck": [{"name": "Arcane Tempo", "set": "q02"}]}, "identifiers": {"cardKingdomId": "223978"}, "name": "Challenger Deck 2019: Arcane Tempo", "purchaseUrls": {"cardKingdom": "https://mtgjson.com/links/960dd43571687242"}, "subtype": "challenge", "uuid": "ea5d2de1-c44b-5c99-839c-bb2b7b17330b"}, {"cardCount": 75, "category": "deck", "contents": {"deck": [{"name": "Deadly Discovery", "set": "q02"}]}, "identifiers": {"cardKingdomId": "223979"}, "name": "Challenger Deck 2019: Deadly Discovery", "purchaseUrls": {"cardKingdom": "https://mtgjson.com/links/79d2b3870f80962a"}, "subtype": "challenge", "uuid": "5a66a4ae-a5f0-5082-9c61-175d1abfbae6"}, {"cardCount": 75, "category": "deck", "contents": {"deck": [{"name": "Lightning Aggro", "set": "q02"}]}, "identifiers": {"cardKingdomId": "223980"}, "name": "Challenger Deck 2019: Lightning Aggro", "purchaseUrls": {"cardKingdom": "https://mtgjson.com/links/1a87a770e6c858b5"}, "subtype": "challenge", "uuid": "ac918746-cb8e-5c5c-9a14-a3238ae1a929"}, {"cardCount": 75, "category": "deck", "contents": {"deck": [{"name": "United Assault", "set": "q02"}]}, "identifiers": {"cardKingdomId": "223981"}, "name": "Challenger Deck 2019: United Assault", "purchaseUrls": {"cardKingdom": "https://mtgjson.com/links/83686eb83e1bc86f"}, "subtype": "challenge", "uuid": "84326f84-a9a6-5d03-93c6-69ab72c4e793"}], "tokens": [], "totalSetSize": 0, "translations": {}, "type": "box"}}