{"meta": {"date": "2023-08-19", "version": "5.2.1+20230819"}, "data": {"baseSetSize": 0, "cards": [], "code": "Q03", "decks": [{"cards": [{"count": 3, "finish": "nonfoil", "uuid": "ffccf80c-e56f-5bc2-9838-d77166da4eb6"}, {"count": 4, "finish": "nonfoil", "uuid": "462a3159-19c3-5506-992f-e264e634bcd3"}, {"count": 2, "finish": "nonfoil", "uuid": "8dbaa0f7-789b-547d-94b0-b6747b46068a"}, {"count": 4, "finish": "nonfoil", "uuid": "ecad5a65-7b5c-52a3-b4a2-46d4f1743937"}, {"count": 4, "finish": "nonfoil", "uuid": "0c1337fc-e8c0-5373-a2bc-311389088fdd"}, {"count": 4, "finish": "nonfoil", "uuid": "f09e3e1a-4245-523a-8fde-f083efd5ef0a"}, {"count": 1, "finish": "nonfoil", "uuid": "7dfa9036-98ef-50ad-bf74-f18e1ba20951"}, {"count": 4, "finish": "nonfoil", "uuid": "ce5c7d0c-324a-58af-a74c-dcacd99af21d"}, {"count": 4, "finish": "nonfoil", "uuid": "1e56cb97-4cf4-55cc-9394-2f723523cf6c"}, {"count": 4, "finish": "nonfoil", "uuid": "08a26304-d0cd-58fb-a001-23f7963e09b8"}, {"count": 9, "finish": "nonfoil", "uuid": "566ca88c-f03f-540a-9198-527a899041ce"}, {"count": 8, "finish": "nonfoil", "uuid": "ae82cc1f-fef7-58ac-8bc7-e01197b5cbd0"}, {"count": 1, "finish": "nonfoil", "uuid": "2c89affc-1e48-5e11-9d6d-d1435d1f59ab"}, {"count": 4, "finish": "nonfoil", "uuid": "6a906bdb-6910-52c0-ac7f-58378e69706d"}, {"count": 4, "finish": "nonfoil", "uuid": "dda81482-5cfa-5c74-b46f-5e6e6b7821cb"}], "name": "Awakening Earth", "sealedProductUuids": ["5bbdcec0-2173-5cc9-915c-64768ebd6f3e"]}, {"cards": [{"count": 2, "finish": "nonfoil", "uuid": "d6e42c74-0bb6-5036-a6a9-3746d7ed223c"}, {"count": 4, "finish": "nonfoil", "uuid": "42909c0b-ed28-5e9f-abe2-d8abc284f7c0"}, {"count": 4, "finish": "nonfoil", "uuid": "9f44df25-b9b4-58bd-9394-e55752aead75"}, {"count": 2, "finish": "nonfoil", "uuid": "f9c065dc-1677-52a6-891c-0130e443c624"}, {"count": 2, "finish": "nonfoil", "uuid": "be77ca12-561c-5153-8952-0259d365d96a"}, {"count": 4, "finish": "nonfoil", "uuid": "9c936b88-a365-576d-b074-e8a8d9b1f6d9"}, {"count": 2, "finish": "nonfoil", "uuid": "f79181bb-060c-5b46-a651-c4950e641bc4"}, {"count": 4, "finish": "nonfoil", "uuid": "fe669d77-6304-5ff9-a9cd-e0e2d23b8b96"}, {"count": 4, "finish": "nonfoil", "uuid": "99598aa7-08b1-5037-a490-71996e8c2f19"}, {"count": 4, "finish": "nonfoil", "uuid": "6f16a789-102e-553d-a5ed-3fbe5d3fdf93"}, {"count": 4, "finish": "nonfoil", "uuid": "6be0ff10-3466-5cba-ba16-14a34277d863"}, {"count": 8, "finish": "nonfoil", "uuid": "5f4ea979-2cbd-540a-8903-a1c0a1153b21"}, {"count": 6, "finish": "nonfoil", "uuid": "7cedd093-cbd9-5134-aa20-46bfd6de9712"}, {"count": 2, "finish": "nonfoil", "uuid": "0f18776f-71b4-59aa-af5a-df8ff1bc0ce1"}, {"count": 4, "finish": "nonfoil", "uuid": "880e6cb6-a4d1-543b-8a35-583591dc51a9"}, {"count": 4, "finish": "nonfoil", "uuid": "1b210c99-2bdd-5d82-99de-28d81a01472a"}], "name": "Song Dance", "sealedProductUuids": ["38e216bf-bd27-5474-bec2-ce1d738aa509"]}], "isFoilOnly": false, "isOnlineOnly": false, "keyruneCode": "DEFAULT", "name": "Challenger Decks 2019 Japan", "releaseDate": "2019-11-08", "sealedProduct": [{"cardCount": 75, "category": "deck", "contents": {"deck": [{"name": "Awakening Earth", "set": "q03"}]}, "identifiers": {}, "name": "Challenger Deck Japan 2019 - Awakening Earth", "purchaseUrls": {}, "releaseDate": "2019-11-08", "subtype": "challenge", "uuid": "5bbdcec0-2173-5cc9-915c-64768ebd6f3e"}, {"cardCount": 75, "category": "deck", "contents": {"deck": [{"name": "Song Dance", "set": "q03"}]}, "identifiers": {}, "name": "Challenger Deck Japan 2019 - Song Dance", "purchaseUrls": {}, "releaseDate": "2019-11-08", "subtype": "challenge", "uuid": "38e216bf-bd27-5474-bec2-ce1d738aa509"}], "tokens": [], "totalSetSize": 0, "translations": {}, "type": "box"}}