{"meta": {"date": "2023-08-19", "version": "5.2.1+20230819"}, "data": {"baseSetSize": 0, "cards": [], "code": "Q04", "decks": [{"cards": [{"count": 3, "finish": "nonfoil", "uuid": "b822babc-a8a1-575b-9cf2-ef7478b554be"}, {"count": 1, "finish": "nonfoil", "uuid": "52b531a3-d0eb-58ee-af14-c69f6a05b327"}, {"count": 3, "finish": "nonfoil", "uuid": "0fe56d65-a3e6-559c-8c89-068f4694d32c"}, {"count": 4, "finish": "nonfoil", "uuid": "4fa9e9f5-c36f-507e-abbb-0c90f4fd8772"}, {"count": 2, "finish": "nonfoil", "uuid": "9db8bfe0-8f19-5575-b36d-0d822c8b1929"}, {"count": 1, "finish": "nonfoil", "uuid": "b716ea42-01fa-5f8d-af42-efaecf77a748"}, {"count": 2, "finish": "nonfoil", "uuid": "c02816a4-59bf-5549-b5c7-59b86c760f6e"}, {"count": 3, "finish": "nonfoil", "uuid": "1f51d832-5077-5d7c-b65b-5a598e789df0"}, {"count": 2, "finish": "nonfoil", "uuid": "fced1181-6474-5ab9-a312-14a8dd71acf7"}, {"count": 2, "finish": "nonfoil", "uuid": "52a150fe-a4b9-5e4c-9dad-55e5e6dd7ecc"}, {"count": 4, "finish": "nonfoil", "uuid": "3fb2a885-ed81-5522-bcbd-84e5c299fc6f"}, {"count": 2, "finish": "nonfoil", "uuid": "8ddf8751-7b37-53b8-aefc-379a2ea10ef2"}, {"count": 4, "finish": "nonfoil", "uuid": "4466b7e2-ecc8-590a-baf7-9f45ff7971f7"}, {"count": 1, "finish": "nonfoil", "uuid": "6d0c10f2-c95b-5b71-b5df-ad2f14e642c8"}, {"count": 1, "finish": "nonfoil", "uuid": "2aa51f70-e23d-5355-8acb-e1025992aa42"}, {"count": 1, "finish": "nonfoil", "uuid": "908ce15b-975a-5b39-b5bf-a9957e0858d9"}, {"count": 1, "finish": "nonfoil", "uuid": "880e6cb6-a4d1-543b-8a35-583591dc51a9"}, {"count": 4, "finish": "nonfoil", "uuid": "cd13979a-8623-5460-b4a4-b9eb503a0682"}, {"count": 3, "finish": "nonfoil", "uuid": "0d39c56a-8754-50ec-82da-88907cbbbb53"}, {"count": 3, "finish": "nonfoil", "uuid": "0ac4e7fb-3a73-5645-ba65-38e76b4f95bb"}, {"count": 4, "finish": "nonfoil", "uuid": "1b210c99-2bdd-5d82-99de-28d81a01472a"}, {"count": 5, "finish": "nonfoil", "uuid": "9a8020da-28ae-5cf2-a7c2-c4db716957fd"}, {"count": 2, "finish": "nonfoil", "uuid": "4ee811f0-c35f-5ddc-ab95-5f7a20362fde"}, {"count": 2, "finish": "nonfoil", "uuid": "7c416def-b8db-5457-a430-6d006596af8f"}], "name": "Allied Fires", "sealedProductUuids": ["5ba71c03-3ca4-5cc6-8f0e-8402bac6e0ad"]}, {"cards": [{"count": 3, "finish": "nonfoil", "uuid": "6207e1e5-2e6d-5a76-b76e-4fa7fd3e9b8b"}, {"count": 4, "finish": "nonfoil", "uuid": "d26fdb0c-80d4-5ea2-af6e-adbd290fc163"}, {"count": 4, "finish": "nonfoil", "uuid": "55ba7cbf-7208-5e1f-9e14-25413e6d7fb6"}, {"count": 4, "finish": "nonfoil", "uuid": "7793b045-4181-5fd4-a2de-be262150524f"}, {"count": 4, "finish": "nonfoil", "uuid": "33cf4573-fd62-5f4d-a278-9d258b5285e1"}, {"count": 4, "finish": "nonfoil", "uuid": "21d183eb-268f-5f52-93d6-57b81e615767"}, {"count": 4, "finish": "nonfoil", "uuid": "1c0c6aa3-8090-5e48-b435-318497ed8125"}, {"count": 3, "finish": "nonfoil", "uuid": "4dbf6293-d035-5a14-9fb8-f1f9de5b1165"}, {"count": 4, "finish": "nonfoil", "uuid": "38aa0617-9a4e-5cab-aee8-4c2b2275db87"}, {"count": 1, "finish": "nonfoil", "uuid": "2786262b-6aac-5ed3-8ed1-ff3db07ab3a5"}, {"count": 4, "finish": "nonfoil", "uuid": "98cfa0cb-81bb-59a2-98d3-5044de0f2632"}, {"count": 3, "finish": "nonfoil", "uuid": "93cfe50e-222e-5585-bd24-48482d449c36"}, {"count": 18, "finish": "nonfoil", "uuid": "4ee811f0-c35f-5ddc-ab95-5f7a20362fde"}], "name": "Cavalcade Charge", "sealedProductUuids": ["f9905215-d861-5afd-9134-737e91faa7d9"]}, {"cards": [{"count": 1, "finish": "nonfoil", "uuid": "c92d3b22-ae93-5660-a487-44fd09845dff"}, {"count": 2, "finish": "nonfoil", "uuid": "1854518a-e0c9-54c8-ae5d-4c3448793a78"}, {"count": 2, "finish": "nonfoil", "uuid": "7d2bc4d2-fb15-5767-b8c8-6ec4812f9959"}, {"count": 4, "finish": "nonfoil", "uuid": "89fd5608-1ece-5c6f-8428-828d599b9cad"}, {"count": 2, "finish": "nonfoil", "uuid": "4b860dee-1cf9-5ed8-8a66-202b1574ead3"}, {"count": 2, "finish": "nonfoil", "uuid": "1583e21a-84a4-5299-b3aa-ab4dec02d2e7"}, {"count": 4, "finish": "nonfoil", "uuid": "eb0467cf-9e18-590c-837e-bf039dcf9dc9"}, {"count": 4, "finish": "nonfoil", "uuid": "981642e0-5519-5928-95d6-c1a838185583"}, {"count": 4, "finish": "nonfoil", "uuid": "a9879e18-ba17-5577-b5da-7e6b433804b7"}, {"count": 4, "finish": "nonfoil", "uuid": "8c533a75-2816-5c2e-8f1d-79610a7bc06a"}, {"count": 2, "finish": "nonfoil", "uuid": "dc6a3121-9752-5078-b88f-abd64a96118e"}, {"count": 2, "finish": "nonfoil", "uuid": "4811381a-b1cf-5ed1-b8a4-15a1135f9a4b"}, {"count": 4, "finish": "nonfoil", "uuid": "cb4e9fb1-4b47-5cc4-9dc1-b2882c676e04"}, {"count": 2, "finish": "nonfoil", "uuid": "5eca79a0-df79-59bb-bef4-9fa77b37fcbd"}, {"count": 1, "finish": "nonfoil", "uuid": "aa351463-01d2-5c91-8e07-3f50865fa6f9"}, {"count": 2, "finish": "nonfoil", "uuid": "2b04be75-2d71-588b-b943-62ed99e00476"}, {"count": 3, "finish": "nonfoil", "uuid": "f5fa0691-2dc5-5e4a-b3cd-16a73c51d511"}, {"count": 7, "finish": "nonfoil", "uuid": "61b496d7-8dfa-589d-ace9-8b44465eba1c"}, {"count": 8, "finish": "nonfoil", "uuid": "3661c754-96b2-5cf2-bb6f-128993c98aa6"}], "name": "Final Adventure", "sealedProductUuids": ["1382c972-ac25-5bb1-94ca-e26c4042e2ef"]}, {"cards": [{"count": 1, "finish": "nonfoil", "uuid": "51c8a322-0601-51ed-b5f9-bebb5d97b5d9"}, {"count": 4, "finish": "nonfoil", "uuid": "2db6f6c6-0dcc-5e88-a7af-b05767ee7342"}, {"count": 1, "finish": "nonfoil", "uuid": "ade86b64-cd7d-5f2e-8fac-3f6bbbfedc60"}, {"count": 4, "finish": "nonfoil", "uuid": "1ec2a1a5-9fb6-5718-837f-5efe58cb1f0b"}, {"count": 4, "finish": "nonfoil", "uuid": "cdf320ae-4c56-5db4-aca6-2730ab3bddc0"}, {"count": 4, "finish": "nonfoil", "uuid": "0c1337fc-e8c0-5373-a2bc-311389088fdd"}, {"count": 4, "finish": "nonfoil", "uuid": "d8f31d72-81f6-5f63-b34b-77c0e74bd372"}, {"count": 2, "finish": "nonfoil", "uuid": "d51ac0b9-f323-517f-b33f-ff4079e2f3aa"}, {"count": 4, "finish": "nonfoil", "uuid": "3bb348f6-c64a-5540-a052-40b799c0301b"}, {"count": 4, "finish": "nonfoil", "uuid": "9261f315-9202-589f-9d33-8ccae165b4cd"}, {"count": 2, "finish": "nonfoil", "uuid": "4bef0dbd-8c27-5300-b23b-92c3d83dd397"}, {"count": 2, "finish": "nonfoil", "uuid": "68d068a4-95fc-5957-bb5d-9912481f3afb"}, {"count": 2, "finish": "nonfoil", "uuid": "24d73291-c3b5-57ab-a63e-4744868343dd"}, {"count": 1, "finish": "nonfoil", "uuid": "aa351463-01d2-5c91-8e07-3f50865fa6f9"}, {"count": 2, "finish": "nonfoil", "uuid": "6a906bdb-6910-52c0-ac7f-58378e69706d"}, {"count": 3, "finish": "nonfoil", "uuid": "dda81482-5cfa-5c74-b46f-5e6e6b7821cb"}, {"count": 8, "finish": "nonfoil", "uuid": "61b496d7-8dfa-589d-ace9-8b44465eba1c"}, {"count": 8, "finish": "nonfoil", "uuid": "9a8020da-28ae-5cf2-a7c2-c4db716957fd"}], "name": "Flash of Ferocity", "sealedProductUuids": ["e4390e40-cd15-591c-98fe-02dc5b43b945"]}], "isFoilOnly": false, "isOnlineOnly": false, "keyruneCode": "DEFAULT", "name": "Challenger Decks 2020", "releaseDate": "2020-03-27", "sealedProduct": [{"cardCount": 75, "category": "deck", "contents": {"deck": [{"name": "Allied Fires", "set": "q04"}]}, "identifiers": {"cardKingdomId": "231906"}, "name": "Challenger Deck 2020: Allied Fires", "purchaseUrls": {"cardKingdom": "https://mtgjson.com/links/619c1eac2a925388"}, "subtype": "challenge", "uuid": "5ba71c03-3ca4-5cc6-8f0e-8402bac6e0ad"}, {"cardCount": 75, "category": "deck", "contents": {"deck": [{"name": "Cavalcade Charge", "set": "q04"}]}, "identifiers": {"cardKingdomId": "231907"}, "name": "Challenger Deck 2020: Cavalcade Charge", "purchaseUrls": {"cardKingdom": "https://mtgjson.com/links/44490ef0df6052b7"}, "subtype": "challenge", "uuid": "f9905215-d861-5afd-9134-737e91faa7d9"}, {"cardCount": 75, "category": "deck", "contents": {"deck": [{"name": "Final Adventure", "set": "q04"}]}, "identifiers": {"cardKingdomId": "231908"}, "name": "Challenger Deck 2020: Final Adventure", "purchaseUrls": {"cardKingdom": "https://mtgjson.com/links/cbd4fa03c1840380"}, "subtype": "challenge", "uuid": "1382c972-ac25-5bb1-94ca-e26c4042e2ef"}, {"cardCount": 75, "category": "deck", "contents": {"deck": [{"name": "Flash of Ferocity", "set": "q04"}]}, "identifiers": {"cardKingdomId": "231909"}, "name": "Challenger Deck 2020: Flash of Ferocity", "purchaseUrls": {"cardKingdom": "https://mtgjson.com/links/cbd3d270e905e7ac"}, "subtype": "challenge", "uuid": "e4390e40-cd15-591c-98fe-02dc5b43b945"}], "tokens": [], "totalSetSize": 0, "translations": {}, "type": "box"}}