{"meta": {"date": "2023-08-19", "version": "5.2.1+20230819"}, "data": {"baseSetSize": 0, "cards": [], "code": "Q05", "decks": [{"cards": [{"count": 2, "finish": "nonfoil", "uuid": "2026fabc-fe54-5c55-9fbd-917d79a0b52b"}, {"count": 2, "finish": "nonfoil", "uuid": "a42cd1f8-bee3-57cc-8b25-c9f4cd11afac"}, {"count": 2, "finish": "nonfoil", "uuid": "3b93324d-e472-59a5-8bdf-a77c1dd92771"}, {"count": 1, "finish": "nonfoil", "uuid": "d1222c93-0aee-5d60-970a-7342b6f8cba4"}, {"count": 2, "finish": "nonfoil", "uuid": "330c7051-1ada-5935-baea-f9f20c408019"}, {"count": 1, "finish": "nonfoil", "uuid": "61698655-73a4-5419-9650-2d09121e39ea"}, {"count": 3, "finish": "nonfoil", "uuid": "4cc87779-ba91-5824-a5c6-6d7b1fbce572"}, {"count": 1, "finish": "nonfoil", "uuid": "b1baf88d-9c85-5a60-918b-8b87bd875b7f"}, {"count": 1, "finish": "nonfoil", "uuid": "6bf9586f-5404-5ae5-be10-57973407f4b1"}, {"count": 3, "finish": "nonfoil", "uuid": "fcec5935-d8da-56de-9756-01bbf53632f9"}, {"count": 2, "finish": "nonfoil", "uuid": "21a797d8-808a-5a9f-b9d8-3fb7eb97d56c"}, {"count": 2, "finish": "nonfoil", "uuid": "1b262ddb-de89-5a53-983f-8d6e3d983dc5"}, {"count": 1, "finish": "nonfoil", "uuid": "9bae2632-4472-5fa3-bad8-08cc4d34e878"}, {"count": 3, "finish": "nonfoil", "uuid": "1ac3ade3-a329-5325-a710-ef85dc8aa014"}, {"count": 4, "finish": "nonfoil", "uuid": "262785a1-96ca-5a63-b325-0f5aff23d979"}, {"count": 4, "finish": "nonfoil", "uuid": "4466b7e2-ecc8-590a-baf7-9f45ff7971f7"}, {"count": 2, "finish": "nonfoil", "uuid": "8ddf8751-7b37-53b8-aefc-379a2ea10ef2"}, {"count": 4, "finish": "nonfoil", "uuid": "2aa51f70-e23d-5355-8acb-e1025992aa42"}, {"count": 8, "finish": "nonfoil", "uuid": "805b69dc-31dd-50fb-bd2b-4051f90916ec"}, {"count": 8, "finish": "nonfoil", "uuid": "8c527336-7b37-5dba-bfbf-297cfaf76765"}, {"count": 4, "finish": "nonfoil", "uuid": "e957e5f4-77d9-535c-a9fd-ea03235de01b"}], "name": "Azorius Control", "sealedProductUuids": ["8333d3dd-9d51-52f1-9a90-1ee8edaaa3d7"]}, {"cards": [{"count": 2, "finish": "nonfoil", "uuid": "963e7d0a-f4e0-55d2-ba98-4bf4e131f961"}, {"count": 1, "finish": "nonfoil", "uuid": "27e99eca-011b-5569-b836-ee0b50b33e55"}, {"count": 4, "finish": "nonfoil", "uuid": "2417bfad-0b47-5a34-bc3a-9535612dc500"}, {"count": 3, "finish": "nonfoil", "uuid": "30e7a954-da07-5e47-92f3-53abf5b21296"}, {"count": 3, "finish": "nonfoil", "uuid": "f5bf1c79-b32b-5150-ae9b-1978698aa01c"}, {"count": 3, "finish": "nonfoil", "uuid": "eb9d9c5a-3939-5f33-8781-2389f1383e87"}, {"count": 4, "finish": "nonfoil", "uuid": "41c8ddc1-bb00-510b-86e5-012961dbb51a"}, {"count": 4, "finish": "nonfoil", "uuid": "f11616b0-805e-5201-843b-cc806c9ab304"}, {"count": 2, "finish": "nonfoil", "uuid": "d947d9cd-f855-5496-b5de-88006b49865f"}, {"count": 1, "finish": "nonfoil", "uuid": "08321af6-5548-53c6-88c0-99537f2bf5d2"}, {"count": 4, "finish": "nonfoil", "uuid": "18c59430-8741-5e14-88aa-efe0e73853e3"}, {"count": 2, "finish": "nonfoil", "uuid": "85d83776-c1ca-5d29-9fc6-986a61504046"}, {"count": 2, "finish": "nonfoil", "uuid": "9765302f-7eb2-5f70-8d1a-95c53b492b45"}, {"count": 4, "finish": "nonfoil", "uuid": "1223134d-1168-51b6-b274-61f532c1e606"}, {"count": 8, "finish": "nonfoil", "uuid": "8c527336-7b37-5dba-bfbf-297cfaf76765"}, {"count": 9, "finish": "nonfoil", "uuid": "dd6ddc65-4585-5a60-9bdf-798201c5270d"}, {"count": 4, "finish": "nonfoil", "uuid": "4fd2a1fe-7f74-5ea9-a371-e3daad919592"}], "name": "Dimir Rogue", "sealedProductUuids": ["d2e560e2-d934-5a7d-8812-2473c39c36f3"]}, {"cards": [{"count": 1, "finish": "nonfoil", "uuid": "62e570b2-7c2e-577b-9299-41193f21c343"}, {"count": 3, "finish": "nonfoil", "uuid": "7116797b-4b94-550c-ba99-3c0d002a4b4e"}, {"count": 2, "finish": "nonfoil", "uuid": "9df2da58-6741-5150-a7c0-a78eb5c17391"}, {"count": 3, "finish": "nonfoil", "uuid": "6a084be6-b0db-5521-afbd-c772afa72c3b"}, {"count": 2, "finish": "nonfoil", "uuid": "e22cac69-1970-551c-b6a5-bac392e165df"}, {"count": 2, "finish": "nonfoil", "uuid": "1ec2a1a5-9fb6-5718-837f-5efe58cb1f0b"}, {"count": 2, "finish": "nonfoil", "uuid": "208ba1b3-5c90-5615-89a3-c333c31a6389"}, {"count": 4, "finish": "nonfoil", "uuid": "89fd5608-1ece-5c6f-8428-828d599b9cad"}, {"count": 2, "finish": "nonfoil", "uuid": "ad472671-1604-5585-8ae8-603a73b41915"}, {"count": 4, "finish": "nonfoil", "uuid": "5acfd1c1-7c07-5fca-883a-0887427889d8"}, {"count": 2, "finish": "nonfoil", "uuid": "ca49d9d4-7941-5a6a-8e7f-0cc63db5e1bc"}, {"count": 3, "finish": "nonfoil", "uuid": "523c83b0-ee94-5f0a-9ad9-f7efb5aad95e"}, {"count": 2, "finish": "nonfoil", "uuid": "01d98db6-acc5-5fed-ad07-050bf80c26ff"}, {"count": 3, "finish": "nonfoil", "uuid": "5ff6bd1d-a118-5037-8047-39afa0b86029"}, {"count": 4, "finish": "nonfoil", "uuid": "52f3bb82-119b-5b69-b311-55e2b26beb80"}, {"count": 2, "finish": "nonfoil", "uuid": "e853058d-143c-5383-912f-1d168473f5df"}, {"count": 19, "finish": "nonfoil", "uuid": "4ac153f5-8a7c-5128-8135-64b1c0c851e5"}], "name": "Mono-Green Stompy", "sealedProductUuids": null}, {"cards": [{"count": 4, "finish": "nonfoil", "uuid": "55ba7cbf-7208-5e1f-9e14-25413e6d7fb6"}, {"count": 4, "finish": "nonfoil", "uuid": "dd45841b-24e5-56a8-8ac1-ac93b2837915"}, {"count": 4, "finish": "nonfoil", "uuid": "d26fdb0c-80d4-5ea2-af6e-adbd290fc163"}, {"count": 3, "finish": "nonfoil", "uuid": "33cf4573-fd62-5f4d-a278-9d258b5285e1"}, {"count": 4, "finish": "nonfoil", "uuid": "3408090b-fa31-545e-8714-a4b850deb21c"}, {"count": 4, "finish": "nonfoil", "uuid": "21d183eb-268f-5f52-93d6-57b81e615767"}, {"count": 4, "finish": "nonfoil", "uuid": "7eaed8a7-3cd9-5895-b11c-be17aad8a462"}, {"count": 2, "finish": "nonfoil", "uuid": "8475caa4-359c-55b2-8de3-900c40a48468"}, {"count": 4, "finish": "nonfoil", "uuid": "dbd65728-bba8-536e-a908-5dfa56068dcb"}, {"count": 4, "finish": "nonfoil", "uuid": "b00297e5-063f-59fc-b284-5ef2dce4aff2"}, {"count": 4, "finish": "nonfoil", "uuid": "62d114aa-0894-5c5b-afc7-9e6c5ba0cc1e"}, {"count": 1, "finish": "nonfoil", "uuid": "2786262b-6aac-5ed3-8ed1-ff3db07ab3a5"}, {"count": 2, "finish": "nonfoil", "uuid": "93cfe50e-222e-5585-bd24-48482d449c36"}, {"count": 16, "finish": "nonfoil", "uuid": "e59d6211-1b9d-567a-8dd0-84f2c90524b8"}], "name": "Mono-Red Aggro", "sealedProductUuids": null}], "isFoilOnly": false, "isOnlineOnly": false, "keyruneCode": "DEFAULT", "name": "Challenger Decks 2021", "releaseDate": "2021-03-02", "sealedProduct": [{"cardCount": 75, "category": "deck", "contents": {"deck": [{"name": "Azorius Control", "set": "q05"}]}, "identifiers": {"cardKingdomId": "241978"}, "name": "Challenger Deck 2021: Azorius Control", "purchaseUrls": {"cardKingdom": "https://mtgjson.com/links/c891154b33ac9e78"}, "subtype": "challenge", "uuid": "8333d3dd-9d51-52f1-9a90-1ee8edaaa3d7"}, {"cardCount": 75, "category": "deck", "contents": {"deck": [{"name": "Dimir Rogue", "set": "q05"}]}, "identifiers": {"cardKingdomId": "241979"}, "name": "Challenger Deck 2021: Dimir Rogues", "purchaseUrls": {"cardKingdom": "https://mtgjson.com/links/d87c5821c57da640"}, "subtype": "challenge", "uuid": "d2e560e2-d934-5a7d-8812-2473c39c36f3"}, {"cardCount": 75, "category": "deck", "contents": {"deck": [{"name": "Mono-Red Aggro", "set": "q05"}]}, "identifiers": {"cardKingdomId": "241980"}, "name": "Challenger Deck 2021: Mono Red Aggro", "purchaseUrls": {"cardKingdom": "https://mtgjson.com/links/6002a55b0597dc5f"}, "subtype": "challenge", "uuid": "5258fdf2-2f87-53a5-bc10-0392a290df89"}, {"cardCount": 75, "category": "deck", "contents": {"deck": [{"name": "Mono-Green Stompy", "set": "q05"}]}, "identifiers": {"cardKingdomId": "241981"}, "name": "Challenger Deck 2021: Mono Green Stompy", "purchaseUrls": {"cardKingdom": "https://mtgjson.com/links/be77662667ea8c31"}, "subtype": "challenge", "uuid": "31722a7a-7ba1-57f6-9351-2f4415552a55"}], "tokens": [], "totalSetSize": 0, "translations": {}, "type": "box"}}