{"meta": {"date": "2023-08-19", "version": "5.2.1+20230819"}, "data": {"baseSetSize": 0, "cards": [], "code": "Q08", "decks": [{"cards": [{"count": 2, "finish": "nonfoil", "uuid": "4fa9e9f5-c36f-507e-abbb-0c90f4fd8772"}, {"count": 2, "finish": "nonfoil", "uuid": "2fbc9f1c-129a-51ee-9651-366e556d8b4a"}, {"count": 2, "finish": "nonfoil", "uuid": "1583e21a-84a4-5299-b3aa-ab4dec02d2e7"}, {"count": 2, "finish": "nonfoil", "uuid": "32ea8570-3565-5ce1-8705-697ce1e7bff6"}, {"count": 3, "finish": "nonfoil", "uuid": "9544ddce-b079-522d-8282-541baee0ca0b"}, {"count": 2, "finish": "nonfoil", "uuid": "18c59430-8741-5e14-88aa-efe0e73853e3"}, {"count": 4, "finish": "nonfoil", "uuid": "164da53b-655a-51b5-a19a-6b385e945ca4"}, {"count": 3, "finish": "nonfoil", "uuid": "4bef0dbd-8c27-5300-b23b-92c3d83dd397"}, {"count": 4, "finish": "nonfoil", "uuid": "5f7a211c-5ef9-54a5-8b70-4016f8783c13"}, {"count": 1, "finish": "nonfoil", "uuid": "5651bd95-cb41-5266-8654-93707f0c4f9a"}, {"count": 2, "finish": "nonfoil", "uuid": "9765302f-7eb2-5f70-8d1a-95c53b492b45"}, {"count": 2, "finish": "nonfoil", "uuid": "66766b66-2524-51ae-b397-91ed7c2b4a5d"}, {"count": 4, "finish": "nonfoil", "uuid": "f50da26d-f479-51bd-a946-7230e27cb0fe"}, {"count": 1, "finish": "nonfoil", "uuid": "9bae2632-4472-5fa3-bad8-08cc4d34e878"}, {"count": 4, "finish": "nonfoil", "uuid": "1223134d-1168-51b6-b274-61f532c1e606"}, {"count": 2, "finish": "nonfoil", "uuid": "3ace6f06-fa88-53d2-95b4-58f4f9a997ca"}, {"count": 1, "finish": "nonfoil", "uuid": "1e98e3ac-019c-5a88-9473-993be2484c82"}, {"count": 4, "finish": "nonfoil", "uuid": "9e79b341-6d00-55e0-be68-e6a748eadcbf"}, {"count": 7, "finish": "nonfoil", "uuid": "db2b0bb2-19ec-565f-992b-4380a22e25d4"}, {"count": 8, "finish": "nonfoil", "uuid": "9d8d4d04-3442-5608-822a-1b483a838d92"}], "name": "Dimir Control", "sealedProductUuids": ["956aaa84-4b88-5932-bd5e-a52b309956ec"]}, {"cards": [{"count": 2, "finish": "nonfoil", "uuid": "4b95a228-8ad7-53a7-b861-a23820c94989"}, {"count": 2, "finish": "nonfoil", "uuid": "11de1543-2792-58ea-9e93-2fc5e624d7a2"}, {"count": 4, "finish": "nonfoil", "uuid": "12854d7a-9434-5c46-b2ce-7dd4eac954d8"}, {"count": 4, "finish": "nonfoil", "uuid": "e22cac69-1970-551c-b6a5-bac392e165df"}, {"count": 4, "finish": "nonfoil", "uuid": "9c74e719-0d75-56a3-8afc-1c2d542fb99c"}, {"count": 4, "finish": "nonfoil", "uuid": "12164058-1c8d-5809-b3ec-ac7f5ee2ac2e"}, {"count": 4, "finish": "nonfoil", "uuid": "89fd5608-1ece-5c6f-8428-828d599b9cad"}, {"count": 4, "finish": "nonfoil", "uuid": "a53b4afe-d825-58e2-917f-3c536c2809c7"}, {"count": 4, "finish": "nonfoil", "uuid": "d26fdb0c-80d4-5ea2-af6e-adbd290fc163"}, {"count": 3, "finish": "nonfoil", "uuid": "4913a0dc-3870-5ef3-86fc-1637bf544cb1"}, {"count": 4, "finish": "nonfoil", "uuid": "2e22f220-e190-59ed-976c-fbe7e762032e"}, {"count": 1, "finish": "nonfoil", "uuid": "c9bd32eb-a01b-55b6-b3b5-5399bba48f07"}, {"count": 4, "finish": "nonfoil", "uuid": "2b247b13-c724-53ee-bd2d-f832a6ae7ca0"}, {"count": 7, "finish": "nonfoil", "uuid": "1ab4f93c-757e-5fbf-b107-f402b81d83d7"}, {"count": 9, "finish": "nonfoil", "uuid": "ed4fa28d-0be9-5a85-a4d9-355d7081bc6f"}], "name": "Gruul Stompy", "sealedProductUuids": ["635911c3-a74d-50d2-b0a8-ed870522b006"]}, {"cards": [{"count": 2, "finish": "nonfoil", "uuid": "864c94a7-a6d7-5055-bb8f-8709f90cfabf"}, {"count": 4, "finish": "nonfoil", "uuid": "085c5343-6060-5d4e-a967-3b40e64246f2"}, {"count": 2, "finish": "nonfoil", "uuid": "82ee6986-02f8-50fb-81a5-26f0d3bc0b92"}, {"count": 4, "finish": "nonfoil", "uuid": "cefd1be9-025f-524c-8950-7645d9cb3f57"}, {"count": 4, "finish": "nonfoil", "uuid": "61fda89e-aaa0-5dbe-ba17-714876581301"}, {"count": 3, "finish": "nonfoil", "uuid": "70033045-b1de-5b13-8598-0cd97f8c980d"}, {"count": 3, "finish": "nonfoil", "uuid": "da1add41-63d0-50e6-a4d0-074d93ec6589"}, {"count": 3, "finish": "nonfoil", "uuid": "c194d6c3-6f56-5753-92cb-2f69d92b57cc"}, {"count": 2, "finish": "nonfoil", "uuid": "89ceffe7-c65f-5e5d-80ea-4754dd8984da"}, {"count": 2, "finish": "nonfoil", "uuid": "c5aa8f3c-e5e7-5ffd-af28-26e565e7aec4"}, {"count": 4, "finish": "nonfoil", "uuid": "f50da26d-f479-51bd-a946-7230e27cb0fe"}, {"count": 4, "finish": "nonfoil", "uuid": "ffda1ffd-b843-5c2b-896b-ed28d1fd6205"}, {"count": 2, "finish": "nonfoil", "uuid": "6cf241f2-fba0-56ba-8756-1300b258b3df"}, {"count": 4, "finish": "nonfoil", "uuid": "50670ecf-47ca-5788-b970-c5f41d6e5e93"}, {"count": 4, "finish": "nonfoil", "uuid": "6875db8f-16ae-58ad-8e6b-be7cd8e0965d"}, {"count": 1, "finish": "nonfoil", "uuid": "6d0c10f2-c95b-5b71-b5df-ad2f14e642c8"}, {"count": 6, "finish": "nonfoil", "uuid": "db2b0bb2-19ec-565f-992b-4380a22e25d4"}, {"count": 4, "finish": "nonfoil", "uuid": "1ab4f93c-757e-5fbf-b107-f402b81d83d7"}, {"count": 2, "finish": "nonfoil", "uuid": "8bdd9d7d-3ed8-5569-a892-ad109dbd64e1"}], "name": "Izzet Phoenix", "sealedProductUuids": ["39dcf4d1-853d-5f8e-9f41-b9e732f55af1"]}, {"cards": [{"count": 2, "finish": "nonfoil", "uuid": "91680403-7ed7-5c5a-8f38-b2005200e27a"}, {"count": 4, "finish": "nonfoil", "uuid": "c05a79d5-f08f-5a11-a2d9-5b058b81f492"}, {"count": 4, "finish": "nonfoil", "uuid": "f9925a8a-584e-511d-b4bf-393028652722"}, {"count": 4, "finish": "nonfoil", "uuid": "a2239d00-3fd1-5c49-b893-e1d399f6af97"}, {"count": 4, "finish": "nonfoil", "uuid": "8112b0cf-129b-55a5-b363-721b7b546e39"}, {"count": 4, "finish": "nonfoil", "uuid": "5a6be60b-a93a-543f-bfb8-7db8933f8132"}, {"count": 4, "finish": "nonfoil", "uuid": "01f8b96f-38df-5503-8260-83f7eb92071a"}, {"count": 4, "finish": "nonfoil", "uuid": "154e2745-5d63-5ee9-b8a4-e5a5a8a5ee15"}, {"count": 2, "finish": "nonfoil", "uuid": "d947d9cd-f855-5496-b5de-88006b49865f"}, {"count": 2, "finish": "nonfoil", "uuid": "f02b95df-5856-5db7-8659-a1029d0b150f"}, {"count": 4, "finish": "nonfoil", "uuid": "9bdc2764-ce8a-5f56-862f-c73f481660bc"}, {"count": 4, "finish": "nonfoil", "uuid": "3d1a049a-6c28-5b81-acf7-871e39ca23d5"}, {"count": 4, "finish": "nonfoil", "uuid": "86995bdf-9a82-5501-8efa-7434a241bf54"}, {"count": 1, "finish": "nonfoil", "uuid": "19c54a73-e7d5-525f-89b0-d48faacfeab6"}, {"count": 2, "finish": "nonfoil", "uuid": "0da85651-c287-5591-a627-be87d1516f95"}, {"count": 4, "finish": "nonfoil", "uuid": "ec6ee728-9eb9-5bab-a0be-869e83620e63"}, {"count": 4, "finish": "nonfoil", "uuid": "0a6cef69-ab9a-5545-b810-afb8ec9a973b"}, {"count": 3, "finish": "nonfoil", "uuid": "a949620d-6fec-5115-b260-199c34f7f769"}], "name": "Orzhov Humans", "sealedProductUuids": ["09db298d-b8bb-5f30-92a9-d2b0947a1dc1"]}], "isFoilOnly": false, "isOnlineOnly": false, "keyruneCode": "DEFAULT", "name": "Pioneer Challenger Decks 2022", "releaseDate": "2022-11-04", "sealedProduct": [{"category": "deck", "identifiers": {"cardKingdomId": "267707"}, "name": "Pioneer Challenger Deck 2022 - Pioneer Dimir Control", "purchaseUrls": {"cardKingdom": "https://mtgjson.com/links/5aeccff9ae05dd51"}, "subtype": "challenge", "uuid": "956aaa84-4b88-5932-bd5e-a52b309956ec"}, {"category": "deck", "identifiers": {"cardKingdomId": "267708"}, "name": "Pioneer Challenger Deck 2022 - Orzhov Humans", "purchaseUrls": {"cardKingdom": "https://mtgjson.com/links/9003509ae67dbc2f"}, "subtype": "challenge", "uuid": "09db298d-b8bb-5f30-92a9-d2b0947a1dc1"}, {"category": "deck", "identifiers": {"cardKingdomId": "267709"}, "name": "Pioneer Challenger Deck 2022 - Izzet Phoenix", "purchaseUrls": {"cardKingdom": "https://mtgjson.com/links/0644b74c834171ee"}, "subtype": "challenge", "uuid": "39dcf4d1-853d-5f8e-9f41-b9e732f55af1"}, {"category": "deck", "identifiers": {"cardKingdomId": "267710"}, "name": "Pioneer Challenger Deck 2022 - Pioneer Gruul Stompy", "purchaseUrls": {"cardKingdom": "https://mtgjson.com/links/25f1bd5e9f8a753a"}, "subtype": "challenge", "uuid": "635911c3-a74d-50d2-b0a8-ed870522b006"}], "tokens": [], "totalSetSize": 0, "translations": {}, "type": "box"}}