{"meta": {"date": "2023-08-19", "version": "5.2.1+20230819"}, "data": {"baseSetSize": 3, "cards": [{"artist": "Slawomir Maniak", "artistIds": ["d887bc66-2779-416c-a1ff-d8720242063e"], "availability": ["paper"], "borderColor": "black", "colorIdentity": ["R"], "colors": ["R"], "convertedManaCost": 4.0, "edhrecRank": 13835, "edhrecSaltiness": 0.12, "finishes": ["nonfoil", "foil"], "flavorText": "Some storms never blow over.", "foreignData": [], "frameEffects": ["gravestone"], "frameVersion": "1997", "hasFoil": true, "hasNonFoil": true, "identifiers": {"mtgjsonV4Id": "a632fee2-a0b8-5cd2-ae50-67d71f5c393e", "scryfallId": "e24601e9-1987-4b21-b917-7172e51bd33a", "scryfallIllustrationId": "0aa75a78-f9fe-438a-b0a3-72c017e1d61d", "scryfallOracleId": "a80ea391-54d1-4b61-95a3-f8deb4cbe842"}, "isReprint": true, "isStarter": true, "keywords": ["Flying", "Haste"], "language": "English", "layout": "normal", "legalities": {"commander": "Legal", "duel": "Legal", "explorer": "Legal", "gladiator": "Legal", "historic": "Legal", "historicbrawl": "Legal", "legacy": "Legal", "modern": "Legal", "oathbreaker": "Legal", "pioneer": "Legal", "vintage": "Legal"}, "manaCost": "{3}{R}", "manaValue": 4.0, "name": "Arclight Phoenix", "number": "331", "power": "3", "printings": ["GRN", "PGRN", "RVR", "SLC"], "purchaseUrls": {}, "rarity": "rare", "rulings": [{"date": "2018-10-05", "text": "Because the beginning of combat step is before attackers are declared, you can attack with Arclight Phoenix during the same combat it returns to the battlefield."}], "securityStamp": "oval", "setCode": "RVR", "subtypes": ["Phoenix"], "supertypes": [], "text": "Flying, haste\nAt the beginning of combat on your turn, if you've cast three or more instant and sorcery spells this turn, return Arclight Phoenix from your graveyard to the battlefield.", "toughness": "2", "type": "Creature — Phoenix", "types": ["Creature"], "uuid": "e1b923d8-6780-59e0-8f1e-272ed577ea35"}, {"artist": "Karl Kopinski", "artistIds": ["0fad2c48-a56e-4a0b-b512-224f6f238f20"], "availability": ["paper"], "borderColor": "black", "colorIdentity": ["R"], "colors": ["R"], "convertedManaCost": 4.0, "edhrecRank": 1131, "edhrecSaltiness": 0.92, "finishes": ["nonfoil", "foil"], "flavorText": "\"He displays a perverse charisma fueled by avarice. Highly dangerous. Recommend civil sanctions.\"\n—Agmand Sarv, Azorius hussar", "foreignData": [], "frameVersion": "1997", "hasFoil": true, "hasNonFoil": true, "identifiers": {"mtgjsonV4Id": "32ebccac-3ba0-5b24-9b3a-d78cf29d17c5", "scryfallId": "e6cc97d2-6ad7-45fc-8766-d7297f911057", "scryfallIllustrationId": "284afff8-9007-4791-99a8-6854a7c40c02", "scryfallOracleId": "68418069-f615-40ef-ae0d-764192acae00"}, "isReprint": true, "isStarter": true, "language": "English", "layout": "normal", "leadershipSkills": {"brawl": false, "commander": true, "oathbreaker": false}, "legalities": {"commander": "Legal", "duel": "Legal", "gladiator": "Legal", "historic": "Legal", "historicbrawl": "Legal", "legacy": "Legal", "modern": "Legal", "oathbreaker": "Legal", "vintage": "Legal"}, "manaCost": "{2}{R}{R}", "manaValue": 4.0, "name": "Krenko, Mob Boss", "number": "335", "power": "3", "printings": ["CMM", "DDN", "DDT", "J22", "JMP", "M13", "MB1", "RVR"], "purchaseUrls": {}, "rarity": "rare", "rulings": [{"date": "2012-07-01", "text": "The ability counts each Goblin you control, including Krenko itself, not just the tokens it creates."}], "securityStamp": "oval", "setCode": "RVR", "subtypes": ["Goblin", "Warrior"], "supertypes": ["Legendary"], "text": "{T}: Create X 1/1 red Goblin creature tokens, where X is the number of Goblins you control.", "toughness": "3", "type": "Legendary Creature — Goblin Warrior", "types": ["Creature"], "uuid": "28535d0c-b020-5eb4-a1ce-b41774c99988"}, {"artist": "Rob Alexander", "artistIds": ["35906871-6c78-4ab2-9ed1-e6792c8efb74"], "availability": ["paper"], "borderColor": "black", "colorIdentity": ["U", "W"], "colors": [], "convertedManaCost": 0.0, "edhrecRank": 71, "edhrecSaltiness": 0.1, "finishes": ["nonfoil", "foil"], "foreignData": [], "frameVersion": "1997", "hasFoil": true, "hasNonFoil": true, "identifiers": {"mtgjsonV4Id": "2f9a1e13-ed69-51e4-9222-4775e20f2cf7", "scryfallId": "438fb324-2c51-4763-a32a-6e315e9f769c", "scryfallIllustrationId": "efc3758a-ff60-46f8-93b4-868bb5396e50", "scryfallOracleId": "f1750962-a87c-49f6-b731-02ae971ac6ea"}, "isReprint": true, "isStarter": true, "language": "English", "layout": "normal", "legalities": {"commander": "Legal", "duel": "Legal", "explorer": "Legal", "gladiator": "Legal", "historic": "Legal", "historicbrawl": "Legal", "legacy": "Legal", "modern": "Legal", "oathbreaker": "Legal", "pioneer": "Legal", "predh": "Legal", "vintage": "Legal"}, "manaValue": 0.0, "name": "Hallowed Fountain", "number": "404", "printings": ["DIS", "EXP", "PRM", "PRNA", "RNA", "RTR", "RVR", "SLD", "UNF"], "purchaseUrls": {}, "rarity": "rare", "rulings": [{"date": "2018-10-05", "text": "Unlike most dual lands, this land has two basic land types. It's not basic, so cards such as District Guide can't find it, but it does have the appropriate land types for effects such as that of Drowned Catacomb (from the Ixalan set)."}, {"date": "2018-10-05", "text": "If an effect puts this land onto the battlefield tapped, you may pay 2 life, but it still enters tapped."}], "setCode": "RVR", "subtypes": ["Plains", "Island"], "supertypes": [], "text": "({T}: Add {W} or {U}.)\nAs Hallowed Fountain enters the battlefield, you may pay 2 life. If you don't, it enters the battlefield tapped.", "type": "Land — Plains Island", "types": ["Land"], "uuid": "b340bd88-0622-586a-932d-3deced035b78"}], "code": "RVR", "isFoilOnly": false, "isOnlineOnly": false, "isPartialPreview": true, "keyruneCode": "RVR", "languages": ["English"], "name": "Ravnica Remastered", "releaseDate": "2024-03-01", "tokens": [], "totalSetSize": 3, "translations": {}, "type": "masters"}}