{"meta": {"date": "2023-08-19", "version": "5.2.1+20230819"}, "data": {"baseSetSize": 2002, "cards": [{"artist": "Justine Jones", "artistIds": ["51041d8d-35e6-47a2-95b1-528fa4d82134"], "availability": ["paper"], "borderColor": "borderless", "colorIdentity": ["R"], "colors": ["R"], "convertedManaCost": 6.0, "edhrecRank": 8882, "edhrecSaltiness": 0.25, "finishes": ["nonfoil", "foil"], "flavorText": "While it's true most Dragons are cruel, the Shivan Dragon seems to take particular glee in the misery of others, often tormenting its victims much like a cat plays with a mouse before delivering the final blow.", "foreignData": [], "frameEffects": ["inverted"], "frameVersion": "2015", "hasFoil": true, "hasNonFoil": true, "identifiers": {"cardKingdomFoilId": "268741", "cardKingdomId": "268740", "cardsphereId": "96532", "mtgjsonV4Id": "0d6f1967-5d27-5990-bb37-be9c77489e21", "scryfallId": "c535f7f8-a57e-4ef1-91b4-5e3281bd4407", "scryfallIllustrationId": "926c5cf0-25f9-4a34-bf64-bf56ae3e7666", "scryfallOracleId": "711eea87-0fa3-46e0-a42b-fa5a86455f04", "tcgplayerProductId": "451174"}, "isFullArt": true, "isPromo": true, "isReprint": true, "isStarter": true, "keywords": ["Flying"], "language": "English", "layout": "normal", "legalities": {"commander": "Legal", "duel": "Legal", "explorer": "Legal", "gladiator": "Legal", "historic": "Legal", "historicbrawl": "Legal", "legacy": "Legal", "modern": "Legal", "oathbreaker": "Legal", "penny": "Legal", "pioneer": "Legal", "predh": "Legal", "premodern": "Legal", "vintage": "Legal"}, "manaCost": "{4}{R}{R}", "manaValue": 6.0, "name": "Shivan Dragon", "number": "1993", "power": "5", "printings": ["10E", "2ED", "30A", "3ED", "4BB", "4ED", "5ED", "7ED", "8ED", "9ED", "BTD", "CED", "CEI", "DMR", "DPA", "DRB", "FBB", "GN3", "J21", "LEA", "LEB", "M10", "M14", "M15", "M19", "M20", "ME4", "O90P", "ORI", "P30H", "P30T", "P9ED", "PMEI", "PRM", "PS11", "SLC", "SLD", "SUM", "W16", "W17"], "purchaseUrls": {"cardKingdom": "https://mtgjson.com/links/bda05a50d91baf31", "cardKingdomFoil": "https://mtgjson.com/links/acec7bea3ae6d2e5", "tcgplayer": "https://mtgjson.com/links/7c4b133f39c57035"}, "rarity": "rare", "securityStamp": "oval", "setCode": "SLC", "subtypes": ["Dragon"], "supertypes": [], "text": "Flying (This creature can't be blocked except by creatures with flying or reach.)\n{R}: Shivan Dragon gets +1/+0 until end of turn.", "toughness": "5", "type": "Creature — Dragon", "types": ["Creature"], "uuid": "2ee15fa7-6e75-5f99-966a-bc0fe602a0a5"}, {"artist": "DXTR", "artistIds": ["c4d8fe2c-3f28-4200-a301-fae4500cbdf3"], "availability": ["paper"], "borderColor": "borderless", "colorIdentity": [], "colors": [], "convertedManaCost": 0.0, "edhrecRank": 1705, "edhrecSaltiness": 0.07, "finishes": ["nonfoil", "foil"], "foreignData": [], "frameEffects": ["inverted"], "frameVersion": "2015", "hasFoil": true, "hasNonFoil": true, "identifiers": {"cardKingdomFoilId": "268744", "cardKingdomId": "268743", "cardsphereId": "96534", "mtgjsonV4Id": "c65cd4e0-5c00-5fc5-90e6-3e81991c30b1", "scryfallId": "c9eb1309-5e60-4b8f-b63c-ebe62030db5c", "scryfallIllustrationId": "add150a3-7c67-4049-b587-d4ba99beb00e", "scryfallOracleId": "5963e0ef-e0bc-4611-ad4f-813a4c0eacfb", "tcgplayerProductId": "451175"}, "isFullArt": true, "isPromo": true, "isReprint": true, "isStarter": true, "language": "English", "layout": "normal", "legalities": {"commander": "Legal", "duel": "Legal", "legacy": "Legal", "modern": "Legal", "oathbreaker": "Legal", "penny": "Legal", "predh": "Legal", "premodern": "Legal", "vintage": "Legal"}, "manaValue": 0.0, "name": "Mishra's Factory", "number": "1994", "printings": ["2XM", "4BB", "4ED", "A25", "AFC", "ATQ", "DDF", "DMR", "EMA", "G05", "J22", "MB1", "ME1", "MH2", "PLIST", "PRM", "PTC", "REN", "RIN", "SLC", "TD0"], "purchaseUrls": {"cardKingdom": "https://mtgjson.com/links/8ad6926c730208e3", "cardKingdomFoil": "https://mtgjson.com/links/74692f2b48faf767", "tcgplayer": "https://mtgjson.com/links/32503e7d78e98124"}, "rarity": "rare", "securityStamp": "oval", "setCode": "SLC", "subtypes": [], "supertypes": [], "text": "{T}: Add {C}.\n{1}: Mishra's Factory becomes a 2/2 Assembly-Worker artifact creature until end of turn. It's still a land.\n{T}: Target Assembly-Worker creature gets +1/+1 until end of turn.", "type": "Land", "types": ["Land"], "uuid": "ed7687c8-a5b0-59ff-8dfe-aee11210e1a2"}, {"artist": "Rafal Wechterowicz", "artistIds": ["081a9801-bd49-4b9d-8405-26cd6c7ce3a5"], "availability": ["paper"], "borderColor": "borderless", "colorIdentity": ["B"], "colors": ["B"], "convertedManaCost": 3.0, "edhrecRank": 505, "edhrecSaltiness": 1.48, "finishes": ["nonfoil", "foil"], "foreignData": [], "frameVersion": "2015", "hasFoil": true, "hasNonFoil": true, "identifiers": {"cardKingdomFoilId": "268751", "cardKingdomId": "268747", "cardsphereId": "96518", "mtgjsonV4Id": "75f8e3ce-cc21-56f0-8458-d9192289aa1f", "scryfallId": "7dae100a-ea1d-45f3-b47c-b278cda462ad", "scryfallIllustrationId": "a75292e7-3992-4c62-83a3-680d37a3085c", "scryfallOracleId": "94a844d2-0574-45a7-b347-e0e329767c42", "tcgplayerProductId": "448902"}, "isFullArt": true, "isPromo": true, "isReprint": true, "isStarter": true, "language": "English", "layout": "normal", "legalities": {"commander": "Legal", "duel": "Legal", "legacy": "Banned", "oathbreaker": "Legal", "predh": "Legal", "premodern": "Banned", "vintage": "Restricted"}, "manaCost": "{B}{B}{B}", "manaValue": 3.0, "name": "Necropotence", "number": "1995", "printings": ["5ED", "DKM", "EMA", "ICE", "IMA", "ME2", "OLEP", "PTC", "SLC", "V09", "VMA", "WOT"], "purchaseUrls": {"cardKingdom": "https://mtgjson.com/links/536a8eda92ec8a85", "cardKingdomFoil": "https://mtgjson.com/links/d5729739d16419be", "tcgplayer": "https://mtgjson.com/links/4edae20e341354b1"}, "rarity": "mythic", "rulings": [{"date": "2017-11-17", "text": "If a discarded card isn’t put into your graveyard (due to an effect such as that of Obstinate Baloth) or leaves your graveyard (perhaps because another effect returned it to your hand), it won’t be exiled."}, {"date": "2017-11-17", "text": "If you discard a card with madness and wish to cast it, Necropotence’s ability won’t exile that card. If you don’t wish to cast it, you choose whether it ends up exiled or in your graveyard."}, {"date": "2017-11-17", "text": "Necropotence’s last ability creates a delayed triggered ability that will put the exiled card into your hand. That ability still triggers even if Necropotence is removed from the battlefield before your end step."}], "securityStamp": "oval", "setCode": "SLC", "subtypes": [], "supertypes": [], "text": "Skip your draw step.\nWhenever you discard a card, exile that card from your graveyard.\nPay 1 life: Exile the top card of your library face down. Put that card into your hand at the beginning of your next end step.", "type": "Enchantment", "types": ["Enchantment"], "uuid": "97be139c-0814-5fb5-9b8d-c06933883f9e"}, {"artist": "Wizard of Barge", "artistIds": ["b1b7118a-fce9-4f28-9617-5cea5146e33c"], "asciiName": "Lim-Dul's Vault", "availability": ["paper"], "borderColor": "borderless", "colorIdentity": ["B", "U"], "colors": ["B", "U"], "convertedManaCost": 2.0, "edhrecRank": 1236, "edhrecSaltiness": 0.66, "finishes": ["nonfoil", "foil"], "foreignData": [], "frameEffects": ["inverted"], "frameVersion": "2015", "hasFoil": true, "hasNonFoil": true, "identifiers": {"cardKingdomFoilId": "268754", "cardKingdomId": "268753", "mtgjsonV4Id": "d12f8dc7-6f10-567f-9fbf-58083da414d1", "scryfallId": "9911cc02-ef9a-458b-94d2-50af92ad6628", "scryfallIllustrationId": "0f9f636f-8544-4a68-b423-fb2753f3925c", "scryfallOracleId": "3f8e7a45-4c6e-4ee6-93d0-b7de9715ec97", "tcgplayerProductId": "451176"}, "isFullArt": true, "isPromo": true, "isReprint": true, "isStarter": true, "language": "English", "layout": "normal", "legalities": {"commander": "Legal", "duel": "Legal", "legacy": "Legal", "oathbreaker": "Legal", "predh": "Legal", "premodern": "Legal", "vintage": "Legal"}, "manaCost": "{U}{B}", "manaValue": 2.0, "name": "Lim-Dûl's Vault", "number": "1996", "printings": ["ALL", "C13", "ME1", "SLC"], "purchaseUrls": {"cardKingdom": "https://mtgjson.com/links/18d8b6a766c04c45", "cardKingdomFoil": "https://mtgjson.com/links/8ff5dadbf5c9cf66", "tcgplayer": "https://mtgjson.com/links/e37454aceb34bb97"}, "rarity": "rare", "rulings": [{"date": "2007-09-16", "text": "If you have five or fewer cards in your library, you can pay 1 life as many times as you like, but you’ll keep seeing the same cards."}, {"date": "2007-09-16", "text": "In other words: — Step 1: Look at the top five cards of your library. — Step 2: If you like them, proceed to step 3a. If you don’t like them, proceed to step 3b. — Step 3a: Shuffle the rest of your library, then put those five cards back on top of your library in the order you want. The spell has finished resolving. — Step 3b: Put those five cards on the bottom of your library in the order you want. Pay 1 life. Return to step 1."}, {"date": "2007-09-16", "text": "If you pay no life, you shuffle the rest of your library and then put the top five cards back on top in any order."}], "securityStamp": "oval", "setCode": "SLC", "subtypes": [], "supertypes": [], "text": "Look at the top five cards of your library. As many times as you choose, you may pay 1 life, put those cards on the bottom of your library in any order, then look at the top five cards of your library. Then shuffle and put the last cards you looked at this way on top in any order.", "type": "Instant", "types": ["Instant"], "uuid": "0587adc7-c5ee-53af-9c61-f2364c6209c3"}, {"artist": "BrooklynSnobs", "artistIds": ["b2731d59-87d6-4e4c-8361-a2eaf0441360"], "availability": ["paper"], "borderColor": "borderless", "colorIdentity": ["U"], "colors": ["U"], "convertedManaCost": 4.0, "edhrecRank": 14346, "edhrecSaltiness": 0.68, "finishes": ["nonfoil", "foil"], "flavorText": "It is said that the wind will blow the world past if you wait long enough.", "foreignData": [], "frameEffects": ["inverted"], "frameVersion": "2015", "hasFoil": true, "hasNonFoil": true, "identifiers": {"cardKingdomFoilId": "268756", "cardKingdomId": "268755", "cardsphereId": "96536", "mtgjsonV4Id": "22460446-99cc-56c8-8f07-cba60adea6ef", "scryfallId": "56b80bce-1ff6-40e7-bfdd-af1ffc1918c6", "scryfallIllustrationId": "c8b8dfc5-6bf2-493f-b5be-078c5db585f8", "scryfallOracleId": "d0314da0-da24-4f6e-b1f6-0d50617bcaaa", "tcgplayerProductId": "451177"}, "isFullArt": true, "isPromo": true, "isReprint": true, "isStarter": true, "keywords": ["Flying"], "language": "English", "layout": "normal", "legalities": {"commander": "Legal", "duel": "Legal", "legacy": "Legal", "oathbreaker": "Legal", "penny": "Legal", "predh": "Legal", "premodern": "Legal", "vintage": "Legal"}, "manaCost": "{3}{U}", "manaValue": 4.0, "name": "Tradewind Rider", "number": "1997", "power": "1", "printings": ["G02", "PRM", "SLC", "TMP", "TPR", "VMA", "WC98"], "purchaseUrls": {"cardKingdom": "https://mtgjson.com/links/a5bcc04a3b2fa166", "cardKingdomFoil": "https://mtgjson.com/links/89c2e1ac83f442f3", "tcgplayer": "https://mtgjson.com/links/291db04ae95e1872"}, "rarity": "rare", "securityStamp": "oval", "setCode": "SLC", "subtypes": ["Spirit"], "supertypes": [], "text": "Flying\n{T}, Tap two untapped creatures you control: Return target permanent to its owner's hand.", "toughness": "4", "type": "Creature — Spirit", "types": ["Creature"], "uuid": "68534d5f-8c4c-55f4-987b-d79a5dee8f2e"}, {"artist": "Jaime A. Zuverza", "artistIds": ["1a681e98-8169-43c8-819d-7b58c7ffa933"], "availability": ["paper"], "borderColor": "borderless", "colorIdentity": [], "colors": [], "convertedManaCost": 4.0, "edhrecRank": 5827, "edhrecSaltiness": 2.14, "finishes": ["nonfoil", "foil"], "foreignData": [], "frameEffects": ["inverted"], "frameVersion": "2015", "hasFoil": true, "hasNonFoil": true, "identifiers": {"cardKingdomFoilId": "268758", "cardKingdomId": "268757", "cardsphereId": "96540", "mtgjsonV4Id": "3a3b43f3-bbfc-59d8-bf24-168cbac35132", "scryfallId": "4e5b6e96-c1b8-44b8-90ab-2989e7463427", "scryfallIllustrationId": "be6ad83d-21e1-4403-b1e1-b9b74b2355a6", "scryfallOracleId": "fda61506-ed79-47fd-badd-639185297913", "tcgplayerProductId": "451178"}, "isFullArt": true, "isPromo": true, "isReprint": true, "isStarter": true, "language": "English", "layout": "normal", "legalities": {"commander": "Legal", "duel": "Legal", "legacy": "Legal", "oathbreaker": "Legal", "penny": "Legal", "predh": "Legal", "premodern": "Legal", "vintage": "Legal"}, "manaCost": "{4}", "manaValue": 4.0, "name": "Smokestack", "number": "1998", "printings": ["PLIST", "SLC", "USG", "V14", "VMA"], "purchaseUrls": {"cardKingdom": "https://mtgjson.com/links/5ea0b9691965638d", "cardKingdomFoil": "https://mtgjson.com/links/a14f697e028482f0", "tcgplayer": "https://mtgjson.com/links/a89d8141f2802eb1"}, "rarity": "rare", "rulings": [{"date": "2004-10-04", "text": "If a player does not have enough permanents, they sacrifice all the ones they have."}, {"date": "2004-10-04", "text": "Adding a counter is optional. If you forget to add one during your upkeep, you cannot back up and add one later."}], "securityStamp": "oval", "setCode": "SLC", "subtypes": [], "supertypes": [], "text": "At the beginning of your upkeep, you may put a soot counter on Smokestack.\nAt the beginning of each player's upkeep, that player sacrifices a permanent for each soot counter on Smokestack.", "type": "Artifact", "types": ["Artifact"], "uuid": "ee3cb7ef-0d68-5492-8d70-a2b3d5d34388"}, {"artist": "Nana Qi", "artistIds": ["0debd35b-0bdc-4cee-8a11-78193a9c73df"], "availability": ["paper"], "borderColor": "borderless", "colorIdentity": ["R"], "colors": ["R"], "convertedManaCost": 3.0, "edhrecRank": 2897, "edhrecSaltiness": 0.14, "finishes": ["nonfoil", "foil"], "flavorText": "\"General?!\" Tahngarth roared. \"General *nuisance*, maybe.\"", "foreignData": [], "frameEffects": ["legendary", "inverted"], "frameVersion": "2015", "hasFoil": true, "hasNonFoil": true, "identifiers": {"cardKingdomFoilId": "268760", "cardKingdomId": "268759", "cardsphereId": "96542", "mtgjsonV4Id": "ab1b2b9f-85bf-5f83-82c1-dfc18b4c2079", "scryfallId": "6d6c51ea-21fd-46c2-9bdd-5f7b4438a1c3", "scryfallIllustrationId": "23514578-de6e-4fd4-b166-332a6ff8f995", "scryfallOracleId": "0ef760f4-bbec-4735-8d60-fc24d973452a", "tcgplayerProductId": "451179"}, "isFullArt": true, "isPromo": true, "isReprint": true, "isStarter": true, "language": "English", "layout": "normal", "leadershipSkills": {"brawl": false, "commander": true, "oathbreaker": false}, "legalities": {"commander": "Legal", "duel": "Legal", "legacy": "Legal", "modern": "Legal", "oathbreaker": "Legal", "paupercommander": "Restricted", "penny": "Legal", "predh": "Legal", "premodern": "Legal", "vintage": "Legal"}, "manaCost": "{2}{R}", "manaValue": 3.0, "name": "Squee, Goblin Nabob", "number": "1999", "power": "1", "printings": ["10E", "C19", "CMM", "MMA", "MMQ", "SLC", "UMA"], "purchaseUrls": {"cardKingdom": "https://mtgjson.com/links/efe4f6196f7a0409", "cardKingdomFoil": "https://mtgjson.com/links/94e7410606ec8c49", "tcgplayer": "https://mtgjson.com/links/9448701e747ddb5f"}, "rarity": "rare", "rulings": [{"date": "2018-12-07", "text": "If Squee isn’t in your graveyard as your upkeep begins, its ability won’t trigger. You can’t take any actions during your turn before your upkeep begins."}], "securityStamp": "oval", "setCode": "SLC", "subtypes": ["Goblin"], "supertypes": ["Legendary"], "text": "At the beginning of your upkeep, you may return Squee, Goblin Nabob from your graveyard to your hand.", "toughness": "1", "type": "Legendary Creature — Goblin", "types": ["Creature"], "uuid": "0d4e054c-5df4-56c8-9703-a69cd67cf213"}, {"artist": "AlbaBG", "artistIds": ["88141078-a215-4440-ba7f-9e223456c9fb"], "availability": ["paper"], "borderColor": "borderless", "colorIdentity": ["W"], "colors": ["W"], "convertedManaCost": 3.0, "edhrecRank": 12239, "edhrecSaltiness": 0.14, "finishes": ["nonfoil", "foil"], "foreignData": [], "frameEffects": ["legendary", "inverted"], "frameVersion": "2015", "hasFoil": true, "hasNonFoil": true, "identifiers": {"cardKingdomFoilId": "268762", "cardKingdomId": "268761", "cardsphereId": "96546", "mtgjsonV4Id": "c5b48837-056f-5dc6-b962-5bd56c01612c", "scryfallId": "4d8dd50e-576a-4e19-9ac2-a3d444a759f1", "scryfallIllustrationId": "3566d216-6495-462b-8412-df095b709819", "scryfallOracleId": "6c3847b6-9bfb-49b5-8f1a-bdb40e6900f1", "tcgplayerProductId": "451185"}, "isFullArt": true, "isPromo": true, "isReprint": true, "isStarter": true, "language": "English", "layout": "normal", "leadershipSkills": {"brawl": false, "commander": true, "oathbreaker": false}, "legalities": {"commander": "Legal", "duel": "Legal", "legacy": "Legal", "oathbreaker": "Legal", "predh": "Legal", "premodern": "Legal", "vintage": "Legal"}, "manaCost": "{1}{W}{W}", "manaValue": 3.0, "name": "Lin Sivvi, Defiant Hero", "number": "2000", "power": "1", "printings": ["NEM", "SLC"], "purchaseUrls": {"cardKingdom": "https://mtgjson.com/links/678ccf6d93f30e42", "cardKingdomFoil": "https://mtgjson.com/links/f52facd28cd29df9", "tcgplayer": "https://mtgjson.com/links/d452f23b641bfd34"}, "rarity": "rare", "rulings": [{"date": "2004-10-04", "text": "You do not have to find a Rebel card if you do not want to."}], "securityStamp": "oval", "setCode": "SLC", "subtypes": ["Human", "Rebel"], "supertypes": ["Legendary"], "text": "{X}, {T}: Search your library for a Rebel permanent card with mana value X or less, put it onto the battlefield, then shuffle.\n{3}: Put target Rebel card from your graveyard on the bottom of your library.", "toughness": "3", "type": "Legendary Creature — Human Rebel", "types": ["Creature"], "uuid": "e854aa90-4cfe-5104-83b1-47762d4abea9"}, {"artist": "Crocodile Jackson", "artistIds": ["d4e5114a-a1c2-4389-9356-19ac50f2e114"], "availability": ["paper"], "borderColor": "borderless", "colorIdentity": ["G"], "colors": ["G"], "convertedManaCost": 2.0, "edhrecRank": 9581, "finishes": ["nonfoil", "foil"], "flavorText": "It teaches *you* to play dead.", "foreignData": [], "frameEffects": ["inverted"], "frameVersion": "2015", "hasFoil": true, "hasNonFoil": true, "identifiers": {"cardKingdomFoilId": "268764", "cardKingdomId": "268763", "cardsphereId": "96544", "mtgjsonV4Id": "88e6bb1f-8e5b-5f6e-9d9a-c14a5c1531ec", "scryfallId": "8476adaa-fd09-41c3-beda-0e2d654cb204", "scryfallIllustrationId": "384abfd0-947f-4a25-a4d1-ca0c997ec8ff", "scryfallOracleId": "e9441ab3-7a17-4f9b-a873-e5e82f6e9690", "tcgplayerProductId": "451188"}, "isFullArt": true, "isPromo": true, "isReprint": true, "isStarter": true, "language": "English", "layout": "normal", "legalities": {"commander": "Legal", "duel": "Legal", "legacy": "Legal", "oathbreaker": "Legal", "pauper": "Legal", "paupercommander": "Legal", "penny": "Legal", "predh": "Legal", "premodern": "Legal", "vintage": "Legal"}, "manaCost": "{1}{G}", "manaValue": 2.0, "name": "Wild Mongrel", "number": "2001", "power": "2", "printings": ["DDD", "F06", "GVL", "MB1", "ODY", "PRM", "SLC", "TD0", "UMA", "VMA", "WC02", "WC03"], "purchaseUrls": {"cardKingdom": "https://mtgjson.com/links/8d09500d7b6492fa", "cardKingdomFoil": "https://mtgjson.com/links/dd12992e2fd50816", "tcgplayer": "https://mtgjson.com/links/f5764760c0b36a0a"}, "rarity": "rare", "securityStamp": "oval", "setCode": "SLC", "subtypes": ["Dog"], "supertypes": [], "text": "Discard a card: Wild Mongrel gets +1/+1 and becomes the color of your choice until end of turn.", "toughness": "2", "type": "Creature — Dog", "types": ["Creature"], "uuid": "cb60d1a3-d398-5ba3-bb86-5cf62d1cec75"}, {"artist": "Michael Hutter", "artistIds": ["043423aa-46be-41eb-8a5a-d16e33c2ad8c"], "availability": ["paper"], "borderColor": "borderless", "colorIdentity": ["G"], "colors": ["G"], "convertedManaCost": 5.0, "edhrecRank": 3470, "edhrecSaltiness": 0.24, "finishes": ["nonfoil", "foil"], "flavorText": "\"First through the Riftstone was Genesis—and the world was lifeless no more.\"\n—*Scroll of Beginnings*", "foreignData": [], "frameEffects": ["inverted"], "frameVersion": "2015", "hasFoil": true, "hasNonFoil": true, "identifiers": {"cardKingdomFoilId": "268766", "cardKingdomId": "268765", "cardsphereId": "96550", "mtgjsonV4Id": "508e0407-54ab-5f7e-87be-0d1b7c316346", "scryfallId": "f9052ad9-a8b3-4fa3-8cbe-223b306c8328", "scryfallIllustrationId": "23eab196-f934-4c02-b8c5-242caca5f480", "scryfallOracleId": "15afdd88-05fc-4335-8a55-c6ee702f3bef", "tcgplayerProductId": "451189"}, "isFullArt": true, "isPromo": true, "isReprint": true, "isStarter": true, "language": "English", "layout": "normal", "legalities": {"commander": "Legal", "duel": "Legal", "legacy": "Legal", "modern": "Legal", "oathbreaker": "Legal", "penny": "Legal", "predh": "Legal", "premodern": "Legal", "vintage": "Legal"}, "manaCost": "{4}{G}", "manaValue": 5.0, "name": "Genesis", "number": "2002", "power": "4", "printings": ["J13", "JUD", "MH1", "SLC", "TD0", "VMA", "WC02"], "purchaseUrls": {"cardKingdom": "https://mtgjson.com/links/df0527cef85afae4", "cardKingdomFoil": "https://mtgjson.com/links/7257774767de1187", "tcgplayer": "https://mtgjson.com/links/c675ad341e4c3f1a"}, "rarity": "rare", "securityStamp": "oval", "setCode": "SLC", "subtypes": ["Incarnation"], "supertypes": [], "text": "At the beginning of your upkeep, if Genesis is in your graveyard, you may pay {2}{G}. If you do, return target creature card from your graveyard to your hand.", "toughness": "4", "type": "Creature — Incarnation", "types": ["Creature"], "uuid": "9c32e1e8-f3aa-55ef-a37b-fbc66b82e3b1"}, {"artist": "Dan Frazier", "artistIds": ["059bba56-5feb-42e4-8c2e-e2f1e6ba11f9"], "availability": ["paper"], "borderColor": "black", "colorIdentity": [], "colors": [], "convertedManaCost": 0.0, "edhrecRank": 115, "edhrecSaltiness": 0.99, "finishes": ["nonfoil", "foil"], "foreignData": [], "frameVersion": "1997", "hasFoil": true, "hasNonFoil": true, "identifiers": {"cardKingdomFoilId": "268770", "cardKingdomId": "268769", "cardsphereId": "96520", "mtgjsonV4Id": "7d68004a-c862-5b4e-88e3-07a340b3117f", "scryfallId": "e0d88029-2569-461b-a57d-1af10673f4cf", "scryfallIllustrationId": "b4c76a6d-52fb-4fa4-80d0-2c8993411f55", "scryfallOracleId": "ec3d4466-547c-4e02-b1b5-a156ec4637e9", "tcgplayerProductId": "448904"}, "isPromo": true, "isReprint": true, "isStarter": true, "keywords": ["Imprint"], "language": "English", "layout": "normal", "legalities": {"commander": "Legal", "duel": "Banned", "legacy": "Legal", "modern": "Banned", "oathbreaker": "Legal", "predh": "Legal", "vintage": "Legal"}, "manaCost": "{0}", "manaValue": 0.0, "name": "Chrome Mox", "number": "2003", "printings": ["2XM", "EMA", "MPS", "MRD", "PGPX", "PRM", "SLC", "WC04"], "promoTypes": ["boosterfun"], "purchaseUrls": {"cardKingdom": "https://mtgjson.com/links/b36d3600ec283ad0", "cardKingdomFoil": "https://mtgjson.com/links/079ddb04a88df030", "tcgplayer": "https://mtgjson.com/links/ad35b57ffdc3de64"}, "rarity": "mythic", "rulings": [{"date": "2020-08-07", "text": "If no card is imprinted on Chrome Mox, it can't add mana to your mana pool. It can never add {C} to your mana pool, even if the imprinted card has a colorless mana symbol in its mana cost."}, {"date": "2020-08-07", "text": "If you imprinted a multicolored card, you choose one of that card's colors each time you tap Chrome Mox for mana."}], "setCode": "SLC", "subtypes": [], "supertypes": [], "text": "Imprint — When Chrome Mox enters the battlefield, you may exile a nonartifact, nonland card from your hand.\n{T}: Add one mana of any of the exiled card's colors.", "type": "Artifact", "types": ["Artifact"], "uuid": "f628a0da-a106-5ba7-badf-83eabf70160c"}, {"artist": "JungShan", "artistIds": ["7a21e51d-6432-4132-ad64-fa149edb3e08"], "availability": ["paper"], "borderColor": "borderless", "colorIdentity": ["G"], "colors": ["G"], "convertedManaCost": 1.0, "edhrecRank": 5719, "edhrecSaltiness": 0.19, "finishes": ["nonfoil", "foil"], "flavorText": "Dosan sat in repose for many hours. He made no motion, no sound at all. And as he sat, nature revealed itself to him.", "foreignData": [], "frameEffects": ["inverted"], "frameVersion": "2015", "hasFoil": true, "hasNonFoil": true, "identifiers": {"cardKingdomFoilId": "268768", "cardKingdomId": "268767", "cardsphereId": "96548", "mtgjsonV4Id": "b8941663-9a30-5d8e-b5d9-fd3787baaae2", "scryfallId": "23684d0f-c3c6-4b84-a5be-d6ca1085dae0", "scryfallIllustrationId": "3b7662d8-3c95-4910-90fa-cf7ac705d96e", "scryfallOracleId": "5fae52ed-1b84-406e-951d-b0d329dc48a7", "tcgplayerProductId": "451190"}, "isFullArt": true, "isPromo": true, "isReprint": true, "isStarter": true, "language": "English", "layout": "normal", "legalities": {"commander": "Legal", "duel": "Legal", "legacy": "Legal", "modern": "Banned", "oathbreaker": "Legal", "predh": "Legal", "vintage": "Legal"}, "manaCost": "{G}", "manaValue": 1.0, "name": "Glimpse of Nature", "number": "2004", "printings": ["CHK", "SLC"], "purchaseUrls": {"cardKingdom": "https://mtgjson.com/links/c9ec276c2fa868d0", "cardKingdomFoil": "https://mtgjson.com/links/730cb03cf233042a", "tcgplayer": "https://mtgjson.com/links/b13235b5d9b5db3f"}, "rarity": "rare", "securityStamp": "oval", "setCode": "SLC", "subtypes": [], "supertypes": [], "text": "Whenever you cast a creature spell this turn, draw a card.", "type": "Sorcery", "types": ["Sorcery"], "uuid": "410ba456-1fb5-554b-969c-a012f5b3b37a"}, {"artist": "Martin Ontiveros", "artistIds": ["d55ff274-3ba7-4871-ab20-0a9806576cad"], "availability": ["paper"], "borderColor": "borderless", "colorIdentity": ["R", "W"], "colors": ["R", "W"], "convertedManaCost": 2.0, "edhrecRank": 3749, "edhrecSaltiness": 0.19, "finishes": ["nonfoil", "foil"], "flavorText": "Though lesser well-known than its army of soldiers, the Boro Legion's mage-priests are as respected by the innocent as they are hated by the ghosts of the guilty.", "foreignData": [], "frameEffects": ["inverted"], "frameVersion": "2015", "hasFoil": true, "hasNonFoil": true, "identifiers": {"cardKingdomFoilId": "268772", "cardKingdomId": "268771", "cardsphereId": "96552", "mtgjsonV4Id": "fd74ad3c-bb09-5167-bc4f-282a438516ee", "scryfallId": "6c542d42-e475-49d5-aeeb-be04d6e23646", "scryfallIllustrationId": "4cae2c34-6abf-4c22-9f27-f2e07ec4c75d", "scryfallOracleId": "800c258a-cfc4-4a54-a667-065ea8dea69e", "tcgplayerProductId": "451192"}, "isFullArt": true, "isPromo": true, "isReprint": true, "isStarter": true, "language": "English", "layout": "normal", "legalities": {"commander": "Legal", "duel": "Legal", "gladiator": "Legal", "historic": "Legal", "historicbrawl": "Legal", "legacy": "Legal", "modern": "Legal", "oathbreaker": "Legal", "predh": "Legal", "vintage": "Legal"}, "manaCost": "{R}{W}", "manaValue": 2.0, "name": "Lightning Helix", "number": "2005", "printings": ["2X2", "DDH", "DDN", "E02", "GK1", "HOP", "IMA", "MB1", "MMA", "P06", "PRM", "RAV", "SLC", "STA"], "purchaseUrls": {"cardKingdom": "https://mtgjson.com/links/7bf3b76c9ac71ae7", "cardKingdomFoil": "https://mtgjson.com/links/bc52687623ede13e", "tcgplayer": "https://mtgjson.com/links/a6c1da5dddd54ce9"}, "rarity": "rare", "rulings": [{"date": "2017-11-17", "text": "If the chosen target is illegal when Lightning Helix tries to resolve, it won't resolve and none of its effects will happen. You won't gain 3 life."}], "securityStamp": "oval", "setCode": "SLC", "subtypes": [], "supertypes": [], "text": "Lightning Helix deals 3 damage to any target and you gain 3 life.", "type": "Instant", "types": ["Instant"], "uuid": "94402f52-fa7a-5e7f-8257-193da901e559"}, {"artist": "GodMachine", "artistIds": ["5ad61ffb-a337-4140-bdce-b0a251b135ae"], "availability": ["paper"], "borderColor": "borderless", "colorIdentity": ["R"], "colors": ["R"], "convertedManaCost": 8.0, "edhrecRank": 3979, "edhrecSaltiness": 0.07, "finishes": ["nonfoil", "foil"], "foreignData": [], "frameEffects": ["inverted"], "frameVersion": "2015", "hasFoil": true, "hasNonFoil": true, "identifiers": {"cardKingdomFoilId": "268774", "cardKingdomId": "268773", "cardsphereId": "96554", "mtgjsonV4Id": "b99d96fc-e464-5079-8989-f1c7f4975071", "scryfallId": "dbcdc29b-f84e-4ad4-a123-de578847a085", "scryfallIllustrationId": "95aa67af-17b5-4d1e-84d8-3b7622a47b60", "scryfallOracleId": "699bc130-2f1f-4bc8-a25f-9329e40efbb1", "tcgplayerProductId": "451195"}, "isFullArt": true, "isPromo": true, "isReprint": true, "isStarter": true, "keywords": ["Flash", "Flying"], "language": "English", "layout": "normal", "legalities": {"commander": "Legal", "duel": "Legal", "legacy": "Legal", "modern": "Legal", "oathbreaker": "Legal", "penny": "Legal", "predh": "Legal", "vintage": "Legal"}, "manaCost": "{6}{R}{R}", "manaValue": 8.0, "name": "Bogardan Hellkite", "number": "2006", "power": "5", "printings": ["AFC", "C14", "CM2", "DDG", "DRB", "IMA", "M10", "SLC", "TSP"], "purchaseUrls": {"cardKingdom": "https://mtgjson.com/links/eb9b44e8887d05ef", "cardKingdomFoil": "https://mtgjson.com/links/8deebf2a2bb238c2", "tcgplayer": "https://mtgjson.com/links/96fa14ebc9730aef"}, "rarity": "mythic", "rulings": [{"date": "2017-11-17", "text": "You choose how many targets Bogardan Hellkite's triggered ability has and how the damage is divided as you put the ability onto the stack. Each target must receive at least 1 damage."}, {"date": "2017-11-17", "text": "If some of the creatures or players are illegal targets as Bogardan Hellkite's triggered ability tries to resolve, the original division of damage still applies and the damage that would have been dealt to the illegal targets is lost. It won't be dealt instead to a legal target."}], "securityStamp": "oval", "setCode": "SLC", "subtypes": ["Dragon"], "supertypes": [], "text": "Flash\nFlying\nWhen Bogardan Hellkite enters the battlefield, it deals 5 damage divided as you choose among any number of targets.", "toughness": "5", "type": "Creature — Dragon", "types": ["Creature"], "uuid": "3abc4bed-b109-5fcd-8027-26eab68986cc"}, {"artist": "Lauren YS", "artistIds": ["719b2a1f-4632-4483-a441-65f0072debed"], "availability": ["paper"], "borderColor": "borderless", "colorIdentity": ["U"], "colors": ["U"], "convertedManaCost": 1.0, "edhrecRank": 99, "edhrecSaltiness": 0.15, "finishes": ["nonfoil", "foil"], "flavorText": "\"We see the same sky as you, just through a different lens.\"", "foreignData": [], "frameEffects": ["inverted"], "frameVersion": "2015", "hasFoil": true, "hasNonFoil": true, "identifiers": {"cardKingdomFoilId": "268776", "cardKingdomId": "268775", "cardsphereId": "96556", "mtgjsonV4Id": "9eda6c4c-60ac-5c65-ba97-9d9af0293b8d", "scryfallId": "bf4e917c-e5ab-435f-99ba-efc77862add4", "scryfallIllustrationId": "2a31d1de-0276-4cb3-b078-674b90d195f9", "scryfallOracleId": "02090581-61aa-4348-ad57-451be8ee91c2", "tcgplayerProductId": "451199"}, "isFullArt": true, "isPromo": true, "isReprint": true, "isStarter": true, "language": "English", "layout": "normal", "legalities": {"commander": "Legal", "duel": "Legal", "legacy": "Legal", "modern": "Banned", "oathbreaker": "Legal", "pauper": "Legal", "paupercommander": "Legal", "penny": "Legal", "predh": "Legal", "vintage": "Restricted"}, "manaCost": "{U}", "manaValue": 1.0, "name": "Ponder", "number": "2007", "printings": ["C18", "C21", "J21", "LRW", "M10", "M12", "NCC", "P08", "PEWK", "PHED", "PRM", "SLC", "SLD", "TSR"], "purchaseUrls": {"cardKingdom": "https://mtgjson.com/links/960216b2bb858eea", "cardKingdomFoil": "https://mtgjson.com/links/1d209366502b5463", "tcgplayer": "https://mtgjson.com/links/bad1ddcbee3a9d50"}, "rarity": "rare", "rulings": [{"date": "2021-03-19", "text": "If you choose to shuffle your library, that includes the three cards you just looked at and put back on top of it."}], "securityStamp": "oval", "setCode": "SLC", "subtypes": [], "supertypes": [], "text": "Look at the top three cards of your library, then put them back in any order. You may shuffle.\nDraw a card.", "type": "Sorcery", "types": ["Sorcery"], "uuid": "f441e048-448a-516f-be06-bf0b14bf068f"}, {"artist": "Rovina Cai", "artistIds": ["b64d0979-4028-4409-8285-eec2fa282dd4"], "availability": ["paper"], "borderColor": "borderless", "colorIdentity": ["G"], "colors": ["G"], "convertedManaCost": 1.0, "edhrecRank": 4055, "edhrecSaltiness": 0.38, "finishes": ["nonfoil", "foil"], "flavorText": "\"Study the great spirits of our age and those of the past. Prune secrets from the branching traceries of our lineage.\"\n—Twila, Gilt-Leaf archdruid", "foreignData": [], "frameEffects": ["inverted"], "frameVersion": "2015", "hasFoil": true, "hasNonFoil": true, "identifiers": {"cardKingdomFoilId": "268778", "cardKingdomId": "268777", "cardsphereId": "96558", "mtgjsonV4Id": "dcc5b5a0-a1e3-587f-b92d-c5f642bf86c6", "scryfallId": "b2a6bfbc-24e9-4309-8490-0f0dbe74aae6", "scryfallIllustrationId": "7a19f79b-8f42-42a9-9fc8-261790dad44e", "scryfallOracleId": "0b7f9c71-6f3c-4056-9bed-04b9f2296f3b", "tcgplayerProductId": "451200"}, "isFullArt": true, "isPromo": true, "isReprint": true, "isStarter": true, "language": "English", "layout": "normal", "legalities": {"commander": "Legal", "duel": "Legal", "legacy": "Legal", "modern": "Legal", "oathbreaker": "Legal", "paupercommander": "Restricted", "predh": "Legal", "vintage": "Legal"}, "manaCost": "{G}", "manaValue": 1.0, "name": "Heritage Druid", "number": "2008", "power": "1", "printings": ["EMA", "MOR", "SLC"], "purchaseUrls": {"cardKingdom": "https://mtgjson.com/links/4b7e3b93ef7df8c6", "cardKingdomFoil": "https://mtgjson.com/links/7ef8b8eeca4e76a7", "tcgplayer": "https://mtgjson.com/links/ad4828e1f1657ec2"}, "rarity": "rare", "rulings": [{"date": "2016-06-08", "text": "Since Heritage Druid’s activated ability doesn’t have a tap symbol in its cost, you can tap creatures that haven’t been under your control since your most recent turn began (including Heritage Druid itself) to pay the cost."}], "securityStamp": "oval", "setCode": "SLC", "subtypes": ["Elf", "Druid"], "supertypes": [], "text": "Tap three untapped Elves you control: Add {G}{G}{G}.", "toughness": "1", "type": "Creature — Elf Druid", "types": ["Creature"], "uuid": "4c3b42c6-57db-5f04-ba97-f5e8064d5979"}, {"artist": "Ejiwa \"Edge\" Ebenebe", "artistIds": ["1318d356-b2fe-4dbc-bc0e-0e1c951dad58"], "availability": ["paper"], "borderColor": "borderless", "colorIdentity": ["G", "R"], "colors": ["G", "R"], "convertedManaCost": 4.0, "edhrecRank": 2946, "edhrecSaltiness": 0.1, "finishes": ["nonfoil", "foil"], "foreignData": [], "frameEffects": ["inverted"], "frameVersion": "2015", "hasFoil": true, "hasNonFoil": true, "identifiers": {"cardKingdomFoilId": "268780", "cardKingdomId": "268779", "cardsphereId": "96524", "mtgjsonV4Id": "83912a63-f4a7-555c-8443-21adfd524cf4", "scryfallId": "35964154-94b0-4f3f-ae8f-b7f9e31118c8", "scryfallIllustrationId": "dbaaf348-edc0-470a-a513-fed084d277c2", "scryfallOracleId": "3f0c9466-5ab9-4205-a84f-b4b27b5a678e", "tcgplayerProductId": "448913"}, "isFullArt": true, "isPromo": true, "isReprint": true, "isStarter": true, "keywords": ["Cascade", "Haste"], "language": "English", "layout": "normal", "legalities": {"commander": "Legal", "duel": "Legal", "gladiator": "Legal", "historic": "Legal", "historicbrawl": "Legal", "legacy": "Legal", "modern": "Legal", "oathbreaker": "Legal", "paupercommander": "Restricted", "penny": "Legal", "predh": "Legal", "vintage": "Legal"}, "manaCost": "{2}{R}{G}", "manaValue": 4.0, "name": "Bloodbraid Elf", "number": "2009", "power": "3", "printings": ["2X2", "ARB", "C16", "CLB", "EMA", "F10", "HA7", "MB1", "PC2", "PCA", "PRM", "SLC", "TSR"], "purchaseUrls": {"cardKingdom": "https://mtgjson.com/links/13eb97613f03a1b3", "cardKingdomFoil": "https://mtgjson.com/links/092284f8366e16bf", "tcgplayer": "https://mtgjson.com/links/65298230962fa77c"}, "rarity": "rare", "rulings": [{"date": "2021-06-18", "text": "A spell's mana value is determined only by its mana cost. Ignore any alternative costs, additional costs, cost increases, or cost reductions."}, {"date": "2021-06-18", "text": "Cascade triggers when you cast the spell, meaning that it resolves before that spell. If you end up casting the exiled card, it will go on the stack above the spell with cascade."}, {"date": "2021-06-18", "text": "When the cascade ability resolves, you must exile cards. The only optional part of the ability is whether or not you cast the last card exiled."}, {"date": "2021-06-18", "text": "If a spell with cascade is countered, the cascade ability will still resolve normally."}, {"date": "2021-06-18", "text": "You exile the cards face up. All players will be able to see them."}, {"date": "2021-06-18", "text": "If you cast a card “without paying its mana cost,” you can't choose to cast it for any alternative costs. You can, however, pay additional costs. If the card has any mandatory additional costs, you must pay those to cast the card."}, {"date": "2021-06-18", "text": "If the card has {X} in its mana cost, you must choose 0 as the value of X when casting it without paying its mana cost."}, {"date": "2021-06-18", "text": "Due to a recent rules change to cascade, not only do you stop exiling cards if you exile a nonland card with lesser mana value than the spell with cascade, but the resulting spell you cast must also have lesser mana value. Previously, in cases where a card's mana value differed from the resulting spell, such as with some modal double-faced cards or cards with an Adventure, you could cast a spell with a higher mana value than the exiled card."}, {"date": "2021-06-18", "text": "The mana value of a split card is determined by the combined mana cost of its two halves. If cascade allows you to cast a split card, you may cast either half but not both halves."}], "securityStamp": "oval", "setCode": "SLC", "subtypes": ["Elf", "Berserker"], "supertypes": [], "text": "Haste\nCascade (When you cast this spell, exile cards from the top of your library until you exile a nonland card that costs less. You may cast it without paying its mana cost. Put the exiled cards on the bottom of your library in a random order.)", "toughness": "2", "type": "Creature — Elf Berserker", "types": ["Creature"], "uuid": "ee59da25-6bb7-5516-8774-102a49adaf9d"}, {"artist": "Justin Hernandez & Alexis Hernandez", "artistIds": ["e3d33dbf-3b51-4e49-a12c-1ab7000e098f", "13fef2fc-8a5c-4f25-b600-b509cc47f39e"], "availability": ["paper"], "borderColor": "borderless", "colorIdentity": ["W"], "colors": ["W"], "convertedManaCost": 6.0, "edhrecRank": 128, "edhrecSaltiness": 0.33, "finishes": ["nonfoil", "foil"], "flavorText": "A blazing sun that never sets.", "foreignData": [], "frameEffects": ["inverted"], "frameVersion": "2015", "hasFoil": true, "hasNonFoil": true, "identifiers": {"cardKingdomFoilId": "268782", "cardKingdomId": "268781", "cardsphereId": "96562", "mtgjsonV4Id": "ad5d483f-4276-5598-893c-a5d5f591d02d", "scryfallId": "cf7a1b53-09ed-4206-8de5-ead09883af2f", "scryfallIllustrationId": "40c63e0f-f6b1-4a30-8c55-c871df845d0d", "scryfallOracleId": "b2e950fb-cb7e-40a0-a311-5bbdd0477b29", "tcgplayerProductId": "451201"}, "isFullArt": true, "isPromo": true, "isReprint": true, "isStarter": true, "keywords": ["Vigilance"], "language": "English", "layout": "normal", "legalities": {"commander": "Legal", "duel": "Legal", "gladiator": "Legal", "historic": "Legal", "historicbrawl": "Legal", "legacy": "Legal", "modern": "Legal", "oathbreaker": "Legal", "predh": "Legal", "vintage": "Legal"}, "manaCost": "{4}{W}{W}", "manaValue": 6.0, "name": "Sun Titan", "number": "2010", "power": "6", "printings": ["AFC", "C14", "C15", "C19", "C20", "C21", "CM2", "DDL", "E01", "HA7", "KHC", "M11", "M12", "NCC", "PLIST", "PM11", "PRM", "SLC", "ZNC"], "purchaseUrls": {"cardKingdom": "https://mtgjson.com/links/fe1af4720e6e907f", "cardKingdomFoil": "https://mtgjson.com/links/dce3e463010809a9", "tcgplayer": "https://mtgjson.com/links/0916955f7dd18082"}, "rarity": "mythic", "rulings": [{"date": "2010-08-15", "text": "A permanent card is an artifact, creature, enchantment, land, or planeswalker card."}, {"date": "2010-08-15", "text": "The mana value of a card in your graveyard is determined solely by the mana symbols printed in its upper right corner. The mana value is the total amount of mana in that cost, regardless of color. For example, a card with mana cost {3}{U}{U} has mana value 5."}, {"date": "2010-08-15", "text": "If the mana cost of a card in your graveyard includes {X}, X is considered to be 0."}, {"date": "2010-08-15", "text": "If a card in your graveyard has no mana symbols in its upper right corner (because it's a land card, for example), its mana value is 0."}], "securityStamp": "oval", "setCode": "SLC", "subtypes": ["Giant"], "supertypes": [], "text": "Vigilance\nWhenever Sun Titan enters the battlefield or attacks, you may return target permanent card with mana value 3 or less from your graveyard to the battlefield.", "toughness": "6", "type": "Creature — Giant", "types": ["Creature"], "uuid": "6a819554-6205-53fe-86f1-5b34cefa548a"}, {"artist": "Wooden Cyclops", "artistIds": ["4f2bf9ef-33f0-4a83-89e3-fc5ec4079031"], "availability": ["paper"], "borderColor": "borderless", "colorIdentity": ["G"], "colors": ["G"], "convertedManaCost": 4.0, "edhrecRank": 1143, "edhrecSaltiness": 1.0, "finishes": ["nonfoil", "foil"], "foreignData": [], "frameEffects": ["inverted"], "frameVersion": "2015", "hasFoil": true, "hasNonFoil": true, "identifiers": {"cardKingdomFoilId": "268784", "cardKingdomId": "268783", "cardsphereId": "96526", "mtgjsonV4Id": "77bd99a6-dc4b-5c26-b7a5-97d9a583f831", "scryfallId": "36df0c13-b7cb-44d6-85e1-17f2967a0f55", "scryfallIllustrationId": "01375c0c-b373-40ad-ae46-96d4d0c95a4a", "scryfallOracleId": "f8b9dd54-0837-47f4-ad14-7a0322d46d5f", "tcgplayerProductId": "448952"}, "isFullArt": true, "isPromo": true, "isReprint": true, "isStarter": true, "language": "English", "layout": "normal", "legalities": {"commander": "Legal", "duel": "Legal", "legacy": "Legal", "modern": "Banned", "oathbreaker": "Legal", "predh": "Legal", "vintage": "Legal"}, "manaCost": "{3}{G/P}", "manaValue": 4.0, "name": "Birthing Pod", "number": "2011", "printings": ["J20", "NPH", "SLC"], "purchaseUrls": {"cardKingdom": "https://mtgjson.com/links/72b8fd0dbd99633f", "cardKingdomFoil": "https://mtgjson.com/links/070b2e90bef1d32e", "tcgplayer": "https://mtgjson.com/links/0bd9eaf11e5722a7"}, "rarity": "rare", "rulings": [{"date": "2011-06-01", "text": "A card with Phyrexian mana symbols in its mana cost is each color that appears in that mana cost, regardless of how that cost may have been paid."}, {"date": "2011-06-01", "text": "To calculate the mana value of a card with Phyrexian mana symbols in its cost, count each Phyrexian mana symbol as 1."}, {"date": "2011-06-01", "text": "As you cast a spell or activate an activated ability with one or more Phyrexian mana symbols in its cost, you choose how to pay for each Phyrexian mana symbol at the same time you would choose modes or choose a value for X."}, {"date": "2011-06-01", "text": "If you’re at 1 life or less, you can’t pay 2 life."}, {"date": "2011-06-01", "text": "Phyrexian mana is not a new color. Players can’t add Phyrexian mana to their mana pools."}, {"date": "2011-06-01", "text": "A creature’s mana value is determined solely by the mana symbols printed in its upper right corner (unless that creature is copying something else; see below). If its mana cost includes {X}, X is considered to be 0. If it has no mana symbols in its upper right corner (because it’s an animated land, for example), its mana value is 0. Ignore any alternative costs or additional costs (such as kicker) paid when the creature was cast."}, {"date": "2011-06-01", "text": "A token has a mana value of 0, unless it is copying something else."}, {"date": "2011-06-01", "text": "If a creature is copying something else, its mana value is the mana value of whatever it’s copying."}], "securityStamp": "oval", "setCode": "SLC", "subtypes": [], "supertypes": [], "text": "({G/P} can be paid with either {G} or 2 life.)\n{1}{G/P}, {T}, Sacrifice a creature: Search your library for a creature card with mana value equal to 1 plus the sacrificed creature's mana value, put that card onto the battlefield, then shuffle. Activate only as a sorcery.", "type": "Artifact", "types": ["Artifact"], "uuid": "3039b5ab-ce29-5099-9712-c7c7ffb901fb"}, {"artist": "Mark Riddick", "artistIds": ["cf42923a-d452-4225-be49-3932262423d4"], "availability": ["paper"], "borderColor": "borderless", "colorIdentity": ["B", "G"], "colors": ["B", "G"], "convertedManaCost": 1.0, "edhrecRank": 427, "edhrecSaltiness": 0.45, "finishes": ["nonfoil", "foil"], "foreignData": [], "frameEffects": ["inverted"], "frameVersion": "2015", "hasFoil": true, "hasNonFoil": true, "identifiers": {"cardKingdomFoilId": "268786", "cardKingdomId": "268785", "cardsphereId": "96560", "mtgjsonV4Id": "43676c2a-13bd-52ff-ba48-9a91f8727cfc", "scryfallId": "9793f0a1-ab76-46e2-add2-200c2a9693b4", "scryfallIllustrationId": "523bb503-b5f1-4e15-b0bb-0a73383edc18", "scryfallOracleId": "22f1a4a4-c423-4d1c-8775-0ed604a9fa51", "tcgplayerProductId": "451202"}, "isFullArt": true, "isPromo": true, "isReprint": true, "isStarter": true, "language": "English", "layout": "normal", "legalities": {"commander": "Legal", "duel": "Legal", "explorer": "Legal", "gladiator": "Legal", "historic": "Legal", "historicbrawl": "Legal", "legacy": "Banned", "modern": "Banned", "oathbreaker": "Legal", "pioneer": "Legal", "vintage": "Legal"}, "manaCost": "{B/G}", "manaValue": 1.0, "name": "Deathrite Shaman", "number": "2012", "power": "1", "printings": ["EA3", "EMA", "GK1", "RTR", "SLC"], "purchaseUrls": {"cardKingdom": "https://mtgjson.com/links/9c22d18018d8a8dd", "cardKingdomFoil": "https://mtgjson.com/links/83add828b58e36a2", "tcgplayer": "https://mtgjson.com/links/17f9e0f5272a5083"}, "rarity": "rare", "rulings": [{"date": "2016-06-08", "text": "Because the first ability requires a target, it is not a mana ability. It uses the stack and can be responded to."}, {"date": "2016-06-08", "text": "If the target of any of Deathrite Shaman’s three abilities is an illegal target when that ability tries to resolve, it won’t resolve and none of its effects will happen. You won’t add mana to your mana pool, no opponent will lose life, or you won’t gain life, as appropriate."}], "securityStamp": "oval", "setCode": "SLC", "subtypes": ["Elf", "Shaman"], "supertypes": [], "text": "{T}: Exile target land card from a graveyard. Add one mana of any color.\n{B}, {T}: Exile target instant or sorcery card from a graveyard. Each opponent loses 2 life.\n{G}, {T}: Exile target creature card from a graveyard. You gain 2 life.", "toughness": "2", "type": "Creature — Elf Shaman", "types": ["Creature"], "uuid": "42259348-3c12-5d2f-a367-37ec8d40a7d1"}, {"artist": "Rebecca Guay", "artistIds": ["f8f662fa-d597-46a3-afb2-91d6e13243e2"], "availability": ["paper"], "borderColor": "black", "colorIdentity": ["W"], "colors": ["W"], "convertedManaCost": 6.0, "edhrecRank": 838, "edhrecSaltiness": 0.34, "finishes": ["nonfoil", "foil"], "foreignData": [], "frameVersion": "1997", "hasFoil": true, "hasNonFoil": true, "identifiers": {"cardKingdomFoilId": "268788", "cardKingdomId": "268787", "cardsphereId": "96530", "mtgjsonV4Id": "241da4cc-30c5-5529-8c77-a79d61729e2b", "scryfallId": "9125f141-ee2c-4b9f-b9c1-9b9a779002d2", "scryfallIllustrationId": "ff498bcd-776c-49ae-a2a9-a6cfcb4ecb2c", "scryfallOracleId": "05e6b243-48a6-4a42-bc5f-413441de9c33", "tcgplayerProductId": "448966"}, "isPromo": true, "isReprint": true, "isStarter": true, "language": "English", "layout": "normal", "leadershipSkills": {"brawl": false, "commander": false, "oathbreaker": true}, "legalities": {"commander": "Legal", "duel": "Legal", "legacy": "Legal", "modern": "Legal", "oathbreaker": "Legal", "pioneer": "Legal", "vintage": "Legal"}, "loyalty": "4", "manaCost": "{4}{W}{W}", "manaValue": 6.0, "name": "Elspeth, Sun's Champion", "number": "2013", "printings": ["CMM", "DDO", "MOC", "PRM", "SLC", "SLD", "THS"], "promoTypes": ["boosterfun"], "purchaseUrls": {"cardKingdom": "https://mtgjson.com/links/d0a837fa62b7ae52", "cardKingdomFoil": "https://mtgjson.com/links/9b6e909fb4a464bf", "tcgplayer": "https://mtgjson.com/links/09821e00bfaff65e"}, "rarity": "mythic", "setCode": "SLC", "subtypes": ["Elspeth"], "supertypes": ["Legendary"], "text": "[+1]: Create three 1/1 white Soldier creature tokens.\n[−3]: Destroy all creatures with power 4 or greater.\n[−7]: You get an emblem with \"Creatures you control get +2/+2 and have flying.\"", "type": "Legendary Planeswalker — Elspeth", "types": ["Planeswalker"], "uuid": "23e24b23-745c-5211-b284-babad1a05ae8"}, {"artist": "CatDirty", "artistIds": ["e17f58e8-e4e5-4a7d-8ebb-566463e23f53"], "availability": ["paper"], "borderColor": "borderless", "colorIdentity": ["B", "G", "W"], "colors": ["B", "G", "W"], "convertedManaCost": 4.0, "edhrecRank": 11820, "edhrecSaltiness": 0.38, "finishes": ["nonfoil", "foil"], "flavorText": "The mere approach of an Abzan war beast is enough to send enemies fleeing in panic.", "foreignData": [], "frameEffects": ["inverted"], "frameVersion": "2015", "hasFoil": true, "hasNonFoil": true, "identifiers": {"cardKingdomFoilId": "268790", "cardKingdomId": "268789", "cardsphereId": "96564", "mtgjsonV4Id": "6f5f20ea-2e2f-50bc-ae45-29097485f0a5", "scryfallId": "305fd0ae-c89c-4935-a072-a85928f497e3", "scryfallIllustrationId": "a05ec7ee-92a9-435e-805e-1da0d8c3a81c", "scryfallOracleId": "e1087ce2-e3c2-4ab1-bd08-1dc9ab70f12f", "tcgplayerProductId": "451203"}, "isFullArt": true, "isPromo": true, "isReprint": true, "isStarter": true, "keywords": ["Trample"], "language": "English", "layout": "normal", "legalities": {"commander": "Legal", "duel": "Legal", "explorer": "Legal", "gladiator": "Legal", "historic": "Legal", "historicbrawl": "Legal", "legacy": "Legal", "modern": "Legal", "oathbreaker": "Legal", "penny": "Legal", "pioneer": "Legal", "vintage": "Legal"}, "manaCost": "{1}{W}{B}{G}", "manaValue": 4.0, "name": "Siege Rhino", "number": "2014", "power": "4", "printings": ["CP3", "EA1", "KTK", "PKTK", "PRM", "SLC"], "purchaseUrls": {"cardKingdom": "https://mtgjson.com/links/a985c5161188cec4", "cardKingdomFoil": "https://mtgjson.com/links/e045b7c5954779bc", "tcgplayer": "https://mtgjson.com/links/69187570040f2aa9"}, "rarity": "rare", "securityStamp": "oval", "setCode": "SLC", "subtypes": ["Rhino"], "supertypes": [], "text": "Trample\nWhen Siege Rhino enters the battlefield, each opponent loses 3 life and you gain 3 life.", "toughness": "5", "type": "Creature — Rhino", "types": ["Creature"], "uuid": "394d5ffb-23c3-5bbc-872d-f98f7ce9bdc6"}, {"artist": "Yuko Shimizu", "artistIds": ["ea682f36-445b-4716-be7f-eb7b27e66dcd"], "availability": ["paper"], "borderColor": "borderless", "colorIdentity": ["U", "W"], "colors": ["U", "W"], "convertedManaCost": 5.0, "edhrecRank": 3800, "edhrecSaltiness": 0.14, "finishes": ["nonfoil", "foil"], "foreignData": [], "frameEffects": ["legendary", "inverted"], "frameVersion": "2015", "hasFoil": true, "hasNonFoil": true, "identifiers": {"cardKingdomFoilId": "268792", "cardKingdomId": "268791", "cardsphereId": "96566", "mtgjsonV4Id": "1dc787e7-77a7-5311-be1e-0fddeb5be92d", "scryfallId": "019728bc-7d37-4384-81e5-97c47660c092", "scryfallIllustrationId": "b10e2c66-a5d7-401e-b80b-94e2898cfe76", "scryfallOracleId": "654ff673-4630-4068-9bcf-e88a7877eb58", "tcgplayerProductId": "451204"}, "isFullArt": true, "isPromo": true, "isReprint": true, "isStarter": true, "keywords": ["Flying"], "language": "English", "layout": "normal", "leadershipSkills": {"brawl": false, "commander": true, "oathbreaker": false}, "legalities": {"commander": "Legal", "duel": "Legal", "legacy": "Legal", "modern": "Legal", "oathbreaker": "Legal", "pioneer": "Legal", "vintage": "Legal"}, "manaCost": "{3}{W}{U}", "manaValue": 5.0, "name": "Dragonlord Ojutai", "number": "2015", "power": "5", "printings": ["DTK", "MB1", "NCC", "PDTK", "PLIST", "SLC"], "purchaseUrls": {"cardKingdom": "https://mtgjson.com/links/9a92bf323d50a007", "cardKingdomFoil": "https://mtgjson.com/links/9fd062dfcc9cfead", "tcgplayer": "https://mtgjson.com/links/03c7147a67a37c7a"}, "rarity": "mythic", "securityStamp": "oval", "setCode": "SLC", "subtypes": ["Elder", "Dragon"], "supertypes": ["Legendary"], "text": "Flying\nDragonlord Ojutai has hexproof as long as it's untapped.\nWhenever Dragonlord Ojutai deals combat damage to a player, look at the top three cards of your library. Put one of them into your hand and the rest on the bottom of your library in any order.", "toughness": "4", "type": "Legendary Creature — Elder Dragon", "types": ["Creature"], "uuid": "10f3b78f-f22a-5067-adc5-4b75ac09cdb9"}, {"artist": "Rosemary Valero-O'Connell", "artistIds": ["e1183355-a46e-42f8-966b-370144a64658"], "availability": ["paper"], "borderColor": "borderless", "colorIdentity": ["W"], "colors": ["W"], "convertedManaCost": 3.0, "edhrecRank": 933, "edhrecSaltiness": 0.96, "finishes": ["nonfoil", "foil"], "flavorText": "\"Salvation will not be granted by the Lunarch Council. It must be earned—at the edge of a sword, if necessary.\"", "foreignData": [], "frameEffects": ["legendary", "inverted"], "frameVersion": "2015", "hasFoil": true, "hasNonFoil": true, "identifiers": {"cardKingdomFoilId": "268794", "cardKingdomId": "268793", "cardsphereId": "96568", "mtgjsonV4Id": "de4219b8-8005-5902-8bd0-acdc38dc186f", "scryfallId": "6150ba46-ab04-4906-8497-8c7441c52442", "scryfallIllustrationId": "e95b69e0-8aa7-4367-b035-2a9d923f798a", "scryfallOracleId": "13be47e4-9da2-4f9e-baf0-db96f7777ccb", "tcgplayerProductId": "451205"}, "isFullArt": true, "isPromo": true, "isReprint": true, "isStarter": true, "keywords": ["First strike"], "language": "English", "layout": "normal", "leadershipSkills": {"brawl": false, "commander": true, "oathbreaker": false}, "legalities": {"commander": "Legal", "duel": "Legal", "explorer": "Legal", "gladiator": "Legal", "historic": "Legal", "historicbrawl": "Legal", "legacy": "Legal", "modern": "Legal", "oathbreaker": "Legal", "pioneer": "Legal", "vintage": "Legal"}, "manaCost": "{2}{W}", "manaValue": 3.0, "name": "Thalia, Heretic Cathar", "number": "2016", "power": "3", "printings": ["EMN", "PEMN", "PRM", "SIR", "SLC"], "purchaseUrls": {"cardKingdom": "https://mtgjson.com/links/4f5ee6cbd2577c9c", "cardKingdomFoil": "https://mtgjson.com/links/678055598a937805", "tcgplayer": "https://mtgjson.com/links/2375ed1cb6e5318c"}, "rarity": "rare", "rulings": [{"date": "2016-07-13", "text": "If an effect states that a creature or land enters the battlefield tapped unless a condition is met, Thalia’s last ability has it enter tapped even if that condition is true. For example, your opponent may reveal a Plains while playing Port Town (from the Shadows over Innistrad set), but Port Town will still enter tapped."}, {"date": "2016-07-13", "text": "If Thalia enters the battlefield at the same time as an opponent’s creatures or nonbasic lands, those creatures and lands aren’t affected by Thalia’s last ability."}], "securityStamp": "oval", "setCode": "SLC", "subtypes": ["Human", "Soldier"], "supertypes": ["Legendary"], "text": "First strike\nCreatures and nonbasic lands your opponents control enter the battlefield tapped.", "toughness": "2", "type": "Legendary Creature — Human Soldier", "types": ["Creature"], "uuid": "fd08326a-13ce-5b1f-ac62-03121762059b"}, {"artist": "Uta Natsume", "artistIds": ["03e3512f-03f5-4b26-97ff-ed5d9fb912c9"], "availability": ["paper"], "borderColor": "borderless", "colorIdentity": ["B", "R", "U"], "colors": ["B", "R", "U"], "convertedManaCost": 7.0, "edhrecRank": 3049, "edhrecSaltiness": 0.86, "finishes": ["nonfoil", "foil"], "foreignData": [], "frameVersion": "2015", "hasFoil": true, "hasNonFoil": true, "identifiers": {"cardKingdomFoilId": "268796", "cardKingdomId": "268795", "cardsphereId": "96522", "mtgjsonV4Id": "c118a63f-d5c4-5685-a44f-fb95915cc80e", "scryfallId": "fa553e54-e6aa-499b-ac48-0cdbf6c37734", "scryfallIllustrationId": "32b6f507-8251-403b-b8f5-18956cd75c6e", "scryfallOracleId": "cb33e07b-9599-4979-991f-df0c43ddac31", "tcgplayerProductId": "448906"}, "isPromo": true, "isReprint": true, "isStarter": true, "language": "English", "layout": "normal", "leadershipSkills": {"brawl": false, "commander": false, "oathbreaker": true}, "legalities": {"commander": "Legal", "duel": "Legal", "explorer": "Legal", "gladiator": "Legal", "historic": "Legal", "historicbrawl": "Legal", "legacy": "Legal", "modern": "Legal", "oathbreaker": "Legal", "pioneer": "Legal", "vintage": "Legal"}, "loyalty": "7", "manaCost": "{4}{U}{B}{R}", "manaValue": 7.0, "name": "Nicol Bolas, God-Pharaoh", "number": "2017", "printings": ["2X2", "AKR", "HOU", "PHOU", "PS17", "SLC"], "promoTypes": ["boosterfun"], "purchaseUrls": {"cardKingdom": "https://mtgjson.com/links/d05d34379a73bb66", "cardKingdomFoil": "https://mtgjson.com/links/4380c90561bbbc8f", "tcgplayer": "https://mtgjson.com/links/74d2dc00165bb111"}, "rarity": "mythic", "rulings": [{"date": "2017-07-14", "text": "The cards exiled by Nicol Bolas’s first and second abilities are exiled face up."}, {"date": "2017-07-14", "text": "You may cast the nonland card exiled by Nicol Bolas’s first ability that turn even if Nicol Bolas is no longer on the battlefield or under your control."}, {"date": "2017-07-14", "text": "Casting the card exiled with Nicol Bolas’s first ability follows the normal timing rules for casting that card. For example, if the card is a creature card, you can cast that card only during your main phase while the stack is empty."}, {"date": "2017-07-14", "text": "If you don’t cast the card exiled by Nicol Bolas’s first ability that turn, it will remain exiled."}, {"date": "2017-07-14", "text": "If you cast a card “without paying its mana cost,” you can’t choose to cast it for any alternative costs, such as emerge costs. You can, however, pay additional costs. If the card has any mandatory additional costs, such as that of Tormenting Voice, you must pay those to cast the card."}, {"date": "2017-07-14", "text": "If the card has {X} in its mana cost, you must choose 0 as the value of X when casting it without paying its mana cost."}, {"date": "2017-07-14", "text": "While resolving Nicol Bolas’s second ability, each opponent chooses which cards to exile from their hand. Any opponent with two or fewer cards exiles their entire hand."}, {"date": "2017-07-14", "text": "In a multiplayer game, if a player leaves the game, all cards that player owns leave as well. If you leave the game, any spell or permanent cards you control from Nicol Bolas’s first ability are exiled."}], "securityStamp": "oval", "setCode": "SLC", "subtypes": ["Bolas"], "supertypes": ["Legendary"], "text": "[+2]: Target opponent exiles cards from the top of their library until they exile a nonland card. Until end of turn, you may cast that card without paying its mana cost.\n[+1]: Each opponent exiles two cards from their hand.\n[−4]: Nicol Bolas, God-Pharaoh deals 7 damage to target opponent, creature an opponent controls, or planeswalker an opponent controls.\n[−12]: Exile each nonland permanent your opponents control.", "type": "Legendary Planeswalker — Bolas", "types": ["Planeswalker"], "uuid": "c78a957d-04a1-5a94-a6a0-e74cc7cb1d55"}, {"artist": "Dani Pendergast", "artistIds": ["ab479862-d19f-46ef-b238-5e2d5a9ad67f"], "availability": ["paper"], "borderColor": "borderless", "colorIdentity": ["R"], "colors": ["R"], "convertedManaCost": 4.0, "edhrecRank": 13835, "edhrecSaltiness": 0.12, "finishes": ["nonfoil", "foil"], "flavorText": "Some storms never blow over.", "foreignData": [], "frameEffects": ["inverted"], "frameVersion": "2015", "hasFoil": true, "hasNonFoil": true, "identifiers": {"cardKingdomFoilId": "268798", "cardKingdomId": "268797", "cardsphereId": "96570", "mtgjsonV4Id": "9c1e6c94-1738-5f16-906e-b7750316ee12", "scryfallId": "2793c505-6736-4259-b9c6-6f9369fd476f", "scryfallIllustrationId": "0f15963d-98d2-4121-b081-0c22f4d517c3", "scryfallOracleId": "a80ea391-54d1-4b61-95a3-f8deb4cbe842", "tcgplayerProductId": "451207"}, "isFullArt": true, "isPromo": true, "isReprint": true, "isStarter": true, "keywords": ["Flying", "Haste"], "language": "English", "layout": "normal", "legalities": {"commander": "Legal", "duel": "Legal", "explorer": "Legal", "gladiator": "Legal", "historic": "Legal", "historicbrawl": "Legal", "legacy": "Legal", "modern": "Legal", "oathbreaker": "Legal", "pioneer": "Legal", "vintage": "Legal"}, "manaCost": "{3}{R}", "manaValue": 4.0, "name": "Arclight Phoenix", "number": "2018", "power": "3", "printings": ["GRN", "PGRN", "RVR", "SLC"], "purchaseUrls": {"cardKingdom": "https://mtgjson.com/links/3ebfe18efac80ead", "cardKingdomFoil": "https://mtgjson.com/links/2f478bb03863fd3f", "tcgplayer": "https://mtgjson.com/links/598fb1e98a1280f8"}, "rarity": "mythic", "rulings": [{"date": "2018-10-05", "text": "Because the beginning of combat step is before attackers are declared, you can attack with Arclight Phoenix during the same combat it returns to the battlefield."}], "securityStamp": "oval", "setCode": "SLC", "subtypes": ["Phoenix"], "supertypes": [], "text": "Flying, haste\nAt the beginning of combat on your turn, if you've cast three or more instant and sorcery spells this turn, return Arclight Phoenix from your graveyard to the battlefield.", "toughness": "2", "type": "Creature — Phoenix", "types": ["Creature"], "uuid": "927fb077-6459-5026-8712-2810ea831bf9"}, {"artist": "Brandi Milne", "artistIds": ["01cc1b83-03de-40a7-aa38-a9d23cf2fe8b"], "availability": ["paper"], "borderColor": "borderless", "colorIdentity": ["U"], "colors": ["U"], "convertedManaCost": 3.0, "edhrecRank": 728, "edhrecSaltiness": 0.53, "finishes": ["nonfoil", "foil"], "foreignData": [], "frameEffects": ["legendary", "inverted"], "frameVersion": "2015", "hasFoil": true, "hasNonFoil": true, "identifiers": {"cardKingdomFoilId": "268800", "cardKingdomId": "268799", "cardsphereId": "96572", "mtgjsonV4Id": "a8deb59c-2125-57a9-bb7c-8db2e59d19cf", "scryfallId": "24e85f3d-a2f5-43ac-937a-ebb754de2f8a", "scryfallIllustrationId": "1afe926e-e65c-48de-8766-86c12a5e2a58", "scryfallOracleId": "da3e7d3d-2ca0-40c3-9602-fca37c92f507", "tcgplayerProductId": "451208"}, "isFullArt": true, "isPromo": true, "isReprint": true, "isStarter": true, "keywords": ["Mill"], "language": "English", "layout": "normal", "leadershipSkills": {"brawl": false, "commander": true, "oathbreaker": false}, "legalities": {"commander": "Legal", "duel": "Restricted", "explorer": "Legal", "gladiator": "Legal", "historic": "Legal", "historicbrawl": "Legal", "legacy": "Legal", "modern": "Legal", "oathbreaker": "Legal", "pioneer": "Legal", "vintage": "Legal"}, "manaCost": "{2}{U}", "manaValue": 3.0, "name": "Emry, Lurker of the Loch", "number": "2019", "power": "1", "printings": ["BRC", "ELD", "MUL", "NEC", "PELD", "SLC"], "purchaseUrls": {"cardKingdom": "https://mtgjson.com/links/fd3f3f3f19e8c3f1", "cardKingdomFoil": "https://mtgjson.com/links/12b6589b50a3aff4", "tcgplayer": "https://mtgjson.com/links/eb18285522fd497b"}, "rarity": "rare", "rulings": [{"date": "2019-10-04", "text": "To determine the total cost of a spell, start with the mana cost or alternative cost you're paying, add any cost increases, then apply any cost reductions (such as that of Emry). The mana value of the spell remains unchanged, no matter what the total cost to cast it was."}, {"date": "2019-10-04", "text": "The cost reduction ability reduces only the generic mana in Emry's cost. The colored mana must still be paid."}, {"date": "2019-10-04", "text": "Once you announce that you're casting a spell, no player may take actions until the spell has been paid for. Notably, opponents can't try to change by how much Emry's cost is reduced."}, {"date": "2019-10-04", "text": "If Emry's last ability targets an artifact land card, you can't play it. Effects that allow you to “cast” a card don't allow you to play a land card."}, {"date": "2019-10-04", "text": "You must follow the normal timing permissions and restrictions for the target artifact card. Unless it has flash, you'll most likely only be able to cast it during your main phase while the stack is empty."}, {"date": "2019-10-04", "text": "You'll still pay all costs for a spell cast this way, including additional costs. You may also pay alternative costs if any are available."}, {"date": "2019-10-04", "text": "Casting the target card causes it to leave your graveyard and become a new object. You can't cast it again if it returns to your graveyard this turn."}], "securityStamp": "oval", "setCode": "SLC", "subtypes": ["Merfolk", "Wizard"], "supertypes": ["Legendary"], "text": "This spell costs {1} less to cast for each artifact you control.\nWhen Emry, Lurker of the Loch enters the battlefield, mill four cards.\n{T}: Choose target artifact card in your graveyard. You may cast that card this turn. (You still pay its costs. Timing rules still apply.)", "toughness": "2", "type": "Legendary Creature — Merfolk Wizard", "types": ["Creature"], "uuid": "39f7702f-20eb-5489-8d6c-dc8945359041"}, {"artist": "Edgar Sánchez Hidalgo", "artistIds": ["cd897b75-a7b0-4902-8dc4-b1fda5303ec8"], "availability": ["paper"], "borderColor": "borderless", "colorIdentity": ["U"], "colors": ["U"], "convertedManaCost": 6.0, "edhrecRank": 1184, "edhrecSaltiness": 0.46, "finishes": ["nonfoil", "foil"], "foreignData": [], "frameVersion": "2015", "hasFoil": true, "hasNonFoil": true, "identifiers": {"cardKingdomFoilId": "268802", "cardKingdomId": "268801", "cardsphereId": "96528", "mtgjsonV4Id": "d5cdd238-3780-5f82-9b6c-9d0311b0175d", "scryfallId": "89df04da-741b-4f98-8c49-f7f0bc13df31", "scryfallIllustrationId": "19478d49-28dd-438a-b6c6-b02c5b50dada", "scryfallOracleId": "8c0520fa-276b-4d21-b4a9-dce1fce59f6b", "tcgplayerProductId": "448959"}, "isFullArt": true, "isPromo": true, "isReprint": true, "isStarter": true, "keywords": ["Cycling"], "language": "English", "layout": "normal", "legalities": {"commander": "Legal", "duel": "Legal", "explorer": "Legal", "gladiator": "Legal", "historic": "Legal", "historicbrawl": "Legal", "legacy": "Legal", "modern": "Legal", "oathbreaker": "Legal", "pioneer": "Legal", "vintage": "Legal"}, "manaCost": "{5}{U}", "manaValue": 6.0, "name": "Shark Typhoon", "number": "2020", "printings": ["IKO", "PIKO", "PRM", "SLC"], "purchaseUrls": {"cardKingdom": "https://mtgjson.com/links/f49ca619b350d36e", "cardKingdomFoil": "https://mtgjson.com/links/571b169e927b91e0", "tcgplayer": "https://mtgjson.com/links/5307b04af0d2d303"}, "rarity": "rare", "rulings": [{"date": "2020-04-17", "text": "An ability that triggers when a player casts a spell resolves before the spell that caused it to trigger. It resolves even if that spell is countered."}, {"date": "2020-04-17", "text": "For spells with {X} in their mana costs, use the value chosen for X to determine the spell’s converted mana cost."}, {"date": "2020-04-17", "text": "You can choose 0 as the value of X in Shark Typhoon’s cycling cost. The last ability will trigger, and you’ll create a 0/0 blue Shark creature token with flying. Unless something else is raising its toughness, the Shark will then immediately die."}, {"date": "2020-04-17", "text": "Some cards with cycling have an ability that triggers when you cycle them, and some cards have an ability that triggers whenever you cycle any card. These triggered abilities resolve before you draw from the cycling ability."}, {"date": "2020-04-17", "text": "Triggered abilities from cycling a card and the cycling ability itself aren’t spells. Effects that interact with spells (such as that of Cancel) won’t affect them."}, {"date": "2020-04-17", "text": "You can cycle a card even if it has a triggered ability from cycling that won’t have a legal target. This is because the cycling ability and the triggered ability are separate. This also means that if either ability is countered (with Disallow, for example), the other ability will still resolve."}], "securityStamp": "oval", "setCode": "SLC", "subtypes": [], "supertypes": [], "text": "Whenever you cast a noncreature spell, create an X/X blue Shark creature token with flying, where X is that spell's mana value.\nCycling {X}{1}{U} ({X}{1}{U}, Discard this card: Draw a card.)\nWhen you cycle Shark Typhoon, create an X/X blue Shark creature token with flying.", "type": "Enchantment", "types": ["Enchantment"], "uuid": "23600f05-461e-5b44-8aeb-ab5c0ab92456"}, {"artist": "Alexis Ziritt", "artistIds": ["add4cc84-9254-4c0b-8fcd-af4a238bdbd5"], "availability": ["paper"], "borderColor": "borderless", "colorIdentity": ["W"], "colors": ["W"], "convertedManaCost": 3.0, "edhrecRank": 9640, "edhrecSaltiness": 0.19, "finishes": ["nonfoil", "foil"], "foreignData": [], "frameEffects": ["inverted"], "frameVersion": "2015", "hasFoil": true, "hasNonFoil": true, "identifiers": {"cardKingdomFoilId": "268804", "cardKingdomId": "268803", "cardsphereId": "96574", "mtgjsonV4Id": "6806c42a-649c-520d-8a34-e83e35f492a1", "scryfallId": "63fb443a-4023-4353-8060-c0db6b2c596b", "scryfallIllustrationId": "64eb1d76-b4a8-4bf5-9b1d-227ec907a519", "scryfallOracleId": "8c4d7cbc-9cfc-4f0a-8844-e458ab806056", "tcgplayerProductId": "451209"}, "isFullArt": true, "isPromo": true, "isReprint": true, "isStarter": true, "keywords": ["Flying"], "language": "English", "layout": "normal", "legalities": {"commander": "Legal", "duel": "Legal", "explorer": "Legal", "gladiator": "Legal", "historic": "Legal", "historicbrawl": "Legal", "legacy": "Legal", "modern": "Legal", "oathbreaker": "Legal", "pioneer": "Legal", "vintage": "Legal"}, "manaCost": "{2}{W}", "manaValue": 3.0, "name": "Elite Spellbinder", "number": "2021", "power": "3", "printings": ["PRM", "PSTX", "SLC", "STX"], "purchaseUrls": {"cardKingdom": "https://mtgjson.com/links/cf370b3a656a8554", "cardKingdomFoil": "https://mtgjson.com/links/42ca60cf59275d11", "tcgplayer": "https://mtgjson.com/links/4383495cc7d665f7"}, "rarity": "rare", "rulings": [{"date": "2021-04-16", "text": "Playing the exiled card follows all normal timing restrictions."}, {"date": "2021-04-16", "text": "If the exiled card is a modal double-faced card and its back face is a land, its owner may play it as a land. (Note that if the front face is also a land, you couldn’t have exiled it to begin with.)"}], "securityStamp": "oval", "setCode": "SLC", "subtypes": ["Human", "Cleric"], "supertypes": [], "text": "Flying\nWhen Elite Spellbinder enters the battlefield, look at target opponent's hand. You may exile a nonland card from it. For as long as that card remains exiled, its owner may play it. A spell cast this way costs {2} more to cast.", "toughness": "1", "type": "Creature — Human Cleric", "types": ["Creature"], "uuid": "a568851d-5da2-5089-8dab-a85db1796c3f"}, {"artist": "Death Burger", "artistIds": ["300d90c6-8de5-4bae-8581-99df6f42c4c7"], "availability": ["paper"], "borderColor": "borderless", "colorIdentity": ["B"], "colors": ["B"], "convertedManaCost": 3.0, "edhrecRank": 1689, "edhrecSaltiness": 0.34, "finishes": ["nonfoil", "foil"], "foreignData": [], "frameEffects": ["legendary", "inverted"], "frameVersion": "2015", "hasFoil": true, "hasNonFoil": true, "identifiers": {"cardKingdomFoilId": "268806", "cardKingdomId": "268805", "cardsphereId": "96576", "mtgjsonV4Id": "87f6af72-75e7-52a4-9561-73ebea95d551", "scryfallId": "aedf907b-7d8e-4c6d-b3da-2aae1b327ee1", "scryfallIllustrationId": "25f97bfb-2408-4e43-903c-ce0d7606b4eb", "scryfallOracleId": "d04b6c2c-50fc-464d-9991-230efec70d2b", "tcgplayerProductId": "451210"}, "isFullArt": true, "isPromo": true, "isReprint": true, "isStarter": true, "keywords": ["Ninjutsu"], "language": "English", "layout": "normal", "leadershipSkills": {"brawl": false, "commander": true, "oathbreaker": false}, "legalities": {"brawl": "Legal", "commander": "Legal", "duel": "Legal", "explorer": "Legal", "future": "Legal", "gladiator": "Legal", "legacy": "Legal", "modern": "Legal", "oathbreaker": "Legal", "pioneer": "Legal", "standard": "Legal", "vintage": "Legal"}, "manaCost": "{1}{B}{B}", "manaValue": 3.0, "name": "Nashi, Moon Sage's Scion", "number": "2022", "power": "3", "printings": ["NEO", "PLIST", "PNEO", "PRM", "SLC"], "purchaseUrls": {"cardKingdom": "https://mtgjson.com/links/689161cc19a6d485", "cardKingdomFoil": "https://mtgjson.com/links/1c3d9d0150611533", "tcgplayer": "https://mtgjson.com/links/0558af1b4e67638b"}, "rarity": "mythic", "rulings": [{"date": "2022-02-18", "text": "You may only cast a spell this way by paying the appropriate amount of life. You may not pay its normal cost and may not pay any other alternative costs. You may still pay for additional costs, such as kicker costs. If the spell has mandatory additional costs, you must pay those."}, {"date": "2022-02-18", "text": "You must follow all normal timing rules when casting a spell or playing a land this way. For example, you cannot normally play a land card this way if you have already played a land this turn."}, {"date": "2022-02-18", "text": "If you cast a spell with {X} in its mana cost this way, the only legal choice for X is 0."}, {"date": "2022-02-18", "text": "The ninjutsu ability can be activated only after blockers have been declared. Before then, attacking creatures are neither blocked nor unblocked."}, {"date": "2022-02-18", "text": "As you activate a ninjutsu ability, you reveal the Ninja card in your hand and return the attacking creature. The Ninja card stays revealed and isn't put onto the battlefield until the ability resolves. If it leaves your hand before then, it won't enter the battlefield at all."}, {"date": "2022-02-18", "text": "The creature with ninjutsu enters the battlefield attacking the same player or planeswalker that the returned creature was attacking. This is a rule specific to ninjutsu; in other cases, when a creature is put onto the battlefield attacking, that creature's controller chooses which player or planeswalker it's attacking."}, {"date": "2022-02-18", "text": "Although the Ninja is attacking, it was never declared as an attacking creature (for purposes of abilities that trigger whenever a creature attacks, for example)."}, {"date": "2022-02-18", "text": "The ninjutsu ability can be activated during the declare blockers step, combat damage step, or end of combat step. In most cases (see below), if you wait until the combatdamage step or end of combat step, it will be after combat damage has been dealt, so the Ninja won't deal combat damage."}, {"date": "2022-02-18", "text": "If a creature in combat has first strike or double strike, you can activate the ninjutsu ability during the first-strike combat damage step. The Ninja will deal combat damage during the regular combat damage step, even if it has first strike."}, {"date": "2022-02-18", "text": "Puff of smoke not included."}], "securityStamp": "oval", "setCode": "SLC", "subtypes": ["Rat", "Ninja"], "supertypes": ["Legendary"], "text": "Ninjutsu {3}{B} ({3}{B}, Return an unblocked attacker you control to hand: Put this card onto the battlefield from your hand tapped and attacking.)\nWhenever Nashi, Moon Sage's Scion deals combat damage to a player, exile the top card of each player's library. Until end of turn, you may play one of those cards. If you cast a spell this way, pay life equal to its mana value rather than paying its mana cost.", "toughness": "2", "type": "Legendary Creature — Rat Ninja", "types": ["Creature"], "uuid": "73fd1bcc-1f31-5a37-ae00-22ab0e87cded"}, {"artist": "ZIUK", "artistIds": ["894002af-b219-4202-b70c-2fbddaa4756b"], "availability": ["paper"], "borderColor": "borderless", "colorIdentity": [], "colors": [], "convertedManaCost": 0.0, "edhrecRank": 1065, "edhrecSaltiness": 0.24, "finishes": ["foil"], "foreignData": [], "frameEffects": ["inverted"], "frameVersion": "2015", "hasFoil": true, "hasNonFoil": false, "identifiers": {"cardKingdomFoilId": "274931", "mtgjsonV4Id": "f98b7dd5-0351-5013-b134-af0d0fe78396", "scryfallId": "177685fa-77d8-4828-b438-e0e62f9147b9", "scryfallIllustrationId": "82c97e26-5dd3-434f-b8d0-72144fdb944d", "scryfallOracleId": "134d5b82-7940-4b33-a922-7f9d1f403e50", "tcgplayerProductId": "454677"}, "isFullArt": true, "isPromo": true, "isReprint": true, "isStarter": true, "keywords": ["Hexproof"], "language": "English", "layout": "normal", "legalities": {"commander": "Legal", "duel": "Legal", "explorer": "Legal", "gladiator": "Legal", "historic": "Legal", "historicbrawl": "Legal", "legacy": "Legal", "modern": "Legal", "oathbreaker": "Legal", "pioneer": "Legal", "vintage": "Legal"}, "manaValue": 0.0, "name": "Lotus Field", "number": "2023", "printings": ["M20", "PM20", "SLC"], "purchaseUrls": {"cardKingdomFoil": "https://mtgjson.com/links/92f59ae5be0440a2", "tcgplayer": "https://mtgjson.com/links/2fa0b49a0c1c16c4"}, "rarity": "mythic", "rulings": [{"date": "2019-07-12", "text": "If Lotus Field enters the battlefield while you control fewer than two other lands, you must sacrifice each land you control, including Lotus Field."}], "securityStamp": "oval", "setCode": "SLC", "subtypes": [], "supertypes": [], "text": "Hexproof\nLotus Field enters the battlefield tapped.\nWhen Lotus Field enters the battlefield, sacrifice two lands.\n{T}: Add three mana of any one color.", "type": "Land", "types": ["Land"], "uuid": "32773b0b-19ba-502b-afc7-7b667bfc6fda"}], "code": "SLC", "decks": [{"cards": [{"count": 1, "finish": "nonfoil", "uuid": "2ee15fa7-6e75-5f99-966a-bc0fe602a0a5"}, {"count": 1, "finish": "nonfoil", "uuid": "ed7687c8-a5b0-59ff-8dfe-aee11210e1a2"}, {"count": 1, "finish": "nonfoil", "uuid": "97be139c-0814-5fb5-9b8d-c06933883f9e"}, {"count": 1, "finish": "nonfoil", "uuid": "0587adc7-c5ee-53af-9c61-f2364c6209c3"}, {"count": 1, "finish": "nonfoil", "uuid": "68534d5f-8c4c-55f4-987b-d79a5dee8f2e"}, {"count": 1, "finish": "nonfoil", "uuid": "ee3cb7ef-0d68-5492-8d70-a2b3d5d34388"}, {"count": 1, "finish": "nonfoil", "uuid": "0d4e054c-5df4-56c8-9703-a69cd67cf213"}, {"count": 1, "finish": "nonfoil", "uuid": "e854aa90-4cfe-5104-83b1-47762d4abea9"}, {"count": 1, "finish": "nonfoil", "uuid": "cb60d1a3-d398-5ba3-bb86-5cf62d1cec75"}, {"count": 1, "finish": "nonfoil", "uuid": "9c32e1e8-f3aa-55ef-a37b-fbc66b82e3b1"}, {"count": 1, "finish": "nonfoil", "uuid": "f628a0da-a106-5ba7-badf-83eabf70160c"}, {"count": 1, "finish": "nonfoil", "uuid": "410ba456-1fb5-554b-969c-a012f5b3b37a"}, {"count": 1, "finish": "nonfoil", "uuid": "94402f52-fa7a-5e7f-8257-193da901e559"}, {"count": 1, "finish": "nonfoil", "uuid": "3abc4bed-b109-5fcd-8027-26eab68986cc"}, {"count": 1, "finish": "nonfoil", "uuid": "f441e048-448a-516f-be06-bf0b14bf068f"}, {"count": 1, "finish": "nonfoil", "uuid": "4c3b42c6-57db-5f04-ba97-f5e8064d5979"}, {"count": 1, "finish": "nonfoil", "uuid": "ee59da25-6bb7-5516-8774-102a49adaf9d"}, {"count": 1, "finish": "nonfoil", "uuid": "6a819554-6205-53fe-86f1-5b34cefa548a"}, {"count": 1, "finish": "nonfoil", "uuid": "3039b5ab-ce29-5099-9712-c7c7ffb901fb"}, {"count": 1, "finish": "nonfoil", "uuid": "42259348-3c12-5d2f-a367-37ec8d40a7d1"}, {"count": 1, "finish": "nonfoil", "uuid": "23e24b23-745c-5211-b284-babad1a05ae8"}, {"count": 1, "finish": "nonfoil", "uuid": "394d5ffb-23c3-5bbc-872d-f98f7ce9bdc6"}, {"count": 1, "finish": "nonfoil", "uuid": "10f3b78f-f22a-5067-adc5-4b75ac09cdb9"}, {"count": 1, "finish": "nonfoil", "uuid": "fd08326a-13ce-5b1f-ac62-03121762059b"}, {"count": 1, "finish": "nonfoil", "uuid": "c78a957d-04a1-5a94-a6a0-e74cc7cb1d55"}, {"count": 1, "finish": "nonfoil", "uuid": "927fb077-6459-5026-8712-2810ea831bf9"}, {"count": 1, "finish": "nonfoil", "uuid": "39f7702f-20eb-5489-8d6c-dc8945359041"}, {"count": 1, "finish": "nonfoil", "uuid": "23600f05-461e-5b44-8aeb-ab5c0ab92456"}, {"count": 1, "finish": "nonfoil", "uuid": "a568851d-5da2-5089-8dab-a85db1796c3f"}, {"count": 1, "finish": "nonfoil", "uuid": "73fd1bcc-1f31-5a37-ae00-22ab0e87cded"}], "name": "30th Anniversary Countdown Kit", "sealedProductUuids": ["8980dc25-6a0d-5288-b960-9335972e8669"]}], "isFoilOnly": false, "isOnlineOnly": false, "keyruneCode": "PMEI", "languages": ["English"], "name": "Secret Lair 30th Anniversary Countdown Kit", "parentCode": "SLD", "releaseDate": "2022-11-01", "sealedProduct": [{"cardCount": 31, "category": "box_set", "contents": {"deck": [{"name": "30th Anniversary Countdown Kit", "set": "slc"}]}, "identifiers": {"tcgplayerProductId": "454314"}, "name": "Secret Lair 30th Anniversary Countdown Kit", "purchaseUrls": {"tcgplayer": "https://mtgjson.com/links/211dc23d9d2fe0e6"}, "subtype": "secret_lair", "uuid": "8980dc25-6a0d-5288-b960-9335972e8669"}], "tcgplayerGroupId": 17667, "tokens": [], "totalSetSize": 31, "translations": {}, "type": "promo"}}