{"meta": {"date": "2023-08-19", "version": "5.2.1+20230819"}, "data": {"baseSetSize": 10, "cards": [{"artist": "Justin Hernandez & Alexis Hernandez", "artistIds": ["e3d33dbf-3b51-4e49-a12c-1ab7000e098f", "13fef2fc-8a5c-4f25-b600-b509cc47f39e"], "availability": ["paper"], "borderColor": "borderless", "colorIdentity": ["U"], "colors": ["U"], "convertedManaCost": 1.0, "edhrecRank": 40, "edhrecSaltiness": 0.22, "finishes": ["foil"], "foreignData": [], "frameEffects": ["inverted"], "frameVersion": "2015", "hasFoil": true, "hasNonFoil": false, "identifiers": {"mtgjsonV4Id": "d300d32a-76b8-5886-8782-bd3197e411e1", "scryfallId": "8c09e891-247f-43f2-8d9d-2187631fb083", "scryfallIllustrationId": "07b80f8b-ff66-46d1-941b-7ff4a3f9cddb", "scryfallOracleId": "36cd2364-d113-47d1-b2c4-b088d9eb88dd", "tcgplayerProductId": "484510"}, "isFullArt": true, "isPromo": true, "isReprint": true, "isStarter": true, "language": "English", "layout": "normal", "legalities": {"commander": "Legal", "duel": "Legal", "gladiator": "Legal", "historic": "Banned", "historicbrawl": "Legal", "legacy": "Legal", "oathbreaker": "Legal", "pauper": "Legal", "paupercommander": "Legal", "predh": "Legal", "premodern": "Banned", "vintage": "Restricted"}, "manaCost": "{U}", "manaValue": 1.0, "name": "Brainstorm", "number": "1", "originalReleaseDate": "2023-02-19", "printings": ["2XM", "40K", "5ED", "A25", "AFC", "BTD", "C15", "C18", "C21", "CMD", "CNS", "CST", "DDJ", "EMA", "F04", "ICE", "MB1", "ME2", "MMQ", "OLGC", "PLIST", "PRM", "PZ1", "SLD", "SLP", "SS1", "STA", "VMA", "WC00"], "purchaseUrls": {"tcgplayer": "https://mtgjson.com/links/8ae13b3f59c774e6"}, "rarity": "rare", "rulings": [{"date": "2018-03-16", "text": "You draw three cards and put two cards back all while Brainstorm is resolving. Nothing can happen between the two, and no player may choose to take actions."}], "securityStamp": "oval", "setCode": "SLP", "subtypes": [], "supertypes": [], "text": "Draw three cards, then put two cards from your hand on top of your library in any order.", "type": "Instant", "types": ["Instant"], "uuid": "8c8d7cad-2284-57d9-bbf9-d629e5fe3544"}, {"artist": "NIARK1", "artistIds": ["59816dda-ded1-4e04-869c-268bede56fc3"], "availability": ["paper"], "borderColor": "borderless", "colorIdentity": ["R"], "colors": ["R"], "convertedManaCost": 1.0, "edhrecRank": 414, "edhrecSaltiness": 1.37, "finishes": ["foil"], "foreignData": [], "frameEffects": ["legendary", "inverted"], "frameVersion": "2015", "hasFoil": true, "hasNonFoil": false, "identifiers": {"cardKingdomFoilId": "274945", "mtgjsonV4Id": "c89c60ee-7770-5eac-919e-03fd5c3bb7a3", "scryfallId": "10cde602-f47c-4dac-bf1b-e300c82e5fd5", "scryfallIllustrationId": "ea8f55e3-4761-497f-95dc-469009d0f5b1", "scryfallOracleId": "37108cd4-bbab-4ce3-9ed6-f60e8422e703", "tcgplayerProductId": "484512"}, "isFullArt": true, "isPromo": true, "isReprint": true, "isStarter": true, "keywords": ["Dash", "Treasure"], "language": "English", "layout": "normal", "leadershipSkills": {"brawl": false, "commander": true, "oathbreaker": false}, "legalities": {"commander": "Legal", "duel": "Banned", "gladiator": "Legal", "historic": "Banned", "historicbrawl": "Legal", "legacy": "Banned", "modern": "Legal", "oathbreaker": "Legal", "vintage": "Legal"}, "manaCost": "{R}", "manaValue": 1.0, "name": "Ragavan, Nimble Pilferer", "number": "2", "originalReleaseDate": "2023-02-19", "power": "2", "printings": ["MH2", "MUL", "PMH2", "PRM", "SLP"], "purchaseUrls": {"cardKingdomFoil": "https://mtgjson.com/links/6107aa81c1dacb52", "tcgplayer": "https://mtgjson.com/links/681cea98ca677ece"}, "rarity": "mythic", "rulings": [{"date": "2021-06-18", "text": "You'll create a Treasure token even if that player has no cards left in their library to exile."}, {"date": "2021-06-18", "text": "You must still follow all timing restrictions and pay all costs when casting the exiled card. If you exile a land card, you can't play that card."}, {"date": "2021-06-18", "text": "If you choose to pay the dash cost rather than the mana cost, you're still casting the spell. It goes on the stack and can be responded to and countered. You can cast a creature spell for its dash cost only when you otherwise could cast that creature spell. Most of the time, this means during your main phase when the stack is empty."}, {"date": "2021-06-18", "text": "If you pay the dash cost to cast a creature spell, that card will be returned to its owner's hand only if it's still on the battlefield when its triggered ability resolves. If it dies or goes to another zone before then, it will stay where it is."}, {"date": "2021-06-18", "text": "You don't have to attack with the creature with dash unless another ability says you do."}, {"date": "2021-06-18", "text": "If a creature enters the battlefield as a copy of or becomes a copy of a creature whose dash cost was paid, the copy won't have haste and won't be returned to its owner's hand."}], "securityStamp": "oval", "setCode": "SLP", "subtypes": ["Monkey", "Pirate"], "supertypes": ["Legendary"], "text": "Whenever Ragavan, Nimble Pilferer deals combat damage to a player, create a Treasure token and exile the top card of that player's library. Until end of turn, you may cast that card.\nDash {1}{R} (You may cast this spell for its dash cost. If you do, it gains haste, and it's returned from the battlefield to its owner's hand at the beginning of the next end step.)", "toughness": "1", "type": "Legendary Creature — Monkey Pirate", "types": ["Creature"], "uuid": "f0bd42e7-1fe9-5881-9532-0a0782f09aa1"}, {"artist": "Ryan Quickfall", "artistIds": ["d965ad75-7f05-4256-acdc-01ab0ad36fda"], "availability": ["paper"], "borderColor": "borderless", "colorIdentity": ["B"], "colors": ["B"], "convertedManaCost": 1.0, "edhrecRank": 4005, "edhrecSaltiness": 0.13, "finishes": ["foil"], "foreignData": [], "frameEffects": ["inverted"], "frameVersion": "2015", "hasFoil": true, "hasNonFoil": false, "identifiers": {"cardKingdomFoilId": "274946", "mtgjsonV4Id": "22b6efbb-0249-5903-ab24-0ee96a02be33", "scryfallId": "06f7cc6d-c26c-466d-9659-90902f6b3559", "scryfallIllustrationId": "db00d030-2388-4b57-9c69-7437d614627f", "scryfallOracleId": "16437a83-be52-44cd-a768-a767c9347eb2", "tcgplayerProductId": "484511"}, "isFullArt": true, "isPromo": true, "isReprint": true, "isStarter": true, "keywords": ["Revolt"], "language": "English", "layout": "normal", "legalities": {"commander": "Legal", "duel": "Legal", "explorer": "Legal", "gladiator": "Legal", "historic": "Legal", "historicbrawl": "Legal", "legacy": "Legal", "modern": "Legal", "oathbreaker": "Legal", "pioneer": "Legal", "vintage": "Legal"}, "manaCost": "{B}", "manaValue": 1.0, "name": "Fatal Push", "number": "3", "originalReleaseDate": "2023-02-19", "printings": ["2XM", "AER", "F17", "KLR", "MB1", "PRM", "SLD", "SLP"], "purchaseUrls": {"cardKingdomFoil": "https://mtgjson.com/links/afa67bd4a31486f0", "tcgplayer": "https://mtgjson.com/links/bf939aacc36b617a"}, "rarity": "rare", "rulings": [{"date": "2020-08-07", "text": "Fatal Push can target any creature, even one with mana value 5 or greater. The creature's mana value is checked only as Fatal Push resolves."}, {"date": "2020-08-07", "text": "If a creature on the battlefield has {X} in its mana cost, X is considered to be 0."}, {"date": "2020-08-07", "text": "Revolt abilities don't care why the permanent left the battlefield, who caused it to move, or where it moved to. They're equally satisfied by an artifact you sacrificed to pay a cost, a creature you controlled that was destroyed by Cast Down, or an enchantment you returned to your hand with Cyclonic Rift."}, {"date": "2020-08-07", "text": "Tokens that leave the battlefield will satisfy a revolt ability."}], "securityStamp": "oval", "setCode": "SLP", "subtypes": [], "supertypes": [], "text": "Destroy target creature if it has mana value 2 or less.\nRevolt — Destroy that creature if it has mana value 4 or less instead if a permanent you controlled left the battlefield this turn.", "type": "Instant", "types": ["Instant"], "uuid": "d844008a-f989-5712-857a-4f3b2ef062c0"}, {"artist": "Cabrol", "artistIds": ["31eddcd4-22e7-4b8b-8a46-6f841124f378"], "availability": ["paper"], "borderColor": "borderless", "colorIdentity": ["R"], "colors": ["R"], "convertedManaCost": 1.0, "edhrecRank": 10570, "edhrecSaltiness": 0.2, "finishes": ["nonfoil", "foil"], "foreignData": [], "frameEffects": ["inverted"], "frameVersion": "2015", "hasFoil": true, "hasNonFoil": true, "identifiers": {"cardKingdomFoilId": "277347", "cardKingdomId": "277346", "mtgjsonV4Id": "f0724e0c-42fa-5fc5-8f36-1a5b05d90cd3", "scryfallId": "f22650a0-278c-45a1-8e3c-66c2ae6e844a", "scryfallIllustrationId": "83462aaa-aea9-490a-9691-35587d858391", "scryfallOracleId": "b23cba46-6ed2-442d-bc39-7c4933f6b083", "tcgplayerProductId": "489649"}, "isFullArt": true, "isPromo": true, "isReprint": true, "isStarter": true, "keywords": ["Delirium"], "language": "English", "layout": "normal", "legalities": {"commander": "Legal", "duel": "Legal", "gladiator": "Legal", "legacy": "Legal", "modern": "Legal", "oathbreaker": "Legal", "pauper": "Legal", "paupercommander": "Legal", "penny": "Legal", "vintage": "Legal"}, "manaCost": "{R}", "manaValue": 1.0, "name": "Unholy Heat", "number": "4", "originalReleaseDate": "2023-04-22", "printings": ["J21", "MH2", "SLP"], "purchaseUrls": {"cardKingdom": "https://mtgjson.com/links/33ba24c820eeeac2", "cardKingdomFoil": "https://mtgjson.com/links/c74526c10c2c1059", "tcgplayer": "https://mtgjson.com/links/d554e76b015a26b5"}, "rarity": "rare", "rulings": [{"date": "2021-06-18", "text": "Unholy Heat checks your graveyard as it resolves to determine if it deals 2 or 6 damage. At that time, Unholy Heat isn't in the graveyard yet."}, {"date": "2021-06-18", "text": "The card types that can appear in a graveyard are artifact, creature, enchantment, instant, land, planeswalker, sorcery, and tribal. Legendary, basic, and snow are supertypes, not card types; Kavu and Equipment are subtypes, not card types."}], "securityStamp": "oval", "setCode": "SLP", "subtypes": [], "supertypes": [], "text": "Unholy Heat deals 2 damage to target creature or planeswalker.\nDelirium — Unholy Heat deals 6 damage instead if there are four or more card types among cards in your graveyard.", "type": "Instant", "types": ["Instant"], "uuid": "48716f24-84f0-5bb5-bb99-e9b2406a7637"}, {"artist": "DZO", "artistIds": ["b967e930-39f5-4fbb-a054-800e5d330ee0"], "availability": ["paper"], "borderColor": "borderless", "colorIdentity": ["G"], "colors": ["G"], "convertedManaCost": 3.0, "edhrecRank": 603, "edhrecSaltiness": 0.45, "finishes": ["nonfoil", "foil"], "foreignData": [], "frameEffects": ["inverted"], "frameVersion": "2015", "hasFoil": true, "hasNonFoil": true, "identifiers": {"cardKingdomFoilId": "277349", "cardKingdomId": "277348", "mtgjsonV4Id": "54a9df02-ba7a-520c-bf8f-033b171a7055", "scryfallId": "f743b688-25e8-421e-97b5-d294dda34817", "scryfallIllustrationId": "0307cccb-94f9-423a-938d-6924f322ae66", "scryfallOracleId": "0f77c0c9-4dc4-489a-b547-e93287c4d1a5", "tcgplayerProductId": "489673"}, "isFullArt": true, "isPromo": true, "isReprint": true, "isStarter": true, "language": "English", "layout": "normal", "legalities": {"commander": "Legal", "duel": "Legal", "explorer": "Legal", "gladiator": "Legal", "historic": "Legal", "historicbrawl": "Legal", "legacy": "Legal", "modern": "Legal", "oathbreaker": "Legal", "pioneer": "Legal", "vintage": "Legal"}, "manaCost": "{1}{G}{G}", "manaValue": 3.0, "name": "Eldritch Evolution", "number": "5", "originalReleaseDate": "2023-04-22", "printings": ["EMN", "MB1", "PEMN", "SIR", "SLP"], "purchaseUrls": {"cardKingdom": "https://mtgjson.com/links/d136fc4f61c74e64", "cardKingdomFoil": "https://mtgjson.com/links/339fb26a868e5232", "tcgplayer": "https://mtgjson.com/links/24770d88ca3e9b95"}, "rarity": "rare", "rulings": [{"date": "2016-07-13", "text": "Sacrificing a creature is part of Eldritch Evolution’s cost. You can’t sacrifice more creatures to search for more creature cards, and you can’t cast Eldritch Evolution at all if you control no creatures."}, {"date": "2016-07-13", "text": "Once you begin to cast Eldritch Evolution, no player may take actions until you’re done. Notably, opponents can’t try to remove the creature you wish to sacrifice."}, {"date": "2016-07-13", "text": "A creature’s converted mana cost is determined solely by the mana symbols printed in its upper right corner (unless that creature is the back face of a double-faced card, a melded card, or is copying something else; see below). If the mana cost includes {X}, X is considered to be 0. If it’s a single-faced card with no mana symbols in its upper right corner (because it’s an animated land, for example), its converted mana cost is 0. Ignore any alternative costs or additional costs (such as kicker) paid when the creature was cast."}, {"date": "2016-07-13", "text": "A token that isn’t a copy of another permanent has a converted mana cost of 0. A token that is a copy or a creature that has become a copy of another permanent has the converted mana cost of what it’s copying."}, {"date": "2016-07-13", "text": "The converted mana cost of a permanent that’s a double-faced card with its back face up is the converted mana cost of its front face. The converted mana cost of a melded permanent is the sum of the converted mana costs of its front faces. A creature that’s a copy of either has a converted mana cost of 0."}, {"date": "2016-07-13", "text": "If a card in a library has {X} in its mana cost, X is considered to be 0. If you find such a card this way, you won’t have an opportunity to spend mana on {X}."}], "securityStamp": "oval", "setCode": "SLP", "subtypes": [], "supertypes": [], "text": "As an additional cost to cast this spell, sacrifice a creature.\nSearch your library for a creature card with mana value X or less, where X is 2 plus the sacrificed creature's mana value. Put that card onto the battlefield, then shuffle. Exile Eldritch Evolution.", "type": "Sorcery", "types": ["Sorcery"], "uuid": "5206d45f-6600-5f92-8080-f91ac258623e"}, {"artist": "Kelogsloops", "artistIds": ["10ab6961-89a9-44bf-bf5a-ff2548403a83"], "availability": ["paper"], "borderColor": "borderless", "colorIdentity": [], "colors": [], "convertedManaCost": 8.0, "edhrecRank": 772, "edhrecSaltiness": 1.39, "finishes": ["nonfoil", "foil"], "foreignData": [], "frameVersion": "2015", "hasFoil": true, "hasNonFoil": true, "identifiers": {"mtgjsonV4Id": "262e2ad3-4b3d-52cf-b45f-27c32efe92eb", "scryfallId": "3e64afdc-7623-4b88-a952-45243b4dff79", "scryfallIllustrationId": "31009a87-dd34-4ccc-8866-1870db5c68e3", "scryfallOracleId": "eecb3047-a563-441a-9175-200421981ac3", "tcgplayerProductId": "489674"}, "isPromo": true, "isReprint": true, "isStarter": true, "language": "English", "layout": "normal", "leadershipSkills": {"brawl": false, "commander": false, "oathbreaker": true}, "legalities": {"commander": "Legal", "duel": "Legal", "explorer": "Legal", "gladiator": "Legal", "historic": "Legal", "historicbrawl": "Banned", "legacy": "Legal", "modern": "Legal", "oathbreaker": "Legal", "pioneer": "Legal", "vintage": "Legal"}, "loyalty": "7", "manaCost": "{8}", "manaValue": 8.0, "name": "Ugin, the Spirit Dragon", "number": "6", "originalReleaseDate": "2023-09-03", "printings": ["FRF", "M21", "MED", "PM21", "PRM", "SLP", "UGIN"], "purchaseUrls": {"tcgplayer": "https://mtgjson.com/links/4558c77d115c7c78"}, "rarity": "mythic", "rulings": [{"date": "2014-11-24", "text": "If you choose to put permanent cards with morph onto the battlefield with the third ability, you must put them onto the battlefield face up."}, {"date": "2014-11-24", "text": "Ugin, the Spirit Dragon is not a Dragon card; that is, he doesn't have the creature type Dragon. Spells and abilities that refer to Dragon cards or Dragons don't apply to Ugin."}, {"date": "2020-06-23", "text": "If a permanent has {X} in its mana cost, X is considered to be 0."}, {"date": "2020-06-23", "text": "The mana value of a token that isn't a copy of another object is 0. A token that is a copy of another object has the same mana cost as that object."}, {"date": "2020-06-23", "text": "A permanent card is an artifact, creature, enchantment, land, or planeswalker card."}], "securityStamp": "oval", "setCode": "SLP", "subtypes": ["Ugin"], "supertypes": ["Legendary"], "text": "[+2]: Ugin, the Spirit Dragon deals 3 damage to any target.\n[−X]: Exile each permanent with mana value X or less that's one or more colors.\n[−10]: You gain 7 life, draw seven cards, then put up to seven permanent cards from your hand onto the battlefield.", "type": "Legendary Planeswalker — Ugin", "types": ["Planeswalker"], "uuid": "017d5ecf-098a-54b8-a6a6-58e3d9b2c307"}, {"artist": "Miho Irie", "artistIds": ["de9237a6-d719-4eb8-98f6-924ecf7023de"], "availability": ["paper"], "borderColor": "black", "colorIdentity": ["U"], "colors": ["U"], "convertedManaCost": 1.0, "edhrecRank": 120, "edhrecSaltiness": 0.4, "finishes": ["nonfoil", "foil"], "foreignData": [], "frameEffects": ["inverted"], "frameVersion": "2015", "hasFoil": true, "hasNonFoil": true, "identifiers": {"mtgjsonV4Id": "a5583e89-cd4c-5866-bfc1-1f2998914c55", "scryfallId": "134200c4-88af-4772-9031-a59669e8c2ec", "scryfallIllustrationId": "013cdafb-1e7e-4619-93af-d39362e1a2a3", "scryfallOracleId": "234a734b-ba28-4f1b-9d01-3c3e7d516590"}, "isPromo": true, "isReprint": true, "isStarter": true, "keywords": ["Treasure"], "language": "English", "layout": "normal", "legalities": {"alchemy": "Legal", "brawl": "Legal", "commander": "Legal", "duel": "Legal", "explorer": "Legal", "future": "Legal", "gladiator": "Legal", "historic": "Legal", "historicbrawl": "Legal", "legacy": "Legal", "modern": "Legal", "oathbreaker": "Legal", "penny": "Legal", "pioneer": "Legal", "standard": "Legal", "vintage": "Legal"}, "manaCost": "{U}", "manaValue": 1.0, "name": "An Offer You Can't Refuse", "number": "7", "originalReleaseDate": "2023-09-09", "printings": ["SLP", "SNC"], "purchaseUrls": {}, "rarity": "rare", "rulings": [{"date": "2022-04-29", "text": "If the target is no longer legal as An Offer You Can't Refuse resolves, no Treasure tokens are created."}, {"date": "2022-04-29", "text": "If the target is still legal as it resolves but the spell can't be countered for some reason, its controller will still create two Treasure tokens."}], "securityStamp": "oval", "setCode": "SLP", "subtypes": [], "supertypes": [], "text": "Counter target noncreature spell. Its controller creates two Treasure tokens. (They're artifacts with \"{T}, Sacrifice this artifact: Add one mana of any color.\")", "type": "Instant", "types": ["Instant"], "uuid": "35509960-6d39-5458-b03d-032a160b448e"}, {"artist": "Matt Stikker", "artistIds": ["25663665-c761-4485-b397-716c13d4dfbf"], "availability": ["paper"], "borderColor": "black", "colorIdentity": ["B"], "colors": ["B"], "convertedManaCost": 1.0, "edhrecRank": 11485, "edhrecSaltiness": 0.09, "finishes": ["nonfoil", "foil"], "foreignData": [], "frameEffects": ["inverted"], "frameVersion": "2015", "hasFoil": true, "hasNonFoil": true, "identifiers": {"mtgjsonV4Id": "193cc8f6-49ea-5942-a3f8-3e5fd99f86d5", "scryfallId": "bf954e31-015a-4646-8333-40225c847bcc", "scryfallIllustrationId": "8effd6fb-7961-4879-afa1-ad75c1947386", "scryfallOracleId": "e08722b3-0f79-4c82-b298-603e04a37857"}, "isPromo": true, "isReprint": true, "isStarter": true, "language": "English", "layout": "normal", "legalities": {"commander": "Legal", "duel": "Legal", "gladiator": "Legal", "historic": "Legal", "historicbrawl": "Legal", "legacy": "Legal", "modern": "Legal", "oathbreaker": "Legal", "predh": "Legal", "vintage": "Legal"}, "manaCost": "{B}", "manaValue": 1.0, "name": "Death's Shadow", "number": "8", "originalReleaseDate": "2023-09-09", "power": "13", "printings": ["2XM", "HA4", "MM3", "SLD", "SLP", "WWK"], "purchaseUrls": {}, "rarity": "rare", "rulings": [{"date": "2020-08-07", "text": "Death's Shadow's ability applies only while Death's Shadow is on the battlefield. In all other zones, its power and toughness are 13."}, {"date": "2020-08-07", "text": "The value of X changes as you gain and lose life. It's not locked in as Death's Shadow enters the battlefield."}, {"date": "2020-08-07", "text": "If your life total is negative, X is considered to be 0."}, {"date": "2020-08-07", "text": "In a Two-Headed Giant game, your life total is your team's life total."}], "securityStamp": "oval", "setCode": "SLP", "subtypes": ["Avatar"], "supertypes": [], "text": "Death's Shadow gets -X/-X, where X is your life total.", "toughness": "13", "type": "Creature — Avatar", "types": ["Creature"], "uuid": "7e4ea12d-3f85-5256-bb56-bacde38c4ee4"}, {"artist": "WolfSkullJack", "artistIds": ["e3e7e24b-c62f-4eff-acc2-ebd3a85c3d60"], "availability": ["paper"], "borderColor": "black", "colorIdentity": ["B", "U"], "colors": ["B", "U"], "convertedManaCost": 6.0, "edhrecRank": 4123, "edhrecSaltiness": 0.52, "finishes": ["nonfoil", "foil"], "foreignData": [], "frameEffects": ["legendary", "inverted"], "frameVersion": "2015", "hasFoil": true, "hasNonFoil": true, "identifiers": {"mtgjsonV4Id": "ff2e8899-d045-520a-ace8-e7fd951591b0", "scryfallId": "c8a826a3-bd19-4c56-9b86-d6547714c684", "scryfallIllustrationId": "4370f95a-a150-4902-bdcf-de0b7ff96b8a", "scryfallOracleId": "44581d4f-746b-43b8-a34d-16dc383ab70e"}, "isPromo": true, "isReprint": true, "isStarter": true, "keywords": ["Deathtouch", "Flying"], "language": "English", "layout": "normal", "leadershipSkills": {"brawl": false, "commander": true, "oathbreaker": false}, "legalities": {"commander": "Legal", "duel": "Legal", "legacy": "Legal", "modern": "Legal", "oathbreaker": "Legal", "pioneer": "Legal", "vintage": "Legal"}, "manaCost": "{4}{U}{B}", "manaValue": 6.0, "name": "Dragonlord Silumgar", "number": "9", "originalReleaseDate": "2024-01-19", "power": "3", "printings": ["2X2", "DTK", "PDTK", "SLP"], "purchaseUrls": {}, "rarity": "mythic", "rulings": [{"date": "2015-02-25", "text": "If Dragonlord Silumgar leaves the battlefield, you no longer control it, and its control-change effect ends."}, {"date": "2015-02-25", "text": "If Dragonlord Silumgar ceases to be under your control before its ability resolves, you won’t gain control of the creature or planeswalker at all."}, {"date": "2015-02-25", "text": "If another player gains control of Dragonlord Silumgar, its control-change effect ends. Regaining control of Dragonlord Silumgar won’t cause you to regain control of the creature or planeswalker."}], "securityStamp": "oval", "setCode": "SLP", "subtypes": ["Elder", "Dragon"], "supertypes": ["Legendary"], "text": "Flying, deathtouch\nWhen Dragonlord Silumgar enters the battlefield, gain control of target creature or planeswalker for as long as you control Dragonlord Silumgar.", "toughness": "5", "type": "Legendary Creature — Elder Dragon", "types": ["Creature"], "uuid": "7261726f-e1d1-58ef-9388-3784be67c179"}, {"artist": "GodMachine", "artistIds": ["5ad61ffb-a337-4140-bdce-b0a251b135ae"], "availability": ["paper"], "borderColor": "black", "colorIdentity": ["B"], "colors": ["B"], "convertedManaCost": 3.0, "edhrecRank": 8289, "edhrecSaltiness": 0.08, "finishes": ["foil"], "flavorText": "If you nourish them, they grow calamitous.", "foreignData": [], "frameEffects": ["inverted"], "frameVersion": "2015", "hasAlternativeDeckLimit": true, "hasFoil": true, "hasNonFoil": false, "identifiers": {"mtgjsonV4Id": "c21b91f5-df0e-5bb7-a3a5-0cd60f7f2304", "scryfallId": "1da0b6bc-db7f-42e9-b37d-fa33030cde13", "scryfallIllustrationId": "8b600620-e259-4052-9826-deeaf7a5d707", "scryfallOracleId": "104ea189-14cd-420f-afdc-57b0f827ab8e", "tcgplayerProductId": "497383"}, "isPromo": true, "isReprint": true, "isStarter": true, "language": "English", "layout": "normal", "legalities": {"commander": "Legal", "duel": "Legal", "legacy": "Legal", "modern": "Legal", "oathbreaker": "Legal", "pauper": "Legal", "paupercommander": "Legal", "predh": "Legal", "vintage": "Legal"}, "manaCost": "{1}{B}{B}", "manaValue": 3.0, "name": "Relentless Rats", "number": "10", "originalReleaseDate": "2023-06-01", "power": "2", "printings": ["10E", "5DN", "A25", "M10", "M11", "PLIST", "PM11", "SLP", "TSR"], "purchaseUrls": {"tcgplayer": "https://mtgjson.com/links/d16ca081f71fe468"}, "rarity": "rare", "rulings": [{"date": "2021-03-19", "text": "Because damage remains marked on a creature until the damage is removed as the turn ends, nonlethal damage dealt to one Relentless Rats may become lethal if another Relentless Rats leaves the battlefield during that turn."}, {"date": "2021-03-19", "text": "The last ability of Relentless Rats lets you ignore the “four-of” rule. It doesn’t let you ignore format legality. For example, during a Time Spiral Remastered Limited event, you can’t add Relentless Rats from your personal collection."}], "securityStamp": "oval", "setCode": "SLP", "subtypes": ["Rat"], "supertypes": [], "text": "Relentless Rats gets +1/+1 for each other creature on the battlefield named Relentless Rats.\nA deck can have any number of cards named Relentless Rats.", "toughness": "2", "type": "Creature — Rat", "types": ["Creature"], "uuid": "e6c79f29-2362-523e-9748-7eb3893af91f"}], "cardsphereSetId": 1640, "code": "SLP", "isFoilOnly": false, "isOnlineOnly": false, "keyruneCode": "PMEI", "languages": ["English"], "name": "Secret Lair Showdown", "parentCode": "SLD", "releaseDate": "2023-02-17", "tcgplayerGroupId": 22970, "tokens": [], "totalSetSize": 10, "translations": {}, "type": "promo"}}