{"meta": {"date": "2023-08-19", "version": "5.2.1+20230819"}, "data": {"baseSetSize": 0, "cards": [], "code": "SNEO", "isFoilOnly": false, "isNonFoilOnly": true, "isOnlineOnly": false, "keyruneCode": "NEO", "languages": ["English"], "name": "Kamigawa: Neon Dynasty Substitute Cards", "parentCode": "NEO", "releaseDate": "2022-02-18", "tokenSetCode": "SNEO", "tokens": [{"artist": "Adam Paquette", "artistIds": ["89023dad-e6c0-41e0-83fb-eb2bfbbdc3f2"], "availability": ["paper"], "borderColor": "black", "colorIdentity": [], "colors": [], "finishes": ["nonfoil"], "frameVersion": "2015", "hasFoil": false, "hasNonFoil": true, "identifiers": {"mtgjsonV4Id": "f101d5b4-d20d-59bb-8357-6a9e4bdecf5f", "scryfallId": "23f77d89-4312-4b22-b1ed-5d2aff4ffa44", "scryfallIllustrationId": "5085e457-f865-4b59-8b1f-a31161c86f97", "scryfallOracleId": "cb5ca670-a50e-4c73-879a-8dc0aa2cbd9f"}, "isReprint": true, "language": "English", "layout": "token", "name": "Double-Faced Substitute Card", "number": "1", "reverseRelated": [], "setCode": "SNEO", "subtypes": [], "supertypes": [], "text": "(You can use this card to represent a double-faced card.)", "type": "Card", "types": ["Card"], "uuid": "7ae53d7a-136a-59b1-b2f2-c756e70d7429"}, {"artist": "Adam Paquette", "artistIds": ["89023dad-e6c0-41e0-83fb-eb2bfbbdc3f2"], "availability": ["paper"], "borderColor": "black", "colorIdentity": [], "colors": [], "finishes": ["nonfoil"], "frameVersion": "2015", "hasFoil": false, "hasNonFoil": true, "identifiers": {"mtgjsonV4Id": "4eb68a9b-1abe-53b5-ac2c-e8eb9108fcb8", "scryfallId": "4e01cd79-5cd0-4044-b68e-281cdeb27ca4", "scryfallIllustrationId": "24fa8a52-008a-4e58-b90c-6d237ed38561", "scryfallOracleId": "cb5ca670-a50e-4c73-879a-8dc0aa2cbd9f"}, "isReprint": true, "language": "English", "layout": "token", "name": "Double-Faced Substitute Card", "number": "2", "reverseRelated": [], "setCode": "SNEO", "subtypes": [], "supertypes": [], "text": "(You can use this card to represent a double-faced card.)", "type": "Card", "types": ["Card"], "uuid": "df217570-e459-5b4b-bd34-a21f96b9b51f"}, {"artist": "Adam Paquette", "artistIds": ["89023dad-e6c0-41e0-83fb-eb2bfbbdc3f2"], "availability": ["paper"], "borderColor": "black", "colorIdentity": [], "colors": [], "finishes": ["nonfoil"], "frameVersion": "2015", "hasFoil": false, "hasNonFoil": true, "identifiers": {"mtgjsonV4Id": "d9caa075-c697-5813-b38b-aeacc4947715", "scryfallId": "dcb72592-a3d1-49a5-8780-4007f47d7658", "scryfallIllustrationId": "135b1367-35e4-4494-91dc-36d83ee575cf", "scryfallOracleId": "cb5ca670-a50e-4c73-879a-8dc0aa2cbd9f"}, "isReprint": true, "language": "English", "layout": "token", "name": "Double-Faced Substitute Card", "number": "3", "reverseRelated": [], "setCode": "SNEO", "subtypes": [], "supertypes": [], "text": "(You can use this card to represent a double-faced card.)", "type": "Card", "types": ["Card"], "uuid": "217e04e7-bba7-5813-9d7d-97d69f1162a6"}, {"artist": "Adam Paquette", "artistIds": ["89023dad-e6c0-41e0-83fb-eb2bfbbdc3f2"], "availability": ["paper"], "borderColor": "black", "colorIdentity": [], "colors": [], "finishes": ["nonfoil"], "frameVersion": "2015", "hasFoil": false, "hasNonFoil": true, "identifiers": {"mtgjsonV4Id": "f4b1f294-20bf-59b8-b644-43c1dbdeb9b8", "scryfallId": "a55b3785-5442-401c-9bf3-95df99e15d64", "scryfallIllustrationId": "906d08a2-6bed-40ff-a68a-4749d77fc525", "scryfallOracleId": "cb5ca670-a50e-4c73-879a-8dc0aa2cbd9f"}, "isReprint": true, "language": "English", "layout": "token", "name": "Double-Faced Substitute Card", "number": "4", "reverseRelated": [], "setCode": "SNEO", "subtypes": [], "supertypes": [], "text": "(You can use this card to represent a double-faced card.)", "type": "Card", "types": ["Card"], "uuid": "5b8d22ee-6897-5ae9-b15e-99f263f97ec4"}, {"artist": "Adam Paquette", "artistIds": ["89023dad-e6c0-41e0-83fb-eb2bfbbdc3f2"], "availability": ["paper"], "borderColor": "black", "colorIdentity": [], "colors": [], "finishes": ["nonfoil"], "frameVersion": "2015", "hasFoil": false, "hasNonFoil": true, "identifiers": {"mtgjsonV4Id": "53db8cb3-a083-5ce7-8b0b-ce221b4a4cec", "scryfallId": "72206778-01e5-4d92-a06f-27dacabd5781", "scryfallIllustrationId": "9fd944f2-fb79-4295-a4f4-99dc17dee04a", "scryfallOracleId": "cb5ca670-a50e-4c73-879a-8dc0aa2cbd9f"}, "isReprint": true, "language": "English", "layout": "token", "name": "Double-Faced Substitute Card", "number": "5", "reverseRelated": [], "setCode": "SNEO", "subtypes": [], "supertypes": [], "text": "(You can use this card to represent a double-faced card.)", "type": "Card", "types": ["Card"], "uuid": "c27f78a4-3150-531d-a87b-669f0c56ef90"}, {"artist": "Adam Paquette", "artistIds": ["89023dad-e6c0-41e0-83fb-eb2bfbbdc3f2"], "availability": ["paper"], "borderColor": "black", "colorIdentity": [], "colors": [], "finishes": ["nonfoil"], "frameVersion": "2015", "hasFoil": false, "hasNonFoil": true, "identifiers": {"mtgjsonV4Id": "d96ce159-f770-5e66-b562-7a0605a82c87", "scryfallId": "a201bd61-14fb-462a-aea7-64c4f35889a6", "scryfallIllustrationId": "5323e36d-9af2-49ff-84cb-b85d528831b5", "scryfallOracleId": "cb5ca670-a50e-4c73-879a-8dc0aa2cbd9f"}, "isReprint": true, "language": "English", "layout": "token", "name": "Double-Faced Substitute Card", "number": "6", "reverseRelated": [], "setCode": "SNEO", "subtypes": [], "supertypes": [], "text": "(You can use this card to represent a double-faced card.)", "type": "Card", "types": ["Card"], "uuid": "3779c61d-0b53-5b97-a659-899f0701fd0a"}, {"artist": "Adam Paquette", "artistIds": ["89023dad-e6c0-41e0-83fb-eb2bfbbdc3f2"], "availability": ["paper"], "borderColor": "black", "colorIdentity": [], "colors": [], "finishes": ["nonfoil"], "frameVersion": "2015", "hasFoil": false, "hasNonFoil": true, "identifiers": {"mtgjsonV4Id": "fd4a3d1b-9efd-5b09-b455-d07030c03075", "scryfallId": "3923dd23-a8de-4718-9f1a-8c1d3a99131e", "scryfallIllustrationId": "86a80737-86fb-4da4-9399-85123844919e", "scryfallOracleId": "cb5ca670-a50e-4c73-879a-8dc0aa2cbd9f"}, "isReprint": true, "language": "English", "layout": "token", "name": "Double-Faced Substitute Card", "number": "7", "reverseRelated": [], "setCode": "SNEO", "subtypes": [], "supertypes": [], "text": "(You can use this card to represent a double-faced card.)", "type": "Card", "types": ["Card"], "uuid": "83390ed0-9f1b-5023-b7d7-a9c321812bcb"}, {"artist": "Adam Paquette", "artistIds": ["89023dad-e6c0-41e0-83fb-eb2bfbbdc3f2"], "availability": ["paper"], "borderColor": "black", "colorIdentity": [], "colors": [], "finishes": ["nonfoil"], "frameVersion": "2015", "hasFoil": false, "hasNonFoil": true, "identifiers": {"mtgjsonV4Id": "fe165ac0-d23b-54bf-8a25-ef3bc55375a1", "scryfallId": "cec65598-2db9-4839-b731-13dd2380334e", "scryfallIllustrationId": "254d778d-0b0f-41e9-9f1a-896e507b5b57", "scryfallOracleId": "cb5ca670-a50e-4c73-879a-8dc0aa2cbd9f"}, "isReprint": true, "language": "English", "layout": "token", "name": "Double-Faced Substitute Card", "number": "8", "reverseRelated": [], "setCode": "SNEO", "subtypes": [], "supertypes": [], "text": "(You can use this card to represent a double-faced card.)", "type": "Card", "types": ["Card"], "uuid": "1f27f85d-3db6-528b-8b9b-5b930df943a9"}, {"artist": "Adam Paquette", "artistIds": ["89023dad-e6c0-41e0-83fb-eb2bfbbdc3f2"], "availability": ["paper"], "borderColor": "black", "colorIdentity": [], "colors": [], "finishes": ["nonfoil"], "frameVersion": "2015", "hasFoil": false, "hasNonFoil": true, "identifiers": {"mtgjsonV4Id": "8ae08db4-aa81-5621-8849-982227424218", "scryfallId": "4770a0ce-5d5f-405b-81a2-91fb1561d0a6", "scryfallIllustrationId": "5673e4d1-7081-4327-b89a-345de5817d24", "scryfallOracleId": "cb5ca670-a50e-4c73-879a-8dc0aa2cbd9f"}, "isReprint": true, "language": "English", "layout": "token", "name": "Double-Faced Substitute Card", "number": "9", "reverseRelated": [], "setCode": "SNEO", "subtypes": [], "supertypes": [], "text": "(You can use this card to represent a double-faced card.)", "type": "Card", "types": ["Card"], "uuid": "a11f7d32-7397-5ba7-a9d7-02af04611866"}], "totalSetSize": 0, "translations": {}, "type": "token"}}