{"meta": {"date": "2023-08-19", "version": "5.2.1+20230819"}, "data": {"baseSetSize": 8, "cards": [{"artist": "Aleksi Briclot", "artistIds": ["5e470014-31cb-41b0-b054-e23374484449"], "availability": ["paper"], "borderColor": "black", "colorIdentity": ["W"], "colors": ["W"], "convertedManaCost": 5.0, "edhrecRank": 8094, "edhrecSaltiness": 0.19, "finishes": ["nonfoil", "foil"], "foreignData": [], "frameEffects": ["inverted"], "frameVersion": "2015", "hasFoil": true, "hasNonFoil": true, "identifiers": {"cardKingdomFoilId": "225022", "cardKingdomId": "225014", "cardsphereId": "60970", "mcmId": "372929", "mcmMetaId": "11140", "mtgjsonV4Id": "4b6a406c-8700-57bf-9f6c-e62fdaaeb62a", "multiverseId": "470539", "scryfallId": "8532d72a-b2d2-49e1-85ea-35f4c91c6c8d", "scryfallIllustrationId": "d67bd516-d6f4-466d-8275-7a8c42b49637", "scryfallOracleId": "7340dbcb-4b26-4038-be8c-a89e76294221", "tcgplayerProductId": "188991"}, "isReprint": true, "isStarter": true, "language": "English", "layout": "normal", "leadershipSkills": {"brawl": false, "commander": false, "oathbreaker": true}, "legalities": {"commander": "Legal", "duel": "Legal", "legacy": "Legal", "modern": "Legal", "oathbreaker": "Legal", "penny": "Legal", "predh": "Legal", "vintage": "Legal"}, "loyalty": "6", "manaCost": "{3}{W}{W}", "manaValue": 5.0, "name": "Gideon Jura", "number": "1", "originalText": "+2: During target opponent's next turn, creatures that player controls attack Gideon Jura if able.\n−2: Destroy target tapped creature.\n0: Until end of turn, Gideon Jura becomes a 6/6 Human Soldier creature that's still a planeswalker. Prevent all damage that would be dealt to him this turn.", "originalType": "Legendary Planeswalker — Gideon", "printings": ["CMM", "E01", "M12", "MB1", "PRM", "ROE", "SCD", "SS2"], "purchaseUrls": {"cardKingdom": "https://mtgjson.com/links/69b21cf25cff259e", "cardKingdomFoil": "https://mtgjson.com/links/9ad5c79b23d1ab85", "cardmarket": "https://mtgjson.com/links/5a741fc42cd1742f", "tcgplayer": "https://mtgjson.com/links/cbcca462fc160002"}, "rarity": "mythic", "rulings": [{"date": "2010-06-15", "text": "Gideon Jura’s first ability causes creatures to attack him if able. If, during the affected player’s declare attackers step, a creature they control is tapped, is affected by a spell or ability that says it can’t attack, or is affected by “summoning sickness,” then that creature doesn’t attack. If there’s a cost associated with having a creature attack, the player isn’t forced to pay that cost, so the creature doesn’t have to attack in that case either."}, {"date": "2010-06-15", "text": "If a creature controlled by the affected player can’t attack Gideon Jura (because he’s no longer on the battlefield, for example), that player may have it attack you, another one of your planeswalkers, or nothing at all."}, {"date": "2010-06-15", "text": "Gideon Jura’s first ability applies during each combat phase of the affected player’s next turn (as opposed to applying during the affected player’s next combat phase). The distinction is relevant if there are no combat phases during that turn (due to Fatespinner’s effect, for example) or there are multiples (due to World at War, for example)."}, {"date": "2010-06-15", "text": "If Gideon Jura becomes a creature due to his third ability, that doesn’t count as having a creature enter the battlefield. Gideon Jura was already on the battlefield; he only changed his types. Abilities that trigger whenever a creature enters the battlefield won’t trigger."}, {"date": "2010-06-15", "text": "Gideon Jura’s first ability doesn’t lock in what it applies to. That’s because the effect states a true thing about a set of creatures, but doesn’t actually change the characteristics of those creatures. As a result, whatever creatures the targeted opponent controls during the declare attackers step of their next turn must attack Gideon Jura if able. This includes creatures that come under that player’s control after the ability has resolved and creatures that have lost all abilities."}, {"date": "2010-06-15", "text": "Gideon Jura’s third ability causes him to become a creature with the creature types Human Soldier. He remains a planeswalker with the planeswalker type Gideon. (He also retains any other card types or subtypes he may have had.) Each subtype is correlated to the proper card type: Gideon is just a planeswalker type (not a creature type), and Human and Soldier are just creature types (not planeswalker types)."}, {"date": "2010-06-15", "text": "If you activate Gideon Jura’s third ability and then unpreventable damage is dealt to him (due to Unstable Footing, for example), that damage has all applicable results: specifically, the damage is marked on Gideon Jura (since he’s a creature) and that damage causes that many loyalty counters to be removed from him (since he’s a planeswalker). If the total amount of damage marked on Gideon Jura is lethal damage, he’s destroyed as a state-based action. If Gideon Jura has no loyalty counters on him, he’s put into his owner’s graveyard as a state-based action."}, {"date": "2010-06-15", "text": "Say you activate Gideon Jura’s third ability, then an opponent gains control of him before combat. You may have any of your creatures attack Gideon Jura (since he’s still a planeswalker). Then Gideon Jura may block (since he’s a creature). He may block any eligible attacking creature, including one that’s attacking him! During combat, he behaves as an attacked planeswalker and/or a blocking creature, as appropriate. For example, he deals combat damage to any creatures he’s blocking, but he doesn’t deal combat damage to any unblocked creatures that are attacking him."}, {"date": "2010-06-15", "text": "If Gideon Jura becomes a creature, he may be affected by “summoning sickness.” You can’t attack with him or use any of his {T} abilities (if he gains any) unless he began your most recent turn on the battlefield under your control. Note that summoning sickness cares about when Gideon Jura came under your control, not when he became a creature."}, {"date": "2011-01-22", "text": "The first ability only affects the declaration of attackers. If a creature is put onto the battlefield attacking (thanks to Hero of Bladehold, Preeminent Captain, or the Ninjutsu ability, for example), that creature’s controller may choose the defending player or planeswalker that it will be attacking in the normal way."}], "securityStamp": "circle", "setCode": "SS2", "subtypes": ["Gideon"], "supertypes": ["Legendary"], "text": "[+2]: During target opponent's next turn, creatures that player controls attack Gideon Jura if able.\n[−2]: Destroy target tapped creature.\n[0]: Until end of turn, Gideon Jura becomes a 6/6 Human Soldier creature that's still a planeswalker. Prevent all damage that would be dealt to him this turn.", "type": "Legendary Planeswalker — Gideon", "types": ["Planeswalker"], "uuid": "36c5a35f-fe7d-59a7-b582-30cfecdbafaf"}, {"artist": "Seb McKinnon", "artistIds": ["ad4caca0-8d89-44ce-a1a6-d5ca905bd6fb"], "availability": ["paper"], "borderColor": "black", "colorIdentity": ["W"], "colors": ["W"], "convertedManaCost": 6.0, "edhrecRank": 5279, "edhrecSaltiness": 0.87, "finishes": ["nonfoil", "foil"], "flavorText": "\"One life at a time. That is how the world will be saved.\"", "foreignData": [], "frameEffects": ["inverted"], "frameVersion": "2015", "hasFoil": true, "hasNonFoil": true, "identifiers": {"cardKingdomFoilId": "225023", "cardKingdomId": "225015", "cardsphereId": "60972", "mcmId": "372928", "mcmMetaId": "203370", "mtgjsonV4Id": "36e7f2e7-28fb-51a2-941f-a0e8ab7f6816", "multiverseId": "470540", "scryfallId": "6eb1c64f-be2c-4033-913d-d8482a169509", "scryfallIllustrationId": "b8bad266-96c2-4ade-9aa8-d05a59153bf9", "scryfallOracleId": "7de8ffa5-f6e5-4987-b3f8-6d6fc83f8fa8", "tcgplayerProductId": "188992"}, "isReprint": true, "isStarter": true, "language": "English", "layout": "normal", "legalities": {"commander": "Legal", "duel": "Legal", "legacy": "Legal", "oathbreaker": "Legal", "vintage": "Legal"}, "manaCost": "{4}{W}{W}", "manaValue": 6.0, "name": "Martyr's Bond", "number": "2", "originalText": "Whenever Martyr's Bond or another nonland permanent you control is put into a graveyard from the battlefield, each opponent sacrifices a permanent that shares a card type with it.", "originalType": "Enchantment", "printings": ["CMD", "MB1", "PRM", "SS2"], "purchaseUrls": {"cardKingdom": "https://mtgjson.com/links/0b2251eff9f9c63d", "cardKingdomFoil": "https://mtgjson.com/links/32c8476ff0c8357b", "cardmarket": "https://mtgjson.com/links/e441dfc859f44f88", "tcgplayer": "https://mtgjson.com/links/6e071b773d7f4098"}, "rarity": "rare", "rulings": [{"date": "2011-09-22", "text": "If Martyr’s Bond and other nonland permanents are put into the graveyard from the battlefield at the same time, Martyr’s Bond will trigger for itself and each of those other nonland permanents."}, {"date": "2011-09-22", "text": "Each opponent must sacrifice only one permanent for each trigger, even if the nonland permanent you controlled that went to the graveyard had multiple types. For example, if an artifact creature you control is put into a graveyard from the battlefield, each opponent sacrifices exactly one artifact or creature, and that permanent doesn’t need to be an artifact creature."}], "securityStamp": "circle", "setCode": "SS2", "subtypes": [], "supertypes": [], "text": "Whenever Martyr's Bond or another nonland permanent you control is put into a graveyard from the battlefield, each opponent sacrifices a permanent that shares a card type with it.", "type": "Enchantment", "types": ["Enchantment"], "uuid": "18d3ffe2-7b73-55b5-81f5-7b17920d63a6"}, {"artist": "Daarken", "artistIds": ["e607a0d4-fc12-4c01-9e3f-501f5269b9cb"], "availability": ["paper"], "borderColor": "black", "colorIdentity": ["W"], "colors": ["W"], "convertedManaCost": 1.0, "edhrecRank": 22, "edhrecSaltiness": 0.41, "finishes": ["nonfoil", "foil"], "foreignData": [], "frameEffects": ["inverted"], "frameVersion": "2015", "hasFoil": true, "hasNonFoil": true, "identifiers": {"cardKingdomFoilId": "225024", "cardKingdomId": "225016", "cardsphereId": "60974", "mcmId": "372927", "mcmMetaId": "10286", "mtgjsonV4Id": "939f7fd7-3773-5817-b2f1-eeaabb2bc7d6", "multiverseId": "470541", "scryfallId": "206fd18a-f263-42cd-a77a-e40ae31a468a", "scryfallIllustrationId": "1a907a39-418c-4663-a2a3-2edb41bf59e7", "scryfallOracleId": "d683d985-9888-4d21-8b5f-69e69ce4a03b", "tcgplayerProductId": "188993"}, "isReprint": true, "isStarter": true, "language": "English", "layout": "normal", "legalities": {"commander": "Legal", "duel": "Legal", "legacy": "Legal", "modern": "Legal", "oathbreaker": "Legal", "predh": "Legal", "vintage": "Legal"}, "manaCost": "{W}", "manaValue": 1.0, "name": "Path to Exile", "number": "3", "originalText": "Exile target creature. Its controller may search their library for a basic land card, put that card onto the battlefield tapped, then shuffle their library.", "originalType": "Instant", "printings": ["2X2", "2XM", "ARC", "CMA", "CMD", "CMM", "CON", "DDI", "DMC", "E02", "F15", "GN3", "JMP", "LTC", "MB1", "MD1", "MM3", "MMA", "MOC", "NCC", "ONC", "PDCI", "PF20", "PRM", "SCD", "SLD", "SS2", "TSR"], "purchaseUrls": {"cardKingdom": "https://mtgjson.com/links/899789095bd07b63", "cardKingdomFoil": "https://mtgjson.com/links/ec1ea4f6d772b50c", "cardmarket": "https://mtgjson.com/links/d6c10cb09fedc0e4", "tcgplayer": "https://mtgjson.com/links/0a5d5f11b98d46ac"}, "rarity": "rare", "rulings": [{"date": "2021-03-19", "text": "If the target creature is an illegal target by the time Path to Exile tries to resolve, the spell won't resolve. The creature's controller won't search for a basic land card."}, {"date": "2021-03-19", "text": "The controller of the exiled creature isn't required to search their library for a basic land. If that player doesn't, the player won't shuffle their library."}], "securityStamp": "circle", "setCode": "SS2", "subtypes": [], "supertypes": [], "text": "Exile target creature. Its controller may search their library for a basic land card, put that card onto the battlefield tapped, then shuffle.", "type": "Instant", "types": ["Instant"], "uuid": "198a362c-9fcc-5957-8c90-cffb228c7cea"}, {"artist": "Jason Rainville", "artistIds": ["6ed7e669-579b-443d-b223-e5cbcb2a7483"], "availability": ["paper"], "borderColor": "black", "colorIdentity": ["W"], "colors": ["W"], "convertedManaCost": 2.0, "edhrecRank": 1488, "edhrecSaltiness": 1.16, "finishes": ["nonfoil", "foil"], "flavorText": "\"I will keep watch.\"", "foreignData": [], "frameEffects": ["inverted"], "frameVersion": "2015", "hasFoil": true, "hasNonFoil": true, "identifiers": {"cardKingdomFoilId": "225025", "cardKingdomId": "225017", "cardsphereId": "60977", "mcmId": "372926", "mcmMetaId": "206526", "mtgjsonV4Id": "2fbb1212-9552-59c1-b20e-a9cd6a76f2e7", "multiverseId": "470542", "scryfallId": "bd29035d-819f-43c4-a8fb-d056b1ccfe16", "scryfallIllustrationId": "013d8086-74cc-4823-b596-6e83a4b6608e", "scryfallOracleId": "087f9ad7-e74f-40e2-8102-1ed2925d0418", "tcgplayerProductId": "188994"}, "isReprint": true, "isStarter": true, "language": "English", "layout": "normal", "legalities": {"commander": "Legal", "duel": "Legal", "explorer": "Legal", "gladiator": "Legal", "historic": "Legal", "historicbrawl": "Legal", "legacy": "Legal", "modern": "Legal", "oathbreaker": "Legal", "pioneer": "Legal", "vintage": "Legal"}, "manaCost": "{1}{W}", "manaValue": 2.0, "name": "Rest in Peace", "number": "4", "originalText": "When Rest in Peace enters the battlefield, exile all cards from all graveyards.\nIf a card or token would be put into a graveyard from anywhere, exile it instead.", "originalType": "Enchantment", "printings": ["A25", "AKR", "PLIST", "PRM", "RTR", "SLD", "SS2", "WOT"], "purchaseUrls": {"cardKingdom": "https://mtgjson.com/links/256b37726b0eccb0", "cardKingdomFoil": "https://mtgjson.com/links/08e80a18baccfe27", "cardmarket": "https://mtgjson.com/links/91907d08a00f8f1d", "tcgplayer": "https://mtgjson.com/links/b6b029c60b9add03"}, "rarity": "rare", "rulings": [{"date": "2018-03-16", "text": "While Rest in Peace is on the battlefield, abilities that trigger whenever a creature dies won’t trigger because cards and tokens are never put into a player’s graveyard."}, {"date": "2018-03-16", "text": "If Rest in Peace is destroyed by a spell, Rest in Peace will be exiled and then the spell will be put into its owner’s graveyard."}, {"date": "2018-03-16", "text": "If a card is discarded while Rest in Peace is on the battlefield, abilities that function when a card is discarded (such as madness) still work, even though that card never reaches a graveyard. In addition, spells or abilities that check the characteristics of a discarded card (such as Chandra Ablaze’s first ability) can find that card in exile."}], "securityStamp": "circle", "setCode": "SS2", "subtypes": [], "supertypes": [], "text": "When Rest in Peace enters the battlefield, exile all graveyards.\nIf a card or token would be put into a graveyard from anywhere, exile it instead.", "type": "Enchantment", "types": ["Enchantment"], "uuid": "a74e090d-c62b-5bb1-a796-ca6cddb8a153"}, {"artist": "Zack Stella", "artistIds": ["17bc7f55-958b-43f4-bb40-09746d05b3f9"], "availability": ["paper"], "borderColor": "black", "colorIdentity": ["W"], "colors": ["W"], "convertedManaCost": 3.0, "edhrecRank": 2126, "edhrecSaltiness": 0.29, "finishes": ["nonfoil", "foil"], "foreignData": [], "frameEffects": ["inverted"], "frameVersion": "2015", "hasFoil": true, "hasNonFoil": true, "identifiers": {"cardKingdomFoilId": "225026", "cardKingdomId": "225018", "cardsphereId": "60978", "mcmId": "372925", "mcmMetaId": "221089", "mtgjsonV4Id": "fd4f58e3-f0e6-5f17-9066-8256b321c70b", "multiverseId": "470543", "scryfallId": "27946cc0-8278-4b45-8239-c22b5a57c40f", "scryfallIllustrationId": "0a08cb52-1187-4036-9092-23771c2fa167", "scryfallOracleId": "79085dea-8daa-41c0-a975-61e3e6da2e26", "tcgplayerProductId": "188995"}, "isReprint": true, "isStarter": true, "keywords": ["Enchant"], "language": "English", "layout": "normal", "legalities": {"commander": "Legal", "duel": "Legal", "legacy": "Legal", "oathbreaker": "Legal", "vintage": "Legal"}, "manaCost": "{1}{W}{W}", "manaValue": 3.0, "name": "Shielded by Faith", "number": "5", "originalText": "Enchant creature\nEnchanted creature has indestructible.\nWhenever a creature enters the battlefield, you may attach Shielded by Faith to that creature.", "originalType": "Enchantment — Aura", "printings": ["C15", "E02", "PRM", "PZ1", "SS2"], "purchaseUrls": {"cardKingdom": "https://mtgjson.com/links/4c95eed089996162", "cardKingdomFoil": "https://mtgjson.com/links/c1f8dcff0b3b008a", "cardmarket": "https://mtgjson.com/links/e413c58af9a0076a", "tcgplayer": "https://mtgjson.com/links/0c452365c4a28313"}, "rarity": "rare", "securityStamp": "circle", "setCode": "SS2", "subtypes": ["Aura"], "supertypes": [], "text": "Enchant creature\nEnchanted creature has indestructible.\nWhenever a creature enters the battlefield, you may attach Shielded by Faith to that creature.", "type": "Enchantment — Aura", "types": ["Enchantment"], "uuid": "ddd83d5a-8218-5b87-913d-468e8f7a654b"}, {"artist": "Ekaterina Burmak", "artistIds": ["2a9f3780-fcc8-4ec5-b403-ee1d1370d3b4"], "availability": ["paper"], "borderColor": "black", "colorIdentity": ["W"], "colors": ["W"], "convertedManaCost": 6.0, "edhrecRank": 1203, "edhrecSaltiness": 0.33, "finishes": ["nonfoil", "foil"], "flavorText": "\"Heroism is more than a single act; it is hundreds of small decisions, made every day, in pursuit of a heroic cause.\"", "foreignData": [], "frameEffects": ["inverted"], "frameVersion": "2015", "hasFoil": true, "hasNonFoil": true, "identifiers": {"cardKingdomFoilId": "225027", "cardKingdomId": "225019", "cardsphereId": "60981", "mcmId": "372924", "mcmMetaId": "200729", "mtgjsonV4Id": "0a551fd4-0d20-56d6-bb9f-354fa439f235", "multiverseId": "470544", "scryfallId": "f8f4c56b-76d1-4c1c-a9d6-383278de272d", "scryfallIllustrationId": "3863db90-9331-4a4f-b3a6-20c3d02b00cf", "scryfallOracleId": "fc299c1c-50f3-492a-b6b8-a3664bb72ab7", "tcgplayerProductId": "188996"}, "isReprint": true, "isStarter": true, "language": "English", "layout": "normal", "legalities": {"commander": "Legal", "duel": "Legal", "legacy": "Legal", "modern": "Legal", "oathbreaker": "Legal", "penny": "Legal", "predh": "Legal", "vintage": "Legal"}, "manaCost": "{3}{W}{W}{W}", "manaValue": 6.0, "name": "True Conviction", "number": "6", "originalText": "Creatures you control have double strike and lifelink.", "originalType": "Enchantment", "printings": ["C14", "PRM", "SCD", "SLD", "SOM", "SS2"], "purchaseUrls": {"cardKingdom": "https://mtgjson.com/links/ec031ead2c56991b", "cardKingdomFoil": "https://mtgjson.com/links/705f0b14762029f0", "cardmarket": "https://mtgjson.com/links/7070cae1a2d85b55", "tcgplayer": "https://mtgjson.com/links/19d42716ec89da60"}, "rarity": "rare", "securityStamp": "circle", "setCode": "SS2", "subtypes": [], "supertypes": [], "text": "Creatures you control have double strike and lifelink.", "type": "Enchantment", "types": ["Enchantment"], "uuid": "9fa01351-a0b5-5940-a736-bbf16031059d"}, {"artist": "Matt Stewart", "artistIds": ["20871267-2d8a-41d5-b03a-be3d557c5734"], "availability": ["paper"], "borderColor": "black", "colorIdentity": ["W"], "colors": ["W"], "convertedManaCost": 4.0, "edhrecRank": 8374, "edhrecSaltiness": 0.53, "finishes": ["nonfoil", "foil"], "flavorText": "Even after all that befell Amonkhet, Gideon never believed that his trust in Oketra was misplaced.", "foreignData": [], "frameEffects": ["inverted"], "frameVersion": "2015", "hasFoil": true, "hasNonFoil": true, "identifiers": {"cardKingdomFoilId": "225028", "cardKingdomId": "225020", "cardsphereId": "60983", "mcmId": "372923", "mcmMetaId": "6732", "mtgjsonV4Id": "199163c0-b31a-5a05-bcdc-e17f5ecd92e3", "multiverseId": "470545", "scryfallId": "9aef2a48-07bb-44e4-943f-f62fdc384a81", "scryfallIllustrationId": "aed4f5b9-0370-4081-8bc2-b320c28632bf", "scryfallOracleId": "99f9a4c8-b59f-4a41-8577-6c1e4684b240", "tcgplayerProductId": "188997"}, "isReprint": true, "isStarter": true, "language": "English", "layout": "normal", "legalities": {"commander": "Legal", "duel": "Legal", "legacy": "Legal", "modern": "Legal", "oathbreaker": "Legal", "penny": "Legal", "predh": "Legal", "premodern": "Legal", "vintage": "Legal"}, "manaCost": "{3}{W}", "manaValue": 4.0, "name": "Worship", "number": "7", "originalText": "If you control a creature, damage that would reduce your life total to less than 1 reduces it to 1 instead.", "originalType": "Enchantment", "printings": ["7ED", "8ED", "9ED", "MP2", "PRM", "SS2", "USG", "WC00"], "purchaseUrls": {"cardKingdom": "https://mtgjson.com/links/5556dbe0f2da9d35", "cardKingdomFoil": "https://mtgjson.com/links/f1c70779dbeed989", "cardmarket": "https://mtgjson.com/links/23ea7ca8f1905b2e", "tcgplayer": "https://mtgjson.com/links/a28e938de756f5f0"}, "rarity": "rare", "rulings": [{"date": "2004-10-04", "text": "It reduces your life total to 1, not the damage to 1."}, {"date": "2004-10-04", "text": "Worship does not prevent damage. It causes some damage to be unable to lower your life total. So any damage rendered useless by Worship was still dealt and is counted by effects that track the amount of damage done to a player. In addition, Worship does not prevent loss of life, so loss of life bypasses Worship."}], "securityStamp": "circle", "setCode": "SS2", "subtypes": [], "supertypes": [], "text": "If you control a creature, damage that would reduce your life total to less than 1 reduces it to 1 instead.", "type": "Enchantment", "types": ["Enchantment"], "uuid": "df94e109-42f7-5c6b-afb7-564e734bbbea"}, {"artist": "Richard Kane Ferguson", "artistIds": ["191620ed-2361-444e-96a6-1fe7ce32ef3b"], "availability": ["paper"], "borderColor": "black", "colorIdentity": [], "colors": [], "convertedManaCost": 2.0, "edhrecRank": 237, "edhrecSaltiness": 0.24, "finishes": ["nonfoil", "foil"], "flavorText": "A weapon of evil, redeemed in Gideon's hand.", "foreignData": [], "frameEffects": ["legendary", "inverted"], "frameVersion": "2015", "hasFoil": true, "hasNonFoil": true, "identifiers": {"cardKingdomFoilId": "225029", "cardKingdomId": "225021", "cardsphereId": "60968", "mcmId": "372922", "mcmMetaId": "239396", "mtgjsonV4Id": "f6b4cab9-7c92-5543-ae0f-6f75d94951a3", "multiverseId": "470546", "scryfallId": "9dccac19-a915-4189-beb8-5d279a15a54e", "scryfallIllustrationId": "9d94140e-64d3-4f28-aa21-e2bd5504a807", "scryfallOracleId": "dca51281-fb21-45b6-beb4-1f13397caee2", "tcgplayerProductId": "188990"}, "isReprint": true, "isStarter": true, "keywords": ["Equip"], "language": "English", "layout": "normal", "legalities": {"commander": "Legal", "duel": "Legal", "explorer": "Legal", "gladiator": "Legal", "historic": "Legal", "historicbrawl": "Legal", "legacy": "Legal", "modern": "Legal", "oathbreaker": "Legal", "penny": "Legal", "pioneer": "Legal", "vintage": "Legal"}, "manaCost": "{2}", "manaValue": 2.0, "name": "Blackblade Reforged", "number": "8", "originalText": "Equipped creature gets +1/+1 for each land you control.\nEquip legendary creature {3}\nEquip {7}", "originalType": "Legendary Artifact — Equipment", "printings": ["BRR", "CMR", "DMC", "DOM", "NEC", "PDOM", "PLIST", "PRM", "SS2", "ZNC"], "purchaseUrls": {"cardKingdom": "https://mtgjson.com/links/09f95e086aaf3b0d", "cardKingdomFoil": "https://mtgjson.com/links/504aa68b4eee250c", "cardmarket": "https://mtgjson.com/links/0813653147e8694e", "tcgplayer": "https://mtgjson.com/links/9a0cfd69cdd4c9c1"}, "rarity": "rare", "rulings": [{"date": "2018-04-27", "text": "\"Equip [quality] creature\" is a variant of the equip keyword. \"Equip [quality] creature [cost]\" means \"[Cost]: Attach this Equipment to target [quality] creature you control. Activate only as a sorcery.\""}, {"date": "2018-04-27", "text": "Whether the target creature is legendary is checked only as Blackblade Reforged's first equip ability is activated and as that ability resolves. If the creature somehow becomes nonlegendary later, Blackblade Reforged remains attached to it."}], "securityStamp": "circle", "setCode": "SS2", "subtypes": ["Equipment"], "supertypes": ["Legendary"], "text": "Equipped creature gets +1/+1 for each land you control.\nEquip legendary creature {3}\nEquip {7}", "type": "Legendary Artifact — Equipment", "types": ["Artifact"], "uuid": "3be18db0-9a64-50bd-a79d-fd7b6fb9506e"}], "cardsphereSetId": 1076, "code": "SS2", "isFoilOnly": false, "isOnlineOnly": false, "keyruneCode": "SS2", "languages": ["English"], "mcmId": 2460, "mcmName": "Signature Spellbook: Gideon", "name": "Signature Spellbook: Gideon", "releaseDate": "2019-06-28", "sealedProduct": [{"category": "box_set", "identifiers": {"cardKingdomId": "225030", "tcgplayerProductId": "188989"}, "name": "Signature Spellbook Gideon", "purchaseUrls": {"cardKingdom": "https://mtgjson.com/links/bd5c8031d8f902fb", "tcgplayer": "https://mtgjson.com/links/584915d77353ae9d"}, "subtype": "spellbook", "uuid": "a5c040fc-aa77-578e-8c5e-650dfcf62ce9"}], "tcgplayerGroupId": 2447, "tokens": [], "totalSetSize": 8, "translations": {}, "type": "spellbook"}}