{"meta": {"date": "2023-08-19", "version": "5.2.1+20230819"}, "data": {"baseSetSize": 8, "cards": [{"artist": "Magali Villeneuve", "artistIds": ["9e6a55ae-be4d-4c23-a2a5-135737ffd879"], "availability": ["paper"], "borderColor": "black", "colorIdentity": ["R"], "colors": ["R"], "convertedManaCost": 4.0, "edhrecRank": 994, "edhrecSaltiness": 0.26, "finishes": ["nonfoil", "foil"], "foreignData": [], "frameEffects": ["inverted"], "frameVersion": "2015", "hasFoil": true, "hasNonFoil": true, "identifiers": {"cardKingdomFoilId": "233892", "cardKingdomId": "233829", "cardsphereId": "68797", "mcmId": "445358", "mcmMetaId": "223671", "mtgjsonV4Id": "7866729a-c085-5527-a283-a9f0c95b21ff", "scryfallId": "c7bbb911-9de2-455d-9677-e1004db65dbd", "scryfallIllustrationId": "a88e3dcf-20d9-40f7-8ad1-5186222114fa", "scryfallOracleId": "12cc800c-c7be-4811-8207-fd01a99cc892", "tcgplayerProductId": "210724"}, "isReprint": true, "isStarter": true, "language": "English", "layout": "normal", "leadershipSkills": {"brawl": false, "commander": false, "oathbreaker": true}, "legalities": {"commander": "Legal", "duel": "Legal", "explorer": "Legal", "gladiator": "Legal", "historic": "Legal", "historicbrawl": "Legal", "legacy": "Legal", "modern": "Legal", "oathbreaker": "Legal", "pioneer": "Legal", "vintage": "Legal"}, "loyalty": "4", "manaCost": "{2}{R}{R}", "manaValue": 4.0, "name": "Chandra, Torch of Defiance", "number": "1", "printings": ["CMM", "KLD", "KLR", "PKLD", "PRM", "PS17", "PS18", "Q06", "SS3"], "purchaseUrls": {"cardKingdom": "https://mtgjson.com/links/0549c3af9643870a", "cardKingdomFoil": "https://mtgjson.com/links/305155be74a0ff7f", "cardmarket": "https://mtgjson.com/links/b7d9e11b977029a2", "tcgplayer": "https://mtgjson.com/links/aa1399385dd883ec"}, "rarity": "mythic", "rulings": [{"date": "2016-09-20", "text": "An effect that instructs you to “cast” a card doesn't allow you to play lands. If the card exiled with Chandra's first ability is a land card, you can't play it and Chandra deals 2 damage to each opponent."}, {"date": "2016-09-20", "text": "If you cast the exiled card, you do so as part of the resolution of Chandra's ability. You can't wait to cast it later in the turn. Timing permissions based on the card's type are ignored, but other restrictions (such as “Cast [this card] only during combat”) are not."}, {"date": "2016-09-20", "text": "You pay the costs for the exiled card if you cast it. You may pay alternative costs such as emerge rather than the card's mana cost."}, {"date": "2016-09-20", "text": "Loyalty abilities can't be mana abilities. Chandra's second ability uses the stack and can be countered or otherwise responded to. Like all loyalty abilities, it can be activated only once per turn, during your main phase, when the stack is empty, and only if no other loyalty abilities of the planeswalker have been activated this turn."}, {"date": "2016-09-20", "text": "The emblem created by Chandra's last ability is colorless. The damage it deals is from a colorless source."}, {"date": "2016-09-20", "text": "Chandra's emblem's ability resolves before the spell that caused it to trigger."}, {"date": "2016-09-20", "text": "In a Two-Headed Giant game, Chandra's first ability causes 4 damage total to be dealt to the opposing team."}], "securityStamp": "circle", "setCode": "SS3", "subtypes": ["Chandra"], "supertypes": ["Legendary"], "text": "[+1]: Exile the top card of your library. You may cast that card. If you don't, Chandra, Torch of Defiance deals 2 damage to each opponent.\n[+1]: Add {R}{R}.\n[−3]: Chandra, Torch of Defiance deals 4 damage to target creature.\n[−7]: You get an emblem with \"Whenever you cast a spell, this emblem deals 5 damage to any target.\"", "type": "Legendary Planeswalker — Chandra", "types": ["Planeswalker"], "uuid": "f4f2051a-9271-5998-bad4-d01c10d7941a"}, {"artist": "Howard Lyon", "artistIds": ["6dd06426-59fe-4b9c-aad5-6da8446a5c3d"], "availability": ["paper"], "borderColor": "black", "colorIdentity": ["R"], "colors": ["R"], "convertedManaCost": 2.0, "edhrecRank": 632, "edhrecSaltiness": 0.06, "finishes": ["nonfoil", "foil"], "flavorText": "The chasm of years and worlds collapsed under the power of their embrace.", "foreignData": [], "frameEffects": ["inverted"], "frameVersion": "2015", "hasFoil": true, "hasNonFoil": true, "identifiers": {"cardKingdomFoilId": "233894", "cardKingdomId": "233886", "cardsphereId": "68796", "mcmId": "465659", "mcmMetaId": "223767", "mtgjsonV4Id": "da48bc02-d9ae-5dc1-9388-c89f1f4cc60b", "scryfallId": "8c1a02f9-3ce7-46e9-8d0e-0d491bb13012", "scryfallIllustrationId": "a667846d-82d1-43c0-ac56-83bac3c6087c", "scryfallOracleId": "0f3c3e5f-6af3-4af2-8703-4ccc8ed8f675", "tcgplayerProductId": "215318"}, "isReprint": true, "isStarter": true, "language": "English", "layout": "normal", "legalities": {"commander": "Legal", "duel": "Legal", "explorer": "Legal", "gladiator": "Legal", "historic": "Legal", "historicbrawl": "Legal", "legacy": "Legal", "modern": "Legal", "oathbreaker": "Legal", "pauper": "Legal", "paupercommander": "Legal", "penny": "Legal", "pioneer": "Legal", "vintage": "Legal"}, "manaCost": "{1}{R}", "manaValue": 2.0, "name": "Cathartic Reunion", "number": "2", "printings": ["2XM", "IKO", "KLD", "KLR", "MB1", "SS3"], "purchaseUrls": {"cardKingdom": "https://mtgjson.com/links/4d2890c5a9f8567e", "cardKingdomFoil": "https://mtgjson.com/links/78b86ae545e2c231", "cardmarket": "https://mtgjson.com/links/fdf8963ba30404cd", "tcgplayer": "https://mtgjson.com/links/18f4c3a9aa9def60"}, "rarity": "rare", "rulings": [{"date": "2020-08-07", "text": "Because discarding two cards is an additional cost, you can't cast Cathartic Reunion if you don't have at least two other cards in hand."}], "securityStamp": "circle", "setCode": "SS3", "subtypes": [], "supertypes": [], "text": "As an additional cost to cast this spell, discard two cards.\nDraw three cards.", "type": "Sorcery", "types": ["Sorcery"], "uuid": "e060db0f-1512-5e14-9473-078452daeb0a"}, {"artist": "Micah Epstein", "artistIds": ["957ec398-9a5e-4f54-9090-37a06d57b96c"], "availability": ["paper"], "borderColor": "black", "colorIdentity": ["R"], "colors": ["R"], "convertedManaCost": 4.0, "edhrecRank": 2201, "edhrecSaltiness": 0.14, "finishes": ["nonfoil", "foil"], "foreignData": [], "frameEffects": ["inverted"], "frameVersion": "2015", "hasFoil": true, "hasNonFoil": true, "identifiers": {"cardKingdomFoilId": "233895", "cardKingdomId": "233887", "cardsphereId": "68798", "mcmId": "465664", "mcmMetaId": "221045", "mtgjsonV4Id": "8f4fb715-1765-56b3-9284-663bc1f833cd", "scryfallId": "4c454a20-8ec8-41d9-b9c3-acaa510d050b", "scryfallIllustrationId": "2ffa8766-a524-4764-a527-b70c0c16255f", "scryfallOracleId": "3c22e031-4804-4c31-bd3c-c3f29d456b34", "tcgplayerProductId": "215319"}, "isReprint": true, "isStarter": true, "language": "English", "layout": "normal", "legalities": {"commander": "Legal", "duel": "Legal", "legacy": "Legal", "oathbreaker": "Legal", "vintage": "Legal"}, "manaCost": "{2}{R}{R}", "manaValue": 4.0, "name": "Fiery Confluence", "number": "3", "printings": ["C15", "CM2", "CMM", "MOC", "PZ1", "SCD", "SS3"], "purchaseUrls": {"cardKingdom": "https://mtgjson.com/links/25d046d404da0574", "cardKingdomFoil": "https://mtgjson.com/links/bb368418b3a248a3", "cardmarket": "https://mtgjson.com/links/8df7a7bc7d44124f", "tcgplayer": "https://mtgjson.com/links/9e1de3d6e01311b2"}, "rarity": "rare", "rulings": [{"date": "2015-11-04", "text": "If the first or second modes are chosen multiple times, each of those modes represents a separate damage-dealing event. For example, if your opponent casts Fiery Confluence choosing the second mode three times, and you control Guardian Seraph (a creature with the ability “If a source an opponent controls would deal damage to you, prevent 1 of that damage”), you'll be dealt a total of 3 damage."}, {"date": "2015-11-04", "text": "You choose the modes as you cast the spell. Once modes are chosen, they can't be changed."}, {"date": "2015-11-04", "text": "If a mode requires a target, you can select that mode only if there's a legal target available. Ignore the targeting requirements for modes you don't choose. Each time you select that mode, you can choose a different target, or you can choose the same target."}, {"date": "2015-11-04", "text": "No matter which combination of modes you choose, you always follow the instructions of a Confluence in the order they are written. If the same mode is chosen more than once, you choose their relative order as you cast the spell."}, {"date": "2015-11-04", "text": "No player can cast spells or activate abilities in between the modes of a resolving spell."}, {"date": "2015-11-04", "text": "If a Confluence is copied, the effect that creates the copy will usually allow you to choose new targets, but you can't choose new modes."}, {"date": "2015-11-04", "text": "If all targets for the chosen modes become illegal before the Confluence resolves, the spell won't resolve and none of its effects will happen. If at least one target is still legal, the spell will resolve but will have no effect on any illegal targets."}], "securityStamp": "circle", "setCode": "SS3", "subtypes": [], "supertypes": [], "text": "Choose three. You may choose the same mode more than once.\n• Fiery Confluence deals 1 damage to each creature.\n• Fiery Confluence deals 2 damage to each opponent.\n• Destroy target artifact.", "type": "Sorcery", "types": ["Sorcery"], "uuid": "5cacf1bc-d0dc-5f5d-9c6e-5bbaf28e2a2b"}, {"artist": "Josu Hernaiz", "artistIds": ["74246024-92b4-43d0-a5af-a3f9f2a35d5f"], "availability": ["paper"], "borderColor": "black", "colorIdentity": ["R"], "colors": ["R"], "convertedManaCost": 4.0, "edhrecRank": 1066, "edhrecSaltiness": 0.45, "finishes": ["nonfoil", "foil"], "foreignData": [], "frameEffects": ["inverted"], "frameVersion": "2015", "hasFoil": true, "hasNonFoil": true, "identifiers": {"cardKingdomFoilId": "233891", "cardKingdomId": "233828", "cardsphereId": "68799", "mcmId": "445353", "mcmMetaId": "204067", "mtgjsonV4Id": "e46aef35-eddc-5aed-b612-230de0373829", "scryfallId": "d1bf32c4-4f0d-4c50-b6e5-2e6a4456bd1d", "scryfallIllustrationId": "c578db9a-cde6-4da8-b5fa-9874952c98ca", "scryfallOracleId": "37a18736-5fe2-4897-809b-013497bdd890", "tcgplayerProductId": "210726"}, "isReprint": true, "isStarter": true, "keywords": ["Flashback"], "language": "English", "layout": "normal", "legalities": {"commander": "Legal", "duel": "Legal", "gladiator": "Legal", "historic": "Legal", "historicbrawl": "Legal", "legacy": "Legal", "modern": "Legal", "oathbreaker": "Legal", "vintage": "Legal"}, "manaCost": "{3}{R}", "manaValue": 4.0, "name": "Past in Flames", "number": "4", "printings": ["40K", "C16", "ISD", "MM3", "SIS", "SS3", "TSR"], "purchaseUrls": {"cardKingdom": "https://mtgjson.com/links/0e34d1c1f2fa75b1", "cardKingdomFoil": "https://mtgjson.com/links/f9db678d3d8a2e9f", "cardmarket": "https://mtgjson.com/links/981b1c956c81056e", "tcgplayer": "https://mtgjson.com/links/1c47e1a28e8d9864"}, "rarity": "mythic", "rulings": [{"date": "2021-03-19", "text": "Past in Flames affects only cards in your graveyard at the time it resolves. Instant and sorcery cards put into your graveyard later in the turn won't gain flashback."}, {"date": "2021-03-19", "text": "“Flashback [cost]” means “You may cast this card from your graveyard by paying [cost] rather than paying its mana cost” and “If the flashback cost was paid, exile this card instead of putting it anywhere else any time it would leave the stack.”"}, {"date": "2021-03-19", "text": "You must still follow any timing restrictions and permissions, including those based on the card's type. For instance, you can cast a sorcery using flashback only when you could normally cast a sorcery."}, {"date": "2021-03-19", "text": "To determine the total cost of a spell, start with the mana cost or alternative cost (such as a flashback cost) you're paying, add any cost increases, then apply any cost reductions. The mana value of the spell is determined only by its mana cost, no matter what the total cost to cast the spell was."}, {"date": "2021-03-19", "text": "A spell cast using flashback will always be exiled afterward, whether it resolves, is countered, or leaves the stack in some other way."}, {"date": "2021-03-19", "text": "You can cast a spell using flashback even if it was somehow put into your graveyard without having been cast."}, {"date": "2021-03-19", "text": "If a card with flashback is put into your graveyard during your turn, you can cast it if it's legal to do so before any other player can take any actions."}, {"date": "2021-03-19", "text": "If you cast an instant or sorcery with {X} in its mana cost this way, you still choose the value of X as part of casting the spell and pay that cost."}, {"date": "2021-03-19", "text": "If you cast a spell with flashback, you can't pay any alternative costs such as overload costs. You can pay additional costs such as kicker costs. If the spell has any mandatory additional costs, you must pay those to cast the spell with flashback."}, {"date": "2021-03-19", "text": "If a card has multiple instances of flashback, you may choose any of its flashback costs to pay."}, {"date": "2021-03-19", "text": "If a split card gains flashback, you pay only the cost of the half you're casting."}, {"date": "2021-03-19", "text": "If a card with no mana cost gains flashback, it has no flashback cost. It can't be cast this way."}], "securityStamp": "circle", "setCode": "SS3", "subtypes": [], "supertypes": [], "text": "Each instant and sorcery card in your graveyard gains flashback until end of turn. The flashback cost is equal to its mana cost.\nFlashback {4}{R} (You may cast this card from your graveyard for its flashback cost. Then exile it.)", "type": "Sorcery", "types": ["Sorcery"], "uuid": "c721a931-bbdb-5697-bcef-5fc9a95fe9d9"}, {"artist": "Yongjae Choi", "artistIds": ["5ab91c3b-a6da-4751-a56e-81d0f61a67ab"], "availability": ["paper"], "borderColor": "black", "colorIdentity": ["R"], "colors": ["R"], "convertedManaCost": 1.0, "edhrecRank": 375, "edhrecSaltiness": 0.36, "finishes": ["nonfoil", "foil"], "flavorText": "\"Told you it would melt.\"", "foreignData": [], "frameEffects": ["inverted"], "frameVersion": "2015", "hasFoil": true, "hasNonFoil": true, "identifiers": {"cardKingdomFoilId": "233896", "cardKingdomId": "233888", "cardsphereId": "68800", "mcmId": "465669", "mcmMetaId": "4416", "mtgjsonV4Id": "218399fb-d78e-5a4e-828b-5189b73a909e", "scryfallId": "93c460dc-cef2-4345-b9b8-a774307ba2d6", "scryfallIllustrationId": "f6beb5b1-2dc5-406f-8a60-796d496a663d", "scryfallOracleId": "ecc435e2-deb1-420a-a79f-01dd08747314", "tcgplayerProductId": "215320"}, "isReprint": true, "isStarter": true, "language": "English", "layout": "normal", "legalities": {"commander": "Legal", "duel": "Legal", "legacy": "Legal", "oathbreaker": "Legal", "pauper": "Legal", "paupercommander": "Legal", "predh": "Legal", "premodern": "Legal", "vintage": "Legal"}, "manaCost": "{R}", "manaValue": 1.0, "name": "Pyroblast", "number": "5", "printings": ["5ED", "EMA", "ICE", "ME1", "OLEP", "PRM", "PTC", "SS3", "TD0", "WC97", "WC98"], "purchaseUrls": {"cardKingdom": "https://mtgjson.com/links/76762f6223320aae", "cardKingdomFoil": "https://mtgjson.com/links/5d88dd73e7e6c160", "cardmarket": "https://mtgjson.com/links/88f2b93514dc3dc1", "tcgplayer": "https://mtgjson.com/links/ee354533dd6ea0a6"}, "rarity": "rare", "rulings": [{"date": "2004-10-04", "text": "The decision to counter a spell or destroy a permanent is a decision made on announcement before the target is selected. If the spell is redirected, this mode can’t be changed, so only targets of the selected type are valid."}, {"date": "2016-06-08", "text": "Pyroblast can target any spell or permanent, not just a blue one. It checks the color of the target only on resolution."}], "securityStamp": "circle", "setCode": "SS3", "subtypes": [], "supertypes": [], "text": "Choose one —\n• Counter target spell if it's blue.\n• Destroy target permanent if it's blue.", "type": "Instant", "types": ["Instant"], "uuid": "f48c615e-f187-58e0-bad3-22e6d6344ec3"}, {"artist": "Karl Kopinski", "artistIds": ["0fad2c48-a56e-4a0b-b512-224f6f238f20"], "availability": ["paper"], "borderColor": "black", "colorIdentity": ["R"], "colors": ["R"], "convertedManaCost": 2.0, "edhrecRank": 8542, "edhrecSaltiness": 0.25, "finishes": ["nonfoil", "foil"], "foreignData": [], "frameEffects": ["inverted"], "frameVersion": "2015", "hasFoil": true, "hasNonFoil": true, "identifiers": {"cardKingdomFoilId": "233897", "cardKingdomId": "233889", "cardsphereId": "68801", "mcmId": "465674", "mcmMetaId": "10791", "mtgjsonV4Id": "844a4af5-b453-5235-abe3-2e196fe29152", "scryfallId": "aeffd6f6-0fee-4afc-9256-04099d9d41aa", "scryfallIllustrationId": "eeae0259-4877-42c9-9935-967105bea67b", "scryfallOracleId": "85845b6c-abb5-4591-b987-a375972cf25b", "tcgplayerProductId": "215321"}, "isReprint": true, "isStarter": true, "language": "English", "layout": "normal", "legalities": {"commander": "Legal", "duel": "Legal", "legacy": "Legal", "modern": "Legal", "oathbreaker": "Legal", "penny": "Legal", "predh": "Legal", "vintage": "Legal"}, "manaCost": "{1}{R}", "manaValue": 2.0, "name": "Pyromancer Ascension", "number": "6", "printings": ["MM3", "PLIST", "SS3", "ZEN"], "purchaseUrls": {"cardKingdom": "https://mtgjson.com/links/44d0fa1359084d68", "cardKingdomFoil": "https://mtgjson.com/links/54903ebafe913d84", "cardmarket": "https://mtgjson.com/links/951a7a8841a79f1f", "tcgplayer": "https://mtgjson.com/links/3ed668b700590921"}, "rarity": "rare", "rulings": [{"date": "2017-03-14", "text": "If either of Pyromancer Ascension’s abilities triggers, it will go on the stack on top of the spell that caused it to trigger. The ability will resolve first. If it’s Pyromancer Ascension’s second ability that triggered, the copy it creates will also resolve before the original spell. The copy is created even if the original spell has been countered."}, {"date": "2017-03-14", "text": "If Pyromancer Ascension’s first ability triggers, you’ll put a quest counter on it even if the card in your graveyard leaves your graveyard by the time the ability resolves or if the spell you cast is countered."}, {"date": "2017-03-14", "text": "If you cast an instant or sorcery spell from your graveyard (due to an ability such as flashback, for example), Pyromancer Ascension’s first ability won’t trigger unless another card with the same name is in your graveyard."}, {"date": "2017-03-14", "text": "The second ability triggers only if Pyromancer Ascension already has two quest counters on it at the time you cast an instant or sorcery spell. This means a spell can’t cause the second counter to be put on Pyromancer Ascension and then become copied. It also means a player can’t remove Pyromancer Ascension in response to you casting an instant or sorcery spell in order to prevent the ability from triggering."}, {"date": "2017-03-14", "text": "Pyromancer Ascension’s second ability can copy any instant or sorcery spell, not just one with targets."}, {"date": "2017-03-14", "text": "The copy is created on the stack, so it’s not “cast.” Abilities that trigger when a player casts a spell won’t trigger."}, {"date": "2017-03-14", "text": "The copy will have the same targets as the spell it’s copying unless you choose new ones. You may change any number of the targets, including all of them or none of them. If, for one of the targets, you can’t choose a new legal target, then it remains unchanged (even if the current target is illegal)."}, {"date": "2017-03-14", "text": "If the spell that’s copied is modal (that is, it says “Choose one —” or the like), the copy will have the same mode. A different mode cannot be chosen."}, {"date": "2017-03-14", "text": "If the spell that’s copied has an X whose value was determined as it was cast (like Bonfire of the Damned does), the copy will have the same value of X."}, {"date": "2017-03-14", "text": "If the spell has damage divided as it was cast (like Fiery Justice does), the division can’t be changed (although the targets receiving that damage still can)."}, {"date": "2017-03-14", "text": "You can’t choose to pay any alternative or additional costs for the copy. However, effects based on any alternative or additional costs that were paid for the original spell are copied as though those same costs were paid for the copy."}], "securityStamp": "circle", "setCode": "SS3", "subtypes": [], "supertypes": [], "text": "Whenever you cast an instant or sorcery spell that has the same name as a card in your graveyard, you may put a quest counter on Pyromancer Ascension.\nWhenever you cast an instant or sorcery spell while Pyromancer Ascension has two or more quest counters on it, you may copy that spell. You may choose new targets for the copy.", "type": "Enchantment", "types": ["Enchantment"], "uuid": "e78ab644-1830-5229-b3b0-12221937579c"}, {"artist": "Kieran Yanner", "artistIds": ["aa7e89ed-d294-4633-9057-ce04dacfcfa4"], "availability": ["paper"], "borderColor": "black", "colorIdentity": ["R"], "colors": ["R"], "convertedManaCost": 1.0, "edhrecRank": 1127, "edhrecSaltiness": 0.11, "finishes": ["nonfoil", "foil"], "flavorText": "As the flames engulfed her, Chandra opened her heart and offered up her greatest regrets to be consumed by the inferno.", "foreignData": [], "frameEffects": ["inverted"], "frameVersion": "2015", "hasFoil": true, "hasNonFoil": true, "identifiers": {"cardKingdomFoilId": "233898", "cardKingdomId": "233890", "cardsphereId": "68802", "mcmId": "465679", "mcmMetaId": "8262", "mtgjsonV4Id": "5a43711b-7f6f-5722-80ea-83370eec55e6", "scryfallId": "10548126-2bac-435d-b7ee-cbfea97a40ea", "scryfallIllustrationId": "f8691a68-2442-4a32-8616-63112efc76a9", "scryfallOracleId": "8a2e53f9-8100-488f-8504-b59e9bd1cc29", "tcgplayerProductId": "215322"}, "isReprint": true, "isStarter": true, "language": "English", "layout": "normal", "legalities": {"commander": "Legal", "duel": "Legal", "legacy": "Legal", "modern": "Banned", "oathbreaker": "Legal", "pauper": "Legal", "paupercommander": "Legal", "predh": "Legal", "vintage": "Legal"}, "manaCost": "{R}", "manaValue": 1.0, "name": "Rite of Flame", "number": "7", "printings": ["CSP", "PLIST", "SS3"], "purchaseUrls": {"cardKingdom": "https://mtgjson.com/links/e039ff9ea7cb08fb", "cardKingdomFoil": "https://mtgjson.com/links/9e1d041cab082d7d", "cardmarket": "https://mtgjson.com/links/643bd3b3f441bf31", "tcgplayer": "https://mtgjson.com/links/c03c2db3ee037fec"}, "rarity": "rare", "securityStamp": "circle", "setCode": "SS3", "subtypes": [], "supertypes": [], "text": "Add {R}{R}, then add {R} for each card named Rite of Flame in each graveyard.", "type": "Sorcery", "types": ["Sorcery"], "uuid": "806c43ba-eebb-5f9f-857b-d1d4f1034ba4"}, {"artist": "Cynthia Sheppard", "artistIds": ["9dfbdd58-65e6-40cf-951a-80e141061939"], "availability": ["paper"], "borderColor": "black", "colorIdentity": ["R"], "colors": ["R"], "convertedManaCost": 2.0, "edhrecRank": 634, "edhrecSaltiness": 0.19, "finishes": ["nonfoil", "foil"], "flavorText": "Immolation is the sincerest form of flattery.", "foreignData": [], "frameEffects": ["inverted"], "frameVersion": "2015", "hasFoil": true, "hasNonFoil": true, "identifiers": {"cardKingdomFoilId": "233893", "cardKingdomId": "233885", "cardsphereId": "68803", "mcmId": "465684", "mcmMetaId": "208164", "mtgjsonV4Id": "a770ad0e-2bef-567a-9836-f79337962b39", "scryfallId": "2dd80b9f-5c35-438b-ba52-da0e3e8ff781", "scryfallIllustrationId": "b0e1818e-dfc6-4d26-93ff-bbb4b0d711e6", "scryfallOracleId": "5fac139a-07d3-4e6c-98e3-d98b199f7a6f", "tcgplayerProductId": "215323"}, "isReprint": true, "isStarter": true, "language": "English", "layout": "normal", "legalities": {"commander": "Legal", "duel": "Legal", "explorer": "Legal", "gladiator": "Legal", "historic": "Legal", "historicbrawl": "Legal", "legacy": "Legal", "modern": "Legal", "oathbreaker": "Legal", "paupercommander": "Restricted", "pioneer": "Legal", "vintage": "Legal"}, "manaCost": "{1}{R}", "manaValue": 2.0, "name": "Young Pyromancer", "number": "8", "power": "2", "printings": ["2X2", "DDS", "EMA", "J22", "JMP", "M14", "MB1", "PLIST", "PRM", "SS3", "TSR", "UMA"], "purchaseUrls": {"cardKingdom": "https://mtgjson.com/links/cc4f267ace6e968b", "cardKingdomFoil": "https://mtgjson.com/links/079f36911d3fff22", "cardmarket": "https://mtgjson.com/links/723da5dc079bfef8", "tcgplayer": "https://mtgjson.com/links/4379a849ab2b54d7"}, "rarity": "rare", "rulings": [{"date": "2021-03-19", "text": "An ability that triggers when a player casts a spell resolves before the spell that caused it to trigger, but after targets have been chosen for that spell. It resolves even if that spell is countered."}], "securityStamp": "circle", "setCode": "SS3", "subtypes": ["Human", "Shaman"], "supertypes": [], "text": "Whenever you cast an instant or sorcery spell, create a 1/1 red Elemental creature token.", "toughness": "1", "type": "Creature — Human Shaman", "types": ["Creature"], "uuid": "e70ef48e-1df1-5302-89b2-273ca68856bc"}], "cardsphereSetId": 1216, "code": "SS3", "isFoilOnly": false, "isOnlineOnly": false, "keyruneCode": "SS3", "languages": ["English"], "mcmId": 3063, "mcmName": "Signature Spellbook: Chandra", "name": "Signature Spellbook: Chandra", "releaseDate": "2020-06-26", "sealedProduct": [{"category": "box_set", "identifiers": {"cardKingdomId": "233851", "tcgplayerProductId": "210721"}, "name": "Signature Spellbook Chandra", "purchaseUrls": {"cardKingdom": "https://mtgjson.com/links/635c52272168053e", "tcgplayer": "https://mtgjson.com/links/c4ed9ec736ae7fb0"}, "releaseDate": "2020-06-26", "subtype": "spellbook", "uuid": "08543966-6649-5610-9897-2e6ad3075440"}], "tcgplayerGroupId": 2633, "tokens": [], "totalSetSize": 8, "translations": {}, "type": "spellbook"}}