{"meta": {"date": "2023-08-19", "version": "5.2.1+20230819"}, "data": {"baseSetSize": 15, "block": "Theros", "cards": [{"artist": "Tomasz Jedruszek", "artistIds": ["bba69285-2445-4a4b-a847-59397be972ea"], "availability": ["paper"], "borderColor": "black", "colorIdentity": [], "colors": [], "convertedManaCost": 0.0, "finishes": ["nonfoil"], "foreignData": [], "frameVersion": "2003", "hasFoil": false, "hasNonFoil": true, "identifiers": {"mtgjsonV4Id": "3db6a104-dd24-5672-82de-fcbd7c071b08", "scryfallId": "7b0f9139-6366-4334-b532-1385336f5a04", "scryfallIllustrationId": "4d7d257f-db61-4a70-83f5-ea782b3c8b79", "scryfallOracleId": "b9cef6d5-d6a0-491c-a2aa-27138fa0621e", "tcgplayerProductId": "231482"}, "isStarter": true, "language": "English", "layout": "normal", "legalities": {}, "manaValue": 0.0, "name": "Disorienting Glower", "number": "6", "printings": ["TFTH"], "promoTypes": ["instore"], "purchaseUrls": {"tcgplayer": "https://mtgjson.com/links/d3d27170d97bef03"}, "rarity": "common", "setCode": "TFTH", "subtypes": [], "supertypes": [], "text": "Players can't cast spells until the Hydra's next turn.", "type": "Sorcery", "types": ["Sorcery"], "uuid": "26e866f6-d375-5673-baf2-4237ee136878"}, {"artist": "Alex Horley-Orlandelli", "artistIds": ["1631a2ad-bf03-4ab9-b86c-60da982d58a1"], "availability": ["paper"], "borderColor": "black", "colorIdentity": [], "colors": [], "convertedManaCost": 0.0, "finishes": ["nonfoil"], "foreignData": [], "frameVersion": "2003", "hasFoil": false, "hasNonFoil": true, "identifiers": {"mtgjsonV4Id": "d9f409dd-6317-54b1-ae31-a5f184a8e115", "scryfallId": "263da86e-6e10-40fb-bbf0-5a577c63fc0a", "scryfallIllustrationId": "37f490fb-b8d7-4bf5-8795-7d8baa9ca6cc", "scryfallOracleId": "055592ce-2432-450b-89f6-fcb09f6c8ac2", "tcgplayerProductId": "231483"}, "isStarter": true, "language": "English", "layout": "normal", "legalities": {}, "manaValue": 0.0, "name": "Distract the Hydra", "number": "7", "printings": ["TFTH"], "promoTypes": ["instore"], "purchaseUrls": {"tcgplayer": "https://mtgjson.com/links/74396a5bc65b78eb"}, "rarity": "common", "setCode": "TFTH", "subtypes": [], "supertypes": [], "text": "Each player may sacrifice a creature. Each player who sacrificed a creature this way chooses a Head and taps it. Each player who didn't sacrifice a creature loses 3 life.", "type": "Sorcery", "types": ["Sorcery"], "uuid": "34209b99-4ad2-53a3-a20a-6a251cf074d0"}, {"artist": "Tomasz Jedruszek", "artistIds": ["bba69285-2445-4a4b-a847-59397be972ea"], "availability": ["paper"], "borderColor": "black", "colorIdentity": [], "colors": [], "convertedManaCost": 0.0, "finishes": ["nonfoil"], "foreignData": [], "frameVersion": "2003", "hasFoil": false, "hasNonFoil": true, "identifiers": {"mtgjsonV4Id": "d93f7285-dcc6-522f-95d6-9746b8fc3047", "scryfallId": "e24e319f-494e-4ea8-8435-1207d18cc86b", "scryfallIllustrationId": "92d0435e-5203-4b07-a9f2-92bfb878b2e7", "scryfallOracleId": "f9f1264e-f5c1-4a17-9af4-98e258be72b6", "tcgplayerProductId": "231484"}, "isStarter": true, "language": "English", "layout": "normal", "legalities": {}, "manaValue": 0.0, "name": "Grown from the Stump", "number": "8", "printings": ["TFTH"], "promoTypes": ["instore"], "purchaseUrls": {"tcgplayer": "https://mtgjson.com/links/e0d94c8ae3131f06"}, "rarity": "common", "setCode": "TFTH", "subtypes": [], "supertypes": [], "text": "Place exactly two cards named Hydra Head onto the battlefield from the Hydra's graveyard. If you can't, reveal cards from the top of the Hydra's library until you reveal a Head card. Put that card onto the battlefield and the rest into the Hydra's graveyard.", "type": "Sorcery", "types": ["Sorcery"], "uuid": "277f025b-bb60-59ff-bf33-8630eac622bf"}, {"artist": "Steve Prescott", "artistIds": ["a1139fb8-41f5-4a9e-9a74-f662e1a23b35"], "availability": ["paper"], "borderColor": "black", "colorIdentity": [], "colors": [], "convertedManaCost": 0.0, "finishes": ["nonfoil"], "foreignData": [], "frameVersion": "2003", "hasFoil": false, "hasNonFoil": true, "identifiers": {"mtgjsonV4Id": "be002b98-3a0d-5941-86bc-090f78dacad0", "scryfallId": "6f85efed-56e7-488f-ac82-8829ad8b64ad", "scryfallIllustrationId": "969f6edf-0680-4213-b2cc-160a067fcf87", "scryfallOracleId": "157686aa-9ae3-471d-b6f8-5136380d6ad1", "tcgplayerProductId": "231485"}, "isStarter": true, "language": "English", "layout": "normal", "legalities": {}, "manaValue": 0.0, "name": "Hydra's Impenetrable Hide", "number": "9", "printings": ["TFTH"], "promoTypes": ["instore"], "purchaseUrls": {"tcgplayer": "https://mtgjson.com/links/880186cb49ebd0d4"}, "rarity": "common", "setCode": "TFTH", "subtypes": [], "supertypes": [], "text": "Each Head gains indestructible until the end of the Hydra's next turn.", "type": "Sorcery", "types": ["Sorcery"], "uuid": "8044b6b7-7c6f-53ff-9e85-b94c5ca2a813"}, {"artist": "Jesper Ejsing", "artistIds": ["a5f8354a-8b51-4e59-96b2-0e3aeae4fa1d"], "availability": ["paper"], "borderColor": "black", "colorIdentity": [], "colors": [], "convertedManaCost": 0.0, "finishes": ["nonfoil"], "foreignData": [], "frameVersion": "2003", "hasFoil": false, "hasNonFoil": true, "identifiers": {"mtgjsonV4Id": "0c1378c6-32d6-56be-9363-1aadb8d66b12", "scryfallId": "b1f3cf6e-e681-461f-8754-b3e464b150d9", "scryfallIllustrationId": "451a59c6-764e-48a5-9ff8-3cccb978e720", "scryfallOracleId": "1768adc9-5c14-4fcf-8642-ee78fcbdb1f8", "tcgplayerProductId": "231486"}, "isStarter": true, "language": "English", "layout": "normal", "legalities": {}, "manaValue": 0.0, "name": "Neck Tangle", "number": "10", "printings": ["TFTH"], "promoTypes": ["instore"], "purchaseUrls": {"tcgplayer": "https://mtgjson.com/links/b6452cb4cd5dd722"}, "rarity": "common", "setCode": "TFTH", "subtypes": [], "supertypes": [], "text": "If there are five or more Heads on the battlefield, tap two of them and they don't untap during the Hydra's next untap step. Otherwise, reveal the top card of the Hydra's library and the Hydra casts that card.", "type": "Sorcery", "types": ["Sorcery"], "uuid": "a6df65ce-4ad3-5035-972a-f2dc49943c1d"}, {"artist": "Igor Kieryluk", "artistIds": ["9c3e9d17-509f-485c-9360-46d897ce716b"], "availability": ["paper"], "borderColor": "black", "colorIdentity": [], "colors": [], "convertedManaCost": 0.0, "finishes": ["nonfoil"], "foreignData": [], "frameVersion": "2003", "hasFoil": false, "hasNonFoil": true, "identifiers": {"mtgjsonV4Id": "e179a5dd-d0c2-50d1-8b1a-3baf7a9889fe", "scryfallId": "21533aec-7c28-4d20-9cc8-96b962d445bf", "scryfallIllustrationId": "3bde9507-f070-419e-874c-a9894cc64932", "scryfallOracleId": "930cdad1-1c16-48c9-bc9e-712194b18890", "tcgplayerProductId": "231487"}, "isStarter": true, "language": "English", "layout": "normal", "legalities": {}, "manaValue": 0.0, "name": "Noxious Hydra Breath", "number": "11", "printings": ["TFTH"], "promoTypes": ["instore"], "purchaseUrls": {"tcgplayer": "https://mtgjson.com/links/41c217247f2f58aa"}, "rarity": "common", "setCode": "TFTH", "subtypes": [], "supertypes": [], "text": "Choose one — Noxious Hydra Breath deals 5 damage to each player; or destroy each tapped non-Head creature.", "type": "Sorcery", "types": ["Sorcery"], "uuid": "dd507dbc-4728-5a8a-a35b-b2f3aa451919"}, {"artist": "Jason A. Engle", "artistIds": ["02e2b5de-4341-464c-8fdb-a1adbf873bc0"], "availability": ["paper"], "borderColor": "black", "colorIdentity": [], "colors": [], "convertedManaCost": 0.0, "finishes": ["nonfoil"], "foreignData": [], "frameVersion": "2003", "hasFoil": false, "hasNonFoil": true, "identifiers": {"mtgjsonV4Id": "e73defc3-b699-5e22-b13a-c2b983a10147", "scryfallId": "40ffc5ec-67da-4af7-ae3a-e33fea136eac", "scryfallIllustrationId": "f56ab532-0cb7-4cc4-8ba3-3f7d08d048bb", "scryfallOracleId": "8216987c-c472-4e9b-877b-991cfa7bef49", "tcgplayerProductId": "231488"}, "isStarter": true, "language": "English", "layout": "normal", "legalities": {}, "manaValue": 0.0, "name": "Strike the Weak Spot", "number": "12", "printings": ["TFTH"], "promoTypes": ["instore"], "purchaseUrls": {"tcgplayer": "https://mtgjson.com/links/1dd89e4a3d8a1584"}, "rarity": "common", "setCode": "TFTH", "subtypes": [], "supertypes": [], "text": "Destroy target Head. If that Head was elite, the Hydra takes an extra turn after this one.", "type": "Sorcery", "types": ["Sorcery"], "uuid": "c8b6c278-6f0e-51c2-8b69-1beff3247418"}, {"artist": "Scott Chou", "artistIds": ["9e048547-f9c3-4958-9c2c-91e45df7c6ae"], "availability": ["paper"], "borderColor": "black", "colorIdentity": [], "colors": [], "convertedManaCost": 0.0, "finishes": ["nonfoil"], "foreignData": [], "frameVersion": "2003", "hasFoil": false, "hasNonFoil": true, "identifiers": {"mtgjsonV4Id": "7718d997-24ef-5d2e-9f82-9dcc6f5d6793", "scryfallId": "9b1871c1-59e5-4c2f-8e05-944d6cbabf99", "scryfallIllustrationId": "1a9ffa07-f07f-464f-a98a-a15ccb6e80cb", "scryfallOracleId": "93265f4d-2bd5-414f-8f45-0447cf54a2f6", "tcgplayerProductId": "231489"}, "isStarter": true, "language": "English", "layout": "normal", "legalities": {}, "manaValue": 0.0, "name": "Swallow the Hero Whole", "number": "13", "printings": ["TFTH"], "promoTypes": ["instore"], "purchaseUrls": {"tcgplayer": "https://mtgjson.com/links/73080aa87bd44cde"}, "rarity": "common", "setCode": "TFTH", "subtypes": [], "supertypes": [], "text": "Each player exiles a creature they control. Until the Hydra's next turn, when a Head leaves the battlefield, return the exiled cards to the battlefield under their owners' control.", "type": "Sorcery", "types": ["Sorcery"], "uuid": "f7581b18-b2a5-5367-8229-02b73f06381d"}, {"artist": "Mike Sass", "artistIds": ["155bc2cb-038d-4b1f-9990-6178db1d1a21"], "availability": ["paper"], "borderColor": "black", "colorIdentity": [], "colors": [], "convertedManaCost": 0.0, "finishes": ["nonfoil"], "foreignData": [], "frameVersion": "2003", "hasFoil": false, "hasNonFoil": true, "identifiers": {"mtgjsonV4Id": "ca5b5d69-3cfe-56dd-b69d-5fffeaac40a8", "scryfallId": "0fe46ef0-86f6-42f7-b78e-a148d7f00456", "scryfallIllustrationId": "851ea66b-bd4f-4ed2-9d00-dc7fe0272adb", "scryfallOracleId": "758cc195-b54b-4dfa-89fd-3cfe2ba973b6", "tcgplayerProductId": "231490"}, "isStarter": true, "language": "English", "layout": "normal", "legalities": {}, "manaValue": 0.0, "name": "Torn Between Heads", "number": "14", "printings": ["TFTH"], "promoTypes": ["instore"], "purchaseUrls": {"tcgplayer": "https://mtgjson.com/links/3bbc27e75d2b7bad"}, "rarity": "common", "setCode": "TFTH", "subtypes": [], "supertypes": [], "text": "Tap up to two Heads. They don't untap during the Hydra's next untap step. Torn Between Heads deals 5 damage to each player.", "type": "Sorcery", "types": ["Sorcery"], "uuid": "c60d9974-52a2-51b2-8417-b5a4ee49d135"}, {"artist": "Jesper Ejsing", "artistIds": ["a5f8354a-8b51-4e59-96b2-0e3aeae4fa1d"], "availability": ["paper"], "borderColor": "black", "colorIdentity": [], "colors": [], "convertedManaCost": 0.0, "finishes": ["nonfoil"], "foreignData": [], "frameVersion": "2003", "hasFoil": false, "hasNonFoil": true, "identifiers": {"mtgjsonV4Id": "98720a13-324f-5e71-96b0-003115ed6190", "scryfallId": "bbb3bcaf-73f4-4f41-a0dc-0a3d710ad507", "scryfallIllustrationId": "192646b3-173c-48cf-b572-d4c4ebc2c10c", "scryfallOracleId": "af51299b-1444-401d-9187-353cc8e638e1", "tcgplayerProductId": "231491"}, "isStarter": true, "language": "English", "layout": "normal", "legalities": {}, "manaValue": 0.0, "name": "Unified Lunge", "number": "15", "printings": ["TFTH"], "promoTypes": ["instore"], "purchaseUrls": {"tcgplayer": "https://mtgjson.com/links/132a5dd05fedb4bf"}, "rarity": "common", "setCode": "TFTH", "subtypes": [], "supertypes": [], "text": "Unified Lunge deals X damage to each player, where X is the number of Heads on the battlefield.", "type": "Sorcery", "types": ["Sorcery"], "uuid": "c2aa62ed-6a70-5ea6-bba8-7c4e8d91d123"}], "code": "TFTH", "isFoilOnly": false, "isNonFoilOnly": true, "isOnlineOnly": false, "keyruneCode": "THS", "languages": ["English"], "name": "Face the Hydra", "parentCode": "THS", "releaseDate": "2013-10-19", "tokenSetCode": "TFTH", "tokens": [{"artist": "Richard Wright", "artistIds": ["7b1b0ce9-2c58-4321-a2a7-cdc94feae082"], "availability": ["paper"], "borderColor": "black", "colorIdentity": [], "colors": [], "finishes": ["nonfoil"], "frameVersion": "2003", "hasFoil": false, "hasNonFoil": true, "identifiers": {"mtgjsonV4Id": "df0fffa9-ef2d-5433-baa0-01517e144bed", "scryfallId": "27d772a9-7542-4ffe-9cd4-e144d129f342", "scryfallIllustrationId": "1ae61f9f-c3af-49b0-a0a5-e721a8bc4ce2", "scryfallOracleId": "95ca0292-a3fa-40f3-a396-222f9d8f73f8", "tcgplayerProductId": "224156"}, "keywords": ["Hero's Reward"], "language": "English", "layout": "token", "name": "Hydra Head", "number": "1", "power": "0", "promoTypes": ["instore"], "reverseRelated": [], "setCode": "TFTH", "subtypes": ["Head"], "supertypes": [], "text": "Hero's Reward — When Hydra Head leaves the battlefield, each player gains 2 life.", "toughness": "3", "type": "Token Creature — Head", "types": ["Token", "Creature"], "uuid": "91cbf6d0-bf2e-5cae-93bd-5b60f03473fe"}, {"artist": "Richard Wright", "artistIds": ["7b1b0ce9-2c58-4321-a2a7-cdc94feae082"], "availability": ["paper"], "borderColor": "black", "colorIdentity": [], "colors": [], "finishes": ["nonfoil"], "frameVersion": "2003", "hasFoil": false, "hasNonFoil": true, "identifiers": {"mtgjsonV4Id": "8f69c05c-51c0-5bb2-ba51-47101bbd308d", "scryfallId": "a76d49f7-2860-4972-ab97-1e798ea017d1", "scryfallIllustrationId": "b8a4b0ea-906f-4e0b-88ba-4d6ad46cb872", "scryfallOracleId": "c118040f-b7e6-4caf-a09c-df8a1382887c", "tcgplayerProductId": "224157"}, "keywords": ["Hero's Reward"], "language": "English", "layout": "token", "name": "Ravenous Brute Head", "number": "2", "power": "0", "promoTypes": ["instore"], "reverseRelated": [], "setCode": "TFTH", "subtypes": ["Head"], "supertypes": [], "text": "Hero's Reward — When Ravenous Brute Head leaves the battlefield, each player gains 2 life and draws a card.", "toughness": "6", "type": "Token Elite Creature — Head", "types": ["Token", "Elite", "Creature"], "uuid": "68b9f16b-ff92-5fde-9d1f-1b17880e35a9"}, {"artist": "Richard Wright", "artistIds": ["7b1b0ce9-2c58-4321-a2a7-cdc94feae082"], "availability": ["paper"], "borderColor": "black", "colorIdentity": [], "colors": [], "finishes": ["nonfoil"], "frameVersion": "2003", "hasFoil": false, "hasNonFoil": true, "identifiers": {"mtgjsonV4Id": "7f26ac79-39c8-5112-9294-7bade14424e5", "scryfallId": "4b90bd09-d6aa-4201-a7fe-78accbcfc4e8", "scryfallIllustrationId": "a19b886e-b135-4e58-b5b0-a1f1abf0818c", "scryfallOracleId": "a21b783d-3d39-40e6-aabb-64f7956f4fba", "tcgplayerProductId": "224158"}, "keywords": ["Hero's Reward"], "language": "English", "layout": "token", "name": "Savage Vigor Head", "number": "3", "power": "0", "promoTypes": ["instore"], "reverseRelated": [], "setCode": "TFTH", "subtypes": ["Head"], "supertypes": [], "text": "At the beginning of the Hydra's end step, reveal the top card of the Hydra's library and the Hydra casts that card.\nHero's Reward — When Savage Vigor Head leaves the battlefield, each player gains 4 life and draws a card.", "toughness": "8", "type": "Token Elite Creature — Head", "types": ["Token", "Elite", "Creature"], "uuid": "28be9b33-e8ef-5e75-a258-176b0bb5b8d7"}, {"artist": "Richard Wright", "artistIds": ["7b1b0ce9-2c58-4321-a2a7-cdc94feae082"], "availability": ["paper"], "borderColor": "black", "colorIdentity": [], "colors": [], "finishes": ["nonfoil"], "frameVersion": "2003", "hasFoil": false, "hasNonFoil": true, "identifiers": {"mtgjsonV4Id": "dfc19427-65cb-504e-9f31-fc3365889c24", "scryfallId": "44ef6754-b611-4e52-a04b-dc2c794d2cb8", "scryfallIllustrationId": "9ce202fc-8227-4704-99c7-3c4432332db0", "scryfallOracleId": "a66c44ed-5eca-48e4-8361-4f866feac7e8", "tcgplayerProductId": "224159"}, "keywords": ["Hero's Reward"], "language": "English", "layout": "token", "name": "Shrieking Titan Head", "number": "4", "power": "0", "promoTypes": ["instore"], "reverseRelated": [], "setCode": "TFTH", "subtypes": ["Head"], "supertypes": [], "text": "At the beginning of the Hydra's end step, each player discards a card.\nHero's Reward — When Shrieking Titan Head leaves the battlefield, each player gains 4 life and draws a card.", "toughness": "8", "type": "Token Elite Creature — Head", "types": ["Token", "Elite", "Creature"], "uuid": "58c45f6c-a23d-5bd5-83b3-6a917805cfe0"}, {"artist": "Richard Wright", "artistIds": ["7b1b0ce9-2c58-4321-a2a7-cdc94feae082"], "availability": ["paper"], "borderColor": "black", "colorIdentity": [], "colors": [], "finishes": ["nonfoil"], "frameVersion": "2003", "hasFoil": false, "hasNonFoil": true, "identifiers": {"mtgjsonV4Id": "b39407c4-0cb6-5733-aa9d-b57bf6f70caa", "scryfallId": "11decc7a-58e7-43f3-acc5-9ec94cce858d", "scryfallIllustrationId": "77f117b9-1f07-4872-99d5-6147abdd67ab", "scryfallOracleId": "8bea08c7-cfa7-46f0-807c-62b69ff39074", "tcgplayerProductId": "224160"}, "keywords": ["Hero's Reward"], "language": "English", "layout": "token", "name": "Snapping Fang Head", "number": "5", "power": "0", "promoTypes": ["instore"], "reverseRelated": [], "setCode": "TFTH", "subtypes": ["Head"], "supertypes": [], "text": "At the beginning of the Hydra's end step, Snapping Fang Head deals 1 damage to each player.\nHero's Reward — When Snapping Fang Head leaves the battlefield, each player gains 4 life and draws a card.", "toughness": "8", "type": "Token Elite Creature — Head", "types": ["Token", "Elite", "Creature"], "uuid": "0b8abfd2-3d3e-5d5a-844c-2317150c197b"}], "totalSetSize": 10, "translations": {}, "type": "token"}}