{"meta": {"date": "2023-08-19", "version": "5.2.1+20230819"}, "data": {"baseSetSize": 0, "cards": [], "code": "WMOM", "isFoilOnly": false, "isOnlineOnly": false, "keyruneCode": "MOM", "languages": ["Japanese"], "name": "March of the Machine Japanese Promo Tokens", "parentCode": "MOM", "releaseDate": "2023-04-21", "tokenSetCode": "WMOM", "tokens": [{"artist": "Rorubei", "artistIds": ["42e7262b-6320-4007-a6b4-dd4ba4bd2b67"], "availability": ["paper"], "borderColor": "borderless", "colorIdentity": ["W"], "colors": ["W"], "finishes": ["nonfoil", "foil"], "frameVersion": "2015", "hasFoil": true, "hasNonFoil": true, "identifiers": {"mtgjsonV4Id": "87744243-0cd7-5ef2-a91b-66e2f087e5f6", "scryfallId": "15597c74-0d47-44e3-87bb-f9174ca265c2", "scryfallIllustrationId": "bbb2e753-4f54-4368-b1ff-c40a2e39d375", "scryfallOracleId": "bfa57f61-3811-43da-b73e-90e3e5b0b2c2"}, "isReprint": true, "keywords": ["Prowess"], "language": "Japanese", "layout": "token", "name": "Monk", "number": "1", "power": "1", "relatedCards": {"reverseRelated": ["Monastery Mentor"]}, "reverseRelated": ["Monastery Mentor"], "setCode": "WMOM", "subtypes": ["Monk"], "supertypes": [], "text": "Prowess", "toughness": "1", "type": "Token Creature — Monk", "types": ["Token", "Creature"], "uuid": "57cc54ae-3d75-55b5-a73a-b81a10a70899"}, {"artist": "Daisuke Izuka", "artistIds": ["716d25a7-8bb9-45aa-960f-f73ea6886ad4"], "availability": ["paper"], "borderColor": "borderless", "colorIdentity": ["W"], "colors": ["W"], "finishes": ["nonfoil", "foil"], "frameVersion": "2015", "hasFoil": true, "hasNonFoil": true, "identifiers": {"mtgjsonV4Id": "ccfa9ba0-38f1-5b08-94b8-e39fd02331dd", "scryfallId": "a51f82d6-d653-4fff-a3f3-27b639f2ea84", "scryfallIllustrationId": "21ae3c30-84dc-44d4-921b-b2efd5f43d4e", "scryfallOracleId": "a5ab7f2d-a434-4342-a178-754bdd0181b6"}, "isReprint": true, "keywords": ["Lifelink"], "language": "Japanese", "layout": "token", "name": "Soldier", "number": "2", "power": "1", "relatedCards": {"reverseRelated": ["Archangel Elspeth", "March of the Multitudes", "Merry, Warden of Isengard", "Hunted Witness", "Haazda Marshal", "Ledev Champion", "Trostani Discordant", "Emmara, Soul of the Accord", "Sworn Companions", "Dawn of Hope"]}, "reverseRelated": ["Archangel Elspeth", "March of the Multitudes", "Merry, Warden of Isengard", "Hunted Witness", "Haazda Marshal", "Ledev Champion", "Trostani Discordant", "Emmara, Soul of the Accord", "Sworn Companions", "Dawn of Hope"], "setCode": "WMOM", "subtypes": ["Soldier"], "supertypes": [], "text": "Lifelink", "toughness": "1", "type": "Token Creature — Soldier", "types": ["Token", "Creature"], "uuid": "e2d2f218-c82d-5212-9413-a8d679e55345"}, {"artist": "Lack", "artistIds": ["f6e22ff4-f8d1-40f1-96c7-d334cf5f9ce7"], "availability": ["paper"], "borderColor": "borderless", "colorIdentity": ["U", "W"], "colors": ["U", "W"], "finishes": ["nonfoil", "foil"], "frameVersion": "2015", "hasFoil": true, "hasNonFoil": true, "identifiers": {"mtgjsonV4Id": "6071c64e-fe29-5f0a-b79b-18ed80ad168a", "scryfallId": "813def3d-7d9e-4b9a-b03b-3585f2ff0175", "scryfallIllustrationId": "cbe9a6f7-c649-40be-a68f-107950b704fa", "scryfallOracleId": "8d7d636d-4ae7-4411-8f45-fc57fead851e"}, "keywords": ["Vigilance"], "language": "Japanese", "layout": "token", "name": "Knight", "number": "3", "power": "2", "relatedCards": {"reverseRelated": ["Xerex Strobe-Knight", "Knight of the New Coalition", "Unyaro", "Chivalric Alliance"]}, "reverseRelated": ["Xerex Strobe-Knight", "Knight of the New Coalition", "Unyaro", "Chivalric Alliance"], "setCode": "WMOM", "subtypes": ["Knight"], "supertypes": [], "text": "Vigilance", "toughness": "2", "type": "Token Creature — Knight", "types": ["Token", "Creature"], "uuid": "4f3a6c60-c336-5333-b64a-f2fa669ec144"}, {"artist": "akio", "artistIds": ["7487e4e6-0bf5-49c9-831e-4ef633565cf0"], "availability": ["paper"], "borderColor": "borderless", "colorIdentity": ["B"], "colors": ["B"], "finishes": ["nonfoil", "foil"], "frameVersion": "2015", "hasFoil": true, "hasNonFoil": true, "identifiers": {"mtgjsonV4Id": "ca39327f-62d7-5195-84bd-c6150fe2326a", "scryfallId": "cd499ed5-f600-4551-a713-ac6b6e894fec", "scryfallIllustrationId": "c9304dc7-8737-424e-8bb1-412732ae325c", "scryfallOracleId": "ddc8c973-c31e-463f-be45-f3fa7d632362"}, "isReprint": true, "language": "Japanese", "layout": "token", "name": "Zombie", "number": "4", "power": "2", "relatedCards": {"reverseRelated": ["Waste Not", "Awaken the Erstwhile", "Empty the Pits", "Wight", "Gisa's Bidding", "Oath of Liliana", "Ghoulcaller Gisa", "Bridge from Below", "Shamble Back", "Doomed Dissenter", "The Fourth Sphere", "Ghoulcaller's Accomplice", "Cryptbreaker", "Drana's Chosen", "Rakshasa Gravecaller", "Tymaret Calls the Dead", "Graveyard Marshal", "Open the Graves", "Dying to Serve", "Acererak the Archlich", "Cradle of the Accursed", "Undead Alchemist", "Midnight Ritual", "Rise from the Tides", "Bone Miser", "Nevinyrral, Urborg Tyrant", "Sidisi, Brood Tyrant", "Archdemon of Unx", "Feast or Famine", "Hour of Promise", "Rank Officer", "Stir the Sands", "Undead Servant", "Liliana, Dreadhorde General", "Dread Summons", "Boneclad Necromancer", "Liliana, the Last Hope", "Vile Rebirth", "Endless Ranks of the Dead", "Curse of Disturbance", "Tormod, the Desecrator", "Cemetery Reaper", "Army of the Damned", "Liliana, Death's Majesty", "Aphemia, the Cacophony", "Drunau Corpse Trawler", "Assemble the Rank and Vile", "Grixis Slavedriver", "Necromancer's Covenant", "Necromentia", "Reap the Seagraf", "Liliana's Reaver", "Varina, Lich Queen", "Tombstone Stairwell", "Wand of Orcus", "From Under the Floorboards", "Cellar Door", "Xathrid Necromancer", "Necrotic Hex", "Field of the Dead", "Lair of the Ashen Idol", "Necromaster Dragon", "Liliana's Devotee", "Liliana, Heretical Healer // Liliana, Defiant Necromancer", "Null Caller", "Syphon Flesh", "Liliana's Mastery", "Sarcomancy", "Zombie Infestation", "Never // Return", "Overseer of the Damned", "Skull Skaab", "Dunes of the Dead", "Moan of the Unhallowed", "Unscythe, Killer of Kings", "Graf Harvest", "Headless Rider", "Necromancer's Stockpile", "Curse of Shallow Graves", "Maalfeld Twins", "Rotlung Reanimator", "Kalitas, Traitor of Ghet", "Tobias, Doomed Conqueror", "Magus of the Bridge", "Wakedancer", "Havengul Runebinder", "Suspicious Shambler", "Noosegraf Mob", "Grave Titan", "Dark Salvation", "Death Tyrant", "Captive Audience", "The Book of Vile Darkness", "Diregraf Colossus"]}, "reverseRelated": ["Waste Not", "Awaken the Erstwhile", "Empty the Pits", "Wight", "Gisa's Bidding", "Oath of Liliana", "Ghoulcaller Gisa", "Bridge from Below", "Shamble Back", "Doomed Dissenter", "The Fourth Sphere", "Ghoulcaller's Accomplice", "Cryptbreaker", "Drana's Chosen", "Rakshasa Gravecaller", "Tymaret Calls the Dead", "Graveyard Marshal", "Open the Graves", "Dying to Serve", "Acererak the Archlich", "Cradle of the Accursed", "Undead Alchemist", "Midnight Ritual", "Rise from the Tides", "Bone Miser", "Nevinyrral, Urborg Tyrant", "Sidisi, Brood Tyrant", "Archdemon of Unx", "Feast or Famine", "Hour of Promise", "Rank Officer", "Stir the Sands", "Undead Servant", "Liliana, Dreadhorde General", "Dread Summons", "Boneclad Necromancer", "Liliana, the Last Hope", "Vile Rebirth", "Endless Ranks of the Dead", "Curse of Disturbance", "Tormod, the Desecrator", "Cemetery Reaper", "Army of the Damned", "Liliana, Death's Majesty", "Aphemia, the Cacophony", "Drunau Corpse Trawler", "Assemble the Rank and Vile", "Grixis Slavedriver", "Necromancer's Covenant", "Necromentia", "Reap the Seagraf", "Liliana's Reaver", "Varina, Lich Queen", "Tombstone Stairwell", "Wand of Orcus", "From Under the Floorboards", "Cellar Door", "Xathrid Necromancer", "Necrotic Hex", "Field of the Dead", "Lair of the Ashen Idol", "Necromaster Dragon", "Liliana's Devotee", "Liliana, Heretical Healer // Liliana, Defiant Necromancer", "Null Caller", "Syphon Flesh", "Liliana's Mastery", "Sarcomancy", "Zombie Infestation", "Never // Return", "Overseer of the Damned", "Skull Skaab", "Dunes of the Dead", "Moan of the Unhallowed", "Unscythe, Killer of Kings", "Graf Harvest", "Headless Rider", "Necromancer's Stockpile", "Curse of Shallow Graves", "Maalfeld Twins", "Rotlung Reanimator", "Kalitas, Traitor of Ghet", "Tobias, Doomed Conqueror", "Magus of the Bridge", "Wakedancer", "Havengul Runebinder", "Suspicious Shambler", "Noosegraf Mob", "Grave Titan", "Dark Salvation", "Death Tyrant", "Captive Audience", "The Book of Vile Darkness", "Diregraf Colossus"], "setCode": "WMOM", "subtypes": ["Zombie"], "supertypes": [], "toughness": "2", "type": "Token Creature — Zombie", "types": ["Token", "Creature"], "uuid": "a7f77b1d-90ca-5aca-b8f0-afbe168053f3"}, {"artist": "Ishikawa Kenta", "artistIds": ["7af32cf9-75ca-439e-91c3-619dfeea2dfd"], "availability": ["paper"], "borderColor": "borderless", "colorIdentity": ["G"], "colors": ["G"], "finishes": ["nonfoil", "foil"], "frameVersion": "2015", "hasFoil": true, "hasNonFoil": true, "identifiers": {"mtgjsonV4Id": "41722013-c54e-5640-b080-efeea76171a9", "scryfallId": "35710226-9e2c-4ee5-a422-a708affb94ef", "scryfallIllustrationId": "799398a6-76ed-407c-8bf8-f4f9e9205b82", "scryfallOracleId": "fede3b66-1380-4b18-986a-27a9a145a3a0"}, "language": "Japanese", "layout": "token", "name": "Dinosaur", "number": "5", "power": "*", "relatedCards": {"reverseRelated": ["Ghalta and Mavren"]}, "reverseRelated": ["Ghalta and Mavren"], "setCode": "WMOM", "subtypes": ["Dinosaur"], "supertypes": [], "toughness": "*", "type": "Token Creature — Dinosaur", "types": ["Token", "Creature"], "uuid": "08086333-bd24-563d-97b8-f838c5a0c9bf"}, {"artist": "Naochika Morishita", "artistIds": ["da74c7c3-5bd0-4c10-921b-fefc13f66af5"], "availability": ["paper"], "borderColor": "borderless", "colorIdentity": [], "colors": [], "finishes": ["nonfoil", "foil"], "frameVersion": "2015", "hasFoil": true, "hasNonFoil": true, "identifiers": {"mtgjsonV4Id": "fdbc1e08-722e-5306-b703-a8f01815dc7e", "scryfallId": "45667463-f668-485b-971a-1a83fb67f448", "scryfallIllustrationId": "ecbc2d02-eefc-46b0-8dcb-6e52353c408e", "scryfallOracleId": "7c0b6b53-4ddb-4bb5-8a26-0041b2006d3f"}, "isReprint": true, "keywords": ["Flying"], "language": "Japanese", "layout": "token", "name": "Thopter", "number": "6", "power": "1", "relatedCards": {"reverseRelated": ["Thopter Assembly", "Foundry of the Consuls", "Barbed Spike", "Access Denied", "Experimental Aviator", "Thopter Spy Network", "Thopter Engineer", "Sai, Master Thopterist", "Dovin, Grand Arbiter", "Efficient Construction", "Launch Mishap", "Inspired Sphinx", "Pia Nalaar, Consul of Revival", "Saheeli, Filigree Master", "Whirler Rogue", "Ghirapur Gearcrafter", "Pia Nalaar", "Maverick Thopterist", "Sweep the Skies", "Loyal Apprentice", "Pia and Kiran Nalaar", "Fairgrounds Patrol", "Breya's Apprentice", "Thopter Mechanic", "Retrofitter Foundry", "Aviation Pioneer", "Aspiring Aeronaut", "Thopter Shop", "Etherium Spinner", "Whirlermaker", "Depose // Deploy", "Hangarback Walker", "Tezzeret, Artifice Master", "Thopter Squadron", "Filigree Crawler", "Whirler Virtuoso"]}, "reverseRelated": ["Thopter Assembly", "Foundry of the Consuls", "Barbed Spike", "Access Denied", "Experimental Aviator", "Thopter Spy Network", "Thopter Engineer", "Sai, Master Thopterist", "Dovin, Grand Arbiter", "Efficient Construction", "Launch Mishap", "Inspired Sphinx", "Pia Nalaar, Consul of Revival", "Saheeli, Filigree Master", "Whirler Rogue", "Ghirapur Gearcrafter", "Pia Nalaar", "Maverick Thopterist", "Sweep the Skies", "Loyal Apprentice", "Pia and Kiran Nalaar", "Fairgrounds Patrol", "Breya's Apprentice", "Thopter Mechanic", "Retrofitter Foundry", "Aviation Pioneer", "Aspiring Aeronaut", "Thopter Shop", "Etherium Spinner", "Whirlermaker", "Depose // Deploy", "Hangarback Walker", "Tezzeret, Artifice Master", "Thopter Squadron", "Filigree Crawler", "Whirler Virtuoso"], "setCode": "WMOM", "subtypes": ["Thopter"], "supertypes": [], "text": "Flying", "toughness": "1", "type": "Token Artifact Creature — Thopter", "types": ["Token", "Artifact", "Creature"], "uuid": "d0d230bb-dbea-55e5-8570-0ff8b4b38ece"}, {"artist": "Hisashi Momose", "artistIds": ["09bc6de8-c99c-406a-9da6-8ece7112e496"], "availability": ["paper"], "borderColor": "black", "colorIdentity": ["W"], "colors": ["W"], "finishes": ["nonfoil"], "frameVersion": "2015", "hasFoil": false, "hasNonFoil": true, "identifiers": {"mtgjsonV4Id": "5d23b030-1c52-5e87-a1ea-cd89464cb0b1", "scryfallId": "1f189b30-92c0-4d07-867d-fbb366d54a52", "scryfallIllustrationId": "84d2f645-854b-4eb8-bf3f-9ec862ebbf94", "scryfallOracleId": "97af46cb-6209-4ae7-81cc-792894999937"}, "isReprint": true, "keywords": ["Lifelink"], "language": "English", "layout": "token", "name": "Vampire", "number": "7", "power": "1", "promoTypes": ["plastic"], "relatedCards": {"reverseRelated": ["Mavren Fein, Dusk Apostle", "Call to the Feast", "Squire's Devotion", "Queen's Commission", "Ghalta and Mavren", "Martyr of Dusk", "Elenda, the Dusk Rose", "Paladin of the Bloodstained", "Legion's Landing // Adanto, the First Fort"]}, "reverseRelated": ["Mavren Fein, Dusk Apostle", "Call to the Feast", "Squire's Devotion", "Queen's Commission", "Ghalta and Mavren", "Martyr of Dusk", "Elenda, the Dusk Rose", "Paladin of the Bloodstained", "Legion's Landing // Adanto, the First Fort"], "setCode": "WMOM", "subtypes": ["Vampire"], "supertypes": [], "text": "Lifelink (Damage dealt by this creature also causes you to gain that much life.)", "toughness": "1", "type": "Token Creature — Vampire", "types": ["Token", "Creature"], "uuid": "f1144f3b-105f-576e-8ca5-88bf06b5abab"}, {"artist": "Yukihiro Maruo", "artistIds": ["3b702975-e3c9-46ec-872d-1e4b3e63d834"], "availability": ["paper"], "borderColor": "black", "colorIdentity": ["B", "W"], "colors": ["B", "W"], "finishes": ["nonfoil"], "frameVersion": "2015", "hasFoil": false, "hasNonFoil": true, "identifiers": {"mtgjsonV4Id": "c19d542a-3beb-5d12-bb2b-65820f1870af", "scryfallId": "b4311508-d045-4992-af44-703284de7e5a", "scryfallIllustrationId": "a26eea25-9525-46c6-9a6e-3c35df0e3cc5", "scryfallOracleId": "18ef473d-f958-4bff-8045-154f6adc6b04"}, "isReprint": true, "keywords": ["Flying"], "language": "English", "layout": "token", "name": "Spirit", "number": "8", "power": "1", "promoTypes": ["plastic"], "relatedCards": {"reverseRelated": ["Ministrant of Obligation", "Beckon Apparition", "Seraph of the Scales", "Orzhov Racketeers", "Knight of Sorrows", "Knight of the Last Breath", "Debtors' Transport", "Invasion of Tolvada // The Broken Sky", "Teysa, Envoy of Ghosts", "Kaya's Guile", "Imperious Oligarch", "Tithe Taker", "Ethereal Absolution", "Syndicate Messenger", "Orzhov Enforcer"]}, "reverseRelated": ["Ministrant of Obligation", "Beckon Apparition", "Seraph of the Scales", "Orzhov Racketeers", "Knight of Sorrows", "Knight of the Last Breath", "Debtors' Transport", "Invasion of Tolvada // The Broken Sky", "Teysa, Envoy of Ghosts", "Kaya's Guile", "Imperious Oligarch", "Tithe Taker", "Ethereal Absolution", "Syndicate Messenger", "Orzhov Enforcer"], "setCode": "WMOM", "subtypes": ["Spirit"], "supertypes": [], "text": "Flying", "toughness": "1", "type": "Token Creature — Spirit", "types": ["Token", "Creature"], "uuid": "b0c5db58-e1fd-5596-adc4-803cb422b276"}, {"artist": "Esuthio", "artistIds": ["3d32f438-ba33-4f37-b7ac-9a0cc913ae60"], "availability": ["paper"], "borderColor": "black", "colorIdentity": [], "colors": [], "finishes": ["nonfoil"], "frameVersion": "2015", "hasFoil": false, "hasNonFoil": true, "identifiers": {"mtgjsonV4Id": "fca9f9f1-9d97-540d-bb7b-5d46346e7714", "scryfallId": "13a0a1a6-8baf-45a9-8ecc-b3e6ddc16660", "scryfallIllustrationId": "823cc5fc-b61f-4bbf-8f8f-a88c08902873", "scryfallOracleId": "3c549374-6c37-42e0-8d88-a8555d46732d"}, "isReprint": true, "language": "English", "layout": "token", "name": "Treasure", "number": "9", "promoTypes": ["plastic"], "relatedCards": {"reverseRelated": ["Ruthless Knave", "Surly Badgersaur", "Gluntch, the Bestower", "Beamtown Beatstick", "Professional Face-Breaker", "Rapacious Dragon", "Treasure Map // Treasure Cove", "Boxing Ring", "Xorn", "Halo Scarab", "Descent into Avernus", "Lotho, Corrupt Shirriff", "Brazen Freebooter", "Most Wanted", "Smothering Tithe", "Smuggler's Share", "Glittermonger", "Master of Ceremonies", "Lobelia Sackville-Baggins", "Hoard Robber", "Mahadi, Emporium Master", "Wanted Scoundrels", "Prosper, Tome-Bound", "Gleaming Barrier", "Oath of the Grey Host", "An Offer You Can't Refuse", "Captain Lannery Storm", "Hoard Hauler", "Herald of Hadar", "Undercity Scrounger", "Glóin, Dwarf Emissary", "Exit Through the Grift Shop", "Done for the Day", "Widespread Thieving", "Bilbo, Retired Burglar", "Hullbreacher", "Young Red Dragon // Bathe in Gold", "Buy Your Silence", "Inspired Tinkering", "Dungeon of the Mad Mage", "City of Death", "Fain, the Broker", "Baeloth Barrityl, Entertainer", "Smaug", "Visions of Ruin", "Heap Gate", "The Initiative // Undercity", "Ragavan, Nimble Pilferer", "The Reaver Cleaver", "Vraska, Relic Seeker", "The Golden City of Orazca", "Treasure Vault", "Seize the Spotlight", "Magda, Brazen Outlaw", "Treasure Chest", "Crack Open", "Negan, the Cold-Blooded", "Gadrak, the Crown-Scourge", "Pain Distributor", "Pick-a-Beeble", "Song of Eärendil", "Deadly Dispute", "Ignacio of Myra's Marvels", "Black Market Tycoon", "Riveteers Requisitioner", "Jewel Thief", "Forging the Tyrite Sword", "Patron of the Arts", "Ancient Copper Dragon", "Unexpected Windfall", "The Western Cloud", "Urabrask // The Great Work", "Deadly Derision", "Marut", "Ruthless Technomancer", "Goblin Shaman", "Kalain, Reclusive Painter", "Life Insurance", "Atsushi, the Blazing Sky", "Scion of Opulence", "Mines of Moria", "Seize the Spoils", "Deadeye Plunderers", "Lost Mine of Phandelver", "Mari, the Killing Quill", "Prying Blade", "Brass's Bounty", "Spiteful Repossession", "Skullport Merchant", "Swashbuckler Extraordinaire", "Prized Statue", "Tavern Scoundrel", "Vault Robber", "Dockside Extortionist", "Prosperous Thief", "Pirate's Prize", "Goldspan Dragon", "Hornswoggle", "Storm the Vault // Vault of Catlacan", "Vazi, Keen Negotiator", "You've Been Caught Stealing", "Exhibition Magician", "Blood Money", "Pirate's Pillage", "Loot Dispute", "Dire Fleet Hoarder", "Impulsive Pilferer", "Involuntary Employment", "Thieves' Tools", "Grim Bounty", "Rankle and Torbran", "Spell Swindle", "Jolene, the Plunder Queen", "Zhentarim Bandit", "Big Spender", "Burakos, Party Leader", "Fae Offering", "Grim Hireling", "Gilded Pinions", "Meet and Greet \"Sisay\"", "Heartless Pillage", "Old Rutstein", "Smoke Spirits' Aid", "Racketeer Boss", "Goblin Airbrusher", "Smoke Blessing", "Reckless Endeavor", "Marching Duodrone", "Cavern-Hoard Dragon", "Currency Converter", "Magma Opus", "Prosperous Pirates", "Spiked Pit Trap", "Storm-Kiln Artist", "Ganax, Astral Hunter", "Ramirez DePietro, Pillager", "Prosperous Partnership", "Big Score", "Malcolm, Keen-Eyed Navigator", "Ognis, the Dragon's Lash", "Pitiless Plunderer", "Contract Killing", "Corsair Captain", "You Find a Cursed Idol", "Shiny Impetus", "Tireless Provisioner", "Indulge // Excess", "Monologue Tax", "Guild Artisan", "Fake Your Own Death", "Cutthroat Negotiator", "Safana, Calimport Cutthroat", "Furnace Reins", "Erestor of the Council", "Reckoner Bankbuster", "Jewel-Eyed Cobra", "Excavation Technique", "Misfortune Teller", "Rashmi and Ragavan", "Fable of the Mirror-Breaker // Reflection of Kiki-Jiki", "Prizefight", "Centrifuge", "Goldvein Pick", "Battle Angels of Tyr", "Strike It Rich", "Bank Job", "Sailor of Means", "Dungeoneer's Pack", "Swarming of Moria", "Depths of Desire", "Smashing Success", "Jan Jansen, Chaos Crafter", "Revel in Riches", "Tempting Contract", "Gala Greeters", "Stimulus Package", "Axgard Artisan", "Galadriel, Gift-Giver", "Bootleggers' Stash", "Black Market Connections", "Wily Goblin", "Dihada, Binder of Wills", "Forsworn Paladin", "Ziatora, the Incinerator", "Culmination of Studies", "The Balrog of Moria", "Rose Room Treasurer", "Instrument of the Bards", "Plundering Barbarian", "Prosperous Innkeeper", "Ingenious Mastery", "Burdened Aerialist", "There and Back Again", "Old Gnawbone", "Shambling Ghast", "Gorbag of Minas Morgul", "Elemental Masterpiece", "Bill Ferny, Bree Swindler", "Rain of Riches", "Academy Manufactor", "Noble's Purse", "Tivit, Seller of Secrets", "Sudden Breakthrough", "Trove of Temptation", "Gimli of the Glittering Caves", "Bucknard's Everfull Purse", "Galazeth Prismari", "Jared Carthalion", "Prismari Command", "Improvised Weaponry", "Sticky Fingers", "Hoarding Ogre", "Spiteful Banditry", "Invasion of Ergamon // Truga Cliffcharger", "Creative Outburst"]}, "reverseRelated": ["Ruthless Knave", "Surly Badgersaur", "Gluntch, the Bestower", "Beamtown Beatstick", "Professional Face-Breaker", "Rapacious Dragon", "Treasure Map // Treasure Cove", "Boxing Ring", "Xorn", "Halo Scarab", "Descent into Avernus", "Lotho, Corrupt Shirriff", "Brazen Freebooter", "Most Wanted", "Smothering Tithe", "Smuggler's Share", "Glittermonger", "Master of Ceremonies", "Lobelia Sackville-Baggins", "Hoard Robber", "Mahadi, Emporium Master", "Wanted Scoundrels", "Prosper, Tome-Bound", "Gleaming Barrier", "Oath of the Grey Host", "An Offer You Can't Refuse", "Captain Lannery Storm", "Hoard Hauler", "Herald of Hadar", "Undercity Scrounger", "Glóin, Dwarf Emissary", "Exit Through the Grift Shop", "Done for the Day", "Widespread Thieving", "Bilbo, Retired Burglar", "Hullbreacher", "Young Red Dragon // Bathe in Gold", "Buy Your Silence", "Inspired Tinkering", "Dungeon of the Mad Mage", "City of Death", "Fain, the Broker", "Baeloth Barrityl, Entertainer", "Smaug", "Visions of Ruin", "Heap Gate", "The Initiative // Undercity", "Ragavan, Nimble Pilferer", "The Reaver Cleaver", "Vraska, Relic Seeker", "The Golden City of Orazca", "Treasure Vault", "Seize the Spotlight", "Magda, Brazen Outlaw", "Treasure Chest", "Crack Open", "Negan, the Cold-Blooded", "Gadrak, the Crown-Scourge", "Pain Distributor", "Pick-a-Beeble", "Song of Eärendil", "Deadly Dispute", "Ignacio of Myra's Marvels", "Black Market Tycoon", "Riveteers Requisitioner", "Jewel Thief", "Forging the Tyrite Sword", "Patron of the Arts", "Ancient Copper Dragon", "Unexpected Windfall", "The Western Cloud", "Urabrask // The Great Work", "Deadly Derision", "Marut", "Ruthless Technomancer", "Goblin Shaman", "Kalain, Reclusive Painter", "Life Insurance", "Atsushi, the Blazing Sky", "Scion of Opulence", "Mines of Moria", "Seize the Spoils", "Deadeye Plunderers", "Lost Mine of Phandelver", "Mari, the Killing Quill", "Prying Blade", "Brass's Bounty", "Spiteful Repossession", "Skullport Merchant", "Swashbuckler Extraordinaire", "Prized Statue", "Tavern Scoundrel", "Vault Robber", "Dockside Extortionist", "Prosperous Thief", "Pirate's Prize", "Goldspan Dragon", "Hornswoggle", "Storm the Vault // Vault of Catlacan", "Vazi, Keen Negotiator", "You've Been Caught Stealing", "Exhibition Magician", "Blood Money", "Pirate's Pillage", "Loot Dispute", "Dire Fleet Hoarder", "Impulsive Pilferer", "Involuntary Employment", "Thieves' Tools", "Grim Bounty", "Rankle and Torbran", "Spell Swindle", "Jolene, the Plunder Queen", "Zhentarim Bandit", "Big Spender", "Burakos, Party Leader", "Fae Offering", "Grim Hireling", "Gilded Pinions", "Meet and Greet \"Sisay\"", "Heartless Pillage", "Old Rutstein", "Smoke Spirits' Aid", "Racketeer Boss", "Goblin Airbrusher", "Smoke Blessing", "Reckless Endeavor", "Marching Duodrone", "Cavern-Hoard Dragon", "Currency Converter", "Magma Opus", "Prosperous Pirates", "Spiked Pit Trap", "Storm-Kiln Artist", "Ganax, Astral Hunter", "Ramirez DePietro, Pillager", "Prosperous Partnership", "Big Score", "Malcolm, Keen-Eyed Navigator", "Ognis, the Dragon's Lash", "Pitiless Plunderer", "Contract Killing", "Corsair Captain", "You Find a Cursed Idol", "Shiny Impetus", "Tireless Provisioner", "Indulge // Excess", "Monologue Tax", "Guild Artisan", "Fake Your Own Death", "Cutthroat Negotiator", "Safana, Calimport Cutthroat", "Furnace Reins", "Erestor of the Council", "Reckoner Bankbuster", "Jewel-Eyed Cobra", "Excavation Technique", "Misfortune Teller", "Rashmi and Ragavan", "Fable of the Mirror-Breaker // Reflection of Kiki-Jiki", "Prizefight", "Centrifuge", "Goldvein Pick", "Battle Angels of Tyr", "Strike It Rich", "Bank Job", "Sailor of Means", "Dungeoneer's Pack", "Swarming of Moria", "Depths of Desire", "Smashing Success", "Jan Jansen, Chaos Crafter", "Revel in Riches", "Tempting Contract", "Gala Greeters", "Stimulus Package", "Axgard Artisan", "Galadriel, Gift-Giver", "Bootleggers' Stash", "Black Market Connections", "Wily Goblin", "Dihada, Binder of Wills", "Forsworn Paladin", "Ziatora, the Incinerator", "Culmination of Studies", "The Balrog of Moria", "Rose Room Treasurer", "Instrument of the Bards", "Plundering Barbarian", "Prosperous Innkeeper", "Ingenious Mastery", "Burdened Aerialist", "There and Back Again", "Old Gnawbone", "Shambling Ghast", "Gorbag of Minas Morgul", "Elemental Masterpiece", "Bill Ferny, Bree Swindler", "Rain of Riches", "Academy Manufactor", "Noble's Purse", "Tivit, Seller of Secrets", "Sudden Breakthrough", "Trove of Temptation", "Gimli of the Glittering Caves", "Bucknard's Everfull Purse", "Galazeth Prismari", "Jared Carthalion", "Prismari Command", "Improvised Weaponry", "Sticky Fingers", "Hoarding Ogre", "Spiteful Banditry", "Invasion of Ergamon // Truga Cliffcharger", "Creative Outburst"], "setCode": "WMOM", "subtypes": ["Treasure"], "supertypes": [], "text": "{T}, Sacrifice this artifact: Add one mana of any color.", "type": "Token Artifact — Treasure", "types": ["Token", "Artifact"], "uuid": "da70615b-3a73-5bee-9288-0f93ef289ec2"}, {"artist": "Ai Nanahira", "artistIds": ["651f1c56-b47a-418b-9742-94be1e9482c4"], "availability": ["paper"], "borderColor": "black", "colorIdentity": ["G"], "colors": ["G"], "finishes": ["nonfoil"], "frameVersion": "2015", "hasFoil": false, "hasNonFoil": true, "identifiers": {"mtgjsonV4Id": "3098bdd4-8cc5-574a-8862-1df80dbc55e0", "scryfallId": "aa576f30-6502-4d4c-831f-99e77a29965c", "scryfallIllustrationId": "95033051-6d7b-432e-8f90-97f74dacc2ad", "scryfallOracleId": "e85bfbbc-7269-486b-992c-776ab45d5840"}, "language": "English", "layout": "token", "name": "Phyrexian Saproling", "number": "10", "power": "1", "promoTypes": ["plastic"], "relatedCards": {"reverseRelated": ["Blightreaper Thallid // Blightsower Thallid"]}, "reverseRelated": ["Blightreaper Thallid // Blightsower Thallid"], "setCode": "WMOM", "subtypes": ["Phyrexian", "Saproling"], "supertypes": [], "toughness": "1", "type": "Token Creature — Phyrexian Saproling", "types": ["Token", "Creature"], "uuid": "767301e7-871e-506f-9033-11a29d5cb5a2"}, {"artist": "Ryo Kamei", "artistIds": ["2cc6be0b-2866-47ab-8978-69d83eaca42b"], "availability": ["paper"], "borderColor": "black", "colorIdentity": ["R", "W"], "colors": ["R", "W"], "finishes": ["nonfoil"], "frameVersion": "2015", "hasFoil": false, "hasNonFoil": true, "identifiers": {"mtgjsonV4Id": "1eb63a29-80ba-5cf3-b0ea-6c93e3fadf5e", "scryfallId": "4779bfe3-2039-4eb9-8f3b-7d8e2ed6f1df", "scryfallIllustrationId": "cbe26485-cd6c-49d4-91b3-a5dec1a17909", "scryfallOracleId": "994879c3-48a7-4da5-9a42-46561fafdd69"}, "isReprint": true, "language": "English", "layout": "token", "name": "Spirit", "number": "11", "power": "3", "promoTypes": ["plastic"], "relatedCards": {"reverseRelated": ["Lorehold Excavation", "Lorehold Command", "Make Your Mark", "Quintorius, Field Historian", "Illustrious Historian", "Reduce to Memory", "Mascot Exhibition", "Spirit Summoning", "Quintorius, Loremaster", "Illuminate History"]}, "reverseRelated": ["Lorehold Excavation", "Lorehold Command", "Make Your Mark", "Quintorius, Field Historian", "Illustrious Historian", "Reduce to Memory", "Mascot Exhibition", "Spirit Summoning", "Quintorius, Loremaster", "Illuminate History"], "setCode": "WMOM", "subtypes": ["Spirit"], "supertypes": [], "toughness": "2", "type": "Token Creature — Spirit", "types": ["Token", "Creature"], "uuid": "e2d80021-55a0-5fd5-846e-7339e5b37b7d"}, {"artist": "Aogachou", "artistIds": ["5f0f9954-7859-43ad-bfa2-8fc91f52887c"], "availability": ["paper"], "borderColor": "black", "colorIdentity": [], "colors": [], "finishes": ["nonfoil"], "frameVersion": "2015", "hasFoil": false, "hasNonFoil": true, "identifiers": {"mtgjsonV4Id": "b46143e2-850c-52a1-9bf2-406d8f0e6f29", "scryfallId": "42ac3b2a-cc0a-45a4-802c-1c543472cdc6", "scryfallIllustrationId": "99d3e891-ecc6-4397-901e-c263ae238e4a", "scryfallOracleId": "3c549374-6c37-42e0-8d88-a8555d46732d"}, "isReprint": true, "language": "English", "layout": "token", "name": "Treasure", "number": "12", "promoTypes": ["plastic"], "relatedCards": {"reverseRelated": ["Ruthless Knave", "Surly Badgersaur", "Gluntch, the Bestower", "Beamtown Beatstick", "Professional Face-Breaker", "Rapacious Dragon", "Treasure Map // Treasure Cove", "Boxing Ring", "Xorn", "Halo Scarab", "Descent into Avernus", "Lotho, Corrupt Shirriff", "Brazen Freebooter", "Most Wanted", "Smothering Tithe", "Smuggler's Share", "Glittermonger", "Master of Ceremonies", "Lobelia Sackville-Baggins", "Hoard Robber", "Mahadi, Emporium Master", "Wanted Scoundrels", "Prosper, Tome-Bound", "Gleaming Barrier", "Oath of the Grey Host", "An Offer You Can't Refuse", "Captain Lannery Storm", "Hoard Hauler", "Herald of Hadar", "Undercity Scrounger", "Glóin, Dwarf Emissary", "Exit Through the Grift Shop", "Done for the Day", "Widespread Thieving", "Bilbo, Retired Burglar", "Hullbreacher", "Young Red Dragon // Bathe in Gold", "Buy Your Silence", "Inspired Tinkering", "Dungeon of the Mad Mage", "City of Death", "Fain, the Broker", "Baeloth Barrityl, Entertainer", "Smaug", "Visions of Ruin", "Heap Gate", "The Initiative // Undercity", "Ragavan, Nimble Pilferer", "The Reaver Cleaver", "Vraska, Relic Seeker", "The Golden City of Orazca", "Treasure Vault", "Seize the Spotlight", "Magda, Brazen Outlaw", "Treasure Chest", "Crack Open", "Negan, the Cold-Blooded", "Gadrak, the Crown-Scourge", "Pain Distributor", "Pick-a-Beeble", "Song of Eärendil", "Deadly Dispute", "Ignacio of Myra's Marvels", "Black Market Tycoon", "Riveteers Requisitioner", "Jewel Thief", "Forging the Tyrite Sword", "Patron of the Arts", "Ancient Copper Dragon", "Unexpected Windfall", "The Western Cloud", "Urabrask // The Great Work", "Deadly Derision", "Marut", "Ruthless Technomancer", "Goblin Shaman", "Kalain, Reclusive Painter", "Life Insurance", "Atsushi, the Blazing Sky", "Scion of Opulence", "Mines of Moria", "Seize the Spoils", "Deadeye Plunderers", "Lost Mine of Phandelver", "Mari, the Killing Quill", "Prying Blade", "Brass's Bounty", "Spiteful Repossession", "Skullport Merchant", "Swashbuckler Extraordinaire", "Prized Statue", "Tavern Scoundrel", "Vault Robber", "Dockside Extortionist", "Prosperous Thief", "Pirate's Prize", "Goldspan Dragon", "Hornswoggle", "Storm the Vault // Vault of Catlacan", "Vazi, Keen Negotiator", "You've Been Caught Stealing", "Exhibition Magician", "Blood Money", "Pirate's Pillage", "Loot Dispute", "Dire Fleet Hoarder", "Impulsive Pilferer", "Involuntary Employment", "Thieves' Tools", "Grim Bounty", "Rankle and Torbran", "Spell Swindle", "Jolene, the Plunder Queen", "Zhentarim Bandit", "Big Spender", "Burakos, Party Leader", "Fae Offering", "Grim Hireling", "Gilded Pinions", "Meet and Greet \"Sisay\"", "Heartless Pillage", "Old Rutstein", "Smoke Spirits' Aid", "Racketeer Boss", "Goblin Airbrusher", "Smoke Blessing", "Reckless Endeavor", "Marching Duodrone", "Cavern-Hoard Dragon", "Currency Converter", "Magma Opus", "Prosperous Pirates", "Spiked Pit Trap", "Storm-Kiln Artist", "Ganax, Astral Hunter", "Ramirez DePietro, Pillager", "Prosperous Partnership", "Big Score", "Malcolm, Keen-Eyed Navigator", "Ognis, the Dragon's Lash", "Pitiless Plunderer", "Contract Killing", "Corsair Captain", "You Find a Cursed Idol", "Shiny Impetus", "Tireless Provisioner", "Indulge // Excess", "Monologue Tax", "Guild Artisan", "Fake Your Own Death", "Cutthroat Negotiator", "Safana, Calimport Cutthroat", "Furnace Reins", "Erestor of the Council", "Reckoner Bankbuster", "Jewel-Eyed Cobra", "Excavation Technique", "Misfortune Teller", "Rashmi and Ragavan", "Fable of the Mirror-Breaker // Reflection of Kiki-Jiki", "Prizefight", "Centrifuge", "Goldvein Pick", "Battle Angels of Tyr", "Strike It Rich", "Bank Job", "Sailor of Means", "Dungeoneer's Pack", "Swarming of Moria", "Depths of Desire", "Smashing Success", "Jan Jansen, Chaos Crafter", "Revel in Riches", "Tempting Contract", "Gala Greeters", "Stimulus Package", "Axgard Artisan", "Galadriel, Gift-Giver", "Bootleggers' Stash", "Black Market Connections", "Wily Goblin", "Dihada, Binder of Wills", "Forsworn Paladin", "Ziatora, the Incinerator", "Culmination of Studies", "The Balrog of Moria", "Rose Room Treasurer", "Instrument of the Bards", "Plundering Barbarian", "Prosperous Innkeeper", "Ingenious Mastery", "Burdened Aerialist", "There and Back Again", "Old Gnawbone", "Shambling Ghast", "Gorbag of Minas Morgul", "Elemental Masterpiece", "Bill Ferny, Bree Swindler", "Rain of Riches", "Academy Manufactor", "Noble's Purse", "Tivit, Seller of Secrets", "Sudden Breakthrough", "Trove of Temptation", "Gimli of the Glittering Caves", "Bucknard's Everfull Purse", "Galazeth Prismari", "Jared Carthalion", "Prismari Command", "Improvised Weaponry", "Sticky Fingers", "Hoarding Ogre", "Spiteful Banditry", "Invasion of Ergamon // Truga Cliffcharger", "Creative Outburst"]}, "reverseRelated": ["Ruthless Knave", "Surly Badgersaur", "Gluntch, the Bestower", "Beamtown Beatstick", "Professional Face-Breaker", "Rapacious Dragon", "Treasure Map // Treasure Cove", "Boxing Ring", "Xorn", "Halo Scarab", "Descent into Avernus", "Lotho, Corrupt Shirriff", "Brazen Freebooter", "Most Wanted", "Smothering Tithe", "Smuggler's Share", "Glittermonger", "Master of Ceremonies", "Lobelia Sackville-Baggins", "Hoard Robber", "Mahadi, Emporium Master", "Wanted Scoundrels", "Prosper, Tome-Bound", "Gleaming Barrier", "Oath of the Grey Host", "An Offer You Can't Refuse", "Captain Lannery Storm", "Hoard Hauler", "Herald of Hadar", "Undercity Scrounger", "Glóin, Dwarf Emissary", "Exit Through the Grift Shop", "Done for the Day", "Widespread Thieving", "Bilbo, Retired Burglar", "Hullbreacher", "Young Red Dragon // Bathe in Gold", "Buy Your Silence", "Inspired Tinkering", "Dungeon of the Mad Mage", "City of Death", "Fain, the Broker", "Baeloth Barrityl, Entertainer", "Smaug", "Visions of Ruin", "Heap Gate", "The Initiative // Undercity", "Ragavan, Nimble Pilferer", "The Reaver Cleaver", "Vraska, Relic Seeker", "The Golden City of Orazca", "Treasure Vault", "Seize the Spotlight", "Magda, Brazen Outlaw", "Treasure Chest", "Crack Open", "Negan, the Cold-Blooded", "Gadrak, the Crown-Scourge", "Pain Distributor", "Pick-a-Beeble", "Song of Eärendil", "Deadly Dispute", "Ignacio of Myra's Marvels", "Black Market Tycoon", "Riveteers Requisitioner", "Jewel Thief", "Forging the Tyrite Sword", "Patron of the Arts", "Ancient Copper Dragon", "Unexpected Windfall", "The Western Cloud", "Urabrask // The Great Work", "Deadly Derision", "Marut", "Ruthless Technomancer", "Goblin Shaman", "Kalain, Reclusive Painter", "Life Insurance", "Atsushi, the Blazing Sky", "Scion of Opulence", "Mines of Moria", "Seize the Spoils", "Deadeye Plunderers", "Lost Mine of Phandelver", "Mari, the Killing Quill", "Prying Blade", "Brass's Bounty", "Spiteful Repossession", "Skullport Merchant", "Swashbuckler Extraordinaire", "Prized Statue", "Tavern Scoundrel", "Vault Robber", "Dockside Extortionist", "Prosperous Thief", "Pirate's Prize", "Goldspan Dragon", "Hornswoggle", "Storm the Vault // Vault of Catlacan", "Vazi, Keen Negotiator", "You've Been Caught Stealing", "Exhibition Magician", "Blood Money", "Pirate's Pillage", "Loot Dispute", "Dire Fleet Hoarder", "Impulsive Pilferer", "Involuntary Employment", "Thieves' Tools", "Grim Bounty", "Rankle and Torbran", "Spell Swindle", "Jolene, the Plunder Queen", "Zhentarim Bandit", "Big Spender", "Burakos, Party Leader", "Fae Offering", "Grim Hireling", "Gilded Pinions", "Meet and Greet \"Sisay\"", "Heartless Pillage", "Old Rutstein", "Smoke Spirits' Aid", "Racketeer Boss", "Goblin Airbrusher", "Smoke Blessing", "Reckless Endeavor", "Marching Duodrone", "Cavern-Hoard Dragon", "Currency Converter", "Magma Opus", "Prosperous Pirates", "Spiked Pit Trap", "Storm-Kiln Artist", "Ganax, Astral Hunter", "Ramirez DePietro, Pillager", "Prosperous Partnership", "Big Score", "Malcolm, Keen-Eyed Navigator", "Ognis, the Dragon's Lash", "Pitiless Plunderer", "Contract Killing", "Corsair Captain", "You Find a Cursed Idol", "Shiny Impetus", "Tireless Provisioner", "Indulge // Excess", "Monologue Tax", "Guild Artisan", "Fake Your Own Death", "Cutthroat Negotiator", "Safana, Calimport Cutthroat", "Furnace Reins", "Erestor of the Council", "Reckoner Bankbuster", "Jewel-Eyed Cobra", "Excavation Technique", "Misfortune Teller", "Rashmi and Ragavan", "Fable of the Mirror-Breaker // Reflection of Kiki-Jiki", "Prizefight", "Centrifuge", "Goldvein Pick", "Battle Angels of Tyr", "Strike It Rich", "Bank Job", "Sailor of Means", "Dungeoneer's Pack", "Swarming of Moria", "Depths of Desire", "Smashing Success", "Jan Jansen, Chaos Crafter", "Revel in Riches", "Tempting Contract", "Gala Greeters", "Stimulus Package", "Axgard Artisan", "Galadriel, Gift-Giver", "Bootleggers' Stash", "Black Market Connections", "Wily Goblin", "Dihada, Binder of Wills", "Forsworn Paladin", "Ziatora, the Incinerator", "Culmination of Studies", "The Balrog of Moria", "Rose Room Treasurer", "Instrument of the Bards", "Plundering Barbarian", "Prosperous Innkeeper", "Ingenious Mastery", "Burdened Aerialist", "There and Back Again", "Old Gnawbone", "Shambling Ghast", "Gorbag of Minas Morgul", "Elemental Masterpiece", "Bill Ferny, Bree Swindler", "Rain of Riches", "Academy Manufactor", "Noble's Purse", "Tivit, Seller of Secrets", "Sudden Breakthrough", "Trove of Temptation", "Gimli of the Glittering Caves", "Bucknard's Everfull Purse", "Galazeth Prismari", "Jared Carthalion", "Prismari Command", "Improvised Weaponry", "Sticky Fingers", "Hoarding Ogre", "Spiteful Banditry", "Invasion of Ergamon // Truga Cliffcharger", "Creative Outburst"], "setCode": "WMOM", "subtypes": ["Treasure"], "supertypes": [], "text": "{T}, Sacrifice this artifact: Add one mana of any color.", "type": "Token Artifact — Treasure", "types": ["Token", "Artifact"], "uuid": "e2106902-32a9-5ead-acbd-61730a7d7c9d"}], "totalSetSize": 0, "translations": {}, "type": "token"}}