{"meta": {"date": "2023-08-19", "version": "5.2.1+20230819"}, "data": {"baseSetSize": 33, "block": "Commander", "cards": [{"artist": "Ekaterina Burmak", "artistIds": ["2a9f3780-fcc8-4ec5-b403-ee1d1370d3b4"], "availability": ["paper"], "borderColor": "black", "colorIdentity": ["B", "U"], "colors": ["B", "U"], "convertedManaCost": 3.0, "finishes": ["nonfoil", "foil"], "flavorText": "He weaves glamours as easily as breathing, his otherworldly beauty entrancing fae and mortal alike.", "foreignData": [], "frameEffects": ["legendary"], "frameVersion": "2015", "hasFoil": true, "hasNonFoil": true, "identifiers": {"cardKingdomFoilId": "281629", "cardKingdomId": "281625", "mtgjsonV4Id": "95a4ea41-5aad-5a35-9caa-7a249fc4b0a2", "scryfallId": "03fab911-7bd4-45fa-ba07-cd0e51b0cd95", "scryfallIllustrationId": "b38a8250-543c-4b46-88f9-2786bc5dda09", "scryfallOracleId": "868f0a0a-ca9e-4baf-8295-6b228aa834e5", "tcgplayerProductId": "512241"}, "isStarter": true, "keywords": ["Deathtouch", "Flying"], "language": "English", "layout": "normal", "leadershipSkills": {"brawl": false, "commander": true, "oathbreaker": false}, "legalities": {}, "manaCost": "{1}{U}{B}", "manaValue": 3.0, "name": "Tegwyll, Duke of Splendor", "number": "1", "power": "2", "printings": ["WOC"], "purchaseUrls": {"cardKingdom": "https://mtgjson.com/links/2d8ed3ba1908830d", "cardKingdomFoil": "https://mtgjson.com/links/4bb5cda872227de5", "tcgplayer": "https://mtgjson.com/links/c9a1cffecec96bc9"}, "rarity": "mythic", "securityStamp": "oval", "setCode": "WOC", "subtypes": ["Faerie", "Noble"], "supertypes": ["Legendary"], "text": "Flying, deathtouch\nOther Faeries you control get +1/+1.\nWhenever another Faerie you control dies, you draw a card and you lose 1 life.", "toughness": "3", "type": "Legendary Creature — Faerie Noble", "types": ["Creature"], "uuid": "44050a5a-73c9-5fba-9015-73b8def08301", "variations": ["bdf91395-2a67-5515-91f7-b02d8eb67af8", "16133d11-5468-5776-94d6-abfdbc1a76c6"]}, {"artist": "Dmitry Burmak", "artistIds": ["9872f5c0-274a-48ce-a9ad-6f0d5654e29c"], "availability": ["paper"], "borderColor": "black", "colorIdentity": ["G", "W"], "colors": ["G", "W"], "convertedManaCost": 4.0, "finishes": ["nonfoil", "foil"], "foreignData": [], "frameEffects": ["legendary"], "frameVersion": "2015", "hasFoil": true, "hasNonFoil": true, "identifiers": {"cardKingdomFoilId": "281630", "cardKingdomId": "281626", "mtgjsonV4Id": "e8ae8d08-5029-5fe6-be68-8d151d50a51e", "scryfallId": "45851394-b8f3-4713-8239-afcb387d47c5", "scryfallIllustrationId": "d9bfeb35-3201-4ea3-b4e7-5b1c940bd6e2", "scryfallOracleId": "97f9b82f-b3cf-44ff-9abc-2d92d7cbaa27", "tcgplayerProductId": "512239"}, "isStarter": true, "keywords": ["Role token"], "language": "English", "layout": "normal", "leadershipSkills": {"brawl": false, "commander": true, "oathbreaker": false}, "legalities": {}, "manaCost": "{2}{G}{W}", "manaValue": 4.0, "name": "Ellivere of the Wild Court", "number": "2", "power": "4", "printings": ["WOC"], "purchaseUrls": {"cardKingdom": "https://mtgjson.com/links/44e1dd052aa295e0", "cardKingdomFoil": "https://mtgjson.com/links/a39e04c2d29f11dd", "tcgplayer": "https://mtgjson.com/links/51c9e09bd19679c6"}, "rarity": "mythic", "securityStamp": "oval", "setCode": "WOC", "subtypes": ["Human", "Knight"], "supertypes": ["Legendary"], "text": "Whenever Ellivere of the Wild Court enters the battlefield or attacks, create a Virtuous Role token attached to another target creature you control. (If you control another Role on it, put that one into the graveyard. Enchanted creature gets +1/+1 for each enchantment you control.)\nWhenever an enchanted creature you control deals combat damage to a player, draw a card.", "toughness": "4", "type": "Legendary Creature — Human Knight", "types": ["Creature"], "uuid": "f2347475-c4ba-55b8-a691-74423976e518", "variations": ["92da88e8-37f2-59c5-b506-6806151dfe30", "efd9ef04-7f72-5028-959e-6034d83b3e9d"]}, {"artist": "Livia Prima", "artistIds": ["0f41e561-bc26-4d85-aab6-66c384e01b74"], "availability": ["paper"], "borderColor": "black", "colorIdentity": ["B", "U"], "colors": ["B", "U"], "convertedManaCost": 4.0, "finishes": ["nonfoil", "foil"], "foreignData": [], "frameEffects": ["legendary"], "frameVersion": "2015", "hasFoil": true, "hasNonFoil": true, "identifiers": {"cardKingdomFoilId": "281631", "cardKingdomId": "281627", "mtgjsonV4Id": "0a8ce9fb-fb76-5998-9385-c6c9dd888c0f", "scryfallId": "79ba5c35-6e5c-406a-b95f-844d5ec296ab", "scryfallIllustrationId": "097bb00b-0799-4781-93d6-325c35f613f1", "scryfallOracleId": "1cae5752-b4af-4a8f-8c8c-2493e163083b", "tcgplayerProductId": "512238"}, "isStarter": true, "keywords": ["Flying", "Goad"], "language": "English", "layout": "normal", "leadershipSkills": {"brawl": false, "commander": true, "oathbreaker": false}, "legalities": {}, "manaCost": "{2}{U}{B}", "manaValue": 4.0, "name": "Alela, Cunning Conqueror", "number": "3", "power": "2", "printings": ["WOC"], "purchaseUrls": {"cardKingdom": "https://mtgjson.com/links/09d6a9ed9eb64286", "cardKingdomFoil": "https://mtgjson.com/links/d610b415110f688c", "tcgplayer": "https://mtgjson.com/links/e1f771a906c5de9b"}, "rarity": "mythic", "securityStamp": "oval", "setCode": "WOC", "subtypes": ["Faerie", "Warlock"], "supertypes": ["Legendary"], "text": "Flying\nWhenever you cast your first spell during each opponent's turn, create a 1/1 black Faerie Rogue creature token with flying.\nWhenever one or more Faeries you control deal combat damage to a player, goad target creature that player controls.", "toughness": "4", "type": "Legendary Creature — Faerie Warlock", "types": ["Creature"], "uuid": "f15e8466-058b-5801-b19b-3c07d826297e", "variations": ["0f1718a8-96c4-5b3d-9e6f-2b7263fb0fbf"]}, {"artist": "Aurore Folny", "artistIds": ["02f6cdda-7a80-4184-853d-20b28d580868"], "availability": ["paper"], "borderColor": "black", "colorIdentity": ["G", "W"], "colors": ["G", "W"], "convertedManaCost": 3.0, "finishes": ["nonfoil", "foil"], "foreignData": [], "frameEffects": ["legendary"], "frameVersion": "2015", "hasFoil": true, "hasNonFoil": true, "identifiers": {"cardKingdomFoilId": "281632", "cardKingdomId": "281628", "mtgjsonV4Id": "569c731f-17cd-581d-8b36-c2413c84d8fa", "scryfallId": "79e4242c-a53a-4287-976b-8e545888a1fa", "scryfallIllustrationId": "74887f49-96d5-4451-9be5-5d59a4e6e830", "scryfallOracleId": "e7dfe47f-41fc-4071-9ad3-96cd8d9be52e", "tcgplayerProductId": "512240"}, "isStarter": true, "keywords": ["Role token"], "language": "English", "layout": "normal", "leadershipSkills": {"brawl": false, "commander": true, "oathbreaker": false}, "legalities": {}, "manaCost": "{1}{G}{W}", "manaValue": 3.0, "name": "Gylwain, Casting Director", "number": "4", "power": "2", "printings": ["WOC"], "purchaseUrls": {"cardKingdom": "https://mtgjson.com/links/20fe36ddef32c2e7", "cardKingdomFoil": "https://mtgjson.com/links/cb787008bfed68a8", "tcgplayer": "https://mtgjson.com/links/8f5b96cfb28f8838"}, "rarity": "mythic", "securityStamp": "oval", "setCode": "WOC", "subtypes": ["Human", "Bard"], "supertypes": ["Legendary"], "text": "Whenever Gylwain, Casting Director or another nontoken creature enters the battlefield under your control, choose one —\n• Create a Royal Role token attached to that creature.\n• Create a Sorcerer Role token attached to that creature.\n• Create a Monster Role token attached to that creature.", "toughness": "3", "type": "Legendary Creature — Human Bard", "types": ["Creature"], "uuid": "9942fa0c-6aec-5b70-9b89-b8876768d694", "variations": ["6fba97f9-39e3-52de-9a05-298ae07e4108"]}, {"artist": "Livia Prima", "artistIds": ["0f41e561-bc26-4d85-aab6-66c384e01b74"], "availability": ["paper"], "borderColor": "black", "colorIdentity": ["B", "U"], "colors": ["B", "U"], "convertedManaCost": 4.0, "finishes": ["nonfoil", "foil"], "foreignData": [], "frameEffects": ["legendary", "extendedart"], "frameVersion": "2015", "hasFoil": true, "hasNonFoil": true, "identifiers": {"cardKingdomId": "281633", "mtgjsonV4Id": "2e3bb4e5-db83-5762-8adf-a61609b9775f", "scryfallId": "8ec9571f-17c0-4f16-adb5-8805d4b72591", "scryfallIllustrationId": "097bb00b-0799-4781-93d6-325c35f613f1", "scryfallOracleId": "1cae5752-b4af-4a8f-8c8c-2493e163083b", "tcgplayerProductId": "512502"}, "isStarter": true, "keywords": ["Flying", "Goad"], "language": "English", "layout": "normal", "leadershipSkills": {"brawl": false, "commander": true, "oathbreaker": false}, "legalities": {}, "manaCost": "{2}{U}{B}", "manaValue": 4.0, "name": "Alela, Cunning Conqueror", "number": "34", "power": "2", "printings": ["WOC"], "promoTypes": ["boosterfun"], "purchaseUrls": {"cardKingdom": "https://mtgjson.com/links/e36386d28c21889e", "tcgplayer": "https://mtgjson.com/links/959ae6ec4a446135"}, "rarity": "mythic", "securityStamp": "oval", "setCode": "WOC", "subtypes": ["Faerie", "Warlock"], "supertypes": ["Legendary"], "text": "Flying\nWhenever you cast your first spell during each opponent's turn, create a 1/1 black Faerie Rogue creature token with flying.\nWhenever one or more Faeries you control deal combat damage to a player, goad target creature that player controls.", "toughness": "4", "type": "Legendary Creature — Faerie Warlock", "types": ["Creature"], "uuid": "0f1718a8-96c4-5b3d-9e6f-2b7263fb0fbf", "variations": ["f15e8466-058b-5801-b19b-3c07d826297e"]}, {"artist": "Dmitry Burmak", "artistIds": ["9872f5c0-274a-48ce-a9ad-6f0d5654e29c"], "availability": ["paper"], "borderColor": "black", "colorIdentity": ["G", "W"], "colors": ["G", "W"], "convertedManaCost": 4.0, "finishes": ["nonfoil", "foil"], "foreignData": [], "frameEffects": ["legendary", "extendedart"], "frameVersion": "2015", "hasFoil": true, "hasNonFoil": true, "identifiers": {"cardKingdomId": "281634", "mtgjsonV4Id": "49a4aede-3fe5-542c-a0c7-38f8e6472aa8", "scryfallId": "d478a7ac-805d-484f-87da-737c0e08e0ee", "scryfallIllustrationId": "d9bfeb35-3201-4ea3-b4e7-5b1c940bd6e2", "scryfallOracleId": "97f9b82f-b3cf-44ff-9abc-2d92d7cbaa27", "tcgplayerProductId": "512505"}, "isStarter": true, "keywords": ["Role token"], "language": "English", "layout": "normal", "leadershipSkills": {"brawl": false, "commander": true, "oathbreaker": false}, "legalities": {}, "manaCost": "{2}{G}{W}", "manaValue": 4.0, "name": "Ellivere of the Wild Court", "number": "36", "power": "4", "printings": ["WOC"], "promoTypes": ["boosterfun"], "purchaseUrls": {"cardKingdom": "https://mtgjson.com/links/5a6d786f0db406d1", "tcgplayer": "https://mtgjson.com/links/ec4200efbc00fda6"}, "rarity": "mythic", "securityStamp": "oval", "setCode": "WOC", "subtypes": ["Human", "Knight"], "supertypes": ["Legendary"], "text": "Whenever Ellivere of the Wild Court enters the battlefield or attacks, create a Virtuous Role token attached to another target creature you control. (If you control another Role on it, put that one into the graveyard. Enchanted creature gets +1/+1 for each enchantment you control.)\nWhenever an enchanted creature you control deals combat damage to a player, draw a card.", "toughness": "4", "type": "Legendary Creature — Human Knight", "types": ["Creature"], "uuid": "92da88e8-37f2-59c5-b506-6806151dfe30", "variations": ["f2347475-c4ba-55b8-a691-74423976e518", "efd9ef04-7f72-5028-959e-6034d83b3e9d"]}, {"artist": "Aurore Folny", "artistIds": ["02f6cdda-7a80-4184-853d-20b28d580868"], "availability": ["paper"], "borderColor": "black", "colorIdentity": ["G", "W"], "colors": ["G", "W"], "convertedManaCost": 3.0, "finishes": ["nonfoil", "foil"], "foreignData": [], "frameEffects": ["legendary", "extendedart"], "frameVersion": "2015", "hasFoil": true, "hasNonFoil": true, "identifiers": {"cardKingdomId": "281635", "mtgjsonV4Id": "aa816477-679d-5f84-8e96-b27e9ce0224a", "scryfallId": "a7a4f3bf-ab87-4732-827b-09f23fecf44c", "scryfallIllustrationId": "74887f49-96d5-4451-9be5-5d59a4e6e830", "scryfallOracleId": "e7dfe47f-41fc-4071-9ad3-96cd8d9be52e", "tcgplayerProductId": "512504"}, "isStarter": true, "keywords": ["Role token"], "language": "English", "layout": "normal", "leadershipSkills": {"brawl": false, "commander": true, "oathbreaker": false}, "legalities": {}, "manaCost": "{1}{G}{W}", "manaValue": 3.0, "name": "Gylwain, Casting Director", "number": "37", "power": "2", "printings": ["WOC"], "promoTypes": ["boosterfun"], "purchaseUrls": {"cardKingdom": "https://mtgjson.com/links/4f5fed15d2d2fdb6", "tcgplayer": "https://mtgjson.com/links/19fea0cf97fe1fcf"}, "rarity": "mythic", "securityStamp": "oval", "setCode": "WOC", "subtypes": ["Human", "Bard"], "supertypes": ["Legendary"], "text": "Whenever Gylwain, Casting Director or another nontoken creature enters the battlefield under your control, choose one —\n• Create a Royal Role token attached to that creature.\n• Create a Sorcerer Role token attached to that creature.\n• Create a Monster Role token attached to that creature.", "toughness": "3", "type": "Legendary Creature — Human Bard", "types": ["Creature"], "uuid": "6fba97f9-39e3-52de-9a05-298ae07e4108", "variations": ["9942fa0c-6aec-5b70-9b89-b8876768d694"]}, {"artist": "Ekaterina Burmak", "artistIds": ["2a9f3780-fcc8-4ec5-b403-ee1d1370d3b4"], "availability": ["paper"], "borderColor": "black", "colorIdentity": ["B", "U"], "colors": ["B", "U"], "convertedManaCost": 3.0, "finishes": ["nonfoil", "foil"], "foreignData": [], "frameEffects": ["legendary", "extendedart"], "frameVersion": "2015", "hasFoil": true, "hasNonFoil": true, "identifiers": {"cardKingdomId": "281636", "mtgjsonV4Id": "d1ce7a64-6fbd-592e-ab3e-3e2ab8b7f352", "scryfallId": "9cb38d79-d11b-4a3a-9731-9d1e4ef26486", "scryfallIllustrationId": "b38a8250-543c-4b46-88f9-2786bc5dda09", "scryfallOracleId": "868f0a0a-ca9e-4baf-8295-6b228aa834e5", "tcgplayerProductId": "512503"}, "isStarter": true, "keywords": ["Deathtouch", "Flying"], "language": "English", "layout": "normal", "leadershipSkills": {"brawl": false, "commander": true, "oathbreaker": false}, "legalities": {}, "manaCost": "{1}{U}{B}", "manaValue": 3.0, "name": "Tegwyll, Duke of Splendor", "number": "39", "power": "2", "printings": ["WOC"], "promoTypes": ["boosterfun"], "purchaseUrls": {"cardKingdom": "https://mtgjson.com/links/22505bba45bef01f", "tcgplayer": "https://mtgjson.com/links/6e4a9e6231df5874"}, "rarity": "mythic", "securityStamp": "oval", "setCode": "WOC", "subtypes": ["Faerie", "Noble"], "supertypes": ["Legendary"], "text": "Flying, deathtouch\nOther Faeries you control get +1/+1.\nWhenever another Faerie you control dies, you draw a card and you lose 1 life.", "toughness": "3", "type": "Legendary Creature — Faerie Noble", "types": ["Creature"], "uuid": "bdf91395-2a67-5515-91f7-b02d8eb67af8", "variations": ["44050a5a-73c9-5fba-9015-73b8def08301", "16133d11-5468-5776-94d6-abfdbc1a76c6"]}, {"artist": "Dmitry Burmak", "artistIds": ["9872f5c0-274a-48ce-a9ad-6f0d5654e29c"], "availability": ["paper"], "borderColor": "black", "colorIdentity": ["G", "W"], "colors": ["G", "W"], "convertedManaCost": 4.0, "finishes": ["etched"], "foreignData": [], "frameEffects": ["legendary", "inverted"], "frameVersion": "2015", "hasFoil": false, "hasNonFoil": false, "identifiers": {"mtgjsonV4Id": "591feea9-3faa-5619-afb5-503178cdc716", "scryfallId": "dd2e0242-68ad-48ae-9f1b-7c4089b9fe04", "scryfallIllustrationId": "d9bfeb35-3201-4ea3-b4e7-5b1c940bd6e2", "scryfallOracleId": "97f9b82f-b3cf-44ff-9abc-2d92d7cbaa27", "tcgplayerProductId": "512508"}, "isStarter": true, "keywords": ["Role token"], "language": "English", "layout": "normal", "leadershipSkills": {"brawl": false, "commander": true, "oathbreaker": false}, "legalities": {}, "manaCost": "{2}{G}{W}", "manaValue": 4.0, "name": "Ellivere of the Wild Court", "number": "57", "power": "4", "printings": ["WOC"], "promoTypes": ["boosterfun"], "purchaseUrls": {"tcgplayer": "https://mtgjson.com/links/e042d18064c4927a"}, "rarity": "mythic", "securityStamp": "oval", "setCode": "WOC", "subtypes": ["Human", "Knight"], "supertypes": ["Legendary"], "text": "Whenever Ellivere of the Wild Court enters the battlefield or attacks, create a Virtuous Role token attached to another target creature you control. (If you control another Role on it, put that one into the graveyard. Enchanted creature gets +1/+1 for each enchantment you control.)\nWhenever an enchanted creature you control deals combat damage to a player, draw a card.", "toughness": "4", "type": "Legendary Creature — Human Knight", "types": ["Creature"], "uuid": "efd9ef04-7f72-5028-959e-6034d83b3e9d", "variations": ["f2347475-c4ba-55b8-a691-74423976e518", "92da88e8-37f2-59c5-b506-6806151dfe30"]}, {"artist": "Ekaterina Burmak", "artistIds": ["2a9f3780-fcc8-4ec5-b403-ee1d1370d3b4"], "availability": ["paper"], "borderColor": "black", "colorIdentity": ["B", "U"], "colors": ["B", "U"], "convertedManaCost": 3.0, "finishes": ["etched"], "foreignData": [], "frameEffects": ["legendary", "inverted"], "frameVersion": "2015", "hasFoil": false, "hasNonFoil": false, "identifiers": {"mtgjsonV4Id": "25d8d4ee-1cca-5674-ba58-34220e2bf6a0", "scryfallId": "2490ae5f-9920-4333-ba93-5cb250bf9de5", "scryfallIllustrationId": "b38a8250-543c-4b46-88f9-2786bc5dda09", "scryfallOracleId": "868f0a0a-ca9e-4baf-8295-6b228aa834e5", "tcgplayerProductId": "512507"}, "isStarter": true, "keywords": ["Deathtouch", "Flying"], "language": "English", "layout": "normal", "leadershipSkills": {"brawl": false, "commander": true, "oathbreaker": false}, "legalities": {}, "manaCost": "{1}{U}{B}", "manaValue": 3.0, "name": "Tegwyll, Duke of Splendor", "number": "58", "power": "2", "printings": ["WOC"], "promoTypes": ["boosterfun"], "purchaseUrls": {"tcgplayer": "https://mtgjson.com/links/8747bc8a2d34e60a"}, "rarity": "mythic", "securityStamp": "oval", "setCode": "WOC", "subtypes": ["Faerie", "Noble"], "supertypes": ["Legendary"], "text": "Flying, deathtouch\nOther Faeries you control get +1/+1.\nWhenever another Faerie you control dies, you draw a card and you lose 1 life.", "toughness": "3", "type": "Legendary Creature — Faerie Noble", "types": ["Creature"], "uuid": "16133d11-5468-5776-94d6-abfdbc1a76c6", "variations": ["44050a5a-73c9-5fba-9015-73b8def08301", "bdf91395-2a67-5515-91f7-b02d8eb67af8"]}], "code": "WOC", "isFoilOnly": false, "isOnlineOnly": false, "isPartialPreview": true, "keyruneCode": "WOC", "languages": ["English"], "name": "Wilds of Eldraine Commander", "parentCode": "WOE", "releaseDate": "2023-09-08", "sealedProduct": [{"category": "commander_deck", "identifiers": {"tcgplayerProductId": "496043"}, "name": "Wilds of Eldraine Commander Deck Fae Dominion", "purchaseUrls": {"tcgplayer": "https://mtgjson.com/links/b2aac320c026ebf5"}, "releaseDate": "2023-09-08", "uuid": "ddfe3fb9-b57f-526c-ba3a-442e1448f718"}, {"category": "commander_deck", "identifiers": {"tcgplayerProductId": "496044"}, "name": "Wilds of Eldraine Commander Deck Virtue and Valor", "purchaseUrls": {"tcgplayer": "https://mtgjson.com/links/9c90d819dfea2375"}, "releaseDate": "2023-09-08", "uuid": "63462fa8-3fe9-5f0b-a2e7-cea857c514b0"}, {"category": "case", "identifiers": {"tcgplayerProductId": "496045"}, "name": "Wilds of Eldraine Commander Decks - Set of 2", "purchaseUrls": {"tcgplayer": "https://mtgjson.com/links/b8d4a5480520eda5"}, "releaseDate": "2023-09-08", "uuid": "cbae96a6-ae36-584d-abb7-009ed47e8ff5"}, {"category": "commander_deck", "identifiers": {"tcgplayerProductId": "509473"}, "name": "Wilds of Eldraine Commander Deck Case", "purchaseUrls": {"tcgplayer": "https://mtgjson.com/links/8fd607abdc31d6cc"}, "releaseDate": "2023-09-08", "uuid": "0bd0e089-4755-5dbe-8959-df5edbfe2421"}], "tcgplayerGroupId": 23164, "tokens": [], "totalSetSize": 10, "translations": {}, "type": "commander"}}