{"meta": {"date": "2023-08-19", "version": "5.2.1+20230819"}, "data": {"baseSetSize": 39, "block": "Alchemy 2023", "cards": [{"artist": "Paolo Parente", "artistIds": ["d48dd097-720d-476a-8722-6a02854ae28b"], "availability": ["arena"], "borderColor": "black", "colorIdentity": ["W"], "colors": ["W"], "convertedManaCost": 1.0, "finishes": ["nonfoil"], "foreignData": [], "frameVersion": "2015", "hasFoil": false, "hasNonFoil": true, "identifiers": {"mtgArenaId": "83514", "mtgjsonV4Id": "f22d90b7-11fb-58a8-901a-0a48694e843e", "scryfallId": "2fdbcf55-4b8e-43ce-98b8-c556f892e09c", "scryfallIllustrationId": "adf75a7b-0f5b-45d5-bd0e-f5d3b28d0b02", "scryfallOracleId": "e792e7d3-43c3-4a99-be04-318af41399b0"}, "isOnlineOnly": true, "isStarter": true, "keywords": ["Enlist"], "language": "English", "layout": "normal", "legalities": {"alchemy": "Legal", "gladiator": "Legal", "historic": "Legal", "historicbrawl": "Legal"}, "manaCost": "{W}", "manaValue": 1.0, "name": "Benalish Knight-Counselor", "number": "1", "power": "2", "printings": ["YDMU"], "promoTypes": ["alchemy"], "purchaseUrls": {}, "rarity": "uncommon", "setCode": "YDMU", "subtypes": ["Human", "Knight"], "supertypes": [], "text": "Enlist\nWhenever Benalish Knight-Counselor enlists a creature, you get a boon with \"When you cast your next creature spell, that creature enters the battlefield with a +1/+1 counter on it.\"", "toughness": "1", "type": "Creature — Human Knight", "types": ["Creature"], "uuid": "8aff69f1-780d-55aa-bd2c-bcee82874d17"}, {"artist": "Nicholas Elias", "artistIds": ["fc3ad085-6b9e-41a2-8c3d-b4810b515d35"], "availability": ["arena"], "borderColor": "black", "colorIdentity": ["W"], "colors": ["W"], "convertedManaCost": 2.0, "finishes": ["nonfoil"], "foreignData": [], "frameVersion": "2015", "hasFoil": false, "hasNonFoil": true, "identifiers": {"mtgArenaId": "83515", "mtgjsonV4Id": "1d9bdac8-8e00-5194-896a-d1661c75be91", "scryfallId": "d2ba18b1-0d09-4220-bf92-45dc3c5b33a1", "scryfallIllustrationId": "666d4c01-8902-4901-bf54-e75780661b9a", "scryfallOracleId": "62eb096b-c00e-429a-af81-d33c5eeb7eb9"}, "isOnlineOnly": true, "isStarter": true, "language": "English", "layout": "normal", "legalities": {"alchemy": "Legal", "gladiator": "Legal", "historic": "Legal", "historicbrawl": "Legal"}, "manaCost": "{1}{W}", "manaValue": 2.0, "name": "Priest of Possibility", "number": "2", "power": "2", "printings": ["YDMU"], "promoTypes": ["alchemy"], "purchaseUrls": {}, "rarity": "rare", "setCode": "YDMU", "subtypes": ["Kor", "Cleric"], "supertypes": [], "text": "When Priest of Possibility enters the battlefield, look at the top seven cards of your library. If a card among them has flying, Priest of Possibility perpetually gains flying. The same is true for first strike, double strike, deathtouch, haste, hexproof, indestructible, lifelink, menace, protection, reach, trample, and vigilance. Then shuffle.", "toughness": "2", "type": "Creature — Kor Cleric", "types": ["Creature"], "uuid": "dbcd467f-4469-5812-aff9-ce268f329af2"}, {"artist": "Titus Lunter", "artistIds": ["b11e6b3a-f4ca-4cf1-8fd7-475696de5f5c"], "availability": ["arena"], "borderColor": "black", "colorIdentity": ["U", "W"], "colors": ["W"], "convertedManaCost": 3.0, "finishes": ["nonfoil"], "foreignData": [], "frameVersion": "2015", "hasFoil": false, "hasNonFoil": true, "identifiers": {"mtgArenaId": "83516", "mtgjsonV4Id": "151fb9e8-082e-55b6-be16-45aa875f9309", "scryfallId": "1756ce4f-6ed6-4d69-9011-ff19abadb2e8", "scryfallIllustrationId": "c03830d5-9078-4353-8017-ac64f93690ea", "scryfallOracleId": "f640230f-0ccb-46a5-8178-d37baf77f45a"}, "isOnlineOnly": true, "isStarter": true, "keywords": ["Kicker"], "language": "English", "layout": "normal", "legalities": {"alchemy": "Legal", "gladiator": "Legal", "historic": "Legal", "historicbrawl": "Legal"}, "manaCost": "{1}{W}{W}", "manaValue": 3.0, "name": "Pull of the Mist Moon", "number": "3", "printings": ["YDMU"], "promoTypes": ["alchemy"], "purchaseUrls": {}, "rarity": "uncommon", "setCode": "YDMU", "subtypes": [], "supertypes": [], "text": "Kicker {1}{U}\nWhen Pull of the Mist Moon enters the battlefield, exile target nonland permanent an opponent controls until Pull of the Mist Moon leaves the battlefield.\nWhen Pull of the Mist Moon enters the battlefield, if it was kicked, choose a nonland permanent card in your hand. It perpetually gains \"When this permanent enters the battlefield, exile target nonland permanent an opponent controls until this permanent leaves the battlefield.\"", "type": "Enchantment", "types": ["Enchantment"], "uuid": "d089e64f-2158-5fd3-8545-f1dcaa5c83ae"}, {"artist": "Nino Vecia", "artistIds": ["21466232-678a-4836-89fd-82cb15f52366"], "availability": ["arena"], "borderColor": "black", "colorIdentity": ["U"], "colors": ["U"], "convertedManaCost": 3.0, "finishes": ["nonfoil"], "foreignData": [], "frameVersion": "2015", "hasFoil": false, "hasNonFoil": true, "identifiers": {"mtgArenaId": "83517", "mtgjsonV4Id": "91c896cf-ef25-558a-93af-71052bc6f739", "scryfallId": "003cb181-7b1d-474a-ba26-84319791bc2b", "scryfallIllustrationId": "0955d02c-84ab-442a-adb4-eaf175801048", "scryfallOracleId": "b77dcee1-f42e-4c9d-b6b7-6d5885826060"}, "isOnlineOnly": true, "isStarter": true, "keywords": ["Conjure", "Flying", "Scry"], "language": "English", "layout": "normal", "legalities": {"alchemy": "Legal", "gladiator": "Legal", "historic": "Legal", "historicbrawl": "Legal"}, "manaCost": "{2}{U}", "manaValue": 3.0, "name": "Oracle of the Alpha", "number": "4", "power": "2", "printings": ["YDMU"], "promoTypes": ["alchemy"], "purchaseUrls": {}, "rarity": "mythic", "relatedCards": {"spellbook": ["Black Lotus", "Timetwister", "Mox Ruby", "Mox Pearl", "Mox Sapphire", "Mox Jet", "Ancestral Recall", "Time Walk", "Mox Emerald"]}, "setCode": "YDMU", "subtypes": ["Bird", "Wizard"], "supertypes": [], "text": "Flying\nWhen Oracle of the Alpha enters the battlefield, conjure the Power Nine into your library, then shuffle.\nWhenever Oracle of the Alpha attacks, scry 1.", "toughness": "3", "type": "Creature — Bird Wizard", "types": ["Creature"], "uuid": "82ddaaeb-f357-571a-a240-96182d777562"}, {"artist": "Gaboleps", "artistIds": ["0c37cdfe-5651-4ae6-a3c8-e7153509f970"], "availability": ["arena"], "borderColor": "black", "colorIdentity": ["U"], "colors": ["U"], "convertedManaCost": 4.0, "finishes": ["nonfoil"], "foreignData": [], "frameVersion": "2015", "hasFoil": false, "hasNonFoil": true, "identifiers": {"mtgArenaId": "83518", "mtgjsonV4Id": "00b34e98-c14a-5fca-9d28-5583a4293b88", "scryfallId": "940297d1-0402-4061-8a9f-747b479058f6", "scryfallIllustrationId": "9d0f16d0-62d1-4af0-9063-846cbd0a957e", "scryfallOracleId": "873f362b-1307-4464-980d-8f064b9382f0"}, "isOnlineOnly": true, "isStarter": true, "keywords": ["Conjure", "Domain", "Flying"], "language": "English", "layout": "normal", "legalities": {"alchemy": "Legal", "gladiator": "Legal", "historic": "Legal", "historicbrawl": "Legal"}, "manaCost": "{3}{U}", "manaValue": 4.0, "name": "Skywriter Djinn", "number": "5", "power": "3", "printings": ["YDMU"], "promoTypes": ["alchemy"], "purchaseUrls": {}, "rarity": "rare", "relatedCards": {"spellbook": ["Ghostform", "Keep Safe", "Bury in Books", "Teferi's Time Twist", "Befuddle", "Majestic Metamorphosis", "Hard Evidence", "Startle", "Hampering Snare", "Flood of Recollection", "See the Truth", "Choking Tethers", "Suit Up", "Stifle", "Contentious Plan"]}, "setCode": "YDMU", "subtypes": ["Djinn"], "supertypes": [], "text": "Flying\nDomain — When Skywriter Djinn enters the battlefield, conjure a random card from Skywriter Djinn's spellbook into your hand. Then if you have fewer cards in hand than the number of basic land types among lands you control, repeat this process.", "toughness": "4", "type": "Creature — Djinn", "types": ["Creature"], "uuid": "2c5ed532-7b4e-5d9d-8d90-51aabad907f3"}, {"artist": "Nino Vecia", "artistIds": ["21466232-678a-4836-89fd-82cb15f52366"], "availability": ["arena"], "borderColor": "black", "colorIdentity": ["U"], "colors": ["U"], "convertedManaCost": 3.0, "finishes": ["nonfoil"], "foreignData": [], "frameVersion": "2015", "hasFoil": false, "hasNonFoil": true, "identifiers": {"mtgArenaId": "83519", "mtgjsonV4Id": "530afd81-f19e-5509-b868-c58e972adeef", "scryfallId": "22d169cf-08b4-40eb-aee3-14d0496c38fd", "scryfallIllustrationId": "915c1008-7ef8-420e-923b-078bf3f6eec5", "scryfallOracleId": "42c4f725-bc6a-40f6-aa88-1dd5cf5c70cc"}, "isOnlineOnly": true, "isStarter": true, "keywords": ["Seek"], "language": "English", "layout": "normal", "legalities": {"alchemy": "Legal", "gladiator": "Legal", "historic": "Legal", "historicbrawl": "Legal"}, "manaCost": "{2}{U}", "manaValue": 3.0, "name": "Trove Mage", "number": "6", "power": "2", "printings": ["YDMU"], "promoTypes": ["alchemy"], "purchaseUrls": {}, "rarity": "uncommon", "setCode": "YDMU", "subtypes": ["Human", "Wizard"], "supertypes": [], "text": "When Trove Mage enters the battlefield, seek an artifact card from among the top ten cards of your library, then shuffle.", "toughness": "2", "type": "Creature — Human Wizard", "types": ["Creature"], "uuid": "05e9d78a-a629-58d3-baf1-467803356a52"}, {"artist": "Monztre", "artistIds": ["79f1426a-bb52-4801-ad62-eddf0daa5b22"], "availability": ["arena"], "borderColor": "black", "colorIdentity": ["B", "U"], "colors": ["U"], "convertedManaCost": 2.0, "finishes": ["nonfoil"], "foreignData": [], "frameVersion": "2015", "hasFoil": false, "hasNonFoil": true, "identifiers": {"mtgArenaId": "83520", "mtgjsonV4Id": "ea6c4310-e340-5e06-9f95-45569c87a272", "scryfallId": "f06c8847-f11f-40ad-aecf-36ca709b5ca0", "scryfallIllustrationId": "a0b0a8d2-154c-48ba-a708-1d56c6e2b813", "scryfallOracleId": "994342ec-9e03-4b67-aa62-ef67d08b12ce"}, "isOnlineOnly": true, "isStarter": true, "keywords": ["Conjure", "Kicker"], "language": "English", "layout": "normal", "legalities": {"alchemy": "Legal", "gladiator": "Legal", "historic": "Legal", "historicbrawl": "Legal"}, "manaCost": "{1}{U}", "manaValue": 2.0, "name": "Vesuvan Mist", "number": "7", "printings": ["YDMU"], "promoTypes": ["alchemy"], "purchaseUrls": {}, "rarity": "uncommon", "setCode": "YDMU", "subtypes": [], "supertypes": [], "text": "Kicker {1}{B}\nReturn target nontoken, nonland permanent to its owner's hand. If this spell was kicked, conjure a duplicate of that card into your hand. It perpetually gains \"You may spend mana as though it were mana of any color to cast this spell.\"", "type": "Instant", "types": ["Instant"], "uuid": "b10c841a-6a35-5b97-92a2-eb812d7ce710"}, {"artist": "Brian Valeza", "artistIds": ["bb2a9339-bbe4-445f-9736-3c43379ee076"], "availability": ["arena"], "borderColor": "black", "colorIdentity": ["B", "R"], "colors": ["B"], "convertedManaCost": 2.0, "finishes": ["nonfoil"], "foreignData": [], "frameVersion": "2015", "hasFoil": false, "hasNonFoil": true, "identifiers": {"mtgArenaId": "83521", "mtgjsonV4Id": "5029710c-deab-5443-9bf6-714b7dda7142", "scryfallId": "729cbf26-1390-4307-9ba6-e2e27252bb11", "scryfallIllustrationId": "4acd9d7f-766a-4c9b-a4b9-cf921863d190", "scryfallOracleId": "84aefd30-87fd-4b33-8192-5eb8bc0ada08"}, "isOnlineOnly": true, "isStarter": true, "keywords": ["Flying", "Kicker", "Seek"], "language": "English", "layout": "normal", "legalities": {"alchemy": "Legal", "gladiator": "Legal", "historic": "Legal", "historicbrawl": "Legal"}, "manaCost": "{1}{B}", "manaValue": 2.0, "name": "Darigaaz's Whelp", "number": "8", "power": "2", "printings": ["YDMU"], "promoTypes": ["alchemy"], "purchaseUrls": {}, "rarity": "uncommon", "setCode": "YDMU", "subtypes": ["Dragon"], "supertypes": [], "text": "Kicker {1}{R}\nFlying\nWhenever you draw a Dragon card, it perpetually gets +1/+1.\nWhen Darigaaz's Whelp enters the battlefield, if it was kicked, seek a Dragon card. Darigaaz's Whelp and that Dragon card each perpetually get +1/+1.", "toughness": "1", "type": "Creature — Dragon", "types": ["Creature"], "uuid": "b07f702c-69ac-5ec6-9043-d04b44268ea2"}, {"artist": "Bruno Biazotto", "artistIds": ["18947a30-a1b4-4b0d-979e-ef1f2a080f35"], "availability": ["arena"], "borderColor": "black", "colorIdentity": ["B"], "colors": ["B"], "convertedManaCost": 3.0, "finishes": ["nonfoil"], "foreignData": [], "frameVersion": "2015", "hasFoil": false, "hasNonFoil": true, "identifiers": {"mtgArenaId": "83522", "mtgjsonV4Id": "665e7b0e-2f5f-5e34-94f7-4fad851704c0", "scryfallId": "7f6ef60c-19c4-4981-8997-2d6af96ea21c", "scryfallIllustrationId": "efabcf0d-623b-4fa1-9f03-e02f3d9387e2", "scryfallOracleId": "d8ef2c24-1620-42a4-a2ba-884623e089a4"}, "isOnlineOnly": true, "isStarter": true, "language": "English", "layout": "normal", "legalities": {"alchemy": "Legal", "gladiator": "Legal", "historic": "Legal", "historicbrawl": "Legal"}, "manaCost": "{1}{B}{B}", "manaValue": 3.0, "name": "Diminished Returner", "number": "9", "power": "4", "printings": ["YDMU"], "promoTypes": ["alchemy"], "purchaseUrls": {}, "rarity": "uncommon", "setCode": "YDMU", "subtypes": ["Phyrexian", "Skeleton"], "supertypes": [], "text": "Diminished Returner enters the battlefield tapped.\n{B}{B}: Diminished Returner perpetually gets -1/-1, then return it to the battlefield. Activate only if Diminished Returner is in your graveyard and its toughness is 2 or greater.", "toughness": "3", "type": "Creature — Phyrexian Skeleton", "types": ["Creature"], "uuid": "17af4c4b-38cb-5a3f-a096-17bf3b4408b2"}, {"artist": "stoicHua", "artistIds": ["a0774055-1a0b-41d1-90aa-b63191570726"], "availability": ["arena"], "borderColor": "black", "colorIdentity": ["B"], "colors": ["B"], "convertedManaCost": 2.0, "finishes": ["nonfoil"], "foreignData": [], "frameVersion": "2015", "hasFoil": false, "hasNonFoil": true, "identifiers": {"mtgArenaId": "83523", "mtgjsonV4Id": "cf93a8cb-6d10-5cee-8585-b24746cc8695", "scryfallId": "1586ead9-4045-4f72-b68d-bef8d496f27c", "scryfallIllustrationId": "b8e15df2-6890-44f0-888f-f35734e212f1", "scryfallOracleId": "d13b0316-5bc9-454b-b84f-42eae605da2e"}, "isOnlineOnly": true, "isStarter": true, "language": "English", "layout": "normal", "leadershipSkills": {"brawl": false, "commander": true, "oathbreaker": false}, "legalities": {"alchemy": "Legal", "gladiator": "Legal", "historic": "Legal", "historicbrawl": "Legal"}, "manaCost": "{1}{B}", "manaValue": 2.0, "name": "Reezug, the Bonecobbler", "number": "10", "power": "1", "printings": ["YDMU"], "promoTypes": ["alchemy"], "purchaseUrls": {}, "rarity": "mythic", "setCode": "YDMU", "subtypes": ["Spirit", "Artificer"], "supertypes": ["Legendary"], "text": "{T}: Target creature card in your graveyard perpetually becomes an artifact. You may cast that card this turn. (It loses all other card types.)", "toughness": "3", "type": "Legendary Creature — Spirit Artificer", "types": ["Creature"], "uuid": "5ebd2472-7e29-5a34-9c87-ef1c6e63f521"}, {"artist": "Michele Giorgi", "artistIds": ["60ff7459-c81d-41e6-bec1-4264c2161014"], "availability": ["arena"], "borderColor": "black", "colorIdentity": ["B"], "colors": ["B"], "convertedManaCost": 3.0, "finishes": ["nonfoil"], "foreignData": [], "frameVersion": "2015", "hasFoil": false, "hasNonFoil": true, "identifiers": {"mtgArenaId": "83524", "mtgjsonV4Id": "7dce8b83-a542-59e8-8721-1e6e3db163af", "scryfallId": "9fc33271-4aab-47b2-b723-e5a60c542019", "scryfallIllustrationId": "af3a4d14-dd05-426c-bdc3-7e1902bb73d0", "scryfallOracleId": "0d078613-354a-4252-b42d-fdf0d1964065"}, "isOnlineOnly": true, "isStarter": true, "keywords": ["Crew", "Deathtouch", "Lifelink", "Menace"], "language": "English", "layout": "normal", "legalities": {"alchemy": "Legal", "gladiator": "Legal", "historic": "Legal", "historicbrawl": "Legal"}, "manaCost": "{2}{B}", "manaValue": 3.0, "name": "Smogbelcher Chariot", "number": "11", "power": "3", "printings": ["YDMU"], "promoTypes": ["alchemy"], "purchaseUrls": {}, "rarity": "rare", "setCode": "YDMU", "subtypes": ["Vehicle"], "supertypes": [], "text": "Menace, deathtouch, lifelink\nWhenever Smogbelcher Chariot attacks, target creature that crewed it this turn perpetually gains your choice of menace, deathtouch, or lifelink.\nCrew 3", "toughness": "3", "type": "Artifact — Vehicle", "types": ["Artifact"], "uuid": "c6d1654f-a75e-563d-bd28-1353d5989a81"}, {"artist": "Jason Rainville", "artistIds": ["6ed7e669-579b-443d-b223-e5cbcb2a7483"], "availability": ["arena"], "borderColor": "black", "colorIdentity": ["R"], "colors": ["R"], "convertedManaCost": 2.0, "finishes": ["nonfoil"], "foreignData": [], "frameVersion": "2015", "hasFoil": false, "hasNonFoil": true, "identifiers": {"mtgArenaId": "83525", "mtgjsonV4Id": "65aa06a3-3b33-54e4-94b6-956ce896efad", "scryfallId": "37f62730-8dfe-472e-8f8f-d9ebefa2e062", "scryfallIllustrationId": "d5cbd170-508d-49d2-9455-1a788ffa3d56", "scryfallOracleId": "31fe9643-3471-42d0-9097-d114f08687a8"}, "isOnlineOnly": true, "isStarter": true, "keywords": ["Prowess", "Seek"], "language": "English", "layout": "normal", "legalities": {"alchemy": "Legal", "gladiator": "Legal", "historic": "Legal", "historicbrawl": "Legal"}, "manaCost": "{1}{R}", "manaValue": 2.0, "name": "Ghitu Embercoiler", "number": "12", "power": "2", "printings": ["YDMU"], "promoTypes": ["alchemy"], "purchaseUrls": {}, "rarity": "rare", "setCode": "YDMU", "subtypes": ["Human", "Wizard"], "supertypes": [], "text": "Prowess\nAt the beginning of your precombat main phase, you may discard a card. If you do, seek a card with greater mana value and exile it. Until the end of your next turn, you may play the exiled card.", "toughness": "2", "type": "Creature — Human Wizard", "types": ["Creature"], "uuid": "ee7fa73e-e32b-5225-a40d-845a1aa2e330"}, {"artist": "Jennie Kim", "artistIds": ["215876e7-5a05-4b04-9e79-eb83d50283d6"], "availability": ["arena"], "borderColor": "black", "colorIdentity": ["R"], "colors": ["R"], "convertedManaCost": 4.0, "finishes": ["nonfoil"], "foreignData": [], "frameVersion": "2015", "hasFoil": false, "hasNonFoil": true, "identifiers": {"mtgArenaId": "83526", "mtgjsonV4Id": "ab1a5e62-65bc-547b-bf64-5ca44e7f4c09", "scryfallId": "6da10d77-1a3c-41c4-ae6e-c48947c9d3de", "scryfallIllustrationId": "6545cfe1-b7d8-48b6-a7d9-09814e16f5a4", "scryfallOracleId": "ac50acc1-b1dd-45a0-905b-785562488d38"}, "isOnlineOnly": true, "isStarter": true, "keywords": ["Conjure"], "language": "English", "layout": "normal", "legalities": {"alchemy": "Legal", "gladiator": "Legal", "historic": "Legal", "historicbrawl": "Legal"}, "manaCost": "{3}{R}", "manaValue": 4.0, "name": "Goblin Influx Array", "number": "13", "printings": ["YDMU"], "promoTypes": ["alchemy"], "purchaseUrls": {}, "rarity": "rare", "relatedCards": {"spellbook": ["Goblin Arsonist", "Wily Goblin", "Ember Hauler", "Brash Taunter", "Skirk Prospector", "Goblin Trashmaster", "Goblin Warchief", "Goblin Chieftain", "Battle Cry Goblin", "Legion Warboss", "Reckless Ringleader", "Fanatical Firebrand", "Relic Robber", "Goblin Instigator", "Beetleback Chief"]}, "setCode": "YDMU", "subtypes": [], "supertypes": [], "text": "Goblin spells you cast cost {R} less to cast. (If it doesn't require {R}, it costs {1} less to cast.)\nAt the beginning of your end step, conjure a random card from Goblin Influx Array's spellbook into your hand.", "type": "Enchantment", "types": ["Enchantment"], "uuid": "68f98ea2-ea18-551b-9204-4384500753d5"}, {"artist": "Inkognit", "artistIds": ["0ebd73e7-55c9-49d6-bf99-241f10801f89"], "availability": ["arena"], "borderColor": "black", "colorIdentity": ["R"], "colors": ["R"], "convertedManaCost": 2.0, "finishes": ["nonfoil"], "foreignData": [], "frameVersion": "2015", "hasFoil": false, "hasNonFoil": true, "identifiers": {"mtgArenaId": "83527", "mtgjsonV4Id": "34cc4468-7f30-520f-82d9-3b302113f569", "scryfallId": "06b6cc77-4c0e-432e-b73c-f14876ce72fc", "scryfallIllustrationId": "e7b5bc8b-b9f2-42ca-9ea4-0c2396f8de31", "scryfallOracleId": "48481142-181d-4e46-8643-0775f03d6f94"}, "isOnlineOnly": true, "isStarter": true, "keywords": ["Conjure", "Enlist", "Haste"], "language": "English", "layout": "normal", "legalities": {"alchemy": "Legal", "gladiator": "Legal", "historic": "Legal", "historicbrawl": "Legal"}, "manaCost": "{1}{R}", "manaValue": 2.0, "name": "Goblin Morale Sergeant", "number": "14", "power": "2", "printings": ["YDMU"], "promoTypes": ["alchemy"], "purchaseUrls": {}, "rarity": "uncommon", "setCode": "YDMU", "subtypes": ["Goblin", "Soldier"], "supertypes": [], "text": "Haste\nEnlist\nWhenever Goblin Morale Sergeant enlists a nontoken creature, you may conjure a duplicate of that creature into the top five cards of your library at random. The duplicate perpetually gets +1/+0 and gains haste.", "toughness": "1", "type": "Creature — Goblin Soldier", "types": ["Creature"], "uuid": "bba3226b-2702-53d1-bcba-0807d1bf82ef"}, {"artist": "Michele Giorgi", "artistIds": ["60ff7459-c81d-41e6-bec1-4264c2161014"], "availability": ["arena"], "borderColor": "black", "colorIdentity": ["R", "U"], "colors": ["R"], "convertedManaCost": 1.0, "finishes": ["nonfoil"], "foreignData": [], "frameVersion": "2015", "hasFoil": false, "hasNonFoil": true, "identifiers": {"mtgArenaId": "83528", "mtgjsonV4Id": "a2dac40f-e86d-5939-8514-0ecccd749049", "scryfallId": "debe025d-c1ca-4d10-a991-6e4bbf44d15c", "scryfallIllustrationId": "057f87c1-e273-46b5-bd59-4b77a5429e16", "scryfallOracleId": "aae9c4e3-8816-4998-8f36-18f0c669f5cb"}, "isOnlineOnly": true, "isStarter": true, "keywords": ["Conjure", "Kicker"], "language": "English", "layout": "normal", "legalities": {"alchemy": "Legal", "gladiator": "Legal", "historic": "Legal", "historicbrawl": "Legal"}, "manaCost": "{R}", "manaValue": 1.0, "name": "Spellchain Scatter", "number": "15", "printings": ["YDMU"], "promoTypes": ["alchemy"], "purchaseUrls": {}, "rarity": "uncommon", "setCode": "YDMU", "subtypes": [], "supertypes": [], "text": "Kicker {U}\nWhen you cast your next instant or sorcery spell this turn, conjure a duplicate of that spell into your hand. If this spell wasn't kicked, discard the duplicate at the beginning of your next end step.", "type": "Instant", "types": ["Instant"], "uuid": "156ed5b0-2827-564f-a6cd-e65322d9e264"}, {"artist": "Alessandra Pisano", "artistIds": ["15869690-bf3c-4498-a577-409a6bde5c83"], "availability": ["arena"], "borderColor": "black", "colorIdentity": ["G"], "colors": ["G"], "convertedManaCost": 4.0, "finishes": ["nonfoil"], "foreignData": [], "frameVersion": "2015", "hasFoil": false, "hasNonFoil": true, "identifiers": {"mtgArenaId": "83529", "mtgjsonV4Id": "005c4a58-1f0f-5152-85c6-97451155bb4f", "scryfallId": "8ef95e7a-9f07-41f8-908b-2df93e03d391", "scryfallIllustrationId": "ba8aa766-530d-4c24-b274-facc7a634102", "scryfallOracleId": "dbb75957-0d17-4c35-a979-b1b63f287a55"}, "isOnlineOnly": true, "isStarter": true, "keywords": ["Conjure"], "language": "English", "layout": "normal", "legalities": {"alchemy": "Legal", "gladiator": "Legal", "historic": "Legal", "historicbrawl": "Legal"}, "manaCost": "{X}{2}{G}{G}", "manaValue": 4.0, "name": "Marwyn's Kindred", "number": "16", "printings": ["YDMU"], "promoTypes": ["alchemy"], "purchaseUrls": {}, "rarity": "mythic", "setCode": "YDMU", "subtypes": [], "supertypes": [], "text": "Conjure a card named Marwyn, the Nurturer and X cards named Llanowar Elves onto the battlefield.", "type": "Sorcery", "types": ["Sorcery"], "uuid": "e9ee6132-3116-542a-994c-6c936995fe60"}, {"artist": "Simon Dominic", "artistIds": ["b0e80135-db5a-4b88-a0bc-815a0e94faa1"], "availability": ["arena"], "borderColor": "black", "colorIdentity": ["B", "G"], "colors": ["G"], "convertedManaCost": 4.0, "finishes": ["nonfoil"], "foreignData": [], "frameVersion": "2015", "hasFoil": false, "hasNonFoil": true, "identifiers": {"mtgArenaId": "83530", "mtgjsonV4Id": "593697e3-56c0-5364-ae41-7ed35e3c18d0", "scryfallId": "89675352-bd14-4922-aa9c-9ac7f2967692", "scryfallIllustrationId": "351b2245-1118-4ca9-b63f-3d59023da3d6", "scryfallOracleId": "e6ea1ff2-0cfc-46cb-845c-06faf98cd388"}, "isOnlineOnly": true, "isStarter": true, "keywords": ["Conjure", "Kicker"], "language": "English", "layout": "normal", "legalities": {"alchemy": "Legal", "gladiator": "Legal", "historic": "Legal", "historicbrawl": "Legal"}, "manaCost": "{2}{G}{G}", "manaValue": 4.0, "name": "Nantuko Slicer", "number": "17", "power": "3", "printings": ["YDMU"], "promoTypes": ["alchemy"], "purchaseUrls": {}, "rarity": "rare", "setCode": "YDMU", "subtypes": ["Insect"], "supertypes": [], "text": "Kicker {B}\nWhen Nantuko Slicer enters the battlefield, return target card from your graveyard to your hand. If this spell was kicked, conjure a duplicate of target card in an opponent's graveyard into your hand. It perpetually gains \"You may spend mana as though it were mana of any color to cast this spell.\"", "toughness": "2", "type": "Creature — Insect", "types": ["Creature"], "uuid": "2e3be5a0-d15e-50b0-a3b9-a38cb6f969d2"}, {"artist": "David Astruga", "artistIds": ["4fa5b0e2-1324-4407-98b8-3282395a03e3"], "availability": ["arena"], "borderColor": "black", "colorIdentity": ["G"], "colors": ["G"], "convertedManaCost": 2.0, "finishes": ["nonfoil"], "foreignData": [], "frameVersion": "2015", "hasFoil": false, "hasNonFoil": true, "identifiers": {"mtgArenaId": "83531", "mtgjsonV4Id": "d91548c4-e3f5-5a45-b65e-a328c16337ec", "scryfallId": "b03f2a8c-3125-4c99-a655-40f04c2db092", "scryfallIllustrationId": "eb4695b5-f79a-497b-a35f-43e6fafc32f9", "scryfallOracleId": "565056b0-bd8f-459a-9c6c-22e2661f0ccb"}, "isOnlineOnly": true, "isStarter": true, "keywords": ["Reach"], "language": "English", "layout": "normal", "legalities": {"alchemy": "Legal", "gladiator": "Legal", "historic": "Legal", "historicbrawl": "Legal"}, "manaCost": "{1}{G}", "manaValue": 2.0, "name": "Vinesoul Spider", "number": "18", "power": "3", "printings": ["YDMU"], "promoTypes": ["alchemy"], "purchaseUrls": {}, "rarity": "uncommon", "setCode": "YDMU", "subtypes": ["Elemental", "Spider"], "supertypes": [], "text": "Reach\nAt the beginning of your end step, put a random land card from your library into your graveyard.", "toughness": "2", "type": "Creature — Elemental Spider", "types": ["Creature"], "uuid": "a0bc915e-fbc7-5e49-856e-886b123105f2"}, {"artist": "Iris Compiet", "artistIds": ["aa807c8c-d07f-4f09-90d3-b2cbf5b86dbf"], "availability": ["arena"], "borderColor": "black", "colorIdentity": ["G"], "colors": ["G"], "convertedManaCost": 2.0, "finishes": ["nonfoil"], "foreignData": [], "frameVersion": "2015", "hasFoil": false, "hasNonFoil": true, "identifiers": {"mtgArenaId": "83532", "mtgjsonV4Id": "304fb2ea-db04-5a69-af66-79b28dc93810", "scryfallId": "3844dea9-b922-4af0-8527-2d9439e96086", "scryfallIllustrationId": "5a337011-0f81-4029-81fd-c37fa0b7b131", "scryfallOracleId": "f515cdc8-c39f-4c98-a970-faafad458ec2"}, "isOnlineOnly": true, "isStarter": true, "keywords": ["Domain", "Seek", "Vigilance"], "language": "English", "layout": "normal", "legalities": {"alchemy": "Legal", "gladiator": "Legal", "historic": "Legal", "historicbrawl": "Legal"}, "manaCost": "{1}{G}", "manaValue": 2.0, "name": "Wandering Treefolk", "number": "19", "power": "2", "printings": ["YDMU"], "promoTypes": ["alchemy"], "purchaseUrls": {}, "rarity": "uncommon", "setCode": "YDMU", "subtypes": ["Treefolk"], "supertypes": [], "text": "Vigilance\nDomain — {7}{G}: Seek a creature card. This ability costs {1} less to activate for each basic land type among lands you control.", "toughness": "3", "type": "Creature — Treefolk", "types": ["Creature"], "uuid": "d4be0473-40e5-51a6-b596-c8186d794bff"}, {"artist": "Maaz Ali Khan", "artistIds": ["52014e37-b594-4572-9783-674eac79790a"], "availability": ["arena"], "borderColor": "black", "colorIdentity": ["B", "W"], "colors": ["B", "W"], "convertedManaCost": 2.0, "finishes": ["nonfoil"], "foreignData": [], "frameVersion": "2015", "hasFoil": false, "hasNonFoil": true, "identifiers": {"mtgArenaId": "83533", "mtgjsonV4Id": "3aa3a709-f07e-55af-bc28-78682ba99298", "scryfallId": "a9c789e1-f531-4bde-8a47-2ac192c66125", "scryfallIllustrationId": "87598612-b814-4115-8a54-219b8e32594d", "scryfallOracleId": "67e8800b-9b74-4010-af04-d619cafedaa6"}, "isOnlineOnly": true, "isStarter": true, "keywords": ["Deathtouch", "Lifelink"], "language": "English", "layout": "normal", "leadershipSkills": {"brawl": false, "commander": true, "oathbreaker": false}, "legalities": {"alchemy": "Legal", "gladiator": "Legal", "historic": "Legal", "historicbrawl": "Legal"}, "manaCost": "{W}{B}", "manaValue": 2.0, "name": "Arvad, Weatherlight Smuggler", "number": "20", "power": "1", "printings": ["YDMU"], "promoTypes": ["alchemy"], "purchaseUrls": {}, "rarity": "rare", "setCode": "YDMU", "subtypes": ["Vampire", "Knight"], "supertypes": ["Legendary"], "text": "Deathtouch, lifelink\nAt the beginning of your end step, if a creature died this turn, Arvad, Weatherlight Smuggler perpetually gets +X/+X where X is the number of creatures that died this turn. This ability also triggers if Arvad is in your graveyard.", "toughness": "1", "type": "Legendary Creature — Vampire Knight", "types": ["Creature"], "uuid": "95faa06f-7ef5-5dfa-b834-7ce13dbfc30b"}, {"artist": "Pete Venters", "artistIds": ["d54c4a1a-c0c5-4834-84db-125d341f3ad8"], "availability": ["arena"], "borderColor": "black", "colorIdentity": ["B", "G"], "colors": ["B", "G"], "convertedManaCost": 2.0, "finishes": ["nonfoil"], "foreignData": [], "frameVersion": "2015", "hasFoil": false, "hasNonFoil": true, "identifiers": {"mtgArenaId": "83534", "mtgjsonV4Id": "cf49491b-4a31-5d38-b49e-e5bb3efabb2d", "scryfallId": "27522702-80d0-4ba4-93ef-4ede55c07ae4", "scryfallIllustrationId": "86b8b62f-3e75-4179-9864-32b0e1adf643", "scryfallOracleId": "761c1f3d-e5e0-43cc-8c27-c4ced68b381b"}, "isOnlineOnly": true, "isStarter": true, "language": "English", "layout": "normal", "legalities": {"alchemy": "Legal", "gladiator": "Legal", "historic": "Legal", "historicbrawl": "Legal"}, "manaCost": "{B}{G}", "manaValue": 2.0, "name": "Bloodsprout Talisman", "number": "21", "printings": ["YDMU"], "promoTypes": ["alchemy"], "purchaseUrls": {}, "rarity": "rare", "setCode": "YDMU", "subtypes": [], "supertypes": [], "text": "Bloodsprout Talisman enters the battlefield tapped.\n{T}, Pay 1 life: Choose a nonland card in your hand. It perpetually gains \"This spell costs {1} less to cast.\"", "type": "Artifact", "types": ["Artifact"], "uuid": "fae54a4d-d408-549a-8e39-260dc6b54bf3"}, {"artist": "Andrew Mar", "artistIds": ["adad79bf-cd52-456a-b170-740ed8bff0fc"], "availability": ["arena"], "borderColor": "black", "colorIdentity": ["B", "G", "R"], "colors": ["B", "G", "R"], "convertedManaCost": 5.0, "finishes": ["nonfoil"], "foreignData": [], "frameVersion": "2015", "hasFoil": false, "hasNonFoil": true, "identifiers": {"mtgArenaId": "83535", "mtgjsonV4Id": "2f6e3c3a-d116-5aab-8f23-f616c5c6135a", "scryfallId": "88cb6f1c-d839-460e-b40f-665254d914cb", "scryfallIllustrationId": "6fa98eea-752f-4b30-b5e5-c9512d780266", "scryfallOracleId": "c10723bf-e007-4ae9-9db1-a9fc6a824a26"}, "isOnlineOnly": true, "isStarter": true, "keywords": ["Conjure", "Flying"], "language": "English", "layout": "normal", "leadershipSkills": {"brawl": false, "commander": true, "oathbreaker": false}, "legalities": {"alchemy": "Legal", "gladiator": "Legal", "historic": "Legal", "historicbrawl": "Legal"}, "manaCost": "{2}{B}{R}{G}", "manaValue": 5.0, "name": "Darigaaz, Shivan Champion", "number": "22", "power": "5", "printings": ["YDMU"], "promoTypes": ["alchemy"], "purchaseUrls": {}, "rarity": "mythic", "relatedCards": {"spellbook": ["Skarrgan Hellkite", "Manaform Hellkite", "Shivan Dragon", "Leyline Tyrant", "Thunderbreak Regent", "Black Dragon", "Terror of the Peaks", "Moonveil Regent", "Immersturm Predator", "Red Dragon", "Bone Dragon", "Demanding Dragon", "Skyship Stalker"]}, "setCode": "YDMU", "subtypes": ["Dragon"], "supertypes": ["Legendary"], "text": "Flying\nAt the beginning of your end step, conjure a random card from Darigaaz, Shivan Champion's spellbook into exile face down with three egg counters on it. It gains \"At the beginning of your upkeep, if this card is exiled, remove an egg counter from it. Then if it has no egg counters on it, put it onto the battlefield.\"", "toughness": "5", "type": "Legendary Creature — Dragon", "types": ["Creature"], "uuid": "d3fc4175-52f7-555d-afa0-e399d9935adc"}, {"artist": "Monztre", "artistIds": ["79f1426a-bb52-4801-ad62-eddf0daa5b22"], "availability": ["arena"], "borderColor": "black", "colorIdentity": ["B", "W"], "colors": ["B", "W"], "convertedManaCost": 2.0, "finishes": ["nonfoil"], "foreignData": [], "frameVersion": "2015", "hasFoil": false, "hasNonFoil": true, "identifiers": {"mtgArenaId": "83536", "mtgjsonV4Id": "326a4049-c840-50d6-aca9-0e8c51bfdef1", "scryfallId": "56137a4a-6e5f-4049-b0f2-f70aa5be5199", "scryfallIllustrationId": "a50ce460-1420-40d5-9705-0aa4723b9af6", "scryfallOracleId": "1015f68c-f6fe-4e19-80c4-2bd489b379be"}, "isOnlineOnly": true, "isStarter": true, "keywords": ["Vigilance"], "language": "English", "layout": "normal", "legalities": {"alchemy": "Legal", "gladiator": "Legal", "historic": "Legal", "historicbrawl": "Legal"}, "manaCost": "{W}{B}", "manaValue": 2.0, "name": "Juggernaut Peddler", "number": "23", "power": "2", "printings": ["YDMU"], "promoTypes": ["alchemy"], "purchaseUrls": {}, "rarity": "rare", "setCode": "YDMU", "subtypes": ["Human", "Artificer"], "supertypes": [], "text": "Vigilance\nWhen Juggernaut Peddler enters the battlefield, target player reveals all nonland cards in their hand. You may choose one of those cards. If you do, that player exiles it and conjures a card named Juggernaut into their hand.", "toughness": "2", "type": "Creature — Human Artificer", "types": ["Creature"], "uuid": "77732c92-c911-5f18-bcba-2fd8b734780d"}, {"artist": "Julia Metzger", "artistIds": ["6e76edce-99a8-4f87-95d0-e316c378fa8b"], "availability": ["arena"], "borderColor": "black", "colorIdentity": ["U", "W"], "colors": ["U", "W"], "convertedManaCost": 2.0, "finishes": ["nonfoil"], "foreignData": [], "frameVersion": "2015", "hasFoil": false, "hasNonFoil": true, "identifiers": {"mtgArenaId": "83537", "mtgjsonV4Id": "d0c910dc-8d70-554b-9ad7-8631c413f26b", "scryfallId": "da096910-0b1f-4f2d-81e5-a82838ea52a8", "scryfallIllustrationId": "082a40f8-398c-4a69-8a68-e062eee886dd", "scryfallOracleId": "9b92bca3-5600-4c75-a756-86a46e14530a"}, "isOnlineOnly": true, "isStarter": true, "keywords": ["Flash"], "language": "English", "layout": "normal", "leadershipSkills": {"brawl": false, "commander": true, "oathbreaker": false}, "legalities": {"alchemy": "Legal", "gladiator": "Legal", "historic": "Legal", "historicbrawl": "Legal"}, "manaCost": "{W}{U}", "manaValue": 2.0, "name": "Niambi, Beloved Protector", "number": "24", "power": "2", "printings": ["YDMU"], "promoTypes": ["alchemy"], "purchaseUrls": {}, "rarity": "rare", "setCode": "YDMU", "subtypes": ["Human", "Cleric"], "supertypes": ["Legendary"], "text": "Flash\nWhen Niambi, Beloved Protector enters the battlefield, if you cast it, choose target nonlegendary creature card in your graveyard that was put there from the battlefield this turn. Return it to the battlefield. It perpetually gains \"Whenever this creature becomes the target of a spell or ability, draw a card. This ability triggers only once each turn.\"", "toughness": "2", "type": "Legendary Creature — Human Cleric", "types": ["Creature"], "uuid": "7fcc1cbf-49fe-516a-8ee1-c37f09e6226f"}, {"artist": "Ben Wootten", "artistIds": ["31cdca96-ecde-4245-bfb6-653929d57d9c"], "availability": ["arena"], "borderColor": "black", "colorIdentity": ["R", "W"], "colors": ["R", "W"], "convertedManaCost": 2.0, "finishes": ["nonfoil"], "foreignData": [], "frameVersion": "2015", "hasFoil": false, "hasNonFoil": true, "identifiers": {"mtgArenaId": "83538", "mtgjsonV4Id": "9eca32f9-e5c6-56ac-a415-80b2591315fb", "scryfallId": "1ff1009e-bae9-4bda-98b3-4b8a7744051c", "scryfallIllustrationId": "0900681f-1001-4a4a-a451-1b75e740837b", "scryfallOracleId": "b9e5f1dc-359f-4767-9d71-90766d2420b4"}, "isOnlineOnly": true, "isStarter": true, "keywords": ["Crew"], "language": "English", "layout": "normal", "legalities": {"alchemy": "Legal", "gladiator": "Legal", "historic": "Legal", "historicbrawl": "Legal"}, "manaCost": "{R}{W}", "manaValue": 2.0, "name": "Protean War Engine", "number": "25", "power": "0", "printings": ["YDMU"], "promoTypes": ["alchemy"], "purchaseUrls": {}, "rarity": "mythic", "relatedCards": {"spellbook": ["Seraph of Dawn", "Manaform Hellkite", "Steel-Plume Marshal", "Blade Historian", "Benalish Marshal", "Resplendent Angel", "Serra Angel", "Captivating Crew", "Serra Paragon", "Moonveil Regent", "Ogre Battledriver", "Duelcraft Trainer", "Falconer Adept", "Star-Crowned Stag", "Skyship Stalker"]}, "setCode": "YDMU", "subtypes": ["Vehicle"], "supertypes": [], "text": "As Protean War Engine enters the battlefield, draft a card from Protean War Engine's spellbook and exile it.\nWhenever Protean War Engine becomes crewed, until end of turn, it becomes a copy of the exiled card, except it's a Vehicle artifact in addition to its other types.\nCrew 3", "toughness": "4", "type": "Artifact — Vehicle", "types": ["Artifact"], "uuid": "005755c5-5f38-53d8-8818-7f3f385007ee"}, {"artist": "Loïc Canavaggia", "artistIds": ["f1e2e10b-08be-4e92-8f50-95a72850a811"], "availability": ["arena"], "borderColor": "black", "colorIdentity": ["B", "G"], "colors": ["B", "G"], "convertedManaCost": 2.0, "finishes": ["nonfoil"], "foreignData": [], "frameVersion": "2015", "hasFoil": false, "hasNonFoil": true, "identifiers": {"mtgArenaId": "83539", "mtgjsonV4Id": "4e2f7892-d5df-59b9-9b48-4c038e54c845", "scryfallId": "1e7ad762-fa7f-4074-8bf9-5c6e92b1436d", "scryfallIllustrationId": "f73040fe-039d-4d1b-b11d-90343a03d69c", "scryfallOracleId": "71186adb-cb2a-489d-aef8-b4e60942b9fe"}, "isOnlineOnly": true, "isStarter": true, "language": "English", "layout": "normal", "leadershipSkills": {"brawl": false, "commander": true, "oathbreaker": false}, "legalities": {"alchemy": "Legal", "gladiator": "Legal", "historic": "Legal", "historicbrawl": "Legal"}, "manaCost": "{B}{G}", "manaValue": 2.0, "name": "Slimefoot, Thallid Transplant", "number": "26", "power": "2", "printings": ["YDMU"], "promoTypes": ["alchemy"], "purchaseUrls": {}, "rarity": "rare", "relatedCards": {"spellbook": ["Verdant Force", "Swarm Shambler", "Deathbloom Thallid", "Rhizome Lurcher", "Sporemound", "Spore Swarm", "Spore Crawler", "Sporecrown Thallid", "Thallid Soothsayer", "Thallid Omnivore", "Verdant Embrace", "Yavimaya Sapherd", "Fungal Plots", "Deathbonnet Sprout // Deathbonnet Hulk", "Saproling Migration"]}, "setCode": "YDMU", "subtypes": ["Fungus"], "supertypes": ["Legendary"], "text": "Whenever a Swamp or Forest enters the battlefield under your control, draft a card from Slimefoot, Thallid Transplant's spellbook.", "toughness": "2", "type": "Legendary Creature — Fungus", "types": ["Creature"], "uuid": "a459ce07-e568-5c2a-8b32-88bd2e91b23f"}, {"artist": "Milivoj Ćeran", "artistIds": ["1eced451-4da5-42bc-b49d-70c41246581f"], "availability": ["arena"], "borderColor": "black", "colorIdentity": ["U", "W"], "colors": ["U", "W"], "convertedManaCost": 3.0, "finishes": ["nonfoil"], "foreignData": [], "frameVersion": "2015", "hasFoil": false, "hasNonFoil": true, "identifiers": {"mtgArenaId": "83540", "mtgjsonV4Id": "de6c2a13-b601-5262-8501-89e9a30085be", "scryfallId": "4d4f0598-ba78-46e1-8488-a287865a3598", "scryfallIllustrationId": "ac8d4467-2847-4dbd-9e71-825e403eb3fd", "scryfallOracleId": "ecf0f7f7-6940-4618-9a13-ca4ae09694e3"}, "isOnlineOnly": true, "isStarter": true, "language": "English", "layout": "normal", "legalities": {"alchemy": "Legal", "gladiator": "Legal", "historic": "Legal", "historicbrawl": "Legal"}, "manaCost": "{W}{U}{U}", "manaValue": 3.0, "name": "Teferi's Contingency", "number": "27", "printings": ["YDMU"], "promoTypes": ["alchemy"], "purchaseUrls": {}, "rarity": "rare", "setCode": "YDMU", "subtypes": [], "supertypes": [], "text": "Counter target spell. Each card in its controller's graveyard, hand, and library with the same name as that spell perpetually gains \"This spell costs {2} more to cast.\"", "type": "Instant", "types": ["Instant"], "uuid": "d0d9c01f-babd-58d6-875b-c0e84c6ac9e9"}, {"artist": "Joseph Weston", "artistIds": ["50365a81-fa9f-4fcf-aa83-6a57c63ad43e"], "availability": ["arena"], "borderColor": "black", "colorIdentity": ["R", "W"], "colors": ["R", "W"], "convertedManaCost": 3.0, "finishes": ["nonfoil"], "foreignData": [], "frameVersion": "2015", "hasFoil": false, "hasNonFoil": true, "identifiers": {"mtgArenaId": "83541", "mtgjsonV4Id": "aaa52fff-c1cf-5eb5-abe5-51a2f043a501", "scryfallId": "399c5dd7-64a4-45d5-9474-52771ad97358", "scryfallIllustrationId": "8f804049-3a9a-4b31-bdbe-281f48a141c5", "scryfallOracleId": "b34fc81a-ac7b-4c11-bb43-a99cc6a39b8e"}, "isOnlineOnly": true, "isStarter": true, "keywords": ["Flying"], "language": "English", "layout": "normal", "leadershipSkills": {"brawl": false, "commander": true, "oathbreaker": false}, "legalities": {"alchemy": "Legal", "gladiator": "Legal", "historic": "Legal", "historicbrawl": "Legal"}, "manaCost": "{1}{R}{W}", "manaValue": 3.0, "name": "Tiana, Angelic Mechanic", "number": "28", "power": "3", "printings": ["YDMU"], "promoTypes": ["alchemy"], "purchaseUrls": {}, "rarity": "rare", "setCode": "YDMU", "subtypes": ["Angel", "Artificer"], "supertypes": ["Legendary"], "text": "Flying\nWhen Tiana, Angelic Mechanic or another legendary creature you control crews a Vehicle, that Vehicle perpetually gets +1/+0.", "toughness": "2", "type": "Legendary Creature — Angel Artificer", "types": ["Creature"], "uuid": "c453f0ec-4680-5a87-85cf-4603e7b2a211"}, {"artist": "Brian Valeza", "artistIds": ["bb2a9339-bbe4-445f-9736-3c43379ee076"], "availability": ["arena"], "borderColor": "black", "colorIdentity": ["G", "U"], "colors": ["G", "U"], "convertedManaCost": 3.0, "finishes": ["nonfoil"], "foreignData": [], "frameVersion": "2015", "hasFoil": false, "hasNonFoil": true, "identifiers": {"mtgArenaId": "83542", "mtgjsonV4Id": "ec12e8b3-c2c7-5b88-b78a-36aaa8b5cd70", "scryfallId": "09ae01dc-18c0-4f66-9b05-549382ffb6a9", "scryfallIllustrationId": "6071ac83-bb44-4cd5-aab7-068464dd61a5", "scryfallOracleId": "45c55ddc-0aec-421c-9c72-75f968372b40"}, "isOnlineOnly": true, "isStarter": true, "keywords": ["Conjure"], "language": "English", "layout": "normal", "legalities": {"alchemy": "Legal", "gladiator": "Legal", "historic": "Legal", "historicbrawl": "Legal"}, "manaCost": "{1}{G}{U}", "manaValue": 3.0, "name": "Vodalian Tide Mage", "number": "29", "power": "3", "printings": ["YDMU"], "promoTypes": ["alchemy"], "purchaseUrls": {}, "rarity": "rare", "setCode": "YDMU", "subtypes": ["Merfolk", "Wizard"], "supertypes": [], "text": "Whenever one or more other nontoken creatures you control deal combat damage to a player, choose one of those creatures. Conjure a duplicate of the chosen creature into your hand.", "toughness": "3", "type": "Creature — Merfolk Wizard", "types": ["Creature"], "uuid": "5ea9a879-aa4a-559e-a01e-079ab58db010"}, {"artist": "Artur Treffner", "artistIds": ["c9afede7-43a7-4a0c-808e-55862f9ff727"], "availability": ["arena"], "borderColor": "black", "colorIdentity": [], "colors": [], "convertedManaCost": 3.0, "finishes": ["nonfoil"], "foreignData": [], "frameVersion": "2015", "hasFoil": false, "hasNonFoil": true, "identifiers": {"mtgArenaId": "83543", "mtgjsonV4Id": "94898315-d078-5c46-a29b-c03c6b615d2c", "scryfallId": "076eac56-922b-4545-8a0b-f52f53ee780d", "scryfallIllustrationId": "c9f03072-c0b1-439e-8901-6b48f429f62c", "scryfallOracleId": "35ec9885-0a2c-428d-a98c-9695127f5665"}, "isOnlineOnly": true, "isStarter": true, "language": "English", "layout": "normal", "legalities": {"alchemy": "Legal", "gladiator": "Legal", "historic": "Legal", "historicbrawl": "Legal"}, "manaCost": "{3}", "manaValue": 3.0, "name": "Coalition Construct", "number": "30", "power": "2", "printings": ["YDMU"], "promoTypes": ["alchemy"], "purchaseUrls": {}, "rarity": "rare", "setCode": "YDMU", "subtypes": ["Construct"], "supertypes": [], "text": "As Coalition Construct enters the battlefield, choose a creature type.\nCoalition Construct is the chosen type in addition to its other types.\nWhen Coalition Construct enters the battlefield, other creatures you control of the chosen type and creature cards of that type in your hand perpetually get +1/+1.", "toughness": "2", "type": "Artifact Creature — Construct", "types": ["Artifact", "Creature"], "uuid": "39f3c0e1-d69c-5bda-a522-9d521bcae1e0"}, {"artist": "Ryan Pancoast", "artistIds": ["89cc9475-dda2-4d13-bf88-54b92867a25c"], "availability": ["arena"], "borderColor": "black", "colorIdentity": ["U"], "colors": ["U"], "convertedManaCost": 1.0, "finishes": ["nonfoil"], "foreignData": [], "frameVersion": "2015", "hasFoil": false, "hasNonFoil": true, "identifiers": {"mtgArenaId": "84159", "mtgjsonV4Id": "85a8b65c-8fe9-5d64-858c-a49e2d2c0bc4", "scryfallId": "08eb8f0c-57a4-4ccf-961f-a890fbbd380d", "scryfallIllustrationId": "95c5ab6f-fcce-4e21-9e02-cc1d922adfae", "scryfallOracleId": "550c74d4-1fcb-406a-b02a-639a760a4380"}, "isOnlineOnly": true, "isReprint": true, "isReserved": true, "isStarter": true, "language": "English", "layout": "normal", "legalities": {"commander": "Banned", "duel": "Banned", "legacy": "Banned", "oathbreaker": "Banned", "predh": "Banned", "vintage": "Restricted"}, "manaCost": "{U}", "manaValue": 1.0, "name": "Ancestral Recall", "number": "32", "printings": ["2ED", "30A", "CED", "CEI", "LEA", "LEB", "OVNT", "PRM", "VMA", "YDMU"], "purchaseUrls": {}, "rarity": "mythic", "setCode": "YDMU", "subtypes": [], "supertypes": [], "text": "Target player draws three cards.", "type": "Instant", "types": ["Instant"], "uuid": "9a1cd7ec-2554-5e75-bca7-8d485d42be4c"}, {"artist": "Chris Rahn", "artistIds": ["7742047e-0f80-4c0f-a530-d07460165e86"], "availability": ["arena"], "borderColor": "black", "colorIdentity": ["U"], "colors": ["U"], "convertedManaCost": 2.0, "finishes": ["nonfoil"], "foreignData": [], "frameVersion": "2015", "hasFoil": false, "hasNonFoil": true, "identifiers": {"mtgArenaId": "84160", "mtgjsonV4Id": "44358b42-9a2e-58d0-a9cf-2d6b6f3c0b82", "scryfallId": "7e5704ea-175a-485b-b756-b6d32aad5ebb", "scryfallIllustrationId": "74b0b7aa-98d0-434c-ae8f-40db354cfff9", "scryfallOracleId": "d0209d3f-3f7e-4fd5-bce5-10bce6f29c86"}, "isOnlineOnly": true, "isReprint": true, "isReserved": true, "isStarter": true, "language": "English", "layout": "normal", "legalities": {"commander": "Banned", "duel": "Banned", "legacy": "Banned", "oathbreaker": "Banned", "predh": "Banned", "vintage": "Restricted"}, "manaCost": "{1}{U}", "manaValue": 2.0, "name": "Time Walk", "number": "33", "printings": ["2ED", "30A", "CED", "CEI", "LEA", "LEB", "OVNT", "PRM", "VMA", "YDMU"], "purchaseUrls": {}, "rarity": "mythic", "rulings": [{"date": "2004-10-04", "text": "If multiple “extra turn” effects resolve in the same turn, take them in the reverse of the order that the effects resolved."}], "setCode": "YDMU", "subtypes": [], "supertypes": [], "text": "Take an extra turn after this one.", "type": "Sorcery", "types": ["Sorcery"], "uuid": "99f4c0b6-2512-5442-b3e1-14475ac8afc6"}, {"artist": "Matt Stewart", "artistIds": ["20871267-2d8a-41d5-b03a-be3d557c5734"], "availability": ["arena"], "borderColor": "black", "colorIdentity": ["U"], "colors": ["U"], "convertedManaCost": 3.0, "edhrecRank": 2094, "edhrecSaltiness": 1.36, "finishes": ["nonfoil"], "foreignData": [], "frameVersion": "2015", "hasFoil": false, "hasNonFoil": true, "identifiers": {"mtgArenaId": "84161", "mtgjsonV4Id": "514caf48-bf6a-5dfc-90ac-da160ad07b7e", "scryfallId": "b4249540-d391-4ed8-aa88-fa781d584683", "scryfallIllustrationId": "3cec9d6d-d557-42bd-858a-9db8d67a1e61", "scryfallOracleId": "c823e687-6311-4c99-974b-fd77d204141a"}, "isOnlineOnly": true, "isReprint": true, "isReserved": true, "isStarter": true, "language": "English", "layout": "normal", "legalities": {"commander": "Legal", "duel": "Banned", "legacy": "Banned", "oathbreaker": "Legal", "predh": "Legal", "vintage": "Restricted"}, "manaCost": "{2}{U}", "manaValue": 3.0, "name": "Timetwister", "number": "34", "printings": ["2ED", "30A", "CED", "CEI", "LEA", "LEB", "OVNT", "PRM", "VMA", "YDMU"], "purchaseUrls": {}, "rarity": "mythic", "rulings": [{"date": "2013-07-01", "text": "This card won’t be put into your graveyard until after it’s finished resolving, which means it won’t be shuffled into your library as part of its own effect."}], "setCode": "YDMU", "subtypes": [], "supertypes": [], "text": "Each player shuffles their hand and graveyard into their library, then draws seven cards. (Then put Timetwister into its owner's graveyard.)", "type": "Sorcery", "types": ["Sorcery"], "uuid": "73febe4d-47b5-52da-9d5d-a1f7825aec00"}, {"artist": "Chris Rahn", "artistIds": ["7742047e-0f80-4c0f-a530-d07460165e86"], "availability": ["arena"], "borderColor": "black", "colorIdentity": [], "colors": [], "convertedManaCost": 0.0, "finishes": ["nonfoil"], "foreignData": [], "frameVersion": "2015", "hasFoil": false, "hasNonFoil": true, "identifiers": {"mtgArenaId": "84162", "mtgjsonV4Id": "3e672f31-1b29-537c-80ef-90276298caa3", "scryfallId": "a192fff8-ea06-4681-a99d-63ae21a88bd1", "scryfallIllustrationId": "da62ded1-bedd-44c6-8950-ca56e691a899", "scryfallOracleId": "5089ec1a-f881-4d55-af14-5d996171203b"}, "isOnlineOnly": true, "isReprint": true, "isReserved": true, "isStarter": true, "language": "English", "layout": "normal", "legalities": {"commander": "Banned", "duel": "Banned", "legacy": "Banned", "oathbreaker": "Banned", "predh": "Banned", "vintage": "Restricted"}, "manaCost": "{0}", "manaValue": 0.0, "name": "Black Lotus", "number": "35", "printings": ["2ED", "30A", "CED", "CEI", "LEA", "LEB", "O90P", "OVNT", "PRM", "VMA", "YDMU"], "purchaseUrls": {}, "rarity": "mythic", "setCode": "YDMU", "subtypes": [], "supertypes": [], "text": "{T}, Sacrifice Black Lotus: Add three mana of any one color.", "type": "Artifact", "types": ["Artifact"], "uuid": "36a958c6-3941-572b-8c19-f75b2b3e0cfd"}, {"artist": "Volkan Baǵa", "artistIds": ["93bec3c0-0260-4d31-8064-5d01efb4153f"], "availability": ["arena"], "borderColor": "black", "colorIdentity": ["G"], "colors": [], "convertedManaCost": 0.0, "finishes": ["nonfoil"], "foreignData": [], "frameVersion": "2015", "hasFoil": false, "hasNonFoil": true, "identifiers": {"mtgArenaId": "84163", "mtgjsonV4Id": "c600f83c-4c41-5144-93dc-3625a7e99014", "scryfallId": "f730ea98-4270-4a85-b6f9-0ff926d14c8f", "scryfallIllustrationId": "ae5df825-c6e2-4e86-8e0e-6cb4cf01dbe0", "scryfallOracleId": "376ee366-e082-402f-b4db-6592fcfcacd2"}, "isOnlineOnly": true, "isReprint": true, "isReserved": true, "isStarter": true, "language": "English", "layout": "normal", "legalities": {"commander": "Banned", "duel": "Banned", "legacy": "Banned", "oathbreaker": "Banned", "predh": "Banned", "vintage": "Restricted"}, "manaCost": "{0}", "manaValue": 0.0, "name": "Mox Emerald", "number": "36", "printings": ["2ED", "30A", "CED", "CEI", "LEA", "LEB", "OVNT", "PRM", "VMA", "YDMU"], "purchaseUrls": {}, "rarity": "mythic", "setCode": "YDMU", "subtypes": [], "supertypes": [], "text": "{T}: Add {G}.", "type": "Artifact", "types": ["Artifact"], "uuid": "ce8948bd-6cfe-590f-b96b-0d319b5ef242"}, {"artist": "Volkan Baǵa", "artistIds": ["93bec3c0-0260-4d31-8064-5d01efb4153f"], "availability": ["arena"], "borderColor": "black", "colorIdentity": ["B"], "colors": [], "convertedManaCost": 0.0, "finishes": ["nonfoil"], "foreignData": [], "frameVersion": "2015", "hasFoil": false, "hasNonFoil": true, "identifiers": {"mtgArenaId": "84164", "mtgjsonV4Id": "6b681e1b-e3c6-5c91-9fd3-715921dcf1d6", "scryfallId": "716c83f1-cfd7-4f00-a614-de53a7bd1dd3", "scryfallIllustrationId": "000acd9f-a737-47ea-a1d9-709c0ce6e737", "scryfallOracleId": "0677f49e-f8bf-4349-af52-2ccde9287c2e"}, "isOnlineOnly": true, "isReprint": true, "isReserved": true, "isStarter": true, "language": "English", "layout": "normal", "legalities": {"commander": "Banned", "duel": "Banned", "legacy": "Banned", "oathbreaker": "Banned", "predh": "Banned", "vintage": "Restricted"}, "manaCost": "{0}", "manaValue": 0.0, "name": "Mox Jet", "number": "37", "printings": ["2ED", "30A", "CED", "CEI", "LEA", "LEB", "OVNT", "PRM", "VMA", "YDMU"], "purchaseUrls": {}, "rarity": "mythic", "setCode": "YDMU", "subtypes": [], "supertypes": [], "text": "{T}: Add {B}.", "type": "Artifact", "types": ["Artifact"], "uuid": "e0dec598-5ed4-5757-9dbf-421f041e869f"}, {"artist": "Volkan Baǵa", "artistIds": ["93bec3c0-0260-4d31-8064-5d01efb4153f"], "availability": ["arena"], "borderColor": "black", "colorIdentity": ["W"], "colors": [], "convertedManaCost": 0.0, "finishes": ["nonfoil"], "foreignData": [], "frameVersion": "2015", "hasFoil": false, "hasNonFoil": true, "identifiers": {"mtgArenaId": "84165", "mtgjsonV4Id": "1922c4bd-9528-5781-a6ab-2de2ee890ee9", "scryfallId": "a2229e01-861f-45e6-9305-c480b86bea73", "scryfallIllustrationId": "7935ed07-1b87-426f-9e4d-df6999a95e01", "scryfallOracleId": "824597b8-c89a-47ec-8526-7efc6e24ef0e"}, "isOnlineOnly": true, "isReprint": true, "isReserved": true, "isStarter": true, "language": "English", "layout": "normal", "legalities": {"commander": "Banned", "duel": "Banned", "legacy": "Banned", "oathbreaker": "Banned", "predh": "Banned", "vintage": "Restricted"}, "manaCost": "{0}", "manaValue": 0.0, "name": "Mox Pearl", "number": "38", "printings": ["2ED", "30A", "CED", "CEI", "LEA", "LEB", "OVNT", "PRM", "VMA", "YDMU"], "purchaseUrls": {}, "rarity": "mythic", "setCode": "YDMU", "subtypes": [], "supertypes": [], "text": "{T}: Add {W}.", "type": "Artifact", "types": ["Artifact"], "uuid": "9ee61d16-d5a0-57d1-9ed4-e603a908a614"}, {"artist": "Volkan Baǵa", "artistIds": ["93bec3c0-0260-4d31-8064-5d01efb4153f"], "availability": ["arena"], "borderColor": "black", "colorIdentity": ["R"], "colors": [], "convertedManaCost": 0.0, "finishes": ["nonfoil"], "foreignData": [], "frameVersion": "2015", "hasFoil": false, "hasNonFoil": true, "identifiers": {"mtgArenaId": "84166", "mtgjsonV4Id": "b51ffddf-16a2-5d8b-8bd9-39d4a245fc0d", "scryfallId": "c2b63b44-7eb1-49c8-af84-6e69bc379094", "scryfallIllustrationId": "2816d902-36fd-45c1-b6ec-d50f234f9431", "scryfallOracleId": "ed85fa82-e4fa-434b-92a8-36b6075708d1"}, "isOnlineOnly": true, "isReprint": true, "isReserved": true, "isStarter": true, "language": "English", "layout": "normal", "legalities": {"commander": "Banned", "duel": "Banned", "legacy": "Banned", "oathbreaker": "Banned", "predh": "Banned", "vintage": "Restricted"}, "manaCost": "{0}", "manaValue": 0.0, "name": "Mox Ruby", "number": "39", "printings": ["2ED", "30A", "CED", "CEI", "LEA", "LEB", "OVNT", "PRM", "VMA", "YDMU"], "purchaseUrls": {}, "rarity": "mythic", "setCode": "YDMU", "subtypes": [], "supertypes": [], "text": "{T}: Add {R}.", "type": "Artifact", "types": ["Artifact"], "uuid": "aaebfa35-46df-5c2e-a8ef-cc3e98c8c61d"}, {"artist": "Volkan Baǵa", "artistIds": ["93bec3c0-0260-4d31-8064-5d01efb4153f"], "availability": ["arena"], "borderColor": "black", "colorIdentity": ["U"], "colors": [], "convertedManaCost": 0.0, "finishes": ["nonfoil"], "foreignData": [], "frameVersion": "2015", "hasFoil": false, "hasNonFoil": true, "identifiers": {"mtgArenaId": "84167", "mtgjsonV4Id": "4edd8d1e-7dfb-53fc-a52f-0825e3ce8ff1", "scryfallId": "c8780a37-2d5f-4461-a6df-daaf142659a1", "scryfallIllustrationId": "df7dc359-6040-429f-9fed-ee20f911daea", "scryfallOracleId": "d5ed1233-df87-4b90-8918-13922ec95249"}, "isOnlineOnly": true, "isReprint": true, "isReserved": true, "isStarter": true, "language": "English", "layout": "normal", "legalities": {"commander": "Banned", "duel": "Banned", "legacy": "Banned", "oathbreaker": "Banned", "predh": "Banned", "vintage": "Restricted"}, "manaCost": "{0}", "manaValue": 0.0, "name": "Mox Sapphire", "number": "40", "printings": ["2ED", "30A", "CED", "CEI", "LEA", "LEB", "OVNT", "PRM", "VMA", "YDMU"], "purchaseUrls": {}, "rarity": "mythic", "setCode": "YDMU", "subtypes": [], "supertypes": [], "text": "{T}: Add {U}.", "type": "Artifact", "types": ["Artifact"], "uuid": "24bd26cd-a3ea-54c3-bb2e-513249fb2cc9"}], "code": "YDMU", "isFoilOnly": false, "isNonFoilOnly": true, "isOnlineOnly": true, "keyruneCode": "Y23", "languages": ["English"], "name": "Alchemy: Dominaria", "parentCode": "DMU", "releaseDate": "2022-10-05", "tokens": [], "totalSetSize": 39, "translations": {}, "type": "alchemy"}}