{"meta": {"date": "2023-08-19", "version": "5.2.1+20230819"}, "data": {"baseSetSize": 30, "block": "Alchemy 2023", "cards": [{"artist": "PINDURSKI", "artistIds": ["f333a7f0-7330-40e9-8c58-667eea2f0f60"], "availability": ["arena"], "borderColor": "black", "colorIdentity": ["W"], "colors": ["W"], "convertedManaCost": 3.0, "finishes": ["nonfoil"], "foreignData": [], "frameVersion": "2015", "hasFoil": false, "hasNonFoil": true, "identifiers": {"mtgjsonV4Id": "2a05396b-4a76-5da1-a206-c922b81fe60f", "scryfallId": "28104289-3043-4ba6-bcc6-e35fad429135", "scryfallIllustrationId": "4a0ccc61-9085-4a8d-aa4c-1c86bad5ba51", "scryfallOracleId": "bac5a457-22f7-457b-a3b6-300092472ff2"}, "isOnlineOnly": true, "isStarter": true, "keywords": ["Conjure", "Vigilance"], "language": "English", "layout": "normal", "leadershipSkills": {"brawl": false, "commander": true, "oathbreaker": false}, "legalities": {"alchemy": "Legal", "gladiator": "Legal", "historic": "Legal", "historicbrawl": "Legal"}, "manaCost": "{1}{W}{W}", "manaValue": 3.0, "name": "Ghalma the Shaper", "number": "1", "power": "3", "printings": ["YONE"], "purchaseUrls": {}, "rarity": "mythic", "setCode": "YONE", "subtypes": ["Elephant", "Artificer"], "supertypes": ["Legendary"], "text": "Vigilance\nWhenever Ghalma the Shaper attacks, conjure a card named Tempered Steel into your hand, then create a 1/1 colorless Myr artifact creature token.", "toughness": "3", "type": "Legendary Creature — Elephant Artificer", "types": ["Creature"], "uuid": "2890ced4-45e0-5fdc-8c2f-65078980bb8c"}, {"artist": "Samuel Perin", "artistIds": ["1037066e-f63a-42dc-9850-9d14b6cfe436"], "availability": ["arena"], "borderColor": "black", "colorIdentity": ["W"], "colors": ["W"], "convertedManaCost": 1.0, "finishes": ["nonfoil"], "foreignData": [], "frameVersion": "2015", "hasFoil": false, "hasNonFoil": true, "identifiers": {"mtgjsonV4Id": "9c92ef05-6b0a-5509-9cd6-eb77d92485a3", "scryfallId": "001f2658-9631-4ae8-a83b-3e922e243481", "scryfallIllustrationId": "e09d0580-a77e-456d-9e27-9ed3a6b106f9", "scryfallOracleId": "cbf8d277-35b7-4047-b17e-677a73c874f2"}, "isOnlineOnly": true, "isStarter": true, "language": "English", "layout": "normal", "legalities": {"alchemy": "Legal", "gladiator": "Legal", "historic": "Legal", "historicbrawl": "Legal"}, "manaCost": "{W}", "manaValue": 1.0, "name": "Kemba's Outfitter", "number": "2", "power": "2", "printings": ["YONE"], "purchaseUrls": {}, "rarity": "uncommon", "setCode": "YONE", "subtypes": ["Cat", "Artificer"], "supertypes": [], "text": "When Kemba's Outfitter enters the battlefield, choose one —\n• Choose an Equipment card in your hand. It perpetually gains equip {1}.\n• Target Equipment you control perpetually gains equip {1}.", "toughness": "1", "type": "Creature — Cat Artificer", "types": ["Creature"], "uuid": "e1e2da76-29ff-5c7b-a13e-cc0b1564a5d6"}, {"artist": "Dominik Mayer", "artistIds": ["c3439c4a-1fee-4e33-9b89-18dac27ac927"], "availability": ["arena"], "borderColor": "black", "colorIdentity": ["W"], "colors": ["W"], "convertedManaCost": 3.0, "finishes": ["nonfoil"], "foreignData": [], "frameVersion": "2015", "hasFoil": false, "hasNonFoil": true, "identifiers": {"mtgjsonV4Id": "c65017cd-3956-5f5f-9ed9-e166b89bb693", "scryfallId": "5163600e-f87a-4a8e-8123-c9d499a689bd", "scryfallIllustrationId": "a3e665b4-06ab-4c6d-989a-02ab80c9d178", "scryfallOracleId": "56e05866-a441-4487-a5c8-cf62b78c9012"}, "isOnlineOnly": true, "isStarter": true, "keywords": ["Conjure", "Corrupted", "Toxic"], "language": "English", "layout": "normal", "legalities": {"alchemy": "Legal", "gladiator": "Legal", "historic": "Legal", "historicbrawl": "Legal"}, "manaCost": "{2}{W}", "manaValue": 3.0, "name": "Nettling Host", "number": "3", "power": "3", "printings": ["YONE"], "purchaseUrls": {}, "rarity": "rare", "setCode": "YONE", "subtypes": ["Phyrexian", "Horror"], "supertypes": [], "text": "Toxic 2\nCorrupted — Exile Nettling Host from your graveyard: Conjure a card named Nettlecyst into your hand. Activate only if an opponent has three or more poison counters.", "toughness": "3", "type": "Creature — Phyrexian Horror", "types": ["Creature"], "uuid": "8bc6a0eb-1fba-57b9-8391-60692ebfad43"}, {"artist": "Carlos Palma Cruchaga", "artistIds": ["f0c43e1b-1853-4abc-8a1b-d7dda6c1d592"], "availability": ["arena"], "borderColor": "black", "colorIdentity": ["W"], "colors": ["W"], "convertedManaCost": 2.0, "finishes": ["nonfoil"], "foreignData": [], "frameVersion": "2015", "hasFoil": false, "hasNonFoil": true, "identifiers": {"mtgjsonV4Id": "3ed9a10b-38c8-55cf-aeee-abb4f05cc4c4", "scryfallId": "b50b39e8-3dd6-40d9-bd75-177308409573", "scryfallIllustrationId": "8ea06856-d6c6-4908-aaa2-e8025f02aaed", "scryfallOracleId": "b613ab11-e173-4a68-8d0a-ac5f09a4db28"}, "isOnlineOnly": true, "isStarter": true, "keywords": ["Conjure", "Corrupted", "Seek", "Toxic"], "language": "English", "layout": "normal", "legalities": {"alchemy": "Legal", "gladiator": "Legal", "historic": "Legal", "historicbrawl": "Legal"}, "manaCost": "{1}{W}", "manaValue": 2.0, "name": "Norn's Fetchling", "number": "4", "power": "1", "printings": ["YONE"], "purchaseUrls": {}, "rarity": "uncommon", "setCode": "YONE", "subtypes": ["Phyrexian", "Insect"], "supertypes": [], "text": "Toxic 1\nCorrupted — When Norn's Fetchling enters the battlefield, conjure a card named Plains into your hand. If an opponent has three or more poison counters, you may seek a nonland card instead.", "toughness": "1", "type": "Creature — Phyrexian Insect", "types": ["Creature"], "uuid": "b6ebf04b-e218-5e6e-bce1-014453ec56b6"}, {"artist": "Samuel Araya", "artistIds": ["108aadbc-d635-4a0f-8944-70440e620f84"], "availability": ["arena"], "borderColor": "black", "colorIdentity": ["U"], "colors": ["U"], "convertedManaCost": 3.0, "finishes": ["nonfoil"], "foreignData": [], "frameVersion": "2015", "hasFoil": false, "hasNonFoil": true, "identifiers": {"mtgjsonV4Id": "ffc55e50-db28-58f0-b81a-34e3dc5f437b", "scryfallId": "2d35dcd2-6311-4013-80d0-6a75c8499878", "scryfallIllustrationId": "f7e539bb-ba3b-430e-a6fc-6c45b55f465a", "scryfallOracleId": "db12788a-3bfa-402a-8e53-4c32578547bf"}, "isOnlineOnly": true, "isStarter": true, "keywords": ["Proliferate", "Ward"], "language": "English", "layout": "normal", "legalities": {"alchemy": "Legal", "gladiator": "Legal", "historic": "Legal", "historicbrawl": "Legal"}, "manaCost": "{2}{U}", "manaValue": 3.0, "name": "Quicksilver Servitor", "number": "5", "power": "3", "printings": ["YONE"], "purchaseUrls": {}, "rarity": "rare", "setCode": "YONE", "subtypes": ["Phyrexian", "Cleric"], "supertypes": [], "text": "Ward {2}\nWhenever you cast a spell from among cards put into your hand this turn, proliferate.", "toughness": "3", "type": "Creature — Phyrexian Cleric", "types": ["Creature"], "uuid": "f9674215-6676-591d-80ee-e4bd98359283"}, {"artist": "Nestor Ossandon Leal", "artistIds": ["7a6f1667-a8ac-47f5-a302-f71cb54b2adf"], "availability": ["arena"], "borderColor": "black", "colorIdentity": ["U"], "colors": ["U"], "convertedManaCost": 4.0, "finishes": ["nonfoil"], "foreignData": [], "frameVersion": "2015", "hasFoil": false, "hasNonFoil": true, "identifiers": {"mtgjsonV4Id": "00f29f46-4d4b-5f9a-80a8-9e68db5e5a98", "scryfallId": "1e7aa3a6-4219-4c54-97bd-571680af9e99", "scryfallIllustrationId": "451be6c6-8729-4d1c-9e70-51ce1451a5b9", "scryfallOracleId": "4f328996-f9dd-4c7a-9548-bc4b9d0d943f"}, "isOnlineOnly": true, "isStarter": true, "language": "English", "layout": "normal", "legalities": {"alchemy": "Legal", "gladiator": "Legal", "historic": "Legal", "historicbrawl": "Legal"}, "manaCost": "{3}{U}", "manaValue": 4.0, "name": "Surgical Metamorph", "number": "6", "power": "0", "printings": ["YONE"], "purchaseUrls": {}, "rarity": "rare", "setCode": "YONE", "subtypes": ["Phyrexian", "Shapeshifter"], "supertypes": [], "text": "This spell costs {1} less to cast if you weren't the starting player.\nYou may have Surgical Metamorph enter the battlefield as a copy of any permanent on the battlefield, except it's an artifact in addition to its other types.", "toughness": "0", "type": "Artifact Creature — Phyrexian Shapeshifter", "types": ["Artifact", "Creature"], "uuid": "f7654e91-121c-5368-8130-8c9ba52b045a"}, {"artist": "Camille Alquier", "artistIds": ["a0670296-0225-4630-95c6-feab68d14df4"], "availability": ["arena"], "borderColor": "black", "colorIdentity": ["U"], "colors": ["U"], "convertedManaCost": 2.0, "finishes": ["nonfoil"], "foreignData": [], "frameVersion": "2015", "hasFoil": false, "hasNonFoil": true, "identifiers": {"mtgjsonV4Id": "b4a589c6-7eb4-5150-b6d1-c43d21829ee1", "scryfallId": "cbb0243d-2d9d-45af-944f-53db2ef87fb9", "scryfallIllustrationId": "ccc7807a-2ab4-4d89-9899-5926b3c567cf", "scryfallOracleId": "4f0f32c0-6869-4319-a871-d1f5894d8cc9"}, "isOnlineOnly": true, "isStarter": true, "language": "English", "layout": "normal", "legalities": {"alchemy": "Legal", "gladiator": "Legal", "historic": "Legal", "historicbrawl": "Legal"}, "manaCost": "{1}{U}", "manaValue": 2.0, "name": "Tezzeret's Reckoning", "number": "7", "printings": ["YONE"], "purchaseUrls": {}, "rarity": "uncommon", "setCode": "YONE", "subtypes": [], "supertypes": [], "text": "Exile three random cards from your library face down and look at them. For as long as they remain exiled, you may play one of those cards.", "type": "Instant", "types": ["Instant"], "uuid": "d95b9582-8162-54e6-a20e-0b3596a42df2"}, {"artist": "J.P. Targete", "artistIds": ["75a48ae5-d1d0-4a98-98a8-2ca5fd9e0cd9"], "availability": ["arena"], "borderColor": "black", "colorIdentity": ["B"], "colors": ["B"], "convertedManaCost": 3.0, "finishes": ["nonfoil"], "foreignData": [], "frameVersion": "2015", "hasFoil": false, "hasNonFoil": true, "identifiers": {"mtgjsonV4Id": "eaedc01d-f2df-583f-8385-f2ae78a357ba", "scryfallId": "3878d4c7-5fda-4cea-bfa0-f9af102156fa", "scryfallIllustrationId": "905116c4-52fa-46ef-88d0-ff6a8647fc6d", "scryfallOracleId": "a6a5cc17-ceb5-4a65-addd-08d3692d3297"}, "isOnlineOnly": true, "isStarter": true, "keywords": ["Flying", "Seek", "Toxic"], "language": "English", "layout": "normal", "legalities": {"alchemy": "Legal", "gladiator": "Legal", "historic": "Legal", "historicbrawl": "Legal"}, "manaCost": "{2}{B}", "manaValue": 3.0, "name": "Blightwing Whelp", "number": "8", "power": "2", "printings": ["YONE"], "purchaseUrls": {}, "rarity": "rare", "setCode": "YONE", "subtypes": ["Phyrexian", "Imp"], "supertypes": [], "text": "Flying\nToxic 1\n{B}: Blightwing Whelp gains haste until end of turn.\nWhenever Blightwing Whelp deals combat damage to a player, seek a card with mana value equal to the number of poison counters that player has.", "toughness": "2", "type": "Creature — Phyrexian Imp", "types": ["Creature"], "uuid": "1b9b1c2c-f3c4-537c-8f05-a4409189b825"}, {"artist": "Brian Valeza", "artistIds": ["bb2a9339-bbe4-445f-9736-3c43379ee076"], "availability": ["arena"], "borderColor": "black", "colorIdentity": ["B"], "colors": ["B"], "convertedManaCost": 1.0, "finishes": ["nonfoil"], "foreignData": [], "frameVersion": "2015", "hasFoil": false, "hasNonFoil": true, "identifiers": {"mtgjsonV4Id": "a6c702d2-eb63-5750-8f8d-5224c9b5f655", "scryfallId": "a6aa0aea-a12e-4658-ab74-1325703af427", "scryfallIllustrationId": "c30f83ab-d734-43b5-9fe3-35688ee64919", "scryfallOracleId": "f1761d24-a19e-43ea-bbb3-a987b5a2941b"}, "isOnlineOnly": true, "isStarter": true, "language": "English", "layout": "normal", "legalities": {"alchemy": "Legal", "gladiator": "Legal", "historic": "Legal", "historicbrawl": "Legal"}, "manaCost": "{B}", "manaValue": 1.0, "name": "March Toward Perfection", "number": "9", "printings": ["YONE"], "purchaseUrls": {}, "rarity": "uncommon", "relatedCards": {"spellbook": ["Toxic Abomination", "Phyrexian Revoker", "Myr Convert", "Bilious Skulldweller", "Phyrexian Gargantua", "Phyrexian Rager", "Phyrexian Obliterator", "Entomber Exarch", "Archfiend of the Dross", "Phyrexian Fleshgorger", "Diminished Returner", "Vault Skirge", "Soulless Jailer", "Zenith Chronicler", "Scrapwork Rager"]}, "setCode": "YONE", "subtypes": [], "supertypes": [], "text": "You get a boon with \"When you cast your next Phyrexian creature spell, that creature enters the battlefield with an additional +1/+1 counter and deathtouch counter on it.\"\nDraft a card from March Toward Perfection's spellbook.", "type": "Sorcery", "types": ["Sorcery"], "uuid": "3ae2ca40-ea4a-5b7d-acda-45eaa745f334"}, {"artist": "Diego Gisbert", "artistIds": ["3f4e975d-092c-40e4-b850-2d582bf4b5cb"], "availability": ["arena"], "borderColor": "black", "colorIdentity": ["B"], "colors": ["B"], "convertedManaCost": 2.0, "finishes": ["nonfoil"], "foreignData": [], "frameVersion": "2015", "hasFoil": false, "hasNonFoil": true, "identifiers": {"mtgjsonV4Id": "466a7b53-2166-5930-b6a6-f7319016911e", "scryfallId": "e5e6a678-d8de-4763-bbad-ff23e394d4d8", "scryfallIllustrationId": "3580a49d-f8da-48c4-ae4f-fb9d9f1d4f41", "scryfallOracleId": "d4e974a2-492b-40d6-bcb6-1242a5e2eb47"}, "isOnlineOnly": true, "isStarter": true, "keywords": ["Conjure", "Menace"], "language": "English", "layout": "normal", "legalities": {"alchemy": "Legal", "gladiator": "Legal", "historic": "Legal", "historicbrawl": "Legal"}, "manaCost": "{1}{B}", "manaValue": 2.0, "name": "Sheoldred's Assimilator", "number": "10", "power": "3", "printings": ["YONE"], "purchaseUrls": {}, "rarity": "rare", "setCode": "YONE", "subtypes": ["Phyrexian", "Horror"], "supertypes": [], "text": "Menace\nWhenever Sheoldred's Assimilator enters the battlefield or attacks, exile up to one target card from a graveyard. If a card is exiled this way, you may conjure a duplicate of that card into the top five cards of your library at random.", "toughness": "1", "type": "Creature — Phyrexian Horror", "types": ["Creature"], "uuid": "7b4a6e4a-0529-5888-90bf-ee804d44019c"}, {"artist": "David Sondered", "artistIds": ["d425b9a7-dd1f-47ca-86c0-aaedb22606dd"], "availability": ["arena"], "borderColor": "black", "colorIdentity": ["R"], "colors": ["R"], "convertedManaCost": 3.0, "finishes": ["nonfoil"], "foreignData": [], "frameVersion": "2015", "hasFoil": false, "hasNonFoil": true, "identifiers": {"mtgjsonV4Id": "b222ad51-3b59-529c-a8b9-db8fd901bdaf", "scryfallId": "0f0409ad-1e16-4a8f-b998-11e95a736a30", "scryfallIllustrationId": "3fa8f6d4-e9f5-41d3-8b2e-2609b3e70a8f", "scryfallOracleId": "ad1695cc-d2b6-46c5-a092-774658454566"}, "isOnlineOnly": true, "isStarter": true, "keywords": ["Conjure", "Equip", "For Mirrodin!"], "language": "English", "layout": "normal", "legalities": {"alchemy": "Legal", "gladiator": "Legal", "historic": "Legal", "historicbrawl": "Legal"}, "manaCost": "{2}{R}", "manaValue": 3.0, "name": "Hexgold Sledge", "number": "11", "printings": ["YONE"], "purchaseUrls": {}, "rarity": "uncommon", "setCode": "YONE", "subtypes": ["Equipment"], "supertypes": [], "text": "For Mirrodin!\nWhen Hexgold Sledge enters the battlefield, conjure a card named Goblin Gaveleer onto the battlefield.\nEquipped creature gets +1/+0.\nEquip {1}", "type": "Artifact — Equipment", "types": ["Artifact"], "uuid": "8e17bdc4-d573-50d4-b2a1-5600d2d3514a"}, {"artist": "Filip Burburan", "artistIds": ["66082c3b-a623-4d34-be51-2475214b85d3"], "availability": ["arena"], "borderColor": "black", "colorIdentity": ["R"], "colors": ["R"], "convertedManaCost": 5.0, "finishes": ["nonfoil"], "foreignData": [], "frameVersion": "2015", "hasFoil": false, "hasNonFoil": true, "identifiers": {"mtgjsonV4Id": "6b9a7a55-64e1-59cd-afc7-e8409f492623", "scryfallId": "bf61bf25-2e80-409a-b925-fb7eb56149b7", "scryfallIllustrationId": "6681d768-469a-4168-b7a0-20820c4b1511", "scryfallOracleId": "9b2826a1-d701-4e11-ba58-6d79a8312156"}, "isOnlineOnly": true, "isStarter": true, "keywords": ["Flying"], "language": "English", "layout": "normal", "legalities": {"alchemy": "Legal", "gladiator": "Legal", "historic": "Legal", "historicbrawl": "Legal"}, "manaCost": "{3}{R}{R}", "manaValue": 5.0, "name": "Magmatic Scorchwing", "number": "12", "power": "4", "printings": ["YONE"], "purchaseUrls": {}, "rarity": "rare", "setCode": "YONE", "subtypes": ["Dragon"], "supertypes": [], "text": "Flying\nWhen Magmatic Scorchwing enters the battlefield, if there are no nonbasic land cards in your library, Magmatic Scorchwing deals 3 damage to any target.", "toughness": "4", "type": "Creature — Dragon", "types": ["Creature"], "uuid": "274df6f2-42b0-5450-8ac5-ef6f4ebb8cb3"}, {"artist": "José Parodi", "artistIds": ["4aac5bf3-5a92-40f6-a0c3-6edc7373cc71"], "availability": ["arena"], "borderColor": "black", "colorIdentity": ["R"], "colors": ["R"], "convertedManaCost": 4.0, "finishes": ["nonfoil"], "foreignData": [], "frameVersion": "2015", "hasFoil": false, "hasNonFoil": true, "identifiers": {"mtgjsonV4Id": "932c2b6e-8234-57e4-8c1f-23c06ca40350", "scryfallId": "61ec25b0-40ab-4719-8c35-1fc4f59239d9", "scryfallIllustrationId": "743ca8d9-3ac6-476d-b925-7199b68fefb4", "scryfallOracleId": "2ff37e61-52b2-4886-8dfe-db6b23d9b0be"}, "isOnlineOnly": true, "isStarter": true, "keywords": ["Menace", "Seek"], "language": "English", "layout": "normal", "legalities": {"alchemy": "Legal", "gladiator": "Legal", "historic": "Legal", "historicbrawl": "Legal"}, "manaCost": "{R}{R}{R}{R}", "manaValue": 4.0, "name": "Phyrexian Harvester", "number": "13", "power": "5", "printings": ["YONE"], "purchaseUrls": {}, "rarity": "mythic", "setCode": "YONE", "subtypes": ["Phyrexian", "Horror"], "supertypes": [], "text": "Menace\nWhenever Phyrexian Harvester is dealt damage, seek that many nonland cards. At the beginning of your next end step, discard those cards.", "toughness": "5", "type": "Creature — Phyrexian Horror", "types": ["Creature"], "uuid": "6abee7c1-a292-596a-916d-489729d64357"}, {"artist": "Tuan Duong Chu", "artistIds": ["d84246f9-a536-485f-a21d-a237302ed100"], "availability": ["arena"], "borderColor": "black", "colorIdentity": ["G"], "colors": ["G"], "convertedManaCost": 4.0, "finishes": ["nonfoil"], "foreignData": [], "frameVersion": "2015", "hasFoil": false, "hasNonFoil": true, "identifiers": {"mtgjsonV4Id": "3324f83a-cbce-5151-846c-64fc3fcd8c66", "scryfallId": "e4f250af-01fb-41dd-b6da-8b636166058f", "scryfallIllustrationId": "8451071e-48bd-401f-afcc-4560f47fa74d", "scryfallOracleId": "fc10aaa0-8a2c-4ffb-9bdd-0a518616a59a"}, "isOnlineOnly": true, "isStarter": true, "keywords": ["Trample"], "language": "English", "layout": "normal", "leadershipSkills": {"brawl": false, "commander": true, "oathbreaker": false}, "legalities": {"alchemy": "Legal", "gladiator": "Legal", "historic": "Legal", "historicbrawl": "Legal"}, "manaCost": "{2}{G}{G}", "manaValue": 4.0, "name": "Rothga, Bonded Engulfer", "number": "14", "power": "4", "printings": ["YONE"], "purchaseUrls": {}, "rarity": "mythic", "setCode": "YONE", "subtypes": ["Phyrexian", "Beast"], "supertypes": ["Legendary"], "text": "Trample\nWhen Rothga, Bonded Engulfer enters the battlefield, you get a boon with \"When you cast your next creature spell, it perpetually gets +X/+X, where X is its power.\"", "toughness": "4", "type": "Legendary Creature — Phyrexian Beast", "types": ["Creature"], "uuid": "10bac5ea-bca6-528e-a2af-6fe0703a9b43"}, {"artist": "Tuan Duong Chu", "artistIds": ["d84246f9-a536-485f-a21d-a237302ed100"], "availability": ["arena"], "borderColor": "black", "colorIdentity": ["G"], "colors": ["G"], "convertedManaCost": 1.0, "finishes": ["nonfoil"], "foreignData": [], "frameVersion": "2015", "hasFoil": false, "hasNonFoil": true, "identifiers": {"mtgjsonV4Id": "2d0bba7d-e491-55d3-9230-7fe8b559babd", "scryfallId": "77032519-833d-4569-9f40-6886c7eb9f0e", "scryfallIllustrationId": "32a412e3-5a43-4b82-a6d3-cfe86b0de9e3", "scryfallOracleId": "4f0bbe85-0893-48ec-bb97-452c750edae3"}, "isOnlineOnly": true, "isStarter": true, "keywords": ["Toxic"], "language": "English", "layout": "normal", "legalities": {"alchemy": "Legal", "gladiator": "Legal", "historic": "Legal", "historicbrawl": "Legal"}, "manaCost": "{G}", "manaValue": 1.0, "name": "Phyresis Roach", "number": "15", "power": "1", "printings": ["YONE"], "purchaseUrls": {}, "rarity": "uncommon", "setCode": "YONE", "subtypes": ["Phyrexian", "Insect"], "supertypes": [], "text": "Toxic 1\nWhenever Phyresis Roach deals combat damage to a player, Insects you control and Insect cards in your graveyard, hand, and library perpetually gain toxic 1.", "toughness": "1", "type": "Creature — Phyrexian Insect", "types": ["Creature"], "uuid": "d20f2282-a3e5-5d02-8209-9c914545c4b4"}, {"artist": "Chris Seaman", "artistIds": ["b9c49463-6f55-4039-9d32-c02a658af100"], "availability": ["arena"], "borderColor": "black", "colorIdentity": ["G"], "colors": ["G"], "convertedManaCost": 3.0, "finishes": ["nonfoil"], "foreignData": [], "frameVersion": "2015", "hasFoil": false, "hasNonFoil": true, "identifiers": {"mtgjsonV4Id": "4bda5fd1-137c-5425-9a26-08b2d045c39b", "scryfallId": "fa90d01c-2bc8-46f7-9351-e878eb528d4c", "scryfallIllustrationId": "2d9cdfbd-2d44-4172-bf9c-0f7d8fe737f8", "scryfallOracleId": "d6cee604-1d2d-4975-b256-da462fc2777c"}, "isOnlineOnly": true, "isStarter": true, "keywords": ["Seek"], "language": "English", "layout": "normal", "legalities": {"alchemy": "Legal", "gladiator": "Legal", "historic": "Legal", "historicbrawl": "Legal"}, "manaCost": "{2}{G}", "manaValue": 3.0, "name": "Spawning Pod", "number": "16", "printings": ["YONE"], "purchaseUrls": {}, "rarity": "rare", "setCode": "YONE", "subtypes": [], "supertypes": [], "text": "{1}, {T}, Sacrifice a creature: Seek a creature card with mana value equal to 1 plus the sacrificed creature's mana value and put that card onto the battlefield. That creature is a Phyrexian in addition to its other types. Activate only as a sorcery.", "type": "Artifact", "types": ["Artifact"], "uuid": "68fd267f-496a-59a7-b257-c97d25bda089"}, {"artist": "Josh Hass", "artistIds": ["8fa1fdf0-96d6-46f4-a7ff-b1c0257c3735"], "availability": ["arena"], "borderColor": "black", "colorIdentity": ["B", "W"], "colors": ["B", "W"], "convertedManaCost": 2.0, "finishes": ["nonfoil"], "foreignData": [], "frameVersion": "2015", "hasFoil": false, "hasNonFoil": true, "identifiers": {"mtgjsonV4Id": "03facb5f-fc64-5972-8752-135235484b1a", "scryfallId": "0da98dfc-3de1-48fb-881f-d01f34b2a22e", "scryfallIllustrationId": "938e4588-ec80-422b-aa1e-3463c84f06f1", "scryfallOracleId": "ea1130c0-0bf1-47e6-a475-c5eaeddbbba1"}, "isOnlineOnly": true, "isStarter": true, "keywords": ["Intensity"], "language": "English", "layout": "normal", "leadershipSkills": {"brawl": false, "commander": true, "oathbreaker": false}, "legalities": {"alchemy": "Legal", "gladiator": "Legal", "historic": "Legal", "historicbrawl": "Legal"}, "manaCost": "{W}{B}", "manaValue": 2.0, "name": "Arek, False Goldwarden", "number": "17", "power": "2", "printings": ["YONE"], "purchaseUrls": {}, "rarity": "mythic", "setCode": "YONE", "subtypes": ["Human", "Cleric"], "supertypes": ["Legendary"], "text": "Starting intensity 0\nWhenever another creature enters the battlefield under your control, perpetually increase the intensity of Arek and the intensity of all cards named Arek, False Goldwarden in your graveyard, hand, and library by 1.\n{3}{W}{B}, {T}, Sacrifice Arek: Target opponent loses X life and you gain X life, where X is Arek's intensity.", "toughness": "2", "type": "Legendary Creature — Human Cleric", "types": ["Creature"], "uuid": "f4b35790-c141-5f09-824d-17e1a7d3a720"}, {"artist": "Volkan Baǵa", "artistIds": ["93bec3c0-0260-4d31-8064-5d01efb4153f"], "availability": ["arena"], "borderColor": "black", "colorIdentity": ["R", "W"], "colors": ["R", "W"], "convertedManaCost": 4.0, "finishes": ["nonfoil"], "foreignData": [], "frameVersion": "2015", "hasFoil": false, "hasNonFoil": true, "identifiers": {"mtgjsonV4Id": "70fb7d6d-b3c0-55c1-93e6-617e03eb6ab3", "scryfallId": "953ed64c-f336-45c0-8377-486686c5b977", "scryfallIllustrationId": "d3167e2d-480e-41e3-881f-00cb6ac0fa68", "scryfallOracleId": "36b86a7c-fcd3-4636-9118-0d07da210fdd"}, "isOnlineOnly": true, "isStarter": true, "keywords": ["Equip", "For Mirrodin!"], "language": "English", "layout": "normal", "legalities": {"alchemy": "Legal", "gladiator": "Legal", "historic": "Legal", "historicbrawl": "Legal"}, "manaCost": "{2}{R}{W}", "manaValue": 4.0, "name": "Bladehold Cleaver", "number": "18", "printings": ["YONE"], "purchaseUrls": {}, "rarity": "rare", "relatedCards": {"spellbook": ["Dragonwing Glider", "Blade-Tribe Berserkers", "Auriok Sunchaser", "Jor Kadeen, the Prevailer", "Accorder Paladin", "Hero of Bladehold", "Hero of Oxid Ridge", "Goblin Gaveleer", "Oxidda Scrapmelter", "Sunspear Shikari", "Ardent Recruit", "Barbed Batterfist", "Bladehold War-Whip", "Mirran Crusader", "Oxidda Finisher"]}, "setCode": "YONE", "subtypes": ["Equipment"], "supertypes": [], "text": "For Mirrodin!\nEquipped creature gets +2/+2.\nWhenever equipped creature dies, draft a card from Bladehold Cleaver's spellbook.\nEquip {3}", "type": "Artifact — Equipment", "types": ["Artifact"], "uuid": "6357200f-13ba-5623-83fb-50f53877af88"}, {"artist": "Bruce Brenneise", "artistIds": ["91d65465-e8a6-4a4e-8b0e-0e07466cfa0f"], "availability": ["arena"], "borderColor": "black", "colorIdentity": ["G", "U"], "colors": ["G", "U"], "convertedManaCost": 4.0, "finishes": ["nonfoil"], "foreignData": [], "frameVersion": "2015", "hasFoil": false, "hasNonFoil": true, "identifiers": {"mtgjsonV4Id": "f6a05697-7448-5218-96e6-745c158ba121", "scryfallId": "bf93da6b-8249-4342-b19e-3a2946e7065e", "scryfallIllustrationId": "1b9e34c0-9450-4c1a-9183-bbf5f1d411d8", "scryfallOracleId": "d66af7be-8d59-4e4a-985a-e6d6ee078587"}, "isOnlineOnly": true, "isStarter": true, "keywords": ["Proliferate"], "language": "English", "layout": "normal", "legalities": {"alchemy": "Legal", "gladiator": "Legal", "historic": "Legal", "historicbrawl": "Legal"}, "manaCost": "{2}{G}{U}", "manaValue": 4.0, "name": "Contagion Dispenser", "number": "19", "printings": ["YONE"], "purchaseUrls": {}, "rarity": "rare", "relatedCards": {"spellbook": ["Contagion Engine", "Tezzeret's Gambit", "Bloom Hulk", "Smell Fear", "Sword of Truth and Justice", "Inexorable Tide", "Cankerbloom", "Merfolk Skydiver", "Evolution Sage", "Pollenbright Druid", "Roalesk, Apex Hybrid", "Flux Channeler", "Thrummingbird", "Contagion Clasp", "Contentious Plan"]}, "setCode": "YONE", "subtypes": [], "supertypes": [], "text": "When Contagion Dispenser enters the battlefield, proliferate.\nWhenever you proliferate during your turn, draft a card from Contagion Dispenser's spellbook. This ability triggers only once each turn.", "type": "Artifact", "types": ["Artifact"], "uuid": "8c6443f2-59fd-5002-b95d-09075e180049"}, {"artist": "Monztre", "artistIds": ["79f1426a-bb52-4801-ad62-eddf0daa5b22"], "availability": ["arena"], "borderColor": "black", "colorIdentity": ["B", "G", "W"], "colors": ["B", "G", "W"], "convertedManaCost": 3.0, "finishes": ["nonfoil"], "foreignData": [], "frameVersion": "2015", "hasFoil": false, "hasNonFoil": true, "identifiers": {"mtgjsonV4Id": "27f29be6-399b-52eb-958c-8f97ea0c9e75", "scryfallId": "0ea01eca-5ffc-4678-92f1-9c35fbf4a362", "scryfallIllustrationId": "8b35fd34-f105-4df6-ba09-d4ecebe14077", "scryfallOracleId": "9f46989f-e12e-4086-87f5-da650bc65322"}, "isOnlineOnly": true, "isStarter": true, "keywords": ["Conjure", "Indestructible"], "language": "English", "layout": "normal", "legalities": {"alchemy": "Legal", "gladiator": "Legal", "historic": "Legal", "historicbrawl": "Legal"}, "manaCost": "{X}{W}{B}{G}", "manaValue": 3.0, "name": "Darksteel Hydra", "number": "20", "power": "*", "printings": ["YONE"], "purchaseUrls": {}, "rarity": "mythic", "setCode": "YONE", "subtypes": ["Phyrexian", "Hydra"], "supertypes": [], "text": "Indestructible\nDarksteel Hydra enters the battlefield with X oil counters on it.\nDarksteel Hydra's power and toughness are each equal to twice the number of oil counters on it.\nWhen Darksteel Hydra enters the battlefield, conjure a card named Darksteel Ingot and a card named Darksteel Plate into your hand.", "toughness": "*", "type": "Artifact Creature — Phyrexian Hydra", "types": ["Artifact", "Creature"], "uuid": "c4022410-5770-5317-828f-39715ed31461"}, {"artist": "Jonas De Ro", "artistIds": ["561ebf9e-8d93-4b57-8156-8826d0c19601"], "availability": ["arena"], "borderColor": "black", "colorIdentity": ["B", "U"], "colors": ["B", "U"], "convertedManaCost": 4.0, "finishes": ["nonfoil"], "foreignData": [], "frameVersion": "2015", "hasFoil": false, "hasNonFoil": true, "identifiers": {"mtgjsonV4Id": "2199ff39-5cdc-57d9-af19-ae7795b38d5b", "scryfallId": "76cd7a63-55c6-4066-9244-2f10bfe8f33d", "scryfallIllustrationId": "f2408d44-64b4-471c-8a78-75b54fe3b0a9", "scryfallOracleId": "2e97e20a-502b-4e36-a3ae-bc0b77139651"}, "isOnlineOnly": true, "isStarter": true, "keywords": ["Seek"], "language": "English", "layout": "normal", "legalities": {"alchemy": "Legal", "gladiator": "Legal", "historic": "Legal", "historicbrawl": "Legal"}, "manaCost": "{2}{U}{B}", "manaValue": 4.0, "name": "Glistening Extractor", "number": "21", "printings": ["YONE"], "purchaseUrls": {}, "rarity": "rare", "setCode": "YONE", "subtypes": [], "supertypes": [], "text": "Glistening Extractor enters the battlefield with four oil counters on it.\nAt the beginning of your upkeep, if there are one or more oil counters on Glistening Extractor, seek a card with mana value equal to the number of oil counters on Glistening Extractor, then remove an oil counter from Glistening Extractor.", "type": "Artifact", "types": ["Artifact"], "uuid": "591647b2-6aeb-5906-83cf-b6e5efe7d1fd"}, {"artist": "Daniel Ljunggren", "artistIds": ["0fbd4798-76eb-46d5-a5d4-1e3a25870e34"], "availability": ["arena"], "borderColor": "black", "colorIdentity": ["B", "G"], "colors": ["B", "G"], "convertedManaCost": 3.0, "finishes": ["nonfoil"], "foreignData": [], "frameVersion": "2015", "hasFoil": false, "hasNonFoil": true, "identifiers": {"mtgjsonV4Id": "b38cbbcf-ddb0-5510-8638-2cc9e81ec712", "scryfallId": "0db18acd-36dd-4469-a370-430141858722", "scryfallIllustrationId": "cf0fa3b3-32c3-4e89-9e51-ce77bb3351f5", "scryfallOracleId": "e08a4569-eb90-4a95-9420-ebb8b8c0c906"}, "isOnlineOnly": true, "isStarter": true, "keywords": ["Conjure"], "language": "English", "layout": "normal", "leadershipSkills": {"brawl": false, "commander": true, "oathbreaker": false}, "legalities": {"alchemy": "Legal", "gladiator": "Legal", "historic": "Legal", "historicbrawl": "Legal"}, "manaCost": "{1}{B}{G}", "manaValue": 3.0, "name": "Gyox, Brutal Carnivora", "number": "22", "power": "2", "printings": ["YONE"], "purchaseUrls": {}, "rarity": "rare", "setCode": "YONE", "subtypes": ["Phyrexian", "Warlock"], "supertypes": ["Legendary"], "text": "At the beginning of your end step, put an oil counter on up to one target creature.\nWhenever a nontoken creature you control with one or more oil counters on it dies, conjure X duplicates of it into exile, where X is the number of oil counters on it. Those duplicates perpetually get +X/+X. Then shuffle those duplicates into your library.", "toughness": "4", "type": "Legendary Creature — Phyrexian Warlock", "types": ["Creature"], "uuid": "959d8326-5ce9-5971-a32b-453895e8f50d"}, {"artist": "J.P. Targete", "artistIds": ["75a48ae5-d1d0-4a98-98a8-2ca5fd9e0cd9"], "availability": ["arena"], "borderColor": "black", "colorIdentity": ["B", "U"], "colors": ["B", "U"], "convertedManaCost": 3.0, "finishes": ["nonfoil"], "foreignData": [], "frameVersion": "2015", "hasFoil": false, "hasNonFoil": true, "identifiers": {"mtgjsonV4Id": "0a592823-c3f7-51d3-932d-5754366d4385", "scryfallId": "0859810b-132c-4067-87b7-794dfc4aefa5", "scryfallIllustrationId": "98543429-933a-45f6-af2e-60c2225e4298", "scryfallOracleId": "1b06a75f-a67b-4184-97e8-3a8d989639b8"}, "isOnlineOnly": true, "isStarter": true, "keywords": ["Defender", "Flying", "Proliferate"], "language": "English", "layout": "normal", "legalities": {"alchemy": "Legal", "gladiator": "Legal", "historic": "Legal", "historicbrawl": "Legal"}, "manaCost": "{1}{U}{B}", "manaValue": 3.0, "name": "Ichor Aberration", "number": "23", "power": "3", "printings": ["YONE"], "purchaseUrls": {}, "rarity": "rare", "setCode": "YONE", "subtypes": ["Phyrexian", "Horror"], "supertypes": [], "text": "Flying, Defender\nAs long as Ichor Aberration's power is 7 or greater, it can attack as though it didn't have defender.\nWhenever you proliferate, if Ichor Aberration is in your graveyard or on the battlefield, Ichor Aberration perpetually gets +1/+1. You may cast it from your graveyard this turn.", "toughness": "3", "type": "Creature — Phyrexian Horror", "types": ["Creature"], "uuid": "2ace205a-4a84-5733-b3e2-a38250c00378"}, {"artist": "LA Draws", "artistIds": ["1f22abb8-3873-4e81-93f3-79db5e56dd64"], "availability": ["arena"], "borderColor": "black", "colorIdentity": ["U", "W"], "colors": ["U", "W"], "convertedManaCost": 2.0, "finishes": ["nonfoil"], "foreignData": [], "frameVersion": "2015", "hasFoil": false, "hasNonFoil": true, "identifiers": {"mtgjsonV4Id": "61df4839-401b-5224-9d32-7c9eff1ebf95", "scryfallId": "76bde38b-66d2-493b-ade0-c2d4ef5bf7e9", "scryfallIllustrationId": "84415d9a-0241-4e70-b64c-3b727868ba6b", "scryfallOracleId": "cc6b95d1-2a08-44d4-850c-e748fed413e8"}, "isOnlineOnly": true, "isStarter": true, "keywords": ["Seek"], "language": "English", "layout": "normal", "legalities": {"alchemy": "Legal", "gladiator": "Legal", "historic": "Legal", "historicbrawl": "Legal"}, "manaCost": "{W}{U}", "manaValue": 2.0, "name": "Innovative Metatect", "number": "24", "power": "1", "printings": ["YONE"], "purchaseUrls": {}, "rarity": "rare", "setCode": "YONE", "subtypes": ["Phyrexian", "Artificer"], "supertypes": [], "text": "Whenever one or more artifact creatures you control deal combat damage to a player, seek a nonland card with mana value 2 or less.", "toughness": "3", "type": "Creature — Phyrexian Artificer", "types": ["Creature"], "uuid": "2b75ca0e-bcbe-5895-98dc-83d2ba34251a"}, {"artist": "Yeong-Hao Han", "artistIds": ["f8e7f8d6-6dde-4059-973c-30f1fd1bbe4e"], "availability": ["arena"], "borderColor": "black", "colorIdentity": ["B", "G"], "colors": ["B", "G"], "convertedManaCost": 3.0, "finishes": ["nonfoil"], "foreignData": [], "frameVersion": "2015", "hasFoil": false, "hasNonFoil": true, "identifiers": {"mtgjsonV4Id": "5e3e688f-a868-5848-8b7e-fd76a7d6e7c6", "scryfallId": "ed7fd74d-f543-4d9a-9cd8-c84c202bdc1e", "scryfallIllustrationId": "62452289-ee53-4467-ac91-021d112c01fa", "scryfallOracleId": "36979d7e-81fd-4e23-ac7f-8411524e417a"}, "isOnlineOnly": true, "isStarter": true, "keywords": ["Conjure", "Trample"], "language": "English", "layout": "normal", "legalities": {"alchemy": "Legal", "gladiator": "Legal", "historic": "Legal", "historicbrawl": "Legal"}, "manaCost": "{1}{B}{G}", "manaValue": 3.0, "name": "Mephidross Slime", "number": "25", "power": "3", "printings": ["YONE"], "purchaseUrls": {}, "rarity": "uncommon", "setCode": "YONE", "subtypes": ["Phyrexian", "Ooze"], "supertypes": [], "text": "Trample\nWhen Mephidross Slime dies, conjure a card named Mephidross Slime into your graveyard. Perpetually double the power and toughness of Mephidross Slime and that card, then shuffle them into their owner's library.", "toughness": "3", "type": "Creature — Phyrexian Ooze", "types": ["Creature"], "uuid": "382b796a-6956-582a-b454-24ae20db1863"}, {"artist": "Caroline Gariba", "artistIds": ["61a4c572-3d1b-4b71-aeb0-1a5a6b82c524"], "availability": ["arena"], "borderColor": "black", "colorIdentity": ["R", "U"], "colors": ["R", "U"], "convertedManaCost": 2.0, "finishes": ["nonfoil"], "foreignData": [], "frameVersion": "2015", "hasFoil": false, "hasNonFoil": true, "identifiers": {"mtgjsonV4Id": "573788d6-55f5-5b71-a943-c143a8f4bfbb", "scryfallId": "b9e9858f-4cdc-4682-be2f-20f555014b07", "scryfallIllustrationId": "515c2f70-854d-46b6-83be-ead0a0d692b9", "scryfallOracleId": "e7b3dab1-7d27-4e57-b66f-542442663b92"}, "isOnlineOnly": true, "isStarter": true, "keywords": ["Conjure"], "language": "English", "layout": "normal", "legalities": {"alchemy": "Legal", "gladiator": "Legal", "historic": "Legal", "historicbrawl": "Legal"}, "manaCost": "{U}{R}", "manaValue": 2.0, "name": "Quicksilver Lapidary", "number": "26", "power": "1", "printings": ["YONE"], "purchaseUrls": {}, "rarity": "uncommon", "setCode": "YONE", "subtypes": ["Phyrexian", "Artificer"], "supertypes": [], "text": "When Quicksilver Lapidary enters the battlefield, conjure a card named Mox Opal into your hand.", "toughness": "1", "type": "Creature — Phyrexian Artificer", "types": ["Creature"], "uuid": "db75e0f7-8607-5c09-8237-e7e6e150febd"}, {"artist": "Monztre", "artistIds": ["79f1426a-bb52-4801-ad62-eddf0daa5b22"], "availability": ["arena"], "borderColor": "black", "colorIdentity": ["B", "W"], "colors": ["B", "W"], "convertedManaCost": 4.0, "finishes": ["nonfoil"], "foreignData": [], "frameVersion": "2015", "hasFoil": false, "hasNonFoil": true, "identifiers": {"mtgjsonV4Id": "1eea5425-370a-513b-9612-d67c3867a446", "scryfallId": "bcf38296-7d45-433f-9090-a5abb035323c", "scryfallIllustrationId": "6cc2d47b-2834-4528-9708-fa9b69f13703", "scryfallOracleId": "4bf31a78-a190-4b18-a8e5-529526b234d7"}, "isOnlineOnly": true, "isStarter": true, "keywords": ["Toxic"], "language": "English", "layout": "normal", "legalities": {"alchemy": "Legal", "gladiator": "Legal", "historic": "Legal", "historicbrawl": "Legal"}, "manaCost": "{2}{W}{B}", "manaValue": 4.0, "name": "Seething Skitter-Priest", "number": "27", "power": "3", "printings": ["YONE"], "purchaseUrls": {}, "rarity": "uncommon", "setCode": "YONE", "subtypes": ["Phyrexian", "Cleric"], "supertypes": [], "text": "Toxic 1\nWhen Seething Skitter-Priest enters the battlefield, creatures you control and creature cards in your hand perpetually gain \"When this creature dies, create a 1/1 colorless Phyrexian Mite artifact creature token with toxic 1 and 'This creature can't block.'\"", "toughness": "3", "type": "Creature — Phyrexian Cleric", "types": ["Creature"], "uuid": "930f3a33-3bd4-5b46-96a9-ce5cf288222f"}, {"artist": "David Sondered", "artistIds": ["d425b9a7-dd1f-47ca-86c0-aaedb22606dd"], "availability": ["arena"], "borderColor": "black", "colorIdentity": ["G", "U"], "colors": ["G", "U"], "convertedManaCost": 2.0, "finishes": ["nonfoil"], "foreignData": [], "frameVersion": "2015", "hasFoil": false, "hasNonFoil": true, "identifiers": {"mtgjsonV4Id": "37127f85-8382-565c-b7d7-51537e3fc99e", "scryfallId": "2318627b-7bef-482f-a66e-89119d46190f", "scryfallIllustrationId": "33822fdf-fbd1-4c5a-98aa-a16661452db2", "scryfallOracleId": "673b732e-eddd-4086-b851-bca0a4e16eb3"}, "isOnlineOnly": true, "isStarter": true, "keywords": ["Flying", "Toxic"], "language": "English", "layout": "normal", "legalities": {"alchemy": "Legal", "gladiator": "Legal", "historic": "Legal", "historicbrawl": "Legal"}, "manaCost": "{G}{U}", "manaValue": 2.0, "name": "Skullpiercer Gnat", "number": "28", "power": "1", "printings": ["YONE"], "purchaseUrls": {}, "rarity": "uncommon", "setCode": "YONE", "subtypes": ["Phyrexian", "Insect"], "supertypes": [], "text": "Flying\nToxic 1\nWhenever Skullpiercer Gnat deals combat damage to a player, a random nonland card in that player's hand perpetually gains \"When you cast this spell, you get a poison counter.\"", "toughness": "1", "type": "Creature — Phyrexian Insect", "types": ["Creature"], "uuid": "6394d6a9-054c-5986-bb9c-30e463047301"}, {"artist": "Michele Giorgi", "artistIds": ["60ff7459-c81d-41e6-bec1-4264c2161014"], "availability": ["arena"], "borderColor": "black", "colorIdentity": ["G", "U", "W"], "colors": ["G", "U", "W"], "convertedManaCost": 3.0, "finishes": ["nonfoil"], "foreignData": [], "frameVersion": "2015", "hasFoil": false, "hasNonFoil": true, "identifiers": {"mtgjsonV4Id": "28af6c5a-d077-540f-a541-90f55231fba1", "scryfallId": "a18b6ab0-1214-48c3-9b72-1644b6ff63fa", "scryfallIllustrationId": "5cf7ffed-479a-4294-b4aa-59b7cea6be2b", "scryfallOracleId": "b82f236d-76cf-4ec5-8521-a073c16e4176"}, "isOnlineOnly": true, "isStarter": true, "keywords": ["Seek"], "language": "English", "layout": "normal", "leadershipSkills": {"brawl": false, "commander": true, "oathbreaker": false}, "legalities": {"alchemy": "Legal", "gladiator": "Legal", "historic": "Legal", "historicbrawl": "Legal"}, "manaCost": "{G}{W}{U}", "manaValue": 3.0, "name": "Vexyr, Ich-Tekik's Heir", "number": "29", "power": "3", "printings": ["YONE"], "purchaseUrls": {}, "rarity": "rare", "setCode": "YONE", "subtypes": ["Phyrexian", "Artificer"], "supertypes": ["Legendary"], "text": "Whenever you seek one or more cards, create a 3/3 colorless Phyrexian Golem artifact creature token.\nGolems you control have vigilance.", "toughness": "4", "type": "Legendary Creature — Phyrexian Artificer", "types": ["Creature"], "uuid": "a618d266-be4c-5f5a-b6ff-baabbe8e42d7"}, {"artist": "Piotr Dura", "artistIds": ["aff176e8-1d15-432e-ad1d-207a474decba"], "availability": ["arena"], "borderColor": "black", "colorIdentity": [], "colors": [], "convertedManaCost": 0.0, "finishes": ["nonfoil"], "foreignData": [], "frameVersion": "2015", "hasFoil": false, "hasNonFoil": true, "identifiers": {"mtgjsonV4Id": "52fe3c3d-a1fd-5e58-8366-60d1ed77dbf2", "scryfallId": "9da3f953-c7c3-4856-8aec-f6a927637df5", "scryfallIllustrationId": "e88ceb98-d903-48a1-945b-240293a598d6", "scryfallOracleId": "99b7f9d0-02fd-4391-8ef9-89179bff9ef6"}, "isOnlineOnly": true, "isStarter": true, "keywords": ["Conjure"], "language": "English", "layout": "normal", "legalities": {"alchemy": "Legal", "gladiator": "Legal", "historic": "Legal", "historicbrawl": "Legal"}, "manaValue": 0.0, "name": "Phyrexian Scrapyard", "number": "30", "printings": ["YONE"], "purchaseUrls": {}, "rarity": "rare", "setCode": "YONE", "subtypes": [], "supertypes": [], "text": "{T}: Add {C}.\n{1}, {T}, Discard a card: Conjure a card named Phyrexian Scrapyard into your hand.\n{2}, {T}, Sacrifice three lands named Phyrexian Scrapyard: Conjure a card named Soul of New Phyrexia onto the battlefield. Activate only as a sorcery.", "type": "Land", "types": ["Land"], "uuid": "b17cb716-ad44-509c-87e7-692965aad687"}], "code": "YONE", "isFoilOnly": false, "isNonFoilOnly": true, "isOnlineOnly": true, "keyruneCode": "Y23", "languages": ["English"], "name": "Alchemy: Phyrexia", "parentCode": "ONE", "releaseDate": "2023-02-28", "tokens": [], "totalSetSize": 30, "translations": {}, "type": "alchemy"}}