{"meta": {"date": "2023-08-19", "version": "5.2.1+20230819"}, "data": {"baseSetSize": 30, "block": "Alchemy 2022", "cards": [{"artist": "Cristi Balanescu", "artistIds": ["c09ede88-a1b5-4a18-9895-dc8a965d28a5"], "availability": ["arena"], "borderColor": "black", "colorIdentity": ["W"], "colors": ["W"], "convertedManaCost": 2.0, "finishes": ["nonfoil"], "foreignData": [], "frameVersion": "2015", "hasFoil": false, "hasNonFoil": true, "identifiers": {"mtgArenaId": "81938", "mtgjsonV4Id": "c11f21dc-fc2d-524a-81e9-c79ffce459d1", "multiverseId": "571304", "scryfallId": "2510187a-ec97-420c-9f1b-32eb6fbf4e6d", "scryfallIllustrationId": "1df28a74-28f2-4c95-bd8f-14fbd5b30d86", "scryfallOracleId": "2ec81b8c-5b9b-4fa6-8bcb-122624b444a3"}, "isOnlineOnly": true, "isStarter": true, "language": "English", "layout": "normal", "legalities": {"alchemy": "Legal", "gladiator": "Legal", "historic": "Legal", "historicbrawl": "Legal"}, "manaCost": "{1}{W}", "manaValue": 2.0, "name": "Celestial Vault", "number": "1", "originalText": "{W}, {T}: Draft a card from Celestial Vault's spellbook and exile it face down.\n{1}, Sacrifice Celestial Vault: Put each card exiled with Celestial Vault into your hand.", "originalType": "Artifact", "printings": ["YSNC"], "purchaseUrls": {}, "rarity": "uncommon", "relatedCards": {"spellbook": ["Sigardian Savior", "Stalwart Valkyrie", "Angel of Vitality", "Resplendent Angel", "Serra Angel", "Segovian Angel", "Righteous Valkyrie", "Youthful Valkyrie", "Angel of Invention", "Enduring Angel // Angelic Enforcer", "Emancipation Angel", "Resplendent Marshal", "Valkyrie Harbinger", "Angel of Destiny", "Angel of Sanctions"]}, "securityStamp": "arena", "setCode": "YSNC", "subtypes": [], "supertypes": [], "text": "{W}, {T}: Draft a card from Celestial Vault's spellbook and exile it face down.\n{1}, Sacrifice Celestial Vault: Put each card exiled with Celestial Vault into your hand.", "type": "Artifact", "types": ["Artifact"], "uuid": "6b0d7fe8-a34d-58cd-96f8-9b64ef78afb6"}, {"artist": "Billy Christian", "artistIds": ["10f26f94-64fc-4174-856e-701bea4f1521"], "availability": ["arena"], "borderColor": "black", "colorIdentity": ["W"], "colors": ["W"], "convertedManaCost": 5.0, "finishes": ["nonfoil"], "foreignData": [], "frameVersion": "2015", "hasFoil": false, "hasNonFoil": true, "identifiers": {"mtgArenaId": "81939", "mtgjsonV4Id": "61f9fb72-cdc0-525e-92fb-5de253223273", "multiverseId": "571305", "scryfallId": "ac429db8-e356-4a27-9195-285f68059303", "scryfallIllustrationId": "80425987-95a9-4ae6-8947-a6475b60a8b2", "scryfallOracleId": "c1b840a4-4774-45ab-9aab-13bdfb461e07"}, "isOnlineOnly": true, "isStarter": true, "keywords": ["Flying"], "language": "English", "layout": "normal", "legalities": {"alchemy": "Legal", "gladiator": "Legal", "historic": "Legal", "historicbrawl": "Legal"}, "manaCost": "{3}{W}{W}", "manaValue": 5.0, "name": "Herald of Vengeance", "number": "2", "originalText": "Flying\nWhen Herald of Vengeance enters the battlefield, destroy each permanent you don't control that has the same name as a permanent that dealt damage to you last turn.", "originalType": "Creature — Angel", "power": "4", "printings": ["YSNC"], "purchaseUrls": {}, "rarity": "rare", "securityStamp": "arena", "setCode": "YSNC", "subtypes": ["Angel"], "supertypes": [], "text": "Flying\nWhen Herald of Vengeance enters the battlefield, destroy each permanent you don't control that has the same name as a permanent that dealt damage to you last turn.", "toughness": "5", "type": "Creature — Angel", "types": ["Creature"], "uuid": "5259028a-be35-5d6b-8f65-d9d29c4501c0"}, {"artist": "Josu Hernaiz", "artistIds": ["74246024-92b4-43d0-a5af-a3f9f2a35d5f"], "availability": ["arena"], "borderColor": "black", "colorIdentity": ["W"], "colors": ["W"], "convertedManaCost": 3.0, "finishes": ["nonfoil"], "foreignData": [], "frameVersion": "2015", "hasFoil": false, "hasNonFoil": true, "identifiers": {"mtgArenaId": "81940", "mtgjsonV4Id": "ec7a0c7a-a375-5503-95e0-ba9ec88f94c0", "multiverseId": "571306", "scryfallId": "3342de9c-cd02-4648-8744-96ee773b051c", "scryfallIllustrationId": "586cff6e-5d38-4627-b7ed-d5925b6ff74b", "scryfallOracleId": "7a10f50a-69dc-48a6-96c0-da4172eb8b81"}, "isOnlineOnly": true, "isStarter": true, "keywords": ["Flying"], "language": "English", "layout": "normal", "legalities": {"alchemy": "Legal", "gladiator": "Legal", "historic": "Legal", "historicbrawl": "Legal"}, "manaCost": "{1}{W}{W}", "manaValue": 3.0, "name": "Skyline Savior", "number": "3", "originalText": "Flying\nWhen Skyline Savior enters the battlefield, return a permanent you control to its owner's hand. If it's a non-Angel creature card, it perpetually gets +1/+1, gains flying, and becomes an Angel in addition to its other types.", "originalType": "Creature — Angel", "power": "3", "printings": ["YSNC"], "purchaseUrls": {}, "rarity": "uncommon", "securityStamp": "arena", "setCode": "YSNC", "subtypes": ["Angel"], "supertypes": [], "text": "Flying\nWhen Skyline Savior enters the battlefield, return a permanent you control to its owner's hand. If it's a non-Angel creature card, it perpetually gets +1/+1, gains flying, and becomes an Angel in addition to its other types.", "toughness": "4", "type": "Creature — Angel", "types": ["Creature"], "uuid": "d3cca3cb-72ab-54e6-82b5-cf7873a78fa9"}, {"artist": "Caroline Gariba", "artistIds": ["61a4c572-3d1b-4b71-aeb0-1a5a6b82c524"], "availability": ["arena"], "borderColor": "black", "colorIdentity": ["U"], "colors": ["U"], "convertedManaCost": 1.0, "finishes": ["nonfoil"], "foreignData": [], "frameVersion": "2015", "hasFoil": false, "hasNonFoil": true, "identifiers": {"mtgArenaId": "81941", "mtgjsonV4Id": "ec7b9cfb-1fd1-5919-91d7-035263a4f092", "multiverseId": "571307", "scryfallId": "9cf599c2-a0a4-4975-9ce8-74bf9429b976", "scryfallIllustrationId": "f4ef332c-9c0b-43bc-bfc6-25045ca2f96d", "scryfallOracleId": "0fc93bc8-b3d4-4161-b6a8-385fac1525b4"}, "isOnlineOnly": true, "isStarter": true, "keywords": ["Conjure"], "language": "English", "layout": "normal", "legalities": {"alchemy": "Legal", "gladiator": "Legal", "historic": "Legal", "historicbrawl": "Legal"}, "manaCost": "{U}", "manaValue": 1.0, "name": "Agent of Raffine", "number": "4", "originalText": "{2}, {T}: Choose target opponent. Conjure a duplicate of the top card of their library into your hand. It perpetually gains \"You may spend mana as though it were mana of any color to cast this spell.\" Then they exile the top card of their library face down.", "originalType": "Creature — Human Rogue", "power": "1", "printings": ["YSNC"], "purchaseUrls": {}, "rarity": "rare", "securityStamp": "arena", "setCode": "YSNC", "subtypes": ["Human", "Rogue"], "supertypes": [], "text": "{2}, {T}: Choose target opponent. Conjure a duplicate of the top card of their library into your hand. It perpetually gains \"You may spend mana as though it were mana of any color to cast this spell.\" Then they exile the top card of their library face down.", "toughness": "2", "type": "Creature — Human Rogue", "types": ["Creature"], "uuid": "ac7a48ba-c0f4-5beb-b5aa-97e100345f41"}, {"artist": "Irina Nordsol", "artistIds": ["1e4cb52d-476e-4c68-ac87-2e620aede6d4"], "availability": ["arena"], "borderColor": "black", "colorIdentity": ["U"], "colors": ["U"], "convertedManaCost": 3.0, "finishes": ["nonfoil"], "foreignData": [], "frameVersion": "2015", "hasFoil": false, "hasNonFoil": true, "identifiers": {"mtgArenaId": "81942", "mtgjsonV4Id": "d7dc2b1a-1c66-5977-8047-54b86c22ab50", "multiverseId": "571308", "scryfallId": "f6bdc170-26a1-4cf3-80ad-f0d0ac0dcb86", "scryfallIllustrationId": "6982ea47-636e-4881-82bd-ecd40db02cf6", "scryfallOracleId": "467bb850-d9c1-40d7-8a2a-40b62f8fde34"}, "isOnlineOnly": true, "isStarter": true, "keywords": ["Seek"], "language": "English", "layout": "normal", "legalities": {"alchemy": "Legal", "gladiator": "Legal", "historic": "Legal", "historicbrawl": "Legal"}, "manaCost": "{2}{U}", "manaValue": 3.0, "name": "Choice of Fortunes", "number": "5", "originalText": "Seek two cards. You may shuffle them into your library. If you do, seek two cards.\nYou have no maximum hand size for the rest of the game.", "originalType": "Sorcery", "printings": ["YSNC"], "purchaseUrls": {}, "rarity": "uncommon", "securityStamp": "arena", "setCode": "YSNC", "subtypes": [], "supertypes": [], "text": "Seek two cards. You may shuffle them into your library. If you do, seek two cards.\nYou have no maximum hand size for the rest of the game.", "type": "Sorcery", "types": ["Sorcery"], "uuid": "30c7482f-d73b-5dfb-b1a4-8b68ab878a6b"}, {"artist": "Taras Susak", "artistIds": ["db356418-19f5-448f-b5a9-68b9afce3d72"], "availability": ["arena"], "borderColor": "black", "colorIdentity": ["U"], "colors": ["U"], "convertedManaCost": 4.0, "finishes": ["nonfoil"], "foreignData": [], "frameVersion": "2015", "hasFoil": false, "hasNonFoil": true, "identifiers": {"mtgArenaId": "81943", "mtgjsonV4Id": "10ca2304-8819-5e6e-b4e8-e48ce326c5b8", "multiverseId": "571309", "scryfallId": "2fb88278-2a0f-4725-9ef2-6a16fc34ecdc", "scryfallIllustrationId": "8512bd54-2b51-4c5a-8670-0f3d6c660130", "scryfallOracleId": "652634e0-69d1-4e2f-88c7-d1a3dd2c4a2e"}, "isOnlineOnly": true, "isStarter": true, "keywords": ["Flash"], "language": "English", "layout": "normal", "legalities": {"alchemy": "Legal", "gladiator": "Legal", "historic": "Legal", "historicbrawl": "Legal"}, "manaCost": "{2}{U}{U}", "manaValue": 4.0, "name": "Nightclub Bouncer", "number": "6", "originalText": "Flash\nWhen Nightclub Bouncer enters the battlefield, return target nonland permanent an opponent controls to its owner's hand. It perpetually gains \"This spell costs {1} more to cast.\"", "originalType": "Creature — Human Rogue", "power": "2", "printings": ["YSNC"], "purchaseUrls": {}, "rarity": "uncommon", "securityStamp": "arena", "setCode": "YSNC", "subtypes": ["Human", "Rogue"], "supertypes": [], "text": "Flash\nWhen Nightclub Bouncer enters the battlefield, return target nonland permanent an opponent controls to its owner's hand. It perpetually gains \"This spell costs {2} more to cast.\"", "toughness": "3", "type": "Creature — Human Rogue", "types": ["Creature"], "uuid": "276737ba-6449-512e-b9ea-bfff5121ddb5"}, {"artist": "Tuan Duong Chu", "artistIds": ["d84246f9-a536-485f-a21d-a237302ed100"], "availability": ["arena"], "borderColor": "black", "colorIdentity": ["B"], "colors": ["B"], "convertedManaCost": 5.0, "finishes": ["nonfoil"], "foreignData": [], "frameVersion": "2015", "hasFoil": false, "hasNonFoil": true, "identifiers": {"mtgArenaId": "81944", "mtgjsonV4Id": "2d00d47e-54a4-5d5e-a852-bad287004bc0", "multiverseId": "571310", "scryfallId": "22556db4-ed35-4136-b5f8-a21704084541", "scryfallIllustrationId": "1585ad13-199a-4c8a-ae75-e356ab6e1e98", "scryfallOracleId": "ba3f0051-ccd9-4b45-a1de-76c982935cbd"}, "isOnlineOnly": true, "isStarter": true, "keywords": ["Conjure", "Flying"], "language": "English", "layout": "normal", "legalities": {"alchemy": "Legal", "gladiator": "Legal", "historic": "Legal", "historicbrawl": "Legal"}, "manaCost": "{3}{B}{B}", "manaValue": 5.0, "name": "Graven Archfiend", "number": "7", "originalText": "As an additional cost to cast this spell, you may sacrifice a non-Demon creature.\nFlying\nWhen Graven Archfiend enters the battlefield, if its additional cost was paid, conjure a card named Demonic Pact onto the battlefield.", "originalType": "Artifact Creature — Gargoyle Demon", "power": "4", "printings": ["YSNC"], "purchaseUrls": {}, "rarity": "rare", "securityStamp": "arena", "setCode": "YSNC", "subtypes": ["Gargoyle", "Demon"], "supertypes": [], "text": "As an additional cost to cast this spell, you may sacrifice a non-Demon creature.\nFlying\nWhen Graven Archfiend enters the battlefield, if its additional cost was paid, conjure a card named Demonic Pact onto the battlefield.", "toughness": "5", "type": "Artifact Creature — Gargoyle Demon", "types": ["Artifact", "Creature"], "uuid": "affefc5a-6d48-505f-a277-f847462119bd"}, {"artist": "Borja Pindado", "artistIds": ["1624a1a8-3492-4c0b-9abc-83dcf2653111"], "availability": ["arena"], "borderColor": "black", "colorIdentity": ["B"], "colors": ["B"], "convertedManaCost": 2.0, "finishes": ["nonfoil"], "foreignData": [], "frameVersion": "2015", "hasFoil": false, "hasNonFoil": true, "identifiers": {"mtgArenaId": "81945", "mtgjsonV4Id": "c83fba53-5088-5c0c-a8f3-0a84b677c8c2", "multiverseId": "571311", "scryfallId": "725f8b19-90b6-4455-ae91-4f7e68708fef", "scryfallIllustrationId": "997cc100-d284-4d4c-a7a6-90654bde56b9", "scryfallOracleId": "08509a74-a356-4fe0-95c7-2b0d8884bc0d"}, "isOnlineOnly": true, "isStarter": true, "keywords": ["Casualty"], "language": "English", "layout": "normal", "legalities": {"alchemy": "Legal", "gladiator": "Legal", "historic": "Legal", "historicbrawl": "Legal"}, "manaCost": "{1}{B}", "manaValue": 2.0, "name": "Shattering Finale", "number": "8", "originalText": "Casualty 1 (As you cast this spell, you may sacrifice a creature with power 1 or greater. When you do, copy this spell and you may choose a new target for the copy.)\nTarget creature an opponent controls perpetually gets -0/-3.", "originalType": "Sorcery", "printings": ["YSNC"], "purchaseUrls": {}, "rarity": "uncommon", "securityStamp": "arena", "setCode": "YSNC", "subtypes": [], "supertypes": [], "text": "Casualty 1\nTarget creature an opponent controls perpetually gets -0/-3.", "type": "Sorcery", "types": ["Sorcery"], "uuid": "de9bf5aa-83d3-549b-a6f8-be530479d5b7"}, {"artist": "Jodie Muir", "artistIds": ["b09e6cd1-0257-425a-9bbb-5cac3f803443"], "availability": ["arena"], "borderColor": "black", "colorIdentity": ["B"], "colors": ["B"], "convertedManaCost": 2.0, "finishes": ["nonfoil"], "foreignData": [], "frameVersion": "2015", "hasFoil": false, "hasNonFoil": true, "identifiers": {"mtgArenaId": "81946", "mtgjsonV4Id": "6f4506db-e44f-5c90-b236-a4f9940170b8", "multiverseId": "571312", "scryfallId": "8560817b-e579-4e03-8a64-d5e8f87f2771", "scryfallIllustrationId": "e3f0344a-84d3-4020-84b9-5a9036af40b3", "scryfallOracleId": "a085fea3-ea32-4c84-9276-eab164c03cc5"}, "isOnlineOnly": true, "isStarter": true, "language": "English", "layout": "normal", "legalities": {"alchemy": "Legal", "gladiator": "Legal", "historic": "Legal", "historicbrawl": "Legal"}, "manaCost": "{1}{B}", "manaValue": 2.0, "name": "Xander's Wake", "number": "9", "originalText": "Whenever one or more creatures you control die, draft a card from Xander's Wake's spellbook. This ability triggers only once each turn.", "originalType": "Enchantment", "printings": ["YSNC"], "purchaseUrls": {}, "rarity": "uncommon", "relatedCards": {"spellbook": ["Yuan-Ti Fang-Blade", "Malakir Blood-Priest", "Boneclad Necromancer", "Slaughter Specialist", "Tavern Swindler", "Hoard Robber", "Malakir Cullblade", "Vengeful Warchief", "Bloodthirsty Aerialist", "Morbid Opportunist", "Blade Juggler", "Asylum Visitor", "Acquisitions Expert", "Tithebearer Giant", "Thieves' Guild Enforcer"]}, "securityStamp": "arena", "setCode": "YSNC", "subtypes": [], "supertypes": [], "text": "Whenever one or more creatures you control die, draft a card from Xander's Wake's spellbook. This ability triggers only once each turn.", "type": "Enchantment", "types": ["Enchantment"], "uuid": "4b77d67a-ecfe-53e8-803a-1de7478f0d07"}, {"artist": "Alexandr Leskinen", "artistIds": ["f7341fb0-cf38-4391-af7e-fb3f024d4eef"], "availability": ["arena"], "borderColor": "black", "colorIdentity": ["R"], "colors": ["R"], "convertedManaCost": 2.0, "finishes": ["nonfoil"], "foreignData": [], "frameVersion": "2015", "hasFoil": false, "hasNonFoil": true, "identifiers": {"mtgArenaId": "81947", "mtgjsonV4Id": "0dc3cef7-2bd0-5fcf-9a76-7ef2303ebe8b", "multiverseId": "571313", "scryfallId": "e86b3ff8-799c-4ab5-bb19-07c480d1bc67", "scryfallIllustrationId": "f32df1f2-601a-4033-9060-68520481426b", "scryfallOracleId": "86a9954a-ff82-4194-a192-e13cb88b93d0"}, "isOnlineOnly": true, "isStarter": true, "keywords": ["Haste", "Treasure"], "language": "English", "layout": "normal", "legalities": {"alchemy": "Legal", "gladiator": "Legal", "historic": "Legal", "historicbrawl": "Legal"}, "manaCost": "{1}{R}", "manaValue": 2.0, "name": "Big Spender", "number": "10", "originalText": "Haste\nWhenever one or more creatures you control become blocked, create a Treasure token.\nSacrifice two artifacts: Draft a card from Big Spender's spellbook.", "originalType": "Creature — Devil Citizen", "power": "2", "printings": ["YSNC"], "purchaseUrls": {}, "rarity": "uncommon", "relatedCards": {"spellbook": ["Zephyr Boots", "Heraldic Banner", "Arcane Encyclopedia", "Treasure Vault", "Honored Heirloom", "Diamond Mare", "Key to the City", "Filigree Familiar", "Gilded Lotus", "Prophetic Prism", "Guild Globe", "Stuffed Bear", "Golden Egg", "Daredevil Dragster", "Fountain of Renewal"]}, "securityStamp": "arena", "setCode": "YSNC", "subtypes": ["Devil", "Citizen"], "supertypes": [], "text": "Haste\nWhenever one or more creatures you control become blocked, create a Treasure token.\nSacrifice two artifacts: Draft a card from Big Spender's spellbook.", "toughness": "1", "type": "Creature — Devil Citizen", "types": ["Creature"], "uuid": "6d136a0c-bd16-5c6a-b925-94741a837a7c"}, {"artist": "Mark Behm", "artistIds": ["ccf77963-723f-4137-b364-7417079e8ab9"], "availability": ["arena"], "borderColor": "black", "colorIdentity": ["R"], "colors": ["R"], "convertedManaCost": 2.0, "finishes": ["nonfoil"], "foreignData": [], "frameVersion": "2015", "hasFoil": false, "hasNonFoil": true, "identifiers": {"mtgArenaId": "81948", "mtgjsonV4Id": "c9e4005f-fdf0-56da-8d58-0f1173f98f32", "multiverseId": "571314", "scryfallId": "5dc05455-4ebd-46f8-94cf-14f0d5420037", "scryfallIllustrationId": "7ea06bde-2ef1-4876-b825-7f3039c284d1", "scryfallOracleId": "378fa12a-f3cd-4d28-9c27-8f2bf826a4f1"}, "isOnlineOnly": true, "isStarter": true, "language": "English", "layout": "normal", "legalities": {"alchemy": "Legal", "gladiator": "Legal", "historic": "Legal", "historicbrawl": "Legal"}, "manaCost": "{1}{R}", "manaValue": 2.0, "name": "Pass the Torch", "number": "11", "originalText": "Pass the Torch deals 2 damage to any target. Choose a creature card in your hand. It perpetually gains \"Whenever this creature deals combat damage to a player, you may cast target card named Pass the Torch from your graveyard without paying its mana cost. If you do, this creature perpetually loses this ability\".", "originalType": "Instant", "printings": ["YSNC"], "purchaseUrls": {}, "rarity": "rare", "securityStamp": "arena", "setCode": "YSNC", "subtypes": [], "supertypes": [], "text": "Pass the Torch deals 2 damage to any target. Choose a creature card in your hand. It perpetually gains \"Whenever this creature deals combat damage to a player, you may cast target card named Pass the Torch from your graveyard without paying its mana cost. If you do, this creature perpetually loses this ability\".", "type": "Instant", "types": ["Instant"], "uuid": "72ee0de7-88c6-5318-afa3-8570c026d37b"}, {"artist": "Brian Valeza", "artistIds": ["bb2a9339-bbe4-445f-9736-3c43379ee076"], "availability": ["arena"], "borderColor": "black", "colorIdentity": ["R"], "colors": ["R"], "convertedManaCost": 4.0, "finishes": ["nonfoil"], "foreignData": [], "frameVersion": "2015", "hasFoil": false, "hasNonFoil": true, "identifiers": {"mtgArenaId": "81949", "mtgjsonV4Id": "0be1afa6-f498-5b39-a06b-5edbe28d7d61", "multiverseId": "571315", "scryfallId": "a3b273c7-3a9e-4b06-82dc-85f17a7b0de6", "scryfallIllustrationId": "891fe840-e82b-46ae-aafe-be979ae15f43", "scryfallOracleId": "a7b28e04-7a82-43cc-b14e-6f1bc1cf0adb"}, "isOnlineOnly": true, "isStarter": true, "language": "English", "layout": "normal", "legalities": {"alchemy": "Legal", "gladiator": "Legal", "historic": "Legal", "historicbrawl": "Legal"}, "manaCost": "{3}{R}", "manaValue": 4.0, "name": "Traumatic Prank", "number": "12", "originalText": "Gain control of target creature until end of turn. Untap that creature. It perpetually gains haste, \"This creature can't block,\" and \"At the beginning of your upkeep, this creature deals 1 damage to you.\"", "originalType": "Sorcery", "printings": ["YSNC"], "purchaseUrls": {}, "rarity": "uncommon", "securityStamp": "arena", "setCode": "YSNC", "subtypes": [], "supertypes": [], "text": "Gain control of target creature until end of turn. Untap that creature. It perpetually gains haste, \"This creature can't block,\" and \"At the beginning of your upkeep, this creature deals 1 damage to you.\"", "type": "Sorcery", "types": ["Sorcery"], "uuid": "6154dc54-eb38-57ba-976e-a062d7c7e8a9"}, {"artist": "Brian Valeza", "artistIds": ["bb2a9339-bbe4-445f-9736-3c43379ee076"], "availability": ["arena"], "borderColor": "black", "colorIdentity": ["G"], "colors": ["G"], "convertedManaCost": 3.0, "finishes": ["nonfoil"], "foreignData": [], "frameVersion": "2015", "hasFoil": false, "hasNonFoil": true, "identifiers": {"mtgArenaId": "81950", "mtgjsonV4Id": "7af7bd7b-0f8c-5d33-9d00-d103d0b97f42", "multiverseId": "571316", "scryfallId": "058047cf-fef0-4f8f-8e07-3762ebf42784", "scryfallIllustrationId": "257da0e8-a749-4c44-91b3-4f8bd7c37c44", "scryfallOracleId": "ceb575be-c63c-4e2b-8d00-8a7d7c0014e2"}, "isOnlineOnly": true, "isStarter": true, "language": "English", "layout": "normal", "legalities": {"alchemy": "Legal", "gladiator": "Legal", "historic": "Legal", "historicbrawl": "Legal"}, "manaCost": "{1}{G}{G}", "manaValue": 3.0, "name": "Giant Regrowth", "number": "13", "originalText": "Return target card from your graveyard to your hand. If it's a creature card, it perpetually gets +3/+3.", "originalType": "Instant", "printings": ["YSNC"], "purchaseUrls": {}, "rarity": "uncommon", "securityStamp": "arena", "setCode": "YSNC", "subtypes": [], "supertypes": [], "text": "Return target card from your graveyard to your hand. If it's a creature card, it perpetually gets +3/+3.", "type": "Instant", "types": ["Instant"], "uuid": "974286bd-cc87-55df-9028-2e854c1c0bff"}, {"artist": "Julie Dillon", "artistIds": ["ce8605ad-6d5a-45a3-a7b6-84be4f5209cd"], "availability": ["arena"], "borderColor": "black", "colorIdentity": ["G"], "colors": ["G"], "convertedManaCost": 2.0, "finishes": ["nonfoil"], "foreignData": [], "frameVersion": "2015", "hasFoil": false, "hasNonFoil": true, "identifiers": {"mtgArenaId": "81951", "mtgjsonV4Id": "6e749400-8884-5fdc-8baa-fc3b48f4f021", "multiverseId": "571317", "scryfallId": "16846eb5-b741-48e3-b570-b47e7754d5fe", "scryfallIllustrationId": "1ff84b27-3f85-4579-84f9-356e0e8b107a", "scryfallOracleId": "5c944bd7-0478-4002-a8dd-f9f03bd56ee7"}, "isOnlineOnly": true, "isStarter": true, "keywords": ["Enchant"], "language": "English", "layout": "normal", "legalities": {"alchemy": "Legal", "gladiator": "Legal", "historic": "Legal", "historicbrawl": "Legal"}, "manaCost": "{1}{G}", "manaValue": 2.0, "name": "Loose in the Park", "number": "14", "originalText": "Enchant land\nWhen Loose in the Park enters the battlefield, draw a card, then draft a card from Loose in the Park's spellbook and exile it.\n{3}: Until end of turn, enchanted land becomes a copy of the exiled card, except it's a land in addition to its other types and it has haste.", "originalType": "Enchantment — Aura", "printings": ["YSNC"], "purchaseUrls": {}, "rarity": "rare", "relatedCards": {"spellbook": ["Prized Unicorn", "Wardscale Crocodile", "Spike-Tailed Ceratops", "Ornery Dilophosaur", "Thrashing Brontodon", "World Shaper", "Exuberant Wolfbear", "Bristling Boar", "Spore Crawler", "Sabertooth Mauler", "Overgrown Armasaur", "Predatory Wurm", "Master Symmetrist", "Enraged Ceratok", "Gaea's Protector"]}, "securityStamp": "arena", "setCode": "YSNC", "subtypes": ["Aura"], "supertypes": [], "text": "Enchant land\nWhen Loose in the Park enters the battlefield, draw a card, then draft a card from Loose in the Park's spellbook and exile it.\n{3}: Enchanted land becomes a copy of the exiled card until end of turn and gains haste. It's still a land.", "type": "Enchantment — Aura", "types": ["Enchantment"], "uuid": "4063afeb-6b45-5d5b-8320-568f24b96c77"}, {"artist": "Jodie Muir", "artistIds": ["b09e6cd1-0257-425a-9bbb-5cac3f803443"], "availability": ["arena"], "borderColor": "black", "colorIdentity": ["G"], "colors": ["G"], "convertedManaCost": 2.0, "finishes": ["nonfoil"], "foreignData": [], "frameVersion": "2015", "hasFoil": false, "hasNonFoil": true, "identifiers": {"mtgArenaId": "81952", "mtgjsonV4Id": "b03da4c9-b51d-5266-bedd-6f395287e3e1", "multiverseId": "571318", "scryfallId": "de4c4038-a761-4fbe-8ce7-587163a774ef", "scryfallIllustrationId": "0760f53e-7f75-4797-ac93-369e00a0c620", "scryfallOracleId": "74791c9c-1232-490a-b62a-3e6071ff206c"}, "isOnlineOnly": true, "isStarter": true, "language": "English", "layout": "normal", "legalities": {"alchemy": "Legal", "gladiator": "Legal", "historic": "Legal", "historicbrawl": "Legal"}, "manaCost": "{1}{G}", "manaValue": 2.0, "name": "Menagerie Curator", "number": "15", "originalText": "{T}: Add one mana of any one color. Spend this mana only to cast a creature spell.\nWhenever you cast a creature spell that doesn't share a creature type with a creature card in your library, draw a card.", "originalType": "Creature — Human Citizen", "power": "1", "printings": ["YSNC"], "purchaseUrls": {}, "rarity": "uncommon", "securityStamp": "arena", "setCode": "YSNC", "subtypes": ["Human", "Citizen"], "supertypes": [], "text": "{T}: Add one mana of any color. Spend this mana only to cast a creature spell.\nWhenever you cast a creature spell that doesn't share a creature type with a creature card in your library, draw a card.", "toughness": "3", "type": "Creature — Human Citizen", "types": ["Creature"], "uuid": "2818015c-580a-51b2-bf63-af4a4796ff32"}, {"artist": "Fajareka Setiawan", "artistIds": ["0cc534e0-be18-4cb1-8521-50fabd0dac6f"], "availability": ["arena"], "borderColor": "black", "colorIdentity": ["G", "W"], "colors": ["G", "W"], "convertedManaCost": 5.0, "finishes": ["nonfoil"], "foreignData": [], "frameVersion": "2015", "hasFoil": false, "hasNonFoil": true, "identifiers": {"mtgArenaId": "81953", "mtgjsonV4Id": "a1550148-b6f8-5780-ae05-f2a28c46836c", "multiverseId": "571319", "scryfallId": "f147886b-5576-4a7a-b544-c2eeb821dae9", "scryfallIllustrationId": "d19d7a64-05b2-4e1b-8d9b-42d00d029fcc", "scryfallOracleId": "78d42196-999c-449b-9b9c-b10f03f51273"}, "isOnlineOnly": true, "isStarter": true, "language": "English", "layout": "normal", "legalities": {"alchemy": "Legal", "gladiator": "Legal", "historic": "Legal", "historicbrawl": "Legal"}, "manaCost": "{3}{G}{W}", "manaValue": 5.0, "name": "Arming Gala", "number": "16", "originalText": "At the beginning of your end step, creatures you control and creature cards in your hand, library, and graveyard perpetually get +1/+1.", "originalType": "Enchantment", "printings": ["YSNC"], "purchaseUrls": {}, "rarity": "rare", "securityStamp": "arena", "setCode": "YSNC", "subtypes": [], "supertypes": [], "text": "At the beginning of your end step, creatures you control and creature cards in your hand, library, and graveyard perpetually get +1/+1.", "type": "Enchantment", "types": ["Enchantment"], "uuid": "16e0fad2-1006-5cfb-addb-64e8cd5efed2"}, {"artist": "Francisco Miyara", "artistIds": ["fa64fc53-a243-4a94-a4d2-97625ea24b4f"], "availability": ["arena"], "borderColor": "black", "colorIdentity": ["G", "R", "W"], "colors": ["G", "R", "W"], "convertedManaCost": 3.0, "finishes": ["nonfoil"], "foreignData": [], "frameVersion": "2015", "hasFoil": false, "hasNonFoil": true, "identifiers": {"mtgArenaId": "81954", "mtgjsonV4Id": "0efee311-6110-51e8-b6a5-e0edc042f86d", "multiverseId": "571320", "scryfallId": "25bf781c-5d8f-4f94-9ee4-f04063b3925d", "scryfallIllustrationId": "81100dcd-2bba-40c2-a301-dc385fa9fe96", "scryfallOracleId": "5049be68-d196-4b39-97c5-9b4208c2a1fa"}, "isOnlineOnly": true, "isStarter": true, "keywords": ["Alliance", "Seek"], "language": "English", "layout": "normal", "legalities": {"alchemy": "Legal", "gladiator": "Legal", "historic": "Legal", "historicbrawl": "Legal"}, "manaCost": "{R}{G}{W}", "manaValue": 3.0, "name": "Back-Alley Gardener", "number": "17", "originalText": "Alliance — Whenever one or more other creatures enter the battlefield under your control, seek a land card, then put it onto the battlefield tapped. This ability triggers only once each turn.", "originalType": "Creature — Elf Druid", "power": "3", "printings": ["YSNC"], "purchaseUrls": {}, "rarity": "mythic", "securityStamp": "arena", "setCode": "YSNC", "subtypes": ["Elf", "Druid"], "supertypes": [], "text": "Alliance — Whenever one or more other creatures enter the battlefield under your control, seek a land card, then put it onto the battlefield tapped. This ability triggers only once each turn.", "toughness": "4", "type": "Creature — Elf Druid", "types": ["Creature"], "uuid": "b24677c7-2ca3-5b7f-9c21-f59a2166f433", "watermark": "cabaretti"}, {"artist": "Jokubas Uogintas", "artistIds": ["2c14303e-97a3-45fa-9bd8-59e5332a65f9"], "availability": ["arena"], "borderColor": "black", "colorIdentity": ["B", "R"], "colors": ["B", "R"], "convertedManaCost": 3.0, "finishes": ["nonfoil"], "foreignData": [], "frameVersion": "2015", "hasFoil": false, "hasNonFoil": true, "identifiers": {"mtgArenaId": "81955", "mtgjsonV4Id": "fe98734c-e54d-5d23-95d9-c5777c62b478", "multiverseId": "571321", "scryfallId": "628eda6f-f88e-4d82-a884-d1537302adb4", "scryfallIllustrationId": "12bf35f5-1f2e-4c71-836e-0ead71c0732a", "scryfallOracleId": "c38d4731-8c7c-4356-93c6-a63c2c3be975"}, "isOnlineOnly": true, "isStarter": true, "keywords": ["Treasure"], "language": "English", "layout": "normal", "legalities": {"alchemy": "Legal", "gladiator": "Legal", "historic": "Legal", "historicbrawl": "Legal"}, "manaCost": "{1}{B}{R}", "manaValue": 3.0, "name": "Bank Job", "number": "18", "originalText": "At the beginning of your upkeep, exile the bottom creature card of your library. You may cast that card this turn. At the beginning of the next end step, if that card is still exiled, put it into your graveyard and create a Treasure token.", "originalType": "Enchantment", "printings": ["YSNC"], "purchaseUrls": {}, "rarity": "rare", "securityStamp": "arena", "setCode": "YSNC", "subtypes": [], "supertypes": [], "text": "At the beginning of your upkeep, exile the bottom creature card of your library. You may cast that card this turn. At the beginning of the next end step, if that card is still exiled, put it into your graveyard and create a Treasure token.", "type": "Enchantment", "types": ["Enchantment"], "uuid": "721c385a-728c-52b6-900a-0cec0cc695b6"}, {"artist": "David Astruga", "artistIds": ["4fa5b0e2-1324-4407-98b8-3282395a03e3"], "availability": ["arena"], "borderColor": "black", "colorIdentity": ["B", "U"], "colors": ["B", "U"], "convertedManaCost": 2.0, "finishes": ["nonfoil"], "foreignData": [], "frameVersion": "2015", "hasFoil": false, "hasNonFoil": true, "identifiers": {"mtgArenaId": "81956", "mtgjsonV4Id": "af6b8c95-2116-5eda-a055-ee03985015bf", "multiverseId": "571322", "scryfallId": "bab838e0-cfc5-4eeb-920d-bfbe462a1e31", "scryfallIllustrationId": "6cc34dee-8eb1-48db-bc95-248dfb3d7fb4", "scryfallOracleId": "d93fef14-c821-4a65-9e84-f268f777737f"}, "isOnlineOnly": true, "isStarter": true, "keywords": ["Conjure"], "language": "English", "layout": "normal", "legalities": {"alchemy": "Legal", "gladiator": "Legal", "historic": "Legal", "historicbrawl": "Legal"}, "manaCost": "{U}{B}", "manaValue": 2.0, "name": "Bind to Secrecy", "number": "19", "originalText": "Choose one —\n• Counter target noncreature spell.\n• Conjure a duplicate of target creature card in an opponent's graveyard into your hand. It perpetually gains \"You may spend mana as though it were mana of any color to cast this spell.\"\nIf there are five or more mana values among cards in your graveyard, draft a card from Bind to Secrecy's spellbook.", "originalType": "Instant", "printings": ["YSNC"], "purchaseUrls": {}, "rarity": "rare", "relatedCards": {"spellbook": ["Durable Coilbug", "Obsessive Stitcher", "Locked in the Cemetery", "Necrotic Wound", "Gorging Vulture", "Liliana's Elite", "Fear of Death", "Corpse Hauler", "Reassembling Skeleton", "Corpse Churn", "Courier Bat", "Naga Oracle", "Strategic Planning", "Unmarked Grave", "Wonder"]}, "securityStamp": "arena", "setCode": "YSNC", "subtypes": [], "supertypes": [], "text": "Choose one —\n• Counter target noncreature spell.\n• Conjure a duplicate of target creature card in an opponent's graveyard into your hand. It perpetually gains \"You may spend mana as though it were mana of any color to cast this spell.\"\nIf there are five or more mana values among cards in your graveyard, draft a card from Bind to Secrecy's spellbook.", "type": "Instant", "types": ["Instant"], "uuid": "693ce79d-6285-5de7-9d86-67b622d7790e"}, {"artist": "Borja Pindado", "artistIds": ["1624a1a8-3492-4c0b-9abc-83dcf2653111"], "availability": ["arena"], "borderColor": "black", "colorIdentity": ["U", "W"], "colors": ["U", "W"], "convertedManaCost": 2.0, "finishes": ["nonfoil"], "foreignData": [], "frameVersion": "2015", "hasFoil": false, "hasNonFoil": true, "identifiers": {"mtgArenaId": "81957", "mtgjsonV4Id": "d13776d7-32eb-5ac0-8642-fcdeaf3f1053", "multiverseId": "571323", "scryfallId": "8600cbe2-700e-47ef-baac-d74beccd9ad8", "scryfallIllustrationId": "14a7cb2b-be4b-4b17-943c-e89b1c300547", "scryfallOracleId": "23eea077-90fc-4b91-93d6-736bb5ae8f13"}, "isOnlineOnly": true, "isStarter": true, "language": "English", "layout": "normal", "legalities": {"alchemy": "Legal", "gladiator": "Legal", "historic": "Legal", "historicbrawl": "Legal"}, "manaCost": "{W}{U}", "manaValue": 2.0, "name": "Brokers' Safeguard", "number": "20", "originalText": "Exile target nonartifact creature you control. It perpetually gains \"This creature enters the battlefield with an additional shield counter on it.\" Then return that card to the battlefield under its owner's control. (If it would be dealt damage or destroyed, remove a shield counter from it instead.)", "originalType": "Instant", "printings": ["YSNC"], "purchaseUrls": {}, "rarity": "rare", "securityStamp": "arena", "setCode": "YSNC", "subtypes": [], "supertypes": [], "text": "Exile target nonartifact creature you control. It perpetually gains \"This creature enters the battlefield with an additional shield counter on it.\" Then return that card to the battlefield under its owner's control.", "type": "Instant", "types": ["Instant"], "uuid": "36e846c7-45c9-5d9d-9be9-3ecd2444fd5f"}, {"artist": "Gaboleps", "artistIds": ["0c37cdfe-5651-4ae6-a3c8-e7153509f970"], "availability": ["arena"], "borderColor": "black", "colorIdentity": ["G", "R"], "colors": ["G", "R"], "convertedManaCost": 3.0, "finishes": ["nonfoil"], "foreignData": [], "frameVersion": "2015", "hasFoil": false, "hasNonFoil": true, "identifiers": {"mtgArenaId": "81958", "mtgjsonV4Id": "4746add6-ed6f-5209-bf87-4101668bf22a", "multiverseId": "571324", "scryfallId": "933f2309-8bd7-4de8-bdd2-d61a2b39a1a1", "scryfallIllustrationId": "845f0822-37a4-486f-a0a8-804bf4be1bc7", "scryfallOracleId": "9b39247c-7b4b-482a-ab52-b45270658eda"}, "isOnlineOnly": true, "isStarter": true, "keywords": ["Seek"], "language": "English", "layout": "normal", "legalities": {"alchemy": "Legal", "gladiator": "Legal", "historic": "Legal", "historicbrawl": "Legal"}, "manaCost": "{R}{R}{G}", "manaValue": 3.0, "name": "Cabaretti Revels", "number": "21", "originalText": "Whenever you cast a creature spell, seek a creature card with lesser mana value, then put it onto the battlefield.", "originalType": "Enchantment", "printings": ["YSNC"], "purchaseUrls": {}, "rarity": "rare", "securityStamp": "arena", "setCode": "YSNC", "subtypes": [], "supertypes": [], "text": "Whenever you cast a creature spell, seek a creature card with lesser mana value, then put it onto the battlefield.", "type": "Enchantment", "types": ["Enchantment"], "uuid": "3642b59b-bb9c-53ea-8ef9-631763a67bc5"}, {"artist": "Randy Vargas", "artistIds": ["d20672ca-0555-4238-a984-fd171d36b247"], "availability": ["arena"], "borderColor": "black", "colorIdentity": ["B", "U", "W"], "colors": ["B", "U", "W"], "convertedManaCost": 3.0, "finishes": ["nonfoil"], "foreignData": [], "frameVersion": "2015", "hasFoil": false, "hasNonFoil": true, "identifiers": {"mtgArenaId": "81959", "mtgjsonV4Id": "001a0419-8476-5bbb-bcb3-6d9c6433731d", "multiverseId": "571325", "scryfallId": "490d89ae-9ade-4653-9488-464879563bc0", "scryfallIllustrationId": "dc232bae-70e7-413d-a374-af9864591e56", "scryfallOracleId": "959f3a28-72fc-450f-8874-0f0c15020ad7"}, "isOnlineOnly": true, "isStarter": true, "keywords": ["Connive", "Seek"], "language": "English", "layout": "normal", "legalities": {"alchemy": "Legal", "gladiator": "Legal", "historic": "Legal", "historicbrawl": "Legal"}, "manaCost": "{W}{U}{B}", "manaValue": 3.0, "name": "Diviner of Fates", "number": "22", "originalText": "When Diviner of Fates enters the battlefield, it connives. (Draw a card, then discard a card. If you discarded a nonland card, put a +1/+1 counter on this creature.)\nWhenever you discard one or more cards, seek a card that shares a card type with one of the discarded cards. This ability triggers only once each turn.", "originalType": "Creature — Cephalid Wizard", "power": "2", "printings": ["YSNC"], "purchaseUrls": {}, "rarity": "mythic", "securityStamp": "arena", "setCode": "YSNC", "subtypes": ["Cephalid", "Wizard"], "supertypes": [], "text": "When Diviner of Fates enters the battlefield, it connives.\nWhenever you discard one or more cards, seek a card that shares a card type with one of the discarded cards. This ability triggers only once each turn.", "toughness": "1", "type": "Creature — Cephalid Wizard", "types": ["Creature"], "uuid": "014d9603-347a-52fc-9592-67c2f2bb50dd", "watermark": "obscura"}, {"artist": "Gaboleps", "artistIds": ["0c37cdfe-5651-4ae6-a3c8-e7153509f970"], "availability": ["arena"], "borderColor": "black", "colorIdentity": ["B", "G", "R"], "colors": ["B", "G", "R"], "convertedManaCost": 3.0, "finishes": ["nonfoil"], "foreignData": [], "frameVersion": "2015", "hasFoil": false, "hasNonFoil": true, "identifiers": {"mtgArenaId": "81960", "mtgjsonV4Id": "1c6b67ea-a1f0-5263-be7b-3eecd1024ae3", "multiverseId": "571326", "scryfallId": "100de667-d39f-40e7-9bd4-bed0f0ed5316", "scryfallIllustrationId": "46902a91-9a37-4944-879f-a817166b33cb", "scryfallOracleId": "2a097ff7-6ae3-4773-8bbc-7c827075d92e"}, "isOnlineOnly": true, "isStarter": true, "keywords": ["Blitz"], "language": "English", "layout": "normal", "legalities": {"alchemy": "Legal", "gladiator": "Legal", "historic": "Legal", "historicbrawl": "Legal"}, "manaCost": "{B}{R}{G}", "manaValue": 3.0, "name": "Effluence Devourer", "number": "23", "originalText": "Whenever you sacrifice Effluence Devourer or another creature, it perpetually gains \"{2}, Exile this card from your graveyard: Create an X/X green Ooze creature token, where X is this card's power. Activate only as a sorcery.\"\nBlitz {B}{R}{G} (If you cast this spell for its blitz cost, it gains haste and \"When this creature dies, draw a card.\" Sacrifice it at the beginning of the next end step.)", "originalType": "Creature — Crocodile", "power": "4", "printings": ["YSNC"], "purchaseUrls": {}, "rarity": "mythic", "securityStamp": "arena", "setCode": "YSNC", "subtypes": ["Crocodile"], "supertypes": [], "text": "Blitz {B}{R}{G}\nWhenever you sacrifice Effluence Devourer or another creature, it perpetually gains \"{2}, Exile this card from your graveyard: Create an X/X green Ooze creature token, where X is this card's power. Activate only as a sorcery.\"", "toughness": "3", "type": "Creature — Crocodile", "types": ["Creature"], "uuid": "216adf58-8a1b-50d8-b6a8-0c6bd7812627", "watermark": "riveteers"}, {"artist": "Darren Tan", "artistIds": ["14c7f83c-d0fb-43f0-90f3-703f910f8bb9"], "availability": ["arena"], "borderColor": "black", "colorIdentity": ["U", "W"], "colors": ["U", "W"], "convertedManaCost": 3.0, "finishes": ["nonfoil"], "foreignData": [], "frameVersion": "2015", "hasFoil": false, "hasNonFoil": true, "identifiers": {"mtgArenaId": "81961", "mtgjsonV4Id": "d4200c66-82b3-516a-99f3-67811e180fe5", "multiverseId": "571327", "scryfallId": "b800d544-82b4-4575-8fda-48e20b681396", "scryfallIllustrationId": "7fe88f2f-8437-475c-9242-a3de30af2df7", "scryfallOracleId": "7c5df0e0-6836-4513-838d-4b5250985d1d"}, "isOnlineOnly": true, "isStarter": true, "language": "English", "layout": "normal", "legalities": {"alchemy": "Legal", "gladiator": "Legal", "historic": "Legal", "historicbrawl": "Legal"}, "manaCost": "{1}{W}{U}", "manaValue": 3.0, "name": "Obscura Polymorphist", "number": "24", "originalText": "When Obscura Polymorphist enters the battlefield, exile target creature. Its controller seeks a creature card.", "originalType": "Creature — Cephalid Wizard", "power": "2", "printings": ["YSNC"], "purchaseUrls": {}, "rarity": "rare", "securityStamp": "arena", "setCode": "YSNC", "subtypes": ["Cephalid", "Wizard"], "supertypes": [], "text": "When Obscura Polymorphist enters the battlefield, exile up to one target creature. Its controller seeks a creature card.", "toughness": "2", "type": "Creature — Cephalid Wizard", "types": ["Creature"], "uuid": "385e6234-bd68-5247-9af3-99bbb809cce8"}, {"artist": "Igor Grechanyi", "artistIds": ["b7937915-08e0-41c5-a025-2f08619731fa"], "availability": ["arena"], "borderColor": "black", "colorIdentity": ["G", "R"], "colors": ["G", "R"], "convertedManaCost": 2.0, "finishes": ["nonfoil"], "foreignData": [], "frameVersion": "2015", "hasFoil": false, "hasNonFoil": true, "identifiers": {"mtgArenaId": "81962", "mtgjsonV4Id": "ae8d7768-4e9f-5af9-95a9-ec4f29ee016e", "multiverseId": "571328", "scryfallId": "3d453f08-ed2c-447d-b5c1-b1f052c229d8", "scryfallIllustrationId": "55fbc1de-86ee-4922-8caf-b801af42f68a", "scryfallOracleId": "9001630f-e6ed-4a27-9736-615dd98f849b"}, "isOnlineOnly": true, "isStarter": true, "keywords": ["Treasure"], "language": "English", "layout": "normal", "legalities": {"alchemy": "Legal", "gladiator": "Legal", "historic": "Legal", "historicbrawl": "Legal"}, "manaCost": "{R}{G}", "manaValue": 2.0, "name": "Racketeer Boss", "number": "25", "originalText": "When Racketeer Boss enters the battlefield, choose up to two creature and/or planeswalker cards in your hand. They perpetually gain \"When you cast this spell, create a Treasure token.\"", "originalType": "Creature — Cat Warrior", "power": "3", "printings": ["YSNC"], "purchaseUrls": {}, "rarity": "rare", "securityStamp": "arena", "setCode": "YSNC", "subtypes": ["Cat", "Warrior"], "supertypes": [], "text": "When Racketeer Boss enters the battlefield, choose up to two creature and/or planeswalker cards in your hand. They perpetually gain \"When you cast this spell, create a Treasure token and this spell perpetually loses this ability.\"", "toughness": "2", "type": "Creature — Cat Warrior", "types": ["Creature"], "uuid": "75493823-7b96-5bdc-81de-d91a14e0d622"}, {"artist": "Nestor Ossandon Leal", "artistIds": ["7a6f1667-a8ac-47f5-a302-f71cb54b2adf"], "availability": ["arena"], "borderColor": "black", "colorIdentity": ["B", "R"], "colors": ["B", "R"], "convertedManaCost": 2.0, "finishes": ["nonfoil"], "foreignData": [], "frameVersion": "2015", "hasFoil": false, "hasNonFoil": true, "identifiers": {"mtgArenaId": "81963", "mtgjsonV4Id": "62c9fba3-2de0-5569-8030-df34b9bac5ec", "multiverseId": "571329", "scryfallId": "97698f8d-c316-4ea7-938c-00d828b39464", "scryfallIllustrationId": "7f3358fc-97bd-430f-b0df-b9dab59294a6", "scryfallOracleId": "6c9f860e-8647-4f19-8747-3373f995a3c2"}, "isOnlineOnly": true, "isStarter": true, "keywords": ["Blitz", "Menace"], "language": "English", "layout": "normal", "legalities": {"alchemy": "Legal", "gladiator": "Legal", "historic": "Legal", "historicbrawl": "Legal"}, "manaCost": "{B}{R}", "manaValue": 2.0, "name": "Riveteers Provocateur", "number": "26", "originalText": "Menace\nWhen Riveteers Provocateur enters the battlefield, choose a creature card in your hand without blitz. It perpetually gains blitz. The blitz cost is equal to its mana cost.\nBlitz {B}{R} (If you cast this spell for its blitz cost, it gains haste and \"When this creature dies, draw a card.\" Sacrifice it at the beginning of the next end step.)", "originalType": "Creature — Viashino Warrior", "power": "3", "printings": ["YSNC"], "purchaseUrls": {}, "rarity": "rare", "securityStamp": "arena", "setCode": "YSNC", "subtypes": ["Viashino", "Warrior"], "supertypes": [], "text": "Menace\nWhen Riveteers Provocateur enters the battlefield, choose a creature card in your hand without blitz. It perpetually gains blitz. The blitz cost is equal to its mana cost.\nBlitz {B}{R}", "toughness": "1", "type": "Creature — Viashino Warrior", "types": ["Creature"], "uuid": "70a14f08-f5b8-5a2b-8da8-bc408d289ff4"}, {"artist": "Fariba Khamseh", "artistIds": ["f18a7bd6-4aca-4201-b2f5-942c28ee4f18"], "availability": ["arena"], "borderColor": "black", "colorIdentity": ["G", "W"], "colors": ["G", "W"], "convertedManaCost": 2.0, "finishes": ["nonfoil"], "foreignData": [], "frameVersion": "2015", "hasFoil": false, "hasNonFoil": true, "identifiers": {"mtgArenaId": "81964", "mtgjsonV4Id": "b5bb125f-7db9-5af9-ad7c-3ba1c01d77a4", "multiverseId": "571330", "scryfallId": "d8c92baa-3fda-43ee-84bf-d769945e6992", "scryfallIllustrationId": "819e1447-7849-4d4c-aecc-3048acc284ac", "scryfallOracleId": "1d014d1c-4a46-4cc9-a944-06c47bbbcd08"}, "isOnlineOnly": true, "isStarter": true, "language": "English", "layout": "normal", "legalities": {"alchemy": "Legal", "gladiator": "Legal", "historic": "Legal", "historicbrawl": "Legal"}, "manaCost": "{G}{W}", "manaValue": 2.0, "name": "Rope Line Attendant", "number": "27", "originalText": "When Rope Line Attendant enters the battlefield, creature cards in your hand perpetually gain \"When this creature enters the battlefield, create a 1/1 green and white Citizen creature token.\"", "originalType": "Creature — Cat Citizen", "power": "2", "printings": ["YSNC"], "purchaseUrls": {}, "rarity": "rare", "securityStamp": "arena", "setCode": "YSNC", "subtypes": ["Cat", "Citizen"], "supertypes": [], "text": "When Rope Line Attendant enters the battlefield, creature cards in your hand perpetually gain \"When this creature enters the battlefield, create a 1/1 green and white Citizen creature token.\"", "toughness": "2", "type": "Creature — Cat Citizen", "types": ["Creature"], "uuid": "0fd47828-c34a-5de8-92e4-1f12ec11768b"}, {"artist": "Ilse Gort", "artistIds": ["12070c2e-4de6-46bc-b379-8a580dfb34c5"], "availability": ["arena"], "borderColor": "black", "colorIdentity": ["G", "U", "W"], "colors": ["G", "U", "W"], "convertedManaCost": 3.0, "finishes": ["nonfoil"], "foreignData": [], "frameVersion": "2015", "hasFoil": false, "hasNonFoil": true, "identifiers": {"mtgArenaId": "81965", "mtgjsonV4Id": "9514a3cc-10c2-5a86-979a-e6a1dd46e5e0", "multiverseId": "571331", "scryfallId": "37e6c1fe-62e9-4038-a38d-d280c3894dda", "scryfallIllustrationId": "1a2573a2-2448-4c57-b640-8a16f46a2bb3", "scryfallOracleId": "c3ea054e-018a-4870-bb87-d8dd08834bfd"}, "isOnlineOnly": true, "isStarter": true, "language": "English", "layout": "normal", "legalities": {"alchemy": "Legal", "gladiator": "Legal", "historic": "Legal", "historicbrawl": "Legal"}, "manaCost": "{G}{W}{U}", "manaValue": 3.0, "name": "Spara's Bodyguard", "number": "28", "originalText": "When Spara's Bodyguard enters the battlefield, you may choose a creature card in your hand. If you do, it perpetually gains \"This creature enters the battlefield with an additional shield counter on it.\" Otherwise, put a shield counter on Spara's Bodyguard. (If it would be dealt damage or destroyed, remove a shield counter from it instead.)\nAt the beginning of each combat, Spara's Bodyguard gets +1/+1 until end of turn for each shield counter among other creatures you control.", "originalType": "Creature — Rhino Warrior", "power": "3", "printings": ["YSNC"], "purchaseUrls": {}, "rarity": "mythic", "securityStamp": "arena", "setCode": "YSNC", "subtypes": ["Rhino", "Warrior"], "supertypes": [], "text": "When Spara's Bodyguard enters the battlefield, you may choose a creature card in your hand. If you do, it perpetually gains \"This creature enters the battlefield with an additional shield counter on it.\" Otherwise, put a shield counter on Spara's Bodyguard.\nAt the beginning of each combat, Spara's Bodyguard gets +1/+1 until end of turn for each shield counter among other creatures you control.", "toughness": "3", "type": "Creature — Rhino Warrior", "types": ["Creature"], "uuid": "d5b11783-6198-5570-bf30-13e20b08286f"}, {"artist": "Cristi Balanescu", "artistIds": ["c09ede88-a1b5-4a18-9895-dc8a965d28a5"], "availability": ["arena"], "borderColor": "black", "colorIdentity": ["B", "R", "U"], "colors": ["B", "R", "U"], "convertedManaCost": 3.0, "finishes": ["nonfoil"], "foreignData": [], "frameVersion": "2015", "hasFoil": false, "hasNonFoil": true, "identifiers": {"mtgArenaId": "81966", "mtgjsonV4Id": "d341255e-9cf4-541a-9587-a207b19995d3", "multiverseId": "571332", "scryfallId": "976b471c-9153-4b1e-bfb5-e844a874cc37", "scryfallIllustrationId": "01c94f75-5c76-4c18-8b26-dc46cd003dc8", "scryfallOracleId": "99f2b8e8-bbb5-48a4-a1a8-2bc001811096"}, "isOnlineOnly": true, "isStarter": true, "language": "English", "layout": "normal", "legalities": {"alchemy": "Legal", "gladiator": "Legal", "historic": "Legal", "historicbrawl": "Legal"}, "manaCost": "{U}{B}{R}", "manaValue": 3.0, "name": "Spelldrain Assassin", "number": "29", "originalText": "When Spelldrain Assassin enters the battlefield, choose an instant or sorcery card in your hand. It perpetually gains casualty 2. (As you cast this spell, you may sacrifice a creature with power 2 or greater. When you do, copy this spell and you may choose a new target for the copy.)", "originalType": "Creature — Vampire Assassin", "power": "3", "printings": ["YSNC"], "purchaseUrls": {}, "rarity": "mythic", "securityStamp": "arena", "setCode": "YSNC", "subtypes": ["Vampire", "Assassin"], "supertypes": [], "text": "When Spelldrain Assassin enters the battlefield, choose an instant or sorcery card in your hand. It perpetually gains casualty 2.", "toughness": "3", "type": "Creature — Vampire Assassin", "types": ["Creature"], "uuid": "9fe657d6-5f18-517c-97e9-54158f0c6a83", "watermark": "maestros"}, {"artist": "Bastien L. Deharme", "artistIds": ["798f63ec-41ad-474e-9708-df08193345c6"], "availability": ["arena"], "borderColor": "black", "colorIdentity": ["B", "U"], "colors": ["B", "U"], "convertedManaCost": 4.0, "finishes": ["nonfoil"], "foreignData": [], "frameVersion": "2015", "hasFoil": false, "hasNonFoil": true, "identifiers": {"mtgArenaId": "81967", "mtgjsonV4Id": "e097bc4d-79b7-5bc3-b5f1-e13bbe194167", "multiverseId": "571333", "scryfallId": "7668ddc8-743c-4044-9394-d89fe31b154c", "scryfallIllustrationId": "c96f7105-2c39-417b-8e15-e71ae2d32729", "scryfallOracleId": "d746290f-f7e7-4f73-b0a4-58ecaa56ffe8"}, "isOnlineOnly": true, "isStarter": true, "keywords": ["Conjure", "Flying", "Mill", "Ward"], "language": "English", "layout": "normal", "legalities": {"alchemy": "Legal", "gladiator": "Legal", "historic": "Legal", "historicbrawl": "Legal"}, "manaCost": "{2}{U}{B}", "manaValue": 4.0, "name": "Syndicate Recruiter", "number": "30", "originalText": "Flying, ward {1}\nWhen Syndicate Recruiter enters the battlefield, mill four cards. Then if there are five or more mana values among cards in your graveyard, conjure a card named Dig Up the Body into your hand.", "originalType": "Creature — Vampire Rogue", "power": "4", "printings": ["YSNC"], "purchaseUrls": {}, "rarity": "rare", "securityStamp": "arena", "setCode": "YSNC", "subtypes": ["Vampire", "Rogue"], "supertypes": [], "text": "Flying\nWard {1}\nWhenever Syndicate Recruiter enters the battlefield, mill four cards. Then if there are five or more mana values among cards in your graveyard, conjure a card named Dig Up the Body into your hand.", "toughness": "5", "type": "Creature — Vampire Rogue", "types": ["Creature"], "uuid": "272bf7c1-6b2d-58c5-b367-4d5453ccf199"}], "code": "YSNC", "isFoilOnly": false, "isNonFoilOnly": true, "isOnlineOnly": true, "keyruneCode": "Y22", "languages": ["English"], "name": "Alchemy: New Capenna", "parentCode": "SNC", "releaseDate": "2022-06-02", "tokens": [], "totalSetSize": 30, "translations": {}, "type": "alchemy"}}