[
  {
    "id": "swsh12pt5gg-GG01",
    "name": "Hisuian Voltorb",
    "supertype": "Pokémon",
    "subtypes": [
      "Basic"
    ],
    "hp": "50",
    "types": [
      "Grass"
    ],
    "evolvesTo": [
      "Electrode"
    ],
    "attacks": [
      {
        "name": "Cheerful Charge",
        "cost": [

        ],
        "convertedEnergyCost": 0,
        "damage": "",
        "text": "You can use this attack only if you go second, and only during your first turn. Choose up to 2 of your Benched Pokémon. For each of those Pokémon, search your deck for a basic Energy card and attach it to that Pokémon. Then, shuffle your deck."
      },
      {
        "name": "Ram",
        "cost": [
          "Grass"
        ],
        "convertedEnergyCost": 1,
        "damage": "10",
        "text": ""
      }
    ],
    "weaknesses": [
      {
        "type": "Fire",
        "value": "×2"
      }
    ],
    "retreatCost": [
      "Colorless"
    ],
    "convertedRetreatCost": 1,
    "number": "GG01",
    "artist": "HYOGONOSUKE",
    "rarity": "Trainer Gallery Rare Holo",
    "flavorText": "An enigmatic Pokémon that happens to bear a resemblance to a Poké Ball. When excited, it discharges the electric current it has stored in its belly, then lets out a great, uproarious laugh.",
    "nationalPokedexNumbers": [
      100
    ],
    "legalities": {
      "unlimited": "Legal",
      "standard": "Legal",
      "expanded": "Legal"
    },
    "regulationMark": "F",
    "images": {
      "small": "https://images.pokemontcg.io/swsh12pt5gg/GG01.png",
      "large": "https://images.pokemontcg.io/swsh12pt5gg/GG01_hires.png"
    }
  },
  {
    "id": "swsh12pt5gg-GG02",
    "name": "Kricketune",
    "supertype": "Pokémon",
    "subtypes": [
      "Stage 1"
    ],
    "hp": "90",
    "types": [
      "Grass"
    ],
    "evolvesFrom": "Kricketot",
    "abilities": [
      {
        "name": "Swelling Tune",
        "text": "Your Grass Pokémon in play, except any Kricketune, get +40 HP. You can't apply more than 1 Swelling Tune Ability at a time.",
        "type": "Ability"
      }
    ],
    "attacks": [
      {
        "name": "Slash",
        "cost": [
          "Grass",
          "Colorless"
        ],
        "convertedEnergyCost": 2,
        "damage": "50",
        "text": ""
      }
    ],
    "weaknesses": [
      {
        "type": "Fire",
        "value": "×2"
      }
    ],
    "retreatCost": [
      "Colorless"
    ],
    "convertedRetreatCost": 1,
    "number": "GG02",
    "artist": "Nurikabe",
    "rarity": "Trainer Gallery Rare Holo",
    "flavorText": "It signals its emotions with its melodies. Scientists are studying these melodic patterns.",
    "nationalPokedexNumbers": [
      402
    ],
    "legalities": {
      "unlimited": "Legal",
      "standard": "Legal",
      "expanded": "Legal"
    },
    "regulationMark": "F",
    "images": {
      "small": "https://images.pokemontcg.io/swsh12pt5gg/GG02.png",
      "large": "https://images.pokemontcg.io/swsh12pt5gg/GG02_hires.png"
    }
  },
  {
    "id": "swsh12pt5gg-GG03",
    "name": "Magmortar",
    "supertype": "Pokémon",
    "subtypes": [
      "Stage 1"
    ],
    "hp": "140",
    "types": [
      "Fire"
    ],
    "evolvesFrom": "Magmar",
    "attacks": [
      {
        "name": "Mega Punch",
        "cost": [
          "Colorless",
          "Colorless"
        ],
        "convertedEnergyCost": 2,
        "damage": "50",
        "text": ""
      },
      {
        "name": "Boltsplosion",
        "cost": [
          "Fire",
          "Fire",
          "Colorless"
        ],
        "convertedEnergyCost": 3,
        "damage": "120+",
        "text": "If Electivire is on your Bench, this attack does 120 more damage."
      }
    ],
    "weaknesses": [
      {
        "type": "Water",
        "value": "×2"
      }
    ],
    "retreatCost": [
      "Colorless",
      "Colorless",
      "Colorless"
    ],
    "convertedRetreatCost": 3,
    "number": "GG03",
    "artist": "Saya Tsuruta",
    "rarity": "Trainer Gallery Rare Holo",
    "flavorText": "When Magmortar inhales deeply, the fire burning in its belly intensifies, rising in temperature to over 3,600 degrees Fahrenheit.",
    "nationalPokedexNumbers": [
      467
    ],
    "legalities": {
      "unlimited": "Legal",
      "standard": "Legal",
      "expanded": "Legal"
    },
    "regulationMark": "F",
    "images": {
      "small": "https://images.pokemontcg.io/swsh12pt5gg/GG03.png",
      "large": "https://images.pokemontcg.io/swsh12pt5gg/GG03_hires.png"
    }
  },
  {
    "id": "swsh12pt5gg-GG04",
    "name": "Oricorio",
    "supertype": "Pokémon",
    "subtypes": [
      "Basic",
      "Fusion Strike"
    ],
    "hp": "90",
    "types": [
      "Fire"
    ],
    "abilities": [
      {
        "name": "Lesson in Zeal",
        "text": "All of your Fusion Strike Pokémon take 20 less damage from attacks from your opponent's Pokémon (after applying Weakness and Resistance). You can't apply more than 1 Lesson in Zeal Ability at a time.",
        "type": "Ability"
      }
    ],
    "attacks": [
      {
        "name": "Glistening Droplets",
        "cost": [
          "Fire",
          "Colorless"
        ],
        "convertedEnergyCost": 2,
        "damage": "",
        "text": "Put 5 damage counters on your opponent's Pokémon in any way you like."
      }
    ],
    "weaknesses": [
      {
        "type": "Water",
        "value": "×2"
      }
    ],
    "retreatCost": [
      "Colorless"
    ],
    "convertedRetreatCost": 1,
    "number": "GG04",
    "artist": "Tomokazu Komiya",
    "rarity": "Trainer Gallery Rare Holo",
    "flavorText": "This Oricorio has drunk red nectar. If its Trainer gives the wrong order, this passionate Pokémon becomes fiercely angry.",
    "nationalPokedexNumbers": [
      741
    ],
    "legalities": {
      "unlimited": "Legal",
      "standard": "Legal",
      "expanded": "Legal"
    },
    "regulationMark": "E",
    "images": {
      "small": "https://images.pokemontcg.io/swsh12pt5gg/GG04.png",
      "large": "https://images.pokemontcg.io/swsh12pt5gg/GG04_hires.png"
    }
  },
  {
    "id": "swsh12pt5gg-GG05",
    "name": "Lapras",
    "supertype": "Pokémon",
    "subtypes": [
      "Basic"
    ],
    "hp": "130",
    "types": [
      "Water"
    ],
    "attacks": [
      {
        "name": "Raging Freeze",
        "cost": [
          "Water",
          "Water",
          "Colorless"
        ],
        "convertedEnergyCost": 3,
        "damage": "110",
        "text": "If any of your Pokémon were Knocked Out by damage from an attack from your opponent's Pokémon during their last turn, your opponent's Active Pokémon is now Paralyzed."
      }
    ],
    "weaknesses": [
      {
        "type": "Lightning",
        "value": "×2"
      }
    ],
    "retreatCost": [
      "Colorless",
      "Colorless"
    ],
    "convertedRetreatCost": 2,
    "number": "GG05",
    "artist": "zig",
    "rarity": "Trainer Gallery Rare Holo",
    "flavorText": "A smart and kindhearted Pokémon, it glides across the surface of the sea while its beautiful song echoes around it.",
    "nationalPokedexNumbers": [
      131
    ],
    "legalities": {
      "unlimited": "Legal",
      "standard": "Legal",
      "expanded": "Legal"
    },
    "regulationMark": "F",
    "images": {
      "small": "https://images.pokemontcg.io/swsh12pt5gg/GG05.png",
      "large": "https://images.pokemontcg.io/swsh12pt5gg/GG05_hires.png"
    }
  },
  {
    "id": "swsh12pt5gg-GG06",
    "name": "Manaphy",
    "supertype": "Pokémon",
    "subtypes": [
      "Basic"
    ],
    "hp": "70",
    "types": [
      "Water"
    ],
    "abilities": [
      {
        "name": "Wave Veil",
        "text": "Prevent all damage done to your Benched Pokémon by attacks from your opponent's Pokémon.",
        "type": "Ability"
      }
    ],
    "attacks": [
      {
        "name": "Rain Splash",
        "cost": [
          "Water"
        ],
        "convertedEnergyCost": 1,
        "damage": "20",
        "text": ""
      }
    ],
    "weaknesses": [
      {
        "type": "Lightning",
        "value": "×2"
      }
    ],
    "retreatCost": [
      "Colorless"
    ],
    "convertedRetreatCost": 1,
    "number": "GG06",
    "artist": "Taira Akitsu",
    "rarity": "Trainer Gallery Rare Holo",
    "flavorText": "It starts its life with a wondrous power that permits it to bond with any kind of Pokémon.",
    "nationalPokedexNumbers": [
      490
    ],
    "legalities": {
      "unlimited": "Legal",
      "standard": "Legal",
      "expanded": "Legal"
    },
    "regulationMark": "F",
    "images": {
      "small": "https://images.pokemontcg.io/swsh12pt5gg/GG06.png",
      "large": "https://images.pokemontcg.io/swsh12pt5gg/GG06_hires.png"
    }
  },
  {
    "id": "swsh12pt5gg-GG07",
    "name": "Keldeo",
    "supertype": "Pokémon",
    "subtypes": [
      "Basic"
    ],
    "hp": "110",
    "types": [
      "Water"
    ],
    "attacks": [
      {
        "name": "Smash Kick",
        "cost": [
          "Colorless"
        ],
        "convertedEnergyCost": 1,
        "damage": "20",
        "text": ""
      },
      {
        "name": "Line Force",
        "cost": [
          "Water",
          "Colorless"
        ],
        "convertedEnergyCost": 2,
        "damage": "10+",
        "text": "This attack does 20 more damage for each of your Benched Pokémon."
      }
    ],
    "weaknesses": [
      {
        "type": "Lightning",
        "value": "×2"
      }
    ],
    "retreatCost": [
      "Colorless"
    ],
    "convertedRetreatCost": 1,
    "number": "GG07",
    "artist": "KEIICHIRO ITO",
    "rarity": "Trainer Gallery Rare Holo",
    "flavorText": "When it is resolute, its body fills with power and it becomes swifter. Its jumps are then too fast to follow.",
    "nationalPokedexNumbers": [
      647
    ],
    "legalities": {
      "unlimited": "Legal",
      "standard": "Legal",
      "expanded": "Legal"
    },
    "regulationMark": "F",
    "images": {
      "small": "https://images.pokemontcg.io/swsh12pt5gg/GG07.png",
      "large": "https://images.pokemontcg.io/swsh12pt5gg/GG07_hires.png"
    }
  },
  {
    "id": "swsh12pt5gg-GG08",
    "name": "Electivire",
    "supertype": "Pokémon",
    "subtypes": [
      "Stage 1"
    ],
    "hp": "140",
    "types": [
      "Lightning"
    ],
    "evolvesFrom": "Electabuzz",
    "attacks": [
      {
        "name": "Explosive Bolt",
        "cost": [
          "Lightning"
        ],
        "convertedEnergyCost": 1,
        "damage": "30+",
        "text": "If any of your Benched Magmortar have any damage counters on them, this attack does 90 more damage."
      },
      {
        "name": "High-Voltage Current",
        "cost": [
          "Lightning",
          "Lightning",
          "Colorless"
        ],
        "convertedEnergyCost": 3,
        "damage": "",
        "text": "This attack does 50 damage to each of your opponent's Pokémon. (Don't apply Weakness and Resistance for Benched Pokémon.)"
      }
    ],
    "weaknesses": [
      {
        "type": "Fighting",
        "value": "×2"
      }
    ],
    "retreatCost": [
      "Colorless",
      "Colorless",
      "Colorless"
    ],
    "convertedRetreatCost": 3,
    "number": "GG08",
    "artist": "Mina Nakai",
    "rarity": "Trainer Gallery Rare Holo",
    "flavorText": "The amount of electrical energy this Pokémon produces is proportional to the rate of its pulse. The voltage jumps while Electivire is battling.",
    "nationalPokedexNumbers": [
      466
    ],
    "legalities": {
      "unlimited": "Legal",
      "standard": "Legal",
      "expanded": "Legal"
    },
    "regulationMark": "F",
    "images": {
      "small": "https://images.pokemontcg.io/swsh12pt5gg/GG08.png",
      "large": "https://images.pokemontcg.io/swsh12pt5gg/GG08_hires.png"
    }
  },
  {
    "id": "swsh12pt5gg-GG09",
    "name": "Toxtricity",
    "supertype": "Pokémon",
    "subtypes": [
      "Stage 1",
      "Fusion Strike"
    ],
    "hp": "120",
    "types": [
      "Lightning"
    ],
    "evolvesFrom": "Toxel",
    "abilities": [
      {
        "name": "Maximum Downer",
        "text": "If all your Pokémon in play are Fusion Strike Pokémon, your opponent's Pokémon VMAX in play get -30 HP.",
        "type": "Ability"
      }
    ],
    "attacks": [
      {
        "name": "Head Bolt",
        "cost": [
          "Lightning",
          "Lightning",
          "Colorless"
        ],
        "convertedEnergyCost": 3,
        "damage": "90",
        "text": ""
      }
    ],
    "weaknesses": [
      {
        "type": "Fighting",
        "value": "×2"
      }
    ],
    "retreatCost": [
      "Colorless",
      "Colorless"
    ],
    "convertedRetreatCost": 2,
    "number": "GG09",
    "artist": "Nelnal",
    "rarity": "Trainer Gallery Rare Holo",
    "flavorText": "It has an electrical organ on its chest. While generating electricity, it fills its surroundings with what sounds like the strumming of a bass guitar.",
    "nationalPokedexNumbers": [
      849
    ],
    "legalities": {
      "unlimited": "Legal",
      "standard": "Legal",
      "expanded": "Legal"
    },
    "regulationMark": "E",
    "images": {
      "small": "https://images.pokemontcg.io/swsh12pt5gg/GG09.png",
      "large": "https://images.pokemontcg.io/swsh12pt5gg/GG09_hires.png"
    }
  },
  {
    "id": "swsh12pt5gg-GG10",
    "name": "Mew",
    "supertype": "Pokémon",
    "subtypes": [
      "Basic"
    ],
    "hp": "60",
    "types": [
      "Psychic"
    ],
    "abilities": [
      {
        "name": "Mysterious Tail",
        "text": "Once during your turn, if this Pokémon is in the Active Spot, you may look at the top 6 cards of your deck, reveal an Item card you find there, and put it into your hand. Shuffle the other cards back into your deck.",
        "type": "Ability"
      }
    ],
    "attacks": [
      {
        "name": "Psyshot",
        "cost": [
          "Psychic",
          "Colorless"
        ],
        "convertedEnergyCost": 2,
        "damage": "30",
        "text": ""
      }
    ],
    "weaknesses": [
      {
        "type": "Darkness",
        "value": "×2"
      }
    ],
    "resistances": [
      {
        "type": "Fighting",
        "value": "-30"
      }
    ],
    "retreatCost": [
      "Colorless"
    ],
    "convertedRetreatCost": 1,
    "number": "GG10",
    "artist": "Ryota Murayama",
    "rarity": "Trainer Gallery Rare Holo",
    "flavorText": "Its DNA is said to contain the genetic codes of all Pokémon, so it can use all kinds of techniques.",
    "nationalPokedexNumbers": [
      151
    ],
    "legalities": {
      "unlimited": "Legal",
      "standard": "Legal",
      "expanded": "Legal"
    },
    "regulationMark": "E",
    "images": {
      "small": "https://images.pokemontcg.io/swsh12pt5gg/GG10.png",
      "large": "https://images.pokemontcg.io/swsh12pt5gg/GG10_hires.png"
    }
  },
  {
    "id": "swsh12pt5gg-GG11",
    "name": "Lunatone",
    "supertype": "Pokémon",
    "subtypes": [
      "Basic"
    ],
    "hp": "90",
    "types": [
      "Psychic"
    ],
    "attacks": [
      {
        "name": "Cycle Draw",
        "cost": [
          "Psychic"
        ],
        "convertedEnergyCost": 1,
        "damage": "",
        "text": "Discard a card from your hand. If you do, draw 3 cards."
      },
      {
        "name": "Moon Kinesis",
        "cost": [
          "Colorless",
          "Colorless",
          "Colorless"
        ],
        "convertedEnergyCost": 3,
        "damage": "30+",
        "text": "This attack does 30 more damage for each Psychic Energy attached to this Pokémon."
      }
    ],
    "weaknesses": [
      {
        "type": "Darkness",
        "value": "×2"
      }
    ],
    "resistances": [
      {
        "type": "Fighting",
        "value": "-30"
      }
    ],
    "retreatCost": [
      "Colorless"
    ],
    "convertedRetreatCost": 1,
    "number": "GG11",
    "artist": "sowsow",
    "rarity": "Trainer Gallery Rare Holo",
    "flavorText": "The phase of the moon apparently has some effect on its power. It's active on the night of a full moon.",
    "nationalPokedexNumbers": [
      337
    ],
    "legalities": {
      "unlimited": "Legal",
      "standard": "Legal",
      "expanded": "Legal"
    },
    "regulationMark": "F",
    "images": {
      "small": "https://images.pokemontcg.io/swsh12pt5gg/GG11.png",
      "large": "https://images.pokemontcg.io/swsh12pt5gg/GG11_hires.png"
    }
  },
  {
    "id": "swsh12pt5gg-GG12",
    "name": "Deoxys",
    "supertype": "Pokémon",
    "subtypes": [
      "Basic",
      "Fusion Strike",
      "Single Strike",
      "Rapid Strike"
    ],
    "hp": "120",
    "types": [
      "Psychic"
    ],
    "attacks": [
      {
        "name": "Photon Boost",
        "cost": [
          "Colorless",
          "Colorless",
          "Colorless"
        ],
        "convertedEnergyCost": 3,
        "damage": "80+",
        "text": "If this Pokémon has any Fusion Strike Energy attached, this attack does 80 more damage."
      }
    ],
    "weaknesses": [
      {
        "type": "Darkness",
        "value": "×2"
      }
    ],
    "resistances": [
      {
        "type": "Fighting",
        "value": "-30"
      }
    ],
    "retreatCost": [
      "Colorless"
    ],
    "convertedRetreatCost": 1,
    "number": "GG12",
    "artist": "Scav",
    "rarity": "Trainer Gallery Rare Holo",
    "flavorText": "DNA from a space virus mutated and became a Pokémon. It appears where auroras are seen.",
    "nationalPokedexNumbers": [
      386
    ],
    "legalities": {
      "unlimited": "Legal",
      "standard": "Legal",
      "expanded": "Legal"
    },
    "regulationMark": "E",
    "images": {
      "small": "https://images.pokemontcg.io/swsh12pt5gg/GG12.png",
      "large": "https://images.pokemontcg.io/swsh12pt5gg/GG12_hires.png"
    }
  },
  {
    "id": "swsh12pt5gg-GG13",
    "name": "Diancie",
    "supertype": "Pokémon",
    "subtypes": [
      "Basic"
    ],
    "hp": "90",
    "types": [
      "Psychic"
    ],
    "abilities": [
      {
        "name": "Princess's Curtain",
        "text": "As long as this Pokémon is in the Active Spot, whenever your opponent plays a Supporter card from their hand, prevent all effects of that card done to your Benched Basic Pokémon.",
        "type": "Ability"
      }
    ],
    "attacks": [
      {
        "name": "Spike Draw",
        "cost": [
          "Colorless"
        ],
        "convertedEnergyCost": 1,
        "damage": "20",
        "text": "Draw 2 cards."
      }
    ],
    "weaknesses": [
      {
        "type": "Metal",
        "value": "×2"
      }
    ],
    "retreatCost": [
      "Colorless"
    ],
    "convertedRetreatCost": 1,
    "number": "GG13",
    "artist": "Haruko Ichikawa",
    "rarity": "Trainer Gallery Rare Holo",
    "flavorText": "It can instantly create many diamonds by compressing the carbon in the air between its hands.",
    "nationalPokedexNumbers": [
      719
    ],
    "legalities": {
      "unlimited": "Legal",
      "standard": "Legal",
      "expanded": "Legal"
    },
    "regulationMark": "F",
    "images": {
      "small": "https://images.pokemontcg.io/swsh12pt5gg/GG13.png",
      "large": "https://images.pokemontcg.io/swsh12pt5gg/GG13_hires.png"
    }
  },
  {
    "id": "swsh12pt5gg-GG14",
    "name": "Comfey",
    "supertype": "Pokémon",
    "subtypes": [
      "Basic"
    ],
    "hp": "70",
    "types": [
      "Psychic"
    ],
    "abilities": [
      {
        "name": "Flower Selecting",
        "text": "Once during your turn, if this Pokémon is in the Active Spot, you may look at the top 2 cards of your deck and put 1 of them into your hand. Put the other card in the Lost Zone.",
        "type": "Ability"
      }
    ],
    "attacks": [
      {
        "name": "Spinning Attack",
        "cost": [
          "Psychic",
          "Colorless"
        ],
        "convertedEnergyCost": 2,
        "damage": "30",
        "text": ""
      }
    ],
    "weaknesses": [
      {
        "type": "Metal",
        "value": "×2"
      }
    ],
    "retreatCost": [
      "Colorless"
    ],
    "convertedRetreatCost": 1,
    "number": "GG14",
    "artist": "Yano Keiji",
    "rarity": "Trainer Gallery Rare Holo",
    "flavorText": "Comfey picks flowers with its vine and decorates itself with them. For some reason, flowers won't wither once they're attached to a Comfey.",
    "nationalPokedexNumbers": [
      764
    ],
    "legalities": {
      "unlimited": "Legal",
      "standard": "Legal",
      "expanded": "Legal"
    },
    "regulationMark": "F",
    "images": {
      "small": "https://images.pokemontcg.io/swsh12pt5gg/GG14.png",
      "large": "https://images.pokemontcg.io/swsh12pt5gg/GG14_hires.png"
    }
  },
  {
    "id": "swsh12pt5gg-GG15",
    "name": "Solrock",
    "supertype": "Pokémon",
    "subtypes": [
      "Basic"
    ],
    "hp": "90",
    "types": [
      "Fighting"
    ],
    "abilities": [
      {
        "name": "Sun Energy",
        "text": "Once during your turn, you may attach a Psychic Energy card from your discard pile to 1 of your Lunatone.",
        "type": "Ability"
      }
    ],
    "attacks": [
      {
        "name": "Spinning Attack",
        "cost": [
          "Fighting",
          "Colorless"
        ],
        "convertedEnergyCost": 2,
        "damage": "50",
        "text": ""
      }
    ],
    "weaknesses": [
      {
        "type": "Grass",
        "value": "×2"
      }
    ],
    "retreatCost": [
      "Colorless"
    ],
    "convertedRetreatCost": 1,
    "number": "GG15",
    "artist": "Nobuhiro Imagawa",
    "rarity": "Trainer Gallery Rare Holo",
    "flavorText": "When it rotates itself, it gives off light similar to the sun, thus blinding its foes.",
    "nationalPokedexNumbers": [
      338
    ],
    "legalities": {
      "unlimited": "Legal",
      "standard": "Legal",
      "expanded": "Legal"
    },
    "regulationMark": "F",
    "images": {
      "small": "https://images.pokemontcg.io/swsh12pt5gg/GG15.png",
      "large": "https://images.pokemontcg.io/swsh12pt5gg/GG15_hires.png"
    }
  },
  {
    "id": "swsh12pt5gg-GG16",
    "name": "Absol",
    "supertype": "Pokémon",
    "subtypes": [
      "Basic"
    ],
    "hp": "100",
    "types": [
      "Darkness"
    ],
    "attacks": [
      {
        "name": "Swirling Disaster",
        "cost": [
          "Darkness"
        ],
        "convertedEnergyCost": 1,
        "damage": "",
        "text": "This attack does 10 damage to each of your opponent's Pokémon. (Don't apply Weakness and Resistance for Benched Pokémon.)"
      },
      {
        "name": "Claw Rend",
        "cost": [
          "Darkness",
          "Colorless"
        ],
        "convertedEnergyCost": 2,
        "damage": "50+",
        "text": "If your opponent's Active Pokémon already has any damage counters on it, this attack does 70 more damage."
      }
    ],
    "weaknesses": [
      {
        "type": "Grass",
        "value": "×2"
      }
    ],
    "retreatCost": [
      "Colorless"
    ],
    "convertedRetreatCost": 1,
    "number": "GG16",
    "artist": "Uta",
    "rarity": "Trainer Gallery Rare Holo",
    "flavorText": "Swift as the wind, Absol races through fields and mountains. Its curved, bow-like horn is acutely sensitive to the warning signs of natural disasters.",
    "nationalPokedexNumbers": [
      359
    ],
    "legalities": {
      "unlimited": "Legal",
      "standard": "Legal",
      "expanded": "Legal"
    },
    "regulationMark": "F",
    "images": {
      "small": "https://images.pokemontcg.io/swsh12pt5gg/GG16.png",
      "large": "https://images.pokemontcg.io/swsh12pt5gg/GG16_hires.png"
    }
  },
  {
    "id": "swsh12pt5gg-GG17",
    "name": "Thievul",
    "supertype": "Pokémon",
    "subtypes": [
      "Stage 1"
    ],
    "hp": "100",
    "types": [
      "Darkness"
    ],
    "evolvesFrom": "Nickit",
    "abilities": [
      {
        "name": "Baffling",
        "text": "If your opponent has 2 or fewer Prize cards remaining, whenever your opponent plays a Supporter card from their hand, prevent all effects of that card done to your Benched Pokémon V.",
        "type": "Ability"
      }
    ],
    "attacks": [
      {
        "name": "Sharp Fang",
        "cost": [
          "Darkness",
          "Darkness",
          "Colorless"
        ],
        "convertedEnergyCost": 3,
        "damage": "110",
        "text": ""
      }
    ],
    "weaknesses": [
      {
        "type": "Grass",
        "value": "×2"
      }
    ],
    "retreatCost": [
      "Colorless"
    ],
    "convertedRetreatCost": 1,
    "number": "GG17",
    "artist": "NC Empire",
    "rarity": "Trainer Gallery Rare Holo",
    "flavorText": "It secretly marks potential targets with a scent. By following the scent, it stalks its targets and steals from them when they least expect it.",
    "nationalPokedexNumbers": [
      828
    ],
    "legalities": {
      "unlimited": "Legal",
      "standard": "Legal",
      "expanded": "Legal"
    },
    "regulationMark": "F",
    "images": {
      "small": "https://images.pokemontcg.io/swsh12pt5gg/GG17.png",
      "large": "https://images.pokemontcg.io/swsh12pt5gg/GG17_hires.png"
    }
  },
  {
    "id": "swsh12pt5gg-GG18",
    "name": "Magnezone",
    "supertype": "Pokémon",
    "subtypes": [
      "Stage 2"
    ],
    "hp": "150",
    "types": [
      "Metal"
    ],
    "evolvesFrom": "Magneton",
    "abilities": [
      {
        "name": "Giga Magnet",
        "text": "Once during your turn, you may look at the top 6 cards of your deck and attach any number of Metal Energy cards you find there to your Pokémon in any way you like. Shuffle the other cards back into your deck.",
        "type": "Ability"
      }
    ],
    "attacks": [
      {
        "name": "Power Beam",
        "cost": [
          "Metal",
          "Colorless",
          "Colorless"
        ],
        "convertedEnergyCost": 3,
        "damage": "120",
        "text": ""
      }
    ],
    "weaknesses": [
      {
        "type": "Fire",
        "value": "×2"
      }
    ],
    "resistances": [
      {
        "type": "Grass",
        "value": "-30"
      }
    ],
    "retreatCost": [
      "Colorless",
      "Colorless"
    ],
    "convertedRetreatCost": 2,
    "number": "GG18",
    "artist": "Shinya Komatsu",
    "rarity": "Trainer Gallery Rare Holo",
    "flavorText": "Some say that Magnezone receives signals from space via the antenna on its head and that it's being controlled by some mysterious being.",
    "nationalPokedexNumbers": [
      462
    ],
    "legalities": {
      "unlimited": "Legal",
      "standard": "Legal",
      "expanded": "Legal"
    },
    "regulationMark": "F",
    "images": {
      "small": "https://images.pokemontcg.io/swsh12pt5gg/GG18.png",
      "large": "https://images.pokemontcg.io/swsh12pt5gg/GG18_hires.png"
    }
  },
  {
    "id": "swsh12pt5gg-GG19",
    "name": "Altaria",
    "supertype": "Pokémon",
    "subtypes": [
      "Stage 1"
    ],
    "hp": "90",
    "types": [
      "Dragon"
    ],
    "evolvesFrom": "Swablu",
    "abilities": [
      {
        "name": "Tempting Tune",
        "text": "Once during your turn, you may search your deck for a Supporter card, reveal it, shuffle your deck, then put that card on top of it.",
        "type": "Ability"
      }
    ],
    "attacks": [
      {
        "name": "Glide",
        "cost": [
          "Water",
          "Metal"
        ],
        "convertedEnergyCost": 2,
        "damage": "60",
        "text": ""
      }
    ],
    "number": "GG19",
    "artist": "Asako Ito",
    "rarity": "Trainer Gallery Rare Holo",
    "flavorText": "On sunny days, it flies freely through the sky and blends into the clouds. It sings in a beautiful soprano.",
    "nationalPokedexNumbers": [
      334
    ],
    "legalities": {
      "unlimited": "Legal",
      "standard": "Legal",
      "expanded": "Legal"
    },
    "regulationMark": "E",
    "images": {
      "small": "https://images.pokemontcg.io/swsh12pt5gg/GG19.png",
      "large": "https://images.pokemontcg.io/swsh12pt5gg/GG19_hires.png"
    }
  },
  {
    "id": "swsh12pt5gg-GG20",
    "name": "Latias",
    "supertype": "Pokémon",
    "subtypes": [
      "Basic",
      "Fusion Strike"
    ],
    "hp": "120",
    "types": [
      "Dragon"
    ],
    "abilities": [
      {
        "name": "Red Assist",
        "text": "Once during your turn, you may attach a Psychic Energy card from your hand to 1 of your Latios.",
        "type": "Ability"
      }
    ],
    "attacks": [
      {
        "name": "Dyna Barrier",
        "cost": [
          "Fire",
          "Psychic",
          "Colorless"
        ],
        "convertedEnergyCost": 3,
        "damage": "70",
        "text": "During your opponent's next turn, prevent all damage done to this Pokémon by attacks from Pokémon VMAX."
      }
    ],
    "retreatCost": [
      "Colorless"
    ],
    "convertedRetreatCost": 1,
    "number": "GG20",
    "artist": "Teeziro",
    "rarity": "Trainer Gallery Rare Holo",
    "flavorText": "It can telepathically communicate with people. It changes its appearance using its down that refracts light.",
    "nationalPokedexNumbers": [
      380
    ],
    "legalities": {
      "unlimited": "Legal",
      "standard": "Legal",
      "expanded": "Legal"
    },
    "regulationMark": "E",
    "images": {
      "small": "https://images.pokemontcg.io/swsh12pt5gg/GG20.png",
      "large": "https://images.pokemontcg.io/swsh12pt5gg/GG20_hires.png"
    }
  },
  {
    "id": "swsh12pt5gg-GG21",
    "name": "Hisuian Goodra",
    "supertype": "Pokémon",
    "subtypes": [
      "Stage 2"
    ],
    "hp": "160",
    "types": [
      "Dragon"
    ],
    "evolvesFrom": "Hisuian Sliggoo",
    "abilities": [
      {
        "name": "Metal Lodging",
        "text": "Prevent all damage done to each of your Basic Pokémon that has any Metal Energy attached by attacks from your opponent's Pokémon V.",
        "type": "Ability"
      }
    ],
    "attacks": [
      {
        "name": "Heavy Impact",
        "cost": [
          "Water",
          "Metal",
          "Colorless"
        ],
        "convertedEnergyCost": 3,
        "damage": "140",
        "text": ""
      }
    ],
    "retreatCost": [
      "Colorless",
      "Colorless",
      "Colorless"
    ],
    "convertedRetreatCost": 3,
    "number": "GG21",
    "artist": "You Iribi",
    "rarity": "Trainer Gallery Rare Holo",
    "flavorText": "Able to freely control the hardness of its metallic shell. It loathes solitude and is extremely clingy— it will fume and run riot if those dearest to it ever leave its side.",
    "nationalPokedexNumbers": [
      706
    ],
    "legalities": {
      "unlimited": "Legal",
      "standard": "Legal",
      "expanded": "Legal"
    },
    "regulationMark": "F",
    "images": {
      "small": "https://images.pokemontcg.io/swsh12pt5gg/GG21.png",
      "large": "https://images.pokemontcg.io/swsh12pt5gg/GG21_hires.png"
    }
  },
  {
    "id": "swsh12pt5gg-GG22",
    "name": "Ditto",
    "supertype": "Pokémon",
    "subtypes": [
      "Basic"
    ],
    "hp": "70",
    "types": [
      "Colorless"
    ],
    "abilities": [
      {
        "name": "Sudden Transformation",
        "text": "This Pokémon can use the attacks of any Basic Pokémon in your discard pile, except for Pokémon with a Rule Box (Pokémon V, Pokémon-GX, etc. have Rule Boxes). (You still need the necessary Energy to use each attack.)",
        "type": "Ability"
      }
    ],
    "weaknesses": [
      {
        "type": "Fighting",
        "value": "×2"
      }
    ],
    "retreatCost": [
      "Colorless"
    ],
    "convertedRetreatCost": 1,
    "number": "GG22",
    "artist": "Miki Tanaka",
    "rarity": "Trainer Gallery Rare Holo",
    "flavorText": "It can reconstitute its entire cellular structure to change into what it sees, but it returns to normal when it relaxes.",
    "nationalPokedexNumbers": [
      132
    ],
    "legalities": {
      "unlimited": "Legal",
      "standard": "Legal",
      "expanded": "Legal"
    },
    "regulationMark": "F",
    "images": {
      "small": "https://images.pokemontcg.io/swsh12pt5gg/GG22.png",
      "large": "https://images.pokemontcg.io/swsh12pt5gg/GG22_hires.png"
    }
  },
  {
    "id": "swsh12pt5gg-GG23",
    "name": "Dunsparce",
    "supertype": "Pokémon",
    "subtypes": [
      "Basic"
    ],
    "hp": "60",
    "types": [
      "Colorless"
    ],
    "abilities": [
      {
        "name": "Mysterious Nest",
        "text": "Colorless Pokémon in play (both yours and your opponent's) have no Weakness.",
        "type": "Ability"
      }
    ],
    "attacks": [
      {
        "name": "Rollout",
        "cost": [
          "Colorless",
          "Colorless"
        ],
        "convertedEnergyCost": 2,
        "damage": "30",
        "text": ""
      }
    ],
    "weaknesses": [
      {
        "type": "Fighting",
        "value": "×2"
      }
    ],
    "retreatCost": [
      "Colorless"
    ],
    "convertedRetreatCost": 1,
    "number": "GG23",
    "artist": "Kurata So",
    "rarity": "Trainer Gallery Rare Holo",
    "flavorText": "When it sees a person, it digs a hole with its tail to make its escape. If you happen to find one, consider yourself lucky.",
    "nationalPokedexNumbers": [
      206
    ],
    "legalities": {
      "unlimited": "Legal",
      "standard": "Legal",
      "expanded": "Legal"
    },
    "regulationMark": "E",
    "images": {
      "small": "https://images.pokemontcg.io/swsh12pt5gg/GG23.png",
      "large": "https://images.pokemontcg.io/swsh12pt5gg/GG23_hires.png"
    }
  },
  {
    "id": "swsh12pt5gg-GG24",
    "name": "Miltank",
    "supertype": "Pokémon",
    "subtypes": [
      "Basic"
    ],
    "hp": "110",
    "types": [
      "Colorless"
    ],
    "abilities": [
      {
        "name": "Miracle Body",
        "text": "Prevent all damage done to this Pokémon by attacks from your opponent's Pokémon V.",
        "type": "Ability"
      }
    ],
    "attacks": [
      {
        "name": "Rout",
        "cost": [
          "Colorless",
          "Colorless"
        ],
        "convertedEnergyCost": 2,
        "damage": "10+",
        "text": "This attack does 20 more damage for each of your opponent's Benched Pokémon."
      }
    ],
    "weaknesses": [
      {
        "type": "Fighting",
        "value": "×2"
      }
    ],
    "retreatCost": [
      "Colorless",
      "Colorless"
    ],
    "convertedRetreatCost": 2,
    "number": "GG24",
    "artist": "Yuu Nishida",
    "rarity": "Trainer Gallery Rare Holo",
    "flavorText": "Miltank produces highly nutritious milk, so it's been supporting the lives of people and other Pokémon since ancient times.",
    "nationalPokedexNumbers": [
      241
    ],
    "legalities": {
      "unlimited": "Legal",
      "standard": "Legal",
      "expanded": "Legal"
    },
    "regulationMark": "F",
    "images": {
      "small": "https://images.pokemontcg.io/swsh12pt5gg/GG24.png",
      "large": "https://images.pokemontcg.io/swsh12pt5gg/GG24_hires.png"
    }
  },
  {
    "id": "swsh12pt5gg-GG25",
    "name": "Bibarel",
    "supertype": "Pokémon",
    "subtypes": [
      "Stage 1"
    ],
    "hp": "120",
    "types": [
      "Colorless"
    ],
    "evolvesFrom": "Bidoof",
    "abilities": [
      {
        "name": "Industrious Incisors",
        "text": "Once during your turn, you may draw cards until you have 5 cards in your hand.",
        "type": "Ability"
      }
    ],
    "attacks": [
      {
        "name": "Tail Smash",
        "cost": [
          "Colorless",
          "Colorless",
          "Colorless"
        ],
        "convertedEnergyCost": 3,
        "damage": "100",
        "text": "Flip a coin. If tails, this attack does nothing."
      }
    ],
    "weaknesses": [
      {
        "type": "Fighting",
        "value": "×2"
      }
    ],
    "retreatCost": [
      "Colorless",
      "Colorless"
    ],
    "convertedRetreatCost": 2,
    "number": "GG25",
    "artist": "Amelicart",
    "rarity": "Trainer Gallery Rare Holo",
    "flavorText": "It makes its nest by damming streams with bark and mud. It is known as an industrious worker.",
    "nationalPokedexNumbers": [
      400
    ],
    "legalities": {
      "unlimited": "Legal",
      "standard": "Legal",
      "expanded": "Legal"
    },
    "regulationMark": "F",
    "images": {
      "small": "https://images.pokemontcg.io/swsh12pt5gg/GG25.png",
      "large": "https://images.pokemontcg.io/swsh12pt5gg/GG25_hires.png"
    }
  },
  {
    "id": "swsh12pt5gg-GG26",
    "name": "Riolu",
    "supertype": "Pokémon",
    "subtypes": [
      "Basic"
    ],
    "hp": "60",
    "types": [
      "Fighting"
    ],
    "evolvesTo": [
      "Lucario"
    ],
    "attacks": [
      {
        "name": "Low Kick",
        "cost": [
          "Fighting",
          "Fighting"
        ],
        "convertedEnergyCost": 2,
        "damage": "50",
        "text": ""
      }
    ],
    "weaknesses": [
      {
        "type": "Psychic",
        "value": "×2"
      }
    ],
    "retreatCost": [
      "Colorless"
    ],
    "convertedRetreatCost": 1,
    "number": "GG26",
    "artist": "Kouki Saitou",
    "rarity": "Trainer Gallery Rare Holo",
    "flavorText": "It's exceedingly energetic, with enough stamina to keep running all through the night. Taking it for walks can be a challenging experience.",
    "nationalPokedexNumbers": [
      447
    ],
    "legalities": {
      "unlimited": "Legal",
      "standard": "Legal",
      "expanded": "Legal"
    },
    "regulationMark": "F",
    "images": {
      "small": "https://images.pokemontcg.io/swsh12pt5gg/GG26.png",
      "large": "https://images.pokemontcg.io/swsh12pt5gg/GG26_hires.png"
    }
  },
  {
    "id": "swsh12pt5gg-GG27",
    "name": "Swablu",
    "supertype": "Pokémon",
    "subtypes": [
      "Basic"
    ],
    "hp": "50",
    "types": [
      "Colorless"
    ],
    "evolvesTo": [
      "Altaria"
    ],
    "attacks": [
      {
        "name": "Surprise Attack",
        "cost": [
          "Colorless"
        ],
        "convertedEnergyCost": 1,
        "damage": "30",
        "text": "Flip a coin. If tails, this attack does nothing."
      }
    ],
    "weaknesses": [
      {
        "type": "Lightning",
        "value": "×2"
      }
    ],
    "resistances": [
      {
        "type": "Fighting",
        "value": "-30"
      }
    ],
    "retreatCost": [
      "Colorless"
    ],
    "convertedRetreatCost": 1,
    "number": "GG27",
    "artist": "Kouki Saitou",
    "rarity": "Trainer Gallery Rare Holo",
    "flavorText": "It constantly grooms its cotton-like wings. It takes a shower to clean itself if it becomes dirty.",
    "nationalPokedexNumbers": [
      333
    ],
    "legalities": {
      "unlimited": "Legal",
      "standard": "Legal",
      "expanded": "Legal"
    },
    "regulationMark": "E",
    "images": {
      "small": "https://images.pokemontcg.io/swsh12pt5gg/GG27.png",
      "large": "https://images.pokemontcg.io/swsh12pt5gg/GG27_hires.png"
    }
  },
  {
    "id": "swsh12pt5gg-GG28",
    "name": "Duskull",
    "supertype": "Pokémon",
    "subtypes": [
      "Basic"
    ],
    "hp": "60",
    "types": [
      "Psychic"
    ],
    "evolvesTo": [
      "Dusclops"
    ],
    "attacks": [
      {
        "name": "Perplex",
        "cost": [
          "Psychic"
        ],
        "convertedEnergyCost": 1,
        "damage": "10",
        "text": "Flip a coin. If heads, your opponent's Active Pokémon is now Confused."
      }
    ],
    "weaknesses": [
      {
        "type": "Darkness",
        "value": "×2"
      }
    ],
    "resistances": [
      {
        "type": "Fighting",
        "value": "-30"
      }
    ],
    "retreatCost": [
      "Colorless"
    ],
    "convertedRetreatCost": 1,
    "number": "GG28",
    "artist": "Kouki Saitou",
    "rarity": "Trainer Gallery Rare Holo",
    "flavorText": "If it finds bad children who won't listen to their parents, it will spirit them away—or so it's said.",
    "nationalPokedexNumbers": [
      355
    ],
    "legalities": {
      "unlimited": "Legal",
      "standard": "Legal",
      "expanded": "Legal"
    },
    "regulationMark": "F",
    "images": {
      "small": "https://images.pokemontcg.io/swsh12pt5gg/GG28.png",
      "large": "https://images.pokemontcg.io/swsh12pt5gg/GG28_hires.png"
    }
  },
  {
    "id": "swsh12pt5gg-GG29",
    "name": "Bidoof",
    "supertype": "Pokémon",
    "subtypes": [
      "Basic"
    ],
    "hp": "60",
    "types": [
      "Colorless"
    ],
    "evolvesTo": [
      "Bibarel"
    ],
    "abilities": [
      {
        "name": "Carefree Countenance",
        "text": "As long as this Pokémon is on your Bench, prevent all damage done to this Pokémon by attacks (both yours and your opponent's).",
        "type": "Ability"
      }
    ],
    "attacks": [
      {
        "name": "Hyper Fang",
        "cost": [
          "Colorless",
          "Colorless"
        ],
        "convertedEnergyCost": 2,
        "damage": "30",
        "text": "Flip a coin. If tails, this attack does nothing."
      }
    ],
    "weaknesses": [
      {
        "type": "Fighting",
        "value": "×2"
      }
    ],
    "retreatCost": [
      "Colorless"
    ],
    "convertedRetreatCost": 1,
    "number": "GG29",
    "artist": "Kouki Saitou",
    "rarity": "Trainer Gallery Rare Holo",
    "flavorText": "It constantly gnaws on logs and rocks to whittle down its front teeth. It nests alongside water.",
    "nationalPokedexNumbers": [
      399
    ],
    "legalities": {
      "unlimited": "Legal",
      "standard": "Legal",
      "expanded": "Legal"
    },
    "regulationMark": "F",
    "images": {
      "small": "https://images.pokemontcg.io/swsh12pt5gg/GG29.png",
      "large": "https://images.pokemontcg.io/swsh12pt5gg/GG29_hires.png"
    }
  },
  {
    "id": "swsh12pt5gg-GG30",
    "name": "Pikachu",
    "supertype": "Pokémon",
    "subtypes": [
      "Basic"
    ],
    "hp": "60",
    "types": [
      "Lightning"
    ],
    "evolvesTo": [
      "Raichu"
    ],
    "abilities": [
      {
        "name": "Pika Dash",
        "text": "If this Pokémon has any Energy attached, it has no Retreat Cost.",
        "type": "Ability"
      }
    ],
    "attacks": [
      {
        "name": "Whimsy Tackle",
        "cost": [
          "Lightning",
          "Colorless",
          "Colorless"
        ],
        "convertedEnergyCost": 3,
        "damage": "50",
        "text": "Flip a coin. If tails, this attack does nothing."
      }
    ],
    "weaknesses": [
      {
        "type": "Fighting",
        "value": "×2"
      }
    ],
    "retreatCost": [
      "Colorless"
    ],
    "convertedRetreatCost": 1,
    "number": "GG30",
    "artist": "Kouki Saitou",
    "rarity": "Trainer Gallery Rare Holo",
    "flavorText": "Pikachu that can generate powerful electricity have cheek sacs that are extra soft and super stretchy.",
    "nationalPokedexNumbers": [
      25
    ],
    "legalities": {
      "unlimited": "Legal",
      "standard": "Legal",
      "expanded": "Legal"
    },
    "regulationMark": "F",
    "images": {
      "small": "https://images.pokemontcg.io/swsh12pt5gg/GG30.png",
      "large": "https://images.pokemontcg.io/swsh12pt5gg/GG30_hires.png"
    }
  },
  {
    "id": "swsh12pt5gg-GG31",
    "name": "Turtwig",
    "supertype": "Pokémon",
    "subtypes": [
      "Basic"
    ],
    "hp": "80",
    "types": [
      "Grass"
    ],
    "evolvesTo": [
      "Grotle"
    ],
    "attacks": [
      {
        "name": "Bite",
        "cost": [
          "Grass"
        ],
        "convertedEnergyCost": 1,
        "damage": "10",
        "text": ""
      },
      {
        "name": "Headbutt Bounce",
        "cost": [
          "Grass",
          "Colorless"
        ],
        "convertedEnergyCost": 2,
        "damage": "20",
        "text": ""
      }
    ],
    "weaknesses": [
      {
        "type": "Fire",
        "value": "×2"
      }
    ],
    "retreatCost": [
      "Colorless",
      "Colorless"
    ],
    "convertedRetreatCost": 2,
    "number": "GG31",
    "artist": "Kouki Saitou",
    "rarity": "Trainer Gallery Rare Holo",
    "flavorText": "It undertakes photosynthesis with its body, making oxygen. The leaf on its head wilts if it is thirsty.",
    "nationalPokedexNumbers": [
      387
    ],
    "legalities": {
      "unlimited": "Legal",
      "standard": "Legal",
      "expanded": "Legal"
    },
    "regulationMark": "F",
    "images": {
      "small": "https://images.pokemontcg.io/swsh12pt5gg/GG31.png",
      "large": "https://images.pokemontcg.io/swsh12pt5gg/GG31_hires.png"
    }
  },
  {
    "id": "swsh12pt5gg-GG32",
    "name": "Paras",
    "supertype": "Pokémon",
    "subtypes": [
      "Basic"
    ],
    "hp": "70",
    "types": [
      "Grass"
    ],
    "evolvesTo": [
      "Parasect"
    ],
    "attacks": [
      {
        "name": "Absorb",
        "cost": [
          "Grass",
          "Colorless"
        ],
        "convertedEnergyCost": 2,
        "damage": "20",
        "text": "Heal 10 damage from this Pokémon."
      }
    ],
    "weaknesses": [
      {
        "type": "Fire",
        "value": "×2"
      }
    ],
    "retreatCost": [
      "Colorless"
    ],
    "convertedRetreatCost": 1,
    "number": "GG32",
    "artist": "Kouki Saitou",
    "rarity": "Trainer Gallery Rare Holo",
    "flavorText": "The mushrooms, known as tochukaso, are controlling the bug. Even if the bug bugs the mushrooms, they tell it to bug off.",
    "nationalPokedexNumbers": [
      46
    ],
    "legalities": {
      "unlimited": "Legal",
      "standard": "Legal",
      "expanded": "Legal"
    },
    "regulationMark": "F",
    "images": {
      "small": "https://images.pokemontcg.io/swsh12pt5gg/GG32.png",
      "large": "https://images.pokemontcg.io/swsh12pt5gg/GG32_hires.png"
    }
  },
  {
    "id": "swsh12pt5gg-GG33",
    "name": "Poochyena",
    "supertype": "Pokémon",
    "subtypes": [
      "Basic"
    ],
    "hp": "60",
    "types": [
      "Darkness"
    ],
    "evolvesTo": [
      "Mightyena"
    ],
    "attacks": [
      {
        "name": "Gnaw",
        "cost": [
          "Colorless"
        ],
        "convertedEnergyCost": 1,
        "damage": "10",
        "text": ""
      },
      {
        "name": "Slight Intrusion",
        "cost": [
          "Colorless",
          "Colorless"
        ],
        "convertedEnergyCost": 2,
        "damage": "30",
        "text": "This Pokémon also does 10 damage to itself."
      }
    ],
    "weaknesses": [
      {
        "type": "Grass",
        "value": "×2"
      }
    ],
    "retreatCost": [
      "Colorless"
    ],
    "convertedRetreatCost": 1,
    "number": "GG33",
    "artist": "Kouki Saitou",
    "rarity": "Trainer Gallery Rare Holo",
    "flavorText": "It has a very tenacious nature. Its acute sense of smell lets it chase a chosen prey without ever losing track.",
    "nationalPokedexNumbers": [
      261
    ],
    "legalities": {
      "unlimited": "Legal",
      "standard": "Legal",
      "expanded": "Legal"
    },
    "regulationMark": "F",
    "images": {
      "small": "https://images.pokemontcg.io/swsh12pt5gg/GG33.png",
      "large": "https://images.pokemontcg.io/swsh12pt5gg/GG33_hires.png"
    }
  },
  {
    "id": "swsh12pt5gg-GG34",
    "name": "Mareep",
    "supertype": "Pokémon",
    "subtypes": [
      "Basic"
    ],
    "hp": "60",
    "types": [
      "Lightning"
    ],
    "evolvesTo": [
      "Flaaffy"
    ],
    "attacks": [
      {
        "name": "Rear Kick",
        "cost": [
          "Colorless"
        ],
        "convertedEnergyCost": 1,
        "damage": "10",
        "text": ""
      },
      {
        "name": "Electro Ball",
        "cost": [
          "Lightning",
          "Colorless"
        ],
        "convertedEnergyCost": 2,
        "damage": "30",
        "text": ""
      }
    ],
    "weaknesses": [
      {
        "type": "Fighting",
        "value": "×2"
      }
    ],
    "retreatCost": [
      "Colorless"
    ],
    "convertedRetreatCost": 1,
    "number": "GG34",
    "artist": "Kouki Saitou",
    "rarity": "Trainer Gallery Rare Holo",
    "flavorText": "Rubbing its fleece generates electricity. You'll want to pet it because it's cute, but if you use your bare hand, you'll get a painful shock.",
    "nationalPokedexNumbers": [
      179
    ],
    "legalities": {
      "unlimited": "Legal",
      "standard": "Legal",
      "expanded": "Legal"
    },
    "regulationMark": "E",
    "images": {
      "small": "https://images.pokemontcg.io/swsh12pt5gg/GG34.png",
      "large": "https://images.pokemontcg.io/swsh12pt5gg/GG34_hires.png"
    }
  },
  {
    "id": "swsh12pt5gg-GG35",
    "name": "Leafeon VSTAR",
    "supertype": "Pokémon",
    "subtypes": [
      "VSTAR"
    ],
    "hp": "260",
    "types": [
      "Grass"
    ],
    "evolvesFrom": "Leafeon V",
    "rules": [
      "VSTAR rule: When your Pokémon VSTAR is Knocked Out, your opponent takes 2 Prize cards."
    ],
    "abilities": [
      {
        "name": "Ivy Star",
        "text": "During your turn, you may switch 1 of your opponent's Benched Pokémon with their Active Pokémon. (You can't use more than 1 VSTAR Power in a game.)",
        "type": "Ability"
      }
    ],
    "attacks": [
      {
        "name": "Leaf Guard",
        "cost": [
          "Grass",
          "Grass",
          "Colorless"
        ],
        "convertedEnergyCost": 3,
        "damage": "180",
        "text": "During your opponent's next turn, this Pokémon takes 30 less damage from attacks (after applying Weakness and Resistance)."
      }
    ],
    "weaknesses": [
      {
        "type": "Fire",
        "value": "×2"
      }
    ],
    "retreatCost": [
      "Colorless",
      "Colorless"
    ],
    "convertedRetreatCost": 2,
    "number": "GG35",
    "artist": "Jiro Sasumo",
    "rarity": "Rare Holo VSTAR",
    "nationalPokedexNumbers": [
      470
    ],
    "legalities": {
      "unlimited": "Legal",
      "standard": "Legal",
      "expanded": "Legal"
    },
    "regulationMark": "F",
    "images": {
      "small": "https://images.pokemontcg.io/swsh12pt5gg/GG35.png",
      "large": "https://images.pokemontcg.io/swsh12pt5gg/GG35_hires.png"
    }
  },
  {
    "id": "swsh12pt5gg-GG36",
    "name": "Entei V",
    "supertype": "Pokémon",
    "subtypes": [
      "Basic",
      "V"
    ],
    "hp": "230",
    "types": [
      "Fire"
    ],
    "rules": [
      "V rule: When your Pokémon V is Knocked Out, your opponent takes 2 Prize cards."
    ],
    "abilities": [
      {
        "name": "Fleet-Footed",
        "text": "Once during your turn, if this Pokémon is in the Active Spot, you may draw a card.",
        "type": "Ability"
      }
    ],
    "attacks": [
      {
        "name": "Burning Rondo",
        "cost": [
          "Fire",
          "Colorless"
        ],
        "convertedEnergyCost": 2,
        "damage": "20+",
        "text": "This attack does 20 more damage for each Benched Pokémon (both yours and your opponent's)."
      }
    ],
    "weaknesses": [
      {
        "type": "Water",
        "value": "×2"
      }
    ],
    "retreatCost": [
      "Colorless",
      "Colorless",
      "Colorless"
    ],
    "convertedRetreatCost": 3,
    "number": "GG36",
    "artist": "Shigenori Negishi",
    "rarity": "Rare Holo V",
    "nationalPokedexNumbers": [
      244
    ],
    "legalities": {
      "unlimited": "Legal",
      "standard": "Legal",
      "expanded": "Legal"
    },
    "regulationMark": "F",
    "images": {
      "small": "https://images.pokemontcg.io/swsh12pt5gg/GG36.png",
      "large": "https://images.pokemontcg.io/swsh12pt5gg/GG36_hires.png"
    }
  },
  {
    "id": "swsh12pt5gg-GG37",
    "name": "Simisear VSTAR",
    "supertype": "Pokémon",
    "subtypes": [
      "VSTAR"
    ],
    "hp": "260",
    "types": [
      "Fire"
    ],
    "evolvesFrom": "Simisear V",
    "rules": [
      "VSTAR rule: When your Pokémon VSTAR is Knocked Out, your opponent takes 2 Prize cards."
    ],
    "attacks": [
      {
        "name": "Fireball Fever",
        "cost": [
          "Fire",
          "Colorless",
          "Colorless"
        ],
        "convertedEnergyCost": 3,
        "damage": "40+",
        "text": "You may discard up to 5 cards from the top of your deck. This attack does 40 more damage for each card you discarded in this way."
      },
      {
        "name": "Ember Star",
        "cost": [
          "Fire"
        ],
        "convertedEnergyCost": 1,
        "damage": "30×",
        "text": "This attack does 30 damage for each Energy card in your discard pile. (You can't use more than 1 VSTAR Power in a game.)"
      }
    ],
    "weaknesses": [
      {
        "type": "Water",
        "value": "×2"
      }
    ],
    "retreatCost": [
      "Colorless",
      "Colorless"
    ],
    "convertedRetreatCost": 2,
    "number": "GG37",
    "artist": "nagano",
    "rarity": "Rare Holo VSTAR",
    "nationalPokedexNumbers": [
      514
    ],
    "legalities": {
      "unlimited": "Legal",
      "standard": "Legal",
      "expanded": "Legal"
    },
    "regulationMark": "F",
    "images": {
      "small": "https://images.pokemontcg.io/swsh12pt5gg/GG37.png",
      "large": "https://images.pokemontcg.io/swsh12pt5gg/GG37_hires.png"
    }
  },
  {
    "id": "swsh12pt5gg-GG38",
    "name": "Suicune V",
    "supertype": "Pokémon",
    "subtypes": [
      "Basic",
      "V"
    ],
    "hp": "210",
    "types": [
      "Water"
    ],
    "rules": [
      "V rule: When your Pokémon V is Knocked Out, your opponent takes 2 Prize cards."
    ],
    "abilities": [
      {
        "name": "Fleet-Footed",
        "text": "Once during your turn, if this Pokémon is in the Active Spot, you may draw a card.",
        "type": "Ability"
      }
    ],
    "attacks": [
      {
        "name": "Blizzard Rondo",
        "cost": [
          "Water",
          "Colorless"
        ],
        "convertedEnergyCost": 2,
        "damage": "20+",
        "text": "This attack does 20 more damage for each Benched Pokémon (both yours and your opponent's)."
      }
    ],
    "weaknesses": [
      {
        "type": "Lightning",
        "value": "×2"
      }
    ],
    "retreatCost": [
      "Colorless",
      "Colorless"
    ],
    "convertedRetreatCost": 2,
    "number": "GG38",
    "artist": "Atsushi Furusawa",
    "rarity": "Rare Holo V",
    "nationalPokedexNumbers": [
      245
    ],
    "legalities": {
      "unlimited": "Legal",
      "standard": "Legal",
      "expanded": "Legal"
    },
    "regulationMark": "E",
    "images": {
      "small": "https://images.pokemontcg.io/swsh12pt5gg/GG38.png",
      "large": "https://images.pokemontcg.io/swsh12pt5gg/GG38_hires.png"
    }
  },
  {
    "id": "swsh12pt5gg-GG39",
    "name": "Lumineon V",
    "supertype": "Pokémon",
    "subtypes": [
      "Basic",
      "V"
    ],
    "hp": "170",
    "types": [
      "Water"
    ],
    "rules": [
      "V rule: When your Pokémon V is Knocked Out, your opponent takes 2 Prize cards."
    ],
    "abilities": [
      {
        "name": "Luminous Sign",
        "text": "When you play this Pokémon from your hand onto your Bench during your turn, you may search your deck for a Supporter card, reveal it, and put it into your hand. Then, shuffle your deck.",
        "type": "Ability"
      }
    ],
    "attacks": [
      {
        "name": "Aqua Return",
        "cost": [
          "Water",
          "Colorless",
          "Colorless"
        ],
        "convertedEnergyCost": 3,
        "damage": "120",
        "text": "Shuffle this Pokémon and all attached cards into your deck."
      }
    ],
    "weaknesses": [
      {
        "type": "Lightning",
        "value": "×2"
      }
    ],
    "retreatCost": [
      "Colorless"
    ],
    "convertedRetreatCost": 1,
    "number": "GG39",
    "artist": "Jerky",
    "rarity": "Rare Holo V",
    "nationalPokedexNumbers": [
      457
    ],
    "legalities": {
      "unlimited": "Legal",
      "standard": "Legal",
      "expanded": "Legal"
    },
    "regulationMark": "F",
    "images": {
      "small": "https://images.pokemontcg.io/swsh12pt5gg/GG39.png",
      "large": "https://images.pokemontcg.io/swsh12pt5gg/GG39_hires.png"
    }
  },
  {
    "id": "swsh12pt5gg-GG40",
    "name": "Glaceon VSTAR",
    "supertype": "Pokémon",
    "subtypes": [
      "VSTAR"
    ],
    "hp": "260",
    "types": [
      "Water"
    ],
    "evolvesFrom": "Glaceon V",
    "rules": [
      "VSTAR rule: When your Pokémon VSTAR is Knocked Out, your opponent takes 2 Prize cards."
    ],
    "attacks": [
      {
        "name": "Icicle Shot",
        "cost": [
          "Water",
          "Water",
          "Colorless"
        ],
        "convertedEnergyCost": 3,
        "damage": "180",
        "text": "During your opponent's next turn, the Defending Pokémon can't retreat."
      },
      {
        "name": "Crystal Star",
        "cost": [
          "Water",
          "Water",
          "Colorless"
        ],
        "convertedEnergyCost": 3,
        "damage": "220",
        "text": "During your opponent's next turn, prevent all damage from and effects of attacks done to this Pokémon. (You can't use more than 1 VSTAR Power in a game.)"
      }
    ],
    "weaknesses": [
      {
        "type": "Metal",
        "value": "×2"
      }
    ],
    "retreatCost": [
      "Colorless",
      "Colorless"
    ],
    "convertedRetreatCost": 2,
    "number": "GG40",
    "artist": "Gemi",
    "rarity": "Rare Holo VSTAR",
    "nationalPokedexNumbers": [
      471
    ],
    "legalities": {
      "unlimited": "Legal",
      "standard": "Legal",
      "expanded": "Legal"
    },
    "regulationMark": "F",
    "images": {
      "small": "https://images.pokemontcg.io/swsh12pt5gg/GG40.png",
      "large": "https://images.pokemontcg.io/swsh12pt5gg/GG40_hires.png"
    }
  },
  {
    "id": "swsh12pt5gg-GG41",
    "name": "Raikou V",
    "supertype": "Pokémon",
    "subtypes": [
      "Basic",
      "V"
    ],
    "hp": "200",
    "types": [
      "Lightning"
    ],
    "rules": [
      "V rule: When your Pokémon V is Knocked Out, your opponent takes 2 Prize cards."
    ],
    "abilities": [
      {
        "name": "Fleet-Footed",
        "text": "Once during your turn, if this Pokémon is in the Active Spot, you may draw a card.",
        "type": "Ability"
      }
    ],
    "attacks": [
      {
        "name": "Lightning Rondo",
        "cost": [
          "Lightning",
          "Colorless"
        ],
        "convertedEnergyCost": 2,
        "damage": "20+",
        "text": "This attack does 20 more damage for each Benched Pokémon (both yours and your opponent's)."
      }
    ],
    "weaknesses": [
      {
        "type": "Fighting",
        "value": "×2"
      }
    ],
    "retreatCost": [
      "Colorless"
    ],
    "convertedRetreatCost": 1,
    "number": "GG41",
    "artist": "nagimiso",
    "rarity": "Rare Holo V",
    "nationalPokedexNumbers": [
      243
    ],
    "legalities": {
      "unlimited": "Legal",
      "standard": "Legal",
      "expanded": "Legal"
    },
    "regulationMark": "F",
    "images": {
      "small": "https://images.pokemontcg.io/swsh12pt5gg/GG41.png",
      "large": "https://images.pokemontcg.io/swsh12pt5gg/GG41_hires.png"
    }
  },
  {
    "id": "swsh12pt5gg-GG42",
    "name": "Zeraora VMAX",
    "supertype": "Pokémon",
    "subtypes": [
      "VMAX"
    ],
    "hp": "320",
    "types": [
      "Lightning"
    ],
    "evolvesFrom": "Zeraora V",
    "rules": [
      "VMAX rule: When your Pokémon VMAX is Knocked Out, your opponent takes 3 Prize cards."
    ],
    "attacks": [
      {
        "name": "Reactive Pulse",
        "cost": [
          "Lightning",
          "Lightning"
        ],
        "convertedEnergyCost": 2,
        "damage": "60×",
        "text": "This attack does 60 damage for each of your opponent's Pokémon in play that has an Ability."
      },
      {
        "name": "Max Fist",
        "cost": [
          "Lightning",
          "Lightning",
          "Colorless"
        ],
        "convertedEnergyCost": 3,
        "damage": "240",
        "text": "Discard 2 Energy from this Pokémon."
      }
    ],
    "weaknesses": [
      {
        "type": "Fighting",
        "value": "×2"
      }
    ],
    "retreatCost": [
      "Colorless",
      "Colorless"
    ],
    "convertedRetreatCost": 2,
    "number": "GG42",
    "artist": "aoki",
    "rarity": "Rare Holo VMAX",
    "nationalPokedexNumbers": [
      807
    ],
    "legalities": {
      "unlimited": "Legal",
      "standard": "Legal",
      "expanded": "Legal"
    },
    "regulationMark": "F",
    "images": {
      "small": "https://images.pokemontcg.io/swsh12pt5gg/GG42.png",
      "large": "https://images.pokemontcg.io/swsh12pt5gg/GG42_hires.png"
    }
  },
  {
    "id": "swsh12pt5gg-GG43",
    "name": "Zeraora VSTAR",
    "supertype": "Pokémon",
    "subtypes": [
      "VSTAR"
    ],
    "hp": "270",
    "types": [
      "Lightning"
    ],
    "evolvesFrom": "Zeraora V",
    "rules": [
      "VSTAR rule: When your Pokémon VSTAR is Knocked Out, your opponent takes 2 Prize cards."
    ],
    "attacks": [
      {
        "name": "Crushing Beat",
        "cost": [
          "Lightning",
          "Lightning",
          "Colorless"
        ],
        "convertedEnergyCost": 3,
        "damage": "190",
        "text": "You may discard a Stadium in play."
      },
      {
        "name": "Lightning Storm Star",
        "cost": [
          "Lightning",
          "Lightning",
          "Lightning",
          "Colorless"
        ],
        "convertedEnergyCost": 4,
        "damage": "",
        "text": "Choose 1 of your opponent's Pokémon 4 times. (You can choose the same Pokémon more than once.) For each time you chose a Pokémon, do 60 damage to it. This damage isn't affected by Weakness or Resistance. (You can't use more than 1 VSTAR Power in a game.)"
      }
    ],
    "weaknesses": [
      {
        "type": "Fighting",
        "value": "×2"
      }
    ],
    "number": "GG43",
    "artist": "Ligton",
    "rarity": "Rare Holo VSTAR",
    "nationalPokedexNumbers": [
      807
    ],
    "legalities": {
      "unlimited": "Legal",
      "standard": "Legal",
      "expanded": "Legal"
    },
    "regulationMark": "F",
    "images": {
      "small": "https://images.pokemontcg.io/swsh12pt5gg/GG43.png",
      "large": "https://images.pokemontcg.io/swsh12pt5gg/GG43_hires.png"
    }
  },
  {
    "id": "swsh12pt5gg-GG44",
    "name": "Mewtwo VSTAR",
    "supertype": "Pokémon",
    "subtypes": [
      "VSTAR"
    ],
    "hp": "280",
    "types": [
      "Psychic"
    ],
    "evolvesFrom": "Mewtwo V",
    "rules": [
      "VSTAR rule: When your Pokémon VSTAR is Knocked Out, your opponent takes 2 Prize cards."
    ],
    "attacks": [
      {
        "name": "Psy Purge",
        "cost": [
          "Psychic",
          "Colorless"
        ],
        "convertedEnergyCost": 2,
        "damage": "90×",
        "text": "Discard up to 3 Psychic Energy from your Pokémon. This attack does 90 damage for each card you discarded in this way."
      },
      {
        "name": "Star Raid",
        "cost": [
          "Psychic",
          "Colorless"
        ],
        "convertedEnergyCost": 2,
        "damage": "",
        "text": "This attack does 120 damage to each of your opponent's Pokémon V. This damage isn't affected by Weakness or Resistance. (You can't use more than 1 VSTAR Power in a game.)"
      }
    ],
    "weaknesses": [
      {
        "type": "Darkness",
        "value": "×2"
      }
    ],
    "resistances": [
      {
        "type": "Fighting",
        "value": "-30"
      }
    ],
    "retreatCost": [
      "Colorless",
      "Colorless"
    ],
    "convertedRetreatCost": 2,
    "number": "GG44",
    "artist": "GOSSAN",
    "rarity": "Rare Holo VSTAR",
    "nationalPokedexNumbers": [
      150
    ],
    "legalities": {
      "unlimited": "Legal",
      "standard": "Legal",
      "expanded": "Legal"
    },
    "regulationMark": "F",
    "images": {
      "small": "https://images.pokemontcg.io/swsh12pt5gg/GG44.png",
      "large": "https://images.pokemontcg.io/swsh12pt5gg/GG44_hires.png"
    }
  },
  {
    "id": "swsh12pt5gg-GG45",
    "name": "Deoxys VMAX",
    "supertype": "Pokémon",
    "subtypes": [
      "VMAX"
    ],
    "hp": "330",
    "types": [
      "Psychic"
    ],
    "evolvesFrom": "Deoxys V",
    "rules": [
      "VMAX rule: When your Pokémon VMAX is Knocked Out, your opponent takes 3 Prize cards."
    ],
    "abilities": [
      {
        "name": "Protective DNA",
        "text": "All of your Pokémon take 30 less damage from attacks from your opponent's Pokémon VSTAR (after applying Weakness and Resistance).",
        "type": "Ability"
      }
    ],
    "attacks": [
      {
        "name": "Max Drain",
        "cost": [
          "Psychic",
          "Colorless",
          "Colorless"
        ],
        "convertedEnergyCost": 3,
        "damage": "160",
        "text": "Heal 30 damage from this Pokémon."
      }
    ],
    "weaknesses": [
      {
        "type": "Darkness",
        "value": "×2"
      }
    ],
    "resistances": [
      {
        "type": "Fighting",
        "value": "-30"
      }
    ],
    "retreatCost": [
      "Colorless",
      "Colorless",
      "Colorless"
    ],
    "convertedRetreatCost": 3,
    "number": "GG45",
    "artist": "Akira Komayama",
    "rarity": "Rare Holo VMAX",
    "nationalPokedexNumbers": [
      386
    ],
    "legalities": {
      "unlimited": "Legal",
      "standard": "Legal",
      "expanded": "Legal"
    },
    "regulationMark": "F",
    "images": {
      "small": "https://images.pokemontcg.io/swsh12pt5gg/GG45.png",
      "large": "https://images.pokemontcg.io/swsh12pt5gg/GG45_hires.png"
    }
  },
  {
    "id": "swsh12pt5gg-GG46",
    "name": "Deoxys VSTAR",
    "supertype": "Pokémon",
    "subtypes": [
      "VSTAR"
    ],
    "hp": "270",
    "types": [
      "Psychic"
    ],
    "evolvesFrom": "Deoxys V",
    "rules": [
      "VSTAR rule: When your Pokémon VSTAR is Knocked Out, your opponent takes 2 Prize cards."
    ],
    "attacks": [
      {
        "name": "Psychic Javelin",
        "cost": [
          "Psychic",
          "Psychic",
          "Colorless"
        ],
        "convertedEnergyCost": 3,
        "damage": "190",
        "text": "This attack also does 60 damage to 1 of your opponent's Benched Pokémon V. (Don't apply Weakness and Resistance for Benched Pokémon.)"
      },
      {
        "name": "Star Force",
        "cost": [
          "Psychic"
        ],
        "convertedEnergyCost": 1,
        "damage": "60×",
        "text": "This attack does 60 damage for each Energy attached to both Active Pokémon. (You can't use more than 1 VSTAR Power in a game.)"
      }
    ],
    "weaknesses": [
      {
        "type": "Darkness",
        "value": "×2"
      }
    ],
    "resistances": [
      {
        "type": "Fighting",
        "value": "-30"
      }
    ],
    "retreatCost": [
      "Colorless",
      "Colorless"
    ],
    "convertedRetreatCost": 2,
    "number": "GG46",
    "artist": "DOM",
    "rarity": "Rare Holo VSTAR",
    "nationalPokedexNumbers": [
      386
    ],
    "legalities": {
      "unlimited": "Legal",
      "standard": "Legal",
      "expanded": "Legal"
    },
    "regulationMark": "F",
    "images": {
      "small": "https://images.pokemontcg.io/swsh12pt5gg/GG46.png",
      "large": "https://images.pokemontcg.io/swsh12pt5gg/GG46_hires.png"
    }
  },
  {
    "id": "swsh12pt5gg-GG47",
    "name": "Hatterene VMAX",
    "supertype": "Pokémon",
    "subtypes": [
      "VMAX"
    ],
    "hp": "320",
    "types": [
      "Psychic"
    ],
    "evolvesFrom": "Hatterene V",
    "rules": [
      "VMAX rule: When your Pokémon VMAX is Knocked Out, your opponent takes 3 Prize cards."
    ],
    "abilities": [
      {
        "name": "Witch's Domain",
        "text": "Once during your turn, you may move up to 2 damage counters from your Pokémon to your opponent's Active Pokémon.",
        "type": "Ability"
      }
    ],
    "attacks": [
      {
        "name": "G-Max Smite",
        "cost": [
          "Psychic",
          "Colorless",
          "Colorless"
        ],
        "convertedEnergyCost": 3,
        "damage": "150",
        "text": "Your opponent's Active Pokémon is now Confused."
      }
    ],
    "weaknesses": [
      {
        "type": "Darkness",
        "value": "×2"
      }
    ],
    "resistances": [
      {
        "type": "Fighting",
        "value": "-30"
      }
    ],
    "retreatCost": [
      "Colorless",
      "Colorless"
    ],
    "convertedRetreatCost": 2,
    "number": "GG47",
    "artist": "sui",
    "rarity": "Rare Holo VMAX",
    "nationalPokedexNumbers": [
      858
    ],
    "legalities": {
      "unlimited": "Legal",
      "standard": "Legal",
      "expanded": "Legal"
    },
    "regulationMark": "F",
    "images": {
      "small": "https://images.pokemontcg.io/swsh12pt5gg/GG47.png",
      "large": "https://images.pokemontcg.io/swsh12pt5gg/GG47_hires.png"
    }
  },
  {
    "id": "swsh12pt5gg-GG48",
    "name": "Zacian V",
    "supertype": "Pokémon",
    "subtypes": [
      "Basic",
      "V"
    ],
    "hp": "220",
    "types": [
      "Psychic"
    ],
    "rules": [
      "V rule: When your Pokémon V is Knocked Out, your opponent takes 2 Prize cards."
    ],
    "abilities": [
      {
        "name": "Roar of the Sword",
        "text": "Once during your turn, you may search your deck for a Psychic Energy card and attach it to 1 of your Pokémon. Then, shuffle your deck. If you use this Ability, your turn ends.",
        "type": "Ability"
      }
    ],
    "attacks": [
      {
        "name": "Storm Slash",
        "cost": [
          "Colorless",
          "Colorless",
          "Colorless"
        ],
        "convertedEnergyCost": 3,
        "damage": "60+",
        "text": "This attack does 30 more damage for each Psychic Energy attached to this Pokémon."
      }
    ],
    "weaknesses": [
      {
        "type": "Metal",
        "value": "×2"
      }
    ],
    "retreatCost": [
      "Colorless",
      "Colorless"
    ],
    "convertedRetreatCost": 2,
    "number": "GG48",
    "artist": "Hataya",
    "rarity": "Rare Holo V",
    "nationalPokedexNumbers": [
      888
    ],
    "legalities": {
      "unlimited": "Legal",
      "standard": "Legal",
      "expanded": "Legal"
    },
    "regulationMark": "E",
    "images": {
      "small": "https://images.pokemontcg.io/swsh12pt5gg/GG48.png",
      "large": "https://images.pokemontcg.io/swsh12pt5gg/GG48_hires.png"
    }
  },
  {
    "id": "swsh12pt5gg-GG49",
    "name": "Drapion V",
    "supertype": "Pokémon",
    "subtypes": [
      "Basic",
      "V"
    ],
    "hp": "210",
    "types": [
      "Darkness"
    ],
    "rules": [
      "V rule: When your Pokémon V is Knocked Out, your opponent takes 2 Prize cards."
    ],
    "abilities": [
      {
        "name": "Wild Style",
        "text": "This Pokémon's attacks cost Colorless less for each of your opponent's Single Strike, Rapid Strike, and Fusion Strike Pokémon in play.",
        "type": "Ability"
      }
    ],
    "attacks": [
      {
        "name": "Dynamic Tail",
        "cost": [
          "Colorless",
          "Colorless",
          "Colorless",
          "Colorless"
        ],
        "convertedEnergyCost": 4,
        "damage": "190",
        "text": "This attack also does 60 damage to 1 of your Pokémon. (Don't apply Weakness and Resistance for Benched Pokémon.)"
      }
    ],
    "weaknesses": [
      {
        "type": "Fighting",
        "value": "×2"
      }
    ],
    "retreatCost": [
      "Colorless",
      "Colorless"
    ],
    "convertedRetreatCost": 2,
    "number": "GG49",
    "artist": "Yuka Morii",
    "rarity": "Rare Holo V",
    "nationalPokedexNumbers": [
      452
    ],
    "legalities": {
      "unlimited": "Legal",
      "standard": "Legal",
      "expanded": "Legal"
    },
    "regulationMark": "F",
    "images": {
      "small": "https://images.pokemontcg.io/swsh12pt5gg/GG49.png",
      "large": "https://images.pokemontcg.io/swsh12pt5gg/GG49_hires.png"
    }
  },
  {
    "id": "swsh12pt5gg-GG50",
    "name": "Darkrai VSTAR",
    "supertype": "Pokémon",
    "subtypes": [
      "VSTAR"
    ],
    "hp": "270",
    "types": [
      "Darkness"
    ],
    "evolvesFrom": "Darkrai V",
    "rules": [
      "VSTAR rule: When your Pokémon VSTAR is Knocked Out, your opponent takes 2 Prize cards."
    ],
    "abilities": [
      {
        "name": "Star Abyss",
        "text": "During your turn, you may put up to 2 Item cards from your discard pile into your hand. (You can't use more than 1 VSTAR Power in a game.)",
        "type": "Ability"
      }
    ],
    "attacks": [
      {
        "name": "Dark Pulse",
        "cost": [
          "Colorless",
          "Colorless"
        ],
        "convertedEnergyCost": 2,
        "damage": "30+",
        "text": "This attack does 30 more damage for each Darkness Energy attached to all of your Pokémon."
      }
    ],
    "weaknesses": [
      {
        "type": "Grass",
        "value": "×2"
      }
    ],
    "retreatCost": [
      "Colorless",
      "Colorless"
    ],
    "convertedRetreatCost": 2,
    "number": "GG50",
    "artist": "Pani Kobayashi",
    "rarity": "Rare Holo VSTAR",
    "nationalPokedexNumbers": [
      491
    ],
    "legalities": {
      "unlimited": "Legal",
      "standard": "Legal",
      "expanded": "Legal"
    },
    "regulationMark": "F",
    "images": {
      "small": "https://images.pokemontcg.io/swsh12pt5gg/GG50.png",
      "large": "https://images.pokemontcg.io/swsh12pt5gg/GG50_hires.png"
    }
  },
  {
    "id": "swsh12pt5gg-GG51",
    "name": "Hisuian Samurott V",
    "supertype": "Pokémon",
    "subtypes": [
      "Basic",
      "V"
    ],
    "hp": "220",
    "types": [
      "Darkness"
    ],
    "rules": [
      "V rule: When your Pokémon V is Knocked Out, your opponent takes 2 Prize cards."
    ],
    "attacks": [
      {
        "name": "Basket Crash",
        "cost": [
          "Darkness"
        ],
        "convertedEnergyCost": 1,
        "damage": "",
        "text": "Discard up to 2 Pokémon Tools from your opponent's Pokémon."
      },
      {
        "name": "Shadow Slash",
        "cost": [
          "Darkness",
          "Darkness",
          "Darkness"
        ],
        "convertedEnergyCost": 3,
        "damage": "180",
        "text": "Discard an Energy from this Pokémon."
      }
    ],
    "weaknesses": [
      {
        "type": "Grass",
        "value": "×2"
      }
    ],
    "retreatCost": [
      "Colorless",
      "Colorless"
    ],
    "convertedRetreatCost": 2,
    "number": "GG51",
    "artist": "kodama",
    "rarity": "Rare Holo V",
    "nationalPokedexNumbers": [
      503
    ],
    "legalities": {
      "unlimited": "Legal",
      "standard": "Legal",
      "expanded": "Legal"
    },
    "regulationMark": "F",
    "images": {
      "small": "https://images.pokemontcg.io/swsh12pt5gg/GG51.png",
      "large": "https://images.pokemontcg.io/swsh12pt5gg/GG51_hires.png"
    }
  },
  {
    "id": "swsh12pt5gg-GG52",
    "name": "Hisuian Samurott VSTAR",
    "supertype": "Pokémon",
    "subtypes": [
      "VSTAR"
    ],
    "hp": "270",
    "types": [
      "Darkness"
    ],
    "evolvesFrom": "Hisuian Samurott V",
    "rules": [
      "VSTAR rule: When your Pokémon VSTAR is Knocked Out, your opponent takes 2 Prize cards."
    ],
    "abilities": [
      {
        "name": "Moon Cleave Star",
        "text": "During your turn, you may put 4 damage counters on 1 of your opponent's Pokémon. (You can't use more than 1 VSTAR Power in a game.)",
        "type": "Ability"
      }
    ],
    "attacks": [
      {
        "name": "Merciless Blade",
        "cost": [
          "Darkness",
          "Darkness"
        ],
        "convertedEnergyCost": 2,
        "damage": "110+",
        "text": "If your opponent's Active Pokémon already has any damage counters on it, this attack does 110 more damage."
      }
    ],
    "weaknesses": [
      {
        "type": "Grass",
        "value": "×2"
      }
    ],
    "retreatCost": [
      "Colorless",
      "Colorless"
    ],
    "convertedRetreatCost": 2,
    "number": "GG52",
    "artist": "Shibuzoh.",
    "rarity": "Rare Holo VSTAR",
    "nationalPokedexNumbers": [
      503
    ],
    "legalities": {
      "unlimited": "Legal",
      "standard": "Legal",
      "expanded": "Legal"
    },
    "regulationMark": "F",
    "images": {
      "small": "https://images.pokemontcg.io/swsh12pt5gg/GG52.png",
      "large": "https://images.pokemontcg.io/swsh12pt5gg/GG52_hires.png"
    }
  },
  {
    "id": "swsh12pt5gg-GG53",
    "name": "Hoopa V",
    "supertype": "Pokémon",
    "subtypes": [
      "Basic",
      "V",
      "Fusion Strike"
    ],
    "hp": "220",
    "types": [
      "Darkness"
    ],
    "rules": [
      "V rule: When your Pokémon V is Knocked Out, your opponent takes 2 Prize cards."
    ],
    "abilities": [
      {
        "name": "Two-Faced",
        "text": "As long as this Pokémon is in play, it is Psychic and Darkness type.",
        "type": "Ability"
      }
    ],
    "attacks": [
      {
        "name": "Shadow Impact",
        "cost": [
          "Darkness",
          "Darkness",
          "Colorless"
        ],
        "convertedEnergyCost": 3,
        "damage": "170",
        "text": "Put 3 damage counters on 1 of your Pokémon."
      }
    ],
    "weaknesses": [
      {
        "type": "Grass",
        "value": "×2"
      }
    ],
    "retreatCost": [
      "Colorless",
      "Colorless"
    ],
    "convertedRetreatCost": 2,
    "number": "GG53",
    "artist": "OKACHEKE",
    "rarity": "Rare Holo V",
    "nationalPokedexNumbers": [
      720
    ],
    "legalities": {
      "unlimited": "Legal",
      "standard": "Legal",
      "expanded": "Legal"
    },
    "regulationMark": "E",
    "images": {
      "small": "https://images.pokemontcg.io/swsh12pt5gg/GG53.png",
      "large": "https://images.pokemontcg.io/swsh12pt5gg/GG53_hires.png"
    }
  },
  {
    "id": "swsh12pt5gg-GG54",
    "name": "Zamazenta V",
    "supertype": "Pokémon",
    "subtypes": [
      "Basic",
      "V"
    ],
    "hp": "220",
    "types": [
      "Metal"
    ],
    "rules": [
      "V rule: When your Pokémon V is Knocked Out, your opponent takes 2 Prize cards."
    ],
    "abilities": [
      {
        "name": "Regal Stance",
        "text": "Once during your turn, you may discard your hand and draw 5 cards. If you use this Ability, your turn ends.",
        "type": "Ability"
      }
    ],
    "attacks": [
      {
        "name": "Revenge Blast",
        "cost": [
          "Metal",
          "Colorless",
          "Colorless"
        ],
        "convertedEnergyCost": 3,
        "damage": "120+",
        "text": "This attack does 30 more damage for each Prize card your opponent has taken."
      }
    ],
    "weaknesses": [
      {
        "type": "Fire",
        "value": "×2"
      }
    ],
    "resistances": [
      {
        "type": "Grass",
        "value": "-30"
      }
    ],
    "retreatCost": [
      "Colorless",
      "Colorless"
    ],
    "convertedRetreatCost": 2,
    "number": "GG54",
    "artist": "Haru Akasaka",
    "rarity": "Rare Holo V",
    "nationalPokedexNumbers": [
      889
    ],
    "legalities": {
      "unlimited": "Legal",
      "standard": "Legal",
      "expanded": "Legal"
    },
    "regulationMark": "F",
    "images": {
      "small": "https://images.pokemontcg.io/swsh12pt5gg/GG54.png",
      "large": "https://images.pokemontcg.io/swsh12pt5gg/GG54_hires.png"
    }
  },
  {
    "id": "swsh12pt5gg-GG55",
    "name": "Regigigas VSTAR",
    "supertype": "Pokémon",
    "subtypes": [
      "VSTAR"
    ],
    "hp": "300",
    "types": [
      "Colorless"
    ],
    "evolvesFrom": "Regigigas V",
    "rules": [
      "VSTAR rule: When your Pokémon VSTAR is Knocked Out, your opponent takes 2 Prize cards."
    ],
    "abilities": [
      {
        "name": "Star Guardian",
        "text": "During your turn, if your opponent has exactly 1 Prize card remaining, you may choose 1 of your opponent's Benched Pokémon. They discard that Pokémon and all attached cards. (You can't use more than 1 VSTAR Power in a game.)",
        "type": "Ability"
      }
    ],
    "attacks": [
      {
        "name": "Giga Impact",
        "cost": [
          "Colorless",
          "Colorless",
          "Colorless"
        ],
        "convertedEnergyCost": 3,
        "damage": "230",
        "text": "During your next turn, this Pokémon can't attack."
      }
    ],
    "weaknesses": [
      {
        "type": "Fighting",
        "value": "×2"
      }
    ],
    "retreatCost": [
      "Colorless",
      "Colorless",
      "Colorless",
      "Colorless"
    ],
    "convertedRetreatCost": 4,
    "number": "GG55",
    "artist": "Aya Kusube",
    "rarity": "Rare Holo VSTAR",
    "nationalPokedexNumbers": [
      486
    ],
    "legalities": {
      "unlimited": "Legal",
      "standard": "Legal",
      "expanded": "Legal"
    },
    "regulationMark": "F",
    "images": {
      "small": "https://images.pokemontcg.io/swsh12pt5gg/GG55.png",
      "large": "https://images.pokemontcg.io/swsh12pt5gg/GG55_hires.png"
    }
  },
  {
    "id": "swsh12pt5gg-GG56",
    "name": "Hisuian Zoroark VSTAR",
    "supertype": "Pokémon",
    "subtypes": [
      "VSTAR"
    ],
    "hp": "270",
    "types": [
      "Colorless"
    ],
    "evolvesFrom": "Hisuian Zoroark V",
    "rules": [
      "VSTAR rule: When your Pokémon VSTAR is Knocked Out, your opponent takes 2 Prize cards."
    ],
    "abilities": [
      {
        "name": "Phantom Star",
        "text": "During your turn, you may discard your hand and draw 7 cards. (You can't use more than 1 VSTAR Power in a game.)",
        "type": "Ability"
      }
    ],
    "attacks": [
      {
        "name": "Ticking Curse",
        "cost": [
          "Colorless",
          "Colorless"
        ],
        "convertedEnergyCost": 2,
        "damage": "50×",
        "text": "This attack does 50 damage for each of your Pokémon that has any damage counters on it."
      }
    ],
    "weaknesses": [
      {
        "type": "Fighting",
        "value": "×2"
      }
    ],
    "retreatCost": [
      "Colorless",
      "Colorless"
    ],
    "convertedRetreatCost": 2,
    "number": "GG56",
    "artist": "SIE NANAHARA",
    "rarity": "Rare Holo VSTAR",
    "nationalPokedexNumbers": [
      571
    ],
    "legalities": {
      "unlimited": "Legal",
      "standard": "Legal",
      "expanded": "Legal"
    },
    "regulationMark": "F",
    "images": {
      "small": "https://images.pokemontcg.io/swsh12pt5gg/GG56.png",
      "large": "https://images.pokemontcg.io/swsh12pt5gg/GG56_hires.png"
    }
  },
  {
    "id": "swsh12pt5gg-GG57",
    "name": "Adaman",
    "supertype": "Trainer",
    "subtypes": [
      "Supporter"
    ],
    "rules": [
      "You can use this card only if you discard 2 Metal Energy cards from your hand. Search your deck for up to 2 cards and put them into your hand. Then, shuffle your deck.",
      "You may play only 1 Supporter card during your turn."
    ],
    "number": "GG57",
    "artist": "Naoki Saito",
    "rarity": "Rare Ultra",
    "legalities": {
      "unlimited": "Legal",
      "standard": "Legal",
      "expanded": "Legal"
    },
    "regulationMark": "F",
    "images": {
      "small": "https://images.pokemontcg.io/swsh12pt5gg/GG57.png",
      "large": "https://images.pokemontcg.io/swsh12pt5gg/GG57_hires.png"
    }
  },
  {
    "id": "swsh12pt5gg-GG58",
    "name": "Cheren's Care",
    "supertype": "Trainer",
    "subtypes": [
      "Supporter"
    ],
    "rules": [
      "Put 1 of your Colorless Pokémon that has any damage counters on it and all attached cards into your hand.",
      "You may play only 1 Supporter card during your turn."
    ],
    "number": "GG58",
    "artist": "chibi",
    "rarity": "Rare Ultra",
    "legalities": {
      "unlimited": "Legal",
      "standard": "Legal",
      "expanded": "Legal"
    },
    "regulationMark": "F",
    "images": {
      "small": "https://images.pokemontcg.io/swsh12pt5gg/GG58.png",
      "large": "https://images.pokemontcg.io/swsh12pt5gg/GG58_hires.png"
    }
  },
  {
    "id": "swsh12pt5gg-GG59",
    "name": "Colress's Experiment",
    "supertype": "Trainer",
    "subtypes": [
      "Supporter"
    ],
    "rules": [
      "Look at the top 5 cards of your deck and put 3 of them into your hand. Put the other cards in the Lost Zone.",
      "You may play only 1 Supporter card during your turn."
    ],
    "number": "GG59",
    "artist": "kantaro",
    "rarity": "Rare Ultra",
    "legalities": {
      "unlimited": "Legal",
      "standard": "Legal",
      "expanded": "Legal"
    },
    "regulationMark": "F",
    "images": {
      "small": "https://images.pokemontcg.io/swsh12pt5gg/GG59.png",
      "large": "https://images.pokemontcg.io/swsh12pt5gg/GG59_hires.png"
    }
  },
  {
    "id": "swsh12pt5gg-GG60",
    "name": "Cynthia's Ambition",
    "supertype": "Trainer",
    "subtypes": [
      "Supporter"
    ],
    "rules": [
      "Draw cards until you have 5 cards in your hand. If any of your Pokémon were Knocked Out during your opponent's last turn, draw cards until you have 8 cards in your hand instead.",
      "You may play only 1 Supporter card during your turn."
    ],
    "number": "GG60",
    "artist": "Atsuya Uki",
    "rarity": "Rare Ultra",
    "legalities": {
      "unlimited": "Legal",
      "standard": "Legal",
      "expanded": "Legal"
    },
    "regulationMark": "F",
    "images": {
      "small": "https://images.pokemontcg.io/swsh12pt5gg/GG60.png",
      "large": "https://images.pokemontcg.io/swsh12pt5gg/GG60_hires.png"
    }
  },
  {
    "id": "swsh12pt5gg-GG61",
    "name": "Gardenia's Vigor",
    "supertype": "Trainer",
    "subtypes": [
      "Supporter"
    ],
    "rules": [
      "Draw 2 cards. If you drew any cards in this way, attach up to 2 Grass Energy cards from your hand to 1 of your Benched Pokémon.",
      "You may play only 1 Supporter card during your turn."
    ],
    "number": "GG61",
    "artist": "Yoriyuki Ikegami",
    "rarity": "Rare Ultra",
    "legalities": {
      "unlimited": "Legal",
      "standard": "Legal",
      "expanded": "Legal"
    },
    "regulationMark": "F",
    "images": {
      "small": "https://images.pokemontcg.io/swsh12pt5gg/GG61.png",
      "large": "https://images.pokemontcg.io/swsh12pt5gg/GG61_hires.png"
    }
  },
  {
    "id": "swsh12pt5gg-GG62",
    "name": "Grant",
    "supertype": "Trainer",
    "subtypes": [
      "Supporter"
    ],
    "rules": [
      "During this turn, your Fighting Pokémon's attacks do 30 more damage to your opponent's Active Pokémon (before applying Weakness and Resistance). During your turn, if this Grant is in your discard pile, you may discard 2 cards, except any Grant, from your hand. If you do, put this Grant into your hand. (This effect doesn't use up your Supporter card for the turn.)",
      "You may play only 1 Supporter card during your turn."
    ],
    "number": "GG62",
    "artist": "Oswaldo KATO",
    "rarity": "Rare Ultra",
    "legalities": {
      "unlimited": "Legal",
      "standard": "Legal",
      "expanded": "Legal"
    },
    "regulationMark": "F",
    "images": {
      "small": "https://images.pokemontcg.io/swsh12pt5gg/GG62.png",
      "large": "https://images.pokemontcg.io/swsh12pt5gg/GG62_hires.png"
    }
  },
  {
    "id": "swsh12pt5gg-GG63",
    "name": "Irida",
    "supertype": "Trainer",
    "subtypes": [
      "Supporter"
    ],
    "rules": [
      "Search your deck for a Water Pokémon and an Item card, reveal them, and put them into your hand. Then, shuffle your deck.",
      "You may play only 1 Supporter card during your turn."
    ],
    "number": "GG63",
    "artist": "Naoki Saito",
    "rarity": "Rare Ultra",
    "legalities": {
      "unlimited": "Legal",
      "standard": "Legal",
      "expanded": "Legal"
    },
    "regulationMark": "F",
    "images": {
      "small": "https://images.pokemontcg.io/swsh12pt5gg/GG63.png",
      "large": "https://images.pokemontcg.io/swsh12pt5gg/GG63_hires.png"
    }
  },
  {
    "id": "swsh12pt5gg-GG64",
    "name": "Melony",
    "supertype": "Trainer",
    "subtypes": [
      "Supporter"
    ],
    "rules": [
      "Attach a Water Energy card from your discard pile to 1 of your Pokémon V. If you do, draw 3 cards.",
      "You may play only 1 Supporter card during your turn."
    ],
    "number": "GG64",
    "artist": "saino misaki",
    "rarity": "Rare Ultra",
    "legalities": {
      "unlimited": "Legal",
      "standard": "Legal",
      "expanded": "Legal"
    },
    "regulationMark": "E",
    "images": {
      "small": "https://images.pokemontcg.io/swsh12pt5gg/GG64.png",
      "large": "https://images.pokemontcg.io/swsh12pt5gg/GG64_hires.png"
    }
  },
  {
    "id": "swsh12pt5gg-GG65",
    "name": "Raihan",
    "supertype": "Trainer",
    "subtypes": [
      "Supporter"
    ],
    "rules": [
      "You can play this card only if any of your Pokémon were Knocked Out during your opponent's last turn. Attach a basic Energy card from your discard pile to 1 of your Pokémon. If you do, search your deck for a card and put it into your hand. Then, shuffle your deck.",
      "You may play only 1 Supporter card during your turn."
    ],
    "number": "GG65",
    "artist": "GIDORA",
    "rarity": "Rare Ultra",
    "legalities": {
      "unlimited": "Legal",
      "standard": "Legal",
      "expanded": "Legal"
    },
    "regulationMark": "E",
    "images": {
      "small": "https://images.pokemontcg.io/swsh12pt5gg/GG65.png",
      "large": "https://images.pokemontcg.io/swsh12pt5gg/GG65_hires.png"
    }
  },
  {
    "id": "swsh12pt5gg-GG66",
    "name": "Roxanne",
    "supertype": "Trainer",
    "subtypes": [
      "Supporter"
    ],
    "rules": [
      "You can use this card only if your opponent has 3 or fewer Prize cards remaining. Each player shuffles their hand into their deck. Then, you draw 6 cards, and your opponent draws 2 cards.",
      "You may play only 1 Supporter card during your turn."
    ],
    "number": "GG66",
    "artist": "Toshinao Aoki",
    "rarity": "Rare Ultra",
    "legalities": {
      "unlimited": "Legal",
      "standard": "Legal",
      "expanded": "Legal"
    },
    "regulationMark": "F",
    "images": {
      "small": "https://images.pokemontcg.io/swsh12pt5gg/GG66.png",
      "large": "https://images.pokemontcg.io/swsh12pt5gg/GG66_hires.png"
    }
  },
  {
    "id": "swsh12pt5gg-GG67",
    "name": "Origin Forme Palkia VSTAR",
    "supertype": "Pokémon",
    "subtypes": [
      "VSTAR"
    ],
    "hp": "280",
    "types": [
      "Water"
    ],
    "evolvesFrom": "Origin Forme Palkia V",
    "rules": [
      "VSTAR rule: When your Pokémon VSTAR is Knocked Out, your opponent takes 2 Prize cards."
    ],
    "abilities": [
      {
        "name": "Star Portal",
        "text": "During your turn, you may attach up to 3 Water Energy cards from your discard pile to your Water Pokémon in any way you like. (You can't use more than 1 VSTAR Power in a game.)",
        "type": "Ability"
      }
    ],
    "attacks": [
      {
        "name": "Subspace Swell",
        "cost": [
          "Water",
          "Water"
        ],
        "convertedEnergyCost": 2,
        "damage": "60+",
        "text": "This attack does 20 more damage for each Benched Pokémon (both yours and your opponent's)."
      }
    ],
    "weaknesses": [
      {
        "type": "Lightning",
        "value": "×2"
      }
    ],
    "retreatCost": [
      "Colorless",
      "Colorless"
    ],
    "convertedRetreatCost": 2,
    "number": "GG67",
    "artist": "AKIRA EGAWA",
    "rarity": "Rare Secret",
    "nationalPokedexNumbers": [
      484
    ],
    "legalities": {
      "unlimited": "Legal",
      "standard": "Legal",
      "expanded": "Legal"
    },
    "regulationMark": "F",
    "images": {
      "small": "https://images.pokemontcg.io/swsh12pt5gg/GG67.png",
      "large": "https://images.pokemontcg.io/swsh12pt5gg/GG67_hires.png"
    }
  },
  {
    "id": "swsh12pt5gg-GG68",
    "name": "Origin Forme Dialga VSTAR",
    "supertype": "Pokémon",
    "subtypes": [
      "VSTAR"
    ],
    "hp": "280",
    "types": [
      "Metal"
    ],
    "evolvesFrom": "Origin Forme Dialga V",
    "rules": [
      "VSTAR rule: When your Pokémon VSTAR is Knocked Out, your opponent takes 2 Prize cards."
    ],
    "attacks": [
      {
        "name": "Metal Blast",
        "cost": [
          "Colorless"
        ],
        "convertedEnergyCost": 1,
        "damage": "40+",
        "text": "This attack does 40 more damage for each Metal Energy attached to this Pokémon."
      },
      {
        "name": "Star Chronos",
        "cost": [
          "Metal",
          "Metal",
          "Metal",
          "Metal",
          "Colorless"
        ],
        "convertedEnergyCost": 5,
        "damage": "220",
        "text": "Take another turn after this one. (Skip Pokémon Checkup.) (You can't use more than 1 VSTAR Power in a game.)"
      }
    ],
    "weaknesses": [
      {
        "type": "Fire",
        "value": "×2"
      }
    ],
    "resistances": [
      {
        "type": "Grass",
        "value": "-30"
      }
    ],
    "retreatCost": [
      "Colorless",
      "Colorless",
      "Colorless"
    ],
    "convertedRetreatCost": 3,
    "number": "GG68",
    "artist": "AKIRA EGAWA",
    "rarity": "Rare Secret",
    "nationalPokedexNumbers": [
      483
    ],
    "legalities": {
      "unlimited": "Legal",
      "standard": "Legal",
      "expanded": "Legal"
    },
    "regulationMark": "F",
    "images": {
      "small": "https://images.pokemontcg.io/swsh12pt5gg/GG68.png",
      "large": "https://images.pokemontcg.io/swsh12pt5gg/GG68_hires.png"
    }
  },
  {
    "id": "swsh12pt5gg-GG69",
    "name": "Giratina VSTAR",
    "supertype": "Pokémon",
    "subtypes": [
      "VSTAR"
    ],
    "hp": "280",
    "types": [
      "Dragon"
    ],
    "evolvesFrom": "Giratina V",
    "rules": [
      "VSTAR rule: When your Pokémon VSTAR is Knocked Out, your opponent takes 2 Prize cards."
    ],
    "attacks": [
      {
        "name": "Lost Impact",
        "cost": [
          "Grass",
          "Psychic",
          "Colorless"
        ],
        "convertedEnergyCost": 3,
        "damage": "280",
        "text": "Put 2 Energy attached to your Pokémon in the Lost Zone."
      },
      {
        "name": "Star Requiem",
        "cost": [
          "Grass",
          "Psychic"
        ],
        "convertedEnergyCost": 2,
        "damage": "",
        "text": "You can use this attack only if you have 10 or more cards in the Lost Zone. Your opponent's Active Pokémon is Knocked Out. (You can't use more than 1 VSTAR Power in a game.)"
      }
    ],
    "retreatCost": [
      "Colorless",
      "Colorless"
    ],
    "convertedRetreatCost": 2,
    "number": "GG69",
    "artist": "AKIRA EGAWA",
    "rarity": "Rare Secret",
    "nationalPokedexNumbers": [
      487
    ],
    "legalities": {
      "unlimited": "Legal",
      "standard": "Legal",
      "expanded": "Legal"
    },
    "regulationMark": "F",
    "images": {
      "small": "https://images.pokemontcg.io/swsh12pt5gg/GG69.png",
      "large": "https://images.pokemontcg.io/swsh12pt5gg/GG69_hires.png"
    }
  },
  {
    "id": "swsh12pt5gg-GG70",
    "name": "Arceus VSTAR",
    "supertype": "Pokémon",
    "subtypes": [
      "VSTAR"
    ],
    "hp": "280",
    "types": [
      "Colorless"
    ],
    "evolvesFrom": "Arceus V",
    "rules": [
      "VSTAR rule: When your Pokémon VSTAR is Knocked Out, your opponent takes 2 Prize cards."
    ],
    "abilities": [
      {
        "name": "Starbirth",
        "text": "During your turn, you may search your deck for up to 2 cards and put them into your hand. Then, shuffle your deck. (You can't use more than 1 VSTAR Power in a game.)",
        "type": "Ability"
      }
    ],
    "attacks": [
      {
        "name": "Trinity Nova",
        "cost": [
          "Colorless",
          "Colorless",
          "Colorless"
        ],
        "convertedEnergyCost": 3,
        "damage": "200",
        "text": "Search your deck for up to 3 basic Energy cards and attach them to your Pokémon V in any way you like. Then, shuffle your deck."
      }
    ],
    "weaknesses": [
      {
        "type": "Fighting",
        "value": "×2"
      }
    ],
    "retreatCost": [
      "Colorless",
      "Colorless"
    ],
    "convertedRetreatCost": 2,
    "number": "GG70",
    "artist": "AKIRA EGAWA",
    "rarity": "Rare Secret",
    "nationalPokedexNumbers": [
      493
    ],
    "legalities": {
      "unlimited": "Legal",
      "standard": "Legal",
      "expanded": "Legal"
    },
    "regulationMark": "F",
    "images": {
      "small": "https://images.pokemontcg.io/swsh12pt5gg/GG70.png",
      "large": "https://images.pokemontcg.io/swsh12pt5gg/GG70_hires.png"
    }
  }
]
