[{"category":"Pokémon","id":"bw1-1","illustrator":"Kagemaru Himeno","localId":"1","name":"Snivy","rarity":"Commún","set":{"cardCount":{"official":114,"total":115},"id":"bw1","name":"Negro y Blanco","symbol":"https://assets.tcgdex.net/univ/bw/bw1/symbol"},"variants":{"firstEdition":false,"holo":true,"normal":true,"reverse":true,"wPromo":false},"dexId":[495],"hp":60,"types":["Planta"],"stage":"Basico","attacks":[{"cost":["Planta"],"damage":10},{"cost":["Planta","Incolora"],"damage":20}],"weaknesses":[{"type":"Guego","value":"×2"}],"resistances":[{"type":"Agua","value":"-20"}],"retreat":1,"legal":{"standard":false,"expanded":true}},{"category":"Pokémon","id":"bw1-2","illustrator":"5ban Graphics","localId":"2","name":"Snivy","rarity":"Commún","set":{"cardCount":{"official":114,"total":115},"id":"bw1","name":"Negro y Blanco","symbol":"https://assets.tcgdex.net/univ/bw/bw1/symbol"},"variants":{"firstEdition":false,"holo":true,"normal":true,"reverse":true,"wPromo":false},"dexId":[495],"hp":60,"types":["Planta"],"stage":"Basico","attacks":[{"cost":["Planta","Incolora"],"damage":10}],"weaknesses":[{"type":"Guego","value":"×2"}],"resistances":[{"type":"Agua","value":"-20"}],"retreat":1,"legal":{"standard":false,"expanded":true}},{"category":"Pokémon","id":"bw1-3","illustrator":"Kagemaru Himeno","localId":"3","name":"Servine","rarity":"Uncommon","set":{"cardCount":{"official":114,"total":115},"id":"bw1","name":"Negro y Blanco","symbol":"https://assets.tcgdex.net/univ/bw/bw1/symbol"},"variants":{"firstEdition":false,"holo":true,"normal":true,"reverse":true,"wPromo":false},"dexId":[496],"hp":80,"types":["Planta"],"stage":"Fase 1","attacks":[{"cost":["Incolora"],"damage":20},{"cost":["Planta","Incolora"],"damage":30}],"weaknesses":[{"type":"Guego","value":"×2"}],"resistances":[{"type":"Agua","value":"-20"}],"retreat":1,"legal":{"standard":false,"expanded":true}},{"category":"Pokémon","id":"bw1-4","illustrator":"5ban Graphics","localId":"4","name":"Servine","rarity":"Uncommon","set":{"cardCount":{"official":114,"total":115},"id":"bw1","name":"Negro y Blanco","symbol":"https://assets.tcgdex.net/univ/bw/bw1/symbol"},"variants":{"firstEdition":false,"holo":true,"normal":true,"reverse":true,"wPromo":false},"dexId":[496],"hp":80,"types":["Planta"],"stage":"Fase 1","attacks":[{"cost":["Planta","Incolora"],"damage":30}],"weaknesses":[{"type":"Guego","value":"×2"}],"resistances":[{"type":"Agua","value":"-20"}],"retreat":1,"legal":{"standard":false,"expanded":true}},{"category":"Pokémon","id":"bw1-5","illustrator":"Kagemaru Himeno","localId":"5","name":"Serperior","rarity":"Rara","set":{"cardCount":{"official":114,"total":115},"id":"bw1","name":"Negro y Blanco","symbol":"https://assets.tcgdex.net/univ/bw/bw1/symbol"},"variants":{"firstEdition":false,"holo":true,"normal":true,"reverse":true,"wPromo":false},"dexId":[497],"hp":130,"types":["Planta"],"stage":"Fase 2","attacks":[{"cost":["Incolora","Incolora"],"damage":40},{"cost":["Planta","Planta"],"damage":60}],"weaknesses":[{"type":"Guego","value":"×2"}],"resistances":[{"type":"Agua","value":"-20"}],"retreat":0,"legal":{"standard":false,"expanded":true}},{"category":"Pokémon","id":"bw1-6","illustrator":"5ban Graphics","localId":"6","name":"Serperior","rarity":"Rara","set":{"cardCount":{"official":114,"total":115},"id":"bw1","name":"Negro y Blanco","symbol":"https://assets.tcgdex.net/univ/bw/bw1/symbol"},"variants":{"firstEdition":false,"holo":true,"normal":true,"reverse":true,"wPromo":false},"dexId":[497],"hp":130,"types":["Planta"],"stage":"Fase 2","abilities":[{"type":"Habilidad","name":"Curación Regia","effect":"En cualquier momento entre turnos, cura 10 puntos de daño a cada uno de tus Pokémon."}],"attacks":[{"cost":["Planta","Incolora"],"damage":60}],"weaknesses":[{"type":"Guego","value":"×2"}],"resistances":[{"type":"Agua","value":"-20"}],"retreat":1,"legal":{"standard":false,"expanded":true}},{"category":"Pokémon","id":"bw1-7","illustrator":"sui","localId":"7","name":"Pansage","rarity":"Commún","set":{"cardCount":{"official":114,"total":115},"id":"bw1","name":"Negro y Blanco","symbol":"https://assets.tcgdex.net/univ/bw/bw1/symbol"},"variants":{"firstEdition":false,"holo":true,"normal":true,"reverse":true,"wPromo":false},"dexId":[511],"hp":60,"types":["Planta"],"stage":"Basico","attacks":[{"cost":["Incolora"],"damage":10},{"cost":["Planta","Incolora","Incolora"],"damage":30}],"weaknesses":[{"type":"Guego","value":"×2"}],"resistances":[{"type":"Agua","value":"-20"}],"retreat":1,"legal":{"standard":false,"expanded":true}},{"category":"Pokémon","id":"bw1-8","illustrator":"Masakazu Fukuda","localId":"8","name":"Simisage","rarity":"Uncommon","set":{"cardCount":{"official":114,"total":115},"id":"bw1","name":"Negro y Blanco","symbol":"https://assets.tcgdex.net/univ/bw/bw1/symbol"},"variants":{"firstEdition":false,"holo":true,"normal":true,"reverse":true,"wPromo":false},"dexId":[512],"hp":90,"types":["Planta"],"stage":"Fase 1","attacks":[{"cost":["Planta"],"damage":30},{"cost":["Incolora","Incolora","Incolora"],"damage":40}],"weaknesses":[{"type":"Guego","value":"×2"}],"resistances":[{"type":"Agua","value":"-20"}],"retreat":2,"legal":{"standard":false,"expanded":true}},{"category":"Pokémon","id":"bw1-9","illustrator":"Kagemaru Himeno","localId":"9","name":"Petilil","rarity":"Commún","set":{"cardCount":{"official":114,"total":115},"id":"bw1","name":"Negro y Blanco","symbol":"https://assets.tcgdex.net/univ/bw/bw1/symbol"},"variants":{"firstEdition":false,"holo":true,"normal":true,"reverse":true,"wPromo":false},"dexId":[548],"hp":50,"types":["Planta"],"stage":"Basico","attacks":[{"cost":["Planta"],"damage":10}],"weaknesses":[{"type":"Guego","value":"×2"}],"resistances":[{"type":"Agua","value":"-20"}],"retreat":1,"legal":{"standard":false,"expanded":true}},{"category":"Pokémon","id":"bw1-10","illustrator":"Atsuko Nishida","localId":"10","name":"Lilligant","rarity":"Rara","set":{"cardCount":{"official":114,"total":115},"id":"bw1","name":"Negro y Blanco","symbol":"https://assets.tcgdex.net/univ/bw/bw1/symbol"},"variants":{"firstEdition":false,"holo":true,"normal":true,"reverse":true,"wPromo":false},"dexId":[549],"hp":80,"types":["Planta"],"stage":"Fase 1","attacks":[{"cost":["Planta"],"damage":30},{"cost":["Planta","Incolora"],"damage":30}],"weaknesses":[{"type":"Guego","value":"×2"}],"resistances":[{"type":"Agua","value":"-20"}],"retreat":1,"legal":{"standard":false,"expanded":true}},{"category":"Pokémon","id":"bw1-11","illustrator":"Kagemaru Himeno","localId":"11","name":"Maractus","rarity":"Uncommon","set":{"cardCount":{"official":114,"total":115},"id":"bw1","name":"Negro y Blanco","symbol":"https://assets.tcgdex.net/univ/bw/bw1/symbol"},"variants":{"firstEdition":false,"holo":true,"normal":true,"reverse":true,"wPromo":false},"dexId":[556],"hp":80,"types":["Planta"],"stage":"Basico","attacks":[{"cost":["Planta"],"damage":20},{"cost":["Planta","Planta","Incolora"],"damage":20}],"weaknesses":[{"type":"Guego","value":"×2"}],"resistances":[{"type":"Agua","value":"-20"}],"retreat":2,"legal":{"standard":false,"expanded":true}},{"category":"Pokémon","id":"bw1-12","illustrator":"Kouki Saitou","localId":"12","name":"Maractus","rarity":"Rara","set":{"cardCount":{"official":114,"total":115},"id":"bw1","name":"Negro y Blanco","symbol":"https://assets.tcgdex.net/univ/bw/bw1/symbol"},"variants":{"firstEdition":false,"holo":true,"normal":true,"reverse":true,"wPromo":false},"dexId":[556],"hp":90,"types":["Planta"],"stage":"Basico","attacks":[{"cost":["Planta"]},{"cost":["Planta","Planta","Planta"],"damage":50}],"weaknesses":[{"type":"Guego","value":"×2"}],"resistances":[{"type":"Agua","value":"-20"}],"retreat":2,"legal":{"standard":false,"expanded":true}},{"category":"Pokémon","id":"bw1-13","illustrator":"Atsuko Nishida","localId":"13","name":"Deerling","rarity":"Commún","set":{"cardCount":{"official":114,"total":115},"id":"bw1","name":"Negro y Blanco","symbol":"https://assets.tcgdex.net/univ/bw/bw1/symbol"},"variants":{"firstEdition":false,"holo":true,"normal":true,"reverse":true,"wPromo":false},"dexId":[585],"hp":60,"types":["Planta"],"stage":"Basico","attacks":[{"cost":["Incolora"],"damage":10},{"cost":["Planta","Incolora"],"damage":20}],"weaknesses":[{"type":"Guego","value":"×2"}],"resistances":[{"type":"Agua","value":"-20"}],"retreat":1,"legal":{"standard":false,"expanded":true}},{"category":"Pokémon","id":"bw1-14","illustrator":"Naoyo Kimura","localId":"14","name":"Sawsbuck","rarity":"Rara","set":{"cardCount":{"official":114,"total":115},"id":"bw1","name":"Negro y Blanco","symbol":"https://assets.tcgdex.net/univ/bw/bw1/symbol"},"variants":{"firstEdition":false,"holo":true,"normal":true,"reverse":true,"wPromo":false},"dexId":[586],"hp":90,"types":["Planta"],"stage":"Fase 1","attacks":[{"cost":["Incolora"],"damage":20},{"cost":["Planta","Incolora","Incolora"],"damage":60}],"weaknesses":[{"type":"Guego","value":"×2"}],"resistances":[{"type":"Agua","value":"-20"}],"retreat":1,"legal":{"standard":false,"expanded":true}},{"category":"Pokémon","id":"bw1-15","illustrator":"Kouki Saitou","localId":"15","name":"Tepig","rarity":"Commún","set":{"cardCount":{"official":114,"total":115},"id":"bw1","name":"Negro y Blanco","symbol":"https://assets.tcgdex.net/univ/bw/bw1/symbol"},"variants":{"firstEdition":false,"holo":true,"normal":true,"reverse":true,"wPromo":false},"dexId":[498],"hp":60,"types":["Guego"],"stage":"Basico","attacks":[{"cost":["Guego"],"damage":10},{"cost":["Guego","Incolora"],"damage":20}],"weaknesses":[{"type":"Agua","value":"×2"}],"retreat":1,"legal":{"standard":false,"expanded":true}},{"category":"Pokémon","id":"bw1-16","illustrator":"5ban Graphics","localId":"16","name":"Tepig","rarity":"Commún","set":{"cardCount":{"official":114,"total":115},"id":"bw1","name":"Negro y Blanco","symbol":"https://assets.tcgdex.net/univ/bw/bw1/symbol"},"variants":{"firstEdition":false,"holo":true,"normal":true,"reverse":true,"wPromo":false},"dexId":[498],"hp":70,"types":["Guego"],"stage":"Basico","attacks":[{"cost":["Guego","Incolora"],"damage":30}],"weaknesses":[{"type":"Agua","value":"×2"}],"retreat":2,"legal":{"standard":false,"expanded":true}},{"category":"Pokémon","id":"bw1-17","illustrator":"Kouki Saitou","localId":"17","name":"Pignite","rarity":"Uncommon","set":{"cardCount":{"official":114,"total":115},"id":"bw1","name":"Negro y Blanco","symbol":"https://assets.tcgdex.net/univ/bw/bw1/symbol"},"variants":{"firstEdition":false,"holo":true,"normal":true,"reverse":true,"wPromo":false},"dexId":[499],"hp":100,"types":["Guego"],"stage":"Fase 1","attacks":[{"cost":["Incolora"]},{"cost":["Guego","Guego","Incolora"],"damage":50}],"weaknesses":[{"type":"Agua","value":"×2"}],"retreat":3,"legal":{"standard":false,"expanded":true}},{"category":"Pokémon","id":"bw1-18","illustrator":"5ban Graphics","localId":"18","name":"Pignite","rarity":"Uncommon","set":{"cardCount":{"official":114,"total":115},"id":"bw1","name":"Negro y Blanco","symbol":"https://assets.tcgdex.net/univ/bw/bw1/symbol"},"variants":{"firstEdition":false,"holo":true,"normal":true,"reverse":true,"wPromo":false},"dexId":[499],"hp":100,"types":["Guego"],"stage":"Fase 1","attacks":[{"cost":["Incolora","Incolora"],"damage":20},{"cost":["Guego","Guego","Incolora"],"damage":70}],"weaknesses":[{"type":"Agua","value":"×2"}],"retreat":3,"legal":{"standard":false,"expanded":true}},{"category":"Pokémon","id":"bw1-19","illustrator":"Kouki Saitou","localId":"19","name":"Emboar","rarity":"Rara","set":{"cardCount":{"official":114,"total":115},"id":"bw1","name":"Negro y Blanco","symbol":"https://assets.tcgdex.net/univ/bw/bw1/symbol"},"variants":{"firstEdition":false,"holo":true,"normal":true,"reverse":true,"wPromo":false},"dexId":[500],"hp":150,"types":["Guego"],"stage":"Fase 2","attacks":[{"cost":["Guego","Incolora","Incolora"],"damage":50},{"cost":["Guego","Guego","Incolora","Incolora"],"damage":150}],"weaknesses":[{"type":"Agua","value":"×2"}],"retreat":4,"legal":{"standard":false,"expanded":true}},{"category":"Pokémon","id":"bw1-20","illustrator":"5ban Graphics","localId":"20","name":"Emboar","rarity":"Rara","set":{"cardCount":{"official":114,"total":115},"id":"bw1","name":"Negro y Blanco","symbol":"https://assets.tcgdex.net/univ/bw/bw1/symbol"},"variants":{"firstEdition":false,"holo":true,"normal":true,"reverse":true,"wPromo":false},"dexId":[500],"hp":150,"types":["Guego"],"stage":"Fase 2","abilities":[{"type":"Habilidad","name":"Infierno Fandango","effect":"Todas las veces que quieras durante tu turno (antes de tu ataque), puedes unir una carta de Energía Fire de tu mano a 1 de tus Pokémon."}],"attacks":[{"cost":["Guego","Guego","Incolora","Incolora"],"damage":80}],"weaknesses":[{"type":"Agua","value":"×2"}],"retreat":4,"legal":{"standard":false,"expanded":true}},{"category":"Pokémon","id":"bw1-21","illustrator":"match","localId":"21","name":"Pansear","rarity":"Commún","set":{"cardCount":{"official":114,"total":115},"id":"bw1","name":"Negro y Blanco","symbol":"https://assets.tcgdex.net/univ/bw/bw1/symbol"},"variants":{"firstEdition":false,"holo":true,"normal":true,"reverse":true,"wPromo":false},"dexId":[513],"hp":60,"types":["Guego"],"stage":"Basico","attacks":[{"cost":["Incolora"],"damage":10},{"cost":["Guego","Incolora","Incolora"],"damage":30}],"weaknesses":[{"type":"Agua","value":"×2"}],"retreat":1,"legal":{"standard":false,"expanded":true}},{"category":"Pokémon","id":"bw1-22","illustrator":"Shin Nagasawa","localId":"22","name":"Simisear","rarity":"Uncommon","set":{"cardCount":{"official":114,"total":115},"id":"bw1","name":"Negro y Blanco","symbol":"https://assets.tcgdex.net/univ/bw/bw1/symbol"},"variants":{"firstEdition":false,"holo":true,"normal":true,"reverse":true,"wPromo":false},"dexId":[514],"hp":90,"types":["Guego"],"stage":"Fase 1","attacks":[{"cost":["Guego"],"damage":20},{"cost":["Incolora","Incolora","Incolora"],"damage":40}],"weaknesses":[{"type":"Agua","value":"×2"}],"retreat":1,"legal":{"standard":false,"expanded":true}},{"category":"Pokémon","id":"bw1-23","illustrator":"Kouki Saitou","localId":"23","name":"Darumaka","rarity":"Commún","set":{"cardCount":{"official":114,"total":115},"id":"bw1","name":"Negro y Blanco","symbol":"https://assets.tcgdex.net/univ/bw/bw1/symbol"},"variants":{"firstEdition":false,"holo":true,"normal":true,"reverse":true,"wPromo":false},"dexId":[554],"hp":70,"types":["Guego"],"stage":"Basico","attacks":[{"cost":["Guego"],"damage":10}],"weaknesses":[{"type":"Agua","value":"×2"}],"retreat":2,"legal":{"standard":false,"expanded":true}},{"category":"Pokémon","id":"bw1-24","illustrator":"Masakazu Fukuda","localId":"24","name":"Darumaka","rarity":"Uncommon","set":{"cardCount":{"official":114,"total":115},"id":"bw1","name":"Negro y Blanco","symbol":"https://assets.tcgdex.net/univ/bw/bw1/symbol"},"variants":{"firstEdition":false,"holo":true,"normal":true,"reverse":true,"wPromo":false},"dexId":[554],"hp":70,"types":["Guego"],"stage":"Basico","attacks":[{"cost":["Guego"]},{"cost":["Incolora","Incolora"],"damage":20}],"weaknesses":[{"type":"Agua","value":"×2"}],"retreat":2,"legal":{"standard":false,"expanded":true}},{"category":"Pokémon","id":"bw1-25","illustrator":"Naoki Saito","localId":"25","name":"Darmanitan","rarity":"Rara","set":{"cardCount":{"official":114,"total":115},"id":"bw1","name":"Negro y Blanco","symbol":"https://assets.tcgdex.net/univ/bw/bw1/symbol"},"variants":{"firstEdition":false,"holo":true,"normal":true,"reverse":true,"wPromo":false},"dexId":[555],"hp":120,"types":["Guego"],"stage":"Fase 1","attacks":[{"cost":["Guego","Incolora"],"damage":20},{"cost":["Guego","Incolora","Incolora"],"damage":70}],"weaknesses":[{"type":"Agua","value":"×2"}],"retreat":2,"legal":{"standard":false,"expanded":true}},{"category":"Pokémon","id":"bw1-26","illustrator":"5ban Graphics","localId":"26","name":"Reshiram","rarity":"Rara","set":{"cardCount":{"official":114,"total":115},"id":"bw1","name":"Negro y Blanco","symbol":"https://assets.tcgdex.net/univ/bw/bw1/symbol"},"variants":{"firstEdition":false,"holo":true,"normal":true,"reverse":true,"wPromo":false},"dexId":[643],"hp":130,"types":["Guego"],"stage":"Basico","attacks":[{"cost":["Incolora","Incolora"],"damage":20},{"cost":["Guego","Guego","Incolora"],"damage":120}],"weaknesses":[{"type":"Agua","value":"×2"}],"retreat":2,"legal":{"standard":false,"expanded":true}},{"category":"Pokémon","id":"bw1-27","illustrator":"Masakazu Fukuda","localId":"27","name":"Oshawott","rarity":"Commún","set":{"cardCount":{"official":114,"total":115},"id":"bw1","name":"Negro y Blanco","symbol":"https://assets.tcgdex.net/univ/bw/bw1/symbol"},"variants":{"firstEdition":false,"holo":true,"normal":true,"reverse":true,"wPromo":false},"dexId":[501],"hp":60,"types":["Agua"],"stage":"Basico","attacks":[{"cost":["Agua"],"damage":10},{"cost":["Agua","Incolora"],"damage":20}],"weaknesses":[{"type":"Rayo","value":"×2"}],"retreat":1,"legal":{"standard":false,"expanded":true}},{"category":"Pokémon","id":"bw1-28","illustrator":"5ban Graphics","localId":"28","name":"Oshawott","rarity":"Commún","set":{"cardCount":{"official":114,"total":115},"id":"bw1","name":"Negro y Blanco","symbol":"https://assets.tcgdex.net/univ/bw/bw1/symbol"},"variants":{"firstEdition":false,"holo":true,"normal":true,"reverse":true,"wPromo":false},"dexId":[501],"hp":60,"types":["Agua"],"stage":"Basico","attacks":[{"cost":["Agua","Incolora"],"damage":20}],"weaknesses":[{"type":"Rayo","value":"×2"}],"retreat":1,"legal":{"standard":false,"expanded":true}},{"category":"Pokémon","id":"bw1-29","illustrator":"Masakazu Fukuda","localId":"29","name":"Dewott","rarity":"Uncommon","set":{"cardCount":{"official":114,"total":115},"id":"bw1","name":"Negro y Blanco","symbol":"https://assets.tcgdex.net/univ/bw/bw1/symbol"},"variants":{"firstEdition":false,"holo":true,"normal":true,"reverse":true,"wPromo":false},"dexId":[502],"hp":90,"types":["Agua"],"stage":"Fase 1","attacks":[{"cost":["Incolora","Incolora"],"damage":30},{"cost":["Agua","Agua","Incolora"],"damage":40}],"weaknesses":[{"type":"Rayo","value":"×2"}],"retreat":1,"legal":{"standard":false,"expanded":true}},{"category":"Pokémon","id":"bw1-30","illustrator":"5ban Graphics","localId":"30","name":"Dewott","rarity":"Uncommon","set":{"cardCount":{"official":114,"total":115},"id":"bw1","name":"Negro y Blanco","symbol":"https://assets.tcgdex.net/univ/bw/bw1/symbol"},"variants":{"firstEdition":false,"holo":true,"normal":true,"reverse":true,"wPromo":false},"dexId":[502],"hp":80,"types":["Agua"],"stage":"Fase 1","attacks":[{"cost":["Incolora","Incolora"],"damage":30}],"weaknesses":[{"type":"Rayo","value":"×2"}],"retreat":1,"legal":{"standard":false,"expanded":true}},{"category":"Pokémon","id":"bw1-31","illustrator":"Masakazu Fukuda","localId":"31","name":"Samurott","rarity":"Rara","set":{"cardCount":{"official":114,"total":115},"id":"bw1","name":"Negro y Blanco","symbol":"https://assets.tcgdex.net/univ/bw/bw1/symbol"},"variants":{"firstEdition":false,"holo":true,"normal":true,"reverse":true,"wPromo":false},"dexId":[503],"hp":140,"types":["Agua"],"stage":"Fase 2","attacks":[{"cost":["Incolora","Incolora"],"damage":30},{"cost":["Agua","Agua","Incolora"],"damage":80}],"weaknesses":[{"type":"Rayo","value":"×2"}],"retreat":2,"legal":{"standard":false,"expanded":true}},{"category":"Pokémon","id":"bw1-32","illustrator":"5ban Graphics","localId":"32","name":"Samurott","rarity":"Rara","set":{"cardCount":{"official":114,"total":115},"id":"bw1","name":"Negro y Blanco","symbol":"https://assets.tcgdex.net/univ/bw/bw1/symbol"},"variants":{"firstEdition":false,"holo":true,"normal":true,"reverse":true,"wPromo":false},"dexId":[503],"hp":140,"types":["Agua"],"stage":"Fase 2","abilities":[{"type":"Habilidad","name":"Caparazón","effect":"Cualquier daño hecho a este Pokémon por ataques se reduce en 20 (después de aplicar Debilidad y Resistencia)."}],"attacks":[{"cost":["Incolora","Incolora","Incolora"],"damage":70}],"weaknesses":[{"type":"Rayo","value":"×2"}],"retreat":2,"legal":{"standard":false,"expanded":true}},{"category":"Pokémon","id":"bw1-33","illustrator":"Atsuko Nishida","localId":"33","name":"Panpour","rarity":"Commún","set":{"cardCount":{"official":114,"total":115},"id":"bw1","name":"Negro y Blanco","symbol":"https://assets.tcgdex.net/univ/bw/bw1/symbol"},"variants":{"firstEdition":false,"holo":true,"normal":true,"reverse":true,"wPromo":false},"dexId":[515],"hp":60,"types":["Agua"],"stage":"Basico","attacks":[{"cost":["Incolora"],"damage":10},{"cost":["Agua","Incolora","Incolora"],"damage":30}],"weaknesses":[{"type":"Rayo","value":"×2"}],"retreat":1,"legal":{"standard":false,"expanded":true}},{"category":"Pokémon","id":"bw1-34","illustrator":"Kagemaru Himeno","localId":"34","name":"Simipour","rarity":"Uncommon","set":{"cardCount":{"official":114,"total":115},"id":"bw1","name":"Negro y Blanco","symbol":"https://assets.tcgdex.net/univ/bw/bw1/symbol"},"variants":{"firstEdition":false,"holo":true,"normal":true,"reverse":true,"wPromo":false},"dexId":[516],"hp":90,"types":["Agua"],"stage":"Fase 1","attacks":[{"cost":["Agua"],"damage":20},{"cost":["Incolora","Incolora","Incolora"],"damage":40}],"weaknesses":[{"type":"Rayo","value":"×2"}],"retreat":1,"legal":{"standard":false,"expanded":true}},{"category":"Pokémon","id":"bw1-35","illustrator":"Naoyo Kimura","localId":"35","name":"Basculin","rarity":"Uncommon","set":{"cardCount":{"official":114,"total":115},"id":"bw1","name":"Negro y Blanco","symbol":"https://assets.tcgdex.net/univ/bw/bw1/symbol"},"variants":{"firstEdition":false,"holo":true,"normal":true,"reverse":true,"wPromo":false},"dexId":[550],"hp":70,"types":["Agua"],"stage":"Basico","attacks":[{"cost":["Agua","Agua"],"damage":30}],"weaknesses":[{"type":"Rayo","value":"×2"}],"retreat":1,"legal":{"standard":false,"expanded":true}},{"category":"Pokémon","id":"bw1-36","illustrator":"Kagemaru Himeno","localId":"36","name":"Ducklett","rarity":"Commún","set":{"cardCount":{"official":114,"total":115},"id":"bw1","name":"Negro y Blanco","symbol":"https://assets.tcgdex.net/univ/bw/bw1/symbol"},"variants":{"firstEdition":false,"holo":true,"normal":true,"reverse":true,"wPromo":false},"dexId":[580],"hp":60,"types":["Agua"],"stage":"Basico","attacks":[{"cost":["Agua"],"damage":10}],"weaknesses":[{"type":"Rayo","value":"×2"}],"resistances":[{"type":"Lucha","value":"-20"}],"retreat":1,"legal":{"standard":false,"expanded":true}},{"category":"Pokémon","id":"bw1-37","illustrator":"Naoyo Kimura","localId":"37","name":"Swanna","rarity":"Rara","set":{"cardCount":{"official":114,"total":115},"id":"bw1","name":"Negro y Blanco","symbol":"https://assets.tcgdex.net/univ/bw/bw1/symbol"},"variants":{"firstEdition":false,"holo":true,"normal":true,"reverse":true,"wPromo":false},"dexId":[581],"hp":90,"types":["Agua"],"stage":"Fase 1","attacks":[{"cost":["Incolora"]},{"cost":["Agua","Incolora"],"damage":40}],"weaknesses":[{"type":"Rayo","value":"×2"}],"resistances":[{"type":"Lucha","value":"-20"}],"retreat":1,"legal":{"standard":false,"expanded":true}},{"category":"Pokémon","id":"bw1-38","illustrator":"sui","localId":"38","name":"Alomomola","rarity":"Uncommon","set":{"cardCount":{"official":114,"total":115},"id":"bw1","name":"Negro y Blanco","symbol":"https://assets.tcgdex.net/univ/bw/bw1/symbol"},"variants":{"firstEdition":false,"holo":true,"normal":true,"reverse":true,"wPromo":false},"dexId":[594],"hp":100,"types":["Agua"],"stage":"Basico","attacks":[{"cost":["Incolora","Incolora"],"damage":20},{"cost":["Agua","Agua","Incolora","Incolora"],"damage":60}],"weaknesses":[{"type":"Rayo","value":"×2"}],"retreat":2,"legal":{"standard":false,"expanded":true}},{"category":"Pokémon","id":"bw1-39","illustrator":"Naoyo Kimura","localId":"39","name":"Alomomola","rarity":"Rara","set":{"cardCount":{"official":114,"total":115},"id":"bw1","name":"Negro y Blanco","symbol":"https://assets.tcgdex.net/univ/bw/bw1/symbol"},"variants":{"firstEdition":false,"holo":true,"normal":true,"reverse":true,"wPromo":false},"dexId":[594],"hp":100,"types":["Agua"],"stage":"Basico","attacks":[{"cost":["Agua","Incolora"],"damage":20},{"cost":["Incolora","Incolora","Incolora"],"damage":40}],"weaknesses":[{"type":"Rayo","value":"×2"}],"retreat":3,"legal":{"standard":false,"expanded":true}},{"category":"Pokémon","id":"bw1-40","illustrator":"Kouki Saitou","localId":"40","name":"Blitzle","rarity":"Commún","set":{"cardCount":{"official":114,"total":115},"id":"bw1","name":"Negro y Blanco","symbol":"https://assets.tcgdex.net/univ/bw/bw1/symbol"},"variants":{"firstEdition":false,"holo":true,"normal":true,"reverse":true,"wPromo":false},"dexId":[522],"hp":60,"types":["Rayo"],"stage":"Basico","attacks":[{"cost":["Rayo","Incolora"],"damage":20}],"weaknesses":[{"type":"Lucha","value":"×2"}],"retreat":1,"legal":{"standard":false,"expanded":true}},{"category":"Pokémon","id":"bw1-41","illustrator":"Kagemaru Himeno","localId":"41","name":"Blitzle","rarity":"Commún","set":{"cardCount":{"official":114,"total":115},"id":"bw1","name":"Negro y Blanco","symbol":"https://assets.tcgdex.net/univ/bw/bw1/symbol"},"variants":{"firstEdition":false,"holo":true,"normal":true,"reverse":true,"wPromo":false},"dexId":[522],"hp":60,"types":["Rayo"],"stage":"Basico","attacks":[{"cost":["Incolora"],"damage":10}],"weaknesses":[{"type":"Lucha","value":"×2"}],"retreat":1,"legal":{"standard":false,"expanded":true}},{"category":"Pokémon","id":"bw1-42","illustrator":"Kouki Saitou","localId":"42","name":"Zebstrika","rarity":"Uncommon","set":{"cardCount":{"official":114,"total":115},"id":"bw1","name":"Negro y Blanco","symbol":"https://assets.tcgdex.net/univ/bw/bw1/symbol"},"variants":{"firstEdition":false,"holo":true,"normal":true,"reverse":true,"wPromo":false},"dexId":[523],"hp":90,"types":["Rayo"],"stage":"Fase 1","attacks":[{"cost":["Incolora","Incolora"],"damage":20},{"cost":["Rayo","Rayo","Incolora"],"damage":70}],"weaknesses":[{"type":"Lucha","value":"×2"}],"retreat":1,"legal":{"standard":false,"expanded":true}},{"category":"Pokémon","id":"bw1-43","illustrator":"Masakazu Fukuda","localId":"43","name":"Zebstrika","rarity":"Rara","set":{"cardCount":{"official":114,"total":115},"id":"bw1","name":"Negro y Blanco","symbol":"https://assets.tcgdex.net/univ/bw/bw1/symbol"},"variants":{"firstEdition":false,"holo":true,"normal":true,"reverse":true,"wPromo":false},"dexId":[523],"hp":90,"types":["Rayo"],"stage":"Fase 1","attacks":[{"cost":["Incolora"],"damage":30},{"cost":["Rayo","Rayo","Rayo"],"damage":70}],"weaknesses":[{"type":"Lucha","value":"×2"}],"retreat":1,"legal":{"standard":false,"expanded":true}},{"category":"Pokémon","id":"bw1-44","illustrator":"Kouki Saitou","localId":"44","name":"Joltik","rarity":"Commún","set":{"cardCount":{"official":114,"total":115},"id":"bw1","name":"Negro y Blanco","symbol":"https://assets.tcgdex.net/univ/bw/bw1/symbol"},"variants":{"firstEdition":false,"holo":true,"normal":true,"reverse":true,"wPromo":false},"dexId":[595],"hp":40,"types":["Rayo"],"stage":"Basico","attacks":[{"cost":["Rayo"],"damage":10}],"weaknesses":[{"type":"Lucha","value":"×2"}],"retreat":1,"legal":{"standard":false,"expanded":true}},{"category":"Pokémon","id":"bw1-45","illustrator":"Masakazu Fukuda","localId":"45","name":"Joltik","rarity":"Commún","set":{"cardCount":{"official":114,"total":115},"id":"bw1","name":"Negro y Blanco","symbol":"https://assets.tcgdex.net/univ/bw/bw1/symbol"},"variants":{"firstEdition":false,"holo":true,"normal":true,"reverse":true,"wPromo":false},"dexId":[595],"hp":30,"types":["Rayo"],"stage":"Basico","attacks":[{"cost":["Incolora"],"damage":10}],"weaknesses":[{"type":"Lucha","value":"×2"}],"retreat":1,"legal":{"standard":false,"expanded":true}},{"category":"Pokémon","id":"bw1-46","illustrator":"Mitsuhiro Arita","localId":"46","name":"Galvantula","rarity":"Rara","set":{"cardCount":{"official":114,"total":115},"id":"bw1","name":"Negro y Blanco","symbol":"https://assets.tcgdex.net/univ/bw/bw1/symbol"},"variants":{"firstEdition":false,"holo":true,"normal":true,"reverse":true,"wPromo":false},"dexId":[596],"hp":80,"types":["Rayo"],"stage":"Fase 1","attacks":[{"cost":["Rayo"],"damage":20},{"cost":["Incolora","Incolora"],"damage":40}],"weaknesses":[{"type":"Lucha","value":"×2"}],"retreat":1,"legal":{"standard":false,"expanded":true}},{"category":"Pokémon","id":"bw1-47","illustrator":"5ban Graphics","localId":"47","name":"Zekrom","rarity":"Rara","set":{"cardCount":{"official":114,"total":115},"id":"bw1","name":"Negro y Blanco","symbol":"https://assets.tcgdex.net/univ/bw/bw1/symbol"},"variants":{"firstEdition":false,"holo":true,"normal":true,"reverse":true,"wPromo":false},"dexId":[644],"hp":130,"types":["Rayo"],"stage":"Basico","attacks":[{"cost":["Incolora","Incolora"],"damage":20},{"cost":["Rayo","Rayo","Incolora"],"damage":120}],"weaknesses":[{"type":"Lucha","value":"×2"}],"retreat":2,"legal":{"standard":false,"expanded":true}},{"category":"Pokémon","id":"bw1-48","illustrator":"Atsuko Nishida","localId":"48","name":"Munna","rarity":"Uncommon","set":{"cardCount":{"official":114,"total":115},"id":"bw1","name":"Negro y Blanco","symbol":"https://assets.tcgdex.net/univ/bw/bw1/symbol"},"variants":{"firstEdition":false,"holo":true,"normal":true,"reverse":true,"wPromo":false},"dexId":[517],"hp":70,"types":["Psíquico"],"stage":"Basico","attacks":[{"cost":["Incolora"]},{"cost":["Psíquico","Psíquico"],"damage":60}],"weaknesses":[{"type":"Psíquico","value":"×2"}],"retreat":2,"legal":{"standard":false,"expanded":true}},{"category":"Pokémon","id":"bw1-49","illustrator":"Masakazu Fukuda","localId":"49","name":"Musharna","rarity":"Rara","set":{"cardCount":{"official":114,"total":115},"id":"bw1","name":"Negro y Blanco","symbol":"https://assets.tcgdex.net/univ/bw/bw1/symbol"},"variants":{"firstEdition":false,"holo":true,"normal":true,"reverse":true,"wPromo":false},"dexId":[518],"hp":90,"types":["Psíquico"],"stage":"Fase 1","attacks":[{"cost":["Psíquico"],"damage":20},{"cost":["Psíquico","Psíquico"],"damage":90}],"weaknesses":[{"type":"Psíquico","value":"×2"}],"retreat":2,"legal":{"standard":false,"expanded":true}},{"category":"Pokémon","id":"bw1-50","illustrator":"MAHOU","localId":"50","name":"Woobat","rarity":"Commún","set":{"cardCount":{"official":114,"total":115},"id":"bw1","name":"Negro y Blanco","symbol":"https://assets.tcgdex.net/univ/bw/bw1/symbol"},"variants":{"firstEdition":false,"holo":true,"normal":true,"reverse":true,"wPromo":false},"dexId":[527],"hp":50,"types":["Psíquico"],"stage":"Basico","attacks":[{"cost":["Incolora"],"damage":10}],"weaknesses":[{"type":"Rayo","value":"×2"}],"resistances":[{"type":"Lucha","value":"-20"}],"retreat":1,"legal":{"standard":false,"expanded":true}},{"category":"Pokémon","id":"bw1-51","illustrator":"Kouki Saitou","localId":"51","name":"Swoobat","rarity":"Uncommon","set":{"cardCount":{"official":114,"total":115},"id":"bw1","name":"Negro y Blanco","symbol":"https://assets.tcgdex.net/univ/bw/bw1/symbol"},"variants":{"firstEdition":false,"holo":true,"normal":true,"reverse":true,"wPromo":false},"dexId":[528],"hp":80,"types":["Psíquico"],"stage":"Fase 1","attacks":[{"cost":["Incolora"]},{"cost":["Psíquico","Incolora"],"damage":40}],"weaknesses":[{"type":"Rayo","value":"×2"}],"resistances":[{"type":"Lucha","value":"-20"}],"retreat":1,"legal":{"standard":false,"expanded":true}},{"category":"Pokémon","id":"bw1-52","illustrator":"Masakazu Fukuda","localId":"52","name":"Venipede","rarity":"Commún","set":{"cardCount":{"official":114,"total":115},"id":"bw1","name":"Negro y Blanco","symbol":"https://assets.tcgdex.net/univ/bw/bw1/symbol"},"variants":{"firstEdition":false,"holo":true,"normal":true,"reverse":true,"wPromo":false},"dexId":[543],"hp":70,"types":["Psíquico"],"stage":"Basico","attacks":[{"cost":["Psíquico"],"damage":10},{"cost":["Incolora","Incolora","Incolora"],"damage":30}],"weaknesses":[{"type":"Psíquico","value":"×2"}],"retreat":2,"legal":{"standard":false,"expanded":true}},{"category":"Pokémon","id":"bw1-53","illustrator":"Masakazu Fukuda","localId":"53","name":"Whirlipede","rarity":"Uncommon","set":{"cardCount":{"official":114,"total":115},"id":"bw1","name":"Negro y Blanco","symbol":"https://assets.tcgdex.net/univ/bw/bw1/symbol"},"variants":{"firstEdition":false,"holo":true,"normal":true,"reverse":true,"wPromo":false},"dexId":[544],"hp":90,"types":["Psíquico"],"stage":"Fase 1","attacks":[{"cost":["Psíquico","Incolora"],"damage":20},{"cost":["Psíquico","Incolora","Incolora"],"damage":50}],"weaknesses":[{"type":"Psíquico","value":"×2"}],"retreat":2,"legal":{"standard":false,"expanded":true}},{"category":"Pokémon","id":"bw1-54","illustrator":"Masakazu Fukuda","localId":"54","name":"Scolipede","rarity":"Rara","set":{"cardCount":{"official":114,"total":115},"id":"bw1","name":"Negro y Blanco","symbol":"https://assets.tcgdex.net/univ/bw/bw1/symbol"},"variants":{"firstEdition":false,"holo":true,"normal":true,"reverse":true,"wPromo":false},"dexId":[545],"hp":150,"types":["Psíquico"],"stage":"Fase 2","attacks":[{"cost":["Incolora","Incolora","Incolora"],"damage":60},{"cost":["Psíquico","Psíquico","Incolora","Incolora"],"damage":80}],"weaknesses":[{"type":"Psíquico","value":"×2"}],"retreat":3,"legal":{"standard":false,"expanded":true}},{"category":"Pokémon","id":"bw1-55","illustrator":"MAHOU","localId":"55","name":"Solosis","rarity":"Commún","set":{"cardCount":{"official":114,"total":115},"id":"bw1","name":"Negro y Blanco","symbol":"https://assets.tcgdex.net/univ/bw/bw1/symbol"},"variants":{"firstEdition":false,"holo":true,"normal":true,"reverse":true,"wPromo":false},"dexId":[577],"hp":30,"types":["Psíquico"],"stage":"Basico","attacks":[{"cost":["Psíquico"]},{"cost":["Psíquico","Incolora"],"damage":20}],"weaknesses":[{"type":"Psíquico","value":"×2"}],"retreat":1,"legal":{"standard":false,"expanded":true}},{"category":"Pokémon","id":"bw1-56","illustrator":"Shin Nagasawa","localId":"56","name":"Duosion","rarity":"Uncommon","set":{"cardCount":{"official":114,"total":115},"id":"bw1","name":"Negro y Blanco","symbol":"https://assets.tcgdex.net/univ/bw/bw1/symbol"},"variants":{"firstEdition":false,"holo":true,"normal":true,"reverse":true,"wPromo":false},"dexId":[578],"hp":60,"types":["Psíquico"],"stage":"Fase 1","attacks":[{"cost":["Incolora"]},{"cost":["Psíquico","Incolora"],"damage":30}],"weaknesses":[{"type":"Psíquico","value":"×2"}],"retreat":1,"legal":{"standard":false,"expanded":true}},{"category":"Pokémon","id":"bw1-57","illustrator":"5ban Graphics","localId":"57","name":"Reuniclus","rarity":"Rara","set":{"cardCount":{"official":114,"total":115},"id":"bw1","name":"Negro y Blanco","symbol":"https://assets.tcgdex.net/univ/bw/bw1/symbol"},"variants":{"firstEdition":false,"holo":true,"normal":true,"reverse":true,"wPromo":false},"dexId":[579],"hp":90,"types":["Psíquico"],"stage":"Fase 2","abilities":[{"type":"Habilidad","name":"Intercambio de Daño","effect":"Todas las veces que quieras durante tu turno (antes de tu ataque), puedes mover 1 contador de daño de 1 de tus Pokémon a otro de tus Pokémon."}],"attacks":[{"cost":["Psíquico","Psíquico","Psíquico"],"damage":30}],"weaknesses":[{"type":"Psíquico","value":"×2"}],"retreat":2,"legal":{"standard":false,"expanded":true}},{"category":"Pokémon","id":"bw1-58","illustrator":"match","localId":"58","name":"Timburr","rarity":"Commún","set":{"cardCount":{"official":114,"total":115},"id":"bw1","name":"Negro y Blanco","symbol":"https://assets.tcgdex.net/univ/bw/bw1/symbol"},"variants":{"firstEdition":false,"holo":true,"normal":true,"reverse":true,"wPromo":false},"dexId":[532],"hp":60,"types":["Lucha"],"stage":"Basico","attacks":[{"cost":["Lucha","Lucha"],"damage":30}],"weaknesses":[{"type":"Psíquico","value":"×2"}],"retreat":1,"legal":{"standard":false,"expanded":true}},{"category":"Pokémon","id":"bw1-59","illustrator":"Masakazu Fukuda","localId":"59","name":"Timburr","rarity":"Commún","set":{"cardCount":{"official":114,"total":115},"id":"bw1","name":"Negro y Blanco","symbol":"https://assets.tcgdex.net/univ/bw/bw1/symbol"},"variants":{"firstEdition":false,"holo":true,"normal":true,"reverse":true,"wPromo":false},"dexId":[532],"hp":70,"types":["Lucha"],"stage":"Basico","attacks":[{"cost":["Incolora"],"damage":10},{"cost":["Lucha","Incolora"],"damage":20}],"weaknesses":[{"type":"Psíquico","value":"×2"}],"retreat":2,"legal":{"standard":false,"expanded":true}},{"category":"Pokémon","id":"bw1-60","illustrator":"Naoki Saito","localId":"60","name":"Gurdurr","rarity":"Uncommon","set":{"cardCount":{"official":114,"total":115},"id":"bw1","name":"Negro y Blanco","symbol":"https://assets.tcgdex.net/univ/bw/bw1/symbol"},"variants":{"firstEdition":false,"holo":true,"normal":true,"reverse":true,"wPromo":false},"dexId":[533],"hp":80,"types":["Lucha"],"stage":"Fase 1","attacks":[{"cost":["Incolora"],"damage":20},{"cost":["Lucha","Lucha","Incolora"],"damage":60}],"weaknesses":[{"type":"Psíquico","value":"×2"}],"retreat":2,"legal":{"standard":false,"expanded":true}},{"category":"Pokémon","id":"bw1-61","illustrator":"Mitsuhiro Arita","localId":"61","name":"Throh","rarity":"Rara","set":{"cardCount":{"official":114,"total":115},"id":"bw1","name":"Negro y Blanco","symbol":"https://assets.tcgdex.net/univ/bw/bw1/symbol"},"variants":{"firstEdition":false,"holo":true,"normal":true,"reverse":true,"wPromo":false},"dexId":[538],"hp":100,"types":["Lucha"],"stage":"Basico","attacks":[{"cost":["Lucha","Incolora"],"damage":30},{"cost":["Lucha","Lucha","Incolora"],"damage":80}],"weaknesses":[{"type":"Psíquico","value":"×2"}],"retreat":3,"legal":{"standard":false,"expanded":true}},{"category":"Pokémon","id":"bw1-62","illustrator":"Naoki Saito","localId":"62","name":"Sawk","rarity":"Rara","set":{"cardCount":{"official":114,"total":115},"id":"bw1","name":"Negro y Blanco","symbol":"https://assets.tcgdex.net/univ/bw/bw1/symbol"},"variants":{"firstEdition":false,"holo":true,"normal":true,"reverse":true,"wPromo":false},"dexId":[539],"hp":90,"types":["Lucha"],"stage":"Basico","attacks":[{"cost":["Lucha"],"damage":20},{"cost":["Lucha","Lucha"],"damage":40}],"weaknesses":[{"type":"Psíquico","value":"×2"}],"retreat":1,"legal":{"standard":false,"expanded":true}},{"category":"Pokémon","id":"bw1-63","illustrator":"Naoyo Kimura","localId":"63","name":"Sandile","rarity":"Commún","set":{"cardCount":{"official":114,"total":115},"id":"bw1","name":"Negro y Blanco","symbol":"https://assets.tcgdex.net/univ/bw/bw1/symbol"},"variants":{"firstEdition":false,"holo":true,"normal":true,"reverse":true,"wPromo":false},"dexId":[551],"hp":70,"types":["Lucha"],"stage":"Basico","attacks":[{"cost":["Lucha"],"damage":10},{"cost":["Lucha","Incolora","Incolora"],"damage":30}],"weaknesses":[{"type":"Agua","value":"×2"}],"resistances":[{"type":"Rayo","value":"-20"}],"retreat":2,"legal":{"standard":false,"expanded":true}},{"category":"Pokémon","id":"bw1-64","illustrator":"Kouki Saitou","localId":"64","name":"Krokorok","rarity":"Uncommon","set":{"cardCount":{"official":114,"total":115},"id":"bw1","name":"Negro y Blanco","symbol":"https://assets.tcgdex.net/univ/bw/bw1/symbol"},"variants":{"firstEdition":false,"holo":true,"normal":true,"reverse":true,"wPromo":false},"dexId":[552],"hp":90,"types":["Lucha"],"stage":"Fase 1","attacks":[{"cost":["Incolora"],"damage":10},{"cost":["Lucha","Incolora","Incolora"],"damage":50}],"weaknesses":[{"type":"Agua","value":"×2"}],"resistances":[{"type":"Rayo","value":"-20"}],"retreat":2,"legal":{"standard":false,"expanded":true}},{"category":"Pokémon","id":"bw1-65","illustrator":"Masakazu Fukuda","localId":"65","name":"Krookodile","rarity":"Rara","set":{"cardCount":{"official":114,"total":115},"id":"bw1","name":"Negro y Blanco","symbol":"https://assets.tcgdex.net/univ/bw/bw1/symbol"},"variants":{"firstEdition":false,"holo":true,"normal":true,"reverse":true,"wPromo":false},"dexId":[553],"hp":140,"types":["Lucha"],"stage":"Fase 2","attacks":[{"cost":["Incolora","Incolora"],"damage":30},{"cost":["Lucha","Lucha","Incolora","Incolora"],"damage":60}],"weaknesses":[{"type":"Agua","value":"×2"}],"resistances":[{"type":"Rayo","value":"-20"}],"retreat":3,"legal":{"standard":false,"expanded":true}},{"category":"Pokémon","id":"bw1-66","illustrator":"Kagemaru Himeno","localId":"66","name":"Purrloin","rarity":"Commún","set":{"cardCount":{"official":114,"total":115},"id":"bw1","name":"Negro y Blanco","symbol":"https://assets.tcgdex.net/univ/bw/bw1/symbol"},"variants":{"firstEdition":false,"holo":true,"normal":true,"reverse":true,"wPromo":false},"dexId":[509],"hp":60,"types":["Oscura"],"stage":"Basico","attacks":[{"cost":["Incolora"],"damage":10},{"cost":["Incolora","Incolora"],"damage":20}],"weaknesses":[{"type":"Lucha","value":"×2"}],"resistances":[{"type":"Psíquico","value":"-20"}],"retreat":1,"legal":{"standard":false,"expanded":true}},{"category":"Pokémon","id":"bw1-67","illustrator":"Mitsuhiro Arita","localId":"67","name":"Liepard","rarity":"Rara","set":{"cardCount":{"official":114,"total":115},"id":"bw1","name":"Negro y Blanco","symbol":"https://assets.tcgdex.net/univ/bw/bw1/symbol"},"variants":{"firstEdition":false,"holo":true,"normal":true,"reverse":true,"wPromo":false},"dexId":[510],"hp":80,"types":["Oscura"],"stage":"Fase 1","attacks":[{"cost":["Incolora"]},{"cost":["Incolora","Incolora"],"damage":30}],"weaknesses":[{"type":"Lucha","value":"×2"}],"resistances":[{"type":"Psíquico","value":"-20"}],"retreat":1,"legal":{"standard":false,"expanded":true}},{"category":"Pokémon","id":"bw1-68","illustrator":"Masakazu Fukuda","localId":"68","name":"Scraggy","rarity":"Commún","set":{"cardCount":{"official":114,"total":115},"id":"bw1","name":"Negro y Blanco","symbol":"https://assets.tcgdex.net/univ/bw/bw1/symbol"},"variants":{"firstEdition":false,"holo":true,"normal":true,"reverse":true,"wPromo":false},"dexId":[559],"hp":60,"types":["Oscura"],"stage":"Basico","attacks":[{"cost":["Incolora"],"damage":10}],"weaknesses":[{"type":"Lucha","value":"×2"}],"resistances":[{"type":"Psíquico","value":"-20"}],"retreat":1,"legal":{"standard":false,"expanded":true}},{"category":"Pokémon","id":"bw1-69","illustrator":"Shin Nagasawa","localId":"69","name":"Scrafty","rarity":"Rara","set":{"cardCount":{"official":114,"total":115},"id":"bw1","name":"Negro y Blanco","symbol":"https://assets.tcgdex.net/univ/bw/bw1/symbol"},"variants":{"firstEdition":false,"holo":true,"normal":true,"reverse":true,"wPromo":false},"dexId":[560],"hp":90,"types":["Oscura"],"stage":"Fase 1","attacks":[{"cost":["Oscura"],"damage":20},{"cost":["Oscura","Oscura","Incolora"],"damage":70}],"weaknesses":[{"type":"Lucha","value":"×2"}],"resistances":[{"type":"Psíquico","value":"-20"}],"retreat":1,"legal":{"standard":false,"expanded":true}},{"category":"Pokémon","id":"bw1-70","illustrator":"Kouki Saitou","localId":"70","name":"Zorua","rarity":"Commún","set":{"cardCount":{"official":114,"total":115},"id":"bw1","name":"Negro y Blanco","symbol":"https://assets.tcgdex.net/univ/bw/bw1/symbol"},"variants":{"firstEdition":false,"holo":true,"normal":true,"reverse":true,"wPromo":false},"dexId":[570],"hp":60,"types":["Oscura"],"stage":"Basico","attacks":[{"cost":["Incolora","Incolora"],"damage":30}],"weaknesses":[{"type":"Lucha","value":"×2"}],"resistances":[{"type":"Psíquico","value":"-20"}],"retreat":1,"legal":{"standard":false,"expanded":true}},{"category":"Pokémon","id":"bw1-71","illustrator":"Naoki Saito","localId":"71","name":"Zoroark","rarity":"Rara","set":{"cardCount":{"official":114,"total":115},"id":"bw1","name":"Negro y Blanco","symbol":"https://assets.tcgdex.net/univ/bw/bw1/symbol"},"variants":{"firstEdition":false,"holo":true,"normal":true,"reverse":true,"wPromo":false},"dexId":[571],"hp":100,"types":["Oscura"],"stage":"Fase 1","attacks":[{"cost":["Oscura"]},{"cost":["Incolora","Incolora"]}],"weaknesses":[{"type":"Lucha","value":"×2"}],"resistances":[{"type":"Psíquico","value":"-20"}],"retreat":1,"legal":{"standard":false,"expanded":true}},{"category":"Pokémon","id":"bw1-72","illustrator":"Kagemaru Himeno","localId":"72","name":"Vullaby","rarity":"Uncommon","set":{"cardCount":{"official":114,"total":115},"id":"bw1","name":"Negro y Blanco","symbol":"https://assets.tcgdex.net/univ/bw/bw1/symbol"},"variants":{"firstEdition":false,"holo":true,"normal":true,"reverse":true,"wPromo":false},"dexId":[629],"hp":60,"types":["Oscura"],"stage":"Basico","attacks":[{"cost":["Oscura"],"damage":20}],"weaknesses":[{"type":"Rayo","value":"×2"}],"resistances":[{"type":"Lucha","value":"-20"}],"retreat":1,"legal":{"standard":false,"expanded":true}},{"category":"Pokémon","id":"bw1-73","illustrator":"Kouki Saitou","localId":"73","name":"Mandibuzz","rarity":"Rara","set":{"cardCount":{"official":114,"total":115},"id":"bw1","name":"Negro y Blanco","symbol":"https://assets.tcgdex.net/univ/bw/bw1/symbol"},"variants":{"firstEdition":false,"holo":true,"normal":true,"reverse":true,"wPromo":false},"dexId":[630],"hp":90,"types":["Oscura"],"stage":"Fase 1","attacks":[{"cost":["Oscura"]},{"cost":["Oscura","Incolora","Incolora"],"damage":40}],"weaknesses":[{"type":"Rayo","value":"×2"}],"resistances":[{"type":"Lucha","value":"-20"}],"retreat":1,"legal":{"standard":false,"expanded":true}},{"category":"Pokémon","id":"bw1-74","illustrator":"Masakazu Fukuda","localId":"74","name":"Klink","rarity":"Commún","set":{"cardCount":{"official":114,"total":115},"id":"bw1","name":"Negro y Blanco","symbol":"https://assets.tcgdex.net/univ/bw/bw1/symbol"},"variants":{"firstEdition":false,"holo":true,"normal":true,"reverse":true,"wPromo":false},"dexId":[599],"hp":60,"types":["Metálica"],"stage":"Basico","attacks":[{"cost":["Metálica"],"damage":10}],"weaknesses":[{"type":"Guego","value":"×2"}],"resistances":[{"type":"Psíquico","value":"-20"}],"retreat":2,"legal":{"standard":false,"expanded":true}},{"category":"Pokémon","id":"bw1-75","illustrator":"Naoki Saito","localId":"75","name":"Klang","rarity":"Uncommon","set":{"cardCount":{"official":114,"total":115},"id":"bw1","name":"Negro y Blanco","symbol":"https://assets.tcgdex.net/univ/bw/bw1/symbol"},"variants":{"firstEdition":false,"holo":true,"normal":true,"reverse":true,"wPromo":false},"dexId":[600],"hp":80,"types":["Metálica"],"stage":"Fase 1","attacks":[{"cost":["Metálica"],"damage":10},{"cost":["Metálica","Incolora","Incolora"],"damage":60}],"weaknesses":[{"type":"Guego","value":"×2"}],"resistances":[{"type":"Psíquico","value":"-20"}],"retreat":2,"legal":{"standard":false,"expanded":true}},{"category":"Pokémon","id":"bw1-76","illustrator":"5ban Graphics","localId":"76","name":"Klinklang","rarity":"Rara","set":{"cardCount":{"official":114,"total":115},"id":"bw1","name":"Negro y Blanco","symbol":"https://assets.tcgdex.net/univ/bw/bw1/symbol"},"variants":{"firstEdition":false,"holo":true,"normal":true,"reverse":true,"wPromo":false},"dexId":[601],"hp":140,"types":["Metálica"],"stage":"Fase 2","abilities":[{"type":"Habilidad","name":"Cambiomarcha","effect":"Todas las veces que quieras durante tu turno (antes de tu ataque), puedes mover una Energía Metal unida a 1 de tus Pokémon a otro de tus Pokémon."}],"attacks":[{"cost":["Metálica","Incolora","Incolora"],"damage":80}],"weaknesses":[{"type":"Guego","value":"×2"}],"resistances":[{"type":"Psíquico","value":"-20"}],"retreat":3,"legal":{"standard":false,"expanded":true}},{"category":"Pokémon","id":"bw1-77","illustrator":"Kagemaru Himeno","localId":"77","name":"Patrat","rarity":"Commún","set":{"cardCount":{"official":114,"total":115},"id":"bw1","name":"Negro y Blanco","symbol":"https://assets.tcgdex.net/univ/bw/bw1/symbol"},"variants":{"firstEdition":false,"holo":true,"normal":true,"reverse":true,"wPromo":false},"dexId":[504],"hp":50,"types":["Incolora"],"stage":"Basico","attacks":[{"cost":["Incolora"],"damage":10},{"cost":["Incolora","Incolora"],"damage":20}],"weaknesses":[{"type":"Lucha","value":"×2"}],"retreat":1,"legal":{"standard":false,"expanded":true}},{"category":"Pokémon","id":"bw1-78","illustrator":"Masakazu Fukuda","localId":"78","name":"Patrat","rarity":"Commún","set":{"cardCount":{"official":114,"total":115},"id":"bw1","name":"Negro y Blanco","symbol":"https://assets.tcgdex.net/univ/bw/bw1/symbol"},"variants":{"firstEdition":false,"holo":true,"normal":true,"reverse":true,"wPromo":false},"dexId":[504],"hp":60,"types":["Incolora"],"stage":"Basico","attacks":[{"cost":["Incolora"],"damage":30}],"weaknesses":[{"type":"Lucha","value":"×2"}],"retreat":1,"legal":{"standard":false,"expanded":true}},{"category":"Pokémon","id":"bw1-79","illustrator":"match","localId":"79","name":"Watchog","rarity":"Uncommon","set":{"cardCount":{"official":114,"total":115},"id":"bw1","name":"Negro y Blanco","symbol":"https://assets.tcgdex.net/univ/bw/bw1/symbol"},"variants":{"firstEdition":false,"holo":true,"normal":true,"reverse":true,"wPromo":false},"dexId":[505],"hp":90,"types":["Incolora"],"stage":"Fase 1","attacks":[{"cost":["Incolora","Incolora"]},{"cost":["Incolora","Incolora"],"damage":60}],"weaknesses":[{"type":"Lucha","value":"×2"}],"retreat":1,"legal":{"standard":false,"expanded":true}},{"category":"Pokémon","id":"bw1-80","illustrator":"Masakazu Fukuda","localId":"80","name":"Lillipup","rarity":"Commún","set":{"cardCount":{"official":114,"total":115},"id":"bw1","name":"Negro y Blanco","symbol":"https://assets.tcgdex.net/univ/bw/bw1/symbol"},"variants":{"firstEdition":false,"holo":true,"normal":true,"reverse":true,"wPromo":false},"dexId":[506],"hp":50,"types":["Incolora"],"stage":"Basico","attacks":[{"cost":["Incolora"]},{"cost":["Incolora"],"damage":10}],"weaknesses":[{"type":"Lucha","value":"×2"}],"retreat":1,"legal":{"standard":false,"expanded":true}},{"category":"Pokémon","id":"bw1-81","illustrator":"sui","localId":"81","name":"Lillipup","rarity":"Commún","set":{"cardCount":{"official":114,"total":115},"id":"bw1","name":"Negro y Blanco","symbol":"https://assets.tcgdex.net/univ/bw/bw1/symbol"},"variants":{"firstEdition":false,"holo":true,"normal":true,"reverse":true,"wPromo":false},"dexId":[506],"hp":60,"types":["Incolora"],"stage":"Basico","attacks":[{"cost":["Incolora"]},{"cost":["Incolora","Incolora"],"damage":20}],"weaknesses":[{"type":"Lucha","value":"×2"}],"retreat":1,"legal":{"standard":false,"expanded":true}},{"category":"Pokémon","id":"bw1-82","illustrator":"Midori Harada","localId":"82","name":"Herdier","rarity":"Uncommon","set":{"cardCount":{"official":114,"total":115},"id":"bw1","name":"Negro y Blanco","symbol":"https://assets.tcgdex.net/univ/bw/bw1/symbol"},"variants":{"firstEdition":false,"holo":true,"normal":true,"reverse":true,"wPromo":false},"dexId":[507],"hp":80,"types":["Incolora"],"stage":"Fase 1","attacks":[{"cost":["Incolora","Incolora"]},{"cost":["Incolora","Incolora","Incolora"],"damage":50}],"weaknesses":[{"type":"Lucha","value":"×2"}],"retreat":1,"legal":{"standard":false,"expanded":true}},{"category":"Pokémon","id":"bw1-83","illustrator":"match","localId":"83","name":"Stoutland","rarity":"Rara","set":{"cardCount":{"official":114,"total":115},"id":"bw1","name":"Negro y Blanco","symbol":"https://assets.tcgdex.net/univ/bw/bw1/symbol"},"variants":{"firstEdition":false,"holo":true,"normal":true,"reverse":true,"wPromo":false},"dexId":[508],"hp":140,"types":["Incolora"],"stage":"Fase 2","attacks":[{"cost":["Incolora","Incolora"]},{"cost":["Incolora","Incolora","Incolora","Incolora"],"damage":90}],"weaknesses":[{"type":"Lucha","value":"×2"}],"retreat":3,"legal":{"standard":false,"expanded":true}},{"category":"Pokémon","id":"bw1-84","illustrator":"Masakazu Fukuda","localId":"84","name":"Pidove","rarity":"Commún","set":{"cardCount":{"official":114,"total":115},"id":"bw1","name":"Negro y Blanco","symbol":"https://assets.tcgdex.net/univ/bw/bw1/symbol"},"variants":{"firstEdition":false,"holo":true,"normal":true,"reverse":true,"wPromo":false},"dexId":[519],"hp":50,"types":["Incolora"],"stage":"Basico","attacks":[{"cost":["Incolora"],"damage":10}],"weaknesses":[{"type":"Rayo","value":"×2"}],"resistances":[{"type":"Lucha","value":"-20"}],"retreat":1,"legal":{"standard":false,"expanded":true}},{"category":"Pokémon","id":"bw1-85","illustrator":"Kouki Saitou","localId":"85","name":"Tranquill","rarity":"Uncommon","set":{"cardCount":{"official":114,"total":115},"id":"bw1","name":"Negro y Blanco","symbol":"https://assets.tcgdex.net/univ/bw/bw1/symbol"},"variants":{"firstEdition":false,"holo":true,"normal":true,"reverse":true,"wPromo":false},"dexId":[520],"hp":70,"types":["Incolora"],"stage":"Fase 1","attacks":[{"cost":["Incolora"],"damage":20},{"cost":["Incolora","Incolora"],"damage":20}],"weaknesses":[{"type":"Rayo","value":"×2"}],"resistances":[{"type":"Lucha","value":"-20"}],"retreat":1,"legal":{"standard":false,"expanded":true}},{"category":"Pokémon","id":"bw1-86","illustrator":"Kagemaru Himeno","localId":"86","name":"Unfezant","rarity":"Rara","set":{"cardCount":{"official":114,"total":115},"id":"bw1","name":"Negro y Blanco","symbol":"https://assets.tcgdex.net/univ/bw/bw1/symbol"},"variants":{"firstEdition":false,"holo":true,"normal":true,"reverse":true,"wPromo":false},"dexId":[521],"hp":120,"types":["Incolora"],"stage":"Fase 2","attacks":[{"cost":["Incolora","Incolora"],"damage":50},{"cost":["Incolora","Incolora","Incolora"],"damage":70}],"weaknesses":[{"type":"Rayo","value":"×2"}],"resistances":[{"type":"Lucha","value":"-20"}],"retreat":1,"legal":{"standard":false,"expanded":true}},{"category":"Pokémon","id":"bw1-87","illustrator":"MAHOU","localId":"87","name":"Audino","rarity":"Uncommon","set":{"cardCount":{"official":114,"total":115},"id":"bw1","name":"Negro y Blanco","symbol":"https://assets.tcgdex.net/univ/bw/bw1/symbol"},"variants":{"firstEdition":false,"holo":true,"normal":true,"reverse":true,"wPromo":false},"dexId":[531],"hp":80,"types":["Incolora"],"stage":"Basico","attacks":[{"cost":["Incolora","Incolora"],"damage":30}],"weaknesses":[{"type":"Lucha","value":"×2"}],"retreat":2,"legal":{"standard":false,"expanded":true}},{"category":"Pokémon","id":"bw1-88","illustrator":"sui","localId":"88","name":"Minccino","rarity":"Commún","set":{"cardCount":{"official":114,"total":115},"id":"bw1","name":"Negro y Blanco","symbol":"https://assets.tcgdex.net/univ/bw/bw1/symbol"},"variants":{"firstEdition":false,"holo":true,"normal":true,"reverse":true,"wPromo":false},"dexId":[572],"hp":60,"types":["Incolora"],"stage":"Basico","attacks":[{"cost":["Incolora"],"damage":10}],"weaknesses":[{"type":"Lucha","value":"×2"}],"retreat":1,"legal":{"standard":false,"expanded":true}},{"category":"Pokémon","id":"bw1-89","illustrator":"Kagemaru Himeno","localId":"89","name":"Cinccino","rarity":"Rara","set":{"cardCount":{"official":114,"total":115},"id":"bw1","name":"Negro y Blanco","symbol":"https://assets.tcgdex.net/univ/bw/bw1/symbol"},"variants":{"firstEdition":false,"holo":true,"normal":true,"reverse":true,"wPromo":false},"dexId":[573],"hp":90,"types":["Incolora"],"stage":"Fase 1","attacks":[{"cost":["Incolora"],"damage":20},{"cost":["Incolora","Incolora"],"damage":20}],"weaknesses":[{"type":"Lucha","value":"×2"}],"retreat":1,"legal":{"standard":false,"expanded":true}},{"category":"Pokémon","id":"bw1-90","illustrator":"Naoki Saito","localId":"90","name":"Bouffalant","rarity":"Uncommon","set":{"cardCount":{"official":114,"total":115},"id":"bw1","name":"Negro y Blanco","symbol":"https://assets.tcgdex.net/univ/bw/bw1/symbol"},"variants":{"firstEdition":false,"holo":true,"normal":true,"reverse":true,"wPromo":false},"dexId":[626],"hp":90,"types":["Incolora"],"stage":"Basico","attacks":[{"cost":["Incolora","Incolora"],"damage":20},{"cost":["Incolora","Incolora","Incolora"],"damage":30}],"weaknesses":[{"type":"Lucha","value":"×2"}],"retreat":2,"legal":{"standard":false,"expanded":true}},{"category":"Pokémon","id":"bw1-91","illustrator":"Kouki Saitou","localId":"91","name":"Bouffalant","rarity":"Rara","set":{"cardCount":{"official":114,"total":115},"id":"bw1","name":"Negro y Blanco","symbol":"https://assets.tcgdex.net/univ/bw/bw1/symbol"},"variants":{"firstEdition":false,"holo":true,"normal":true,"reverse":true,"wPromo":false},"dexId":[626],"hp":100,"types":["Incolora"],"stage":"Basico","attacks":[{"cost":["Incolora","Incolora"],"damage":20},{"cost":["Incolora","Incolora","Incolora","Incolora"],"damage":80}],"weaknesses":[{"type":"Lucha","value":"×2"}],"retreat":2,"legal":{"standard":false,"expanded":true}},{"category":"Entrenador","id":"bw1-92","illustrator":"Kent Kanetsuna","localId":"92","name":"Recuperación de Energía","rarity":"Uncommon","set":{"cardCount":{"official":114,"total":115},"id":"bw1","name":"Negro y Blanco","symbol":"https://assets.tcgdex.net/univ/bw/bw1/symbol"},"variants":{"firstEdition":false,"holo":true,"normal":true,"reverse":true,"wPromo":false},"effect":"Pon 2 cartas de Energía Básica de tu pila de descartes en tu mano.","trainerType":"Objeto","legal":{"standard":false,"expanded":true}},{"category":"Entrenador","id":"bw1-93","illustrator":"Ryo Ueda","localId":"93","name":"Búsqueda de Energía","rarity":"Commún","set":{"cardCount":{"official":114,"total":115},"id":"bw1","name":"Negro y Blanco","symbol":"https://assets.tcgdex.net/univ/bw/bw1/symbol"},"variants":{"firstEdition":false,"holo":true,"normal":true,"reverse":true,"wPromo":false},"effect":"Busca en tu baraja una carta de Energía Básica, enséñala y ponla en tu mano. Baraja las cartas de tu baraja después.","trainerType":"Objeto","legal":{"standard":false,"expanded":true}},{"category":"Entrenador","id":"bw1-94","illustrator":"Kent Kanetsuna","localId":"94","name":"Interruptor de Energía","rarity":"Uncommon","set":{"cardCount":{"official":114,"total":115},"id":"bw1","name":"Negro y Blanco","symbol":"https://assets.tcgdex.net/univ/bw/bw1/symbol"},"variants":{"firstEdition":false,"holo":true,"normal":true,"reverse":true,"wPromo":false},"effect":"Mueve una Energía Básica de 1 de tus Pokémon a otro de tus Pokémon.","trainerType":"Objeto","legal":{"standard":false,"expanded":true}},{"category":"Entrenador","id":"bw1-95","illustrator":"5ban Graphics","localId":"95","name":"Curación Total","rarity":"Uncommon","set":{"cardCount":{"official":114,"total":115},"id":"bw1","name":"Negro y Blanco","symbol":"https://assets.tcgdex.net/univ/bw/bw1/symbol"},"variants":{"firstEdition":false,"holo":true,"normal":true,"reverse":true,"wPromo":false},"effect":"Elimina todas las Condiciones Especiales de tu Pokémon Activo.","trainerType":"Objeto","legal":{"standard":false,"expanded":true}},{"category":"Entrenador","id":"bw1-96","illustrator":"5ban Graphics","localId":"96","name":"PoderPlus","rarity":"Uncommon","set":{"cardCount":{"official":114,"total":115},"id":"bw1","name":"Negro y Blanco","symbol":"https://assets.tcgdex.net/univ/bw/bw1/symbol"},"variants":{"firstEdition":false,"holo":true,"normal":true,"reverse":true,"wPromo":false},"effect":"Durante este turno, los ataques de tus Pokémon hacen 10 puntos de daño más a los Pokémon Activos (antes de aplicar Debilidad y Resistencia).","trainerType":"Objeto","legal":{"standard":false,"expanded":true}},{"category":"Entrenador","id":"bw1-97","illustrator":"Yuri Umemura","localId":"97","name":"Poké Ball","rarity":"Uncommon","set":{"cardCount":{"official":114,"total":115},"id":"bw1","name":"Negro y Blanco","symbol":"https://assets.tcgdex.net/univ/bw/bw1/symbol"},"variants":{"firstEdition":false,"holo":true,"normal":true,"reverse":true,"wPromo":false},"effect":"Lanza una moneda. Si sale cara, busca en tu baraja un Pokémon, enséñalo y ponlo en tu mano. Baraja las cartas de tu baraja después.","trainerType":"Objeto","legal":{"standard":false,"expanded":true}},{"category":"Entrenador","id":"bw1-98","illustrator":"Noriko Hotta","localId":"98","name":"Pokédex","rarity":"Uncommon","set":{"cardCount":{"official":114,"total":115},"id":"bw1","name":"Negro y Blanco","symbol":"https://assets.tcgdex.net/univ/bw/bw1/symbol"},"variants":{"firstEdition":false,"holo":true,"normal":true,"reverse":true,"wPromo":false},"effect":"Mira las 5 primeras cartas de tu baraja y vuelve a colocarlas en la parte superior de tu baraja en el orden que quieras.","trainerType":"Objeto","legal":{"standard":false,"expanded":true}},{"category":"Entrenador","id":"bw1-99","illustrator":"5ban Graphics","localId":"99","name":"Comunicación Pokémon","rarity":"Uncommon","set":{"cardCount":{"official":114,"total":115},"id":"bw1","name":"Negro y Blanco","symbol":"https://assets.tcgdex.net/univ/bw/bw1/symbol"},"variants":{"firstEdition":false,"holo":true,"normal":true,"reverse":true,"wPromo":false},"effect":"Enseña un Pokémon de tu mano y ponlo en la parte superior de tu baraja. Si lo haces, busca en tu baraja un Pokémon, enséñalo y ponlo en tu mano. Baraja las cartas de tu baraja después.","trainerType":"Objeto","legal":{"standard":false,"expanded":true}},{"category":"Entrenador","id":"bw1-100","illustrator":"Ayaka Yoshida","localId":"100","name":"Poción","rarity":"Commún","set":{"cardCount":{"official":114,"total":115},"id":"bw1","name":"Negro y Blanco","symbol":"https://assets.tcgdex.net/univ/bw/bw1/symbol"},"variants":{"firstEdition":false,"holo":true,"normal":true,"reverse":true,"wPromo":false},"effect":"Cura 30 puntos de daño a 1 de tus Pokémon.","trainerType":"Objeto","legal":{"standard":false,"expanded":true}},{"category":"Entrenador","id":"bw1-101","illustrator":"Ken Sugimori","localId":"101","name":"Prof.ª Encina","rarity":"Uncommon","set":{"cardCount":{"official":114,"total":115},"id":"bw1","name":"Negro y Blanco","symbol":"https://assets.tcgdex.net/univ/bw/bw1/symbol"},"variants":{"firstEdition":false,"holo":true,"normal":true,"reverse":true,"wPromo":false},"effect":"Descarta las cartas de tu mano y roba 7 cartas.","trainerType":"Partidario","legal":{"standard":false,"expanded":true}},{"category":"Entrenador","id":"bw1-102","illustrator":"5ban Graphics","localId":"102","name":"Revivir","rarity":"Uncommon","set":{"cardCount":{"official":114,"total":115},"id":"bw1","name":"Negro y Blanco","symbol":"https://assets.tcgdex.net/univ/bw/bw1/symbol"},"variants":{"firstEdition":false,"holo":true,"normal":true,"reverse":true,"wPromo":false},"effect":"Pon un Pokémon Básico de tu pila de descartes en tu Banca.","trainerType":"Objeto","legal":{"standard":false,"expanded":true}},{"category":"Entrenador","id":"bw1-103","illustrator":"Daisuke Iwamoto","localId":"103","name":"Superlevante","rarity":"Uncommon","set":{"cardCount":{"official":114,"total":115},"id":"bw1","name":"Negro y Blanco","symbol":"https://assets.tcgdex.net/univ/bw/bw1/symbol"},"variants":{"firstEdition":false,"holo":true,"normal":true,"reverse":true,"wPromo":false},"effect":"Lanza una moneda. Si sale cara, pon 1 de tus Pokémon y todas las cartas unidas a él en tu mano.","trainerType":"Objeto","legal":{"standard":false,"expanded":true}},{"category":"Entrenador","id":"bw1-104","illustrator":"Ayaka Yoshida","localId":"104","name":"Cambio","rarity":"Commún","set":{"cardCount":{"official":114,"total":115},"id":"bw1","name":"Negro y Blanco","symbol":"https://assets.tcgdex.net/univ/bw/bw1/symbol"},"variants":{"firstEdition":false,"holo":true,"normal":true,"reverse":true,"wPromo":false},"effect":"Cambia tu Pokémon Activo por 1 de tus Pokémon en Banca.","trainerType":"Objeto","legal":{"standard":false,"expanded":true}},{"category":"Energía","id":"bw1-105","localId":"105","name":"Energía Planta","rarity":"Commún","set":{"cardCount":{"official":114,"total":115},"id":"bw1","name":"Negro y Blanco","symbol":"https://assets.tcgdex.net/univ/bw/bw1/symbol"},"variants":{"firstEdition":false,"holo":true,"normal":true,"reverse":true,"wPromo":false},"stage":"Basico","effect":"","energyType":"Básico","legal":{"standard":false,"expanded":true}},{"category":"Energía","id":"bw1-106","localId":"106","name":"Energía Fuego","rarity":"Commún","set":{"cardCount":{"official":114,"total":115},"id":"bw1","name":"Negro y Blanco","symbol":"https://assets.tcgdex.net/univ/bw/bw1/symbol"},"variants":{"firstEdition":false,"holo":true,"normal":true,"reverse":true,"wPromo":false},"stage":"Basico","effect":"","energyType":"Básico","legal":{"standard":false,"expanded":true}},{"category":"Energía","id":"bw1-107","localId":"107","name":"Energía Agua","rarity":"Commún","set":{"cardCount":{"official":114,"total":115},"id":"bw1","name":"Negro y Blanco","symbol":"https://assets.tcgdex.net/univ/bw/bw1/symbol"},"variants":{"firstEdition":false,"holo":true,"normal":true,"reverse":true,"wPromo":false},"stage":"Basico","effect":"","energyType":"Básico","legal":{"standard":false,"expanded":true}},{"category":"Energía","id":"bw1-108","localId":"108","name":"Energía Rayo","rarity":"Commún","set":{"cardCount":{"official":114,"total":115},"id":"bw1","name":"Negro y Blanco","symbol":"https://assets.tcgdex.net/univ/bw/bw1/symbol"},"variants":{"firstEdition":false,"holo":true,"normal":true,"reverse":true,"wPromo":false},"stage":"Basico","effect":"","energyType":"Básico","legal":{"standard":false,"expanded":true}},{"category":"Energía","id":"bw1-109","localId":"109","name":"Energía Psíquica","rarity":"Commún","set":{"cardCount":{"official":114,"total":115},"id":"bw1","name":"Negro y Blanco","symbol":"https://assets.tcgdex.net/univ/bw/bw1/symbol"},"variants":{"firstEdition":false,"holo":true,"normal":true,"reverse":true,"wPromo":false},"stage":"Basico","effect":"","energyType":"Básico","legal":{"standard":false,"expanded":true}},{"category":"Energía","id":"bw1-110","localId":"110","name":"Energía Lucha","rarity":"Commún","set":{"cardCount":{"official":114,"total":115},"id":"bw1","name":"Negro y Blanco","symbol":"https://assets.tcgdex.net/univ/bw/bw1/symbol"},"variants":{"firstEdition":false,"holo":true,"normal":true,"reverse":true,"wPromo":false},"stage":"Basico","effect":"","energyType":"Básico","legal":{"standard":false,"expanded":true}},{"category":"Energía","id":"bw1-111","localId":"111","name":"Energía Oscura","rarity":"Commún","set":{"cardCount":{"official":114,"total":115},"id":"bw1","name":"Negro y Blanco","symbol":"https://assets.tcgdex.net/univ/bw/bw1/symbol"},"variants":{"firstEdition":false,"holo":true,"normal":true,"reverse":true,"wPromo":false},"stage":"Basico","effect":"","energyType":"Básico","legal":{"standard":false,"expanded":true}},{"category":"Energía","id":"bw1-112","localId":"112","name":"Energía Metálica","rarity":"Commún","set":{"cardCount":{"official":114,"total":115},"id":"bw1","name":"Negro y Blanco","symbol":"https://assets.tcgdex.net/univ/bw/bw1/symbol"},"variants":{"firstEdition":false,"holo":true,"normal":true,"reverse":true,"wPromo":false},"stage":"Basico","effect":"","energyType":"Básico","legal":{"standard":false,"expanded":true}},{"category":"Pokémon","id":"bw1-113","illustrator":"5ban Graphics","localId":"113","name":"Reshiram","rarity":"Rara Ultra","set":{"cardCount":{"official":114,"total":115},"id":"bw1","name":"Negro y Blanco","symbol":"https://assets.tcgdex.net/univ/bw/bw1/symbol"},"variants":{"firstEdition":false,"holo":true,"normal":true,"reverse":true,"wPromo":false},"dexId":[643],"hp":130,"types":["Guego"],"stage":"Basico","attacks":[{"cost":["Incolora","Incolora"],"damage":20},{"cost":["Guego","Guego","Incolora"],"damage":120}],"weaknesses":[{"type":"Agua","value":"×2"}],"retreat":2,"legal":{"standard":false,"expanded":true}},{"category":"Pokémon","id":"bw1-114","illustrator":"5ban Graphics","localId":"114","name":"Zekrom","rarity":"Rara Ultra","set":{"cardCount":{"official":114,"total":115},"id":"bw1","name":"Negro y Blanco","symbol":"https://assets.tcgdex.net/univ/bw/bw1/symbol"},"variants":{"firstEdition":false,"holo":true,"normal":true,"reverse":true,"wPromo":false},"dexId":[644],"hp":130,"types":["Rayo"],"stage":"Basico","attacks":[{"cost":["Incolora","Incolora"],"damage":20},{"cost":["Rayo","Rayo","Incolora"],"damage":120}],"weaknesses":[{"type":"Lucha","value":"×2"}],"retreat":2,"legal":{"standard":false,"expanded":true}},{"category":"Pokémon","id":"bw1-115","illustrator":"Kouki Saitou","localId":"115","name":"Pikachu","rarity":"Rara Secreto","set":{"cardCount":{"official":114,"total":115},"id":"bw1","name":"Negro y Blanco","symbol":"https://assets.tcgdex.net/univ/bw/bw1/symbol"},"variants":{"firstEdition":false,"holo":true,"normal":true,"reverse":true,"wPromo":false},"hp":60,"types":["Rayo"],"stage":"Basico","attacks":[{"cost":["Rayo"]},{"cost":["Rayo","Incolora","Incolora"],"damage":80}],"weaknesses":[{"type":"Lucha","value":"×2"}],"retreat":1,"legal":{"standard":false,"expanded":true}}]