[{"category":"Pokémon","id":"bw7-1","illustrator":"Kanako Eo","localId":"1","name":"Oddish","rarity":"Commún","set":{"cardCount":{"official":149,"total":153},"id":"bw7","name":"Fronteras Cruzadas","symbol":"https://assets.tcgdex.net/univ/bw/bw7/symbol"},"variants":{"firstEdition":false,"holo":true,"normal":true,"reverse":true,"wPromo":false},"dexId":[43],"hp":50,"types":["Planta"],"stage":"Basico","attacks":[{"cost":["Planta"],"damage":10},{"cost":["Incolora","Incolora"],"damage":20}],"weaknesses":[{"type":"Guego","value":"×2"}],"resistances":[{"type":"Agua","value":"-20"}],"retreat":1,"legal":{"standard":false,"expanded":true}},{"category":"Pokémon","id":"bw7-2","illustrator":"Atsuko Nishida","localId":"2","name":"Gloom","rarity":"Uncommon","set":{"cardCount":{"official":149,"total":153},"id":"bw7","name":"Fronteras Cruzadas","symbol":"https://assets.tcgdex.net/univ/bw/bw7/symbol"},"variants":{"firstEdition":false,"holo":true,"normal":true,"reverse":true,"wPromo":false},"dexId":[44],"hp":80,"types":["Planta"],"stage":"Fase 1","attacks":[{"cost":["Incolora","Incolora"]},{"cost":["Planta","Incolora","Incolora"],"damage":40}],"weaknesses":[{"type":"Guego","value":"×2"}],"resistances":[{"type":"Agua","value":"-20"}],"retreat":1,"legal":{"standard":false,"expanded":true}},{"category":"Pokémon","id":"bw7-3","illustrator":"Shin Nagasawa","localId":"3","name":"Vileplume","rarity":"Rara","set":{"cardCount":{"official":149,"total":153},"id":"bw7","name":"Fronteras Cruzadas","symbol":"https://assets.tcgdex.net/univ/bw/bw7/symbol"},"variants":{"firstEdition":false,"holo":true,"normal":true,"reverse":true,"wPromo":false},"dexId":[45],"hp":140,"types":["Planta"],"stage":"Fase 2","abilities":[{"type":"Habilidad","name":"Pánico Alérgico","effect":"Aplica una Debilidad de x4 a cada Pokémon (tanto tuyos como de tu rival)."}],"attacks":[{"cost":["Planta","Incolora","Incolora","Incolora"],"damage":50}],"weaknesses":[{"type":"Guego","value":"×2"}],"resistances":[{"type":"Agua","value":"-20"}],"retreat":3,"legal":{"standard":false,"expanded":true}},{"category":"Pokémon","id":"bw7-4","illustrator":"Mizue","localId":"4","name":"Bellossom","rarity":"Rara","set":{"cardCount":{"official":149,"total":153},"id":"bw7","name":"Fronteras Cruzadas","symbol":"https://assets.tcgdex.net/univ/bw/bw7/symbol"},"variants":{"firstEdition":false,"holo":true,"normal":true,"reverse":true,"wPromo":false},"dexId":[182],"hp":110,"types":["Planta"],"stage":"Fase 2","attacks":[{"cost":["Planta"],"damage":10},{"cost":["Planta","Incolora","Incolora"],"damage":50}],"weaknesses":[{"type":"Guego","value":"×2"}],"resistances":[{"type":"Agua","value":"-20"}],"retreat":1,"legal":{"standard":false,"expanded":true}},{"category":"Pokémon","id":"bw7-5","illustrator":"MAHOU","localId":"5","name":"Tangela","rarity":"Commún","set":{"cardCount":{"official":149,"total":153},"id":"bw7","name":"Fronteras Cruzadas","symbol":"https://assets.tcgdex.net/univ/bw/bw7/symbol"},"variants":{"firstEdition":false,"holo":true,"normal":true,"reverse":true,"wPromo":false},"dexId":[114],"hp":80,"types":["Planta"],"stage":"Basico","attacks":[{"cost":["Planta"]},{"cost":["Planta","Incolora","Incolora"],"damage":50}],"weaknesses":[{"type":"Guego","value":"×2"}],"resistances":[{"type":"Agua","value":"-20"}],"retreat":2,"legal":{"standard":false,"expanded":true}},{"category":"Pokémon","id":"bw7-6","illustrator":"TOKIYA","localId":"6","name":"Tangrowth","rarity":"Rara","set":{"cardCount":{"official":149,"total":153},"id":"bw7","name":"Fronteras Cruzadas","symbol":"https://assets.tcgdex.net/univ/bw/bw7/symbol"},"variants":{"firstEdition":false,"holo":true,"normal":true,"reverse":true,"wPromo":false},"dexId":[465],"hp":130,"types":["Planta"],"stage":"Fase 1","attacks":[{"cost":["Planta"],"damage":30},{"cost":["Planta","Incolora","Incolora","Incolora"],"damage":70}],"weaknesses":[{"type":"Guego","value":"×2"}],"resistances":[{"type":"Agua","value":"-20"}],"retreat":4,"legal":{"standard":false,"expanded":true}},{"category":"Pokémon","id":"bw7-7","illustrator":"kawayoo","localId":"7","name":"Scyther","rarity":"Commún","set":{"cardCount":{"official":149,"total":153},"id":"bw7","name":"Fronteras Cruzadas","symbol":"https://assets.tcgdex.net/univ/bw/bw7/symbol"},"variants":{"firstEdition":false,"holo":true,"normal":true,"reverse":true,"wPromo":false},"dexId":[123],"hp":70,"types":["Planta"],"stage":"Basico","attacks":[{"cost":["Incolora"],"damage":10},{"cost":["Incolora","Incolora"],"damage":20}],"weaknesses":[{"type":"Guego","value":"×2"}],"retreat":1,"legal":{"standard":false,"expanded":true}},{"category":"Pokémon","id":"bw7-8","illustrator":"Naoki Saito","localId":"8","name":"Heracross","rarity":"Uncommon","set":{"cardCount":{"official":149,"total":153},"id":"bw7","name":"Fronteras Cruzadas","symbol":"https://assets.tcgdex.net/univ/bw/bw7/symbol"},"variants":{"firstEdition":false,"holo":true,"normal":true,"reverse":true,"wPromo":false},"dexId":[214],"hp":100,"types":["Planta"],"stage":"Basico","attacks":[{"cost":["Planta"],"damage":20},{"cost":["Planta","Planta","Incolora"],"damage":80}],"weaknesses":[{"type":"Guego","value":"×2"}],"retreat":2,"legal":{"standard":false,"expanded":true}},{"category":"Pokémon","id":"bw7-9","illustrator":"Toyste Beach","localId":"9","name":"Celebi-EX","rarity":"Rara","set":{"cardCount":{"official":149,"total":153},"id":"bw7","name":"Fronteras Cruzadas","symbol":"https://assets.tcgdex.net/univ/bw/bw7/symbol"},"variants":{"firstEdition":false,"holo":true,"normal":true,"reverse":true,"wPromo":false},"dexId":[251],"hp":110,"types":["Planta"],"suffix":"EX","abilities":[{"type":"Habilidad","name":"Retroceso en el Tiempo","effect":"Cada uno de tus Pokémon evolucionados puede usar cualquier ataque de sus Evoluciones anteriores. (Sigues necesitando la Energía necesaria para usar cada ataque.)"}],"attacks":[{"cost":["Planta","Incolora","Incolora"],"damage":60}],"weaknesses":[{"type":"Guego","value":"×2"}],"resistances":[{"type":"Agua","value":"-20"}],"retreat":1,"legal":{"standard":false,"expanded":true}},{"category":"Pokémon","id":"bw7-10","illustrator":"Kagemaru Himeno","localId":"10","name":"Shaymin","rarity":"Rara","set":{"cardCount":{"official":149,"total":153},"id":"bw7","name":"Fronteras Cruzadas","symbol":"https://assets.tcgdex.net/univ/bw/bw7/symbol"},"variants":{"firstEdition":false,"holo":true,"normal":true,"reverse":true,"wPromo":false},"dexId":[492],"hp":70,"types":["Planta"],"stage":"Basico","attacks":[{"cost":["Incolora"]},{"cost":["Planta","Planta"],"damage":30}],"weaknesses":[{"type":"Guego","value":"×2"}],"retreat":1,"legal":{"standard":false,"expanded":true}},{"category":"Pokémon","id":"bw7-11","illustrator":"Mizue","localId":"11","name":"Snivy","rarity":"Commún","set":{"cardCount":{"official":149,"total":153},"id":"bw7","name":"Fronteras Cruzadas","symbol":"https://assets.tcgdex.net/univ/bw/bw7/symbol"},"variants":{"firstEdition":false,"holo":true,"normal":true,"reverse":true,"wPromo":false},"dexId":[495],"hp":60,"types":["Planta"],"stage":"Basico","attacks":[{"cost":["Planta"],"damage":10},{"cost":["Planta","Incolora"],"damage":20}],"weaknesses":[{"type":"Guego","value":"×2"}],"retreat":1,"legal":{"standard":false,"expanded":true}},{"category":"Pokémon","id":"bw7-12","illustrator":"Mizue","localId":"12","name":"Servine","rarity":"Uncommon","set":{"cardCount":{"official":149,"total":153},"id":"bw7","name":"Fronteras Cruzadas","symbol":"https://assets.tcgdex.net/univ/bw/bw7/symbol"},"variants":{"firstEdition":false,"holo":true,"normal":true,"reverse":true,"wPromo":false},"dexId":[496],"hp":80,"types":["Planta"],"stage":"Fase 1","attacks":[{"cost":["Planta"],"damage":20},{"cost":["Planta","Incolora","Incolora"],"damage":40}],"weaknesses":[{"type":"Guego","value":"×2"}],"retreat":1,"legal":{"standard":false,"expanded":true}},{"category":"Pokémon","id":"bw7-13","illustrator":"Mizue","localId":"13","name":"Serperior","rarity":"Rara","set":{"cardCount":{"official":149,"total":153},"id":"bw7","name":"Fronteras Cruzadas","symbol":"https://assets.tcgdex.net/univ/bw/bw7/symbol"},"variants":{"firstEdition":false,"holo":true,"normal":true,"reverse":true,"wPromo":false},"dexId":[497],"hp":140,"types":["Planta"],"stage":"Fase 2","attacks":[{"cost":["Planta","Incolora"],"damage":50},{"cost":["Planta","Incolora","Incolora"],"damage":70}],"weaknesses":[{"type":"Guego","value":"×2"}],"retreat":1,"legal":{"standard":false,"expanded":true}},{"category":"Pokémon","id":"bw7-14","illustrator":"sui","localId":"14","name":"Cottonee","rarity":"Commún","set":{"cardCount":{"official":149,"total":153},"id":"bw7","name":"Fronteras Cruzadas","symbol":"https://assets.tcgdex.net/univ/bw/bw7/symbol"},"variants":{"firstEdition":false,"holo":true,"normal":true,"reverse":true,"wPromo":false},"dexId":[546],"hp":50,"types":["Planta"],"stage":"Basico","attacks":[{"cost":["Incolora"],"damage":10}],"weaknesses":[{"type":"Guego","value":"×2"}],"resistances":[{"type":"Agua","value":"-20"}],"retreat":1,"legal":{"standard":false,"expanded":true}},{"category":"Pokémon","id":"bw7-15","illustrator":"Kagemaru Himeno","localId":"15","name":"Whimsicott","rarity":"Rara","set":{"cardCount":{"official":149,"total":153},"id":"bw7","name":"Fronteras Cruzadas","symbol":"https://assets.tcgdex.net/univ/bw/bw7/symbol"},"variants":{"firstEdition":false,"holo":true,"normal":true,"reverse":true,"wPromo":false},"dexId":[547],"hp":80,"types":["Planta"],"stage":"Fase 1","attacks":[{"cost":["Incolora"]},{"cost":["Planta"],"damage":20}],"weaknesses":[{"type":"Guego","value":"×2"}],"resistances":[{"type":"Agua","value":"-20"}],"retreat":1,"legal":{"standard":false,"expanded":true}},{"category":"Pokémon","id":"bw7-16","illustrator":"sui","localId":"16","name":"Petilil","rarity":"Uncommon","set":{"cardCount":{"official":149,"total":153},"id":"bw7","name":"Fronteras Cruzadas","symbol":"https://assets.tcgdex.net/univ/bw/bw7/symbol"},"variants":{"firstEdition":false,"holo":true,"normal":true,"reverse":true,"wPromo":false},"dexId":[548],"hp":50,"types":["Planta"],"stage":"Basico","attacks":[{"cost":["Planta"],"damage":10}],"weaknesses":[{"type":"Guego","value":"×2"}],"resistances":[{"type":"Agua","value":"-20"}],"retreat":1,"legal":{"standard":false,"expanded":true}},{"category":"Pokémon","id":"bw7-17","illustrator":"Kanako Eo","localId":"17","name":"Lilligant","rarity":"Rara","set":{"cardCount":{"official":149,"total":153},"id":"bw7","name":"Fronteras Cruzadas","symbol":"https://assets.tcgdex.net/univ/bw/bw7/symbol"},"variants":{"firstEdition":false,"holo":true,"normal":true,"reverse":true,"wPromo":false},"dexId":[549],"hp":80,"types":["Planta"],"stage":"Fase 1","attacks":[{"cost":["Incolora"],"damage":20},{"cost":["Planta","Incolora","Incolora"],"damage":50}],"weaknesses":[{"type":"Guego","value":"×2"}],"resistances":[{"type":"Agua","value":"-20"}],"retreat":1,"legal":{"standard":false,"expanded":true}},{"category":"Pokémon","id":"bw7-18","illustrator":"Akira Komayama","localId":"18","name":"Charmander","rarity":"Commún","set":{"cardCount":{"official":149,"total":153},"id":"bw7","name":"Fronteras Cruzadas","symbol":"https://assets.tcgdex.net/univ/bw/bw7/symbol"},"variants":{"firstEdition":false,"holo":true,"normal":true,"reverse":true,"wPromo":false},"dexId":[4],"hp":70,"types":["Guego"],"stage":"Basico","attacks":[{"cost":["Guego"]},{"cost":["Guego","Incolora"],"damage":20}],"weaknesses":[{"type":"Agua","value":"×2"}],"retreat":2,"legal":{"standard":false,"expanded":true}},{"category":"Pokémon","id":"bw7-19","illustrator":"Masakazu Fukuda","localId":"19","name":"Charmeleon","rarity":"Uncommon","set":{"cardCount":{"official":149,"total":153},"id":"bw7","name":"Fronteras Cruzadas","symbol":"https://assets.tcgdex.net/univ/bw/bw7/symbol"},"variants":{"firstEdition":false,"holo":true,"normal":true,"reverse":true,"wPromo":false},"dexId":[5],"hp":90,"types":["Guego"],"stage":"Fase 1","attacks":[{"cost":["Guego"],"damage":20},{"cost":["Guego","Incolora","Incolora"],"damage":50}],"weaknesses":[{"type":"Agua","value":"×2"}],"retreat":2,"legal":{"standard":false,"expanded":true}},{"category":"Pokémon","id":"bw7-20","illustrator":"hatachu","localId":"20","name":"Charizard","rarity":"Rara","set":{"cardCount":{"official":149,"total":153},"id":"bw7","name":"Fronteras Cruzadas","symbol":"https://assets.tcgdex.net/univ/bw/bw7/symbol"},"variants":{"firstEdition":false,"holo":true,"normal":true,"reverse":true,"wPromo":false},"dexId":[6],"hp":160,"types":["Guego"],"stage":"Fase 2","attacks":[{"cost":["Guego","Incolora","Incolora"]},{"cost":["Guego","Incolora","Incolora","Incolora","Incolora"],"damage":150}],"weaknesses":[{"type":"Agua","value":"×2"}],"retreat":3,"legal":{"standard":false,"expanded":true}},{"category":"Pokémon","id":"bw7-21","illustrator":"match","localId":"21","name":"Numel","rarity":"Commún","set":{"cardCount":{"official":149,"total":153},"id":"bw7","name":"Fronteras Cruzadas","symbol":"https://assets.tcgdex.net/univ/bw/bw7/symbol"},"variants":{"firstEdition":false,"holo":true,"normal":true,"reverse":true,"wPromo":false},"dexId":[322],"hp":90,"types":["Guego"],"stage":"Basico","attacks":[{"cost":["Guego","Incolora","Incolora"],"damage":60}],"weaknesses":[{"type":"Agua","value":"×2"}],"retreat":3,"legal":{"standard":false,"expanded":true}},{"category":"Pokémon","id":"bw7-22","illustrator":"Akira Komayama","localId":"22","name":"Camerupt","rarity":"Rara","set":{"cardCount":{"official":149,"total":153},"id":"bw7","name":"Fronteras Cruzadas","symbol":"https://assets.tcgdex.net/univ/bw/bw7/symbol"},"variants":{"firstEdition":false,"holo":true,"normal":true,"reverse":true,"wPromo":false},"dexId":[323],"hp":130,"types":["Guego"],"stage":"Fase 1","attacks":[{"cost":["Guego","Incolora","Incolora"],"damage":60},{"cost":["Guego","Guego","Incolora","Incolora"],"damage":80}],"weaknesses":[{"type":"Agua","value":"×2"}],"retreat":4,"legal":{"standard":false,"expanded":true}},{"category":"Pokémon","id":"bw7-23","illustrator":"Masakazu Fukuda","localId":"23","name":"Victini","rarity":"Rara","set":{"cardCount":{"official":149,"total":153},"id":"bw7","name":"Fronteras Cruzadas","symbol":"https://assets.tcgdex.net/univ/bw/bw7/symbol"},"variants":{"firstEdition":false,"holo":true,"normal":true,"reverse":true,"wPromo":false},"dexId":[494],"hp":70,"types":["Guego"],"stage":"Basico","attacks":[{"cost":["Incolora"]},{"cost":["Guego","Incolora"],"damage":30}],"weaknesses":[{"type":"Agua","value":"×2"}],"retreat":1,"legal":{"standard":false,"expanded":true}},{"category":"Pokémon","id":"bw7-24","illustrator":"Shin Nagasawa","localId":"24","name":"Tepig","rarity":"Commún","set":{"cardCount":{"official":149,"total":153},"id":"bw7","name":"Fronteras Cruzadas","symbol":"https://assets.tcgdex.net/univ/bw/bw7/symbol"},"variants":{"firstEdition":false,"holo":true,"normal":true,"reverse":true,"wPromo":false},"dexId":[498],"hp":60,"types":["Guego"],"stage":"Basico","attacks":[{"cost":["Guego"],"damage":10},{"cost":["Guego","Incolora"],"damage":20}],"weaknesses":[{"type":"Agua","value":"×2"}],"retreat":1,"legal":{"standard":false,"expanded":true}},{"category":"Pokémon","id":"bw7-25","illustrator":"Shin Nagasawa","localId":"25","name":"Pignite","rarity":"Uncommon","set":{"cardCount":{"official":149,"total":153},"id":"bw7","name":"Fronteras Cruzadas","symbol":"https://assets.tcgdex.net/univ/bw/bw7/symbol"},"variants":{"firstEdition":false,"holo":true,"normal":true,"reverse":true,"wPromo":false},"dexId":[499],"hp":90,"types":["Guego"],"stage":"Fase 1","attacks":[{"cost":["Guego","Incolora"],"damage":20},{"cost":["Guego","Incolora","Incolora"],"damage":40}],"weaknesses":[{"type":"Agua","value":"×2"}],"retreat":2,"legal":{"standard":false,"expanded":true}},{"category":"Pokémon","id":"bw7-26","illustrator":"Shin Nagasawa","localId":"26","name":"Emboar","rarity":"Rara","set":{"cardCount":{"official":149,"total":153},"id":"bw7","name":"Fronteras Cruzadas","symbol":"https://assets.tcgdex.net/univ/bw/bw7/symbol"},"variants":{"firstEdition":false,"holo":true,"normal":true,"reverse":true,"wPromo":false},"dexId":[500],"hp":150,"types":["Guego"],"stage":"Fase 2","attacks":[{"cost":["Guego","Incolora","Incolora"],"damage":40},{"cost":["Guego","Guego","Incolora","Incolora"],"damage":120}],"weaknesses":[{"type":"Agua","value":"×2"}],"retreat":4,"legal":{"standard":false,"expanded":true}},{"category":"Pokémon","id":"bw7-27","illustrator":"Aya Kusube","localId":"27","name":"Darumaka","rarity":"Commún","set":{"cardCount":{"official":149,"total":153},"id":"bw7","name":"Fronteras Cruzadas","symbol":"https://assets.tcgdex.net/univ/bw/bw7/symbol"},"variants":{"firstEdition":false,"holo":true,"normal":true,"reverse":true,"wPromo":false},"dexId":[554],"hp":70,"types":["Guego"],"stage":"Basico","attacks":[{"cost":["Guego","Incolora"],"damage":30}],"weaknesses":[{"type":"Agua","value":"×2"}],"retreat":2,"legal":{"standard":false,"expanded":true}},{"category":"Pokémon","id":"bw7-28","illustrator":"kawayoo","localId":"28","name":"Darmanitan","rarity":"Uncommon","set":{"cardCount":{"official":149,"total":153},"id":"bw7","name":"Fronteras Cruzadas","symbol":"https://assets.tcgdex.net/univ/bw/bw7/symbol"},"variants":{"firstEdition":false,"holo":true,"normal":true,"reverse":true,"wPromo":false},"dexId":[555],"hp":110,"types":["Guego"],"stage":"Fase 1","attacks":[{"cost":["Incolora"],"damage":20},{"cost":["Guego","Incolora","Incolora"],"damage":60}],"weaknesses":[{"type":"Agua","value":"×2"}],"retreat":2,"legal":{"standard":false,"expanded":true}},{"category":"Pokémon","id":"bw7-29","illustrator":"Kanako Eo","localId":"29","name":"Squirtle","rarity":"Commún","set":{"cardCount":{"official":149,"total":153},"id":"bw7","name":"Fronteras Cruzadas","symbol":"https://assets.tcgdex.net/univ/bw/bw7/symbol"},"variants":{"firstEdition":false,"holo":true,"normal":true,"reverse":true,"wPromo":false},"dexId":[7],"hp":60,"types":["Agua"],"stage":"Basico","abilities":[{"type":"Habilidad","name":"Escudo Caparazón","effect":"Mientras este Pokémon esté en tu Banca, evita todo el daño infligido a este Pokémon por ataques (tanto tuyos como de tu rival)."}],"attacks":[{"cost":["Agua","Incolora"],"damage":10}],"weaknesses":[{"type":"Planta","value":"×2"}],"retreat":1,"legal":{"standard":false,"expanded":true}},{"category":"Pokémon","id":"bw7-30","illustrator":"Mizue","localId":"30","name":"Wartortle","rarity":"Uncommon","set":{"cardCount":{"official":149,"total":153},"id":"bw7","name":"Fronteras Cruzadas","symbol":"https://assets.tcgdex.net/univ/bw/bw7/symbol"},"variants":{"firstEdition":false,"holo":true,"normal":true,"reverse":true,"wPromo":false},"dexId":[8],"hp":80,"types":["Agua"],"stage":"Fase 1","attacks":[{"cost":["Incolora"]},{"cost":["Agua","Agua","Incolora"],"damage":60}],"weaknesses":[{"type":"Planta","value":"×2"}],"retreat":2,"legal":{"standard":false,"expanded":true}},{"category":"Pokémon","id":"bw7-31","illustrator":"Satoshi Shirai","localId":"31","name":"Blastoise","rarity":"Rara","set":{"cardCount":{"official":149,"total":153},"id":"bw7","name":"Fronteras Cruzadas","symbol":"https://assets.tcgdex.net/univ/bw/bw7/symbol"},"variants":{"firstEdition":false,"holo":true,"normal":true,"reverse":true,"wPromo":false},"dexId":[9],"hp":140,"types":["Agua"],"stage":"Fase 2","abilities":[{"type":"Habilidad","name":"Inundación","effect":"Todas las veces que quieras durante tu turno (antes de tu ataque), puedes unir una carta de Energía Water de tu mano a 1 de tus Pokémon."}],"attacks":[{"cost":["Incolora","Incolora","Incolora","Incolora"],"damage":60}],"weaknesses":[{"type":"Planta","value":"×2"}],"retreat":4,"legal":{"standard":false,"expanded":true}},{"category":"Pokémon","id":"bw7-32","illustrator":"match","localId":"32","name":"Psyduck","rarity":"Commún","set":{"cardCount":{"official":149,"total":153},"id":"bw7","name":"Fronteras Cruzadas","symbol":"https://assets.tcgdex.net/univ/bw/bw7/symbol"},"variants":{"firstEdition":false,"holo":true,"normal":true,"reverse":true,"wPromo":false},"dexId":[54],"hp":60,"types":["Agua"],"stage":"Basico","attacks":[{"cost":["Incolora"]}],"weaknesses":[{"type":"Rayo","value":"×2"}],"retreat":1,"legal":{"standard":false,"expanded":true}},{"category":"Pokémon","id":"bw7-33","illustrator":"Masakazu Fukuda","localId":"33","name":"Psyduck","rarity":"Commún","set":{"cardCount":{"official":149,"total":153},"id":"bw7","name":"Fronteras Cruzadas","symbol":"https://assets.tcgdex.net/univ/bw/bw7/symbol"},"variants":{"firstEdition":false,"holo":true,"normal":true,"reverse":true,"wPromo":false},"dexId":[54],"hp":70,"types":["Agua"],"stage":"Basico","attacks":[{"cost":["Agua"]}],"weaknesses":[{"type":"Rayo","value":"×2"}],"retreat":3,"legal":{"standard":false,"expanded":true}},{"category":"Pokémon","id":"bw7-34","illustrator":"match","localId":"34","name":"Golduck","rarity":"Uncommon","set":{"cardCount":{"official":149,"total":153},"id":"bw7","name":"Fronteras Cruzadas","symbol":"https://assets.tcgdex.net/univ/bw/bw7/symbol"},"variants":{"firstEdition":false,"holo":true,"normal":true,"reverse":true,"wPromo":false},"dexId":[55],"hp":80,"types":["Agua"],"stage":"Fase 1","attacks":[{"cost":["Incolora"]},{"cost":["Agua","Incolora"],"damage":30}],"weaknesses":[{"type":"Rayo","value":"×2"}],"retreat":0,"legal":{"standard":false,"expanded":true}},{"category":"Pokémon","id":"bw7-35","illustrator":"Kagemaru Himeno","localId":"35","name":"Golduck","rarity":"Rara","set":{"cardCount":{"official":149,"total":153},"id":"bw7","name":"Fronteras Cruzadas","symbol":"https://assets.tcgdex.net/univ/bw/bw7/symbol"},"variants":{"firstEdition":false,"holo":true,"normal":true,"reverse":true,"wPromo":false},"dexId":[55],"hp":90,"types":["Agua"],"stage":"Fase 1","attacks":[{"cost":["Incolora"],"damage":20},{"cost":["Agua","Agua"],"damage":90}],"weaknesses":[{"type":"Rayo","value":"×2"}],"retreat":0,"legal":{"standard":false,"expanded":true}},{"category":"Pokémon","id":"bw7-36","illustrator":"Mizue","localId":"36","name":"Marill","rarity":"Commún","set":{"cardCount":{"official":149,"total":153},"id":"bw7","name":"Fronteras Cruzadas","symbol":"https://assets.tcgdex.net/univ/bw/bw7/symbol"},"variants":{"firstEdition":false,"holo":true,"normal":true,"reverse":true,"wPromo":false},"dexId":[183],"hp":70,"types":["Agua"],"stage":"Basico","attacks":[{"cost":["Incolora","Incolora"],"damage":20},{"cost":["Agua","Incolora","Incolora"],"damage":30}],"weaknesses":[{"type":"Rayo","value":"×2"}],"retreat":2,"legal":{"standard":false,"expanded":true}},{"category":"Pokémon","id":"bw7-37","illustrator":"Masakazu Fukuda","localId":"37","name":"Azumarill","rarity":"Uncommon","set":{"cardCount":{"official":149,"total":153},"id":"bw7","name":"Fronteras Cruzadas","symbol":"https://assets.tcgdex.net/univ/bw/bw7/symbol"},"variants":{"firstEdition":false,"holo":true,"normal":true,"reverse":true,"wPromo":false},"dexId":[184],"hp":90,"types":["Agua"],"stage":"Fase 1","attacks":[{"cost":["Incolora","Incolora"]},{"cost":["Agua","Agua","Incolora"],"damage":70}],"weaknesses":[{"type":"Rayo","value":"×2"}],"retreat":1,"legal":{"standard":false,"expanded":true}},{"category":"Pokémon","id":"bw7-38","illustrator":"Sumiyoshi Kizuki","localId":"38","name":"Delibird","rarity":"Uncommon","set":{"cardCount":{"official":149,"total":153},"id":"bw7","name":"Fronteras Cruzadas","symbol":"https://assets.tcgdex.net/univ/bw/bw7/symbol"},"variants":{"firstEdition":false,"holo":true,"normal":true,"reverse":true,"wPromo":false},"dexId":[225],"hp":80,"types":["Agua"],"stage":"Basico","attacks":[{"cost":["Incolora"]},{"cost":["Agua","Incolora"],"damage":30}],"weaknesses":[{"type":"Metálica","value":"×2"}],"retreat":1,"legal":{"standard":false,"expanded":true}},{"category":"Pokémon","id":"bw7-39","illustrator":"match","localId":"39","name":"Oshawott","rarity":"Commún","set":{"cardCount":{"official":149,"total":153},"id":"bw7","name":"Fronteras Cruzadas","symbol":"https://assets.tcgdex.net/univ/bw/bw7/symbol"},"variants":{"firstEdition":false,"holo":true,"normal":true,"reverse":true,"wPromo":false},"dexId":[501],"hp":60,"types":["Agua"],"stage":"Basico","attacks":[{"cost":["Agua"],"damage":10},{"cost":["Agua","Incolora"],"damage":20}],"weaknesses":[{"type":"Planta","value":"×2"}],"retreat":1,"legal":{"standard":false,"expanded":true}},{"category":"Pokémon","id":"bw7-40","illustrator":"match","localId":"40","name":"Dewott","rarity":"Uncommon","set":{"cardCount":{"official":149,"total":153},"id":"bw7","name":"Fronteras Cruzadas","symbol":"https://assets.tcgdex.net/univ/bw/bw7/symbol"},"variants":{"firstEdition":false,"holo":true,"normal":true,"reverse":true,"wPromo":false},"dexId":[502],"hp":90,"types":["Agua"],"stage":"Fase 1","attacks":[{"cost":["Agua"],"damage":20},{"cost":["Agua","Agua","Incolora"],"damage":50}],"weaknesses":[{"type":"Planta","value":"×2"}],"retreat":1,"legal":{"standard":false,"expanded":true}},{"category":"Pokémon","id":"bw7-41","illustrator":"match","localId":"41","name":"Samurott","rarity":"Rara","set":{"cardCount":{"official":149,"total":153},"id":"bw7","name":"Fronteras Cruzadas","symbol":"https://assets.tcgdex.net/univ/bw/bw7/symbol"},"variants":{"firstEdition":false,"holo":true,"normal":true,"reverse":true,"wPromo":false},"dexId":[503],"hp":140,"types":["Agua"],"stage":"Fase 2","attacks":[{"cost":["Agua","Incolora"],"damage":50},{"cost":["Agua","Agua","Incolora","Incolora"],"damage":80}],"weaknesses":[{"type":"Planta","value":"×2"}],"retreat":3,"legal":{"standard":false,"expanded":true}},{"category":"Pokémon","id":"bw7-42","illustrator":"Kouki Saitou","localId":"42","name":"Ducklett","rarity":"Commún","set":{"cardCount":{"official":149,"total":153},"id":"bw7","name":"Fronteras Cruzadas","symbol":"https://assets.tcgdex.net/univ/bw/bw7/symbol"},"variants":{"firstEdition":false,"holo":true,"normal":true,"reverse":true,"wPromo":false},"dexId":[580],"hp":70,"types":["Agua"],"stage":"Basico","attacks":[{"cost":["Agua","Incolora"],"damage":20}],"weaknesses":[{"type":"Rayo","value":"×2"}],"resistances":[{"type":"Lucha","value":"-20"}],"retreat":1,"legal":{"standard":false,"expanded":true}},{"category":"Pokémon","id":"bw7-43","illustrator":"Suwama Chiaki","localId":"43","name":"Swanna","rarity":"Uncommon","set":{"cardCount":{"official":149,"total":153},"id":"bw7","name":"Fronteras Cruzadas","symbol":"https://assets.tcgdex.net/univ/bw/bw7/symbol"},"variants":{"firstEdition":false,"holo":true,"normal":true,"reverse":true,"wPromo":false},"dexId":[581],"hp":90,"types":["Agua"],"stage":"Fase 1","attacks":[{"cost":["Incolora","Incolora"],"damage":20},{"cost":["Agua","Incolora","Incolora"],"damage":60}],"weaknesses":[{"type":"Rayo","value":"×2"}],"resistances":[{"type":"Lucha","value":"-20"}],"retreat":1,"legal":{"standard":false,"expanded":true}},{"category":"Pokémon","id":"bw7-44","illustrator":"Miki Tanaka","localId":"44","name":"Frillish","rarity":"Commún","set":{"cardCount":{"official":149,"total":153},"id":"bw7","name":"Fronteras Cruzadas","symbol":"https://assets.tcgdex.net/univ/bw/bw7/symbol"},"variants":{"firstEdition":false,"holo":true,"normal":true,"reverse":true,"wPromo":false},"dexId":[592],"hp":80,"types":["Agua"],"stage":"Basico","attacks":[{"cost":["Agua","Incolora","Incolora"],"damage":40}],"weaknesses":[{"type":"Rayo","value":"×2"}],"retreat":2,"legal":{"standard":false,"expanded":true}},{"category":"Pokémon","id":"bw7-45","illustrator":"Kouki Saitou","localId":"45","name":"Jellicent","rarity":"Rara","set":{"cardCount":{"official":149,"total":153},"id":"bw7","name":"Fronteras Cruzadas","symbol":"https://assets.tcgdex.net/univ/bw/bw7/symbol"},"variants":{"firstEdition":false,"holo":true,"normal":true,"reverse":true,"wPromo":false},"dexId":[593],"hp":100,"types":["Agua"],"stage":"Fase 1","abilities":[{"type":"Habilidad","name":"Pegajosidad","effect":"El Coste de Retirada de cada uno de los Pokémon en juego de tu rival es de Colorless más."}],"attacks":[{"cost":["Agua","Incolora","Incolora"],"damage":40}],"weaknesses":[{"type":"Rayo","value":"×2"}],"retreat":3,"legal":{"standard":false,"expanded":true}},{"category":"Pokémon","id":"bw7-46","illustrator":"Kouki Saitou","localId":"46","name":"Cryogonal","rarity":"Uncommon","set":{"cardCount":{"official":149,"total":153},"id":"bw7","name":"Fronteras Cruzadas","symbol":"https://assets.tcgdex.net/univ/bw/bw7/symbol"},"variants":{"firstEdition":false,"holo":true,"normal":true,"reverse":true,"wPromo":false},"dexId":[615],"hp":90,"types":["Agua"],"stage":"Basico","attacks":[{"cost":["Agua","Incolora"],"damage":20}],"weaknesses":[{"type":"Metálica","value":"×2"}],"retreat":1,"legal":{"standard":false,"expanded":true}},{"category":"Pokémon","id":"bw7-47","illustrator":"Ryo Ueda","localId":"47","name":"Keldeo","rarity":"Rara","set":{"cardCount":{"official":149,"total":153},"id":"bw7","name":"Fronteras Cruzadas","symbol":"https://assets.tcgdex.net/univ/bw/bw7/symbol"},"variants":{"firstEdition":false,"holo":true,"normal":true,"reverse":true,"wPromo":false},"dexId":[647],"hp":110,"types":["Agua"],"stage":"Basico","attacks":[{"cost":["Agua","Incolora"],"damage":30},{"cost":["Incolora","Incolora","Incolora"],"damage":60}],"weaknesses":[{"type":"Planta","value":"×2"}],"retreat":1,"legal":{"standard":false,"expanded":true}},{"category":"Pokémon","id":"bw7-48","illustrator":"Naoki Saito","localId":"48","name":"Keldeo","rarity":"Rara","set":{"cardCount":{"official":149,"total":153},"id":"bw7","name":"Fronteras Cruzadas","symbol":"https://assets.tcgdex.net/univ/bw/bw7/symbol"},"variants":{"firstEdition":false,"holo":true,"normal":true,"reverse":true,"wPromo":false},"dexId":[647],"hp":90,"types":["Agua"],"stage":"Basico","attacks":[{"cost":["Agua","Incolora"],"damage":20},{"cost":["Agua","Agua","Incolora"],"damage":70}],"weaknesses":[{"type":"Planta","value":"×2"}],"retreat":1,"legal":{"standard":false,"expanded":true}},{"category":"Pokémon","id":"bw7-49","illustrator":"Toyste Beach","localId":"49","name":"Keldeo-EX","rarity":"Rara","set":{"cardCount":{"official":149,"total":153},"id":"bw7","name":"Fronteras Cruzadas","symbol":"https://assets.tcgdex.net/univ/bw/bw7/symbol"},"variants":{"firstEdition":false,"holo":true,"normal":true,"reverse":true,"wPromo":false},"dexId":[647],"hp":170,"types":["Agua"],"suffix":"EX","abilities":[{"type":"Habilidad","name":"Apremio","effect":"Una vez durante tu turno (antes de tu ataque), si este Pokémon está en tu Banca, puedes cambiar a este Pokémon por tu Pokémon Activo."}],"attacks":[{"cost":["Incolora","Incolora","Incolora"],"damage":50}],"weaknesses":[{"type":"Planta","value":"×2"}],"retreat":2,"legal":{"standard":false,"expanded":true}},{"category":"Pokémon","id":"bw7-50","illustrator":"Ken Sugimori","localId":"50","name":"Pikachu","rarity":"Commún","set":{"cardCount":{"official":149,"total":153},"id":"bw7","name":"Fronteras Cruzadas","symbol":"https://assets.tcgdex.net/univ/bw/bw7/symbol"},"variants":{"firstEdition":false,"holo":true,"normal":true,"reverse":true,"wPromo":false},"dexId":[25],"hp":60,"types":["Rayo"],"stage":"Basico","attacks":[{"cost":["Rayo"],"damage":10},{"cost":["Rayo","Rayo","Incolora"],"damage":40}],"weaknesses":[{"type":"Lucha","value":"×2"}],"retreat":1,"legal":{"standard":false,"expanded":true}},{"category":"Pokémon","id":"bw7-51","illustrator":"Ken Sugimori","localId":"51","name":"Voltorb","rarity":"Commún","set":{"cardCount":{"official":149,"total":153},"id":"bw7","name":"Fronteras Cruzadas","symbol":"https://assets.tcgdex.net/univ/bw/bw7/symbol"},"variants":{"firstEdition":false,"holo":true,"normal":true,"reverse":true,"wPromo":false},"dexId":[100],"hp":50,"types":["Rayo"],"stage":"Basico","attacks":[{"cost":["Incolora"],"damage":10}],"weaknesses":[{"type":"Lucha","value":"×2"}],"retreat":1,"legal":{"standard":false,"expanded":true}},{"category":"Pokémon","id":"bw7-52","illustrator":"Ken Sugimori","localId":"52","name":"Electrode","rarity":"Uncommon","set":{"cardCount":{"official":149,"total":153},"id":"bw7","name":"Fronteras Cruzadas","symbol":"https://assets.tcgdex.net/univ/bw/bw7/symbol"},"variants":{"firstEdition":false,"holo":true,"normal":true,"reverse":true,"wPromo":false},"dexId":[101],"hp":80,"types":["Rayo"],"stage":"Fase 1","attacks":[{"cost":["Incolora"],"damage":20},{"cost":["Rayo","Incolora","Incolora"],"damage":60}],"weaknesses":[{"type":"Lucha","value":"×2"}],"retreat":0,"legal":{"standard":false,"expanded":true}},{"category":"Pokémon","id":"bw7-53","illustrator":"Shigenori Negishi","localId":"53","name":"Electabuzz","rarity":"Commún","set":{"cardCount":{"official":149,"total":153},"id":"bw7","name":"Fronteras Cruzadas","symbol":"https://assets.tcgdex.net/univ/bw/bw7/symbol"},"variants":{"firstEdition":false,"holo":true,"normal":true,"reverse":true,"wPromo":false},"dexId":[125],"hp":80,"types":["Rayo"],"stage":"Basico","attacks":[{"cost":["Rayo","Incolora"],"damage":20},{"cost":["Rayo","Incolora","Incolora"],"damage":50}],"weaknesses":[{"type":"Lucha","value":"×2"}],"retreat":2,"legal":{"standard":false,"expanded":true}},{"category":"Pokémon","id":"bw7-54","illustrator":"BERUBURI","localId":"54","name":"Electivire","rarity":"Rara","set":{"cardCount":{"official":149,"total":153},"id":"bw7","name":"Fronteras Cruzadas","symbol":"https://assets.tcgdex.net/univ/bw/bw7/symbol"},"variants":{"firstEdition":false,"holo":true,"normal":true,"reverse":true,"wPromo":false},"dexId":[466],"hp":120,"types":["Rayo"],"stage":"Fase 1","attacks":[{"cost":["Rayo","Incolora","Incolora"]},{"cost":["Rayo","Incolora","Incolora","Incolora"],"damage":80}],"weaknesses":[{"type":"Lucha","value":"×2"}],"retreat":3,"legal":{"standard":false,"expanded":true}},{"category":"Pokémon","id":"bw7-55","illustrator":"Ken Sugimori","localId":"55","name":"Chinchou","rarity":"Commún","set":{"cardCount":{"official":149,"total":153},"id":"bw7","name":"Fronteras Cruzadas","symbol":"https://assets.tcgdex.net/univ/bw/bw7/symbol"},"variants":{"firstEdition":false,"holo":true,"normal":true,"reverse":true,"wPromo":false},"dexId":[170],"hp":60,"types":["Rayo"],"stage":"Basico","attacks":[{"cost":["Rayo","Incolora"]}],"weaknesses":[{"type":"Lucha","value":"×2"}],"retreat":1,"legal":{"standard":false,"expanded":true}},{"category":"Pokémon","id":"bw7-56","illustrator":"Midori Harada","localId":"56","name":"Blitzle","rarity":"Commún","set":{"cardCount":{"official":149,"total":153},"id":"bw7","name":"Fronteras Cruzadas","symbol":"https://assets.tcgdex.net/univ/bw/bw7/symbol"},"variants":{"firstEdition":false,"holo":true,"normal":true,"reverse":true,"wPromo":false},"dexId":[522],"hp":70,"types":["Rayo"],"stage":"Basico","attacks":[{"cost":["Incolora"],"damage":10}],"weaknesses":[{"type":"Lucha","value":"×2"}],"retreat":1,"legal":{"standard":false,"expanded":true}},{"category":"Pokémon","id":"bw7-57","illustrator":"Mitsuhiro Arita","localId":"57","name":"Zebstrika","rarity":"Rara","set":{"cardCount":{"official":149,"total":153},"id":"bw7","name":"Fronteras Cruzadas","symbol":"https://assets.tcgdex.net/univ/bw/bw7/symbol"},"variants":{"firstEdition":false,"holo":true,"normal":true,"reverse":true,"wPromo":false},"dexId":[523],"hp":100,"types":["Rayo"],"stage":"Fase 1","attacks":[{"cost":["Incolora"]},{"cost":["Rayo","Incolora","Incolora"],"damage":90}],"weaknesses":[{"type":"Lucha","value":"×2"}],"retreat":1,"legal":{"standard":false,"expanded":true}},{"category":"Pokémon","id":"bw7-58","illustrator":"Ken Sugimori","localId":"58","name":"Wobbuffet","rarity":"Uncommon","set":{"cardCount":{"official":149,"total":153},"id":"bw7","name":"Fronteras Cruzadas","symbol":"https://assets.tcgdex.net/univ/bw/bw7/symbol"},"variants":{"firstEdition":false,"holo":true,"normal":true,"reverse":true,"wPromo":false},"dexId":[202],"hp":90,"types":["Psíquico"],"stage":"Basico","attacks":[{"cost":["Psíquico","Psíquico","Incolora"],"damage":60}],"weaknesses":[{"type":"Psíquico","value":"×2"}],"retreat":2,"legal":{"standard":false,"expanded":true}},{"category":"Pokémon","id":"bw7-59","illustrator":"Sumiyoshi Kizuki","localId":"59","name":"Spoink","rarity":"Commún","set":{"cardCount":{"official":149,"total":153},"id":"bw7","name":"Fronteras Cruzadas","symbol":"https://assets.tcgdex.net/univ/bw/bw7/symbol"},"variants":{"firstEdition":false,"holo":true,"normal":true,"reverse":true,"wPromo":false},"dexId":[325],"hp":50,"types":["Psíquico"],"stage":"Basico","attacks":[{"cost":["Psíquico"],"damage":10}],"weaknesses":[{"type":"Psíquico","value":"×2"}],"retreat":1,"legal":{"standard":false,"expanded":true}},{"category":"Pokémon","id":"bw7-60","illustrator":"Kouki Saitou","localId":"60","name":"Grumpig","rarity":"Rara","set":{"cardCount":{"official":149,"total":153},"id":"bw7","name":"Fronteras Cruzadas","symbol":"https://assets.tcgdex.net/univ/bw/bw7/symbol"},"variants":{"firstEdition":false,"holo":true,"normal":true,"reverse":true,"wPromo":false},"dexId":[326],"hp":110,"types":["Psíquico"],"stage":"Fase 1","attacks":[{"cost":["Psíquico","Incolora"],"damage":30},{"cost":["Psíquico","Incolora","Incolora"],"damage":60}],"weaknesses":[{"type":"Psíquico","value":"×2"}],"retreat":2,"legal":{"standard":false,"expanded":true}},{"category":"Pokémon","id":"bw7-61","illustrator":"Naoki Saito","localId":"61","name":"Duskull","rarity":"Commún","set":{"cardCount":{"official":149,"total":153},"id":"bw7","name":"Fronteras Cruzadas","symbol":"https://assets.tcgdex.net/univ/bw/bw7/symbol"},"variants":{"firstEdition":false,"holo":true,"normal":true,"reverse":true,"wPromo":false},"dexId":[355],"hp":50,"types":["Psíquico"],"stage":"Basico","attacks":[{"cost":["Psíquico"]}],"weaknesses":[{"type":"Oscura","value":"×2"}],"retreat":1,"legal":{"standard":false,"expanded":true}},{"category":"Pokémon","id":"bw7-62","illustrator":"Akira Komayama","localId":"62","name":"Dusclops","rarity":"Uncommon","set":{"cardCount":{"official":149,"total":153},"id":"bw7","name":"Fronteras Cruzadas","symbol":"https://assets.tcgdex.net/univ/bw/bw7/symbol"},"variants":{"firstEdition":false,"holo":true,"normal":true,"reverse":true,"wPromo":false},"dexId":[356],"hp":80,"types":["Psíquico"],"stage":"Fase 1","attacks":[{"cost":["Psíquico"]},{"cost":["Psíquico","Incolora","Incolora"],"damage":40}],"weaknesses":[{"type":"Oscura","value":"×2"}],"retreat":2,"legal":{"standard":false,"expanded":true}},{"category":"Pokémon","id":"bw7-63","illustrator":"kawayoo","localId":"63","name":"Dusknoir","rarity":"Rara","set":{"cardCount":{"official":149,"total":153},"id":"bw7","name":"Fronteras Cruzadas","symbol":"https://assets.tcgdex.net/univ/bw/bw7/symbol"},"variants":{"firstEdition":false,"holo":true,"normal":true,"reverse":true,"wPromo":false},"dexId":[477],"hp":130,"types":["Psíquico"],"stage":"Fase 2","abilities":[{"type":"Habilidad","name":"Mano Siniestra","effect":"Todas las veces que quieras durante tu turno (antes de tu ataque), puedes mover 1 contador de daño de 1 de los Pokémon de tu rival a otro de los Pokémon de tu rival."}],"attacks":[{"cost":["Psíquico","Incolora","Incolora","Incolora"],"damage":60}],"weaknesses":[{"type":"Oscura","value":"×2"}],"retreat":3,"legal":{"standard":false,"expanded":true}},{"category":"Pokémon","id":"bw7-64","illustrator":"Ken Sugimori","localId":"64","name":"Croagunk","rarity":"Commún","set":{"cardCount":{"official":149,"total":153},"id":"bw7","name":"Fronteras Cruzadas","symbol":"https://assets.tcgdex.net/univ/bw/bw7/symbol"},"variants":{"firstEdition":false,"holo":true,"normal":true,"reverse":true,"wPromo":false},"dexId":[453],"hp":60,"types":["Psíquico"],"stage":"Basico","attacks":[{"cost":["Psíquico","Incolora"],"damage":20}],"weaknesses":[{"type":"Psíquico","value":"×2"}],"retreat":1,"legal":{"standard":false,"expanded":true}},{"category":"Pokémon","id":"bw7-65","illustrator":"MAHOU","localId":"65","name":"Croagunk","rarity":"Uncommon","set":{"cardCount":{"official":149,"total":153},"id":"bw7","name":"Fronteras Cruzadas","symbol":"https://assets.tcgdex.net/univ/bw/bw7/symbol"},"variants":{"firstEdition":false,"holo":true,"normal":true,"reverse":true,"wPromo":false},"dexId":[453],"hp":70,"types":["Psíquico"],"stage":"Basico","attacks":[{"cost":["Psíquico","Incolora"],"damage":20}],"weaknesses":[{"type":"Psíquico","value":"×2"}],"retreat":1,"legal":{"standard":false,"expanded":true}},{"category":"Pokémon","id":"bw7-66","illustrator":"Kouki Saitou","localId":"66","name":"Toxicroak","rarity":"Rara","set":{"cardCount":{"official":149,"total":153},"id":"bw7","name":"Fronteras Cruzadas","symbol":"https://assets.tcgdex.net/univ/bw/bw7/symbol"},"variants":{"firstEdition":false,"holo":true,"normal":true,"reverse":true,"wPromo":false},"dexId":[454],"hp":90,"types":["Psíquico"],"stage":"Fase 1","attacks":[{"cost":["Incolora"],"damage":20},{"cost":["Psíquico","Incolora","Incolora"],"damage":60}],"weaknesses":[{"type":"Psíquico","value":"×2"}],"retreat":1,"legal":{"standard":false,"expanded":true}},{"category":"Pokémon","id":"bw7-67","illustrator":"Hideaki Hakozaki","localId":"67","name":"Cresselia-EX","rarity":"Rara","set":{"cardCount":{"official":149,"total":153},"id":"bw7","name":"Fronteras Cruzadas","symbol":"https://assets.tcgdex.net/univ/bw/bw7/symbol"},"variants":{"firstEdition":false,"holo":true,"normal":true,"reverse":true,"wPromo":false},"dexId":[488],"hp":170,"types":["Psíquico"],"suffix":"EX","abilities":[{"type":"Habilidad","name":"Partículas Centelleantes","effect":"En cualquier momento entre turnos, cura 10 puntos de daño a este Pokémon."}],"attacks":[{"cost":["Psíquico","Incolora","Incolora","Incolora"],"damage":90}],"weaknesses":[{"type":"Psíquico","value":"×2"}],"retreat":1,"legal":{"standard":false,"expanded":true}},{"category":"Pokémon","id":"bw7-68","illustrator":"sui","localId":"68","name":"Munna","rarity":"Uncommon","set":{"cardCount":{"official":149,"total":153},"id":"bw7","name":"Fronteras Cruzadas","symbol":"https://assets.tcgdex.net/univ/bw/bw7/symbol"},"variants":{"firstEdition":false,"holo":true,"normal":true,"reverse":true,"wPromo":false},"dexId":[517],"hp":60,"types":["Psíquico"],"stage":"Basico","abilities":[{"type":"Habilidad","name":"Telehipnosis","effect":"Una vez durante tu turno (antes de tu ataque), puedes lanzar una moneda. Si sale cara, el Pokémon Activo de tu rival pasa a estar Dormido. Si sale cruz, tu Pokémon Activo pasa a estar Dormido."}],"attacks":[{"cost":["Psíquico","Incolora"],"damage":20}],"weaknesses":[{"type":"Psíquico","value":"×2"}],"retreat":2,"legal":{"standard":false,"expanded":true}},{"category":"Pokémon","id":"bw7-69","illustrator":"Satoshi Shirai","localId":"69","name":"Musharna","rarity":"Rara","set":{"cardCount":{"official":149,"total":153},"id":"bw7","name":"Fronteras Cruzadas","symbol":"https://assets.tcgdex.net/univ/bw/bw7/symbol"},"variants":{"firstEdition":false,"holo":true,"normal":true,"reverse":true,"wPromo":false},"dexId":[518],"hp":100,"types":["Psíquico"],"stage":"Fase 1","attacks":[{"cost":["Psíquico"]},{"cost":["Psíquico","Incolora","Incolora"],"damage":60}],"weaknesses":[{"type":"Psíquico","value":"×2"}],"retreat":3,"legal":{"standard":false,"expanded":true}},{"category":"Pokémon","id":"bw7-70","illustrator":"Miki Tanaka","localId":"70","name":"Woobat","rarity":"Commún","set":{"cardCount":{"official":149,"total":153},"id":"bw7","name":"Fronteras Cruzadas","symbol":"https://assets.tcgdex.net/univ/bw/bw7/symbol"},"variants":{"firstEdition":false,"holo":true,"normal":true,"reverse":true,"wPromo":false},"dexId":[527],"hp":60,"types":["Psíquico"],"stage":"Basico","attacks":[{"cost":["Psíquico"]},{"cost":["Incolora","Incolora"],"damage":20}],"weaknesses":[{"type":"Rayo","value":"×2"}],"resistances":[{"type":"Lucha","value":"-20"}],"retreat":1,"legal":{"standard":false,"expanded":true}},{"category":"Pokémon","id":"bw7-71","illustrator":"Sumiyoshi Kizuki","localId":"71","name":"Swoobat","rarity":"Rara","set":{"cardCount":{"official":149,"total":153},"id":"bw7","name":"Fronteras Cruzadas","symbol":"https://assets.tcgdex.net/univ/bw/bw7/symbol"},"variants":{"firstEdition":false,"holo":true,"normal":true,"reverse":true,"wPromo":false},"dexId":[528],"hp":80,"types":["Psíquico"],"stage":"Fase 1","attacks":[{"cost":["Psíquico"]},{"cost":["Incolora","Incolora"],"damage":20}],"weaknesses":[{"type":"Rayo","value":"×2"}],"resistances":[{"type":"Lucha","value":"-20"}],"retreat":1,"legal":{"standard":false,"expanded":true}},{"category":"Pokémon","id":"bw7-72","illustrator":"Shigenori Negishi","localId":"72","name":"Venipede","rarity":"Commún","set":{"cardCount":{"official":149,"total":153},"id":"bw7","name":"Fronteras Cruzadas","symbol":"https://assets.tcgdex.net/univ/bw/bw7/symbol"},"variants":{"firstEdition":false,"holo":true,"normal":true,"reverse":true,"wPromo":false},"dexId":[543],"hp":70,"types":["Psíquico"],"stage":"Basico","abilities":[{"type":"Habilidad","name":"Punto Tóxico","effect":"Si este Pokémon es tu Pokémon Activo y resulta dañado por el ataque de un rival (incluso si este Pokémon queda Fuera de Combate), el Pokémon Atacante pasa a estar Envenenado."}],"attacks":[{"cost":["Psíquico","Incolora"],"damage":20}],"weaknesses":[{"type":"Psíquico","value":"×2"}],"retreat":2,"legal":{"standard":false,"expanded":true}},{"category":"Pokémon","id":"bw7-73","illustrator":"match","localId":"73","name":"Whirlipede","rarity":"Uncommon","set":{"cardCount":{"official":149,"total":153},"id":"bw7","name":"Fronteras Cruzadas","symbol":"https://assets.tcgdex.net/univ/bw/bw7/symbol"},"variants":{"firstEdition":false,"holo":true,"normal":true,"reverse":true,"wPromo":false},"dexId":[544],"hp":100,"types":["Psíquico"],"stage":"Fase 1","abilities":[{"type":"Habilidad","name":"Punto Tóxico","effect":"Si este Pokémon es tu Pokémon Activo y resulta dañado por el ataque de un rival (incluso si este Pokémon queda Fuera de Combate), el Pokémon Atacante pasa a estar Envenenado."}],"attacks":[{"cost":["Psíquico","Incolora","Incolora"],"damage":50}],"weaknesses":[{"type":"Psíquico","value":"×2"}],"retreat":3,"legal":{"standard":false,"expanded":true}},{"category":"Pokémon","id":"bw7-74","illustrator":"5ban Graphics","localId":"74","name":"Scolipede","rarity":"Rara","set":{"cardCount":{"official":149,"total":153},"id":"bw7","name":"Fronteras Cruzadas","symbol":"https://assets.tcgdex.net/univ/bw/bw7/symbol"},"variants":{"firstEdition":false,"holo":true,"normal":true,"reverse":true,"wPromo":false},"dexId":[545],"hp":150,"types":["Psíquico"],"stage":"Fase 2","abilities":[{"type":"Habilidad","name":"Punto Tóxico","effect":"Si este Pokémon es tu Pokémon Activo y resulta dañado por el ataque de un rival (incluso si este Pokémon queda Fuera de Combate), el Pokémon Atacante pasa a estar Envenenado."}],"attacks":[{"cost":["Psíquico","Psíquico","Incolora","Incolora"],"damage":80}],"weaknesses":[{"type":"Psíquico","value":"×2"}],"retreat":4,"legal":{"standard":false,"expanded":true}},{"category":"Pokémon","id":"bw7-75","illustrator":"Ken Sugimori","localId":"75","name":"Gothita","rarity":"Commún","set":{"cardCount":{"official":149,"total":153},"id":"bw7","name":"Fronteras Cruzadas","symbol":"https://assets.tcgdex.net/univ/bw/bw7/symbol"},"variants":{"firstEdition":false,"holo":true,"normal":true,"reverse":true,"wPromo":false},"dexId":[574],"hp":60,"types":["Psíquico"],"stage":"Basico","attacks":[{"cost":["Psíquico"],"damage":10},{"cost":["Incolora","Incolora"],"damage":20}],"weaknesses":[{"type":"Psíquico","value":"×2"}],"retreat":1,"legal":{"standard":false,"expanded":true}},{"category":"Pokémon","id":"bw7-76","illustrator":"Ken Sugimori","localId":"76","name":"Gothorita","rarity":"Uncommon","set":{"cardCount":{"official":149,"total":153},"id":"bw7","name":"Fronteras Cruzadas","symbol":"https://assets.tcgdex.net/univ/bw/bw7/symbol"},"variants":{"firstEdition":false,"holo":true,"normal":true,"reverse":true,"wPromo":false},"dexId":[575],"hp":80,"types":["Psíquico"],"stage":"Fase 1","attacks":[{"cost":["Incolora","Incolora"],"damage":30},{"cost":["Psíquico","Incolora","Incolora"],"damage":50}],"weaknesses":[{"type":"Psíquico","value":"×2"}],"retreat":1,"legal":{"standard":false,"expanded":true}},{"category":"Pokémon","id":"bw7-77","illustrator":"5ban Graphics","localId":"77","name":"Meloetta","rarity":"Rara","set":{"cardCount":{"official":149,"total":153},"id":"bw7","name":"Fronteras Cruzadas","symbol":"https://assets.tcgdex.net/univ/bw/bw7/symbol"},"variants":{"firstEdition":false,"holo":true,"normal":true,"reverse":true,"wPromo":false},"dexId":[648],"hp":80,"types":["Psíquico"],"stage":"Basico","attacks":[{"cost":["Psíquico"],"damage":10},{"cost":["Psíquico","Incolora","Incolora"],"damage":50}],"weaknesses":[{"type":"Psíquico","value":"×2"}],"retreat":1,"legal":{"standard":false,"expanded":true}},{"category":"Pokémon","id":"bw7-78","illustrator":"Naoki Saito","localId":"78","name":"Sandshrew","rarity":"Commún","set":{"cardCount":{"official":149,"total":153},"id":"bw7","name":"Fronteras Cruzadas","symbol":"https://assets.tcgdex.net/univ/bw/bw7/symbol"},"variants":{"firstEdition":false,"holo":true,"normal":true,"reverse":true,"wPromo":false},"dexId":[27],"hp":70,"types":["Lucha"],"stage":"Basico","attacks":[{"cost":["Incolora"],"damage":10},{"cost":["Lucha","Incolora","Incolora"],"damage":40}],"weaknesses":[{"type":"Agua","value":"×2"}],"resistances":[{"type":"Rayo","value":"-20"}],"retreat":2,"legal":{"standard":false,"expanded":true}},{"category":"Pokémon","id":"bw7-79","illustrator":"BERUBURI","localId":"79","name":"Sandslash","rarity":"Uncommon","set":{"cardCount":{"official":149,"total":153},"id":"bw7","name":"Fronteras Cruzadas","symbol":"https://assets.tcgdex.net/univ/bw/bw7/symbol"},"variants":{"firstEdition":false,"holo":true,"normal":true,"reverse":true,"wPromo":false},"dexId":[28],"hp":90,"types":["Lucha"],"stage":"Fase 1","attacks":[{"cost":["Lucha","Incolora"],"damage":20},{"cost":["Lucha","Incolora","Incolora"],"damage":80}],"weaknesses":[{"type":"Agua","value":"×2"}],"resistances":[{"type":"Rayo","value":"-20"}],"retreat":1,"legal":{"standard":false,"expanded":true}},{"category":"Pokémon","id":"bw7-80","illustrator":"Atsuko Nishida","localId":"80","name":"Gligar","rarity":"Commún","set":{"cardCount":{"official":149,"total":153},"id":"bw7","name":"Fronteras Cruzadas","symbol":"https://assets.tcgdex.net/univ/bw/bw7/symbol"},"variants":{"firstEdition":false,"holo":true,"normal":true,"reverse":true,"wPromo":false},"dexId":[207],"hp":70,"types":["Lucha"],"stage":"Basico","attacks":[{"cost":["Lucha"],"damage":10},{"cost":["Lucha","Incolora"],"damage":20}],"weaknesses":[{"type":"Agua","value":"×2"}],"resistances":[{"type":"Rayo","value":"-20"}],"retreat":1,"legal":{"standard":false,"expanded":true}},{"category":"Pokémon","id":"bw7-81","illustrator":"Kouki Saitou","localId":"81","name":"Gliscor","rarity":"Rara","set":{"cardCount":{"official":149,"total":153},"id":"bw7","name":"Fronteras Cruzadas","symbol":"https://assets.tcgdex.net/univ/bw/bw7/symbol"},"variants":{"firstEdition":false,"holo":true,"normal":true,"reverse":true,"wPromo":false},"dexId":[472],"hp":100,"types":["Lucha"],"stage":"Fase 1","attacks":[{"cost":["Lucha"],"damage":20},{"cost":["Lucha","Incolora"],"damage":40}],"weaknesses":[{"type":"Agua","value":"×2"}],"resistances":[{"type":"Rayo","value":"-20"}],"retreat":1,"legal":{"standard":false,"expanded":true}},{"category":"Pokémon","id":"bw7-82","illustrator":"Ken Sugimori","localId":"82","name":"Makuhita","rarity":"Commún","set":{"cardCount":{"official":149,"total":153},"id":"bw7","name":"Fronteras Cruzadas","symbol":"https://assets.tcgdex.net/univ/bw/bw7/symbol"},"variants":{"firstEdition":false,"holo":true,"normal":true,"reverse":true,"wPromo":false},"dexId":[296],"hp":70,"types":["Lucha"],"stage":"Basico","attacks":[{"cost":["Lucha","Lucha"],"damage":30}],"weaknesses":[{"type":"Psíquico","value":"×2"}],"retreat":2,"legal":{"standard":false,"expanded":true}},{"category":"Pokémon","id":"bw7-83","illustrator":"Kyoko Umemoto","localId":"83","name":"Trapinch","rarity":"Commún","set":{"cardCount":{"official":149,"total":153},"id":"bw7","name":"Fronteras Cruzadas","symbol":"https://assets.tcgdex.net/univ/bw/bw7/symbol"},"variants":{"firstEdition":false,"holo":true,"normal":true,"reverse":true,"wPromo":false},"dexId":[328],"hp":60,"types":["Lucha"],"stage":"Basico","attacks":[{"cost":["Incolora"]},{"cost":["Lucha","Incolora"],"damage":20}],"weaknesses":[{"type":"Agua","value":"×2"}],"resistances":[{"type":"Rayo","value":"-20"}],"retreat":1,"legal":{"standard":false,"expanded":true}},{"category":"Pokémon","id":"bw7-84","illustrator":"Midori Harada","localId":"84","name":"Dwebble","rarity":"Commún","set":{"cardCount":{"official":149,"total":153},"id":"bw7","name":"Fronteras Cruzadas","symbol":"https://assets.tcgdex.net/univ/bw/bw7/symbol"},"variants":{"firstEdition":false,"holo":true,"normal":true,"reverse":true,"wPromo":false},"dexId":[557],"hp":70,"types":["Lucha"],"stage":"Basico","attacks":[{"cost":["Incolora","Incolora"],"damage":10}],"weaknesses":[{"type":"Planta","value":"×2"}],"retreat":2,"legal":{"standard":false,"expanded":true}},{"category":"Pokémon","id":"bw7-85","illustrator":"Mitsuhiro Arita","localId":"85","name":"Crustle","rarity":"Rara","set":{"cardCount":{"official":149,"total":153},"id":"bw7","name":"Fronteras Cruzadas","symbol":"https://assets.tcgdex.net/univ/bw/bw7/symbol"},"variants":{"firstEdition":false,"holo":true,"normal":true,"reverse":true,"wPromo":false},"dexId":[558],"hp":100,"types":["Lucha"],"stage":"Fase 1","abilities":[{"type":"Habilidad","name":"Robustez","effect":"Si este Pokémon tiene todos sus PV y fuese a quedar Fuera de Combate por el daño de un ataque, no queda Fuera de Combate y sus PV restantes pasan a ser 10."}],"attacks":[{"cost":["Lucha","Lucha","Incolora"],"damage":70}],"weaknesses":[{"type":"Planta","value":"×2"}],"retreat":3,"legal":{"standard":false,"expanded":true}},{"category":"Pokémon","id":"bw7-86","illustrator":"Ken Sugimori","localId":"86","name":"Mienfoo","rarity":"Commún","set":{"cardCount":{"official":149,"total":153},"id":"bw7","name":"Fronteras Cruzadas","symbol":"https://assets.tcgdex.net/univ/bw/bw7/symbol"},"variants":{"firstEdition":false,"holo":true,"normal":true,"reverse":true,"wPromo":false},"dexId":[619],"hp":50,"types":["Lucha"],"stage":"Basico","attacks":[{"cost":["Lucha"],"damage":10}],"weaknesses":[{"type":"Psíquico","value":"×2"}],"retreat":1,"legal":{"standard":false,"expanded":true}},{"category":"Pokémon","id":"bw7-87","illustrator":"Masakazu Fukuda","localId":"87","name":"Mienfoo","rarity":"Uncommon","set":{"cardCount":{"official":149,"total":153},"id":"bw7","name":"Fronteras Cruzadas","symbol":"https://assets.tcgdex.net/univ/bw/bw7/symbol"},"variants":{"firstEdition":false,"holo":true,"normal":true,"reverse":true,"wPromo":false},"dexId":[619],"hp":50,"types":["Lucha"],"stage":"Basico","attacks":[{"cost":["Lucha"],"damage":20}],"weaknesses":[{"type":"Psíquico","value":"×2"}],"retreat":1,"legal":{"standard":false,"expanded":true}},{"category":"Pokémon","id":"bw7-88","illustrator":"Kagemaru Himeno","localId":"88","name":"Mienshao","rarity":"Uncommon","set":{"cardCount":{"official":149,"total":153},"id":"bw7","name":"Fronteras Cruzadas","symbol":"https://assets.tcgdex.net/univ/bw/bw7/symbol"},"variants":{"firstEdition":false,"holo":true,"normal":true,"reverse":true,"wPromo":false},"dexId":[620],"hp":90,"types":["Lucha"],"stage":"Fase 1","attacks":[{"cost":["Lucha","Incolora"],"damage":20},{"cost":["Lucha","Incolora","Incolora"],"damage":70}],"weaknesses":[{"type":"Psíquico","value":"×2"}],"retreat":1,"legal":{"standard":false,"expanded":true}},{"category":"Pokémon","id":"bw7-89","illustrator":"Eske Yoshinob","localId":"89","name":"Landorus-EX","rarity":"Rara","set":{"cardCount":{"official":149,"total":153},"id":"bw7","name":"Fronteras Cruzadas","symbol":"https://assets.tcgdex.net/univ/bw/bw7/symbol"},"variants":{"firstEdition":false,"holo":true,"normal":true,"reverse":true,"wPromo":false},"dexId":[645],"hp":180,"types":["Lucha"],"suffix":"EX","attacks":[{"cost":["Lucha"],"damage":30},{"cost":["Lucha","Lucha","Incolora"],"damage":80}],"weaknesses":[{"type":"Agua","value":"×2"}],"resistances":[{"type":"Rayo","value":"-20"}],"retreat":3,"legal":{"standard":false,"expanded":true}},{"category":"Pokémon","id":"bw7-90","illustrator":"Akira Komayama","localId":"90","name":"Purrloin","rarity":"Commún","set":{"cardCount":{"official":149,"total":153},"id":"bw7","name":"Fronteras Cruzadas","symbol":"https://assets.tcgdex.net/univ/bw/bw7/symbol"},"variants":{"firstEdition":false,"holo":true,"normal":true,"reverse":true,"wPromo":false},"dexId":[509],"hp":50,"types":["Oscura"],"stage":"Basico","attacks":[{"cost":["Oscura"]}],"weaknesses":[{"type":"Lucha","value":"×2"}],"resistances":[{"type":"Psíquico","value":"-20"}],"retreat":1,"legal":{"standard":false,"expanded":true}},{"category":"Pokémon","id":"bw7-91","illustrator":"kawayoo","localId":"91","name":"Liepard","rarity":"Rara","set":{"cardCount":{"official":149,"total":153},"id":"bw7","name":"Fronteras Cruzadas","symbol":"https://assets.tcgdex.net/univ/bw/bw7/symbol"},"variants":{"firstEdition":false,"holo":true,"normal":true,"reverse":true,"wPromo":false},"dexId":[510],"hp":80,"types":["Oscura"],"stage":"Fase 1","attacks":[{"cost":["Oscura"]},{"cost":["Oscura","Incolora","Incolora"]}],"weaknesses":[{"type":"Lucha","value":"×2"}],"resistances":[{"type":"Psíquico","value":"-20"}],"retreat":1,"legal":{"standard":false,"expanded":true}},{"category":"Pokémon","id":"bw7-92","illustrator":"Naoki Saito","localId":"92","name":"Vullaby","rarity":"Commún","set":{"cardCount":{"official":149,"total":153},"id":"bw7","name":"Fronteras Cruzadas","symbol":"https://assets.tcgdex.net/univ/bw/bw7/symbol"},"variants":{"firstEdition":false,"holo":true,"normal":true,"reverse":true,"wPromo":false},"dexId":[629],"hp":50,"types":["Oscura"],"stage":"Basico","attacks":[{"cost":["Oscura"],"damage":10},{"cost":["Oscura","Incolora"],"damage":20}],"weaknesses":[{"type":"Rayo","value":"×2"}],"resistances":[{"type":"Lucha","value":"-20"}],"retreat":1,"legal":{"standard":false,"expanded":true}},{"category":"Pokémon","id":"bw7-93","illustrator":"Naoki Saito","localId":"93","name":"Mandibuzz","rarity":"Uncommon","set":{"cardCount":{"official":149,"total":153},"id":"bw7","name":"Fronteras Cruzadas","symbol":"https://assets.tcgdex.net/univ/bw/bw7/symbol"},"variants":{"firstEdition":false,"holo":true,"normal":true,"reverse":true,"wPromo":false},"dexId":[630],"hp":90,"types":["Oscura"],"stage":"Fase 1","attacks":[{"cost":["Oscura","Incolora"],"damage":30},{"cost":["Oscura","Incolora","Incolora","Incolora"],"damage":80}],"weaknesses":[{"type":"Rayo","value":"×2"}],"resistances":[{"type":"Lucha","value":"-20"}],"retreat":1,"legal":{"standard":false,"expanded":true}},{"category":"Pokémon","id":"bw7-94","illustrator":"Hiroki Asanuma","localId":"94","name":"Scizor","rarity":"Rara","set":{"cardCount":{"official":149,"total":153},"id":"bw7","name":"Fronteras Cruzadas","symbol":"https://assets.tcgdex.net/univ/bw/bw7/symbol"},"variants":{"firstEdition":false,"holo":true,"normal":true,"reverse":true,"wPromo":false},"dexId":[212],"hp":120,"types":["Metálica"],"stage":"Fase 1","attacks":[{"cost":["Incolora","Incolora"],"damage":40},{"cost":["Metálica","Incolora","Incolora"],"damage":100}],"weaknesses":[{"type":"Guego","value":"×2"}],"resistances":[{"type":"Psíquico","value":"-20"}],"retreat":2,"legal":{"standard":false,"expanded":true}},{"category":"Pokémon","id":"bw7-95","illustrator":"Masakazu Fukuda","localId":"95","name":"Skarmory","rarity":"Uncommon","set":{"cardCount":{"official":149,"total":153},"id":"bw7","name":"Fronteras Cruzadas","symbol":"https://assets.tcgdex.net/univ/bw/bw7/symbol"},"variants":{"firstEdition":false,"holo":true,"normal":true,"reverse":true,"wPromo":false},"dexId":[227],"hp":80,"types":["Metálica"],"stage":"Basico","attacks":[{"cost":["Metálica"],"damage":20},{"cost":["Metálica","Incolora","Incolora"],"damage":50}],"weaknesses":[{"type":"Guego","value":"×2"}],"resistances":[{"type":"Psíquico","value":"-20"}],"retreat":2,"legal":{"standard":false,"expanded":true}},{"category":"Pokémon","id":"bw7-96","illustrator":"Hajime Kusajima","localId":"96","name":"Skarmory","rarity":"Uncommon","set":{"cardCount":{"official":149,"total":153},"id":"bw7","name":"Fronteras Cruzadas","symbol":"https://assets.tcgdex.net/univ/bw/bw7/symbol"},"variants":{"firstEdition":false,"holo":true,"normal":true,"reverse":true,"wPromo":false},"dexId":[227],"hp":100,"types":["Metálica"],"stage":"Basico","attacks":[{"cost":["Metálica"]},{"cost":["Incolora","Incolora","Incolora"],"damage":70}],"weaknesses":[{"type":"Guego","value":"×2"}],"resistances":[{"type":"Psíquico","value":"-20"}],"retreat":2,"legal":{"standard":false,"expanded":true}},{"category":"Pokémon","id":"bw7-97","illustrator":"MAHOU","localId":"97","name":"Klink","rarity":"Uncommon","set":{"cardCount":{"official":149,"total":153},"id":"bw7","name":"Fronteras Cruzadas","symbol":"https://assets.tcgdex.net/univ/bw/bw7/symbol"},"variants":{"firstEdition":false,"holo":true,"normal":true,"reverse":true,"wPromo":false},"dexId":[599],"hp":40,"types":["Metálica"],"stage":"Basico","attacks":[{"cost":["Metálica","Incolora"],"damage":30}],"weaknesses":[{"type":"Guego","value":"×2"}],"resistances":[{"type":"Psíquico","value":"-20"}],"retreat":2,"legal":{"standard":false,"expanded":true}},{"category":"Pokémon","id":"bw7-98","illustrator":"Naoki Saito","localId":"98","name":"Vibrava","rarity":"Uncommon","set":{"cardCount":{"official":149,"total":153},"id":"bw7","name":"Fronteras Cruzadas","symbol":"https://assets.tcgdex.net/univ/bw/bw7/symbol"},"variants":{"firstEdition":false,"holo":true,"normal":true,"reverse":true,"wPromo":false},"dexId":[329],"hp":80,"types":["Dragón"],"stage":"Fase 1","attacks":[{"cost":["Planta"],"damage":20},{"cost":["Lucha","Incolora","Incolora"],"damage":50}],"weaknesses":[{"type":"Dragón","value":"×2"}],"retreat":1,"legal":{"standard":false,"expanded":true}},{"category":"Pokémon","id":"bw7-99","illustrator":"BERUBURI","localId":"99","name":"Flygon","rarity":"Rara","set":{"cardCount":{"official":149,"total":153},"id":"bw7","name":"Fronteras Cruzadas","symbol":"https://assets.tcgdex.net/univ/bw/bw7/symbol"},"variants":{"firstEdition":false,"holo":true,"normal":true,"reverse":true,"wPromo":false},"dexId":[330],"hp":140,"types":["Dragón"],"stage":"Fase 2","abilities":[{"type":"Habilidad","name":"Prisión de Arena","effect":"En cualquier momento entre turnos, si este Pokémon es tu Pokémon Activo, pon 1 contador de daño en cada uno de los Pokémon de tu rival."}],"attacks":[{"cost":["Planta","Lucha","Incolora","Incolora"],"damage":80}],"weaknesses":[{"type":"Dragón","value":"×2"}],"retreat":1,"legal":{"standard":false,"expanded":true}},{"category":"Pokémon","id":"bw7-100","illustrator":"5ban Graphics","localId":"100","name":"Kyurem Negro","rarity":"Rara","set":{"cardCount":{"official":149,"total":153},"id":"bw7","name":"Fronteras Cruzadas","symbol":"https://assets.tcgdex.net/univ/bw/bw7/symbol"},"variants":{"firstEdition":false,"holo":true,"normal":true,"reverse":true,"wPromo":false},"dexId":[646],"hp":130,"types":["Dragón"],"stage":"Basico","attacks":[{"cost":["Rayo","Incolora"],"damage":20},{"cost":["Agua","Rayo","Incolora","Incolora"],"damage":100}],"weaknesses":[{"type":"Dragón","value":"×2"}],"retreat":2,"legal":{"standard":false,"expanded":true}},{"category":"Pokémon","id":"bw7-101","illustrator":"Eske Yoshinob","localId":"101","name":"Kyurem Negro-EX","rarity":"Rara","set":{"cardCount":{"official":149,"total":153},"id":"bw7","name":"Fronteras Cruzadas","symbol":"https://assets.tcgdex.net/univ/bw/bw7/symbol"},"variants":{"firstEdition":false,"holo":true,"normal":true,"reverse":true,"wPromo":false},"dexId":[646],"hp":180,"types":["Dragón"],"suffix":"EX","attacks":[{"cost":["Rayo","Incolora","Incolora"],"damage":60},{"cost":["Agua","Rayo","Rayo","Incolora"],"damage":150}],"weaknesses":[{"type":"Dragón","value":"×2"}],"retreat":3,"legal":{"standard":false,"expanded":true}},{"category":"Pokémon","id":"bw7-102","illustrator":"5ban Graphics","localId":"102","name":"Kyurem Blanco","rarity":"Rara","set":{"cardCount":{"official":149,"total":153},"id":"bw7","name":"Fronteras Cruzadas","symbol":"https://assets.tcgdex.net/univ/bw/bw7/symbol"},"variants":{"firstEdition":false,"holo":true,"normal":true,"reverse":true,"wPromo":false},"dexId":[646],"hp":130,"types":["Dragón"],"stage":"Basico","attacks":[{"cost":["Guego","Incolora"],"damage":20},{"cost":["Guego","Agua","Incolora","Incolora"],"damage":80}],"weaknesses":[{"type":"Dragón","value":"×2"}],"retreat":2,"legal":{"standard":false,"expanded":true}},{"category":"Pokémon","id":"bw7-103","illustrator":"Eske Yoshinob","localId":"103","name":"Kyurem Blanco-EX","rarity":"Rara","set":{"cardCount":{"official":149,"total":153},"id":"bw7","name":"Fronteras Cruzadas","symbol":"https://assets.tcgdex.net/univ/bw/bw7/symbol"},"variants":{"firstEdition":false,"holo":true,"normal":true,"reverse":true,"wPromo":false},"dexId":[646],"hp":180,"types":["Dragón"],"suffix":"EX","attacks":[{"cost":["Guego","Incolora","Incolora"],"damage":60},{"cost":["Guego","Guego","Agua","Incolora"],"damage":150}],"weaknesses":[{"type":"Dragón","value":"×2"}],"retreat":3,"legal":{"standard":false,"expanded":true}},{"category":"Pokémon","id":"bw7-104","illustrator":"Yukiko Baba","localId":"104","name":"Rattata","rarity":"Commún","set":{"cardCount":{"official":149,"total":153},"id":"bw7","name":"Fronteras Cruzadas","symbol":"https://assets.tcgdex.net/univ/bw/bw7/symbol"},"variants":{"firstEdition":false,"holo":true,"normal":true,"reverse":true,"wPromo":false},"dexId":[19],"hp":30,"types":["Incolora"],"stage":"Basico","attacks":[{"cost":["Incolora"]}],"weaknesses":[{"type":"Lucha","value":"×2"}],"retreat":1,"legal":{"standard":false,"expanded":true}},{"category":"Pokémon","id":"bw7-105","illustrator":"Naoki Saito","localId":"105","name":"Raticate","rarity":"Uncommon","set":{"cardCount":{"official":149,"total":153},"id":"bw7","name":"Fronteras Cruzadas","symbol":"https://assets.tcgdex.net/univ/bw/bw7/symbol"},"variants":{"firstEdition":false,"holo":true,"normal":true,"reverse":true,"wPromo":false},"dexId":[20],"hp":60,"types":["Incolora"],"stage":"Fase 1","attacks":[{"cost":["Incolora"]},{"cost":["Incolora","Incolora","Incolora"]}],"weaknesses":[{"type":"Lucha","value":"×2"}],"retreat":0,"legal":{"standard":false,"expanded":true}},{"category":"Pokémon","id":"bw7-106","illustrator":"Ken Sugimori","localId":"106","name":"Meowth","rarity":"Commún","set":{"cardCount":{"official":149,"total":153},"id":"bw7","name":"Fronteras Cruzadas","symbol":"https://assets.tcgdex.net/univ/bw/bw7/symbol"},"variants":{"firstEdition":false,"holo":true,"normal":true,"reverse":true,"wPromo":false},"dexId":[52],"hp":60,"types":["Incolora"],"stage":"Basico","attacks":[{"cost":["Incolora","Incolora"],"damage":20}],"weaknesses":[{"type":"Lucha","value":"×2"}],"retreat":1,"legal":{"standard":false,"expanded":true}},{"category":"Pokémon","id":"bw7-107","illustrator":"Ken Sugimori","localId":"107","name":"Farfetch’d","rarity":"Uncommon","set":{"cardCount":{"official":149,"total":153},"id":"bw7","name":"Fronteras Cruzadas","symbol":"https://assets.tcgdex.net/univ/bw/bw7/symbol"},"variants":{"firstEdition":false,"holo":true,"normal":true,"reverse":true,"wPromo":false},"dexId":[83],"hp":60,"types":["Incolora"],"stage":"Basico","attacks":[{"cost":["Incolora","Incolora"],"damage":20}],"weaknesses":[{"type":"Rayo","value":"×2"}],"resistances":[{"type":"Lucha","value":"-20"}],"retreat":1,"legal":{"standard":false,"expanded":true}},{"category":"Pokémon","id":"bw7-108","illustrator":"HiRON","localId":"108","name":"Ditto","rarity":"Rara","set":{"cardCount":{"official":149,"total":153},"id":"bw7","name":"Fronteras Cruzadas","symbol":"https://assets.tcgdex.net/univ/bw/bw7/symbol"},"variants":{"firstEdition":false,"holo":true,"normal":true,"reverse":true,"wPromo":false},"dexId":[132],"hp":70,"types":["Incolora"],"stage":"Basico","abilities":[{"type":"Habilidad","name":"Transform","effect":"Durante tu turno (antes de tu ataque), puedes poner un Pokémon Básico de tu mano sobre este Pokémon. (Esto no equivale a jugar a ese Pokémon o hacerlo evolucionar.) Este Pokémon pasa a ser ese Pokémon. (Todas las cartas unidas a este Pokémon, los contadores de daño, las Condiciones Especiales, los turnos de juego y todos los demás efectos permanecen en el nuevo Pokémon.)"}],"weaknesses":[{"type":"Lucha","value":"×2"}],"retreat":1,"legal":{"standard":false,"expanded":true}},{"category":"Pokémon","id":"bw7-109","illustrator":"Ken Sugimori","localId":"109","name":"Snorlax","rarity":"Uncommon","set":{"cardCount":{"official":149,"total":153},"id":"bw7","name":"Fronteras Cruzadas","symbol":"https://assets.tcgdex.net/univ/bw/bw7/symbol"},"variants":{"firstEdition":false,"holo":true,"normal":true,"reverse":true,"wPromo":false},"dexId":[143],"hp":100,"types":["Incolora"],"stage":"Basico","attacks":[{"cost":["Incolora","Incolora","Incolora"],"damage":40},{"cost":["Incolora","Incolora","Incolora","Incolora"],"damage":60}],"weaknesses":[{"type":"Lucha","value":"×2"}],"retreat":4,"legal":{"standard":false,"expanded":true}},{"category":"Pokémon","id":"bw7-110","illustrator":"Ken Sugimori","localId":"110","name":"Togepi","rarity":"Commún","set":{"cardCount":{"official":149,"total":153},"id":"bw7","name":"Fronteras Cruzadas","symbol":"https://assets.tcgdex.net/univ/bw/bw7/symbol"},"variants":{"firstEdition":false,"holo":true,"normal":true,"reverse":true,"wPromo":false},"dexId":[175],"hp":40,"types":["Incolora"],"stage":"Basico","attacks":[{"cost":["Incolora"],"damage":10}],"weaknesses":[{"type":"Lucha","value":"×2"}],"retreat":1,"legal":{"standard":false,"expanded":true}},{"category":"Pokémon","id":"bw7-111","illustrator":"Kagemaru Himeno","localId":"111","name":"Dunsparce","rarity":"Commún","set":{"cardCount":{"official":149,"total":153},"id":"bw7","name":"Fronteras Cruzadas","symbol":"https://assets.tcgdex.net/univ/bw/bw7/symbol"},"variants":{"firstEdition":false,"holo":true,"normal":true,"reverse":true,"wPromo":false},"dexId":[206],"hp":60,"types":["Incolora"],"stage":"Basico","attacks":[{"cost":["Incolora"]},{"cost":["Incolora"],"damage":10}],"weaknesses":[{"type":"Lucha","value":"×2"}],"retreat":0,"legal":{"standard":false,"expanded":true}},{"category":"Pokémon","id":"bw7-112","illustrator":"Ken Sugimori","localId":"112","name":"Taillow","rarity":"Commún","set":{"cardCount":{"official":149,"total":153},"id":"bw7","name":"Fronteras Cruzadas","symbol":"https://assets.tcgdex.net/univ/bw/bw7/symbol"},"variants":{"firstEdition":false,"holo":true,"normal":true,"reverse":true,"wPromo":false},"dexId":[276],"hp":50,"types":["Incolora"],"stage":"Basico","attacks":[{"cost":["Incolora"],"damage":10}],"weaknesses":[{"type":"Rayo","value":"×2"}],"resistances":[{"type":"Lucha","value":"-20"}],"retreat":1,"legal":{"standard":false,"expanded":true}},{"category":"Pokémon","id":"bw7-113","illustrator":"sui","localId":"113","name":"Skitty","rarity":"Commún","set":{"cardCount":{"official":149,"total":153},"id":"bw7","name":"Fronteras Cruzadas","symbol":"https://assets.tcgdex.net/univ/bw/bw7/symbol"},"variants":{"firstEdition":false,"holo":true,"normal":true,"reverse":true,"wPromo":false},"dexId":[300],"hp":60,"types":["Incolora"],"stage":"Basico","attacks":[{"cost":["Incolora"],"damage":10},{"cost":["Incolora","Incolora"],"damage":20}],"weaknesses":[{"type":"Lucha","value":"×2"}],"retreat":1,"legal":{"standard":false,"expanded":true}},{"category":"Pokémon","id":"bw7-114","illustrator":"Shin Nagasawa","localId":"114","name":"Delcatty","rarity":"Uncommon","set":{"cardCount":{"official":149,"total":153},"id":"bw7","name":"Fronteras Cruzadas","symbol":"https://assets.tcgdex.net/univ/bw/bw7/symbol"},"variants":{"firstEdition":false,"holo":true,"normal":true,"reverse":true,"wPromo":false},"dexId":[301],"hp":90,"types":["Incolora"],"stage":"Fase 1","attacks":[{"cost":["Incolora"],"damage":30},{"cost":["Incolora","Incolora"],"damage":30}],"weaknesses":[{"type":"Lucha","value":"×2"}],"retreat":1,"legal":{"standard":false,"expanded":true}},{"category":"Pokémon","id":"bw7-115","illustrator":"Ken Sugimori","localId":"115","name":"Spinda","rarity":"Commún","set":{"cardCount":{"official":149,"total":153},"id":"bw7","name":"Fronteras Cruzadas","symbol":"https://assets.tcgdex.net/univ/bw/bw7/symbol"},"variants":{"firstEdition":false,"holo":true,"normal":true,"reverse":true,"wPromo":false},"dexId":[327],"hp":70,"types":["Incolora"],"stage":"Basico","attacks":[{"cost":["Incolora","Incolora"],"damage":30}],"weaknesses":[{"type":"Lucha","value":"×2"}],"retreat":1,"legal":{"standard":false,"expanded":true}},{"category":"Pokémon","id":"bw7-116","illustrator":"MAHOU","localId":"116","name":"Buneary","rarity":"Commún","set":{"cardCount":{"official":149,"total":153},"id":"bw7","name":"Fronteras Cruzadas","symbol":"https://assets.tcgdex.net/univ/bw/bw7/symbol"},"variants":{"firstEdition":false,"holo":true,"normal":true,"reverse":true,"wPromo":false},"dexId":[427],"hp":60,"types":["Incolora"],"stage":"Basico","attacks":[{"cost":["Incolora"],"damage":10},{"cost":["Incolora","Incolora"],"damage":20}],"weaknesses":[{"type":"Lucha","value":"×2"}],"retreat":1,"legal":{"standard":false,"expanded":true}},{"category":"Pokémon","id":"bw7-117","illustrator":"TOKIYA","localId":"117","name":"Lopunny","rarity":"Uncommon","set":{"cardCount":{"official":149,"total":153},"id":"bw7","name":"Fronteras Cruzadas","symbol":"https://assets.tcgdex.net/univ/bw/bw7/symbol"},"variants":{"firstEdition":false,"holo":true,"normal":true,"reverse":true,"wPromo":false},"dexId":[428],"hp":90,"types":["Incolora"],"stage":"Fase 1","attacks":[{"cost":["Incolora"]},{"cost":["Incolora","Incolora","Incolora"],"damage":60}],"weaknesses":[{"type":"Lucha","value":"×2"}],"retreat":1,"legal":{"standard":false,"expanded":true}},{"category":"Pokémon","id":"bw7-118","illustrator":"Atsuko Nishida","localId":"118","name":"Patrat","rarity":"Commún","set":{"cardCount":{"official":149,"total":153},"id":"bw7","name":"Fronteras Cruzadas","symbol":"https://assets.tcgdex.net/univ/bw/bw7/symbol"},"variants":{"firstEdition":false,"holo":true,"normal":true,"reverse":true,"wPromo":false},"dexId":[504],"hp":60,"types":["Incolora"],"stage":"Basico","attacks":[{"cost":["Incolora"]}],"weaknesses":[{"type":"Lucha","value":"×2"}],"retreat":1,"legal":{"standard":false,"expanded":true}},{"category":"Pokémon","id":"bw7-119","illustrator":"Naoki Saito","localId":"119","name":"Watchog","rarity":"Uncommon","set":{"cardCount":{"official":149,"total":153},"id":"bw7","name":"Fronteras Cruzadas","symbol":"https://assets.tcgdex.net/univ/bw/bw7/symbol"},"variants":{"firstEdition":false,"holo":true,"normal":true,"reverse":true,"wPromo":false},"dexId":[505],"hp":90,"types":["Incolora"],"stage":"Fase 1","attacks":[{"cost":["Incolora"],"damage":20},{"cost":["Incolora","Incolora"],"damage":30}],"weaknesses":[{"type":"Lucha","value":"×2"}],"retreat":1,"legal":{"standard":false,"expanded":true}},{"category":"Pokémon","id":"bw7-120","illustrator":"Kagemaru Himeno","localId":"120","name":"Lillipup","rarity":"Commún","set":{"cardCount":{"official":149,"total":153},"id":"bw7","name":"Fronteras Cruzadas","symbol":"https://assets.tcgdex.net/univ/bw/bw7/symbol"},"variants":{"firstEdition":false,"holo":true,"normal":true,"reverse":true,"wPromo":false},"dexId":[506],"hp":60,"types":["Incolora"],"stage":"Basico","attacks":[{"cost":["Incolora"]},{"cost":["Incolora","Incolora"],"damage":20}],"weaknesses":[{"type":"Lucha","value":"×2"}],"retreat":1,"legal":{"standard":false,"expanded":true}},{"category":"Pokémon","id":"bw7-121","illustrator":"Masakazu Fukuda","localId":"121","name":"Herdier","rarity":"Uncommon","set":{"cardCount":{"official":149,"total":153},"id":"bw7","name":"Fronteras Cruzadas","symbol":"https://assets.tcgdex.net/univ/bw/bw7/symbol"},"variants":{"firstEdition":false,"holo":true,"normal":true,"reverse":true,"wPromo":false},"dexId":[507],"hp":80,"types":["Incolora"],"stage":"Fase 1","attacks":[{"cost":["Incolora"],"damage":20},{"cost":["Incolora","Incolora","Incolora"],"damage":60}],"weaknesses":[{"type":"Lucha","value":"×2"}],"retreat":1,"legal":{"standard":false,"expanded":true}},{"category":"Pokémon","id":"bw7-122","illustrator":"Shin Nagasawa","localId":"122","name":"Stoutland","rarity":"Rara","set":{"cardCount":{"official":149,"total":153},"id":"bw7","name":"Fronteras Cruzadas","symbol":"https://assets.tcgdex.net/univ/bw/bw7/symbol"},"variants":{"firstEdition":false,"holo":true,"normal":true,"reverse":true,"wPromo":false},"dexId":[508],"hp":140,"types":["Incolora"],"stage":"Fase 2","abilities":[{"type":"Habilidad","name":"Centinela","effect":"Mientras este Pokémon sea tu Pokémon Activo, tu rival no puede jugar ninguna carta de Partidario de su mano."}],"attacks":[{"cost":["Incolora","Incolora","Incolora"],"damage":90}],"weaknesses":[{"type":"Lucha","value":"×2"}],"retreat":3,"legal":{"standard":false,"expanded":true}},{"category":"Pokémon","id":"bw7-123","illustrator":"Tomokazu Komiya","localId":"123","name":"Pidove","rarity":"Commún","set":{"cardCount":{"official":149,"total":153},"id":"bw7","name":"Fronteras Cruzadas","symbol":"https://assets.tcgdex.net/univ/bw/bw7/symbol"},"variants":{"firstEdition":false,"holo":true,"normal":true,"reverse":true,"wPromo":false},"dexId":[519],"hp":60,"types":["Incolora"],"stage":"Basico","attacks":[{"cost":["Incolora","Incolora"],"damage":30}],"weaknesses":[{"type":"Rayo","value":"×2"}],"resistances":[{"type":"Lucha","value":"-20"}],"retreat":1,"legal":{"standard":false,"expanded":true}},{"category":"Pokémon","id":"bw7-124","illustrator":"Kanako Eo","localId":"124","name":"Tranquill","rarity":"Uncommon","set":{"cardCount":{"official":149,"total":153},"id":"bw7","name":"Fronteras Cruzadas","symbol":"https://assets.tcgdex.net/univ/bw/bw7/symbol"},"variants":{"firstEdition":false,"holo":true,"normal":true,"reverse":true,"wPromo":false},"dexId":[520],"hp":80,"types":["Incolora"],"stage":"Fase 1","attacks":[{"cost":["Incolora","Incolora","Incolora"],"damage":60}],"weaknesses":[{"type":"Rayo","value":"×2"}],"resistances":[{"type":"Lucha","value":"-20"}],"retreat":1,"legal":{"standard":false,"expanded":true}},{"category":"Pokémon","id":"bw7-125","illustrator":"Hajime Kusajima","localId":"125","name":"Unfezant","rarity":"Rara","set":{"cardCount":{"official":149,"total":153},"id":"bw7","name":"Fronteras Cruzadas","symbol":"https://assets.tcgdex.net/univ/bw/bw7/symbol"},"variants":{"firstEdition":false,"holo":true,"normal":true,"reverse":true,"wPromo":false},"dexId":[521],"hp":130,"types":["Incolora"],"stage":"Fase 2","attacks":[{"cost":["Incolora","Incolora"],"damage":40},{"cost":["Incolora","Incolora","Incolora"],"damage":80}],"weaknesses":[{"type":"Rayo","value":"×2"}],"resistances":[{"type":"Lucha","value":"-20"}],"retreat":1,"legal":{"standard":false,"expanded":true}},{"category":"Pokémon","id":"bw7-126","illustrator":"Mitsuhiro Arita","localId":"126","name":"Audino","rarity":"Rara","set":{"cardCount":{"official":149,"total":153},"id":"bw7","name":"Fronteras Cruzadas","symbol":"https://assets.tcgdex.net/univ/bw/bw7/symbol"},"variants":{"firstEdition":false,"holo":true,"normal":true,"reverse":true,"wPromo":false},"dexId":[531],"hp":80,"types":["Incolora"],"stage":"Basico","abilities":[{"type":"Habilidad","name":"Polvorilla","effect":"Una vez durante tu turno (antes de tu ataque), si este Pokémon está en tu mano, puedes enseñarlo. Si lo haces, cura 10 puntos de daño y elimina una Condición Especial de tu Pokémon Activo. Después, descarta este Pokémon."}],"attacks":[{"cost":["Incolora","Incolora"],"damage":30}],"weaknesses":[{"type":"Lucha","value":"×2"}],"retreat":2,"legal":{"standard":false,"expanded":true}},{"category":"Entrenador","id":"bw7-127","illustrator":"Ryo Ueda","localId":"127","name":"Gimnasio Engobe","rarity":"Uncommon","set":{"cardCount":{"official":149,"total":153},"id":"bw7","name":"Fronteras Cruzadas","symbol":"https://assets.tcgdex.net/univ/bw/bw7/symbol"},"variants":{"firstEdition":false,"holo":true,"normal":true,"reverse":true,"wPromo":false},"effect":"Cada Pokémon Colorless en juego (tanto tuyos como de tu rival) obtiene 20 PV más.","trainerType":"Estaio","legal":{"standard":false,"expanded":true}},{"category":"Entrenador","id":"bw7-128","illustrator":"Ryo Ueda","localId":"128","name":"Búsqueda de Energía","rarity":"Commún","set":{"cardCount":{"official":149,"total":153},"id":"bw7","name":"Fronteras Cruzadas","symbol":"https://assets.tcgdex.net/univ/bw/bw7/symbol"},"variants":{"firstEdition":false,"holo":true,"normal":true,"reverse":true,"wPromo":false},"effect":"Busca en tu baraja una carta de Energía Básica, enséñala y ponla en tu mano. Baraja las cartas de tu baraja después.","trainerType":"Objeto","legal":{"standard":false,"expanded":true}},{"category":"Entrenador","id":"bw7-129","illustrator":"5ban Graphics","localId":"129","name":"Superball","rarity":"Uncommon","set":{"cardCount":{"official":149,"total":153},"id":"bw7","name":"Fronteras Cruzadas","symbol":"https://assets.tcgdex.net/univ/bw/bw7/symbol"},"variants":{"firstEdition":false,"holo":true,"normal":true,"reverse":true,"wPromo":false},"effect":"Mira las 7 primeras cartas de tu baraja. Puedes enseñar un Pokémon que encuentres entre ellas y ponerlo en tu mano. Pon el resto de cartas de nuevo en tu baraja y barájalas todas.","trainerType":"Objeto","legal":{"standard":false,"expanded":true}},{"category":"Entrenador","id":"bw7-130","illustrator":"Yusuke Ohmura","localId":"130","name":"Matís","rarity":"Uncommon","set":{"cardCount":{"official":149,"total":153},"id":"bw7","name":"Fronteras Cruzadas","symbol":"https://assets.tcgdex.net/univ/bw/bw7/symbol"},"variants":{"firstEdition":false,"holo":true,"normal":true,"reverse":true,"wPromo":false},"effect":"Cada jugador roba o descarta cartas hasta tener 5 cartas en su mano. (Tu rival lo hace primero.)","trainerType":"Partidario","legal":{"standard":false,"expanded":true}},{"category":"Entrenador","id":"bw7-131","illustrator":"Yuri Umemura","localId":"131","name":"Poké Ball","rarity":"Commún","set":{"cardCount":{"official":149,"total":153},"id":"bw7","name":"Fronteras Cruzadas","symbol":"https://assets.tcgdex.net/univ/bw/bw7/symbol"},"variants":{"firstEdition":false,"holo":true,"normal":true,"reverse":true,"wPromo":false},"effect":"Lanza una moneda. Si sale cara, busca en tu baraja un Pokémon, enséñalo y ponlo en tu mano. Baraja las cartas de tu baraja después.","trainerType":"Objeto","legal":{"standard":false,"expanded":true}},{"category":"Entrenador","id":"bw7-132","illustrator":"Ayaka Yoshida","localId":"132","name":"Poción","rarity":"Commún","set":{"cardCount":{"official":149,"total":153},"id":"bw7","name":"Fronteras Cruzadas","symbol":"https://assets.tcgdex.net/univ/bw/bw7/symbol"},"variants":{"firstEdition":false,"holo":true,"normal":true,"reverse":true,"wPromo":false},"effect":"Cura 30 puntos de daño a 1 de tus Pokémon.","trainerType":"Objeto","legal":{"standard":false,"expanded":true}},{"category":"Entrenador","id":"bw7-133","illustrator":"Ryo Ueda","localId":"133","name":"Casco Dentado","rarity":"Uncommon","set":{"cardCount":{"official":149,"total":153},"id":"bw7","name":"Fronteras Cruzadas","symbol":"https://assets.tcgdex.net/univ/bw/bw7/symbol"},"variants":{"firstEdition":false,"holo":true,"normal":true,"reverse":true,"wPromo":false},"effect":"Si el Pokémon al que está unida esta carta es tu Pokémon Activo y resulta dañado por el ataque de un rival (incluso si ese Pokémon queda Fuera de Combate), pon 2 contadores de daño en el Pokémon Atacante.","trainerType":"Herramienta","legal":{"standard":false,"expanded":true}},{"category":"Entrenador","id":"bw7-134","illustrator":"Yusuke Ohmura","localId":"134","name":"Gerania","rarity":"Uncommon","set":{"cardCount":{"official":149,"total":153},"id":"bw7","name":"Fronteras Cruzadas","symbol":"https://assets.tcgdex.net/univ/bw/bw7/symbol"},"variants":{"firstEdition":false,"holo":true,"normal":true,"reverse":true,"wPromo":false},"effect":"Busca en tu baraja una carta de Entrenador, enséñala y ponla en tu mano. Baraja las cartas de tu baraja después.","trainerType":"Partidario","legal":{"standard":false,"expanded":true}},{"category":"Entrenador","id":"bw7-135","illustrator":"Ayaka Yoshida","localId":"135","name":"Cambio","rarity":"Commún","set":{"cardCount":{"official":149,"total":153},"id":"bw7","name":"Fronteras Cruzadas","symbol":"https://assets.tcgdex.net/univ/bw/bw7/symbol"},"variants":{"firstEdition":false,"holo":true,"normal":true,"reverse":true,"wPromo":false},"effect":"Cambia a tu Pokémon Activo por 1 de tus Pokémon en Banca.","trainerType":"Objeto","legal":{"standard":false,"expanded":true}},{"category":"Entrenador","id":"bw7-136","illustrator":"Toyste Beach","localId":"136","name":"Mapa","rarity":"Uncommon","set":{"cardCount":{"official":149,"total":153},"id":"bw7","name":"Fronteras Cruzadas","symbol":"https://assets.tcgdex.net/univ/bw/bw7/symbol"},"variants":{"firstEdition":false,"holo":true,"normal":true,"reverse":true,"wPromo":false},"effect":"Pon todas tus cartas de Premio boca arriba. (Esas cartas de Premio permanecerán boca arriba durante el resto de la partida.)","trainerType":"Objeto","legal":{"standard":false,"expanded":true}},{"category":"Entrenador","id":"bw7-137","illustrator":"Ryo Ueda","localId":"137","name":"Búsqueda por Computadora","rarity":"Rara","set":{"cardCount":{"official":149,"total":153},"id":"bw7","name":"Fronteras Cruzadas","symbol":"https://assets.tcgdex.net/univ/bw/bw7/symbol"},"variants":{"firstEdition":false,"holo":true,"normal":true,"reverse":true,"wPromo":false},"effect":"Descarta 2 cartas de tu mano. (Si no puedes descartar 2 cartas, no puedes jugar esta carta.) Busca en tu baraja una carta y ponla en tu mano. Baraja las cartas de tu baraja después.","trainerType":"Objeto","legal":{"standard":false,"expanded":true}},{"category":"Entrenador","id":"bw7-138","illustrator":"5ban Graphics","localId":"138","name":"Daga de Cristal","rarity":"Rara","set":{"cardCount":{"official":149,"total":153},"id":"bw7","name":"Fronteras Cruzadas","symbol":"https://assets.tcgdex.net/univ/bw/bw7/symbol"},"variants":{"firstEdition":false,"holo":true,"normal":true,"reverse":true,"wPromo":false},"effect":"Si esta carta está unida a Kyurem Blanco-EX, cada uno de sus ataques hace 50 puntos de daño más a los Pokémon Activos (antes de aplicar Debilidad y Resistencia).","trainerType":"Herramienta","legal":{"standard":false,"expanded":true}},{"category":"Entrenador","id":"bw7-139","illustrator":"5ban Graphics","localId":"139","name":"Escudo de Cristal","rarity":"Rara","set":{"cardCount":{"official":149,"total":153},"id":"bw7","name":"Fronteras Cruzadas","symbol":"https://assets.tcgdex.net/univ/bw/bw7/symbol"},"variants":{"firstEdition":false,"holo":true,"normal":true,"reverse":true,"wPromo":false},"effect":"Si esta carta está unida a Kyurem Negro-EX, sus PV máximos son 300.","trainerType":"Herramienta","legal":{"standard":false,"expanded":true}},{"category":"Entrenador","id":"bw7-140","illustrator":"Ryo Ueda","localId":"140","name":"Poción Áurea","rarity":"Rara","set":{"cardCount":{"official":149,"total":153},"id":"bw7","name":"Fronteras Cruzadas","symbol":"https://assets.tcgdex.net/univ/bw/bw7/symbol"},"variants":{"firstEdition":false,"holo":true,"normal":true,"reverse":true,"wPromo":false},"effect":"Cura 90 puntos de daño a tu Pokémon Activo.","trainerType":"Objeto","legal":{"standard":false,"expanded":true}},{"category":"Pokémon","id":"bw7-141","illustrator":"5ban Graphics","localId":"141","name":"Celebi-EX","rarity":"Rara Ultra","set":{"cardCount":{"official":149,"total":153},"id":"bw7","name":"Fronteras Cruzadas","symbol":"https://assets.tcgdex.net/univ/bw/bw7/symbol"},"variants":{"firstEdition":false,"holo":true,"normal":true,"reverse":true,"wPromo":false},"dexId":[251],"hp":110,"types":["Planta"],"suffix":"EX","abilities":[{"type":"Habilidad","name":"Retroceso en el Tiempo","effect":"Cada uno de tus Pokémon evolucionados puede usar cualquier ataque de sus Evoluciones anteriores. (Sigues necesitando la Energía necesaria para usar cada ataque.)"}],"attacks":[{"cost":["Planta","Incolora","Incolora"],"damage":60}],"weaknesses":[{"type":"Guego","value":"×2"}],"resistances":[{"type":"Agua","value":"-20"}],"retreat":1,"legal":{"standard":false,"expanded":true}},{"category":"Pokémon","id":"bw7-142","illustrator":"5ban Graphics","localId":"142","name":"Keldeo-EX","rarity":"Rara Ultra","set":{"cardCount":{"official":149,"total":153},"id":"bw7","name":"Fronteras Cruzadas","symbol":"https://assets.tcgdex.net/univ/bw/bw7/symbol"},"variants":{"firstEdition":false,"holo":true,"normal":true,"reverse":true,"wPromo":false},"dexId":[647],"hp":170,"types":["Agua"],"suffix":"EX","abilities":[{"type":"Habilidad","name":"Apremio","effect":"Una vez durante tu turno (antes de tu ataque), si este Pokémon está en tu Banca, puedes cambiar a este Pokémon por tu Pokémon Activo."}],"attacks":[{"cost":["Incolora","Incolora","Incolora"],"damage":50}],"weaknesses":[{"type":"Planta","value":"×2"}],"retreat":2,"legal":{"standard":false,"expanded":true}},{"category":"Pokémon","id":"bw7-143","illustrator":"5ban Graphics","localId":"143","name":"Cresselia-EX","rarity":"Rara Ultra","set":{"cardCount":{"official":149,"total":153},"id":"bw7","name":"Fronteras Cruzadas","symbol":"https://assets.tcgdex.net/univ/bw/bw7/symbol"},"variants":{"firstEdition":false,"holo":true,"normal":true,"reverse":true,"wPromo":false},"dexId":[488],"hp":170,"types":["Psíquico"],"suffix":"EX","abilities":[{"type":"Habilidad","name":"Partículas Centelleantes","effect":"En cualquier momento entre turnos, cura 10 puntos de daño a este Pokémon."}],"attacks":[{"cost":["Psíquico","Incolora","Incolora","Incolora"],"damage":90}],"weaknesses":[{"type":"Psíquico","value":"×2"}],"retreat":1,"legal":{"standard":false,"expanded":true}},{"category":"Pokémon","id":"bw7-144","illustrator":"5ban Graphics","localId":"144","name":"Landorus-EX","rarity":"Rara Ultra","set":{"cardCount":{"official":149,"total":153},"id":"bw7","name":"Fronteras Cruzadas","symbol":"https://assets.tcgdex.net/univ/bw/bw7/symbol"},"variants":{"firstEdition":false,"holo":true,"normal":true,"reverse":true,"wPromo":false},"dexId":[645],"hp":180,"types":["Lucha"],"suffix":"EX","attacks":[{"cost":["Lucha"],"damage":30},{"cost":["Lucha","Lucha","Incolora"],"damage":80}],"weaknesses":[{"type":"Agua","value":"×2"}],"resistances":[{"type":"Rayo","value":"-20"}],"retreat":3,"legal":{"standard":false,"expanded":true}},{"category":"Pokémon","id":"bw7-145","illustrator":"5ban Graphics","localId":"145","name":"Kyurem Negro-EX","rarity":"Rara Ultra","set":{"cardCount":{"official":149,"total":153},"id":"bw7","name":"Fronteras Cruzadas","symbol":"https://assets.tcgdex.net/univ/bw/bw7/symbol"},"variants":{"firstEdition":false,"holo":true,"normal":true,"reverse":true,"wPromo":false},"dexId":[646],"hp":180,"types":["Dragón"],"suffix":"EX","attacks":[{"cost":["Rayo","Incolora","Incolora"],"damage":60},{"cost":["Agua","Rayo","Rayo","Incolora"],"damage":150}],"weaknesses":[{"type":"Dragón","value":"×2"}],"retreat":3,"legal":{"standard":false,"expanded":true}},{"category":"Pokémon","id":"bw7-146","illustrator":"5ban Graphics","localId":"146","name":"Kyurem Blanco-EX","rarity":"Rara Ultra","set":{"cardCount":{"official":149,"total":153},"id":"bw7","name":"Fronteras Cruzadas","symbol":"https://assets.tcgdex.net/univ/bw/bw7/symbol"},"variants":{"firstEdition":false,"holo":true,"normal":true,"reverse":true,"wPromo":false},"dexId":[646],"hp":180,"types":["Dragón"],"suffix":"EX","attacks":[{"cost":["Guego","Incolora","Incolora"],"damage":60},{"cost":["Guego","Guego","Agua","Incolora"],"damage":150}],"weaknesses":[{"type":"Dragón","value":"×2"}],"retreat":3,"legal":{"standard":false,"expanded":true}},{"category":"Entrenador","id":"bw7-147","illustrator":"Megumi Mizutani","localId":"147","name":"Bel","rarity":"Rara Ultra","set":{"cardCount":{"official":149,"total":153},"id":"bw7","name":"Fronteras Cruzadas","symbol":"https://assets.tcgdex.net/univ/bw/bw7/symbol"},"variants":{"firstEdition":false,"holo":true,"normal":true,"reverse":true,"wPromo":false},"effect":"Roba cartas hasta que tengas 6 cartas en tu mano.","trainerType":"Partidario","legal":{"standard":false,"expanded":true}},{"category":"Entrenador","id":"bw7-148","illustrator":"Megumi Mizutani","localId":"148","name":"Cheren","rarity":"Rara Ultra","set":{"cardCount":{"official":149,"total":153},"id":"bw7","name":"Fronteras Cruzadas","symbol":"https://assets.tcgdex.net/univ/bw/bw7/symbol"},"variants":{"firstEdition":false,"holo":true,"normal":true,"reverse":true,"wPromo":false},"effect":"Roba 3 cartas.","trainerType":"Partidario","legal":{"standard":false,"expanded":true}},{"category":"Entrenador","id":"bw7-149","illustrator":"Kanako Eo","localId":"149","name":"Gerania","rarity":"Rara Ultra","set":{"cardCount":{"official":149,"total":153},"id":"bw7","name":"Fronteras Cruzadas","symbol":"https://assets.tcgdex.net/univ/bw/bw7/symbol"},"variants":{"firstEdition":false,"holo":true,"normal":true,"reverse":true,"wPromo":false},"effect":"Busca en tu baraja una carta de Entrenador, enséñala y ponla en tu mano. Baraja las cartas de tu baraja después.","trainerType":"Partidario","legal":{"standard":false,"expanded":true}},{"category":"Pokémon","id":"bw7-150","illustrator":"5ban Graphics","localId":"150","name":"Golurk","rarity":"Rara Secreto","set":{"cardCount":{"official":149,"total":153},"id":"bw7","name":"Fronteras Cruzadas","symbol":"https://assets.tcgdex.net/univ/bw/bw7/symbol"},"variants":{"firstEdition":false,"holo":true,"normal":true,"reverse":true,"wPromo":false},"dexId":[623],"hp":130,"types":["Psíquico"],"stage":"Fase 1","attacks":[{"cost":["Psíquico","Incolora","Incolora"],"damage":60},{"cost":["Psíquico","Psíquico","Incolora","Incolora"],"damage":90}],"weaknesses":[{"type":"Oscura","value":"×2"}],"retreat":4,"legal":{"standard":false,"expanded":true}},{"category":"Pokémon","id":"bw7-151","illustrator":"5ban Graphics","localId":"151","name":"Terrakion","rarity":"Rara Secreto","set":{"cardCount":{"official":149,"total":153},"id":"bw7","name":"Fronteras Cruzadas","symbol":"https://assets.tcgdex.net/univ/bw/bw7/symbol"},"variants":{"firstEdition":false,"holo":true,"normal":true,"reverse":true,"wPromo":false},"dexId":[639],"hp":130,"types":["Lucha"],"stage":"Basico","attacks":[{"cost":["Lucha","Incolora"],"damage":30},{"cost":["Lucha","Lucha","Incolora"],"damage":90}],"weaknesses":[{"type":"Planta","value":"×2"}],"retreat":4,"legal":{"standard":false,"expanded":true}},{"category":"Pokémon","id":"bw7-152","illustrator":"5ban Graphics","localId":"152","name":"Altaria","rarity":"Rara Secreto","set":{"cardCount":{"official":149,"total":153},"id":"bw7","name":"Fronteras Cruzadas","symbol":"https://assets.tcgdex.net/univ/bw/bw7/symbol"},"variants":{"firstEdition":false,"holo":true,"normal":true,"reverse":true,"wPromo":false},"dexId":[334],"hp":70,"types":["Dragón"],"stage":"Fase 1","abilities":[{"type":"Habilidad","name":"Canción Bélica","effect":"Los ataques de tus Pokémon Dragon hacen 20 puntos de daño más a los Pokémon Activos (antes de aplicar Debilidad y Resistencia)."}],"attacks":[{"cost":["Agua","Metálica","Incolora"],"damage":40}],"weaknesses":[{"type":"Dragón","value":"×2"}],"retreat":1,"legal":{"standard":false,"expanded":true}},{"category":"Entrenador","id":"bw7-153","illustrator":"Ryo Ueda","localId":"153","name":"Casco Dentado","rarity":"Rara Secreto","set":{"cardCount":{"official":149,"total":153},"id":"bw7","name":"Fronteras Cruzadas","symbol":"https://assets.tcgdex.net/univ/bw/bw7/symbol"},"variants":{"firstEdition":false,"holo":true,"normal":true,"reverse":true,"wPromo":false},"effect":"Si el Pokémon al que está unida esta carta es tu Pokémon Activo y resulta dañado por el ataque de un rival (incluso si ese Pokémon queda Fuera de Combate), pon 2 contadores de daño en el Pokémon Atacante,","trainerType":"Herramienta","legal":{"standard":false,"expanded":true}}]