[{"category":"Pokémon","id":"bw6-1","illustrator":"Kouki Saitou","localId":"1","name":"Hoppip","rarity":"Commún","set":{"cardCount":{"official":124,"total":128},"id":"bw6","name":"Dragones Majestuosos","symbol":"https://assets.tcgdex.net/univ/bw/bw6/symbol"},"variants":{"firstEdition":false,"holo":true,"normal":true,"reverse":true,"wPromo":false},"dexId":[187],"hp":30,"types":["Planta"],"stage":"Basico","attacks":[{"cost":["Planta"],"damage":10}],"weaknesses":[{"type":"Guego","value":"×2"}],"resistances":[{"type":"Agua","value":"-20"}],"retreat":1,"legal":{"standard":false,"expanded":true}},{"category":"Pokémon","id":"bw6-2","illustrator":"Suwama Chiaki","localId":"2","name":"Skiploom","rarity":"Uncommon","set":{"cardCount":{"official":124,"total":128},"id":"bw6","name":"Dragones Majestuosos","symbol":"https://assets.tcgdex.net/univ/bw/bw6/symbol"},"variants":{"firstEdition":false,"holo":true,"normal":true,"reverse":true,"wPromo":false},"dexId":[188],"hp":60,"types":["Planta"],"stage":"Fase 1","attacks":[{"cost":["Planta"],"damage":10}],"weaknesses":[{"type":"Guego","value":"×2"}],"resistances":[{"type":"Agua","value":"-20"}],"retreat":0,"legal":{"standard":false,"expanded":true}},{"category":"Pokémon","id":"bw6-3","illustrator":"Kagemaru Himeno","localId":"3","name":"Jumpluff","rarity":"Rara","set":{"cardCount":{"official":124,"total":128},"id":"bw6","name":"Dragones Majestuosos","symbol":"https://assets.tcgdex.net/univ/bw/bw6/symbol"},"variants":{"firstEdition":false,"holo":true,"normal":true,"reverse":true,"wPromo":false},"dexId":[189],"hp":90,"types":["Planta"],"stage":"Fase 2","abilities":[{"type":"Habilidad","name":"A Merced del Viento","effect":"Una vez durante tu turno (antes de tu ataque), puedes devolver este Pokémon y todas las cartas unidas a él a tu mano."}],"attacks":[{"cost":["Planta"],"damage":20}],"weaknesses":[{"type":"Guego","value":"×2"}],"resistances":[{"type":"Agua","value":"-20"}],"retreat":0,"legal":{"standard":false,"expanded":true}},{"category":"Pokémon","id":"bw6-4","illustrator":"Yukiko Baba","localId":"4","name":"Yanma","rarity":"Commún","set":{"cardCount":{"official":124,"total":128},"id":"bw6","name":"Dragones Majestuosos","symbol":"https://assets.tcgdex.net/univ/bw/bw6/symbol"},"variants":{"firstEdition":false,"holo":true,"normal":true,"reverse":true,"wPromo":false},"dexId":[193],"hp":70,"types":["Planta"],"stage":"Basico","attacks":[{"cost":["Incolora","Incolora"],"damage":20}],"weaknesses":[{"type":"Rayo","value":"×2"}],"resistances":[{"type":"Lucha","value":"-20"}],"retreat":1,"legal":{"standard":false,"expanded":true}},{"category":"Pokémon","id":"bw6-5","illustrator":"Naoki Saito","localId":"5","name":"Yanmega","rarity":"Rara","set":{"cardCount":{"official":124,"total":128},"id":"bw6","name":"Dragones Majestuosos","symbol":"https://assets.tcgdex.net/univ/bw/bw6/symbol"},"variants":{"firstEdition":false,"holo":true,"normal":true,"reverse":true,"wPromo":false},"dexId":[469],"hp":100,"types":["Planta"],"stage":"Fase 1","attacks":[{"cost":["Incolora","Incolora"],"damage":30},{"cost":["Incolora","Incolora","Incolora"],"damage":70}],"weaknesses":[{"type":"Rayo","value":"×2"}],"resistances":[{"type":"Lucha","value":"-20"}],"retreat":0,"legal":{"standard":false,"expanded":true}},{"category":"Pokémon","id":"bw6-6","illustrator":"Kouki Saitou","localId":"6","name":"Wurmple","rarity":"Commún","set":{"cardCount":{"official":124,"total":128},"id":"bw6","name":"Dragones Majestuosos","symbol":"https://assets.tcgdex.net/univ/bw/bw6/symbol"},"variants":{"firstEdition":false,"holo":true,"normal":true,"reverse":true,"wPromo":false},"dexId":[265],"hp":60,"types":["Planta"],"stage":"Basico","attacks":[{"cost":["Incolora"]}],"weaknesses":[{"type":"Guego","value":"×2"}],"retreat":1,"legal":{"standard":false,"expanded":true}},{"category":"Pokémon","id":"bw6-7","illustrator":"Naoki Saito","localId":"7","name":"Silcoon","rarity":"Uncommon","set":{"cardCount":{"official":124,"total":128},"id":"bw6","name":"Dragones Majestuosos","symbol":"https://assets.tcgdex.net/univ/bw/bw6/symbol"},"variants":{"firstEdition":false,"holo":true,"normal":true,"reverse":true,"wPromo":false},"dexId":[266],"hp":80,"types":["Planta"],"stage":"Fase 1","attacks":[{"cost":["Incolora"]},{"cost":["Planta","Incolora","Incolora"],"damage":40}],"weaknesses":[{"type":"Guego","value":"×2"}],"retreat":3,"legal":{"standard":false,"expanded":true}},{"category":"Pokémon","id":"bw6-8","illustrator":"Akira Komayama","localId":"8","name":"Beautifly","rarity":"Rara","set":{"cardCount":{"official":124,"total":128},"id":"bw6","name":"Dragones Majestuosos","symbol":"https://assets.tcgdex.net/univ/bw/bw6/symbol"},"variants":{"firstEdition":false,"holo":true,"normal":true,"reverse":true,"wPromo":false},"dexId":[267],"hp":120,"types":["Planta"],"stage":"Fase 2","attacks":[{"cost":["Planta"]},{"cost":["Planta","Incolora","Incolora"],"damage":40}],"weaknesses":[{"type":"Guego","value":"×2"}],"retreat":1,"legal":{"standard":false,"expanded":true}},{"category":"Pokémon","id":"bw6-9","illustrator":"match","localId":"9","name":"Cascoon","rarity":"Uncommon","set":{"cardCount":{"official":124,"total":128},"id":"bw6","name":"Dragones Majestuosos","symbol":"https://assets.tcgdex.net/univ/bw/bw6/symbol"},"variants":{"firstEdition":false,"holo":true,"normal":true,"reverse":true,"wPromo":false},"dexId":[268],"hp":80,"types":["Planta"],"stage":"Fase 1","attacks":[{"cost":["Incolora"]},{"cost":["Incolora","Incolora"],"damage":20}],"weaknesses":[{"type":"Guego","value":"×2"}],"retreat":3,"legal":{"standard":false,"expanded":true}},{"category":"Pokémon","id":"bw6-10","illustrator":"MAHOU","localId":"10","name":"Nincada","rarity":"Commún","set":{"cardCount":{"official":124,"total":128},"id":"bw6","name":"Dragones Majestuosos","symbol":"https://assets.tcgdex.net/univ/bw/bw6/symbol"},"variants":{"firstEdition":false,"holo":true,"normal":true,"reverse":true,"wPromo":false},"dexId":[290],"hp":40,"types":["Planta"],"stage":"Basico","attacks":[{"cost":["Incolora"],"damage":10}],"weaknesses":[{"type":"Guego","value":"×2"}],"retreat":1,"legal":{"standard":false,"expanded":true}},{"category":"Pokémon","id":"bw6-11","illustrator":"Masakazu Fukuda","localId":"11","name":"Ninjask","rarity":"Uncommon","set":{"cardCount":{"official":124,"total":128},"id":"bw6","name":"Dragones Majestuosos","symbol":"https://assets.tcgdex.net/univ/bw/bw6/symbol"},"variants":{"firstEdition":false,"holo":true,"normal":true,"reverse":true,"wPromo":false},"dexId":[291],"hp":60,"types":["Planta"],"stage":"Fase 1","abilities":[{"type":"Habilidad","name":"Caparazón Desprendido","effect":"Cuando juegues este Pokémon de tu mano para hacer evolucionar a 1 de tus Pokémon, puedes buscar en tu baraja a Shedinja y ponerlo en tu Banca. Baraja las cartas de tu baraja después."}],"attacks":[{"cost":["Planta","Incolora"],"damage":60}],"weaknesses":[{"type":"Guego","value":"×2"}],"retreat":1,"legal":{"standard":false,"expanded":true}},{"category":"Pokémon","id":"bw6-12","illustrator":"Suwama Chiaki","localId":"12","name":"Roselia","rarity":"Uncommon","set":{"cardCount":{"official":124,"total":128},"id":"bw6","name":"Dragones Majestuosos","symbol":"https://assets.tcgdex.net/univ/bw/bw6/symbol"},"variants":{"firstEdition":false,"holo":true,"normal":true,"reverse":true,"wPromo":false},"dexId":[315],"hp":70,"types":["Planta"],"stage":"Basico","attacks":[{"cost":["Incolora"],"damage":10},{"cost":["Planta"]}],"weaknesses":[{"type":"Guego","value":"×2"}],"resistances":[{"type":"Agua","value":"-20"}],"retreat":1,"legal":{"standard":false,"expanded":true}},{"category":"Pokémon","id":"bw6-13","illustrator":"Shin Nagasawa","localId":"13","name":"Roselia","rarity":"Commún","set":{"cardCount":{"official":124,"total":128},"id":"bw6","name":"Dragones Majestuosos","symbol":"https://assets.tcgdex.net/univ/bw/bw6/symbol"},"variants":{"firstEdition":false,"holo":true,"normal":true,"reverse":true,"wPromo":false},"dexId":[315],"hp":70,"types":["Planta"],"stage":"Basico","attacks":[{"cost":["Planta","Incolora"],"damage":10}],"weaknesses":[{"type":"Guego","value":"×2"}],"resistances":[{"type":"Agua","value":"-20"}],"retreat":1,"legal":{"standard":false,"expanded":true}},{"category":"Pokémon","id":"bw6-14","illustrator":"Kyoko Umemoto","localId":"14","name":"Roserade","rarity":"Uncommon","set":{"cardCount":{"official":124,"total":128},"id":"bw6","name":"Dragones Majestuosos","symbol":"https://assets.tcgdex.net/univ/bw/bw6/symbol"},"variants":{"firstEdition":false,"holo":true,"normal":true,"reverse":true,"wPromo":false},"dexId":[407],"hp":90,"types":["Planta"],"stage":"Fase 1","attacks":[{"cost":["Planta"],"damage":30},{"cost":["Planta","Incolora","Incolora"],"damage":60}],"weaknesses":[{"type":"Guego","value":"×2"}],"resistances":[{"type":"Agua","value":"-20"}],"retreat":1,"legal":{"standard":false,"expanded":true}},{"category":"Pokémon","id":"bw6-15","illustrator":"Shin Nagasawa","localId":"15","name":"Roserade","rarity":"Rara","set":{"cardCount":{"official":124,"total":128},"id":"bw6","name":"Dragones Majestuosos","symbol":"https://assets.tcgdex.net/univ/bw/bw6/symbol"},"variants":{"firstEdition":false,"holo":true,"normal":true,"reverse":true,"wPromo":false},"dexId":[407],"hp":90,"types":["Planta"],"stage":"Fase 1","abilities":[{"type":"Habilidad","name":"Perfume","effect":"Cuando juegues este Pokémon de tu mano para hacer evolucionar a 1 de tus Pokémon, puedes buscar en tu baraja una carta cualquiera y ponerla en tu mano. Baraja las cartas de tu baraja después."}],"attacks":[{"cost":["Planta","Incolora"],"damage":30}],"weaknesses":[{"type":"Guego","value":"×2"}],"resistances":[{"type":"Agua","value":"-20"}],"retreat":1,"legal":{"standard":false,"expanded":true}},{"category":"Pokémon","id":"bw6-16","illustrator":"sui","localId":"16","name":"Maractus","rarity":"Uncommon","set":{"cardCount":{"official":124,"total":128},"id":"bw6","name":"Dragones Majestuosos","symbol":"https://assets.tcgdex.net/univ/bw/bw6/symbol"},"variants":{"firstEdition":false,"holo":true,"normal":true,"reverse":true,"wPromo":false},"dexId":[556],"hp":90,"types":["Planta"],"stage":"Basico","attacks":[{"cost":["Planta","Incolora"],"damage":20},{"cost":["Planta","Incolora","Incolora"],"damage":40}],"weaknesses":[{"type":"Guego","value":"×2"}],"resistances":[{"type":"Agua","value":"-20"}],"retreat":2,"legal":{"standard":false,"expanded":true}},{"category":"Pokémon","id":"bw6-17","illustrator":"Shin Nagasawa","localId":"17","name":"Foongus","rarity":"Commún","set":{"cardCount":{"official":124,"total":128},"id":"bw6","name":"Dragones Majestuosos","symbol":"https://assets.tcgdex.net/univ/bw/bw6/symbol"},"variants":{"firstEdition":false,"holo":true,"normal":true,"reverse":true,"wPromo":false},"dexId":[590],"hp":40,"types":["Planta"],"stage":"Basico","attacks":[{"cost":["Incolora"],"damage":10}],"weaknesses":[{"type":"Guego","value":"×2"}],"resistances":[{"type":"Agua","value":"-20"}],"retreat":1,"legal":{"standard":false,"expanded":true}},{"category":"Pokémon","id":"bw6-18","illustrator":"MAHOU","localId":"18","name":"Vulpix","rarity":"Commún","set":{"cardCount":{"official":124,"total":128},"id":"bw6","name":"Dragones Majestuosos","symbol":"https://assets.tcgdex.net/univ/bw/bw6/symbol"},"variants":{"firstEdition":false,"holo":true,"normal":true,"reverse":true,"wPromo":false},"dexId":[37],"hp":60,"types":["Guego"],"stage":"Basico","attacks":[{"cost":["Guego"]}],"weaknesses":[{"type":"Agua","value":"×2"}],"retreat":1,"legal":{"standard":false,"expanded":true}},{"category":"Pokémon","id":"bw6-19","illustrator":"Hideaki Hakozaki","localId":"19","name":"Ninetales","rarity":"Rara","set":{"cardCount":{"official":124,"total":128},"id":"bw6","name":"Dragones Majestuosos","symbol":"https://assets.tcgdex.net/univ/bw/bw6/symbol"},"variants":{"firstEdition":false,"holo":true,"normal":true,"reverse":true,"wPromo":false},"dexId":[38],"hp":90,"types":["Guego"],"stage":"Fase 1","abilities":[{"type":"Habilidad","name":"Mirada Alerta","effect":"Cuando juegues este Pokémon de tu mano para hacer evolucionar a 1 de tus Pokémon, puedes cambiar a 1 de los Pokémon en Banca de tu rival por su Pokémon Activo."}],"attacks":[{"cost":["Guego"],"damage":20}],"weaknesses":[{"type":"Agua","value":"×2"}],"retreat":1,"legal":{"standard":false,"expanded":true}},{"category":"Pokémon","id":"bw6-20","illustrator":"Kagemaru Himeno","localId":"20","name":"Magmar","rarity":"Commún","set":{"cardCount":{"official":124,"total":128},"id":"bw6","name":"Dragones Majestuosos","symbol":"https://assets.tcgdex.net/univ/bw/bw6/symbol"},"variants":{"firstEdition":false,"holo":true,"normal":true,"reverse":true,"wPromo":false},"dexId":[126],"hp":80,"types":["Guego"],"stage":"Basico","attacks":[{"cost":["Incolora"],"damage":10},{"cost":["Guego","Guego","Incolora"],"damage":50}],"weaknesses":[{"type":"Agua","value":"×2"}],"retreat":2,"legal":{"standard":false,"expanded":true}},{"category":"Pokémon","id":"bw6-21","illustrator":"Akira Komayama","localId":"21","name":"Magmortar","rarity":"Rara","set":{"cardCount":{"official":124,"total":128},"id":"bw6","name":"Dragones Majestuosos","symbol":"https://assets.tcgdex.net/univ/bw/bw6/symbol"},"variants":{"firstEdition":false,"holo":true,"normal":true,"reverse":true,"wPromo":false},"dexId":[467],"hp":120,"types":["Guego"],"stage":"Fase 1","attacks":[{"cost":["Guego"],"damage":40},{"cost":["Guego","Incolora","Incolora"],"damage":90}],"weaknesses":[{"type":"Agua","value":"×2"}],"retreat":3,"legal":{"standard":false,"expanded":true}},{"category":"Pokémon","id":"bw6-22","illustrator":"Eske Yoshinob","localId":"22","name":"Ho-Oh-EX","rarity":"Rara","set":{"cardCount":{"official":124,"total":128},"id":"bw6","name":"Dragones Majestuosos","symbol":"https://assets.tcgdex.net/univ/bw/bw6/symbol"},"variants":{"firstEdition":false,"holo":true,"normal":true,"reverse":true,"wPromo":false},"dexId":[250],"hp":160,"types":["Guego"],"suffix":"EX","abilities":[{"type":"Habilidad","name":"Renacimiento","effect":"Una vez durante tu turno (antes de tu ataque), si este Pokémon está en tu pila de descartes, puedes lanzar una moneda. Si sale cara, pon este Pokémon en tu Banca y une 3 tipos diferentes de cartas de Energía Básica de tu pila de descartes a este Pokémon."}],"attacks":[{"cost":["Incolora","Incolora","Incolora"],"damage":20}],"weaknesses":[{"type":"Agua","value":"×2"}],"resistances":[{"type":"Lucha","value":"-20"}],"retreat":2,"legal":{"standard":false,"expanded":true}},{"category":"Pokémon","id":"bw6-23","illustrator":"Mizue","localId":"23","name":"Magikarp","rarity":"Commún","set":{"cardCount":{"official":124,"total":128},"id":"bw6","name":"Dragones Majestuosos","symbol":"https://assets.tcgdex.net/univ/bw/bw6/symbol"},"variants":{"firstEdition":false,"holo":true,"normal":true,"reverse":true,"wPromo":false},"dexId":[129],"hp":30,"types":["Agua"],"stage":"Basico","attacks":[{"cost":["Agua"],"damage":10}],"weaknesses":[{"type":"Rayo","value":"×2"}],"retreat":1,"legal":{"standard":false,"expanded":true}},{"category":"Pokémon","id":"bw6-24","illustrator":"Mizue","localId":"24","name":"Gyarados","rarity":"Rara","set":{"cardCount":{"official":124,"total":128},"id":"bw6","name":"Dragones Majestuosos","symbol":"https://assets.tcgdex.net/univ/bw/bw6/symbol"},"variants":{"firstEdition":false,"holo":true,"normal":true,"reverse":true,"wPromo":false},"dexId":[130],"hp":130,"types":["Agua"],"stage":"Fase 1","attacks":[{"cost":["Agua","Incolora","Incolora"],"damage":60},{"cost":["Agua","Incolora","Incolora","Incolora"],"damage":60}],"weaknesses":[{"type":"Rayo","value":"×2"}],"retreat":3,"legal":{"standard":false,"expanded":true}},{"category":"Pokémon","id":"bw6-25","illustrator":"Atsuko Nishida","localId":"25","name":"Wailmer","rarity":"Uncommon","set":{"cardCount":{"official":124,"total":128},"id":"bw6","name":"Dragones Majestuosos","symbol":"https://assets.tcgdex.net/univ/bw/bw6/symbol"},"variants":{"firstEdition":false,"holo":true,"normal":true,"reverse":true,"wPromo":false},"dexId":[320],"hp":100,"types":["Agua"],"stage":"Basico","attacks":[{"cost":["Incolora"]},{"cost":["Agua","Incolora","Incolora"],"damage":30}],"weaknesses":[{"type":"Rayo","value":"×2"}],"retreat":3,"legal":{"standard":false,"expanded":true}},{"category":"Pokémon","id":"bw6-26","illustrator":"match","localId":"26","name":"Wailord","rarity":"Rara","set":{"cardCount":{"official":124,"total":128},"id":"bw6","name":"Dragones Majestuosos","symbol":"https://assets.tcgdex.net/univ/bw/bw6/symbol"},"variants":{"firstEdition":false,"holo":true,"normal":true,"reverse":true,"wPromo":false},"dexId":[321],"hp":200,"types":["Agua"],"stage":"Fase 1","attacks":[{"cost":["Agua"],"damage":30},{"cost":["Agua","Incolora","Incolora","Incolora"],"damage":80}],"weaknesses":[{"type":"Rayo","value":"×2"}],"retreat":4,"legal":{"standard":false,"expanded":true}},{"category":"Pokémon","id":"bw6-27","illustrator":"Kouki Saitou","localId":"27","name":"Feebas","rarity":"Commún","set":{"cardCount":{"official":124,"total":128},"id":"bw6","name":"Dragones Majestuosos","symbol":"https://assets.tcgdex.net/univ/bw/bw6/symbol"},"variants":{"firstEdition":false,"holo":true,"normal":true,"reverse":true,"wPromo":false},"dexId":[349],"hp":30,"types":["Agua"],"stage":"Basico","attacks":[{"cost":["Agua"]}],"weaknesses":[{"type":"Rayo","value":"×2"}],"retreat":1,"legal":{"standard":false,"expanded":true}},{"category":"Pokémon","id":"bw6-28","illustrator":"Mizue","localId":"28","name":"Milotic","rarity":"Rara","set":{"cardCount":{"official":124,"total":128},"id":"bw6","name":"Dragones Majestuosos","symbol":"https://assets.tcgdex.net/univ/bw/bw6/symbol"},"variants":{"firstEdition":false,"holo":true,"normal":true,"reverse":true,"wPromo":false},"dexId":[350],"hp":110,"types":["Agua"],"stage":"Fase 1","attacks":[{"cost":["Agua"]},{"cost":["Agua","Incolora","Incolora"],"damage":60}],"weaknesses":[{"type":"Rayo","value":"×2"}],"retreat":1,"legal":{"standard":false,"expanded":true}},{"category":"Pokémon","id":"bw6-29","illustrator":"Mitsuhiro Arita","localId":"29","name":"Spheal","rarity":"Commún","set":{"cardCount":{"official":124,"total":128},"id":"bw6","name":"Dragones Majestuosos","symbol":"https://assets.tcgdex.net/univ/bw/bw6/symbol"},"variants":{"firstEdition":false,"holo":true,"normal":true,"reverse":true,"wPromo":false},"dexId":[363],"hp":60,"types":["Agua"],"stage":"Basico","attacks":[{"cost":["Agua","Incolora"],"damage":10}],"weaknesses":[{"type":"Metálica","value":"×2"}],"retreat":2,"legal":{"standard":false,"expanded":true}},{"category":"Pokémon","id":"bw6-30","illustrator":"Mizue","localId":"30","name":"Sealeo","rarity":"Uncommon","set":{"cardCount":{"official":124,"total":128},"id":"bw6","name":"Dragones Majestuosos","symbol":"https://assets.tcgdex.net/univ/bw/bw6/symbol"},"variants":{"firstEdition":false,"holo":true,"normal":true,"reverse":true,"wPromo":false},"dexId":[364],"hp":80,"types":["Agua"],"stage":"Fase 1","attacks":[{"cost":["Agua","Incolora"],"damage":30},{"cost":["Agua","Incolora","Incolora"],"damage":40}],"weaknesses":[{"type":"Metálica","value":"×2"}],"retreat":3,"legal":{"standard":false,"expanded":true}},{"category":"Pokémon","id":"bw6-31","illustrator":"Kouki Saitou","localId":"31","name":"Walrein","rarity":"Rara","set":{"cardCount":{"official":124,"total":128},"id":"bw6","name":"Dragones Majestuosos","symbol":"https://assets.tcgdex.net/univ/bw/bw6/symbol"},"variants":{"firstEdition":false,"holo":true,"normal":true,"reverse":true,"wPromo":false},"dexId":[365],"hp":140,"types":["Agua"],"stage":"Fase 2","attacks":[{"cost":["Agua","Incolora","Incolora"],"damage":80},{"cost":["Agua","Agua","Incolora","Incolora"],"damage":60}],"weaknesses":[{"type":"Metálica","value":"×2"}],"retreat":4,"legal":{"standard":false,"expanded":true}},{"category":"Pokémon","id":"bw6-32","illustrator":"Kyoko Umemoto","localId":"32","name":"Buizel","rarity":"Commún","set":{"cardCount":{"official":124,"total":128},"id":"bw6","name":"Dragones Majestuosos","symbol":"https://assets.tcgdex.net/univ/bw/bw6/symbol"},"variants":{"firstEdition":false,"holo":true,"normal":true,"reverse":true,"wPromo":false},"dexId":[418],"hp":70,"types":["Agua"],"stage":"Basico","attacks":[{"cost":["Incolora"],"damage":10}],"weaknesses":[{"type":"Rayo","value":"×2"}],"retreat":1,"legal":{"standard":false,"expanded":true}},{"category":"Pokémon","id":"bw6-33","illustrator":"Naoki Saito","localId":"33","name":"Floatzel","rarity":"Uncommon","set":{"cardCount":{"official":124,"total":128},"id":"bw6","name":"Dragones Majestuosos","symbol":"https://assets.tcgdex.net/univ/bw/bw6/symbol"},"variants":{"firstEdition":false,"holo":true,"normal":true,"reverse":true,"wPromo":false},"dexId":[419],"hp":90,"types":["Agua"],"stage":"Fase 1","attacks":[{"cost":["Incolora"],"damage":20},{"cost":["Agua","Agua"],"damage":60}],"weaknesses":[{"type":"Rayo","value":"×2"}],"retreat":1,"legal":{"standard":false,"expanded":true}},{"category":"Pokémon","id":"bw6-34","illustrator":"Midori Harada","localId":"34","name":"Tympole","rarity":"Commún","set":{"cardCount":{"official":124,"total":128},"id":"bw6","name":"Dragones Majestuosos","symbol":"https://assets.tcgdex.net/univ/bw/bw6/symbol"},"variants":{"firstEdition":false,"holo":true,"normal":true,"reverse":true,"wPromo":false},"dexId":[535],"hp":50,"types":["Agua"],"stage":"Basico","attacks":[{"cost":["Agua"],"damage":10}],"weaknesses":[{"type":"Planta","value":"×2"}],"retreat":1,"legal":{"standard":false,"expanded":true}},{"category":"Pokémon","id":"bw6-35","illustrator":"Miki Tanaka","localId":"35","name":"Palpitoad","rarity":"Uncommon","set":{"cardCount":{"official":124,"total":128},"id":"bw6","name":"Dragones Majestuosos","symbol":"https://assets.tcgdex.net/univ/bw/bw6/symbol"},"variants":{"firstEdition":false,"holo":true,"normal":true,"reverse":true,"wPromo":false},"dexId":[536],"hp":80,"types":["Agua"],"stage":"Fase 1","attacks":[{"cost":["Incolora"]},{"cost":["Agua","Incolora","Incolora"],"damage":50}],"weaknesses":[{"type":"Planta","value":"×2"}],"retreat":1,"legal":{"standard":false,"expanded":true}},{"category":"Pokémon","id":"bw6-36","illustrator":"kawayoo","localId":"36","name":"Seismitoad","rarity":"Rara","set":{"cardCount":{"official":124,"total":128},"id":"bw6","name":"Dragones Majestuosos","symbol":"https://assets.tcgdex.net/univ/bw/bw6/symbol"},"variants":{"firstEdition":false,"holo":true,"normal":true,"reverse":true,"wPromo":false},"dexId":[537],"hp":140,"types":["Agua"],"stage":"Fase 2","attacks":[{"cost":["Incolora","Incolora","Incolora"],"damage":50},{"cost":["Agua","Incolora","Incolora","Incolora"],"damage":80}],"weaknesses":[{"type":"Planta","value":"×2"}],"retreat":2,"legal":{"standard":false,"expanded":true}},{"category":"Pokémon","id":"bw6-37","illustrator":"Miki Tanaka","localId":"37","name":"Alomomola","rarity":"Rara","set":{"cardCount":{"official":124,"total":128},"id":"bw6","name":"Dragones Majestuosos","symbol":"https://assets.tcgdex.net/univ/bw/bw6/symbol"},"variants":{"firstEdition":false,"holo":true,"normal":true,"reverse":true,"wPromo":false},"dexId":[594],"hp":90,"types":["Agua"],"stage":"Basico","attacks":[{"cost":["Agua","Incolora"],"damage":30},{"cost":["Agua","Incolora","Incolora"],"damage":50}],"weaknesses":[{"type":"Rayo","value":"×2"}],"retreat":2,"legal":{"standard":false,"expanded":true}},{"category":"Pokémon","id":"bw6-38","illustrator":"sui","localId":"38","name":"Mareep","rarity":"Commún","set":{"cardCount":{"official":124,"total":128},"id":"bw6","name":"Dragones Majestuosos","symbol":"https://assets.tcgdex.net/univ/bw/bw6/symbol"},"variants":{"firstEdition":false,"holo":true,"normal":true,"reverse":true,"wPromo":false},"dexId":[179],"hp":60,"types":["Rayo"],"stage":"Basico","attacks":[{"cost":["Incolora"]},{"cost":["Rayo","Incolora"],"damage":30}],"weaknesses":[{"type":"Lucha","value":"×2"}],"retreat":1,"legal":{"standard":false,"expanded":true}},{"category":"Pokémon","id":"bw6-39","illustrator":"Atsuko Nishida","localId":"39","name":"Flaaffy","rarity":"Uncommon","set":{"cardCount":{"official":124,"total":128},"id":"bw6","name":"Dragones Majestuosos","symbol":"https://assets.tcgdex.net/univ/bw/bw6/symbol"},"variants":{"firstEdition":false,"holo":true,"normal":true,"reverse":true,"wPromo":false},"dexId":[180],"hp":80,"types":["Rayo"],"stage":"Fase 1","attacks":[{"cost":["Incolora"],"damage":20},{"cost":["Rayo","Incolora","Incolora"],"damage":40}],"weaknesses":[{"type":"Lucha","value":"×2"}],"retreat":1,"legal":{"standard":false,"expanded":true}},{"category":"Pokémon","id":"bw6-40","illustrator":"Hajime Kusajima","localId":"40","name":"Ampharos","rarity":"Rara","set":{"cardCount":{"official":124,"total":128},"id":"bw6","name":"Dragones Majestuosos","symbol":"https://assets.tcgdex.net/univ/bw/bw6/symbol"},"variants":{"firstEdition":false,"holo":true,"normal":true,"reverse":true,"wPromo":false},"dexId":[181],"hp":140,"types":["Rayo"],"stage":"Fase 2","abilities":[{"type":"Habilidad","name":"Muro Electromagnético","effect":"Mientras este Pokémon sea tu Pokémon Activo, cada vez que tu rival una a 1 de sus Pokémon una Energía de su mano, pon 3 contadores de daño en ese Pokémon."}],"attacks":[{"cost":["Rayo","Incolora","Incolora"],"damage":70}],"weaknesses":[{"type":"Lucha","value":"×2"}],"retreat":2,"legal":{"standard":false,"expanded":true}},{"category":"Pokémon","id":"bw6-41","illustrator":"kawayoo","localId":"41","name":"Electrike","rarity":"Commún","set":{"cardCount":{"official":124,"total":128},"id":"bw6","name":"Dragones Majestuosos","symbol":"https://assets.tcgdex.net/univ/bw/bw6/symbol"},"variants":{"firstEdition":false,"holo":true,"normal":true,"reverse":true,"wPromo":false},"dexId":[309],"hp":60,"types":["Rayo"],"stage":"Basico","attacks":[{"cost":["Rayo"],"damage":10},{"cost":["Rayo","Incolora"],"damage":10}],"weaknesses":[{"type":"Lucha","value":"×2"}],"retreat":1,"legal":{"standard":false,"expanded":true}},{"category":"Pokémon","id":"bw6-42","illustrator":"Masakazu Fukuda","localId":"42","name":"Electrike","rarity":"Commún","set":{"cardCount":{"official":124,"total":128},"id":"bw6","name":"Dragones Majestuosos","symbol":"https://assets.tcgdex.net/univ/bw/bw6/symbol"},"variants":{"firstEdition":false,"holo":true,"normal":true,"reverse":true,"wPromo":false},"dexId":[309],"hp":60,"types":["Rayo"],"stage":"Basico","attacks":[{"cost":["Rayo","Incolora"],"damage":20}],"weaknesses":[{"type":"Lucha","value":"×2"}],"retreat":1,"legal":{"standard":false,"expanded":true}},{"category":"Pokémon","id":"bw6-43","illustrator":"Naoyo Kimura","localId":"43","name":"Manectric","rarity":"Rara","set":{"cardCount":{"official":124,"total":128},"id":"bw6","name":"Dragones Majestuosos","symbol":"https://assets.tcgdex.net/univ/bw/bw6/symbol"},"variants":{"firstEdition":false,"holo":true,"normal":true,"reverse":true,"wPromo":false},"dexId":[310],"hp":90,"types":["Rayo"],"stage":"Fase 1","attacks":[{"cost":["Rayo"],"damage":20},{"cost":["Rayo","Incolora","Incolora"],"damage":80}],"weaknesses":[{"type":"Lucha","value":"×2"}],"retreat":0,"legal":{"standard":false,"expanded":true}},{"category":"Pokémon","id":"bw6-44","illustrator":"Masakazu Fukuda","localId":"44","name":"Manectric","rarity":"Rara","set":{"cardCount":{"official":124,"total":128},"id":"bw6","name":"Dragones Majestuosos","symbol":"https://assets.tcgdex.net/univ/bw/bw6/symbol"},"variants":{"firstEdition":false,"holo":true,"normal":true,"reverse":true,"wPromo":false},"dexId":[310],"hp":90,"types":["Rayo"],"stage":"Fase 1","attacks":[{"cost":["Rayo"]},{"cost":["Rayo","Incolora"],"damage":30}],"weaknesses":[{"type":"Lucha","value":"×2"}],"retreat":1,"legal":{"standard":false,"expanded":true}},{"category":"Pokémon","id":"bw6-45","illustrator":"Kanako Eo","localId":"45","name":"Emolga","rarity":"Uncommon","set":{"cardCount":{"official":124,"total":128},"id":"bw6","name":"Dragones Majestuosos","symbol":"https://assets.tcgdex.net/univ/bw/bw6/symbol"},"variants":{"firstEdition":false,"holo":true,"normal":true,"reverse":true,"wPromo":false},"dexId":[587],"hp":70,"types":["Rayo"],"stage":"Basico","attacks":[{"cost":["Incolora"]},{"cost":["Rayo"],"damage":20}],"weaknesses":[{"type":"Rayo","value":"×2"}],"resistances":[{"type":"Lucha","value":"-20"}],"retreat":0,"legal":{"standard":false,"expanded":true}},{"category":"Pokémon","id":"bw6-46","illustrator":"Eske Yoshinob","localId":"46","name":"Mew-EX","rarity":"Rara","set":{"cardCount":{"official":124,"total":128},"id":"bw6","name":"Dragones Majestuosos","symbol":"https://assets.tcgdex.net/univ/bw/bw6/symbol"},"variants":{"firstEdition":false,"holo":true,"normal":true,"reverse":true,"wPromo":false},"dexId":[151],"hp":120,"types":["Psíquico"],"suffix":"EX","abilities":[{"type":"Habilidad","name":"Versátil","effect":"Este Pokémon puede usar los ataques de cualquier Pokémon en juego (tanto tuyos como de tu rival). (Sigues necesitando la Energía necesaria para usar cada ataque.)"}],"attacks":[{"cost":["Psíquico"]}],"weaknesses":[{"type":"Psíquico","value":"×2"}],"retreat":1,"legal":{"standard":false,"expanded":true}},{"category":"Pokémon","id":"bw6-47","illustrator":"Kagemaru Himeno","localId":"47","name":"Dustox","rarity":"Rara","set":{"cardCount":{"official":124,"total":128},"id":"bw6","name":"Dragones Majestuosos","symbol":"https://assets.tcgdex.net/univ/bw/bw6/symbol"},"variants":{"firstEdition":false,"holo":true,"normal":true,"reverse":true,"wPromo":false},"dexId":[269],"hp":130,"types":["Psíquico"],"stage":"Fase 2","attacks":[{"cost":["Psíquico"]},{"cost":["Psíquico","Incolora","Incolora"],"damage":50}],"weaknesses":[{"type":"Psíquico","value":"×2"}],"retreat":1,"legal":{"standard":false,"expanded":true}},{"category":"Pokémon","id":"bw6-48","illustrator":"Masakazu Fukuda","localId":"48","name":"Shedinja","rarity":"Rara","set":{"cardCount":{"official":124,"total":128},"id":"bw6","name":"Dragones Majestuosos","symbol":"https://assets.tcgdex.net/univ/bw/bw6/symbol"},"variants":{"firstEdition":false,"holo":true,"normal":true,"reverse":true,"wPromo":false},"dexId":[292],"hp":60,"types":["Psíquico"],"stage":"Fase 1","abilities":[{"type":"Habilidad","name":"Concha Vacía","effect":"Si este Pokémon queda Fuera de Combate, tu rival no puede coger ninguna carta de Premio por él."}],"attacks":[{"cost":["Psíquico"]}],"retreat":0,"legal":{"standard":false,"expanded":true}},{"category":"Pokémon","id":"bw6-49","illustrator":"MAHOU","localId":"49","name":"Drifloon","rarity":"Commún","set":{"cardCount":{"official":124,"total":128},"id":"bw6","name":"Dragones Majestuosos","symbol":"https://assets.tcgdex.net/univ/bw/bw6/symbol"},"variants":{"firstEdition":false,"holo":true,"normal":true,"reverse":true,"wPromo":false},"dexId":[425],"hp":60,"types":["Psíquico"],"stage":"Basico","attacks":[{"cost":["Psíquico"]}],"weaknesses":[{"type":"Oscura","value":"×2"}],"retreat":1,"legal":{"standard":false,"expanded":true}},{"category":"Pokémon","id":"bw6-50","illustrator":"Kouki Saitou","localId":"50","name":"Drifloon","rarity":"Commún","set":{"cardCount":{"official":124,"total":128},"id":"bw6","name":"Dragones Majestuosos","symbol":"https://assets.tcgdex.net/univ/bw/bw6/symbol"},"variants":{"firstEdition":false,"holo":true,"normal":true,"reverse":true,"wPromo":false},"dexId":[425],"hp":60,"types":["Psíquico"],"stage":"Basico","attacks":[{"cost":["Incolora"],"damage":10},{"cost":["Psíquico","Incolora"],"damage":20}],"weaknesses":[{"type":"Oscura","value":"×2"}],"retreat":1,"legal":{"standard":false,"expanded":true}},{"category":"Pokémon","id":"bw6-51","illustrator":"Kanako Eo","localId":"51","name":"Drifblim","rarity":"Rara","set":{"cardCount":{"official":124,"total":128},"id":"bw6","name":"Dragones Majestuosos","symbol":"https://assets.tcgdex.net/univ/bw/bw6/symbol"},"variants":{"firstEdition":false,"holo":true,"normal":true,"reverse":true,"wPromo":false},"dexId":[426],"hp":100,"types":["Psíquico"],"stage":"Fase 1","attacks":[{"cost":["Incolora"],"damage":50},{"cost":["Psíquico","Incolora"]}],"weaknesses":[{"type":"Oscura","value":"×2"}],"retreat":1,"legal":{"standard":false,"expanded":true}},{"category":"Pokémon","id":"bw6-52","illustrator":"Ryo Ueda","localId":"52","name":"Sigilyph","rarity":"Rara","set":{"cardCount":{"official":124,"total":128},"id":"bw6","name":"Dragones Majestuosos","symbol":"https://assets.tcgdex.net/univ/bw/bw6/symbol"},"variants":{"firstEdition":false,"holo":true,"normal":true,"reverse":true,"wPromo":false},"dexId":[561],"hp":90,"types":["Psíquico"],"stage":"Basico","abilities":[{"type":"Habilidad","name":"Velo Sagrado","effect":"Evita todos los efectos de los ataques, incluido el daño, infligidos a este Pokémon por Pokémon-EX."}],"attacks":[{"cost":["Psíquico","Incolora","Incolora"],"damage":50}],"weaknesses":[{"type":"Psíquico","value":"×2"}],"retreat":1,"legal":{"standard":false,"expanded":true}},{"category":"Pokémon","id":"bw6-53","illustrator":"Tomokazu Komiya","localId":"53","name":"Trubbish","rarity":"Commún","set":{"cardCount":{"official":124,"total":128},"id":"bw6","name":"Dragones Majestuosos","symbol":"https://assets.tcgdex.net/univ/bw/bw6/symbol"},"variants":{"firstEdition":false,"holo":true,"normal":true,"reverse":true,"wPromo":false},"dexId":[568],"hp":70,"types":["Psíquico"],"stage":"Basico","attacks":[{"cost":["Incolora","Incolora"],"damage":20},{"cost":["Psíquico","Incolora","Incolora"],"damage":30}],"weaknesses":[{"type":"Psíquico","value":"×2"}],"retreat":2,"legal":{"standard":false,"expanded":true}},{"category":"Pokémon","id":"bw6-54","illustrator":"kawayoo","localId":"54","name":"Garbodor","rarity":"Rara","set":{"cardCount":{"official":124,"total":128},"id":"bw6","name":"Dragones Majestuosos","symbol":"https://assets.tcgdex.net/univ/bw/bw6/symbol"},"variants":{"firstEdition":false,"holo":true,"normal":true,"reverse":true,"wPromo":false},"dexId":[569],"hp":100,"types":["Psíquico"],"stage":"Fase 1","abilities":[{"type":"Habilidad","name":"Garbotoxina","effect":"Si este Pokémon tiene una carta de Herramienta Pokémon unida a él, los Pokémon en juego, en la mano de cada jugador y en la pila de descartes de cada jugador no tienen ninguna habilidad (excepto Garbotoxina)."}],"attacks":[{"cost":["Psíquico","Psíquico","Incolora"],"damage":60}],"weaknesses":[{"type":"Psíquico","value":"×2"}],"retreat":3,"legal":{"standard":false,"expanded":true}},{"category":"Pokémon","id":"bw6-55","illustrator":"Aya Kusube","localId":"55","name":"Gothita","rarity":"Commún","set":{"cardCount":{"official":124,"total":128},"id":"bw6","name":"Dragones Majestuosos","symbol":"https://assets.tcgdex.net/univ/bw/bw6/symbol"},"variants":{"firstEdition":false,"holo":true,"normal":true,"reverse":true,"wPromo":false},"dexId":[574],"hp":50,"types":["Psíquico"],"stage":"Basico","attacks":[{"cost":["Psíquico"]}],"weaknesses":[{"type":"Psíquico","value":"×2"}],"retreat":1,"legal":{"standard":false,"expanded":true}},{"category":"Pokémon","id":"bw6-56","illustrator":"Mizue","localId":"56","name":"Gothorita","rarity":"Uncommon","set":{"cardCount":{"official":124,"total":128},"id":"bw6","name":"Dragones Majestuosos","symbol":"https://assets.tcgdex.net/univ/bw/bw6/symbol"},"variants":{"firstEdition":false,"holo":true,"normal":true,"reverse":true,"wPromo":false},"dexId":[575],"hp":80,"types":["Psíquico"],"stage":"Fase 1","attacks":[{"cost":["Psíquico"],"damage":10},{"cost":["Psíquico","Incolora","Incolora"],"damage":40}],"weaknesses":[{"type":"Psíquico","value":"×2"}],"retreat":1,"legal":{"standard":false,"expanded":true}},{"category":"Pokémon","id":"bw6-57","illustrator":"Akira Komayama","localId":"57","name":"Gothitelle","rarity":"Rara","set":{"cardCount":{"official":124,"total":128},"id":"bw6","name":"Dragones Majestuosos","symbol":"https://assets.tcgdex.net/univ/bw/bw6/symbol"},"variants":{"firstEdition":false,"holo":true,"normal":true,"reverse":true,"wPromo":false},"dexId":[576],"hp":130,"types":["Psíquico"],"stage":"Fase 2","attacks":[{"cost":["Psíquico","Incolora"]},{"cost":["Psíquico","Incolora","Incolora"],"damage":40}],"weaknesses":[{"type":"Psíquico","value":"×2"}],"retreat":2,"legal":{"standard":false,"expanded":true}},{"category":"Pokémon","id":"bw6-58","illustrator":"Mitsuhiro Arita","localId":"58","name":"Golett","rarity":"Commún","set":{"cardCount":{"official":124,"total":128},"id":"bw6","name":"Dragones Majestuosos","symbol":"https://assets.tcgdex.net/univ/bw/bw6/symbol"},"variants":{"firstEdition":false,"holo":true,"normal":true,"reverse":true,"wPromo":false},"dexId":[622],"hp":90,"types":["Psíquico"],"stage":"Basico","attacks":[{"cost":["Incolora","Incolora"]},{"cost":["Psíquico","Incolora","Incolora"],"damage":40}],"weaknesses":[{"type":"Oscura","value":"×2"}],"retreat":3,"legal":{"standard":false,"expanded":true}},{"category":"Pokémon","id":"bw6-59","illustrator":"Ryo Ueda","localId":"59","name":"Golurk","rarity":"Rara","set":{"cardCount":{"official":124,"total":128},"id":"bw6","name":"Dragones Majestuosos","symbol":"https://assets.tcgdex.net/univ/bw/bw6/symbol"},"variants":{"firstEdition":false,"holo":true,"normal":true,"reverse":true,"wPromo":false},"dexId":[623],"hp":130,"types":["Psíquico"],"stage":"Fase 1","attacks":[{"cost":["Psíquico","Incolora","Incolora"],"damage":60},{"cost":["Psíquico","Psíquico","Incolora","Incolora"],"damage":90}],"weaknesses":[{"type":"Oscura","value":"×2"}],"retreat":4,"legal":{"standard":false,"expanded":true}},{"category":"Pokémon","id":"bw6-60","illustrator":"Atsuko Nishida","localId":"60","name":"Cubone","rarity":"Commún","set":{"cardCount":{"official":124,"total":128},"id":"bw6","name":"Dragones Majestuosos","symbol":"https://assets.tcgdex.net/univ/bw/bw6/symbol"},"variants":{"firstEdition":false,"holo":true,"normal":true,"reverse":true,"wPromo":false},"dexId":[104],"hp":70,"types":["Lucha"],"stage":"Basico","attacks":[{"cost":["Lucha"],"damage":10},{"cost":["Incolora","Incolora"],"damage":20}],"weaknesses":[{"type":"Agua","value":"×2"}],"resistances":[{"type":"Rayo","value":"-20"}],"retreat":1,"legal":{"standard":false,"expanded":true}},{"category":"Pokémon","id":"bw6-61","illustrator":"Kouki Saitou","localId":"61","name":"Marowak","rarity":"Rara","set":{"cardCount":{"official":124,"total":128},"id":"bw6","name":"Dragones Majestuosos","symbol":"https://assets.tcgdex.net/univ/bw/bw6/symbol"},"variants":{"firstEdition":false,"holo":true,"normal":true,"reverse":true,"wPromo":false},"dexId":[105],"hp":100,"types":["Lucha"],"stage":"Fase 1","attacks":[{"cost":["Lucha"],"damage":30},{"cost":["Lucha","Incolora","Incolora"],"damage":60}],"weaknesses":[{"type":"Agua","value":"×2"}],"resistances":[{"type":"Rayo","value":"-20"}],"retreat":1,"legal":{"standard":false,"expanded":true}},{"category":"Pokémon","id":"bw6-62","illustrator":"Shin Nagasawa","localId":"62","name":"Nosepass","rarity":"Commún","set":{"cardCount":{"official":124,"total":128},"id":"bw6","name":"Dragones Majestuosos","symbol":"https://assets.tcgdex.net/univ/bw/bw6/symbol"},"variants":{"firstEdition":false,"holo":true,"normal":true,"reverse":true,"wPromo":false},"dexId":[299],"hp":80,"types":["Lucha"],"stage":"Basico","attacks":[{"cost":["Incolora","Incolora"],"damage":20}],"weaknesses":[{"type":"Planta","value":"×2"}],"retreat":2,"legal":{"standard":false,"expanded":true}},{"category":"Pokémon","id":"bw6-63","illustrator":"Shigenori Negishi","localId":"63","name":"Baltoy","rarity":"Commún","set":{"cardCount":{"official":124,"total":128},"id":"bw6","name":"Dragones Majestuosos","symbol":"https://assets.tcgdex.net/univ/bw/bw6/symbol"},"variants":{"firstEdition":false,"holo":true,"normal":true,"reverse":true,"wPromo":false},"dexId":[343],"hp":60,"types":["Lucha"],"stage":"Basico","attacks":[{"cost":["Incolora"],"damage":10},{"cost":["Incolora","Incolora"]}],"weaknesses":[{"type":"Planta","value":"×2"}],"retreat":1,"legal":{"standard":false,"expanded":true}},{"category":"Pokémon","id":"bw6-64","illustrator":"Shin Nagasawa","localId":"64","name":"Claydol","rarity":"Rara","set":{"cardCount":{"official":124,"total":128},"id":"bw6","name":"Dragones Majestuosos","symbol":"https://assets.tcgdex.net/univ/bw/bw6/symbol"},"variants":{"firstEdition":false,"holo":true,"normal":true,"reverse":true,"wPromo":false},"dexId":[344],"hp":90,"types":["Lucha"],"stage":"Fase 1","attacks":[{"cost":["Incolora","Incolora"],"damage":30},{"cost":["Lucha","Incolora","Incolora"],"damage":60}],"weaknesses":[{"type":"Planta","value":"×2"}],"retreat":3,"legal":{"standard":false,"expanded":true}},{"category":"Pokémon","id":"bw6-65","illustrator":"Kyoko Umemoto","localId":"65","name":"Roggenrola","rarity":"Commún","set":{"cardCount":{"official":124,"total":128},"id":"bw6","name":"Dragones Majestuosos","symbol":"https://assets.tcgdex.net/univ/bw/bw6/symbol"},"variants":{"firstEdition":false,"holo":true,"normal":true,"reverse":true,"wPromo":false},"dexId":[524],"hp":70,"types":["Lucha"],"stage":"Basico","attacks":[{"cost":["Lucha","Incolora"],"damage":10},{"cost":["Lucha","Incolora","Incolora"],"damage":40}],"weaknesses":[{"type":"Planta","value":"×2"}],"retreat":3,"legal":{"standard":false,"expanded":true}},{"category":"Pokémon","id":"bw6-66","illustrator":"Kagemaru Himeno","localId":"66","name":"Boldore","rarity":"Uncommon","set":{"cardCount":{"official":124,"total":128},"id":"bw6","name":"Dragones Majestuosos","symbol":"https://assets.tcgdex.net/univ/bw/bw6/symbol"},"variants":{"firstEdition":false,"holo":true,"normal":true,"reverse":true,"wPromo":false},"dexId":[525],"hp":90,"types":["Lucha"],"stage":"Fase 1","attacks":[{"cost":["Lucha"],"damage":30},{"cost":["Lucha","Incolora","Incolora"],"damage":60}],"weaknesses":[{"type":"Planta","value":"×2"}],"retreat":3,"legal":{"standard":false,"expanded":true}},{"category":"Pokémon","id":"bw6-67","illustrator":"Ryo Ueda","localId":"67","name":"Gigalith","rarity":"Rara","set":{"cardCount":{"official":124,"total":128},"id":"bw6","name":"Dragones Majestuosos","symbol":"https://assets.tcgdex.net/univ/bw/bw6/symbol"},"variants":{"firstEdition":false,"holo":true,"normal":true,"reverse":true,"wPromo":false},"dexId":[526],"hp":140,"types":["Lucha"],"stage":"Fase 2","attacks":[{"cost":["Lucha","Incolora","Incolora"],"damage":10},{"cost":["Lucha","Lucha","Incolora","Incolora"],"damage":120}],"weaknesses":[{"type":"Planta","value":"×2"}],"retreat":4,"legal":{"standard":false,"expanded":true}},{"category":"Pokémon","id":"bw6-68","illustrator":"Midori Harada","localId":"68","name":"Throh","rarity":"Uncommon","set":{"cardCount":{"official":124,"total":128},"id":"bw6","name":"Dragones Majestuosos","symbol":"https://assets.tcgdex.net/univ/bw/bw6/symbol"},"variants":{"firstEdition":false,"holo":true,"normal":true,"reverse":true,"wPromo":false},"dexId":[538],"hp":100,"types":["Lucha"],"stage":"Basico","attacks":[{"cost":["Lucha","Incolora","Incolora"],"damage":40},{"cost":["Lucha","Incolora","Incolora","Incolora"],"damage":70}],"weaknesses":[{"type":"Psíquico","value":"×2"}],"retreat":3,"legal":{"standard":false,"expanded":true}},{"category":"Pokémon","id":"bw6-69","illustrator":"Masakazu Fukuda","localId":"69","name":"Sawk","rarity":"Uncommon","set":{"cardCount":{"official":124,"total":128},"id":"bw6","name":"Dragones Majestuosos","symbol":"https://assets.tcgdex.net/univ/bw/bw6/symbol"},"variants":{"firstEdition":false,"holo":true,"normal":true,"reverse":true,"wPromo":false},"dexId":[539],"hp":90,"types":["Lucha"],"stage":"Basico","attacks":[{"cost":["Incolora"]},{"cost":["Lucha","Incolora","Incolora"],"damage":70}],"weaknesses":[{"type":"Psíquico","value":"×2"}],"retreat":1,"legal":{"standard":false,"expanded":true}},{"category":"Pokémon","id":"bw6-70","illustrator":"HiRON","localId":"70","name":"Stunfisk","rarity":"Uncommon","set":{"cardCount":{"official":124,"total":128},"id":"bw6","name":"Dragones Majestuosos","symbol":"https://assets.tcgdex.net/univ/bw/bw6/symbol"},"variants":{"firstEdition":false,"holo":true,"normal":true,"reverse":true,"wPromo":false},"dexId":[618],"hp":100,"types":["Lucha"],"stage":"Basico","attacks":[{"cost":["Lucha"],"damage":20},{"cost":["Lucha","Incolora"],"damage":40}],"weaknesses":[{"type":"Agua","value":"×2"}],"resistances":[{"type":"Rayo","value":"-20"}],"retreat":3,"legal":{"standard":false,"expanded":true}},{"category":"Pokémon","id":"bw6-71","illustrator":"Eske Yoshinob","localId":"71","name":"Terrakion-EX","rarity":"Rara","set":{"cardCount":{"official":124,"total":128},"id":"bw6","name":"Dragones Majestuosos","symbol":"https://assets.tcgdex.net/univ/bw/bw6/symbol"},"variants":{"firstEdition":false,"holo":true,"normal":true,"reverse":true,"wPromo":false},"dexId":[639],"hp":180,"types":["Lucha"],"suffix":"EX","attacks":[{"cost":["Lucha","Incolora"],"damage":50},{"cost":["Lucha","Lucha","Incolora"],"damage":90}],"weaknesses":[{"type":"Planta","value":"×2"}],"retreat":3,"legal":{"standard":false,"expanded":true}},{"category":"Pokémon","id":"bw6-72","illustrator":"Naoyo Kimura","localId":"72","name":"Murkrow","rarity":"Commún","set":{"cardCount":{"official":124,"total":128},"id":"bw6","name":"Dragones Majestuosos","symbol":"https://assets.tcgdex.net/univ/bw/bw6/symbol"},"variants":{"firstEdition":false,"holo":true,"normal":true,"reverse":true,"wPromo":false},"dexId":[198],"hp":70,"types":["Oscura"],"stage":"Basico","attacks":[{"cost":["Incolora"],"damage":10},{"cost":["Oscura","Incolora"],"damage":20}],"weaknesses":[{"type":"Rayo","value":"×2"}],"resistances":[{"type":"Lucha","value":"-20"}],"retreat":1,"legal":{"standard":false,"expanded":true}},{"category":"Pokémon","id":"bw6-73","illustrator":"Shin Nagasawa","localId":"73","name":"Honchkrow","rarity":"Rara","set":{"cardCount":{"official":124,"total":128},"id":"bw6","name":"Dragones Majestuosos","symbol":"https://assets.tcgdex.net/univ/bw/bw6/symbol"},"variants":{"firstEdition":false,"holo":true,"normal":true,"reverse":true,"wPromo":false},"dexId":[430],"hp":110,"types":["Oscura"],"stage":"Fase 1","attacks":[{"cost":["Incolora","Incolora"],"damage":30},{"cost":["Oscura","Incolora","Incolora"],"damage":70}],"weaknesses":[{"type":"Rayo","value":"×2"}],"resistances":[{"type":"Lucha","value":"-20"}],"retreat":2,"legal":{"standard":false,"expanded":true}},{"category":"Pokémon","id":"bw6-74","illustrator":"Akira Komayama","localId":"74","name":"Houndour","rarity":"Commún","set":{"cardCount":{"official":124,"total":128},"id":"bw6","name":"Dragones Majestuosos","symbol":"https://assets.tcgdex.net/univ/bw/bw6/symbol"},"variants":{"firstEdition":false,"holo":true,"normal":true,"reverse":true,"wPromo":false},"dexId":[228],"hp":60,"types":["Oscura"],"stage":"Basico","attacks":[{"cost":["Oscura"],"damage":10},{"cost":["Oscura","Incolora","Incolora"],"damage":30}],"weaknesses":[{"type":"Lucha","value":"×2"}],"resistances":[{"type":"Psíquico","value":"-20"}],"retreat":1,"legal":{"standard":false,"expanded":true}},{"category":"Pokémon","id":"bw6-75","illustrator":"Akira Komayama","localId":"75","name":"Houndoom","rarity":"Rara","set":{"cardCount":{"official":124,"total":128},"id":"bw6","name":"Dragones Majestuosos","symbol":"https://assets.tcgdex.net/univ/bw/bw6/symbol"},"variants":{"firstEdition":false,"holo":true,"normal":true,"reverse":true,"wPromo":false},"dexId":[229],"hp":100,"types":["Oscura"],"stage":"Fase 1","attacks":[{"cost":["Oscura"],"damage":30},{"cost":["Oscura","Incolora","Incolora"],"damage":70}],"weaknesses":[{"type":"Lucha","value":"×2"}],"resistances":[{"type":"Psíquico","value":"-20"}],"retreat":1,"legal":{"standard":false,"expanded":true}},{"category":"Pokémon","id":"bw6-76","illustrator":"Kagemaru Himeno","localId":"76","name":"Stunky","rarity":"Commún","set":{"cardCount":{"official":124,"total":128},"id":"bw6","name":"Dragones Majestuosos","symbol":"https://assets.tcgdex.net/univ/bw/bw6/symbol"},"variants":{"firstEdition":false,"holo":true,"normal":true,"reverse":true,"wPromo":false},"dexId":[434],"hp":60,"types":["Oscura"],"stage":"Basico","attacks":[{"cost":["Oscura"],"damage":10}],"weaknesses":[{"type":"Lucha","value":"×2"}],"resistances":[{"type":"Psíquico","value":"-20"}],"retreat":1,"legal":{"standard":false,"expanded":true}},{"category":"Pokémon","id":"bw6-77","illustrator":"Midori Harada","localId":"77","name":"Skuntank","rarity":"Uncommon","set":{"cardCount":{"official":124,"total":128},"id":"bw6","name":"Dragones Majestuosos","symbol":"https://assets.tcgdex.net/univ/bw/bw6/symbol"},"variants":{"firstEdition":false,"holo":true,"normal":true,"reverse":true,"wPromo":false},"dexId":[435],"hp":90,"types":["Oscura"],"stage":"Fase 1","attacks":[{"cost":["Oscura"],"damage":20},{"cost":["Oscura","Oscura","Incolora"],"damage":80}],"weaknesses":[{"type":"Lucha","value":"×2"}],"resistances":[{"type":"Psíquico","value":"-20"}],"retreat":1,"legal":{"standard":false,"expanded":true}},{"category":"Pokémon","id":"bw6-78","illustrator":"Sumiyoshi Kizuki","localId":"78","name":"Aron","rarity":"Commún","set":{"cardCount":{"official":124,"total":128},"id":"bw6","name":"Dragones Majestuosos","symbol":"https://assets.tcgdex.net/univ/bw/bw6/symbol"},"variants":{"firstEdition":false,"holo":true,"normal":true,"reverse":true,"wPromo":false},"dexId":[304],"hp":60,"types":["Metálica"],"stage":"Basico","attacks":[{"cost":["Metálica","Incolora"],"damage":30}],"weaknesses":[{"type":"Guego","value":"×2"}],"resistances":[{"type":"Psíquico","value":"-20"}],"retreat":2,"legal":{"standard":false,"expanded":true}},{"category":"Pokémon","id":"bw6-79","illustrator":"Shigenori Negishi","localId":"79","name":"Lairon","rarity":"Uncommon","set":{"cardCount":{"official":124,"total":128},"id":"bw6","name":"Dragones Majestuosos","symbol":"https://assets.tcgdex.net/univ/bw/bw6/symbol"},"variants":{"firstEdition":false,"holo":true,"normal":true,"reverse":true,"wPromo":false},"dexId":[305],"hp":90,"types":["Metálica"],"stage":"Fase 1","attacks":[{"cost":["Metálica","Incolora"],"damage":30},{"cost":["Metálica","Metálica","Incolora"],"damage":60}],"weaknesses":[{"type":"Guego","value":"×2"}],"resistances":[{"type":"Psíquico","value":"-20"}],"retreat":3,"legal":{"standard":false,"expanded":true}},{"category":"Pokémon","id":"bw6-80","illustrator":"Masakazu Fukuda","localId":"80","name":"Aggron","rarity":"Rara","set":{"cardCount":{"official":124,"total":128},"id":"bw6","name":"Dragones Majestuosos","symbol":"https://assets.tcgdex.net/univ/bw/bw6/symbol"},"variants":{"firstEdition":false,"holo":true,"normal":true,"reverse":true,"wPromo":false},"dexId":[306],"hp":140,"types":["Metálica"],"stage":"Fase 2","abilities":[{"type":"Habilidad","name":"Viento Norte","effect":"Cuando juegues este Pokémon de tu mano para hacer evolucionar a 1 de tus Pokémon, puedes descartar las 3 primeras cartas de la baraja de tu rival."}],"attacks":[{"cost":["Metálica","Metálica","Incolora"],"damage":90}],"weaknesses":[{"type":"Guego","value":"×2"}],"resistances":[{"type":"Psíquico","value":"-20"}],"retreat":4,"legal":{"standard":false,"expanded":true}},{"category":"Pokémon","id":"bw6-81","illustrator":"Eske Yoshinob","localId":"81","name":"Registeel-EX","rarity":"Rara","set":{"cardCount":{"official":124,"total":128},"id":"bw6","name":"Dragones Majestuosos","symbol":"https://assets.tcgdex.net/univ/bw/bw6/symbol"},"variants":{"firstEdition":false,"holo":true,"normal":true,"reverse":true,"wPromo":false},"dexId":[379],"hp":180,"types":["Metálica"],"suffix":"EX","attacks":[{"cost":["Incolora","Incolora","Incolora"]},{"cost":["Metálica","Metálica","Incolora","Incolora"],"damage":80}],"weaknesses":[{"type":"Guego","value":"×2"}],"resistances":[{"type":"Psíquico","value":"-20"}],"retreat":4,"legal":{"standard":false,"expanded":true}},{"category":"Pokémon","id":"bw6-82","illustrator":"match","localId":"82","name":"Probopass","rarity":"Rara","set":{"cardCount":{"official":124,"total":128},"id":"bw6","name":"Dragones Majestuosos","symbol":"https://assets.tcgdex.net/univ/bw/bw6/symbol"},"variants":{"firstEdition":false,"holo":true,"normal":true,"reverse":true,"wPromo":false},"dexId":[476],"hp":110,"types":["Metálica"],"stage":"Fase 1","attacks":[{"cost":["Incolora","Incolora"],"damage":30},{"cost":["Metálica","Incolora","Incolora"],"damage":60}],"weaknesses":[{"type":"Guego","value":"×2"}],"resistances":[{"type":"Psíquico","value":"-20"}],"retreat":4,"legal":{"standard":false,"expanded":true}},{"category":"Pokémon","id":"bw6-83","illustrator":"Mitsuhiro Arita","localId":"83","name":"Durant","rarity":"Uncommon","set":{"cardCount":{"official":124,"total":128},"id":"bw6","name":"Dragones Majestuosos","symbol":"https://assets.tcgdex.net/univ/bw/bw6/symbol"},"variants":{"firstEdition":false,"holo":true,"normal":true,"reverse":true,"wPromo":false},"dexId":[632],"hp":70,"types":["Metálica"],"stage":"Basico","attacks":[{"cost":["Incolora"]},{"cost":["Metálica","Incolora"],"damage":30}],"weaknesses":[{"type":"Guego","value":"×2"}],"resistances":[{"type":"Psíquico","value":"-20"}],"retreat":1,"legal":{"standard":false,"expanded":true}},{"category":"Pokémon","id":"bw6-84","illustrator":"HiRON","localId":"84","name":"Altaria","rarity":"Rara","set":{"cardCount":{"official":124,"total":128},"id":"bw6","name":"Dragones Majestuosos","symbol":"https://assets.tcgdex.net/univ/bw/bw6/symbol"},"variants":{"firstEdition":false,"holo":true,"normal":true,"reverse":true,"wPromo":false},"dexId":[334],"hp":70,"types":["Dragón"],"stage":"Fase 1","abilities":[{"type":"Habilidad","name":"Canción Bélica","effect":"Los ataques de tus Pokémon Dragon hacen 20 puntos de daño más a los Pokémon Activos (antes de aplicar Debilidad y Resistencia)."}],"attacks":[{"cost":["Agua","Metálica","Incolora"],"damage":40}],"weaknesses":[{"type":"Dragón","value":"×2"}],"retreat":1,"legal":{"standard":false,"expanded":true}},{"category":"Pokémon","id":"bw6-85","illustrator":"Eske Yoshinob","localId":"85","name":"Rayquaza-EX","rarity":"Rara","set":{"cardCount":{"official":124,"total":128},"id":"bw6","name":"Dragones Majestuosos","symbol":"https://assets.tcgdex.net/univ/bw/bw6/symbol"},"variants":{"firstEdition":false,"holo":true,"normal":true,"reverse":true,"wPromo":false},"dexId":[384],"hp":170,"types":["Dragón"],"suffix":"EX","attacks":[{"cost":["Incolora"]},{"cost":["Guego","Rayo"],"damage":60}],"weaknesses":[{"type":"Dragón","value":"×2"}],"retreat":1,"legal":{"standard":false,"expanded":true}},{"category":"Pokémon","id":"bw6-86","illustrator":"Masakazu Fukuda","localId":"86","name":"Gible","rarity":"Commún","set":{"cardCount":{"official":124,"total":128},"id":"bw6","name":"Dragones Majestuosos","symbol":"https://assets.tcgdex.net/univ/bw/bw6/symbol"},"variants":{"firstEdition":false,"holo":true,"normal":true,"reverse":true,"wPromo":false},"dexId":[443],"hp":50,"types":["Dragón"],"stage":"Basico","attacks":[{"cost":["Incolora"],"damage":10},{"cost":["Agua","Lucha"],"damage":20}],"weaknesses":[{"type":"Dragón","value":"×2"}],"retreat":1,"legal":{"standard":false,"expanded":true}},{"category":"Pokémon","id":"bw6-87","illustrator":"Kagemaru Himeno","localId":"87","name":"Gible","rarity":"Commún","set":{"cardCount":{"official":124,"total":128},"id":"bw6","name":"Dragones Majestuosos","symbol":"https://assets.tcgdex.net/univ/bw/bw6/symbol"},"variants":{"firstEdition":false,"holo":true,"normal":true,"reverse":true,"wPromo":false},"dexId":[443],"hp":60,"types":["Dragón"],"stage":"Basico","attacks":[{"cost":["Lucha"]},{"cost":["Agua","Incolora"],"damage":10}],"weaknesses":[{"type":"Dragón","value":"×2"}],"retreat":1,"legal":{"standard":false,"expanded":true}},{"category":"Pokémon","id":"bw6-88","illustrator":"Mitsuhiro Arita","localId":"88","name":"Gabite","rarity":"Uncommon","set":{"cardCount":{"official":124,"total":128},"id":"bw6","name":"Dragones Majestuosos","symbol":"https://assets.tcgdex.net/univ/bw/bw6/symbol"},"variants":{"firstEdition":false,"holo":true,"normal":true,"reverse":true,"wPromo":false},"dexId":[444],"hp":80,"types":["Dragón"],"stage":"Fase 1","attacks":[{"cost":["Incolora"],"damage":20},{"cost":["Agua","Lucha"],"damage":40}],"weaknesses":[{"type":"Dragón","value":"×2"}],"retreat":1,"legal":{"standard":false,"expanded":true}},{"category":"Pokémon","id":"bw6-89","illustrator":"Kagemaru Himeno","localId":"89","name":"Gabite","rarity":"Uncommon","set":{"cardCount":{"official":124,"total":128},"id":"bw6","name":"Dragones Majestuosos","symbol":"https://assets.tcgdex.net/univ/bw/bw6/symbol"},"variants":{"firstEdition":false,"holo":true,"normal":true,"reverse":true,"wPromo":false},"dexId":[444],"hp":80,"types":["Dragón"],"stage":"Fase 1","abilities":[{"type":"Habilidad","name":"Llamada de Dragón","effect":"Una vez durante tu turno (antes de tu ataque), puedes buscar en tu baraja un Pokémon Dragon, enseñarlo y ponerlo en tu mano. Baraja las cartas de tu baraja después."}],"attacks":[{"cost":["Agua","Lucha"],"damage":20}],"weaknesses":[{"type":"Dragón","value":"×2"}],"retreat":1,"legal":{"standard":false,"expanded":true}},{"category":"Pokémon","id":"bw6-90","illustrator":"5ban Graphics","localId":"90","name":"Garchomp","rarity":"Rara","set":{"cardCount":{"official":124,"total":128},"id":"bw6","name":"Dragones Majestuosos","symbol":"https://assets.tcgdex.net/univ/bw/bw6/symbol"},"variants":{"firstEdition":false,"holo":true,"normal":true,"reverse":true,"wPromo":false},"dexId":[445],"hp":140,"types":["Dragón"],"stage":"Fase 2","attacks":[{"cost":["Lucha"],"damage":60},{"cost":["Agua","Lucha"],"damage":100}],"weaknesses":[{"type":"Dragón","value":"×2"}],"retreat":1,"legal":{"standard":false,"expanded":true}},{"category":"Pokémon","id":"bw6-91","illustrator":"Naoki Saito","localId":"91","name":"Garchomp","rarity":"Rara","set":{"cardCount":{"official":124,"total":128},"id":"bw6","name":"Dragones Majestuosos","symbol":"https://assets.tcgdex.net/univ/bw/bw6/symbol"},"variants":{"firstEdition":false,"holo":true,"normal":true,"reverse":true,"wPromo":false},"dexId":[445],"hp":140,"types":["Dragón"],"stage":"Fase 2","attacks":[{"cost":["Incolora"],"damage":40},{"cost":["Agua","Lucha","Incolora"],"damage":80}],"weaknesses":[{"type":"Dragón","value":"×2"}],"retreat":0,"legal":{"standard":false,"expanded":true}},{"category":"Pokémon","id":"bw6-92","illustrator":"Eske Yoshinob","localId":"92","name":"Giratina-EX","rarity":"Rara","set":{"cardCount":{"official":124,"total":128},"id":"bw6","name":"Dragones Majestuosos","symbol":"https://assets.tcgdex.net/univ/bw/bw6/symbol"},"variants":{"firstEdition":false,"holo":true,"normal":true,"reverse":true,"wPromo":false},"dexId":[487],"hp":180,"types":["Dragón"],"suffix":"EX","attacks":[{"cost":["Planta","Psíquico","Incolora"],"damage":90},{"cost":["Planta","Psíquico","Incolora","Incolora"],"damage":130}],"weaknesses":[{"type":"Dragón","value":"×2"}],"retreat":3,"legal":{"standard":false,"expanded":true}},{"category":"Pokémon","id":"bw6-93","illustrator":"kawayoo","localId":"93","name":"Deino","rarity":"Commún","set":{"cardCount":{"official":124,"total":128},"id":"bw6","name":"Dragones Majestuosos","symbol":"https://assets.tcgdex.net/univ/bw/bw6/symbol"},"variants":{"firstEdition":false,"holo":true,"normal":true,"reverse":true,"wPromo":false},"dexId":[633],"hp":60,"types":["Dragón"],"stage":"Basico","attacks":[{"cost":["Oscura"]},{"cost":["Psíquico","Incolora"],"damage":30}],"weaknesses":[{"type":"Dragón","value":"×2"}],"retreat":2,"legal":{"standard":false,"expanded":true}},{"category":"Pokémon","id":"bw6-94","illustrator":"Kouki Saitou","localId":"94","name":"Deino","rarity":"Commún","set":{"cardCount":{"official":124,"total":128},"id":"bw6","name":"Dragones Majestuosos","symbol":"https://assets.tcgdex.net/univ/bw/bw6/symbol"},"variants":{"firstEdition":false,"holo":true,"normal":true,"reverse":true,"wPromo":false},"dexId":[633],"hp":60,"types":["Dragón"],"stage":"Basico","attacks":[{"cost":["Oscura"],"damage":10},{"cost":["Psíquico","Incolora","Incolora"],"damage":30}],"weaknesses":[{"type":"Dragón","value":"×2"}],"retreat":2,"legal":{"standard":false,"expanded":true}},{"category":"Pokémon","id":"bw6-95","illustrator":"Hajime Kusajima","localId":"95","name":"Zweilous","rarity":"Uncommon","set":{"cardCount":{"official":124,"total":128},"id":"bw6","name":"Dragones Majestuosos","symbol":"https://assets.tcgdex.net/univ/bw/bw6/symbol"},"variants":{"firstEdition":false,"holo":true,"normal":true,"reverse":true,"wPromo":false},"dexId":[634],"hp":80,"types":["Dragón"],"stage":"Fase 1","attacks":[{"cost":["Incolora","Incolora"],"damage":30},{"cost":["Psíquico","Oscura","Oscura"],"damage":80}],"weaknesses":[{"type":"Dragón","value":"×2"}],"retreat":2,"legal":{"standard":false,"expanded":true}},{"category":"Pokémon","id":"bw6-96","illustrator":"Kouki Saitou","localId":"96","name":"Zweilous","rarity":"Uncommon","set":{"cardCount":{"official":124,"total":128},"id":"bw6","name":"Dragones Majestuosos","symbol":"https://assets.tcgdex.net/univ/bw/bw6/symbol"},"variants":{"firstEdition":false,"holo":true,"normal":true,"reverse":true,"wPromo":false},"dexId":[634],"hp":90,"types":["Dragón"],"stage":"Fase 1","attacks":[{"cost":["Incolora"]},{"cost":["Psíquico","Oscura","Incolora"],"damage":40}],"weaknesses":[{"type":"Dragón","value":"×2"}],"retreat":3,"legal":{"standard":false,"expanded":true}},{"category":"Pokémon","id":"bw6-97","illustrator":"5ban Graphics","localId":"97","name":"Hydreigon","rarity":"Rara","set":{"cardCount":{"official":124,"total":128},"id":"bw6","name":"Dragones Majestuosos","symbol":"https://assets.tcgdex.net/univ/bw/bw6/symbol"},"variants":{"firstEdition":false,"holo":true,"normal":true,"reverse":true,"wPromo":false},"dexId":[635],"hp":150,"types":["Dragón"],"stage":"Fase 2","abilities":[{"type":"Habilidad","name":"Trance Siniestro","effect":"Todas las veces que quieras durante tu turno (antes de tu ataque), puedes mover una Energía Darkness unida a 1 de tus Pokémon a otro de tus Pokémon."}],"attacks":[{"cost":["Psíquico","Oscura","Oscura","Incolora"],"damage":140}],"weaknesses":[{"type":"Dragón","value":"×2"}],"retreat":3,"legal":{"standard":false,"expanded":true}},{"category":"Pokémon","id":"bw6-98","illustrator":"Naoki Saito","localId":"98","name":"Hydreigon","rarity":"Rara","set":{"cardCount":{"official":124,"total":128},"id":"bw6","name":"Dragones Majestuosos","symbol":"https://assets.tcgdex.net/univ/bw/bw6/symbol"},"variants":{"firstEdition":false,"holo":true,"normal":true,"reverse":true,"wPromo":false},"dexId":[635],"hp":150,"types":["Dragón"],"stage":"Fase 2","attacks":[{"cost":["Oscura","Incolora","Incolora"],"damage":40},{"cost":["Psíquico","Oscura","Incolora","Incolora"],"damage":90}],"weaknesses":[{"type":"Dragón","value":"×2"}],"retreat":3,"legal":{"standard":false,"expanded":true}},{"category":"Pokémon","id":"bw6-99","illustrator":"sui","localId":"99","name":"Aipom","rarity":"Commún","set":{"cardCount":{"official":124,"total":128},"id":"bw6","name":"Dragones Majestuosos","symbol":"https://assets.tcgdex.net/univ/bw/bw6/symbol"},"variants":{"firstEdition":false,"holo":true,"normal":true,"reverse":true,"wPromo":false},"dexId":[190],"hp":60,"types":["Incolora"],"stage":"Basico","attacks":[{"cost":["Incolora"],"damage":10}],"weaknesses":[{"type":"Lucha","value":"×2"}],"retreat":1,"legal":{"standard":false,"expanded":true}},{"category":"Pokémon","id":"bw6-100","illustrator":"Akira Komayama","localId":"100","name":"Ambipom","rarity":"Rara","set":{"cardCount":{"official":124,"total":128},"id":"bw6","name":"Dragones Majestuosos","symbol":"https://assets.tcgdex.net/univ/bw/bw6/symbol"},"variants":{"firstEdition":false,"holo":true,"normal":true,"reverse":true,"wPromo":false},"dexId":[424],"hp":80,"types":["Incolora"],"stage":"Fase 1","attacks":[{"cost":["Incolora"],"damage":20},{"cost":["Incolora","Incolora"],"damage":10}],"weaknesses":[{"type":"Lucha","value":"×2"}],"retreat":1,"legal":{"standard":false,"expanded":true}},{"category":"Pokémon","id":"bw6-101","illustrator":"Kanako Eo","localId":"101","name":"Slakoth","rarity":"Commún","set":{"cardCount":{"official":124,"total":128},"id":"bw6","name":"Dragones Majestuosos","symbol":"https://assets.tcgdex.net/univ/bw/bw6/symbol"},"variants":{"firstEdition":false,"holo":true,"normal":true,"reverse":true,"wPromo":false},"dexId":[287],"hp":60,"types":["Incolora"],"stage":"Basico","attacks":[{"cost":["Incolora"],"damage":10}],"weaknesses":[{"type":"Lucha","value":"×2"}],"retreat":2,"legal":{"standard":false,"expanded":true}},{"category":"Pokémon","id":"bw6-102","illustrator":"match","localId":"102","name":"Vigoroth","rarity":"Uncommon","set":{"cardCount":{"official":124,"total":128},"id":"bw6","name":"Dragones Majestuosos","symbol":"https://assets.tcgdex.net/univ/bw/bw6/symbol"},"variants":{"firstEdition":false,"holo":true,"normal":true,"reverse":true,"wPromo":false},"dexId":[288],"hp":80,"types":["Incolora"],"stage":"Fase 1","attacks":[{"cost":["Incolora","Incolora"],"damage":20}],"weaknesses":[{"type":"Lucha","value":"×2"}],"retreat":1,"legal":{"standard":false,"expanded":true}},{"category":"Pokémon","id":"bw6-103","illustrator":"Naoki Saito","localId":"103","name":"Slaking","rarity":"Rara","set":{"cardCount":{"official":124,"total":128},"id":"bw6","name":"Dragones Majestuosos","symbol":"https://assets.tcgdex.net/univ/bw/bw6/symbol"},"variants":{"firstEdition":false,"holo":true,"normal":true,"reverse":true,"wPromo":false},"dexId":[289],"hp":150,"types":["Incolora"],"stage":"Fase 2","abilities":[{"type":"Habilidad","name":"Descuido","effect":"Si el Pokémon Activo de tu rival es un Pokémon Básico, este Pokémon no puede atacar."}],"attacks":[{"cost":["Incolora","Incolora","Incolora","Incolora"],"damage":100}],"weaknesses":[{"type":"Lucha","value":"×2"}],"retreat":4,"legal":{"standard":false,"expanded":true}},{"category":"Pokémon","id":"bw6-104","illustrator":"Aya Kusube","localId":"104","name":"Swablu","rarity":"Uncommon","set":{"cardCount":{"official":124,"total":128},"id":"bw6","name":"Dragones Majestuosos","symbol":"https://assets.tcgdex.net/univ/bw/bw6/symbol"},"variants":{"firstEdition":false,"holo":true,"normal":true,"reverse":true,"wPromo":false},"dexId":[333],"hp":40,"types":["Incolora"],"stage":"Basico","attacks":[{"cost":["Incolora"]},{"cost":["Incolora","Incolora"],"damage":20}],"weaknesses":[{"type":"Rayo","value":"×2"}],"resistances":[{"type":"Lucha","value":"-20"}],"retreat":1,"legal":{"standard":false,"expanded":true}},{"category":"Pokémon","id":"bw6-105","illustrator":"Masakazu Fukuda","localId":"105","name":"Swablu","rarity":"Commún","set":{"cardCount":{"official":124,"total":128},"id":"bw6","name":"Dragones Majestuosos","symbol":"https://assets.tcgdex.net/univ/bw/bw6/symbol"},"variants":{"firstEdition":false,"holo":true,"normal":true,"reverse":true,"wPromo":false},"dexId":[333],"hp":40,"types":["Incolora"],"stage":"Basico","attacks":[{"cost":["Incolora"],"damage":10}],"weaknesses":[{"type":"Rayo","value":"×2"}],"resistances":[{"type":"Lucha","value":"-20"}],"retreat":1,"legal":{"standard":false,"expanded":true}},{"category":"Pokémon","id":"bw6-106","illustrator":"match","localId":"106","name":"Bidoof","rarity":"Commún","set":{"cardCount":{"official":124,"total":128},"id":"bw6","name":"Dragones Majestuosos","symbol":"https://assets.tcgdex.net/univ/bw/bw6/symbol"},"variants":{"firstEdition":false,"holo":true,"normal":true,"reverse":true,"wPromo":false},"dexId":[399],"hp":70,"types":["Incolora"],"stage":"Basico","attacks":[{"cost":["Incolora","Incolora"],"damage":20}],"weaknesses":[{"type":"Lucha","value":"×2"}],"retreat":2,"legal":{"standard":false,"expanded":true}},{"category":"Pokémon","id":"bw6-107","illustrator":"kawayoo","localId":"107","name":"Bibarel","rarity":"Uncommon","set":{"cardCount":{"official":124,"total":128},"id":"bw6","name":"Dragones Majestuosos","symbol":"https://assets.tcgdex.net/univ/bw/bw6/symbol"},"variants":{"firstEdition":false,"holo":true,"normal":true,"reverse":true,"wPromo":false},"dexId":[400],"hp":100,"types":["Incolora"],"stage":"Fase 1","attacks":[{"cost":["Incolora","Incolora","Incolora"],"damage":40},{"cost":["Incolora","Incolora","Incolora","Incolora"],"damage":60}],"weaknesses":[{"type":"Lucha","value":"×2"}],"retreat":2,"legal":{"standard":false,"expanded":true}},{"category":"Pokémon","id":"bw6-108","illustrator":"Tomokazu Komiya","localId":"108","name":"Audino","rarity":"Uncommon","set":{"cardCount":{"official":124,"total":128},"id":"bw6","name":"Dragones Majestuosos","symbol":"https://assets.tcgdex.net/univ/bw/bw6/symbol"},"variants":{"firstEdition":false,"holo":true,"normal":true,"reverse":true,"wPromo":false},"dexId":[531],"hp":90,"types":["Incolora"],"stage":"Basico","attacks":[{"cost":["Incolora","Incolora"],"damage":40},{"cost":["Incolora","Incolora","Incolora"],"damage":60}],"weaknesses":[{"type":"Lucha","value":"×2"}],"retreat":2,"legal":{"standard":false,"expanded":true}},{"category":"Pokémon","id":"bw6-109","illustrator":"Kagemaru Himeno","localId":"109","name":"Minccino","rarity":"Commún","set":{"cardCount":{"official":124,"total":128},"id":"bw6","name":"Dragones Majestuosos","symbol":"https://assets.tcgdex.net/univ/bw/bw6/symbol"},"variants":{"firstEdition":false,"holo":true,"normal":true,"reverse":true,"wPromo":false},"dexId":[572],"hp":60,"types":["Incolora"],"stage":"Basico","attacks":[{"cost":["Incolora"],"damage":10},{"cost":["Incolora","Incolora"],"damage":30}],"weaknesses":[{"type":"Lucha","value":"×2"}],"retreat":1,"legal":{"standard":false,"expanded":true}},{"category":"Pokémon","id":"bw6-110","illustrator":"Akira Komayama","localId":"110","name":"Bouffalant","rarity":"Uncommon","set":{"cardCount":{"official":124,"total":128},"id":"bw6","name":"Dragones Majestuosos","symbol":"https://assets.tcgdex.net/univ/bw/bw6/symbol"},"variants":{"firstEdition":false,"holo":true,"normal":true,"reverse":true,"wPromo":false},"dexId":[626],"hp":100,"types":["Incolora"],"stage":"Basico","abilities":[{"type":"Habilidad","name":"Amortiguación","effect":"Cualquier daño hecho a este Pokémon por ataques se reduce en 20 (después de aplicar Debilidad y Resistencia)."}],"attacks":[{"cost":["Incolora","Incolora","Incolora"],"damage":60}],"weaknesses":[{"type":"Lucha","value":"×2"}],"retreat":2,"legal":{"standard":false,"expanded":true}},{"category":"Pokémon","id":"bw6-111","illustrator":"Suwama Chiaki","localId":"111","name":"Rufflet","rarity":"Commún","set":{"cardCount":{"official":124,"total":128},"id":"bw6","name":"Dragones Majestuosos","symbol":"https://assets.tcgdex.net/univ/bw/bw6/symbol"},"variants":{"firstEdition":false,"holo":true,"normal":true,"reverse":true,"wPromo":false},"dexId":[627],"hp":50,"types":["Incolora"],"stage":"Basico","attacks":[{"cost":["Incolora"]},{"cost":["Incolora","Incolora"],"damage":10}],"weaknesses":[{"type":"Rayo","value":"×2"}],"resistances":[{"type":"Lucha","value":"-20"}],"retreat":1,"legal":{"standard":false,"expanded":true}},{"category":"Pokémon","id":"bw6-112","illustrator":"Mitsuhiro Arita","localId":"112","name":"Braviary","rarity":"Rara","set":{"cardCount":{"official":124,"total":128},"id":"bw6","name":"Dragones Majestuosos","symbol":"https://assets.tcgdex.net/univ/bw/bw6/symbol"},"variants":{"firstEdition":false,"holo":true,"normal":true,"reverse":true,"wPromo":false},"dexId":[628],"hp":100,"types":["Incolora"],"stage":"Fase 1","attacks":[{"cost":["Incolora"],"damage":30},{"cost":["Incolora","Incolora","Incolora"],"damage":50}],"weaknesses":[{"type":"Rayo","value":"×2"}],"resistances":[{"type":"Lucha","value":"-20"}],"retreat":0,"legal":{"standard":false,"expanded":true}},{"category":"Entrenador","id":"bw6-113","illustrator":"Ryo Ueda","localId":"113","name":"Chorro de Devolución","rarity":"Uncommon","set":{"cardCount":{"official":124,"total":128},"id":"bw6","name":"Dragones Majestuosos","symbol":"https://assets.tcgdex.net/univ/bw/bw6/symbol"},"variants":{"firstEdition":false,"holo":true,"normal":true,"reverse":true,"wPromo":false},"effect":"Involuciona a 1 de tus Pokémon evolucionados y pon la carta de Evolución de fase más alta que tenga sobre él en tu mano. (Ese Pokémon no puede evolucionar en este turno.)","trainerType":"Objeto","legal":{"standard":false,"expanded":true}},{"category":"Entrenador","id":"bw6-114","illustrator":"Ryo Ueda","localId":"114","name":"Capa Gigante","rarity":"Uncommon","set":{"cardCount":{"official":124,"total":128},"id":"bw6","name":"Dragones Majestuosos","symbol":"https://assets.tcgdex.net/univ/bw/bw6/symbol"},"variants":{"firstEdition":false,"holo":true,"normal":true,"reverse":true,"wPromo":false},"effect":"El Pokémon al que esté unida esta carta obtiene 20 PV más.","trainerType":"Herramienta","legal":{"standard":false,"expanded":true}},{"category":"Entrenador","id":"bw6-115","illustrator":"Ryo Ueda","localId":"115","name":"Bufanda Rescatadora","rarity":"Uncommon","set":{"cardCount":{"official":124,"total":128},"id":"bw6","name":"Dragones Majestuosos","symbol":"https://assets.tcgdex.net/univ/bw/bw6/symbol"},"variants":{"firstEdition":false,"holo":true,"normal":true,"reverse":true,"wPromo":false},"effect":"Si el Pokémon al que está unida esta carta queda Fuera de Combate por un ataque, pon ese Pokémon en tu mano. (Descarta todas las cartas unidas a ese Pokémon.)","trainerType":"Herramienta","legal":{"standard":false,"expanded":true}},{"category":"Entrenador","id":"bw6-116","illustrator":"Ryo Ueda","localId":"116","name":"Reciclaherramientas","rarity":"Uncommon","set":{"cardCount":{"official":124,"total":128},"id":"bw6","name":"Dragones Majestuosos","symbol":"https://assets.tcgdex.net/univ/bw/bw6/symbol"},"variants":{"firstEdition":false,"holo":true,"normal":true,"reverse":true,"wPromo":false},"effect":"Elige hasta 2 cartas de Herramienta Pokémon unidas a Pokémon en juego (tuyos o de tu rival) y descártalas.","trainerType":"Objeto","legal":{"standard":false,"expanded":true}},{"category":"Energía","id":"bw6-117","illustrator":"5ban Graphics","localId":"117","name":"Energía Combinada GrassFirePsychicDarkness","rarity":"Uncommon","set":{"cardCount":{"official":124,"total":128},"id":"bw6","name":"Dragones Majestuosos","symbol":"https://assets.tcgdex.net/univ/bw/bw6/symbol"},"variants":{"firstEdition":false,"holo":true,"normal":true,"reverse":true,"wPromo":false},"effect":"Esta carta proporciona Energía Colorless. Cuando esta carta está unida a un Pokémon, esta carta proporciona Energía Grass, Fire, Psychic u Darkness, pero solo 1 Energía a la vez.","energyType":"Especial","legal":{"standard":false,"expanded":true}},{"category":"Energía","id":"bw6-118","illustrator":"5ban Graphics","localId":"118","name":"Energía Combinada WaterLightningFightingMetal","rarity":"Uncommon","set":{"cardCount":{"official":124,"total":128},"id":"bw6","name":"Dragones Majestuosos","symbol":"https://assets.tcgdex.net/univ/bw/bw6/symbol"},"variants":{"firstEdition":false,"holo":true,"normal":true,"reverse":true,"wPromo":false},"effect":"Esta carta proporciona Energía Colorless. Cuando esta carta está unida a un Pokémon, esta carta proporciona Energía Water, Lightning, Fighting o Metal, pero solo 1 Energía a la vez.","energyType":"Especial","legal":{"standard":false,"expanded":true}},{"category":"Pokémon","id":"bw6-119","illustrator":"5ban Graphics","localId":"119","name":"Ho-Oh-EX","rarity":"Rara Ultra","set":{"cardCount":{"official":124,"total":128},"id":"bw6","name":"Dragones Majestuosos","symbol":"https://assets.tcgdex.net/univ/bw/bw6/symbol"},"variants":{"firstEdition":false,"holo":true,"normal":true,"reverse":true,"wPromo":false},"dexId":[250],"hp":160,"types":["Guego"],"suffix":"EX","abilities":[{"type":"Habilidad","name":"Renacimiento","effect":"Una vez durante tu turno (antes de tu ataque), si este Pokémon está en tu pila de descartes, puedes lanzar una moneda. Si sale cara, pon este Pokémon en tu Banca y une 3 tipos diferentes de cartas de Energía Básica de tu pila de descartes a este Pokémon."}],"attacks":[{"cost":["Incolora","Incolora","Incolora"],"damage":20}],"weaknesses":[{"type":"Agua","value":"×2"}],"resistances":[{"type":"Lucha","value":"-20"}],"retreat":2,"legal":{"standard":false,"expanded":true}},{"category":"Pokémon","id":"bw6-120","illustrator":"5ban Graphics","localId":"120","name":"Mew-EX","rarity":"Rara Ultra","set":{"cardCount":{"official":124,"total":128},"id":"bw6","name":"Dragones Majestuosos","symbol":"https://assets.tcgdex.net/univ/bw/bw6/symbol"},"variants":{"firstEdition":false,"holo":true,"normal":true,"reverse":true,"wPromo":false},"dexId":[151],"hp":120,"types":["Psíquico"],"suffix":"EX","abilities":[{"type":"Habilidad","name":"Versátil","effect":"Este Pokémon puede usar los ataques de cualquier Pokémon en juego (tanto tuyos como de tu rival). (Sigues necesitando la Energía necesaria para usar cada ataque.)"}],"attacks":[{"cost":["Psíquico"]}],"weaknesses":[{"type":"Psíquico","value":"×2"}],"retreat":1,"legal":{"standard":false,"expanded":true}},{"category":"Pokémon","id":"bw6-121","illustrator":"5ban Graphics","localId":"121","name":"Terrakion-EX","rarity":"Rara Ultra","set":{"cardCount":{"official":124,"total":128},"id":"bw6","name":"Dragones Majestuosos","symbol":"https://assets.tcgdex.net/univ/bw/bw6/symbol"},"variants":{"firstEdition":false,"holo":true,"normal":true,"reverse":true,"wPromo":false},"dexId":[639],"hp":180,"types":["Lucha"],"suffix":"EX","attacks":[{"cost":["Lucha","Incolora"],"damage":50},{"cost":["Lucha","Lucha","Incolora"],"damage":90}],"weaknesses":[{"type":"Planta","value":"×2"}],"retreat":3,"legal":{"standard":false,"expanded":true}},{"category":"Pokémon","id":"bw6-122","illustrator":"5ban Graphics","localId":"122","name":"Registeel-EX","rarity":"Rara Ultra","set":{"cardCount":{"official":124,"total":128},"id":"bw6","name":"Dragones Majestuosos","symbol":"https://assets.tcgdex.net/univ/bw/bw6/symbol"},"variants":{"firstEdition":false,"holo":true,"normal":true,"reverse":true,"wPromo":false},"dexId":[379],"hp":180,"types":["Metálica"],"suffix":"EX","attacks":[{"cost":["Incolora","Incolora","Incolora"]},{"cost":["Metálica","Metálica","Incolora","Incolora"],"damage":80}],"weaknesses":[{"type":"Guego","value":"×2"}],"resistances":[{"type":"Psíquico","value":"-20"}],"retreat":4,"legal":{"standard":false,"expanded":true}},{"category":"Pokémon","id":"bw6-123","illustrator":"5ban Graphics","localId":"123","name":"Rayquaza-EX","rarity":"Rara Ultra","set":{"cardCount":{"official":124,"total":128},"id":"bw6","name":"Dragones Majestuosos","symbol":"https://assets.tcgdex.net/univ/bw/bw6/symbol"},"variants":{"firstEdition":false,"holo":true,"normal":true,"reverse":true,"wPromo":false},"dexId":[384],"hp":170,"types":["Dragón"],"suffix":"EX","attacks":[{"cost":["Incolora"]},{"cost":["Guego","Rayo"],"damage":60}],"weaknesses":[{"type":"Dragón","value":"×2"}],"retreat":1,"legal":{"standard":false,"expanded":true}},{"category":"Pokémon","id":"bw6-124","illustrator":"5ban Graphics","localId":"124","name":"Giratina-EX","rarity":"Rara Ultra","set":{"cardCount":{"official":124,"total":128},"id":"bw6","name":"Dragones Majestuosos","symbol":"https://assets.tcgdex.net/univ/bw/bw6/symbol"},"variants":{"firstEdition":false,"holo":true,"normal":true,"reverse":true,"wPromo":false},"dexId":[487],"hp":180,"types":["Dragón"],"suffix":"EX","attacks":[{"cost":["Planta","Psíquico","Incolora"],"damage":90},{"cost":["Planta","Psíquico","Incolora","Incolora"],"damage":130}],"weaknesses":[{"type":"Dragón","value":"×2"}],"retreat":3,"legal":{"standard":false,"expanded":true}},{"category":"Pokémon","id":"bw6-125","illustrator":"5ban Graphics","localId":"125","name":"Serperior","rarity":"Rara Secreto","set":{"cardCount":{"official":124,"total":128},"id":"bw6","name":"Dragones Majestuosos","symbol":"https://assets.tcgdex.net/univ/bw/bw6/symbol"},"variants":{"firstEdition":false,"holo":true,"normal":true,"reverse":true,"wPromo":false},"dexId":[497],"hp":130,"types":["Planta"],"stage":"Fase 2","abilities":[{"type":"Habilidad","name":"Curación Regia","effect":"En cualquier momento entre turnos, cura 10 puntos de daño a cada uno de tus Pokémon."}],"attacks":[{"cost":["Planta","Incolora"],"damage":60}],"weaknesses":[{"type":"Guego","value":"×2"}],"resistances":[{"type":"Agua","value":"-20"}],"retreat":1,"legal":{"standard":false,"expanded":true}},{"category":"Pokémon","id":"bw6-126","illustrator":"5ban Graphics","localId":"126","name":"Reuniclus","rarity":"Rara Secreto","set":{"cardCount":{"official":124,"total":128},"id":"bw6","name":"Dragones Majestuosos","symbol":"https://assets.tcgdex.net/univ/bw/bw6/symbol"},"variants":{"firstEdition":false,"holo":true,"normal":true,"reverse":true,"wPromo":false},"dexId":[579],"hp":90,"types":["Psíquico"],"stage":"Fase 2","abilities":[{"type":"Habilidad","name":"Intercambio de Daño","effect":"Todas las veces que quieras durante tu turno (antes de tu ataque), puedes mover 1 contador de daño de 1 de tus Pokémon a otro de tus Pokémon."}],"attacks":[{"cost":["Psíquico","Psíquico","Psíquico"],"damage":30}],"weaknesses":[{"type":"Psíquico","value":"×2"}],"retreat":2,"legal":{"standard":false,"expanded":true}},{"category":"Pokémon","id":"bw6-127","illustrator":"5ban Graphics","localId":"127","name":"Krookodile","rarity":"Rara Secreto","set":{"cardCount":{"official":124,"total":128},"id":"bw6","name":"Dragones Majestuosos","symbol":"https://assets.tcgdex.net/univ/bw/bw6/symbol"},"variants":{"firstEdition":false,"holo":true,"normal":true,"reverse":true,"wPromo":false},"dexId":[553],"hp":150,"types":["Oscura"],"stage":"Fase 2","attacks":[{"cost":["Oscura","Incolora","Incolora"],"damage":60},{"cost":["Oscura","Oscura","Incolora","Incolora"],"damage":40}],"weaknesses":[{"type":"Lucha","value":"×2"}],"resistances":[{"type":"Psíquico","value":"-20"}],"retreat":3,"legal":{"standard":false,"expanded":true}},{"category":"Pokémon","id":"bw6-128","illustrator":"5ban Graphics","localId":"128","name":"Rayquaza","rarity":"Rara Secreto","set":{"cardCount":{"official":124,"total":128},"id":"bw6","name":"Dragones Majestuosos","symbol":"https://assets.tcgdex.net/univ/bw/bw6/symbol"},"variants":{"firstEdition":false,"holo":true,"normal":true,"reverse":true,"wPromo":false},"dexId":[384],"hp":120,"types":["Dragón"],"stage":"Basico","attacks":[{"cost":["Rayo"],"damage":40},{"cost":["Guego","Rayo","Incolora"],"damage":90}],"weaknesses":[{"type":"Dragón","value":"×2"}],"retreat":3,"legal":{"standard":false,"expanded":true}}]