[{"category":"Pokémon","id":"bw7-1","illustrator":"Kanako Eo","localId":"1","name":"Myrapla","rarity":"Häufig","set":{"cardCount":{"official":149,"total":153},"id":"bw7","name":"Überschrittene Schwellen","symbol":"https://assets.tcgdex.net/univ/bw/bw7/symbol"},"variants":{"firstEdition":false,"holo":true,"normal":true,"reverse":true,"wPromo":false},"dexId":[43],"hp":50,"types":["Pflanze"],"stage":"Basis","attacks":[{"cost":["Pflanze"],"damage":10},{"cost":["Farblos","Farblos"],"damage":20}],"weaknesses":[{"type":"Feuer","value":"×2"}],"resistances":[{"type":"Wasser","value":"-20"}],"retreat":1,"legal":{"standard":false,"expanded":true}},{"category":"Pokémon","id":"bw7-2","illustrator":"Atsuko Nishida","localId":"2","name":"Duflor","rarity":"Ungewöhnlich","set":{"cardCount":{"official":149,"total":153},"id":"bw7","name":"Überschrittene Schwellen","symbol":"https://assets.tcgdex.net/univ/bw/bw7/symbol"},"variants":{"firstEdition":false,"holo":true,"normal":true,"reverse":true,"wPromo":false},"dexId":[44],"hp":80,"types":["Pflanze"],"stage":"Rang 1","attacks":[{"cost":["Farblos","Farblos"]},{"cost":["Pflanze","Farblos","Farblos"],"damage":40}],"weaknesses":[{"type":"Feuer","value":"×2"}],"resistances":[{"type":"Wasser","value":"-20"}],"retreat":1,"legal":{"standard":false,"expanded":true}},{"category":"Pokémon","id":"bw7-3","illustrator":"Shin Nagasawa","localId":"3","name":"Giflor","rarity":"Selten","set":{"cardCount":{"official":149,"total":153},"id":"bw7","name":"Überschrittene Schwellen","symbol":"https://assets.tcgdex.net/univ/bw/bw7/symbol"},"variants":{"firstEdition":false,"holo":true,"normal":true,"reverse":true,"wPromo":false},"dexId":[45],"hp":140,"types":["Pflanze"],"stage":"Rang 2","abilities":[{"type":"Fähigkeit","name":"Allergieschock","effect":"Der Schwächefaktor jedes Pokémon (deiner und der deines Gegners) wird durch x4 ersetzt."}],"attacks":[{"cost":["Pflanze","Farblos","Farblos","Farblos"],"damage":50}],"weaknesses":[{"type":"Feuer","value":"×2"}],"resistances":[{"type":"Wasser","value":"-20"}],"retreat":3,"legal":{"standard":false,"expanded":true}},{"category":"Pokémon","id":"bw7-4","illustrator":"Mizue","localId":"4","name":"Blubella","rarity":"Selten","set":{"cardCount":{"official":149,"total":153},"id":"bw7","name":"Überschrittene Schwellen","symbol":"https://assets.tcgdex.net/univ/bw/bw7/symbol"},"variants":{"firstEdition":false,"holo":true,"normal":true,"reverse":true,"wPromo":false},"dexId":[182],"hp":110,"types":["Pflanze"],"stage":"Rang 2","attacks":[{"cost":["Pflanze"],"damage":10},{"cost":["Pflanze","Farblos","Farblos"],"damage":50}],"weaknesses":[{"type":"Feuer","value":"×2"}],"resistances":[{"type":"Wasser","value":"-20"}],"retreat":1,"legal":{"standard":false,"expanded":true}},{"category":"Pokémon","id":"bw7-5","illustrator":"MAHOU","localId":"5","name":"Tangela","rarity":"Häufig","set":{"cardCount":{"official":149,"total":153},"id":"bw7","name":"Überschrittene Schwellen","symbol":"https://assets.tcgdex.net/univ/bw/bw7/symbol"},"variants":{"firstEdition":false,"holo":true,"normal":true,"reverse":true,"wPromo":false},"dexId":[114],"hp":80,"types":["Pflanze"],"stage":"Basis","attacks":[{"cost":["Pflanze"]},{"cost":["Pflanze","Farblos","Farblos"],"damage":50}],"weaknesses":[{"type":"Feuer","value":"×2"}],"resistances":[{"type":"Wasser","value":"-20"}],"retreat":2,"legal":{"standard":false,"expanded":true}},{"category":"Pokémon","id":"bw7-6","illustrator":"TOKIYA","localId":"6","name":"Tangoloss","rarity":"Selten","set":{"cardCount":{"official":149,"total":153},"id":"bw7","name":"Überschrittene Schwellen","symbol":"https://assets.tcgdex.net/univ/bw/bw7/symbol"},"variants":{"firstEdition":false,"holo":true,"normal":true,"reverse":true,"wPromo":false},"dexId":[465],"hp":130,"types":["Pflanze"],"stage":"Rang 1","attacks":[{"cost":["Pflanze"],"damage":30},{"cost":["Pflanze","Farblos","Farblos","Farblos"],"damage":70}],"weaknesses":[{"type":"Feuer","value":"×2"}],"resistances":[{"type":"Wasser","value":"-20"}],"retreat":4,"legal":{"standard":false,"expanded":true}},{"category":"Pokémon","id":"bw7-7","illustrator":"kawayoo","localId":"7","name":"Sichlor","rarity":"Häufig","set":{"cardCount":{"official":149,"total":153},"id":"bw7","name":"Überschrittene Schwellen","symbol":"https://assets.tcgdex.net/univ/bw/bw7/symbol"},"variants":{"firstEdition":false,"holo":true,"normal":true,"reverse":true,"wPromo":false},"dexId":[123],"hp":70,"types":["Pflanze"],"stage":"Basis","attacks":[{"cost":["Farblos"],"damage":10},{"cost":["Farblos","Farblos"],"damage":20}],"weaknesses":[{"type":"Feuer","value":"×2"}],"retreat":1,"legal":{"standard":false,"expanded":true}},{"category":"Pokémon","id":"bw7-8","illustrator":"Naoki Saito","localId":"8","name":"Skaraborn","rarity":"Ungewöhnlich","set":{"cardCount":{"official":149,"total":153},"id":"bw7","name":"Überschrittene Schwellen","symbol":"https://assets.tcgdex.net/univ/bw/bw7/symbol"},"variants":{"firstEdition":false,"holo":true,"normal":true,"reverse":true,"wPromo":false},"dexId":[214],"hp":100,"types":["Pflanze"],"stage":"Basis","attacks":[{"cost":["Pflanze"],"damage":20},{"cost":["Pflanze","Pflanze","Farblos"],"damage":80}],"weaknesses":[{"type":"Feuer","value":"×2"}],"retreat":2,"legal":{"standard":false,"expanded":true}},{"category":"Pokémon","id":"bw7-9","illustrator":"Toyste Beach","localId":"9","name":"Celebi-EX","rarity":"Selten","set":{"cardCount":{"official":149,"total":153},"id":"bw7","name":"Überschrittene Schwellen","symbol":"https://assets.tcgdex.net/univ/bw/bw7/symbol"},"variants":{"firstEdition":false,"holo":true,"normal":true,"reverse":true,"wPromo":false},"dexId":[251],"hp":110,"types":["Pflanze"],"suffix":"EX","abilities":[{"type":"Fähigkeit","name":"Zeitraffer","effect":"Jedes deiner entwickelten Pokémon kann die Angriffe aus vorangegangenen Entwicklungsstufen verwenden. (Du benötigst dazu die für jeden der Angriffe erforderlichen Energien.)"}],"attacks":[{"cost":["Pflanze","Farblos","Farblos"],"damage":60}],"weaknesses":[{"type":"Feuer","value":"×2"}],"resistances":[{"type":"Wasser","value":"-20"}],"retreat":1,"legal":{"standard":false,"expanded":true}},{"category":"Pokémon","id":"bw7-10","illustrator":"Kagemaru Himeno","localId":"10","name":"Shaymin","rarity":"Selten","set":{"cardCount":{"official":149,"total":153},"id":"bw7","name":"Überschrittene Schwellen","symbol":"https://assets.tcgdex.net/univ/bw/bw7/symbol"},"variants":{"firstEdition":false,"holo":true,"normal":true,"reverse":true,"wPromo":false},"dexId":[492],"hp":70,"types":["Pflanze"],"stage":"Basis","attacks":[{"cost":["Farblos"]},{"cost":["Pflanze","Pflanze"],"damage":30}],"weaknesses":[{"type":"Feuer","value":"×2"}],"retreat":1,"legal":{"standard":false,"expanded":true}},{"category":"Pokémon","id":"bw7-11","illustrator":"Mizue","localId":"11","name":"Serpifeu","rarity":"Häufig","set":{"cardCount":{"official":149,"total":153},"id":"bw7","name":"Überschrittene Schwellen","symbol":"https://assets.tcgdex.net/univ/bw/bw7/symbol"},"variants":{"firstEdition":false,"holo":true,"normal":true,"reverse":true,"wPromo":false},"dexId":[495],"hp":60,"types":["Pflanze"],"stage":"Basis","attacks":[{"cost":["Pflanze"],"damage":10},{"cost":["Pflanze","Farblos"],"damage":20}],"weaknesses":[{"type":"Feuer","value":"×2"}],"retreat":1,"legal":{"standard":false,"expanded":true}},{"category":"Pokémon","id":"bw7-12","illustrator":"Mizue","localId":"12","name":"Efoserp","rarity":"Ungewöhnlich","set":{"cardCount":{"official":149,"total":153},"id":"bw7","name":"Überschrittene Schwellen","symbol":"https://assets.tcgdex.net/univ/bw/bw7/symbol"},"variants":{"firstEdition":false,"holo":true,"normal":true,"reverse":true,"wPromo":false},"dexId":[496],"hp":80,"types":["Pflanze"],"stage":"Rang 1","attacks":[{"cost":["Pflanze"],"damage":20},{"cost":["Pflanze","Farblos","Farblos"],"damage":40}],"weaknesses":[{"type":"Feuer","value":"×2"}],"retreat":1,"legal":{"standard":false,"expanded":true}},{"category":"Pokémon","id":"bw7-13","illustrator":"Mizue","localId":"13","name":"Serpiroyal","rarity":"Selten","set":{"cardCount":{"official":149,"total":153},"id":"bw7","name":"Überschrittene Schwellen","symbol":"https://assets.tcgdex.net/univ/bw/bw7/symbol"},"variants":{"firstEdition":false,"holo":true,"normal":true,"reverse":true,"wPromo":false},"dexId":[497],"hp":140,"types":["Pflanze"],"stage":"Rang 2","attacks":[{"cost":["Pflanze","Farblos"],"damage":50},{"cost":["Pflanze","Farblos","Farblos"],"damage":70}],"weaknesses":[{"type":"Feuer","value":"×2"}],"retreat":1,"legal":{"standard":false,"expanded":true}},{"category":"Pokémon","id":"bw7-14","illustrator":"sui","localId":"14","name":"Waumboll","rarity":"Häufig","set":{"cardCount":{"official":149,"total":153},"id":"bw7","name":"Überschrittene Schwellen","symbol":"https://assets.tcgdex.net/univ/bw/bw7/symbol"},"variants":{"firstEdition":false,"holo":true,"normal":true,"reverse":true,"wPromo":false},"dexId":[546],"hp":50,"types":["Pflanze"],"stage":"Basis","attacks":[{"cost":["Farblos"],"damage":10}],"weaknesses":[{"type":"Feuer","value":"×2"}],"resistances":[{"type":"Wasser","value":"-20"}],"retreat":1,"legal":{"standard":false,"expanded":true}},{"category":"Pokémon","id":"bw7-15","illustrator":"Kagemaru Himeno","localId":"15","name":"Elfun","rarity":"Selten","set":{"cardCount":{"official":149,"total":153},"id":"bw7","name":"Überschrittene Schwellen","symbol":"https://assets.tcgdex.net/univ/bw/bw7/symbol"},"variants":{"firstEdition":false,"holo":true,"normal":true,"reverse":true,"wPromo":false},"dexId":[547],"hp":80,"types":["Pflanze"],"stage":"Rang 1","attacks":[{"cost":["Farblos"]},{"cost":["Pflanze"],"damage":20}],"weaknesses":[{"type":"Feuer","value":"×2"}],"resistances":[{"type":"Wasser","value":"-20"}],"retreat":1,"legal":{"standard":false,"expanded":true}},{"category":"Pokémon","id":"bw7-16","illustrator":"sui","localId":"16","name":"Lilminip","rarity":"Ungewöhnlich","set":{"cardCount":{"official":149,"total":153},"id":"bw7","name":"Überschrittene Schwellen","symbol":"https://assets.tcgdex.net/univ/bw/bw7/symbol"},"variants":{"firstEdition":false,"holo":true,"normal":true,"reverse":true,"wPromo":false},"dexId":[548],"hp":50,"types":["Pflanze"],"stage":"Basis","attacks":[{"cost":["Pflanze"],"damage":10}],"weaknesses":[{"type":"Feuer","value":"×2"}],"resistances":[{"type":"Wasser","value":"-20"}],"retreat":1,"legal":{"standard":false,"expanded":true}},{"category":"Pokémon","id":"bw7-17","illustrator":"Kanako Eo","localId":"17","name":"Dressella","rarity":"Selten","set":{"cardCount":{"official":149,"total":153},"id":"bw7","name":"Überschrittene Schwellen","symbol":"https://assets.tcgdex.net/univ/bw/bw7/symbol"},"variants":{"firstEdition":false,"holo":true,"normal":true,"reverse":true,"wPromo":false},"dexId":[549],"hp":80,"types":["Pflanze"],"stage":"Rang 1","attacks":[{"cost":["Farblos"],"damage":20},{"cost":["Pflanze","Farblos","Farblos"],"damage":50}],"weaknesses":[{"type":"Feuer","value":"×2"}],"resistances":[{"type":"Wasser","value":"-20"}],"retreat":1,"legal":{"standard":false,"expanded":true}},{"category":"Pokémon","id":"bw7-18","illustrator":"Akira Komayama","localId":"18","name":"Glumanda","rarity":"Häufig","set":{"cardCount":{"official":149,"total":153},"id":"bw7","name":"Überschrittene Schwellen","symbol":"https://assets.tcgdex.net/univ/bw/bw7/symbol"},"variants":{"firstEdition":false,"holo":true,"normal":true,"reverse":true,"wPromo":false},"dexId":[4],"hp":70,"types":["Feuer"],"stage":"Basis","attacks":[{"cost":["Feuer"]},{"cost":["Feuer","Farblos"],"damage":20}],"weaknesses":[{"type":"Wasser","value":"×2"}],"retreat":2,"legal":{"standard":false,"expanded":true}},{"category":"Pokémon","id":"bw7-19","illustrator":"Masakazu Fukuda","localId":"19","name":"Glutexo","rarity":"Ungewöhnlich","set":{"cardCount":{"official":149,"total":153},"id":"bw7","name":"Überschrittene Schwellen","symbol":"https://assets.tcgdex.net/univ/bw/bw7/symbol"},"variants":{"firstEdition":false,"holo":true,"normal":true,"reverse":true,"wPromo":false},"dexId":[5],"hp":90,"types":["Feuer"],"stage":"Rang 1","attacks":[{"cost":["Feuer"],"damage":20},{"cost":["Feuer","Farblos","Farblos"],"damage":50}],"weaknesses":[{"type":"Wasser","value":"×2"}],"retreat":2,"legal":{"standard":false,"expanded":true}},{"category":"Pokémon","id":"bw7-20","illustrator":"hatachu","localId":"20","name":"Glurak","rarity":"Selten","set":{"cardCount":{"official":149,"total":153},"id":"bw7","name":"Überschrittene Schwellen","symbol":"https://assets.tcgdex.net/univ/bw/bw7/symbol"},"variants":{"firstEdition":false,"holo":true,"normal":true,"reverse":true,"wPromo":false},"dexId":[6],"hp":160,"types":["Feuer"],"stage":"Rang 2","attacks":[{"cost":["Feuer","Farblos","Farblos"]},{"cost":["Feuer","Farblos","Farblos","Farblos","Farblos"],"damage":150}],"weaknesses":[{"type":"Wasser","value":"×2"}],"retreat":3,"legal":{"standard":false,"expanded":true}},{"category":"Pokémon","id":"bw7-21","illustrator":"match","localId":"21","name":"Camaub","rarity":"Häufig","set":{"cardCount":{"official":149,"total":153},"id":"bw7","name":"Überschrittene Schwellen","symbol":"https://assets.tcgdex.net/univ/bw/bw7/symbol"},"variants":{"firstEdition":false,"holo":true,"normal":true,"reverse":true,"wPromo":false},"dexId":[322],"hp":90,"types":["Feuer"],"stage":"Basis","attacks":[{"cost":["Feuer","Farblos","Farblos"],"damage":60}],"weaknesses":[{"type":"Wasser","value":"×2"}],"retreat":3,"legal":{"standard":false,"expanded":true}},{"category":"Pokémon","id":"bw7-22","illustrator":"Akira Komayama","localId":"22","name":"Camerupt","rarity":"Selten","set":{"cardCount":{"official":149,"total":153},"id":"bw7","name":"Überschrittene Schwellen","symbol":"https://assets.tcgdex.net/univ/bw/bw7/symbol"},"variants":{"firstEdition":false,"holo":true,"normal":true,"reverse":true,"wPromo":false},"dexId":[323],"hp":130,"types":["Feuer"],"stage":"Rang 1","attacks":[{"cost":["Feuer","Farblos","Farblos"],"damage":60},{"cost":["Feuer","Feuer","Farblos","Farblos"],"damage":80}],"weaknesses":[{"type":"Wasser","value":"×2"}],"retreat":4,"legal":{"standard":false,"expanded":true}},{"category":"Pokémon","id":"bw7-23","illustrator":"Masakazu Fukuda","localId":"23","name":"Victini","rarity":"Selten","set":{"cardCount":{"official":149,"total":153},"id":"bw7","name":"Überschrittene Schwellen","symbol":"https://assets.tcgdex.net/univ/bw/bw7/symbol"},"variants":{"firstEdition":false,"holo":true,"normal":true,"reverse":true,"wPromo":false},"dexId":[494],"hp":70,"types":["Feuer"],"stage":"Basis","attacks":[{"cost":["Farblos"]},{"cost":["Feuer","Farblos"],"damage":30}],"weaknesses":[{"type":"Wasser","value":"×2"}],"retreat":1,"legal":{"standard":false,"expanded":true}},{"category":"Pokémon","id":"bw7-24","illustrator":"Shin Nagasawa","localId":"24","name":"Floink","rarity":"Häufig","set":{"cardCount":{"official":149,"total":153},"id":"bw7","name":"Überschrittene Schwellen","symbol":"https://assets.tcgdex.net/univ/bw/bw7/symbol"},"variants":{"firstEdition":false,"holo":true,"normal":true,"reverse":true,"wPromo":false},"dexId":[498],"hp":60,"types":["Feuer"],"stage":"Basis","attacks":[{"cost":["Feuer"],"damage":10},{"cost":["Feuer","Farblos"],"damage":20}],"weaknesses":[{"type":"Wasser","value":"×2"}],"retreat":1,"legal":{"standard":false,"expanded":true}},{"category":"Pokémon","id":"bw7-25","illustrator":"Shin Nagasawa","localId":"25","name":"Ferkokel","rarity":"Ungewöhnlich","set":{"cardCount":{"official":149,"total":153},"id":"bw7","name":"Überschrittene Schwellen","symbol":"https://assets.tcgdex.net/univ/bw/bw7/symbol"},"variants":{"firstEdition":false,"holo":true,"normal":true,"reverse":true,"wPromo":false},"dexId":[499],"hp":90,"types":["Feuer"],"stage":"Rang 1","attacks":[{"cost":["Feuer","Farblos"],"damage":20},{"cost":["Feuer","Farblos","Farblos"],"damage":40}],"weaknesses":[{"type":"Wasser","value":"×2"}],"retreat":2,"legal":{"standard":false,"expanded":true}},{"category":"Pokémon","id":"bw7-26","illustrator":"Shin Nagasawa","localId":"26","name":"Flambirex","rarity":"Selten","set":{"cardCount":{"official":149,"total":153},"id":"bw7","name":"Überschrittene Schwellen","symbol":"https://assets.tcgdex.net/univ/bw/bw7/symbol"},"variants":{"firstEdition":false,"holo":true,"normal":true,"reverse":true,"wPromo":false},"dexId":[500],"hp":150,"types":["Feuer"],"stage":"Rang 2","attacks":[{"cost":["Feuer","Farblos","Farblos"],"damage":40},{"cost":["Feuer","Feuer","Farblos","Farblos"],"damage":120}],"weaknesses":[{"type":"Wasser","value":"×2"}],"retreat":4,"legal":{"standard":false,"expanded":true}},{"category":"Pokémon","id":"bw7-27","illustrator":"Aya Kusube","localId":"27","name":"Flampion","rarity":"Häufig","set":{"cardCount":{"official":149,"total":153},"id":"bw7","name":"Überschrittene Schwellen","symbol":"https://assets.tcgdex.net/univ/bw/bw7/symbol"},"variants":{"firstEdition":false,"holo":true,"normal":true,"reverse":true,"wPromo":false},"dexId":[554],"hp":70,"types":["Feuer"],"stage":"Basis","attacks":[{"cost":["Feuer","Farblos"],"damage":30}],"weaknesses":[{"type":"Wasser","value":"×2"}],"retreat":2,"legal":{"standard":false,"expanded":true}},{"category":"Pokémon","id":"bw7-28","illustrator":"kawayoo","localId":"28","name":"Flampivian","rarity":"Ungewöhnlich","set":{"cardCount":{"official":149,"total":153},"id":"bw7","name":"Überschrittene Schwellen","symbol":"https://assets.tcgdex.net/univ/bw/bw7/symbol"},"variants":{"firstEdition":false,"holo":true,"normal":true,"reverse":true,"wPromo":false},"dexId":[555],"hp":110,"types":["Feuer"],"stage":"Rang 1","attacks":[{"cost":["Farblos"],"damage":20},{"cost":["Feuer","Farblos","Farblos"],"damage":60}],"weaknesses":[{"type":"Wasser","value":"×2"}],"retreat":2,"legal":{"standard":false,"expanded":true}},{"category":"Pokémon","id":"bw7-29","illustrator":"Kanako Eo","localId":"29","name":"Schiggy","rarity":"Häufig","set":{"cardCount":{"official":149,"total":153},"id":"bw7","name":"Überschrittene Schwellen","symbol":"https://assets.tcgdex.net/univ/bw/bw7/symbol"},"variants":{"firstEdition":false,"holo":true,"normal":true,"reverse":true,"wPromo":false},"dexId":[7],"hp":60,"types":["Wasser"],"stage":"Basis","abilities":[{"type":"Fähigkeit","name":"Panzerhülle","effect":"Solang sich dieses Pokémon auf deiner Bank befindet, verhindere allen Schaden, der diesem Pokémon durch Angriffe (deine und die deines Gegners) zugefügt würde."}],"attacks":[{"cost":["Wasser","Farblos"],"damage":10}],"weaknesses":[{"type":"Pflanze","value":"×2"}],"retreat":1,"legal":{"standard":false,"expanded":true}},{"category":"Pokémon","id":"bw7-30","illustrator":"Mizue","localId":"30","name":"Schillok","rarity":"Ungewöhnlich","set":{"cardCount":{"official":149,"total":153},"id":"bw7","name":"Überschrittene Schwellen","symbol":"https://assets.tcgdex.net/univ/bw/bw7/symbol"},"variants":{"firstEdition":false,"holo":true,"normal":true,"reverse":true,"wPromo":false},"dexId":[8],"hp":80,"types":["Wasser"],"stage":"Rang 1","attacks":[{"cost":["Farblos"]},{"cost":["Wasser","Wasser","Farblos"],"damage":60}],"weaknesses":[{"type":"Pflanze","value":"×2"}],"retreat":2,"legal":{"standard":false,"expanded":true}},{"category":"Pokémon","id":"bw7-31","illustrator":"Satoshi Shirai","localId":"31","name":"Turtok","rarity":"Selten","set":{"cardCount":{"official":149,"total":153},"id":"bw7","name":"Überschrittene Schwellen","symbol":"https://assets.tcgdex.net/univ/bw/bw7/symbol"},"variants":{"firstEdition":false,"holo":true,"normal":true,"reverse":true,"wPromo":false},"dexId":[9],"hp":140,"types":["Wasser"],"stage":"Rang 2","abilities":[{"type":"Fähigkeit","name":"Sintflut","effect":"Beliebig oft während deines Zuges (vor deinem Angriff) kannst du 1 Water-Energiekarte von deiner Hand an 1 deiner Pokémon anlegen."}],"attacks":[{"cost":["Farblos","Farblos","Farblos","Farblos"],"damage":60}],"weaknesses":[{"type":"Pflanze","value":"×2"}],"retreat":4,"legal":{"standard":false,"expanded":true}},{"category":"Pokémon","id":"bw7-32","illustrator":"match","localId":"32","name":"Enton","rarity":"Häufig","set":{"cardCount":{"official":149,"total":153},"id":"bw7","name":"Überschrittene Schwellen","symbol":"https://assets.tcgdex.net/univ/bw/bw7/symbol"},"variants":{"firstEdition":false,"holo":true,"normal":true,"reverse":true,"wPromo":false},"dexId":[54],"hp":60,"types":["Wasser"],"stage":"Basis","attacks":[{"cost":["Farblos"]}],"weaknesses":[{"type":"Elektro","value":"×2"}],"retreat":1,"legal":{"standard":false,"expanded":true}},{"category":"Pokémon","id":"bw7-33","illustrator":"Masakazu Fukuda","localId":"33","name":"Enton","rarity":"Häufig","set":{"cardCount":{"official":149,"total":153},"id":"bw7","name":"Überschrittene Schwellen","symbol":"https://assets.tcgdex.net/univ/bw/bw7/symbol"},"variants":{"firstEdition":false,"holo":true,"normal":true,"reverse":true,"wPromo":false},"dexId":[54],"hp":70,"types":["Wasser"],"stage":"Basis","attacks":[{"cost":["Wasser"]}],"weaknesses":[{"type":"Elektro","value":"×2"}],"retreat":3,"legal":{"standard":false,"expanded":true}},{"category":"Pokémon","id":"bw7-34","illustrator":"match","localId":"34","name":"Entoron","rarity":"Ungewöhnlich","set":{"cardCount":{"official":149,"total":153},"id":"bw7","name":"Überschrittene Schwellen","symbol":"https://assets.tcgdex.net/univ/bw/bw7/symbol"},"variants":{"firstEdition":false,"holo":true,"normal":true,"reverse":true,"wPromo":false},"dexId":[55],"hp":80,"types":["Wasser"],"stage":"Rang 1","attacks":[{"cost":["Farblos"]},{"cost":["Wasser","Farblos"],"damage":30}],"weaknesses":[{"type":"Elektro","value":"×2"}],"retreat":0,"legal":{"standard":false,"expanded":true}},{"category":"Pokémon","id":"bw7-35","illustrator":"Kagemaru Himeno","localId":"35","name":"Entoron","rarity":"Selten","set":{"cardCount":{"official":149,"total":153},"id":"bw7","name":"Überschrittene Schwellen","symbol":"https://assets.tcgdex.net/univ/bw/bw7/symbol"},"variants":{"firstEdition":false,"holo":true,"normal":true,"reverse":true,"wPromo":false},"dexId":[55],"hp":90,"types":["Wasser"],"stage":"Rang 1","attacks":[{"cost":["Farblos"],"damage":20},{"cost":["Wasser","Wasser"],"damage":90}],"weaknesses":[{"type":"Elektro","value":"×2"}],"retreat":0,"legal":{"standard":false,"expanded":true}},{"category":"Pokémon","id":"bw7-36","illustrator":"Mizue","localId":"36","name":"Marill","rarity":"Häufig","set":{"cardCount":{"official":149,"total":153},"id":"bw7","name":"Überschrittene Schwellen","symbol":"https://assets.tcgdex.net/univ/bw/bw7/symbol"},"variants":{"firstEdition":false,"holo":true,"normal":true,"reverse":true,"wPromo":false},"dexId":[183],"hp":70,"types":["Wasser"],"stage":"Basis","attacks":[{"cost":["Farblos","Farblos"],"damage":20},{"cost":["Wasser","Farblos","Farblos"],"damage":30}],"weaknesses":[{"type":"Elektro","value":"×2"}],"retreat":2,"legal":{"standard":false,"expanded":true}},{"category":"Pokémon","id":"bw7-37","illustrator":"Masakazu Fukuda","localId":"37","name":"Azumarill","rarity":"Ungewöhnlich","set":{"cardCount":{"official":149,"total":153},"id":"bw7","name":"Überschrittene Schwellen","symbol":"https://assets.tcgdex.net/univ/bw/bw7/symbol"},"variants":{"firstEdition":false,"holo":true,"normal":true,"reverse":true,"wPromo":false},"dexId":[184],"hp":90,"types":["Wasser"],"stage":"Rang 1","attacks":[{"cost":["Farblos","Farblos"]},{"cost":["Wasser","Wasser","Farblos"],"damage":70}],"weaknesses":[{"type":"Elektro","value":"×2"}],"retreat":1,"legal":{"standard":false,"expanded":true}},{"category":"Pokémon","id":"bw7-38","illustrator":"Sumiyoshi Kizuki","localId":"38","name":"Botogel","rarity":"Ungewöhnlich","set":{"cardCount":{"official":149,"total":153},"id":"bw7","name":"Überschrittene Schwellen","symbol":"https://assets.tcgdex.net/univ/bw/bw7/symbol"},"variants":{"firstEdition":false,"holo":true,"normal":true,"reverse":true,"wPromo":false},"dexId":[225],"hp":80,"types":["Wasser"],"stage":"Basis","attacks":[{"cost":["Farblos"]},{"cost":["Wasser","Farblos"],"damage":30}],"weaknesses":[{"type":"Metall","value":"×2"}],"retreat":1,"legal":{"standard":false,"expanded":true}},{"category":"Pokémon","id":"bw7-39","illustrator":"match","localId":"39","name":"Ottaro","rarity":"Häufig","set":{"cardCount":{"official":149,"total":153},"id":"bw7","name":"Überschrittene Schwellen","symbol":"https://assets.tcgdex.net/univ/bw/bw7/symbol"},"variants":{"firstEdition":false,"holo":true,"normal":true,"reverse":true,"wPromo":false},"dexId":[501],"hp":60,"types":["Wasser"],"stage":"Basis","attacks":[{"cost":["Wasser"],"damage":10},{"cost":["Wasser","Farblos"],"damage":20}],"weaknesses":[{"type":"Pflanze","value":"×2"}],"retreat":1,"legal":{"standard":false,"expanded":true}},{"category":"Pokémon","id":"bw7-40","illustrator":"match","localId":"40","name":"Zwottronin","rarity":"Ungewöhnlich","set":{"cardCount":{"official":149,"total":153},"id":"bw7","name":"Überschrittene Schwellen","symbol":"https://assets.tcgdex.net/univ/bw/bw7/symbol"},"variants":{"firstEdition":false,"holo":true,"normal":true,"reverse":true,"wPromo":false},"dexId":[502],"hp":90,"types":["Wasser"],"stage":"Rang 1","attacks":[{"cost":["Wasser"],"damage":20},{"cost":["Wasser","Wasser","Farblos"],"damage":50}],"weaknesses":[{"type":"Pflanze","value":"×2"}],"retreat":1,"legal":{"standard":false,"expanded":true}},{"category":"Pokémon","id":"bw7-41","illustrator":"match","localId":"41","name":"Admurai","rarity":"Selten","set":{"cardCount":{"official":149,"total":153},"id":"bw7","name":"Überschrittene Schwellen","symbol":"https://assets.tcgdex.net/univ/bw/bw7/symbol"},"variants":{"firstEdition":false,"holo":true,"normal":true,"reverse":true,"wPromo":false},"dexId":[503],"hp":140,"types":["Wasser"],"stage":"Rang 2","attacks":[{"cost":["Wasser","Farblos"],"damage":50},{"cost":["Wasser","Wasser","Farblos","Farblos"],"damage":80}],"weaknesses":[{"type":"Pflanze","value":"×2"}],"retreat":3,"legal":{"standard":false,"expanded":true}},{"category":"Pokémon","id":"bw7-42","illustrator":"Kouki Saitou","localId":"42","name":"Piccolente","rarity":"Häufig","set":{"cardCount":{"official":149,"total":153},"id":"bw7","name":"Überschrittene Schwellen","symbol":"https://assets.tcgdex.net/univ/bw/bw7/symbol"},"variants":{"firstEdition":false,"holo":true,"normal":true,"reverse":true,"wPromo":false},"dexId":[580],"hp":70,"types":["Wasser"],"stage":"Basis","attacks":[{"cost":["Wasser","Farblos"],"damage":20}],"weaknesses":[{"type":"Elektro","value":"×2"}],"resistances":[{"type":"Kampf","value":"-20"}],"retreat":1,"legal":{"standard":false,"expanded":true}},{"category":"Pokémon","id":"bw7-43","illustrator":"Suwama Chiaki","localId":"43","name":"Swaroness","rarity":"Ungewöhnlich","set":{"cardCount":{"official":149,"total":153},"id":"bw7","name":"Überschrittene Schwellen","symbol":"https://assets.tcgdex.net/univ/bw/bw7/symbol"},"variants":{"firstEdition":false,"holo":true,"normal":true,"reverse":true,"wPromo":false},"dexId":[581],"hp":90,"types":["Wasser"],"stage":"Rang 1","attacks":[{"cost":["Farblos","Farblos"],"damage":20},{"cost":["Wasser","Farblos","Farblos"],"damage":60}],"weaknesses":[{"type":"Elektro","value":"×2"}],"resistances":[{"type":"Kampf","value":"-20"}],"retreat":1,"legal":{"standard":false,"expanded":true}},{"category":"Pokémon","id":"bw7-44","illustrator":"Miki Tanaka","localId":"44","name":"Quabbel","rarity":"Häufig","set":{"cardCount":{"official":149,"total":153},"id":"bw7","name":"Überschrittene Schwellen","symbol":"https://assets.tcgdex.net/univ/bw/bw7/symbol"},"variants":{"firstEdition":false,"holo":true,"normal":true,"reverse":true,"wPromo":false},"dexId":[592],"hp":80,"types":["Wasser"],"stage":"Basis","attacks":[{"cost":["Wasser","Farblos","Farblos"],"damage":40}],"weaknesses":[{"type":"Elektro","value":"×2"}],"retreat":2,"legal":{"standard":false,"expanded":true}},{"category":"Pokémon","id":"bw7-45","illustrator":"Kouki Saitou","localId":"45","name":"Apoquallyp","rarity":"Selten","set":{"cardCount":{"official":149,"total":153},"id":"bw7","name":"Überschrittene Schwellen","symbol":"https://assets.tcgdex.net/univ/bw/bw7/symbol"},"variants":{"firstEdition":false,"holo":true,"normal":true,"reverse":true,"wPromo":false},"dexId":[593],"hp":100,"types":["Wasser"],"stage":"Rang 1","abilities":[{"type":"Fähigkeit","name":"Superkleber","effect":"Die Rückzugskosten aller Pokémon deines Gegners im Spiel erhöhen sich um Colorless."}],"attacks":[{"cost":["Wasser","Farblos","Farblos"],"damage":40}],"weaknesses":[{"type":"Elektro","value":"×2"}],"retreat":3,"legal":{"standard":false,"expanded":true}},{"category":"Pokémon","id":"bw7-46","illustrator":"Kouki Saitou","localId":"46","name":"Frigometri","rarity":"Ungewöhnlich","set":{"cardCount":{"official":149,"total":153},"id":"bw7","name":"Überschrittene Schwellen","symbol":"https://assets.tcgdex.net/univ/bw/bw7/symbol"},"variants":{"firstEdition":false,"holo":true,"normal":true,"reverse":true,"wPromo":false},"dexId":[615],"hp":90,"types":["Wasser"],"stage":"Basis","attacks":[{"cost":["Wasser","Farblos"],"damage":20}],"weaknesses":[{"type":"Metall","value":"×2"}],"retreat":1,"legal":{"standard":false,"expanded":true}},{"category":"Pokémon","id":"bw7-47","illustrator":"Ryo Ueda","localId":"47","name":"Keldeo","rarity":"Selten","set":{"cardCount":{"official":149,"total":153},"id":"bw7","name":"Überschrittene Schwellen","symbol":"https://assets.tcgdex.net/univ/bw/bw7/symbol"},"variants":{"firstEdition":false,"holo":true,"normal":true,"reverse":true,"wPromo":false},"dexId":[647],"hp":110,"types":["Wasser"],"stage":"Basis","attacks":[{"cost":["Wasser","Farblos"],"damage":30},{"cost":["Farblos","Farblos","Farblos"],"damage":60}],"weaknesses":[{"type":"Pflanze","value":"×2"}],"retreat":1,"legal":{"standard":false,"expanded":true}},{"category":"Pokémon","id":"bw7-48","illustrator":"Naoki Saito","localId":"48","name":"Keldeo","rarity":"Selten","set":{"cardCount":{"official":149,"total":153},"id":"bw7","name":"Überschrittene Schwellen","symbol":"https://assets.tcgdex.net/univ/bw/bw7/symbol"},"variants":{"firstEdition":false,"holo":true,"normal":true,"reverse":true,"wPromo":false},"dexId":[647],"hp":90,"types":["Wasser"],"stage":"Basis","attacks":[{"cost":["Wasser","Farblos"],"damage":20},{"cost":["Wasser","Wasser","Farblos"],"damage":70}],"weaknesses":[{"type":"Pflanze","value":"×2"}],"retreat":1,"legal":{"standard":false,"expanded":true}},{"category":"Pokémon","id":"bw7-49","illustrator":"Toyste Beach","localId":"49","name":"Keldeo-EX","rarity":"Selten","set":{"cardCount":{"official":149,"total":153},"id":"bw7","name":"Überschrittene Schwellen","symbol":"https://assets.tcgdex.net/univ/bw/bw7/symbol"},"variants":{"firstEdition":false,"holo":true,"normal":true,"reverse":true,"wPromo":false},"dexId":[647],"hp":170,"types":["Wasser"],"suffix":"EX","abilities":[{"type":"Fähigkeit","name":"Hineinstürmen","effect":"Einmal während deines Zuges (vor deinem Angriff) kannst du, wenn sich dieses Pokémon auf deiner Bank befindet, dieses Pokémon gegen dein Aktives Pokémon austauschen."}],"attacks":[{"cost":["Farblos","Farblos","Farblos"],"damage":50}],"weaknesses":[{"type":"Pflanze","value":"×2"}],"retreat":2,"legal":{"standard":false,"expanded":true}},{"category":"Pokémon","id":"bw7-50","illustrator":"Ken Sugimori","localId":"50","name":"Pikachu","rarity":"Häufig","set":{"cardCount":{"official":149,"total":153},"id":"bw7","name":"Überschrittene Schwellen","symbol":"https://assets.tcgdex.net/univ/bw/bw7/symbol"},"variants":{"firstEdition":false,"holo":true,"normal":true,"reverse":true,"wPromo":false},"dexId":[25],"hp":60,"types":["Elektro"],"stage":"Basis","attacks":[{"cost":["Elektro"],"damage":10},{"cost":["Elektro","Elektro","Farblos"],"damage":40}],"weaknesses":[{"type":"Kampf","value":"×2"}],"retreat":1,"legal":{"standard":false,"expanded":true}},{"category":"Pokémon","id":"bw7-51","illustrator":"Ken Sugimori","localId":"51","name":"Voltobal","rarity":"Häufig","set":{"cardCount":{"official":149,"total":153},"id":"bw7","name":"Überschrittene Schwellen","symbol":"https://assets.tcgdex.net/univ/bw/bw7/symbol"},"variants":{"firstEdition":false,"holo":true,"normal":true,"reverse":true,"wPromo":false},"dexId":[100],"hp":50,"types":["Elektro"],"stage":"Basis","attacks":[{"cost":["Farblos"],"damage":10}],"weaknesses":[{"type":"Kampf","value":"×2"}],"retreat":1,"legal":{"standard":false,"expanded":true}},{"category":"Pokémon","id":"bw7-52","illustrator":"Ken Sugimori","localId":"52","name":"Lektrobal","rarity":"Ungewöhnlich","set":{"cardCount":{"official":149,"total":153},"id":"bw7","name":"Überschrittene Schwellen","symbol":"https://assets.tcgdex.net/univ/bw/bw7/symbol"},"variants":{"firstEdition":false,"holo":true,"normal":true,"reverse":true,"wPromo":false},"dexId":[101],"hp":80,"types":["Elektro"],"stage":"Rang 1","attacks":[{"cost":["Farblos"],"damage":20},{"cost":["Elektro","Farblos","Farblos"],"damage":60}],"weaknesses":[{"type":"Kampf","value":"×2"}],"retreat":0,"legal":{"standard":false,"expanded":true}},{"category":"Pokémon","id":"bw7-53","illustrator":"Shigenori Negishi","localId":"53","name":"Elektek","rarity":"Häufig","set":{"cardCount":{"official":149,"total":153},"id":"bw7","name":"Überschrittene Schwellen","symbol":"https://assets.tcgdex.net/univ/bw/bw7/symbol"},"variants":{"firstEdition":false,"holo":true,"normal":true,"reverse":true,"wPromo":false},"dexId":[125],"hp":80,"types":["Elektro"],"stage":"Basis","attacks":[{"cost":["Elektro","Farblos"],"damage":20},{"cost":["Elektro","Farblos","Farblos"],"damage":50}],"weaknesses":[{"type":"Kampf","value":"×2"}],"retreat":2,"legal":{"standard":false,"expanded":true}},{"category":"Pokémon","id":"bw7-54","illustrator":"BERUBURI","localId":"54","name":"Elevoltek","rarity":"Selten","set":{"cardCount":{"official":149,"total":153},"id":"bw7","name":"Überschrittene Schwellen","symbol":"https://assets.tcgdex.net/univ/bw/bw7/symbol"},"variants":{"firstEdition":false,"holo":true,"normal":true,"reverse":true,"wPromo":false},"dexId":[466],"hp":120,"types":["Elektro"],"stage":"Rang 1","attacks":[{"cost":["Elektro","Farblos","Farblos"]},{"cost":["Elektro","Farblos","Farblos","Farblos"],"damage":80}],"weaknesses":[{"type":"Kampf","value":"×2"}],"retreat":3,"legal":{"standard":false,"expanded":true}},{"category":"Pokémon","id":"bw7-55","illustrator":"Ken Sugimori","localId":"55","name":"Lampi","rarity":"Häufig","set":{"cardCount":{"official":149,"total":153},"id":"bw7","name":"Überschrittene Schwellen","symbol":"https://assets.tcgdex.net/univ/bw/bw7/symbol"},"variants":{"firstEdition":false,"holo":true,"normal":true,"reverse":true,"wPromo":false},"dexId":[170],"hp":60,"types":["Elektro"],"stage":"Basis","attacks":[{"cost":["Elektro","Farblos"]}],"weaknesses":[{"type":"Kampf","value":"×2"}],"retreat":1,"legal":{"standard":false,"expanded":true}},{"category":"Pokémon","id":"bw7-56","illustrator":"Midori Harada","localId":"56","name":"Elezeba","rarity":"Häufig","set":{"cardCount":{"official":149,"total":153},"id":"bw7","name":"Überschrittene Schwellen","symbol":"https://assets.tcgdex.net/univ/bw/bw7/symbol"},"variants":{"firstEdition":false,"holo":true,"normal":true,"reverse":true,"wPromo":false},"dexId":[522],"hp":70,"types":["Elektro"],"stage":"Basis","attacks":[{"cost":["Farblos"],"damage":10}],"weaknesses":[{"type":"Kampf","value":"×2"}],"retreat":1,"legal":{"standard":false,"expanded":true}},{"category":"Pokémon","id":"bw7-57","illustrator":"Mitsuhiro Arita","localId":"57","name":"Zebritz","rarity":"Selten","set":{"cardCount":{"official":149,"total":153},"id":"bw7","name":"Überschrittene Schwellen","symbol":"https://assets.tcgdex.net/univ/bw/bw7/symbol"},"variants":{"firstEdition":false,"holo":true,"normal":true,"reverse":true,"wPromo":false},"dexId":[523],"hp":100,"types":["Elektro"],"stage":"Rang 1","attacks":[{"cost":["Farblos"]},{"cost":["Elektro","Farblos","Farblos"],"damage":90}],"weaknesses":[{"type":"Kampf","value":"×2"}],"retreat":1,"legal":{"standard":false,"expanded":true}},{"category":"Pokémon","id":"bw7-58","illustrator":"Ken Sugimori","localId":"58","name":"Woingenau","rarity":"Ungewöhnlich","set":{"cardCount":{"official":149,"total":153},"id":"bw7","name":"Überschrittene Schwellen","symbol":"https://assets.tcgdex.net/univ/bw/bw7/symbol"},"variants":{"firstEdition":false,"holo":true,"normal":true,"reverse":true,"wPromo":false},"dexId":[202],"hp":90,"types":["Psycho"],"stage":"Basis","attacks":[{"cost":["Psycho","Psycho","Farblos"],"damage":60}],"weaknesses":[{"type":"Psycho","value":"×2"}],"retreat":2,"legal":{"standard":false,"expanded":true}},{"category":"Pokémon","id":"bw7-59","illustrator":"Sumiyoshi Kizuki","localId":"59","name":"Spoink","rarity":"Häufig","set":{"cardCount":{"official":149,"total":153},"id":"bw7","name":"Überschrittene Schwellen","symbol":"https://assets.tcgdex.net/univ/bw/bw7/symbol"},"variants":{"firstEdition":false,"holo":true,"normal":true,"reverse":true,"wPromo":false},"dexId":[325],"hp":50,"types":["Psycho"],"stage":"Basis","attacks":[{"cost":["Psycho"],"damage":10}],"weaknesses":[{"type":"Psycho","value":"×2"}],"retreat":1,"legal":{"standard":false,"expanded":true}},{"category":"Pokémon","id":"bw7-60","illustrator":"Kouki Saitou","localId":"60","name":"Groink","rarity":"Selten","set":{"cardCount":{"official":149,"total":153},"id":"bw7","name":"Überschrittene Schwellen","symbol":"https://assets.tcgdex.net/univ/bw/bw7/symbol"},"variants":{"firstEdition":false,"holo":true,"normal":true,"reverse":true,"wPromo":false},"dexId":[326],"hp":110,"types":["Psycho"],"stage":"Rang 1","attacks":[{"cost":["Psycho","Farblos"],"damage":30},{"cost":["Psycho","Farblos","Farblos"],"damage":60}],"weaknesses":[{"type":"Psycho","value":"×2"}],"retreat":2,"legal":{"standard":false,"expanded":true}},{"category":"Pokémon","id":"bw7-61","illustrator":"Naoki Saito","localId":"61","name":"Zwirrlicht","rarity":"Häufig","set":{"cardCount":{"official":149,"total":153},"id":"bw7","name":"Überschrittene Schwellen","symbol":"https://assets.tcgdex.net/univ/bw/bw7/symbol"},"variants":{"firstEdition":false,"holo":true,"normal":true,"reverse":true,"wPromo":false},"dexId":[355],"hp":50,"types":["Psycho"],"stage":"Basis","attacks":[{"cost":["Psycho"]}],"weaknesses":[{"type":"Unlicht","value":"×2"}],"retreat":1,"legal":{"standard":false,"expanded":true}},{"category":"Pokémon","id":"bw7-62","illustrator":"Akira Komayama","localId":"62","name":"Zwirrklop","rarity":"Ungewöhnlich","set":{"cardCount":{"official":149,"total":153},"id":"bw7","name":"Überschrittene Schwellen","symbol":"https://assets.tcgdex.net/univ/bw/bw7/symbol"},"variants":{"firstEdition":false,"holo":true,"normal":true,"reverse":true,"wPromo":false},"dexId":[356],"hp":80,"types":["Psycho"],"stage":"Rang 1","attacks":[{"cost":["Psycho"]},{"cost":["Psycho","Farblos","Farblos"],"damage":40}],"weaknesses":[{"type":"Unlicht","value":"×2"}],"retreat":2,"legal":{"standard":false,"expanded":true}},{"category":"Pokémon","id":"bw7-63","illustrator":"kawayoo","localId":"63","name":"Zwirrfinst","rarity":"Selten","set":{"cardCount":{"official":149,"total":153},"id":"bw7","name":"Überschrittene Schwellen","symbol":"https://assets.tcgdex.net/univ/bw/bw7/symbol"},"variants":{"firstEdition":false,"holo":true,"normal":true,"reverse":true,"wPromo":false},"dexId":[477],"hp":130,"types":["Psycho"],"stage":"Rang 2","abilities":[{"type":"Fähigkeit","name":"Unheimliches Händchen","effect":"Beliebig oft während deines Zuges (vor deinem Angriff) kannst du 1 Schadensmarke von 1 Pokémon deines Gegners auf ein anderes Pokémon deines Gegners verschieben."}],"attacks":[{"cost":["Psycho","Farblos","Farblos","Farblos"],"damage":60}],"weaknesses":[{"type":"Unlicht","value":"×2"}],"retreat":3,"legal":{"standard":false,"expanded":true}},{"category":"Pokémon","id":"bw7-64","illustrator":"Ken Sugimori","localId":"64","name":"Glibunkel","rarity":"Häufig","set":{"cardCount":{"official":149,"total":153},"id":"bw7","name":"Überschrittene Schwellen","symbol":"https://assets.tcgdex.net/univ/bw/bw7/symbol"},"variants":{"firstEdition":false,"holo":true,"normal":true,"reverse":true,"wPromo":false},"dexId":[453],"hp":60,"types":["Psycho"],"stage":"Basis","attacks":[{"cost":["Psycho","Farblos"],"damage":20}],"weaknesses":[{"type":"Psycho","value":"×2"}],"retreat":1,"legal":{"standard":false,"expanded":true}},{"category":"Pokémon","id":"bw7-65","illustrator":"MAHOU","localId":"65","name":"Glibunkel","rarity":"Ungewöhnlich","set":{"cardCount":{"official":149,"total":153},"id":"bw7","name":"Überschrittene Schwellen","symbol":"https://assets.tcgdex.net/univ/bw/bw7/symbol"},"variants":{"firstEdition":false,"holo":true,"normal":true,"reverse":true,"wPromo":false},"dexId":[453],"hp":70,"types":["Psycho"],"stage":"Basis","attacks":[{"cost":["Psycho","Farblos"],"damage":20}],"weaknesses":[{"type":"Psycho","value":"×2"}],"retreat":1,"legal":{"standard":false,"expanded":true}},{"category":"Pokémon","id":"bw7-66","illustrator":"Kouki Saitou","localId":"66","name":"Toxiquak","rarity":"Selten","set":{"cardCount":{"official":149,"total":153},"id":"bw7","name":"Überschrittene Schwellen","symbol":"https://assets.tcgdex.net/univ/bw/bw7/symbol"},"variants":{"firstEdition":false,"holo":true,"normal":true,"reverse":true,"wPromo":false},"dexId":[454],"hp":90,"types":["Psycho"],"stage":"Rang 1","attacks":[{"cost":["Farblos"],"damage":20},{"cost":["Psycho","Farblos","Farblos"],"damage":60}],"weaknesses":[{"type":"Psycho","value":"×2"}],"retreat":1,"legal":{"standard":false,"expanded":true}},{"category":"Pokémon","id":"bw7-67","illustrator":"Hideaki Hakozaki","localId":"67","name":"Cresselia-EX","rarity":"Selten","set":{"cardCount":{"official":149,"total":153},"id":"bw7","name":"Überschrittene Schwellen","symbol":"https://assets.tcgdex.net/univ/bw/bw7/symbol"},"variants":{"firstEdition":false,"holo":true,"normal":true,"reverse":true,"wPromo":false},"dexId":[488],"hp":170,"types":["Psycho"],"suffix":"EX","abilities":[{"type":"Fähigkeit","name":"Glitzerteilchen","effect":"Heile zu einem beliebigen Zeitpunkt zwischen den Zügen 10 Schadenspunkte bei diesem Pokémon."}],"attacks":[{"cost":["Psycho","Farblos","Farblos","Farblos"],"damage":90}],"weaknesses":[{"type":"Psycho","value":"×2"}],"retreat":1,"legal":{"standard":false,"expanded":true}},{"category":"Pokémon","id":"bw7-68","illustrator":"sui","localId":"68","name":"Somniam","rarity":"Ungewöhnlich","set":{"cardCount":{"official":149,"total":153},"id":"bw7","name":"Überschrittene Schwellen","symbol":"https://assets.tcgdex.net/univ/bw/bw7/symbol"},"variants":{"firstEdition":false,"holo":true,"normal":true,"reverse":true,"wPromo":false},"dexId":[517],"hp":60,"types":["Psycho"],"stage":"Basis","abilities":[{"type":"Fähigkeit","name":"Fernhypnose","effect":"Einmal während deines Zuges (vor deinem Angriff) kannst du 1 Münze werfen. Bei „Kopf“ schläft das Aktive Pokémon deines Gegners jetzt. Bei „Zahl“ schläft dein Aktives Pokémon jetzt."}],"attacks":[{"cost":["Psycho","Farblos"],"damage":20}],"weaknesses":[{"type":"Psycho","value":"×2"}],"retreat":2,"legal":{"standard":false,"expanded":true}},{"category":"Pokémon","id":"bw7-69","illustrator":"Satoshi Shirai","localId":"69","name":"Somnivora","rarity":"Selten","set":{"cardCount":{"official":149,"total":153},"id":"bw7","name":"Überschrittene Schwellen","symbol":"https://assets.tcgdex.net/univ/bw/bw7/symbol"},"variants":{"firstEdition":false,"holo":true,"normal":true,"reverse":true,"wPromo":false},"dexId":[518],"hp":100,"types":["Psycho"],"stage":"Rang 1","attacks":[{"cost":["Psycho"]},{"cost":["Psycho","Farblos","Farblos"],"damage":60}],"weaknesses":[{"type":"Psycho","value":"×2"}],"retreat":3,"legal":{"standard":false,"expanded":true}},{"category":"Pokémon","id":"bw7-70","illustrator":"Miki Tanaka","localId":"70","name":"Fleknoil","rarity":"Häufig","set":{"cardCount":{"official":149,"total":153},"id":"bw7","name":"Überschrittene Schwellen","symbol":"https://assets.tcgdex.net/univ/bw/bw7/symbol"},"variants":{"firstEdition":false,"holo":true,"normal":true,"reverse":true,"wPromo":false},"dexId":[527],"hp":60,"types":["Psycho"],"stage":"Basis","attacks":[{"cost":["Psycho"]},{"cost":["Farblos","Farblos"],"damage":20}],"weaknesses":[{"type":"Elektro","value":"×2"}],"resistances":[{"type":"Kampf","value":"-20"}],"retreat":1,"legal":{"standard":false,"expanded":true}},{"category":"Pokémon","id":"bw7-71","illustrator":"Sumiyoshi Kizuki","localId":"71","name":"Fletiamo","rarity":"Selten","set":{"cardCount":{"official":149,"total":153},"id":"bw7","name":"Überschrittene Schwellen","symbol":"https://assets.tcgdex.net/univ/bw/bw7/symbol"},"variants":{"firstEdition":false,"holo":true,"normal":true,"reverse":true,"wPromo":false},"dexId":[528],"hp":80,"types":["Psycho"],"stage":"Rang 1","attacks":[{"cost":["Psycho"]},{"cost":["Farblos","Farblos"],"damage":20}],"weaknesses":[{"type":"Elektro","value":"×2"}],"resistances":[{"type":"Kampf","value":"-20"}],"retreat":1,"legal":{"standard":false,"expanded":true}},{"category":"Pokémon","id":"bw7-72","illustrator":"Shigenori Negishi","localId":"72","name":"Toxiped","rarity":"Häufig","set":{"cardCount":{"official":149,"total":153},"id":"bw7","name":"Überschrittene Schwellen","symbol":"https://assets.tcgdex.net/univ/bw/bw7/symbol"},"variants":{"firstEdition":false,"holo":true,"normal":true,"reverse":true,"wPromo":false},"dexId":[543],"hp":70,"types":["Psycho"],"stage":"Basis","abilities":[{"type":"Fähigkeit","name":"Giftdorn","effect":"Wenn dieses Pokémon dein Aktives Pokémon ist und durch einen gegnerischen Angriff Schaden erhält (auch wenn dieses Pokémon dadurch kampfunfähig wird), ist das Angreifende Pokémon jetzt vergiftet."}],"attacks":[{"cost":["Psycho","Farblos"],"damage":20}],"weaknesses":[{"type":"Psycho","value":"×2"}],"retreat":2,"legal":{"standard":false,"expanded":true}},{"category":"Pokémon","id":"bw7-73","illustrator":"match","localId":"73","name":"Rollum","rarity":"Ungewöhnlich","set":{"cardCount":{"official":149,"total":153},"id":"bw7","name":"Überschrittene Schwellen","symbol":"https://assets.tcgdex.net/univ/bw/bw7/symbol"},"variants":{"firstEdition":false,"holo":true,"normal":true,"reverse":true,"wPromo":false},"dexId":[544],"hp":100,"types":["Psycho"],"stage":"Rang 1","abilities":[{"type":"Fähigkeit","name":"Giftdorn","effect":"Wenn dieses Pokémon dein Aktives Pokémon ist und durch einen gegnerischen Angriff Schaden erhält (auch wenn dieses Pokémon dadurch kampfunfähig wird), ist das Angreifende Pokémon jetzt vergiftet."}],"attacks":[{"cost":["Psycho","Farblos","Farblos"],"damage":50}],"weaknesses":[{"type":"Psycho","value":"×2"}],"retreat":3,"legal":{"standard":false,"expanded":true}},{"category":"Pokémon","id":"bw7-74","illustrator":"5ban Graphics","localId":"74","name":"Cerapendra","rarity":"Selten","set":{"cardCount":{"official":149,"total":153},"id":"bw7","name":"Überschrittene Schwellen","symbol":"https://assets.tcgdex.net/univ/bw/bw7/symbol"},"variants":{"firstEdition":false,"holo":true,"normal":true,"reverse":true,"wPromo":false},"dexId":[545],"hp":150,"types":["Psycho"],"stage":"Rang 2","abilities":[{"type":"Fähigkeit","name":"Giftdorn","effect":"Wenn dieses Pokémon dein Aktives Pokémon ist und durch einen gegnerischen Angriff Schaden erhält (auch wenn dieses Pokémon dadurch kampfunfähig wird), ist das Angreifende Pokémon jetzt vergiftet."}],"attacks":[{"cost":["Psycho","Psycho","Farblos","Farblos"],"damage":80}],"weaknesses":[{"type":"Psycho","value":"×2"}],"retreat":4,"legal":{"standard":false,"expanded":true}},{"category":"Pokémon","id":"bw7-75","illustrator":"Ken Sugimori","localId":"75","name":"Mollimorba","rarity":"Häufig","set":{"cardCount":{"official":149,"total":153},"id":"bw7","name":"Überschrittene Schwellen","symbol":"https://assets.tcgdex.net/univ/bw/bw7/symbol"},"variants":{"firstEdition":false,"holo":true,"normal":true,"reverse":true,"wPromo":false},"dexId":[574],"hp":60,"types":["Psycho"],"stage":"Basis","attacks":[{"cost":["Psycho"],"damage":10},{"cost":["Farblos","Farblos"],"damage":20}],"weaknesses":[{"type":"Psycho","value":"×2"}],"retreat":1,"legal":{"standard":false,"expanded":true}},{"category":"Pokémon","id":"bw7-76","illustrator":"Ken Sugimori","localId":"76","name":"Hypnomorba","rarity":"Ungewöhnlich","set":{"cardCount":{"official":149,"total":153},"id":"bw7","name":"Überschrittene Schwellen","symbol":"https://assets.tcgdex.net/univ/bw/bw7/symbol"},"variants":{"firstEdition":false,"holo":true,"normal":true,"reverse":true,"wPromo":false},"dexId":[575],"hp":80,"types":["Psycho"],"stage":"Rang 1","attacks":[{"cost":["Farblos","Farblos"],"damage":30},{"cost":["Psycho","Farblos","Farblos"],"damage":50}],"weaknesses":[{"type":"Psycho","value":"×2"}],"retreat":1,"legal":{"standard":false,"expanded":true}},{"category":"Pokémon","id":"bw7-77","illustrator":"5ban Graphics","localId":"77","name":"Meloetta","rarity":"Selten","set":{"cardCount":{"official":149,"total":153},"id":"bw7","name":"Überschrittene Schwellen","symbol":"https://assets.tcgdex.net/univ/bw/bw7/symbol"},"variants":{"firstEdition":false,"holo":true,"normal":true,"reverse":true,"wPromo":false},"dexId":[648],"hp":80,"types":["Psycho"],"stage":"Basis","attacks":[{"cost":["Psycho"],"damage":10},{"cost":["Psycho","Farblos","Farblos"],"damage":50}],"weaknesses":[{"type":"Psycho","value":"×2"}],"retreat":1,"legal":{"standard":false,"expanded":true}},{"category":"Pokémon","id":"bw7-78","illustrator":"Naoki Saito","localId":"78","name":"Sandan","rarity":"Häufig","set":{"cardCount":{"official":149,"total":153},"id":"bw7","name":"Überschrittene Schwellen","symbol":"https://assets.tcgdex.net/univ/bw/bw7/symbol"},"variants":{"firstEdition":false,"holo":true,"normal":true,"reverse":true,"wPromo":false},"dexId":[27],"hp":70,"types":["Kampf"],"stage":"Basis","attacks":[{"cost":["Farblos"],"damage":10},{"cost":["Kampf","Farblos","Farblos"],"damage":40}],"weaknesses":[{"type":"Wasser","value":"×2"}],"resistances":[{"type":"Elektro","value":"-20"}],"retreat":2,"legal":{"standard":false,"expanded":true}},{"category":"Pokémon","id":"bw7-79","illustrator":"BERUBURI","localId":"79","name":"Sandamer","rarity":"Ungewöhnlich","set":{"cardCount":{"official":149,"total":153},"id":"bw7","name":"Überschrittene Schwellen","symbol":"https://assets.tcgdex.net/univ/bw/bw7/symbol"},"variants":{"firstEdition":false,"holo":true,"normal":true,"reverse":true,"wPromo":false},"dexId":[28],"hp":90,"types":["Kampf"],"stage":"Rang 1","attacks":[{"cost":["Kampf","Farblos"],"damage":20},{"cost":["Kampf","Farblos","Farblos"],"damage":80}],"weaknesses":[{"type":"Wasser","value":"×2"}],"resistances":[{"type":"Elektro","value":"-20"}],"retreat":1,"legal":{"standard":false,"expanded":true}},{"category":"Pokémon","id":"bw7-80","illustrator":"Atsuko Nishida","localId":"80","name":"Skorgla","rarity":"Häufig","set":{"cardCount":{"official":149,"total":153},"id":"bw7","name":"Überschrittene Schwellen","symbol":"https://assets.tcgdex.net/univ/bw/bw7/symbol"},"variants":{"firstEdition":false,"holo":true,"normal":true,"reverse":true,"wPromo":false},"dexId":[207],"hp":70,"types":["Kampf"],"stage":"Basis","attacks":[{"cost":["Kampf"],"damage":10},{"cost":["Kampf","Farblos"],"damage":20}],"weaknesses":[{"type":"Wasser","value":"×2"}],"resistances":[{"type":"Elektro","value":"-20"}],"retreat":1,"legal":{"standard":false,"expanded":true}},{"category":"Pokémon","id":"bw7-81","illustrator":"Kouki Saitou","localId":"81","name":"Skorgro","rarity":"Selten","set":{"cardCount":{"official":149,"total":153},"id":"bw7","name":"Überschrittene Schwellen","symbol":"https://assets.tcgdex.net/univ/bw/bw7/symbol"},"variants":{"firstEdition":false,"holo":true,"normal":true,"reverse":true,"wPromo":false},"dexId":[472],"hp":100,"types":["Kampf"],"stage":"Rang 1","attacks":[{"cost":["Kampf"],"damage":20},{"cost":["Kampf","Farblos"],"damage":40}],"weaknesses":[{"type":"Wasser","value":"×2"}],"resistances":[{"type":"Elektro","value":"-20"}],"retreat":1,"legal":{"standard":false,"expanded":true}},{"category":"Pokémon","id":"bw7-82","illustrator":"Ken Sugimori","localId":"82","name":"Makuhita","rarity":"Häufig","set":{"cardCount":{"official":149,"total":153},"id":"bw7","name":"Überschrittene Schwellen","symbol":"https://assets.tcgdex.net/univ/bw/bw7/symbol"},"variants":{"firstEdition":false,"holo":true,"normal":true,"reverse":true,"wPromo":false},"dexId":[296],"hp":70,"types":["Kampf"],"stage":"Basis","attacks":[{"cost":["Kampf","Kampf"],"damage":30}],"weaknesses":[{"type":"Psycho","value":"×2"}],"retreat":2,"legal":{"standard":false,"expanded":true}},{"category":"Pokémon","id":"bw7-83","illustrator":"Kyoko Umemoto","localId":"83","name":"Knacklion","rarity":"Häufig","set":{"cardCount":{"official":149,"total":153},"id":"bw7","name":"Überschrittene Schwellen","symbol":"https://assets.tcgdex.net/univ/bw/bw7/symbol"},"variants":{"firstEdition":false,"holo":true,"normal":true,"reverse":true,"wPromo":false},"dexId":[328],"hp":60,"types":["Kampf"],"stage":"Basis","attacks":[{"cost":["Farblos"]},{"cost":["Kampf","Farblos"],"damage":20}],"weaknesses":[{"type":"Wasser","value":"×2"}],"resistances":[{"type":"Elektro","value":"-20"}],"retreat":1,"legal":{"standard":false,"expanded":true}},{"category":"Pokémon","id":"bw7-84","illustrator":"Midori Harada","localId":"84","name":"Lithomith","rarity":"Häufig","set":{"cardCount":{"official":149,"total":153},"id":"bw7","name":"Überschrittene Schwellen","symbol":"https://assets.tcgdex.net/univ/bw/bw7/symbol"},"variants":{"firstEdition":false,"holo":true,"normal":true,"reverse":true,"wPromo":false},"dexId":[557],"hp":70,"types":["Kampf"],"stage":"Basis","attacks":[{"cost":["Farblos","Farblos"],"damage":10}],"weaknesses":[{"type":"Pflanze","value":"×2"}],"retreat":2,"legal":{"standard":false,"expanded":true}},{"category":"Pokémon","id":"bw7-85","illustrator":"Mitsuhiro Arita","localId":"85","name":"Castellith","rarity":"Selten","set":{"cardCount":{"official":149,"total":153},"id":"bw7","name":"Überschrittene Schwellen","symbol":"https://assets.tcgdex.net/univ/bw/bw7/symbol"},"variants":{"firstEdition":false,"holo":true,"normal":true,"reverse":true,"wPromo":false},"dexId":[558],"hp":100,"types":["Kampf"],"stage":"Rang 1","abilities":[{"type":"Fähigkeit","name":"Robustheit","effect":"Wenn dieses Pokémon volle KP hat und durch Schaden eines Angriffs kampfunfähig würde, wird dieses Pokémon nicht kampfunfähig, sondern behält 10 KP."}],"attacks":[{"cost":["Kampf","Kampf","Farblos"],"damage":70}],"weaknesses":[{"type":"Pflanze","value":"×2"}],"retreat":3,"legal":{"standard":false,"expanded":true}},{"category":"Pokémon","id":"bw7-86","illustrator":"Ken Sugimori","localId":"86","name":"Lin-Fu","rarity":"Häufig","set":{"cardCount":{"official":149,"total":153},"id":"bw7","name":"Überschrittene Schwellen","symbol":"https://assets.tcgdex.net/univ/bw/bw7/symbol"},"variants":{"firstEdition":false,"holo":true,"normal":true,"reverse":true,"wPromo":false},"dexId":[619],"hp":50,"types":["Kampf"],"stage":"Basis","attacks":[{"cost":["Kampf"],"damage":10}],"weaknesses":[{"type":"Psycho","value":"×2"}],"retreat":1,"legal":{"standard":false,"expanded":true}},{"category":"Pokémon","id":"bw7-87","illustrator":"Masakazu Fukuda","localId":"87","name":"Lin-Fu","rarity":"Ungewöhnlich","set":{"cardCount":{"official":149,"total":153},"id":"bw7","name":"Überschrittene Schwellen","symbol":"https://assets.tcgdex.net/univ/bw/bw7/symbol"},"variants":{"firstEdition":false,"holo":true,"normal":true,"reverse":true,"wPromo":false},"dexId":[619],"hp":50,"types":["Kampf"],"stage":"Basis","attacks":[{"cost":["Kampf"],"damage":20}],"weaknesses":[{"type":"Psycho","value":"×2"}],"retreat":1,"legal":{"standard":false,"expanded":true}},{"category":"Pokémon","id":"bw7-88","illustrator":"Kagemaru Himeno","localId":"88","name":"Wie-Shu","rarity":"Ungewöhnlich","set":{"cardCount":{"official":149,"total":153},"id":"bw7","name":"Überschrittene Schwellen","symbol":"https://assets.tcgdex.net/univ/bw/bw7/symbol"},"variants":{"firstEdition":false,"holo":true,"normal":true,"reverse":true,"wPromo":false},"dexId":[620],"hp":90,"types":["Kampf"],"stage":"Rang 1","attacks":[{"cost":["Kampf","Farblos"],"damage":20},{"cost":["Kampf","Farblos","Farblos"],"damage":70}],"weaknesses":[{"type":"Psycho","value":"×2"}],"retreat":1,"legal":{"standard":false,"expanded":true}},{"category":"Pokémon","id":"bw7-89","illustrator":"Eske Yoshinob","localId":"89","name":"Demeteros-EX","rarity":"Selten","set":{"cardCount":{"official":149,"total":153},"id":"bw7","name":"Überschrittene Schwellen","symbol":"https://assets.tcgdex.net/univ/bw/bw7/symbol"},"variants":{"firstEdition":false,"holo":true,"normal":true,"reverse":true,"wPromo":false},"dexId":[645],"hp":180,"types":["Kampf"],"suffix":"EX","attacks":[{"cost":["Kampf"],"damage":30},{"cost":["Kampf","Kampf","Farblos"],"damage":80}],"weaknesses":[{"type":"Wasser","value":"×2"}],"resistances":[{"type":"Elektro","value":"-20"}],"retreat":3,"legal":{"standard":false,"expanded":true}},{"category":"Pokémon","id":"bw7-90","illustrator":"Akira Komayama","localId":"90","name":"Felilou","rarity":"Häufig","set":{"cardCount":{"official":149,"total":153},"id":"bw7","name":"Überschrittene Schwellen","symbol":"https://assets.tcgdex.net/univ/bw/bw7/symbol"},"variants":{"firstEdition":false,"holo":true,"normal":true,"reverse":true,"wPromo":false},"dexId":[509],"hp":50,"types":["Unlicht"],"stage":"Basis","attacks":[{"cost":["Unlicht"]}],"weaknesses":[{"type":"Kampf","value":"×2"}],"resistances":[{"type":"Psycho","value":"-20"}],"retreat":1,"legal":{"standard":false,"expanded":true}},{"category":"Pokémon","id":"bw7-91","illustrator":"kawayoo","localId":"91","name":"Kleoparda","rarity":"Selten","set":{"cardCount":{"official":149,"total":153},"id":"bw7","name":"Überschrittene Schwellen","symbol":"https://assets.tcgdex.net/univ/bw/bw7/symbol"},"variants":{"firstEdition":false,"holo":true,"normal":true,"reverse":true,"wPromo":false},"dexId":[510],"hp":80,"types":["Unlicht"],"stage":"Rang 1","attacks":[{"cost":["Unlicht"]},{"cost":["Unlicht","Farblos","Farblos"]}],"weaknesses":[{"type":"Kampf","value":"×2"}],"resistances":[{"type":"Psycho","value":"-20"}],"retreat":1,"legal":{"standard":false,"expanded":true}},{"category":"Pokémon","id":"bw7-92","illustrator":"Naoki Saito","localId":"92","name":"Skallyk","rarity":"Häufig","set":{"cardCount":{"official":149,"total":153},"id":"bw7","name":"Überschrittene Schwellen","symbol":"https://assets.tcgdex.net/univ/bw/bw7/symbol"},"variants":{"firstEdition":false,"holo":true,"normal":true,"reverse":true,"wPromo":false},"dexId":[629],"hp":50,"types":["Unlicht"],"stage":"Basis","attacks":[{"cost":["Unlicht"],"damage":10},{"cost":["Unlicht","Farblos"],"damage":20}],"weaknesses":[{"type":"Elektro","value":"×2"}],"resistances":[{"type":"Kampf","value":"-20"}],"retreat":1,"legal":{"standard":false,"expanded":true}},{"category":"Pokémon","id":"bw7-93","illustrator":"Naoki Saito","localId":"93","name":"Grypheldis","rarity":"Ungewöhnlich","set":{"cardCount":{"official":149,"total":153},"id":"bw7","name":"Überschrittene Schwellen","symbol":"https://assets.tcgdex.net/univ/bw/bw7/symbol"},"variants":{"firstEdition":false,"holo":true,"normal":true,"reverse":true,"wPromo":false},"dexId":[630],"hp":90,"types":["Unlicht"],"stage":"Rang 1","attacks":[{"cost":["Unlicht","Farblos"],"damage":30},{"cost":["Unlicht","Farblos","Farblos","Farblos"],"damage":80}],"weaknesses":[{"type":"Elektro","value":"×2"}],"resistances":[{"type":"Kampf","value":"-20"}],"retreat":1,"legal":{"standard":false,"expanded":true}},{"category":"Pokémon","id":"bw7-94","illustrator":"Hiroki Asanuma","localId":"94","name":"Scherox","rarity":"Selten","set":{"cardCount":{"official":149,"total":153},"id":"bw7","name":"Überschrittene Schwellen","symbol":"https://assets.tcgdex.net/univ/bw/bw7/symbol"},"variants":{"firstEdition":false,"holo":true,"normal":true,"reverse":true,"wPromo":false},"dexId":[212],"hp":120,"types":["Metall"],"stage":"Rang 1","attacks":[{"cost":["Farblos","Farblos"],"damage":40},{"cost":["Metall","Farblos","Farblos"],"damage":100}],"weaknesses":[{"type":"Feuer","value":"×2"}],"resistances":[{"type":"Psycho","value":"-20"}],"retreat":2,"legal":{"standard":false,"expanded":true}},{"category":"Pokémon","id":"bw7-95","illustrator":"Masakazu Fukuda","localId":"95","name":"Panzaeron","rarity":"Ungewöhnlich","set":{"cardCount":{"official":149,"total":153},"id":"bw7","name":"Überschrittene Schwellen","symbol":"https://assets.tcgdex.net/univ/bw/bw7/symbol"},"variants":{"firstEdition":false,"holo":true,"normal":true,"reverse":true,"wPromo":false},"dexId":[227],"hp":80,"types":["Metall"],"stage":"Basis","attacks":[{"cost":["Metall"],"damage":20},{"cost":["Metall","Farblos","Farblos"],"damage":50}],"weaknesses":[{"type":"Feuer","value":"×2"}],"resistances":[{"type":"Psycho","value":"-20"}],"retreat":2,"legal":{"standard":false,"expanded":true}},{"category":"Pokémon","id":"bw7-96","illustrator":"Hajime Kusajima","localId":"96","name":"Panzaeron","rarity":"Ungewöhnlich","set":{"cardCount":{"official":149,"total":153},"id":"bw7","name":"Überschrittene Schwellen","symbol":"https://assets.tcgdex.net/univ/bw/bw7/symbol"},"variants":{"firstEdition":false,"holo":true,"normal":true,"reverse":true,"wPromo":false},"dexId":[227],"hp":100,"types":["Metall"],"stage":"Basis","attacks":[{"cost":["Metall"]},{"cost":["Farblos","Farblos","Farblos"],"damage":70}],"weaknesses":[{"type":"Feuer","value":"×2"}],"resistances":[{"type":"Psycho","value":"-20"}],"retreat":2,"legal":{"standard":false,"expanded":true}},{"category":"Pokémon","id":"bw7-97","illustrator":"MAHOU","localId":"97","name":"Klikk","rarity":"Ungewöhnlich","set":{"cardCount":{"official":149,"total":153},"id":"bw7","name":"Überschrittene Schwellen","symbol":"https://assets.tcgdex.net/univ/bw/bw7/symbol"},"variants":{"firstEdition":false,"holo":true,"normal":true,"reverse":true,"wPromo":false},"dexId":[599],"hp":40,"types":["Metall"],"stage":"Basis","attacks":[{"cost":["Metall","Farblos"],"damage":30}],"weaknesses":[{"type":"Feuer","value":"×2"}],"resistances":[{"type":"Psycho","value":"-20"}],"retreat":2,"legal":{"standard":false,"expanded":true}},{"category":"Pokémon","id":"bw7-98","illustrator":"Naoki Saito","localId":"98","name":"Vibrava","rarity":"Ungewöhnlich","set":{"cardCount":{"official":149,"total":153},"id":"bw7","name":"Überschrittene Schwellen","symbol":"https://assets.tcgdex.net/univ/bw/bw7/symbol"},"variants":{"firstEdition":false,"holo":true,"normal":true,"reverse":true,"wPromo":false},"dexId":[329],"hp":80,"types":["Drache"],"stage":"Rang 1","attacks":[{"cost":["Pflanze"],"damage":20},{"cost":["Kampf","Farblos","Farblos"],"damage":50}],"weaknesses":[{"type":"Drache","value":"×2"}],"retreat":1,"legal":{"standard":false,"expanded":true}},{"category":"Pokémon","id":"bw7-99","illustrator":"BERUBURI","localId":"99","name":"Libelldra","rarity":"Selten","set":{"cardCount":{"official":149,"total":153},"id":"bw7","name":"Überschrittene Schwellen","symbol":"https://assets.tcgdex.net/univ/bw/bw7/symbol"},"variants":{"firstEdition":false,"holo":true,"normal":true,"reverse":true,"wPromo":false},"dexId":[330],"hp":140,"types":["Drache"],"stage":"Rang 2","abilities":[{"type":"Fähigkeit","name":"Sandwucht","effect":"Ist dieses Pokémon dein Aktives Pokémon, lege zu einem beliebigen Zeitpunkt zwischen den Zügen 1 Schadensmarke auf jedes Pokémon deines Gegners."}],"attacks":[{"cost":["Pflanze","Kampf","Farblos","Farblos"],"damage":80}],"weaknesses":[{"type":"Drache","value":"×2"}],"retreat":1,"legal":{"standard":false,"expanded":true}},{"category":"Pokémon","id":"bw7-100","illustrator":"5ban Graphics","localId":"100","name":"Schwarzes Kyurem","rarity":"Selten","set":{"cardCount":{"official":149,"total":153},"id":"bw7","name":"Überschrittene Schwellen","symbol":"https://assets.tcgdex.net/univ/bw/bw7/symbol"},"variants":{"firstEdition":false,"holo":true,"normal":true,"reverse":true,"wPromo":false},"dexId":[646],"hp":130,"types":["Drache"],"stage":"Basis","attacks":[{"cost":["Elektro","Farblos"],"damage":20},{"cost":["Wasser","Elektro","Farblos","Farblos"],"damage":100}],"weaknesses":[{"type":"Drache","value":"×2"}],"retreat":2,"legal":{"standard":false,"expanded":true}},{"category":"Pokémon","id":"bw7-101","illustrator":"Eske Yoshinob","localId":"101","name":"Schwarzes Kyurem-EX","rarity":"Selten","set":{"cardCount":{"official":149,"total":153},"id":"bw7","name":"Überschrittene Schwellen","symbol":"https://assets.tcgdex.net/univ/bw/bw7/symbol"},"variants":{"firstEdition":false,"holo":true,"normal":true,"reverse":true,"wPromo":false},"dexId":[646],"hp":180,"types":["Drache"],"suffix":"EX","attacks":[{"cost":["Elektro","Farblos","Farblos"],"damage":60},{"cost":["Wasser","Elektro","Elektro","Farblos"],"damage":150}],"weaknesses":[{"type":"Drache","value":"×2"}],"retreat":3,"legal":{"standard":false,"expanded":true}},{"category":"Pokémon","id":"bw7-102","illustrator":"5ban Graphics","localId":"102","name":"Weißes Kyurem","rarity":"Selten","set":{"cardCount":{"official":149,"total":153},"id":"bw7","name":"Überschrittene Schwellen","symbol":"https://assets.tcgdex.net/univ/bw/bw7/symbol"},"variants":{"firstEdition":false,"holo":true,"normal":true,"reverse":true,"wPromo":false},"dexId":[646],"hp":130,"types":["Drache"],"stage":"Basis","attacks":[{"cost":["Feuer","Farblos"],"damage":20},{"cost":["Feuer","Wasser","Farblos","Farblos"],"damage":80}],"weaknesses":[{"type":"Drache","value":"×2"}],"retreat":2,"legal":{"standard":false,"expanded":true}},{"category":"Pokémon","id":"bw7-103","illustrator":"Eske Yoshinob","localId":"103","name":"Weißes Kyurem-EX","rarity":"Selten","set":{"cardCount":{"official":149,"total":153},"id":"bw7","name":"Überschrittene Schwellen","symbol":"https://assets.tcgdex.net/univ/bw/bw7/symbol"},"variants":{"firstEdition":false,"holo":true,"normal":true,"reverse":true,"wPromo":false},"dexId":[646],"hp":180,"types":["Drache"],"suffix":"EX","attacks":[{"cost":["Feuer","Farblos","Farblos"],"damage":60},{"cost":["Feuer","Feuer","Wasser","Farblos"],"damage":150}],"weaknesses":[{"type":"Drache","value":"×2"}],"retreat":3,"legal":{"standard":false,"expanded":true}},{"category":"Pokémon","id":"bw7-104","illustrator":"Yukiko Baba","localId":"104","name":"Rattfratz","rarity":"Häufig","set":{"cardCount":{"official":149,"total":153},"id":"bw7","name":"Überschrittene Schwellen","symbol":"https://assets.tcgdex.net/univ/bw/bw7/symbol"},"variants":{"firstEdition":false,"holo":true,"normal":true,"reverse":true,"wPromo":false},"dexId":[19],"hp":30,"types":["Farblos"],"stage":"Basis","attacks":[{"cost":["Farblos"]}],"weaknesses":[{"type":"Kampf","value":"×2"}],"retreat":1,"legal":{"standard":false,"expanded":true}},{"category":"Pokémon","id":"bw7-105","illustrator":"Naoki Saito","localId":"105","name":"Rattikarl","rarity":"Ungewöhnlich","set":{"cardCount":{"official":149,"total":153},"id":"bw7","name":"Überschrittene Schwellen","symbol":"https://assets.tcgdex.net/univ/bw/bw7/symbol"},"variants":{"firstEdition":false,"holo":true,"normal":true,"reverse":true,"wPromo":false},"dexId":[20],"hp":60,"types":["Farblos"],"stage":"Rang 1","attacks":[{"cost":["Farblos"]},{"cost":["Farblos","Farblos","Farblos"]}],"weaknesses":[{"type":"Kampf","value":"×2"}],"retreat":0,"legal":{"standard":false,"expanded":true}},{"category":"Pokémon","id":"bw7-106","illustrator":"Ken Sugimori","localId":"106","name":"Mauzi","rarity":"Häufig","set":{"cardCount":{"official":149,"total":153},"id":"bw7","name":"Überschrittene Schwellen","symbol":"https://assets.tcgdex.net/univ/bw/bw7/symbol"},"variants":{"firstEdition":false,"holo":true,"normal":true,"reverse":true,"wPromo":false},"dexId":[52],"hp":60,"types":["Farblos"],"stage":"Basis","attacks":[{"cost":["Farblos","Farblos"],"damage":20}],"weaknesses":[{"type":"Kampf","value":"×2"}],"retreat":1,"legal":{"standard":false,"expanded":true}},{"category":"Pokémon","id":"bw7-107","illustrator":"Ken Sugimori","localId":"107","name":"Porenta","rarity":"Ungewöhnlich","set":{"cardCount":{"official":149,"total":153},"id":"bw7","name":"Überschrittene Schwellen","symbol":"https://assets.tcgdex.net/univ/bw/bw7/symbol"},"variants":{"firstEdition":false,"holo":true,"normal":true,"reverse":true,"wPromo":false},"dexId":[83],"hp":60,"types":["Farblos"],"stage":"Basis","attacks":[{"cost":["Farblos","Farblos"],"damage":20}],"weaknesses":[{"type":"Elektro","value":"×2"}],"resistances":[{"type":"Kampf","value":"-20"}],"retreat":1,"legal":{"standard":false,"expanded":true}},{"category":"Pokémon","id":"bw7-108","illustrator":"HiRON","localId":"108","name":"Ditto","rarity":"Selten","set":{"cardCount":{"official":149,"total":153},"id":"bw7","name":"Überschrittene Schwellen","symbol":"https://assets.tcgdex.net/univ/bw/bw7/symbol"},"variants":{"firstEdition":false,"holo":true,"normal":true,"reverse":true,"wPromo":false},"dexId":[132],"hp":70,"types":["Farblos"],"stage":"Basis","abilities":[{"type":"Fähigkeit","name":"Wandler","effect":"Während deines Zuges (vor deinem Angriff) kannst du ein Basis-Pokémon aus deiner Hand auf dieses Pokémon legen. (Das zählt nicht als Spielen des gewählten Basis-Pokémon oder als Entwickeln deines Aktiven Pokémon.) Dieses Pokémon ist jetzt das gewählte Pokémon. (Alle an dieses Pokémon angelegten Karten sowie alle Schadensmarken, Speziellen Zustände, Spielzüge und alle anderen Effekte verbleiben auf dem neuen Pokémon.)"}],"weaknesses":[{"type":"Kampf","value":"×2"}],"retreat":1,"legal":{"standard":false,"expanded":true}},{"category":"Pokémon","id":"bw7-109","illustrator":"Ken Sugimori","localId":"109","name":"Relaxo","rarity":"Ungewöhnlich","set":{"cardCount":{"official":149,"total":153},"id":"bw7","name":"Überschrittene Schwellen","symbol":"https://assets.tcgdex.net/univ/bw/bw7/symbol"},"variants":{"firstEdition":false,"holo":true,"normal":true,"reverse":true,"wPromo":false},"dexId":[143],"hp":100,"types":["Farblos"],"stage":"Basis","attacks":[{"cost":["Farblos","Farblos","Farblos"],"damage":40},{"cost":["Farblos","Farblos","Farblos","Farblos"],"damage":60}],"weaknesses":[{"type":"Kampf","value":"×2"}],"retreat":4,"legal":{"standard":false,"expanded":true}},{"category":"Pokémon","id":"bw7-110","illustrator":"Ken Sugimori","localId":"110","name":"Togepi","rarity":"Häufig","set":{"cardCount":{"official":149,"total":153},"id":"bw7","name":"Überschrittene Schwellen","symbol":"https://assets.tcgdex.net/univ/bw/bw7/symbol"},"variants":{"firstEdition":false,"holo":true,"normal":true,"reverse":true,"wPromo":false},"dexId":[175],"hp":40,"types":["Farblos"],"stage":"Basis","attacks":[{"cost":["Farblos"],"damage":10}],"weaknesses":[{"type":"Kampf","value":"×2"}],"retreat":1,"legal":{"standard":false,"expanded":true}},{"category":"Pokémon","id":"bw7-111","illustrator":"Kagemaru Himeno","localId":"111","name":"Dummisel","rarity":"Häufig","set":{"cardCount":{"official":149,"total":153},"id":"bw7","name":"Überschrittene Schwellen","symbol":"https://assets.tcgdex.net/univ/bw/bw7/symbol"},"variants":{"firstEdition":false,"holo":true,"normal":true,"reverse":true,"wPromo":false},"dexId":[206],"hp":60,"types":["Farblos"],"stage":"Basis","attacks":[{"cost":["Farblos"]},{"cost":["Farblos"],"damage":10}],"weaknesses":[{"type":"Kampf","value":"×2"}],"retreat":0,"legal":{"standard":false,"expanded":true}},{"category":"Pokémon","id":"bw7-112","illustrator":"Ken Sugimori","localId":"112","name":"Schwalbini","rarity":"Häufig","set":{"cardCount":{"official":149,"total":153},"id":"bw7","name":"Überschrittene Schwellen","symbol":"https://assets.tcgdex.net/univ/bw/bw7/symbol"},"variants":{"firstEdition":false,"holo":true,"normal":true,"reverse":true,"wPromo":false},"dexId":[276],"hp":50,"types":["Farblos"],"stage":"Basis","attacks":[{"cost":["Farblos"],"damage":10}],"weaknesses":[{"type":"Elektro","value":"×2"}],"resistances":[{"type":"Kampf","value":"-20"}],"retreat":1,"legal":{"standard":false,"expanded":true}},{"category":"Pokémon","id":"bw7-113","illustrator":"sui","localId":"113","name":"Eneco","rarity":"Häufig","set":{"cardCount":{"official":149,"total":153},"id":"bw7","name":"Überschrittene Schwellen","symbol":"https://assets.tcgdex.net/univ/bw/bw7/symbol"},"variants":{"firstEdition":false,"holo":true,"normal":true,"reverse":true,"wPromo":false},"dexId":[300],"hp":60,"types":["Farblos"],"stage":"Basis","attacks":[{"cost":["Farblos"],"damage":10},{"cost":["Farblos","Farblos"],"damage":20}],"weaknesses":[{"type":"Kampf","value":"×2"}],"retreat":1,"legal":{"standard":false,"expanded":true}},{"category":"Pokémon","id":"bw7-114","illustrator":"Shin Nagasawa","localId":"114","name":"Enekoro","rarity":"Ungewöhnlich","set":{"cardCount":{"official":149,"total":153},"id":"bw7","name":"Überschrittene Schwellen","symbol":"https://assets.tcgdex.net/univ/bw/bw7/symbol"},"variants":{"firstEdition":false,"holo":true,"normal":true,"reverse":true,"wPromo":false},"dexId":[301],"hp":90,"types":["Farblos"],"stage":"Rang 1","attacks":[{"cost":["Farblos"],"damage":30},{"cost":["Farblos","Farblos"],"damage":30}],"weaknesses":[{"type":"Kampf","value":"×2"}],"retreat":1,"legal":{"standard":false,"expanded":true}},{"category":"Pokémon","id":"bw7-115","illustrator":"Ken Sugimori","localId":"115","name":"Pandir","rarity":"Häufig","set":{"cardCount":{"official":149,"total":153},"id":"bw7","name":"Überschrittene Schwellen","symbol":"https://assets.tcgdex.net/univ/bw/bw7/symbol"},"variants":{"firstEdition":false,"holo":true,"normal":true,"reverse":true,"wPromo":false},"dexId":[327],"hp":70,"types":["Farblos"],"stage":"Basis","attacks":[{"cost":["Farblos","Farblos"],"damage":30}],"weaknesses":[{"type":"Kampf","value":"×2"}],"retreat":1,"legal":{"standard":false,"expanded":true}},{"category":"Pokémon","id":"bw7-116","illustrator":"MAHOU","localId":"116","name":"Haspiror","rarity":"Häufig","set":{"cardCount":{"official":149,"total":153},"id":"bw7","name":"Überschrittene Schwellen","symbol":"https://assets.tcgdex.net/univ/bw/bw7/symbol"},"variants":{"firstEdition":false,"holo":true,"normal":true,"reverse":true,"wPromo":false},"dexId":[427],"hp":60,"types":["Farblos"],"stage":"Basis","attacks":[{"cost":["Farblos"],"damage":10},{"cost":["Farblos","Farblos"],"damage":20}],"weaknesses":[{"type":"Kampf","value":"×2"}],"retreat":1,"legal":{"standard":false,"expanded":true}},{"category":"Pokémon","id":"bw7-117","illustrator":"TOKIYA","localId":"117","name":"Schlapor","rarity":"Ungewöhnlich","set":{"cardCount":{"official":149,"total":153},"id":"bw7","name":"Überschrittene Schwellen","symbol":"https://assets.tcgdex.net/univ/bw/bw7/symbol"},"variants":{"firstEdition":false,"holo":true,"normal":true,"reverse":true,"wPromo":false},"dexId":[428],"hp":90,"types":["Farblos"],"stage":"Rang 1","attacks":[{"cost":["Farblos"]},{"cost":["Farblos","Farblos","Farblos"],"damage":60}],"weaknesses":[{"type":"Kampf","value":"×2"}],"retreat":1,"legal":{"standard":false,"expanded":true}},{"category":"Pokémon","id":"bw7-118","illustrator":"Atsuko Nishida","localId":"118","name":"Nagelotz","rarity":"Häufig","set":{"cardCount":{"official":149,"total":153},"id":"bw7","name":"Überschrittene Schwellen","symbol":"https://assets.tcgdex.net/univ/bw/bw7/symbol"},"variants":{"firstEdition":false,"holo":true,"normal":true,"reverse":true,"wPromo":false},"dexId":[504],"hp":60,"types":["Farblos"],"stage":"Basis","attacks":[{"cost":["Farblos"]}],"weaknesses":[{"type":"Kampf","value":"×2"}],"retreat":1,"legal":{"standard":false,"expanded":true}},{"category":"Pokémon","id":"bw7-119","illustrator":"Naoki Saito","localId":"119","name":"Kukmarda","rarity":"Ungewöhnlich","set":{"cardCount":{"official":149,"total":153},"id":"bw7","name":"Überschrittene Schwellen","symbol":"https://assets.tcgdex.net/univ/bw/bw7/symbol"},"variants":{"firstEdition":false,"holo":true,"normal":true,"reverse":true,"wPromo":false},"dexId":[505],"hp":90,"types":["Farblos"],"stage":"Rang 1","attacks":[{"cost":["Farblos"],"damage":20},{"cost":["Farblos","Farblos"],"damage":30}],"weaknesses":[{"type":"Kampf","value":"×2"}],"retreat":1,"legal":{"standard":false,"expanded":true}},{"category":"Pokémon","id":"bw7-120","illustrator":"Kagemaru Himeno","localId":"120","name":"Yorkleff","rarity":"Häufig","set":{"cardCount":{"official":149,"total":153},"id":"bw7","name":"Überschrittene Schwellen","symbol":"https://assets.tcgdex.net/univ/bw/bw7/symbol"},"variants":{"firstEdition":false,"holo":true,"normal":true,"reverse":true,"wPromo":false},"dexId":[506],"hp":60,"types":["Farblos"],"stage":"Basis","attacks":[{"cost":["Farblos"]},{"cost":["Farblos","Farblos"],"damage":20}],"weaknesses":[{"type":"Kampf","value":"×2"}],"retreat":1,"legal":{"standard":false,"expanded":true}},{"category":"Pokémon","id":"bw7-121","illustrator":"Masakazu Fukuda","localId":"121","name":"Terribark","rarity":"Ungewöhnlich","set":{"cardCount":{"official":149,"total":153},"id":"bw7","name":"Überschrittene Schwellen","symbol":"https://assets.tcgdex.net/univ/bw/bw7/symbol"},"variants":{"firstEdition":false,"holo":true,"normal":true,"reverse":true,"wPromo":false},"dexId":[507],"hp":80,"types":["Farblos"],"stage":"Rang 1","attacks":[{"cost":["Farblos"],"damage":20},{"cost":["Farblos","Farblos","Farblos"],"damage":60}],"weaknesses":[{"type":"Kampf","value":"×2"}],"retreat":1,"legal":{"standard":false,"expanded":true}},{"category":"Pokémon","id":"bw7-122","illustrator":"Shin Nagasawa","localId":"122","name":"Bissbark","rarity":"Selten","set":{"cardCount":{"official":149,"total":153},"id":"bw7","name":"Überschrittene Schwellen","symbol":"https://assets.tcgdex.net/univ/bw/bw7/symbol"},"variants":{"firstEdition":false,"holo":true,"normal":true,"reverse":true,"wPromo":false},"dexId":[508],"hp":140,"types":["Farblos"],"stage":"Rang 2","abilities":[{"type":"Fähigkeit","name":"Wächter","effect":"Solang dieses Pokémon dein Aktives Pokémon ist, kann dein Gegner keine Unterstützerkarten von seiner Hand spielen."}],"attacks":[{"cost":["Farblos","Farblos","Farblos"],"damage":90}],"weaknesses":[{"type":"Kampf","value":"×2"}],"retreat":3,"legal":{"standard":false,"expanded":true}},{"category":"Pokémon","id":"bw7-123","illustrator":"Tomokazu Komiya","localId":"123","name":"Dusselgurr","rarity":"Häufig","set":{"cardCount":{"official":149,"total":153},"id":"bw7","name":"Überschrittene Schwellen","symbol":"https://assets.tcgdex.net/univ/bw/bw7/symbol"},"variants":{"firstEdition":false,"holo":true,"normal":true,"reverse":true,"wPromo":false},"dexId":[519],"hp":60,"types":["Farblos"],"stage":"Basis","attacks":[{"cost":["Farblos","Farblos"],"damage":30}],"weaknesses":[{"type":"Elektro","value":"×2"}],"resistances":[{"type":"Kampf","value":"-20"}],"retreat":1,"legal":{"standard":false,"expanded":true}},{"category":"Pokémon","id":"bw7-124","illustrator":"Kanako Eo","localId":"124","name":"Navitaub","rarity":"Ungewöhnlich","set":{"cardCount":{"official":149,"total":153},"id":"bw7","name":"Überschrittene Schwellen","symbol":"https://assets.tcgdex.net/univ/bw/bw7/symbol"},"variants":{"firstEdition":false,"holo":true,"normal":true,"reverse":true,"wPromo":false},"dexId":[520],"hp":80,"types":["Farblos"],"stage":"Rang 1","attacks":[{"cost":["Farblos","Farblos","Farblos"],"damage":60}],"weaknesses":[{"type":"Elektro","value":"×2"}],"resistances":[{"type":"Kampf","value":"-20"}],"retreat":1,"legal":{"standard":false,"expanded":true}},{"category":"Pokémon","id":"bw7-125","illustrator":"Hajime Kusajima","localId":"125","name":"Fasasnob","rarity":"Selten","set":{"cardCount":{"official":149,"total":153},"id":"bw7","name":"Überschrittene Schwellen","symbol":"https://assets.tcgdex.net/univ/bw/bw7/symbol"},"variants":{"firstEdition":false,"holo":true,"normal":true,"reverse":true,"wPromo":false},"dexId":[521],"hp":130,"types":["Farblos"],"stage":"Rang 2","attacks":[{"cost":["Farblos","Farblos"],"damage":40},{"cost":["Farblos","Farblos","Farblos"],"damage":80}],"weaknesses":[{"type":"Elektro","value":"×2"}],"resistances":[{"type":"Kampf","value":"-20"}],"retreat":1,"legal":{"standard":false,"expanded":true}},{"category":"Pokémon","id":"bw7-126","illustrator":"Mitsuhiro Arita","localId":"126","name":"Ohrdoch","rarity":"Selten","set":{"cardCount":{"official":149,"total":153},"id":"bw7","name":"Überschrittene Schwellen","symbol":"https://assets.tcgdex.net/univ/bw/bw7/symbol"},"variants":{"firstEdition":false,"holo":true,"normal":true,"reverse":true,"wPromo":false},"dexId":[531],"hp":80,"types":["Farblos"],"stage":"Basis","abilities":[{"type":"Fähigkeit","name":"Prahlhans","effect":"Einmal während deines Zuges (vor deinem Angriff) kannst du dieses Pokémon auf deinen Ablagestapel legen, falls es auf deiner Hand ist. Wenn du das machst, heile 10 Schadenspunkte und entferne 1 Speziellen Zustand bei deinem Aktiven Pokémon."}],"attacks":[{"cost":["Farblos","Farblos"],"damage":30}],"weaknesses":[{"type":"Kampf","value":"×2"}],"retreat":2,"legal":{"standard":false,"expanded":true}},{"category":"Trainer","id":"bw7-127","illustrator":"Ryo Ueda","localId":"127","name":"Eventura City-Arena","rarity":"Ungewöhnlich","set":{"cardCount":{"official":149,"total":153},"id":"bw7","name":"Überschrittene Schwellen","symbol":"https://assets.tcgdex.net/univ/bw/bw7/symbol"},"variants":{"firstEdition":false,"holo":true,"normal":true,"reverse":true,"wPromo":false},"effect":"Jedes Colorless-Pokémon im Spiel (deine und die deines Gegners) erhält +20 KP.","trainerType":"Stadionkarte","legal":{"standard":false,"expanded":true}},{"category":"Trainer","id":"bw7-128","illustrator":"Ryo Ueda","localId":"128","name":"Energiesuche","rarity":"Häufig","set":{"cardCount":{"official":149,"total":153},"id":"bw7","name":"Überschrittene Schwellen","symbol":"https://assets.tcgdex.net/univ/bw/bw7/symbol"},"variants":{"firstEdition":false,"holo":true,"normal":true,"reverse":true,"wPromo":false},"effect":"Durchsuche dein Deck nach 1 Basis-Energiekarte, zeige sie deinem Gegner und nimm sie auf deine Hand. Mische anschließend dein Deck.","trainerType":"Itemkarte","legal":{"standard":false,"expanded":true}},{"category":"Trainer","id":"bw7-129","illustrator":"5ban Graphics","localId":"129","name":"Superball","rarity":"Ungewöhnlich","set":{"cardCount":{"official":149,"total":153},"id":"bw7","name":"Überschrittene Schwellen","symbol":"https://assets.tcgdex.net/univ/bw/bw7/symbol"},"variants":{"firstEdition":false,"holo":true,"normal":true,"reverse":true,"wPromo":false},"effect":"Schau dir die obersten 7 Karten deines Decks an. Du kannst 1 Pokémon, das du dort gefunden hast, deinem Gegner zeigen und es auf deine Hand nehmen. Mische die anderen Karten zurück in dein Deck.","trainerType":"Itemkarte","legal":{"standard":false,"expanded":true}},{"category":"Trainer","id":"bw7-130","illustrator":"Yusuke Ohmura","localId":"130","name":"Matisse","rarity":"Ungewöhnlich","set":{"cardCount":{"official":149,"total":153},"id":"bw7","name":"Überschrittene Schwellen","symbol":"https://assets.tcgdex.net/univ/bw/bw7/symbol"},"variants":{"firstEdition":false,"holo":true,"normal":true,"reverse":true,"wPromo":false},"effect":"Jeder Spieler muss so viele Karten ziehen oder ablegen, bis er 5 Karten auf der Hand hat. (Dein Gegner beginnt.)","trainerType":"Unterstützerkarte","legal":{"standard":false,"expanded":true}},{"category":"Trainer","id":"bw7-131","illustrator":"Yuri Umemura","localId":"131","name":"Pokéball","rarity":"Häufig","set":{"cardCount":{"official":149,"total":153},"id":"bw7","name":"Überschrittene Schwellen","symbol":"https://assets.tcgdex.net/univ/bw/bw7/symbol"},"variants":{"firstEdition":false,"holo":true,"normal":true,"reverse":true,"wPromo":false},"effect":"Wirf 1 Münze. Durchsuche bei „Kopf“ dein Deck nach 1 Pokémon, zeige es deinem Gegner und nimm es auf deine Hand. Mische anschließend dein Deck.","trainerType":"Itemkarte","legal":{"standard":false,"expanded":true}},{"category":"Trainer","id":"bw7-132","illustrator":"Ayaka Yoshida","localId":"132","name":"Trank","rarity":"Häufig","set":{"cardCount":{"official":149,"total":153},"id":"bw7","name":"Überschrittene Schwellen","symbol":"https://assets.tcgdex.net/univ/bw/bw7/symbol"},"variants":{"firstEdition":false,"holo":true,"normal":true,"reverse":true,"wPromo":false},"effect":"Heile 30 Schadenspunkte bei 1 deiner Pokémon.","trainerType":"Itemkarte","legal":{"standard":false,"expanded":true}},{"category":"Trainer","id":"bw7-133","illustrator":"Ryo Ueda","localId":"133","name":"Beulenhelm","rarity":"Ungewöhnlich","set":{"cardCount":{"official":149,"total":153},"id":"bw7","name":"Überschrittene Schwellen","symbol":"https://assets.tcgdex.net/univ/bw/bw7/symbol"},"variants":{"firstEdition":false,"holo":true,"normal":true,"reverse":true,"wPromo":false},"effect":"Wenn das Pokémon, an dem diese Karte angelegt ist, dein Aktives Pokémon ist und es durch einen gegnerischen Angriff Schaden erhält (auch wenn dieses Pokémon dadurch kampfunfähig wird), lege 2 Schadensmarken auf das Angreifende Pokémon.","trainerType":"Pokémon-Ausrüstung","legal":{"standard":false,"expanded":true}},{"category":"Trainer","id":"bw7-134","illustrator":"Yusuke Ohmura","localId":"134","name":"Géraldine","rarity":"Ungewöhnlich","set":{"cardCount":{"official":149,"total":153},"id":"bw7","name":"Überschrittene Schwellen","symbol":"https://assets.tcgdex.net/univ/bw/bw7/symbol"},"variants":{"firstEdition":false,"holo":true,"normal":true,"reverse":true,"wPromo":false},"effect":"Durchsuche dein Deck nach 1 Trainerkarte, zeige sie deinem Gegner und nimm sie auf deine Hand. Mische anschließend dein Deck.","trainerType":"Unterstützerkarte","legal":{"standard":false,"expanded":true}},{"category":"Trainer","id":"bw7-135","illustrator":"Ayaka Yoshida","localId":"135","name":"Tausch","rarity":"Häufig","set":{"cardCount":{"official":149,"total":153},"id":"bw7","name":"Überschrittene Schwellen","symbol":"https://assets.tcgdex.net/univ/bw/bw7/symbol"},"variants":{"firstEdition":false,"holo":true,"normal":true,"reverse":true,"wPromo":false},"effect":"Tausche dein Aktives Pokémon gegen 1 Pokémon auf deiner Bank aus.","trainerType":"Itemkarte","legal":{"standard":false,"expanded":true}},{"category":"Trainer","id":"bw7-136","illustrator":"Toyste Beach","localId":"136","name":"Karte","rarity":"Ungewöhnlich","set":{"cardCount":{"official":149,"total":153},"id":"bw7","name":"Überschrittene Schwellen","symbol":"https://assets.tcgdex.net/univ/bw/bw7/symbol"},"variants":{"firstEdition":false,"holo":true,"normal":true,"reverse":true,"wPromo":false},"effect":"Decke all deine Preiskarten auf. (Diese Preiskarten bleiben für den Rest des Spiels aufgedeckt.)","trainerType":"Itemkarte","legal":{"standard":false,"expanded":true}},{"category":"Trainer","id":"bw7-137","illustrator":"Ryo Ueda","localId":"137","name":"Computersuche","rarity":"Selten","set":{"cardCount":{"official":149,"total":153},"id":"bw7","name":"Überschrittene Schwellen","symbol":"https://assets.tcgdex.net/univ/bw/bw7/symbol"},"variants":{"firstEdition":false,"holo":true,"normal":true,"reverse":true,"wPromo":false},"effect":"Lege 2 Karten von deiner Hand auf deinen Ablagestapel. (Wenn du keine 2 Karten auf deinen Ablagestapel legen kannst, kannst du diese Karte nicht spielen.) Durchsuche dein Deck nach 1 Karte und nimm sie auf deine Hand. Mische anschließend dein Deck.","trainerType":"Itemkarte","legal":{"standard":false,"expanded":true}},{"category":"Trainer","id":"bw7-138","illustrator":"5ban Graphics","localId":"138","name":"Kristallklinge","rarity":"Selten","set":{"cardCount":{"official":149,"total":153},"id":"bw7","name":"Überschrittene Schwellen","symbol":"https://assets.tcgdex.net/univ/bw/bw7/symbol"},"variants":{"firstEdition":false,"holo":true,"normal":true,"reverse":true,"wPromo":false},"effect":"Wenn diese Karte an ein Weißes Kyurem-EX angelegt ist, fügen alle seine Angriffe den Aktiven Pokémon 50 weitere Schadenspunkte zu (bevor Schwäche und Resistenz verrechnet werden).","trainerType":"Pokémon-Ausrüstung","legal":{"standard":false,"expanded":true}},{"category":"Trainer","id":"bw7-139","illustrator":"5ban Graphics","localId":"139","name":"Kristallschild","rarity":"Selten","set":{"cardCount":{"official":149,"total":153},"id":"bw7","name":"Überschrittene Schwellen","symbol":"https://assets.tcgdex.net/univ/bw/bw7/symbol"},"variants":{"firstEdition":false,"holo":true,"normal":true,"reverse":true,"wPromo":false},"effect":"Wenn diese Karte an ein Schwarzes Kyurem-EX angelegt ist, verfügt es über 300 Grund-KP.","trainerType":"Pokémon-Ausrüstung","legal":{"standard":false,"expanded":true}},{"category":"Trainer","id":"bw7-140","illustrator":"Ryo Ueda","localId":"140","name":"Goldtrank","rarity":"Selten","set":{"cardCount":{"official":149,"total":153},"id":"bw7","name":"Überschrittene Schwellen","symbol":"https://assets.tcgdex.net/univ/bw/bw7/symbol"},"variants":{"firstEdition":false,"holo":true,"normal":true,"reverse":true,"wPromo":false},"effect":"Heile 90 Schadenspunkte bei deinem Aktiven Pokémon.","trainerType":"Itemkarte","legal":{"standard":false,"expanded":true}},{"category":"Pokémon","id":"bw7-141","illustrator":"5ban Graphics","localId":"141","name":"Celebi-EX","rarity":"Ultra Selten","set":{"cardCount":{"official":149,"total":153},"id":"bw7","name":"Überschrittene Schwellen","symbol":"https://assets.tcgdex.net/univ/bw/bw7/symbol"},"variants":{"firstEdition":false,"holo":true,"normal":true,"reverse":true,"wPromo":false},"dexId":[251],"hp":110,"types":["Pflanze"],"suffix":"EX","abilities":[{"type":"Fähigkeit","name":"Zeitraffer","effect":"Jedes deiner entwickelten Pokémon kann die Angriffe aus vorangegangenen Entwicklungsstufen verwenden. (Du benötigst dazu die für jeden der Angriffe erforderlichen Energien.)"}],"attacks":[{"cost":["Pflanze","Farblos","Farblos"],"damage":60}],"weaknesses":[{"type":"Feuer","value":"×2"}],"resistances":[{"type":"Wasser","value":"-20"}],"retreat":1,"legal":{"standard":false,"expanded":true}},{"category":"Pokémon","id":"bw7-142","illustrator":"5ban Graphics","localId":"142","name":"Keldeo-EX","rarity":"Ultra Selten","set":{"cardCount":{"official":149,"total":153},"id":"bw7","name":"Überschrittene Schwellen","symbol":"https://assets.tcgdex.net/univ/bw/bw7/symbol"},"variants":{"firstEdition":false,"holo":true,"normal":true,"reverse":true,"wPromo":false},"dexId":[647],"hp":170,"types":["Wasser"],"suffix":"EX","abilities":[{"type":"Fähigkeit","name":"Hineinstürmen","effect":"Einmal während deines Zuges (vor deinem Angriff) kannst du, wenn sich dieses Pokémon auf deiner Bank befindet, dieses Pokémon gegen dein Aktives Pokémon austauschen."}],"attacks":[{"cost":["Farblos","Farblos","Farblos"],"damage":50}],"weaknesses":[{"type":"Pflanze","value":"×2"}],"retreat":2,"legal":{"standard":false,"expanded":true}},{"category":"Pokémon","id":"bw7-143","illustrator":"5ban Graphics","localId":"143","name":"Cresselia-EX","rarity":"Ultra Selten","set":{"cardCount":{"official":149,"total":153},"id":"bw7","name":"Überschrittene Schwellen","symbol":"https://assets.tcgdex.net/univ/bw/bw7/symbol"},"variants":{"firstEdition":false,"holo":true,"normal":true,"reverse":true,"wPromo":false},"dexId":[488],"hp":170,"types":["Psycho"],"suffix":"EX","abilities":[{"type":"Fähigkeit","name":"Glitzerteilchen","effect":"Heile zu einem beliebigen Zeitpunkt zwischen den Zügen 10 Schadenspunkte bei diesem Pokémon."}],"attacks":[{"cost":["Psycho","Farblos","Farblos","Farblos"],"damage":90}],"weaknesses":[{"type":"Psycho","value":"×2"}],"retreat":1,"legal":{"standard":false,"expanded":true}},{"category":"Pokémon","id":"bw7-144","illustrator":"5ban Graphics","localId":"144","name":"Demeteros-EX","rarity":"Ultra Selten","set":{"cardCount":{"official":149,"total":153},"id":"bw7","name":"Überschrittene Schwellen","symbol":"https://assets.tcgdex.net/univ/bw/bw7/symbol"},"variants":{"firstEdition":false,"holo":true,"normal":true,"reverse":true,"wPromo":false},"dexId":[645],"hp":180,"types":["Kampf"],"suffix":"EX","attacks":[{"cost":["Kampf"],"damage":30},{"cost":["Kampf","Kampf","Farblos"],"damage":80}],"weaknesses":[{"type":"Wasser","value":"×2"}],"resistances":[{"type":"Elektro","value":"-20"}],"retreat":3,"legal":{"standard":false,"expanded":true}},{"category":"Pokémon","id":"bw7-145","illustrator":"5ban Graphics","localId":"145","name":"Schwarzes Kyurem-EX","rarity":"Ultra Selten","set":{"cardCount":{"official":149,"total":153},"id":"bw7","name":"Überschrittene Schwellen","symbol":"https://assets.tcgdex.net/univ/bw/bw7/symbol"},"variants":{"firstEdition":false,"holo":true,"normal":true,"reverse":true,"wPromo":false},"dexId":[646],"hp":180,"types":["Drache"],"suffix":"EX","attacks":[{"cost":["Elektro","Farblos","Farblos"],"damage":60},{"cost":["Wasser","Elektro","Elektro","Farblos"],"damage":150}],"weaknesses":[{"type":"Drache","value":"×2"}],"retreat":3,"legal":{"standard":false,"expanded":true}},{"category":"Pokémon","id":"bw7-146","illustrator":"5ban Graphics","localId":"146","name":"Weißes Kyurem-EX","rarity":"Ultra Selten","set":{"cardCount":{"official":149,"total":153},"id":"bw7","name":"Überschrittene Schwellen","symbol":"https://assets.tcgdex.net/univ/bw/bw7/symbol"},"variants":{"firstEdition":false,"holo":true,"normal":true,"reverse":true,"wPromo":false},"dexId":[646],"hp":180,"types":["Drache"],"suffix":"EX","attacks":[{"cost":["Feuer","Farblos","Farblos"],"damage":60},{"cost":["Feuer","Feuer","Wasser","Farblos"],"damage":150}],"weaknesses":[{"type":"Drache","value":"×2"}],"retreat":3,"legal":{"standard":false,"expanded":true}},{"category":"Trainer","id":"bw7-147","illustrator":"Megumi Mizutani","localId":"147","name":"Bell","rarity":"Ultra Selten","set":{"cardCount":{"official":149,"total":153},"id":"bw7","name":"Überschrittene Schwellen","symbol":"https://assets.tcgdex.net/univ/bw/bw7/symbol"},"variants":{"firstEdition":false,"holo":true,"normal":true,"reverse":true,"wPromo":false},"effect":"Ziehe so viele Karten, bis du 6 Karten auf der Hand hast.","trainerType":"Unterstützerkarte","legal":{"standard":false,"expanded":true}},{"category":"Trainer","id":"bw7-148","illustrator":"Megumi Mizutani","localId":"148","name":"Cheren","rarity":"Ultra Selten","set":{"cardCount":{"official":149,"total":153},"id":"bw7","name":"Überschrittene Schwellen","symbol":"https://assets.tcgdex.net/univ/bw/bw7/symbol"},"variants":{"firstEdition":false,"holo":true,"normal":true,"reverse":true,"wPromo":false},"effect":"Ziehe 3 Karten.","trainerType":"Unterstützerkarte","legal":{"standard":false,"expanded":true}},{"category":"Trainer","id":"bw7-149","illustrator":"Kanako Eo","localId":"149","name":"Géraldine","rarity":"Ultra Selten","set":{"cardCount":{"official":149,"total":153},"id":"bw7","name":"Überschrittene Schwellen","symbol":"https://assets.tcgdex.net/univ/bw/bw7/symbol"},"variants":{"firstEdition":false,"holo":true,"normal":true,"reverse":true,"wPromo":false},"effect":"Durchsuche dein Deck nach 1 Trainerkarte, zeige sie deinem Gegner und nimm sie auf deine Hand. Mische anschließend dein Deck.","trainerType":"Unterstützerkarte","legal":{"standard":false,"expanded":true}},{"category":"Pokémon","id":"bw7-150","illustrator":"5ban Graphics","localId":"150","name":"Golgantes","rarity":"Versteckt Selten","set":{"cardCount":{"official":149,"total":153},"id":"bw7","name":"Überschrittene Schwellen","symbol":"https://assets.tcgdex.net/univ/bw/bw7/symbol"},"variants":{"firstEdition":false,"holo":true,"normal":true,"reverse":true,"wPromo":false},"dexId":[623],"hp":130,"types":["Psycho"],"stage":"Rang 1","attacks":[{"cost":["Psycho","Farblos","Farblos"],"damage":60},{"cost":["Psycho","Psycho","Farblos","Farblos"],"damage":90}],"weaknesses":[{"type":"Unlicht","value":"×2"}],"retreat":4,"legal":{"standard":false,"expanded":true}},{"category":"Pokémon","id":"bw7-151","illustrator":"5ban Graphics","localId":"151","name":"Terrakium","rarity":"Versteckt Selten","set":{"cardCount":{"official":149,"total":153},"id":"bw7","name":"Überschrittene Schwellen","symbol":"https://assets.tcgdex.net/univ/bw/bw7/symbol"},"variants":{"firstEdition":false,"holo":true,"normal":true,"reverse":true,"wPromo":false},"dexId":[639],"hp":130,"types":["Kampf"],"stage":"Basis","attacks":[{"cost":["Kampf","Farblos"],"damage":30},{"cost":["Kampf","Kampf","Farblos"],"damage":90}],"weaknesses":[{"type":"Pflanze","value":"×2"}],"retreat":4,"legal":{"standard":false,"expanded":true}},{"category":"Pokémon","id":"bw7-152","illustrator":"5ban Graphics","localId":"152","name":"Altaria","rarity":"Versteckt Selten","set":{"cardCount":{"official":149,"total":153},"id":"bw7","name":"Überschrittene Schwellen","symbol":"https://assets.tcgdex.net/univ/bw/bw7/symbol"},"variants":{"firstEdition":false,"holo":true,"normal":true,"reverse":true,"wPromo":false},"dexId":[334],"hp":70,"types":["Drache"],"stage":"Rang 1","abilities":[{"type":"Fähigkeit","name":"Angriffsarie","effect":"Die Angriffe deiner Dragon-Pokémon fügen den Aktiven Pokémon 20 weitere Schadenspunkte zu (bevor Schwäche und Resistenz verrechnet werden)."}],"attacks":[{"cost":["Wasser","Metall","Farblos"],"damage":40}],"weaknesses":[{"type":"Drache","value":"×2"}],"retreat":1,"legal":{"standard":false,"expanded":true}},{"category":"Trainer","id":"bw7-153","illustrator":"Ryo Ueda","localId":"153","name":"Beulenhelm","rarity":"Versteckt Selten","set":{"cardCount":{"official":149,"total":153},"id":"bw7","name":"Überschrittene Schwellen","symbol":"https://assets.tcgdex.net/univ/bw/bw7/symbol"},"variants":{"firstEdition":false,"holo":true,"normal":true,"reverse":true,"wPromo":false},"effect":"Wenn das Pokémon, an dem diese Karte angelegt ist, dein Aktives Pokémon ist und es durch einen gegnerischen Angriff Schaden erhält (auch wenn dieses Pokémon dadurch kampfunfähig wird), lege 2 Schadensmarken auf das Angreifende Pokémon,","trainerType":"Pokémon-Ausrüstung","legal":{"standard":false,"expanded":true}}]