[{"category":"Pokémon","id":"bw8-1","illustrator":"Kouki Saitou","localId":"1","name":"Chelast","rarity":"Häufig","set":{"cardCount":{"official":135,"total":138},"id":"bw8","name":"Plasma-Sturm","symbol":"https://assets.tcgdex.net/univ/bw/bw8/symbol"},"variants":{"firstEdition":false,"holo":true,"normal":true,"reverse":true,"wPromo":false},"dexId":[387],"hp":70,"types":["Pflanze"],"stage":"Basis","attacks":[{"cost":["Farblos"]},{"cost":["Pflanze","Farblos","Farblos"],"damage":30}],"weaknesses":[{"type":"Feuer","value":"×2"}],"resistances":[{"type":"Wasser","value":"-20"}],"retreat":2,"legal":{"standard":false,"expanded":true}},{"category":"Pokémon","id":"bw8-2","illustrator":"Sumiyoshi Kizuki","localId":"2","name":"Chelcarain","rarity":"Ungewöhnlich","set":{"cardCount":{"official":135,"total":138},"id":"bw8","name":"Plasma-Sturm","symbol":"https://assets.tcgdex.net/univ/bw/bw8/symbol"},"variants":{"firstEdition":false,"holo":true,"normal":true,"reverse":true,"wPromo":false},"dexId":[388],"hp":100,"types":["Pflanze"],"stage":"Rang 1","attacks":[{"cost":["Pflanze","Farblos","Farblos"],"damage":40}],"weaknesses":[{"type":"Feuer","value":"×2"}],"resistances":[{"type":"Wasser","value":"-20"}],"retreat":3,"legal":{"standard":false,"expanded":true}},{"category":"Pokémon","id":"bw8-3","illustrator":"5ban Graphics","localId":"3","name":"Chelterrar","rarity":"Selten","set":{"cardCount":{"official":135,"total":138},"id":"bw8","name":"Plasma-Sturm","symbol":"https://assets.tcgdex.net/univ/bw/bw8/symbol"},"variants":{"firstEdition":false,"holo":true,"normal":true,"reverse":true,"wPromo":false},"dexId":[389],"hp":150,"types":["Pflanze"],"stage":"Rang 2","attacks":[{"cost":["Pflanze","Farblos","Farblos"],"damage":60},{"cost":["Pflanze","Farblos","Farblos","Farblos"],"damage":80}],"weaknesses":[{"type":"Feuer","value":"×2"}],"resistances":[{"type":"Wasser","value":"-20"}],"retreat":4,"legal":{"standard":false,"expanded":true}},{"category":"Pokémon","id":"bw8-4","illustrator":"Yukiko Baba","localId":"4","name":"Wadribie","rarity":"Häufig","set":{"cardCount":{"official":135,"total":138},"id":"bw8","name":"Plasma-Sturm","symbol":"https://assets.tcgdex.net/univ/bw/bw8/symbol"},"variants":{"firstEdition":false,"holo":true,"normal":true,"reverse":true,"wPromo":false},"dexId":[415],"hp":30,"types":["Pflanze"],"stage":"Basis","attacks":[{"cost":["Pflanze"],"damage":30}],"weaknesses":[{"type":"Feuer","value":"×2"}],"retreat":1,"legal":{"standard":false,"expanded":true}},{"category":"Pokémon","id":"bw8-5","illustrator":"Hajime Kusajima","localId":"5","name":"Honweisel","rarity":"Selten","set":{"cardCount":{"official":135,"total":138},"id":"bw8","name":"Plasma-Sturm","symbol":"https://assets.tcgdex.net/univ/bw/bw8/symbol"},"variants":{"firstEdition":false,"holo":true,"normal":true,"reverse":true,"wPromo":false},"dexId":[416],"hp":100,"types":["Pflanze"],"stage":"Rang 1","attacks":[{"cost":["Pflanze"]},{"cost":["Pflanze","Farblos"],"damage":20}],"weaknesses":[{"type":"Feuer","value":"×2"}],"retreat":1,"legal":{"standard":false,"expanded":true}},{"category":"Pokémon","id":"bw8-6","illustrator":"sui","localId":"6","name":"Kikugi","rarity":"Häufig","set":{"cardCount":{"official":135,"total":138},"id":"bw8","name":"Plasma-Sturm","symbol":"https://assets.tcgdex.net/univ/bw/bw8/symbol"},"variants":{"firstEdition":false,"holo":true,"normal":true,"reverse":true,"wPromo":false},"dexId":[420],"hp":40,"types":["Pflanze"],"stage":"Basis","attacks":[{"cost":["Pflanze"],"damage":10}],"weaknesses":[{"type":"Feuer","value":"×2"}],"resistances":[{"type":"Wasser","value":"-20"}],"retreat":1,"legal":{"standard":false,"expanded":true}},{"category":"Pokémon","id":"bw8-7","illustrator":"Kagemaru Himeno","localId":"7","name":"Kinoso","rarity":"Selten","set":{"cardCount":{"official":135,"total":138},"id":"bw8","name":"Plasma-Sturm","symbol":"https://assets.tcgdex.net/univ/bw/bw8/symbol"},"variants":{"firstEdition":false,"holo":true,"normal":true,"reverse":true,"wPromo":false},"dexId":[421],"hp":70,"types":["Pflanze"],"stage":"Rang 1","abilities":[{"type":"Fähigkeit","name":"Gut-Wetter-Heilung","effect":"Einmal während deines Zuges (vor deinem Angriff) kannst du 20 Schadenspunkte bei 1 deiner Pokémon heilen, an das Grass-Energie angelegt ist."}],"attacks":[{"cost":["Pflanze","Farblos"],"damage":20}],"weaknesses":[{"type":"Feuer","value":"×2"}],"resistances":[{"type":"Wasser","value":"-20"}],"retreat":1,"legal":{"standard":false,"expanded":true}},{"category":"Pokémon","id":"bw8-8","illustrator":"Atsuko Nishida","localId":"8","name":"Strawickl","rarity":"Häufig","set":{"cardCount":{"official":135,"total":138},"id":"bw8","name":"Plasma-Sturm","symbol":"https://assets.tcgdex.net/univ/bw/bw8/symbol"},"variants":{"firstEdition":false,"holo":true,"normal":true,"reverse":true,"wPromo":false},"dexId":[540],"hp":40,"types":["Pflanze"],"stage":"Basis","attacks":[{"cost":["Pflanze"],"damage":20}],"weaknesses":[{"type":"Feuer","value":"×2"}],"retreat":1,"legal":{"standard":false,"expanded":true}},{"category":"Pokémon","id":"bw8-9","illustrator":"Kyoko Umemoto","localId":"9","name":"Folikon","rarity":"Ungewöhnlich","set":{"cardCount":{"official":135,"total":138},"id":"bw8","name":"Plasma-Sturm","symbol":"https://assets.tcgdex.net/univ/bw/bw8/symbol"},"variants":{"firstEdition":false,"holo":true,"normal":true,"reverse":true,"wPromo":false},"dexId":[541],"hp":80,"types":["Pflanze"],"stage":"Rang 1","attacks":[{"cost":["Pflanze"]},{"cost":["Farblos","Farblos"],"damage":40}],"weaknesses":[{"type":"Feuer","value":"×2"}],"retreat":2,"legal":{"standard":false,"expanded":true}},{"category":"Pokémon","id":"bw8-10","illustrator":"Mitsuhiro Arita","localId":"10","name":"Matrifol","rarity":"Selten","set":{"cardCount":{"official":135,"total":138},"id":"bw8","name":"Plasma-Sturm","symbol":"https://assets.tcgdex.net/univ/bw/bw8/symbol"},"variants":{"firstEdition":false,"holo":true,"normal":true,"reverse":true,"wPromo":false},"dexId":[542],"hp":140,"types":["Pflanze"],"stage":"Rang 2","attacks":[{"cost":["Farblos","Farblos"],"damage":30},{"cost":["Pflanze","Pflanze","Farblos"],"damage":70}],"weaknesses":[{"type":"Feuer","value":"×2"}],"retreat":2,"legal":{"standard":false,"expanded":true}},{"category":"Pokémon","id":"bw8-11","illustrator":"Shigenori Negishi","localId":"11","name":"Maracamba","rarity":"Ungewöhnlich","set":{"cardCount":{"official":135,"total":138},"id":"bw8","name":"Plasma-Sturm","symbol":"https://assets.tcgdex.net/univ/bw/bw8/symbol"},"variants":{"firstEdition":false,"holo":true,"normal":true,"reverse":true,"wPromo":false},"dexId":[556],"hp":90,"types":["Pflanze"],"stage":"Basis","attacks":[{"cost":["Pflanze"],"damage":10},{"cost":["Pflanze","Farblos"],"damage":20}],"weaknesses":[{"type":"Feuer","value":"×2"}],"resistances":[{"type":"Wasser","value":"-20"}],"retreat":1,"legal":{"standard":false,"expanded":true}},{"category":"Pokémon","id":"bw8-12","illustrator":"Mitsuhiro Arita","localId":"12","name":"Tarnpignon","rarity":"Häufig","set":{"cardCount":{"official":135,"total":138},"id":"bw8","name":"Plasma-Sturm","symbol":"https://assets.tcgdex.net/univ/bw/bw8/symbol"},"variants":{"firstEdition":false,"holo":true,"normal":true,"reverse":true,"wPromo":false},"dexId":[590],"hp":40,"types":["Pflanze"],"stage":"Basis","attacks":[{"cost":["Farblos"]}],"weaknesses":[{"type":"Feuer","value":"×2"}],"resistances":[{"type":"Wasser","value":"-20"}],"retreat":1,"legal":{"standard":false,"expanded":true}},{"category":"Pokémon","id":"bw8-13","illustrator":"5ban Graphics","localId":"13","name":"Hutsassa","rarity":"Ungewöhnlich","set":{"cardCount":{"official":135,"total":138},"id":"bw8","name":"Plasma-Sturm","symbol":"https://assets.tcgdex.net/univ/bw/bw8/symbol"},"variants":{"firstEdition":false,"holo":true,"normal":true,"reverse":true,"wPromo":false},"dexId":[591],"hp":90,"types":["Pflanze"],"stage":"Rang 1","attacks":[{"cost":["Farblos"]},{"cost":["Pflanze","Farblos"],"damage":30}],"weaknesses":[{"type":"Feuer","value":"×2"}],"resistances":[{"type":"Wasser","value":"-20"}],"retreat":2,"legal":{"standard":false,"expanded":true}},{"category":"Pokémon","id":"bw8-14","illustrator":"Eske Yoshinob","localId":"14","name":"Lavados-EX","rarity":"Selten","set":{"cardCount":{"official":135,"total":138},"id":"bw8","name":"Plasma-Sturm","symbol":"https://assets.tcgdex.net/univ/bw/bw8/symbol"},"variants":{"firstEdition":false,"holo":true,"normal":true,"reverse":true,"wPromo":false},"dexId":[146],"hp":170,"types":["Feuer"],"suffix":"EX","attacks":[{"cost":["Feuer","Farblos"],"damage":30},{"cost":["Feuer","Feuer","Farblos","Farblos"],"damage":80}],"weaknesses":[{"type":"Wasser","value":"×2"}],"resistances":[{"type":"Kampf","value":"-20"}],"retreat":1,"legal":{"standard":false,"expanded":true}},{"category":"Pokémon","id":"bw8-15","illustrator":"sui","localId":"15","name":"Panflam","rarity":"Häufig","set":{"cardCount":{"official":135,"total":138},"id":"bw8","name":"Plasma-Sturm","symbol":"https://assets.tcgdex.net/univ/bw/bw8/symbol"},"variants":{"firstEdition":false,"holo":true,"normal":true,"reverse":true,"wPromo":false},"dexId":[390],"hp":50,"types":["Feuer"],"stage":"Basis","attacks":[{"cost":["Feuer"],"damage":20}],"weaknesses":[{"type":"Wasser","value":"×2"}],"retreat":1,"legal":{"standard":false,"expanded":true}},{"category":"Pokémon","id":"bw8-16","illustrator":"Masakazu Fukuda","localId":"16","name":"Panpyro","rarity":"Ungewöhnlich","set":{"cardCount":{"official":135,"total":138},"id":"bw8","name":"Plasma-Sturm","symbol":"https://assets.tcgdex.net/univ/bw/bw8/symbol"},"variants":{"firstEdition":false,"holo":true,"normal":true,"reverse":true,"wPromo":false},"dexId":[391],"hp":80,"types":["Feuer"],"stage":"Rang 1","attacks":[{"cost":["Farblos"]},{"cost":["Feuer","Farblos"],"damage":50}],"weaknesses":[{"type":"Wasser","value":"×2"}],"retreat":1,"legal":{"standard":false,"expanded":true}},{"category":"Pokémon","id":"bw8-17","illustrator":"5ban Graphics","localId":"17","name":"Panferno","rarity":"Selten","set":{"cardCount":{"official":135,"total":138},"id":"bw8","name":"Plasma-Sturm","symbol":"https://assets.tcgdex.net/univ/bw/bw8/symbol"},"variants":{"firstEdition":false,"holo":true,"normal":true,"reverse":true,"wPromo":false},"dexId":[392],"hp":130,"types":["Feuer"],"stage":"Rang 2","attacks":[{"cost":["Farblos"],"damage":30},{"cost":["Feuer","Farblos"],"damage":120}],"weaknesses":[{"type":"Wasser","value":"×2"}],"retreat":0,"legal":{"standard":false,"expanded":true}},{"category":"Pokémon","id":"bw8-18","illustrator":"Eske Yoshinob","localId":"18","name":"Victini-EX","rarity":"Selten","set":{"cardCount":{"official":135,"total":138},"id":"bw8","name":"Plasma-Sturm","symbol":"https://assets.tcgdex.net/univ/bw/bw8/symbol"},"variants":{"firstEdition":false,"holo":true,"normal":true,"reverse":true,"wPromo":false},"dexId":[494],"hp":110,"types":["Feuer"],"suffix":"EX","attacks":[{"cost":["Feuer"]},{"cost":["Feuer","Farblos","Farblos"],"damage":50}],"weaknesses":[{"type":"Wasser","value":"×2"}],"retreat":1,"legal":{"standard":false,"expanded":true}},{"category":"Pokémon","id":"bw8-19","illustrator":"Atsuko Nishida","localId":"19","name":"Grillmak","rarity":"Häufig","set":{"cardCount":{"official":135,"total":138},"id":"bw8","name":"Plasma-Sturm","symbol":"https://assets.tcgdex.net/univ/bw/bw8/symbol"},"variants":{"firstEdition":false,"holo":true,"normal":true,"reverse":true,"wPromo":false},"dexId":[513],"hp":70,"types":["Feuer"],"stage":"Basis","attacks":[{"cost":["Farblos","Farblos"],"damage":20},{"cost":["Feuer","Feuer","Farblos"],"damage":40}],"weaknesses":[{"type":"Wasser","value":"×2"}],"retreat":1,"legal":{"standard":false,"expanded":true}},{"category":"Pokémon","id":"bw8-20","illustrator":"Naoki Saito","localId":"20","name":"Grillchita","rarity":"Ungewöhnlich","set":{"cardCount":{"official":135,"total":138},"id":"bw8","name":"Plasma-Sturm","symbol":"https://assets.tcgdex.net/univ/bw/bw8/symbol"},"variants":{"firstEdition":false,"holo":true,"normal":true,"reverse":true,"wPromo":false},"dexId":[514],"hp":90,"types":["Feuer"],"stage":"Rang 1","attacks":[{"cost":["Feuer"],"damage":20},{"cost":["Farblos","Farblos","Farblos"],"damage":40}],"weaknesses":[{"type":"Wasser","value":"×2"}],"retreat":2,"legal":{"standard":false,"expanded":true}},{"category":"Pokémon","id":"bw8-21","illustrator":"Kouki Saitou","localId":"21","name":"Lichtel","rarity":"Häufig","set":{"cardCount":{"official":135,"total":138},"id":"bw8","name":"Plasma-Sturm","symbol":"https://assets.tcgdex.net/univ/bw/bw8/symbol"},"variants":{"firstEdition":false,"holo":true,"normal":true,"reverse":true,"wPromo":false},"dexId":[607],"hp":60,"types":["Feuer"],"stage":"Basis","attacks":[{"cost":["Farblos"],"damage":20}],"weaknesses":[{"type":"Wasser","value":"×2"}],"retreat":1,"legal":{"standard":false,"expanded":true}},{"category":"Pokémon","id":"bw8-22","illustrator":"Kouki Saitou","localId":"22","name":"Laternecto","rarity":"Ungewöhnlich","set":{"cardCount":{"official":135,"total":138},"id":"bw8","name":"Plasma-Sturm","symbol":"https://assets.tcgdex.net/univ/bw/bw8/symbol"},"variants":{"firstEdition":false,"holo":true,"normal":true,"reverse":true,"wPromo":false},"dexId":[608],"hp":70,"types":["Feuer"],"stage":"Rang 1","abilities":[{"type":"Fähigkeit","name":"Freifahrtschein","effect":"Wenn an dieses Pokémon keine Energie angelegt ist, hat dieses Pokémon keine Rückzugskosten."}],"attacks":[{"cost":["Feuer","Farblos"],"damage":20}],"weaknesses":[{"type":"Wasser","value":"×2"}],"retreat":1,"legal":{"standard":false,"expanded":true}},{"category":"Pokémon","id":"bw8-23","illustrator":"Suwama Chiaki","localId":"23","name":"Furnifraß","rarity":"Ungewöhnlich","set":{"cardCount":{"official":135,"total":138},"id":"bw8","name":"Plasma-Sturm","symbol":"https://assets.tcgdex.net/univ/bw/bw8/symbol"},"variants":{"firstEdition":false,"holo":true,"normal":true,"reverse":true,"wPromo":false},"dexId":[631],"hp":90,"types":["Feuer"],"stage":"Basis","attacks":[{"cost":["Feuer"]},{"cost":["Feuer","Feuer","Feuer"],"damage":50}],"weaknesses":[{"type":"Wasser","value":"×2"}],"retreat":2,"legal":{"standard":false,"expanded":true}},{"category":"Pokémon","id":"bw8-24","illustrator":"Naoki Saito","localId":"24","name":"Schiggy","rarity":"Häufig","set":{"cardCount":{"official":135,"total":138},"id":"bw8","name":"Plasma-Sturm","symbol":"https://assets.tcgdex.net/univ/bw/bw8/symbol"},"variants":{"firstEdition":false,"holo":true,"normal":true,"reverse":true,"wPromo":false},"dexId":[7],"hp":60,"types":["Wasser"],"stage":"Basis","attacks":[{"cost":["Farblos"],"damage":10}],"weaknesses":[{"type":"Pflanze","value":"×2"}],"retreat":1,"legal":{"standard":false,"expanded":true}},{"category":"Pokémon","id":"bw8-25","illustrator":"Toyste Beach","localId":"25","name":"Arktos-EX","rarity":"Selten","set":{"cardCount":{"official":135,"total":138},"id":"bw8","name":"Plasma-Sturm","symbol":"https://assets.tcgdex.net/univ/bw/bw8/symbol"},"variants":{"firstEdition":false,"holo":true,"normal":true,"reverse":true,"wPromo":false},"dexId":[144],"hp":170,"types":["Wasser"],"suffix":"EX","attacks":[{"cost":["Wasser","Farblos","Farblos"],"damage":60},{"cost":["Wasser","Wasser","Farblos","Farblos"],"damage":80}],"weaknesses":[{"type":"Metall","value":"×2"}],"resistances":[{"type":"Kampf","value":"-20"}],"retreat":1,"legal":{"standard":false,"expanded":true}},{"category":"Pokémon","id":"bw8-26","illustrator":"Kouki Saitou","localId":"26","name":"Quiekel","rarity":"Häufig","set":{"cardCount":{"official":135,"total":138},"id":"bw8","name":"Plasma-Sturm","symbol":"https://assets.tcgdex.net/univ/bw/bw8/symbol"},"variants":{"firstEdition":false,"holo":true,"normal":true,"reverse":true,"wPromo":false},"dexId":[220],"hp":60,"types":["Wasser"],"stage":"Basis","attacks":[{"cost":["Wasser","Farblos"],"damage":20}],"weaknesses":[{"type":"Metall","value":"×2"}],"retreat":2,"legal":{"standard":false,"expanded":true}},{"category":"Pokémon","id":"bw8-27","illustrator":"Suwama Chiaki","localId":"27","name":"Keifel","rarity":"Ungewöhnlich","set":{"cardCount":{"official":135,"total":138},"id":"bw8","name":"Plasma-Sturm","symbol":"https://assets.tcgdex.net/univ/bw/bw8/symbol"},"variants":{"firstEdition":false,"holo":true,"normal":true,"reverse":true,"wPromo":false},"dexId":[221],"hp":100,"types":["Wasser"],"stage":"Rang 1","attacks":[{"cost":["Wasser","Farblos"],"damage":20},{"cost":["Wasser","Wasser","Farblos","Farblos"],"damage":40}],"weaknesses":[{"type":"Metall","value":"×2"}],"retreat":3,"legal":{"standard":false,"expanded":true}},{"category":"Pokémon","id":"bw8-28","illustrator":"match","localId":"28","name":"Mamutel","rarity":"Selten","set":{"cardCount":{"official":135,"total":138},"id":"bw8","name":"Plasma-Sturm","symbol":"https://assets.tcgdex.net/univ/bw/bw8/symbol"},"variants":{"firstEdition":false,"holo":true,"normal":true,"reverse":true,"wPromo":false},"dexId":[473],"hp":150,"types":["Wasser"],"stage":"Rang 2","attacks":[{"cost":["Wasser","Farblos","Farblos"],"damage":50},{"cost":["Wasser","Wasser","Farblos","Farblos"],"damage":90}],"weaknesses":[{"type":"Metall","value":"×2"}],"retreat":4,"legal":{"standard":false,"expanded":true}},{"category":"Pokémon","id":"bw8-29","illustrator":"Midori Harada","localId":"29","name":"Loturzel","rarity":"Häufig","set":{"cardCount":{"official":135,"total":138},"id":"bw8","name":"Plasma-Sturm","symbol":"https://assets.tcgdex.net/univ/bw/bw8/symbol"},"variants":{"firstEdition":false,"holo":true,"normal":true,"reverse":true,"wPromo":false},"dexId":[270],"hp":60,"types":["Wasser"],"stage":"Basis","attacks":[{"cost":["Wasser","Farblos"],"damage":20}],"weaknesses":[{"type":"Elektro","value":"×2"}],"retreat":1,"legal":{"standard":false,"expanded":true}},{"category":"Pokémon","id":"bw8-30","illustrator":"Suwama Chiaki","localId":"30","name":"Lombrero","rarity":"Ungewöhnlich","set":{"cardCount":{"official":135,"total":138},"id":"bw8","name":"Plasma-Sturm","symbol":"https://assets.tcgdex.net/univ/bw/bw8/symbol"},"variants":{"firstEdition":false,"holo":true,"normal":true,"reverse":true,"wPromo":false},"dexId":[271],"hp":80,"types":["Wasser"],"stage":"Rang 1","attacks":[{"cost":["Farblos","Farblos"],"damage":20},{"cost":["Wasser","Farblos","Farblos"],"damage":50}],"weaknesses":[{"type":"Elektro","value":"×2"}],"retreat":2,"legal":{"standard":false,"expanded":true}},{"category":"Pokémon","id":"bw8-31","illustrator":"match","localId":"31","name":"Kappalores","rarity":"Selten","set":{"cardCount":{"official":135,"total":138},"id":"bw8","name":"Plasma-Sturm","symbol":"https://assets.tcgdex.net/univ/bw/bw8/symbol"},"variants":{"firstEdition":false,"holo":true,"normal":true,"reverse":true,"wPromo":false},"dexId":[272],"hp":130,"types":["Wasser"],"stage":"Rang 2","abilities":[{"type":"Fähigkeit","name":"Regengenuss","effect":"Heile zu einem beliebigen Zeitpunkt zwischen den Zügen 20 Schadenspunkte bei diesem Pokémon."}],"attacks":[{"cost":["Wasser","Wasser","Farblos"],"damage":70}],"weaknesses":[{"type":"Elektro","value":"×2"}],"retreat":3,"legal":{"standard":false,"expanded":true}},{"category":"Pokémon","id":"bw8-32","illustrator":"Mitsuhiro Arita","localId":"32","name":"Kanivanha","rarity":"Häufig","set":{"cardCount":{"official":135,"total":138},"id":"bw8","name":"Plasma-Sturm","symbol":"https://assets.tcgdex.net/univ/bw/bw8/symbol"},"variants":{"firstEdition":false,"holo":true,"normal":true,"reverse":true,"wPromo":false},"dexId":[318],"hp":60,"types":["Wasser"],"stage":"Basis","attacks":[{"cost":["Wasser","Farblos"],"damage":20}],"weaknesses":[{"type":"Elektro","value":"×2"}],"retreat":1,"legal":{"standard":false,"expanded":true}},{"category":"Pokémon","id":"bw8-33","illustrator":"5ban Graphics","localId":"33","name":"Tohaido","rarity":"Selten","set":{"cardCount":{"official":135,"total":138},"id":"bw8","name":"Plasma-Sturm","symbol":"https://assets.tcgdex.net/univ/bw/bw8/symbol"},"variants":{"firstEdition":false,"holo":true,"normal":true,"reverse":true,"wPromo":false},"dexId":[319],"hp":90,"types":["Wasser"],"stage":"Rang 1","abilities":[{"type":"Fähigkeit","name":"Rauhaut","effect":"Wenn dieses Pokémon dein Aktives Pokémon ist und durch einen gegnerischen Angriff Schaden erhält (auch wenn dieses Pokémon dadurch kampfunfähig wird), lege 2 Schadensmarken auf das Angreifende Pokémon."}],"attacks":[{"cost":["Wasser","Farblos"],"damage":40}],"weaknesses":[{"type":"Elektro","value":"×2"}],"retreat":0,"legal":{"standard":false,"expanded":true}},{"category":"Pokémon","id":"bw8-34","illustrator":"Naoki Saito","localId":"34","name":"Manaphy","rarity":"Selten","set":{"cardCount":{"official":135,"total":138},"id":"bw8","name":"Plasma-Sturm","symbol":"https://assets.tcgdex.net/univ/bw/bw8/symbol"},"variants":{"firstEdition":false,"holo":true,"normal":true,"reverse":true,"wPromo":false},"dexId":[490],"hp":70,"types":["Wasser"],"stage":"Basis","abilities":[{"type":"Fähigkeit","name":"Letzter Wunsch","effect":"Wenn dieses Pokémon durch Schaden eines gegnerischen Angriffs kampfunfähig wird, durchsuche dein Deck nach 1 Karte und nimm sie auf deine Hand. Mische anschließend dein Deck."}],"attacks":[{"cost":["Wasser"]}],"weaknesses":[{"type":"Elektro","value":"×2"}],"retreat":1,"legal":{"standard":false,"expanded":true}},{"category":"Pokémon","id":"bw8-35","illustrator":"Shin Nagasawa","localId":"35","name":"Gelatini","rarity":"Häufig","set":{"cardCount":{"official":135,"total":138},"id":"bw8","name":"Plasma-Sturm","symbol":"https://assets.tcgdex.net/univ/bw/bw8/symbol"},"variants":{"firstEdition":false,"holo":true,"normal":true,"reverse":true,"wPromo":false},"dexId":[582],"hp":60,"types":["Wasser"],"stage":"Basis","attacks":[{"cost":["Farblos"],"damage":10}],"weaknesses":[{"type":"Metall","value":"×2"}],"retreat":1,"legal":{"standard":false,"expanded":true}},{"category":"Pokémon","id":"bw8-36","illustrator":"Shin Nagasawa","localId":"36","name":"Gelatroppo","rarity":"Ungewöhnlich","set":{"cardCount":{"official":135,"total":138},"id":"bw8","name":"Plasma-Sturm","symbol":"https://assets.tcgdex.net/univ/bw/bw8/symbol"},"variants":{"firstEdition":false,"holo":true,"normal":true,"reverse":true,"wPromo":false},"dexId":[583],"hp":80,"types":["Wasser"],"stage":"Rang 1","attacks":[{"cost":["Wasser","Farblos"],"damage":30}],"weaknesses":[{"type":"Metall","value":"×2"}],"retreat":1,"legal":{"standard":false,"expanded":true}},{"category":"Pokémon","id":"bw8-37","illustrator":"Shin Nagasawa","localId":"37","name":"Gelatwino","rarity":"Selten","set":{"cardCount":{"official":135,"total":138},"id":"bw8","name":"Plasma-Sturm","symbol":"https://assets.tcgdex.net/univ/bw/bw8/symbol"},"variants":{"firstEdition":false,"holo":true,"normal":true,"reverse":true,"wPromo":false},"dexId":[584],"hp":130,"types":["Wasser"],"stage":"Rang 2","attacks":[{"cost":["Farblos"],"damage":30},{"cost":["Wasser","Wasser","Farblos"],"damage":70}],"weaknesses":[{"type":"Metall","value":"×2"}],"retreat":1,"legal":{"standard":false,"expanded":true}},{"category":"Pokémon","id":"bw8-38","illustrator":"Akira Komayama","localId":"38","name":"Quabbel","rarity":"Häufig","set":{"cardCount":{"official":135,"total":138},"id":"bw8","name":"Plasma-Sturm","symbol":"https://assets.tcgdex.net/univ/bw/bw8/symbol"},"variants":{"firstEdition":false,"holo":true,"normal":true,"reverse":true,"wPromo":false},"dexId":[592],"hp":70,"types":["Wasser"],"stage":"Basis","attacks":[{"cost":["Wasser","Farblos"],"damage":10}],"weaknesses":[{"type":"Elektro","value":"×2"}],"retreat":2,"legal":{"standard":false,"expanded":true}},{"category":"Pokémon","id":"bw8-39","illustrator":"5ban Graphics","localId":"39","name":"Apoquallyp","rarity":"Selten","set":{"cardCount":{"official":135,"total":138},"id":"bw8","name":"Plasma-Sturm","symbol":"https://assets.tcgdex.net/univ/bw/bw8/symbol"},"variants":{"firstEdition":false,"holo":true,"normal":true,"reverse":true,"wPromo":false},"dexId":[593],"hp":100,"types":["Wasser"],"stage":"Rang 1","abilities":[{"type":"Fähigkeit","name":"Tückischer Geist","effect":"Wenn dieses Pokémon dein Aktives Pokémon ist und durch Schaden eines gegnerischen Angriffs kampfunfähig wird, ist das Angreifende Pokémon jetzt verwirrt und vergiftet."}],"attacks":[{"cost":["Wasser","Farblos"],"damage":40}],"weaknesses":[{"type":"Elektro","value":"×2"}],"retreat":2,"legal":{"standard":false,"expanded":true}},{"category":"Pokémon","id":"bw8-40","illustrator":"MAHOU","localId":"40","name":"Petznief","rarity":"Häufig","set":{"cardCount":{"official":135,"total":138},"id":"bw8","name":"Plasma-Sturm","symbol":"https://assets.tcgdex.net/univ/bw/bw8/symbol"},"variants":{"firstEdition":false,"holo":true,"normal":true,"reverse":true,"wPromo":false},"dexId":[613],"hp":70,"types":["Wasser"],"stage":"Basis","attacks":[{"cost":["Wasser"]},{"cost":["Farblos","Farblos","Farblos"],"damage":30}],"weaknesses":[{"type":"Metall","value":"×2"}],"retreat":2,"legal":{"standard":false,"expanded":true}},{"category":"Pokémon","id":"bw8-41","illustrator":"5ban Graphics","localId":"41","name":"Siberio","rarity":"Selten","set":{"cardCount":{"official":135,"total":138},"id":"bw8","name":"Plasma-Sturm","symbol":"https://assets.tcgdex.net/univ/bw/bw8/symbol"},"variants":{"firstEdition":false,"holo":true,"normal":true,"reverse":true,"wPromo":false},"dexId":[614],"hp":130,"types":["Wasser"],"stage":"Rang 1","attacks":[{"cost":["Wasser","Farblos"],"damage":20},{"cost":["Wasser","Wasser","Farblos"],"damage":90}],"weaknesses":[{"type":"Metall","value":"×2"}],"retreat":4,"legal":{"standard":false,"expanded":true}},{"category":"Pokémon","id":"bw8-42","illustrator":"Shigenori Negishi","localId":"42","name":"Magnetilo","rarity":"Häufig","set":{"cardCount":{"official":135,"total":138},"id":"bw8","name":"Plasma-Sturm","symbol":"https://assets.tcgdex.net/univ/bw/bw8/symbol"},"variants":{"firstEdition":false,"holo":true,"normal":true,"reverse":true,"wPromo":false},"dexId":[81],"hp":60,"types":["Elektro"],"stage":"Basis","attacks":[{"cost":["Farblos"]},{"cost":["Elektro","Farblos"],"damage":20}],"weaknesses":[{"type":"Kampf","value":"×2"}],"retreat":1,"legal":{"standard":false,"expanded":true}},{"category":"Pokémon","id":"bw8-43","illustrator":"match","localId":"43","name":"Magnetilo","rarity":"Häufig","set":{"cardCount":{"official":135,"total":138},"id":"bw8","name":"Plasma-Sturm","symbol":"https://assets.tcgdex.net/univ/bw/bw8/symbol"},"variants":{"firstEdition":false,"holo":true,"normal":true,"reverse":true,"wPromo":false},"dexId":[81],"hp":60,"types":["Elektro"],"stage":"Basis","attacks":[{"cost":["Elektro"],"damage":10}],"weaknesses":[{"type":"Kampf","value":"×2"}],"retreat":1,"legal":{"standard":false,"expanded":true}},{"category":"Pokémon","id":"bw8-44","illustrator":"MAHOU","localId":"44","name":"Magneton","rarity":"Ungewöhnlich","set":{"cardCount":{"official":135,"total":138},"id":"bw8","name":"Plasma-Sturm","symbol":"https://assets.tcgdex.net/univ/bw/bw8/symbol"},"variants":{"firstEdition":false,"holo":true,"normal":true,"reverse":true,"wPromo":false},"dexId":[82],"hp":80,"types":["Elektro"],"stage":"Rang 1","attacks":[{"cost":["Farblos"]},{"cost":["Elektro","Farblos"],"damage":30}],"weaknesses":[{"type":"Kampf","value":"×2"}],"retreat":2,"legal":{"standard":false,"expanded":true}},{"category":"Pokémon","id":"bw8-45","illustrator":"match","localId":"45","name":"Magneton","rarity":"Ungewöhnlich","set":{"cardCount":{"official":135,"total":138},"id":"bw8","name":"Plasma-Sturm","symbol":"https://assets.tcgdex.net/univ/bw/bw8/symbol"},"variants":{"firstEdition":false,"holo":true,"normal":true,"reverse":true,"wPromo":false},"dexId":[82],"hp":80,"types":["Elektro"],"stage":"Rang 1","attacks":[{"cost":["Elektro","Farblos"],"damage":20}],"weaknesses":[{"type":"Kampf","value":"×2"}],"retreat":2,"legal":{"standard":false,"expanded":true}},{"category":"Pokémon","id":"bw8-46","illustrator":"5ban Graphics","localId":"46","name":"Magnezone","rarity":"Selten","set":{"cardCount":{"official":135,"total":138},"id":"bw8","name":"Plasma-Sturm","symbol":"https://assets.tcgdex.net/univ/bw/bw8/symbol"},"variants":{"firstEdition":false,"holo":true,"normal":true,"reverse":true,"wPromo":false},"dexId":[462],"hp":140,"types":["Elektro"],"stage":"Rang 2","abilities":[{"type":"Fähigkeit","name":"Doppelhirn","effect":"Während deines Zuges kannst du 2 Unterstützerkarten spielen."}],"attacks":[{"cost":["Elektro","Elektro","Farblos"],"damage":80}],"weaknesses":[{"type":"Kampf","value":"×2"}],"retreat":3,"legal":{"standard":false,"expanded":true}},{"category":"Pokémon","id":"bw8-47","illustrator":"match","localId":"47","name":"Magnezone","rarity":"Selten","set":{"cardCount":{"official":135,"total":138},"id":"bw8","name":"Plasma-Sturm","symbol":"https://assets.tcgdex.net/univ/bw/bw8/symbol"},"variants":{"firstEdition":false,"holo":true,"normal":true,"reverse":true,"wPromo":false},"dexId":[462],"hp":140,"types":["Elektro"],"stage":"Rang 2","attacks":[{"cost":["Elektro"],"damage":30},{"cost":["Elektro","Farblos","Farblos"],"damage":70}],"weaknesses":[{"type":"Kampf","value":"×2"}],"retreat":2,"legal":{"standard":false,"expanded":true}},{"category":"Pokémon","id":"bw8-48","illustrator":"Eske Yoshinob","localId":"48","name":"Zapdos-EX","rarity":"Selten","set":{"cardCount":{"official":135,"total":138},"id":"bw8","name":"Plasma-Sturm","symbol":"https://assets.tcgdex.net/univ/bw/bw8/symbol"},"variants":{"firstEdition":false,"holo":true,"normal":true,"reverse":true,"wPromo":false},"dexId":[145],"hp":170,"types":["Elektro"],"suffix":"EX","attacks":[{"cost":["Elektro","Farblos"],"damage":30},{"cost":["Elektro","Elektro","Farblos","Farblos"],"damage":80}],"weaknesses":[{"type":"Elektro","value":"×2"}],"resistances":[{"type":"Kampf","value":"-20"}],"retreat":1,"legal":{"standard":false,"expanded":true}},{"category":"Pokémon","id":"bw8-49","illustrator":"5ban Graphics","localId":"49","name":"Rotom","rarity":"Ungewöhnlich","set":{"cardCount":{"official":135,"total":138},"id":"bw8","name":"Plasma-Sturm","symbol":"https://assets.tcgdex.net/univ/bw/bw8/symbol"},"variants":{"firstEdition":false,"holo":true,"normal":true,"reverse":true,"wPromo":false},"dexId":[479],"hp":60,"types":["Elektro"],"stage":"Basis","attacks":[{"cost":["Farblos"]},{"cost":["Elektro","Farblos"],"damage":20}],"weaknesses":[{"type":"Kampf","value":"×2"}],"retreat":1,"legal":{"standard":false,"expanded":true}},{"category":"Pokémon","id":"bw8-50","illustrator":"Tomokazu Komiya","localId":"50","name":"Wattzapf","rarity":"Häufig","set":{"cardCount":{"official":135,"total":138},"id":"bw8","name":"Plasma-Sturm","symbol":"https://assets.tcgdex.net/univ/bw/bw8/symbol"},"variants":{"firstEdition":false,"holo":true,"normal":true,"reverse":true,"wPromo":false},"dexId":[595],"hp":40,"types":["Elektro"],"stage":"Basis","attacks":[{"cost":["Elektro"],"damage":10}],"weaknesses":[{"type":"Kampf","value":"×2"}],"retreat":1,"legal":{"standard":false,"expanded":true}},{"category":"Pokémon","id":"bw8-51","illustrator":"Hajime Kusajima","localId":"51","name":"Voltula","rarity":"Ungewöhnlich","set":{"cardCount":{"official":135,"total":138},"id":"bw8","name":"Plasma-Sturm","symbol":"https://assets.tcgdex.net/univ/bw/bw8/symbol"},"variants":{"firstEdition":false,"holo":true,"normal":true,"reverse":true,"wPromo":false},"dexId":[596],"hp":80,"types":["Elektro"],"stage":"Rang 1","attacks":[{"cost":["Elektro"],"damage":30},{"cost":["Farblos","Farblos"],"damage":30}],"weaknesses":[{"type":"Kampf","value":"×2"}],"retreat":0,"legal":{"standard":false,"expanded":true}},{"category":"Pokémon","id":"bw8-52","illustrator":"Kagemaru Himeno","localId":"52","name":"Zubat","rarity":"Häufig","set":{"cardCount":{"official":135,"total":138},"id":"bw8","name":"Plasma-Sturm","symbol":"https://assets.tcgdex.net/univ/bw/bw8/symbol"},"variants":{"firstEdition":false,"holo":true,"normal":true,"reverse":true,"wPromo":false},"dexId":[41],"hp":50,"types":["Psycho"],"stage":"Basis","attacks":[{"cost":["Farblos"],"damage":10}],"weaknesses":[{"type":"Elektro","value":"×2"}],"resistances":[{"type":"Kampf","value":"-20"}],"retreat":1,"legal":{"standard":false,"expanded":true}},{"category":"Pokémon","id":"bw8-53","illustrator":"Mizue","localId":"53","name":"Zubat","rarity":"Häufig","set":{"cardCount":{"official":135,"total":138},"id":"bw8","name":"Plasma-Sturm","symbol":"https://assets.tcgdex.net/univ/bw/bw8/symbol"},"variants":{"firstEdition":false,"holo":true,"normal":true,"reverse":true,"wPromo":false},"dexId":[41],"hp":40,"types":["Psycho"],"stage":"Basis","abilities":[{"type":"Fähigkeit","name":"Freiflug","effect":"Wenn an dieses Pokémon keine Energie angelegt ist, hat dieses Pokémon keine Rückzugskosten."}],"attacks":[{"cost":["Psycho","Farblos"],"damage":20}],"weaknesses":[{"type":"Elektro","value":"×2"}],"resistances":[{"type":"Kampf","value":"-20"}],"retreat":1,"legal":{"standard":false,"expanded":true}},{"category":"Pokémon","id":"bw8-54","illustrator":"Kyoko Umemoto","localId":"54","name":"Golbat","rarity":"Ungewöhnlich","set":{"cardCount":{"official":135,"total":138},"id":"bw8","name":"Plasma-Sturm","symbol":"https://assets.tcgdex.net/univ/bw/bw8/symbol"},"variants":{"firstEdition":false,"holo":true,"normal":true,"reverse":true,"wPromo":false},"dexId":[42],"hp":80,"types":["Psycho"],"stage":"Rang 1","attacks":[{"cost":["Psycho","Farblos"],"damage":20}],"weaknesses":[{"type":"Elektro","value":"×2"}],"resistances":[{"type":"Kampf","value":"-20"}],"retreat":1,"legal":{"standard":false,"expanded":true}},{"category":"Pokémon","id":"bw8-55","illustrator":"5ban Graphics","localId":"55","name":"Iksbat","rarity":"Selten","set":{"cardCount":{"official":135,"total":138},"id":"bw8","name":"Plasma-Sturm","symbol":"https://assets.tcgdex.net/univ/bw/bw8/symbol"},"variants":{"firstEdition":false,"holo":true,"normal":true,"reverse":true,"wPromo":false},"dexId":[169],"hp":130,"types":["Psycho"],"stage":"Rang 2","abilities":[{"type":"Fähigkeit","name":"Nachtblick","effect":"Einmal während deines Zuges (vor deinem Angriff) kannst du 1 Karte ziehen."}],"attacks":[{"cost":["Psycho","Farblos","Farblos"],"damage":40}],"weaknesses":[{"type":"Elektro","value":"×2"}],"resistances":[{"type":"Kampf","value":"-20"}],"retreat":0,"legal":{"standard":false,"expanded":true}},{"category":"Pokémon","id":"bw8-56","illustrator":"Kagemaru Himeno","localId":"56","name":"Smogon","rarity":"Häufig","set":{"cardCount":{"official":135,"total":138},"id":"bw8","name":"Plasma-Sturm","symbol":"https://assets.tcgdex.net/univ/bw/bw8/symbol"},"variants":{"firstEdition":false,"holo":true,"normal":true,"reverse":true,"wPromo":false},"dexId":[109],"hp":70,"types":["Psycho"],"stage":"Basis","attacks":[{"cost":["Psycho"],"damage":10},{"cost":["Farblos","Farblos"],"damage":20}],"weaknesses":[{"type":"Psycho","value":"×2"}],"retreat":2,"legal":{"standard":false,"expanded":true}},{"category":"Pokémon","id":"bw8-57","illustrator":"match","localId":"57","name":"Smogon","rarity":"Ungewöhnlich","set":{"cardCount":{"official":135,"total":138},"id":"bw8","name":"Plasma-Sturm","symbol":"https://assets.tcgdex.net/univ/bw/bw8/symbol"},"variants":{"firstEdition":false,"holo":true,"normal":true,"reverse":true,"wPromo":false},"dexId":[109],"hp":60,"types":["Psycho"],"stage":"Basis","attacks":[{"cost":["Psycho","Farblos"],"damage":20}],"weaknesses":[{"type":"Psycho","value":"×2"}],"retreat":1,"legal":{"standard":false,"expanded":true}},{"category":"Pokémon","id":"bw8-58","illustrator":"5ban Graphics","localId":"58","name":"Smogmog","rarity":"Selten","set":{"cardCount":{"official":135,"total":138},"id":"bw8","name":"Plasma-Sturm","symbol":"https://assets.tcgdex.net/univ/bw/bw8/symbol"},"variants":{"firstEdition":false,"holo":true,"normal":true,"reverse":true,"wPromo":false},"dexId":[110],"hp":100,"types":["Psycho"],"stage":"Rang 1","abilities":[{"type":"Fähigkeit","name":"Finalschlag","effect":"Wenn dieses Pokémon durch Schaden eines gegnerischen Angriffs kampfunfähig wird, lege die obersten 3 Karten vom Deck deines Gegners auf seinen Ablagestapel."}],"attacks":[{"cost":["Psycho","Farblos"]}],"weaknesses":[{"type":"Psycho","value":"×2"}],"retreat":2,"legal":{"standard":false,"expanded":true}},{"category":"Pokémon","id":"bw8-59","illustrator":"Kanako Eo","localId":"59","name":"Trasla","rarity":"Häufig","set":{"cardCount":{"official":135,"total":138},"id":"bw8","name":"Plasma-Sturm","symbol":"https://assets.tcgdex.net/univ/bw/bw8/symbol"},"variants":{"firstEdition":false,"holo":true,"normal":true,"reverse":true,"wPromo":false},"dexId":[280],"hp":60,"types":["Psycho"],"stage":"Basis","attacks":[{"cost":["Farblos"]}],"weaknesses":[{"type":"Psycho","value":"×2"}],"retreat":1,"legal":{"standard":false,"expanded":true}},{"category":"Pokémon","id":"bw8-60","illustrator":"Mizue","localId":"60","name":"Kirlia","rarity":"Ungewöhnlich","set":{"cardCount":{"official":135,"total":138},"id":"bw8","name":"Plasma-Sturm","symbol":"https://assets.tcgdex.net/univ/bw/bw8/symbol"},"variants":{"firstEdition":false,"holo":true,"normal":true,"reverse":true,"wPromo":false},"dexId":[281],"hp":80,"types":["Psycho"],"stage":"Rang 1","attacks":[{"cost":["Psycho"],"damage":20}],"weaknesses":[{"type":"Psycho","value":"×2"}],"retreat":1,"legal":{"standard":false,"expanded":true}},{"category":"Pokémon","id":"bw8-61","illustrator":"kawayoo","localId":"61","name":"Galagladi","rarity":"Selten","set":{"cardCount":{"official":135,"total":138},"id":"bw8","name":"Plasma-Sturm","symbol":"https://assets.tcgdex.net/univ/bw/bw8/symbol"},"variants":{"firstEdition":false,"holo":true,"normal":true,"reverse":true,"wPromo":false},"dexId":[475],"hp":140,"types":["Psycho"],"stage":"Rang 2","attacks":[{"cost":["Farblos","Farblos"],"damage":20},{"cost":["Psycho","Farblos","Farblos"],"damage":80}],"weaknesses":[{"type":"Psycho","value":"×2"}],"retreat":2,"legal":{"standard":false,"expanded":true}},{"category":"Pokémon","id":"bw8-62","illustrator":"5ban Graphics","localId":"62","name":"Giratina","rarity":"Selten","set":{"cardCount":{"official":135,"total":138},"id":"bw8","name":"Plasma-Sturm","symbol":"https://assets.tcgdex.net/univ/bw/bw8/symbol"},"variants":{"firstEdition":false,"holo":true,"normal":true,"reverse":true,"wPromo":false},"dexId":[487],"hp":130,"types":["Psycho"],"stage":"Basis","attacks":[{"cost":["Psycho","Farblos","Farblos"],"damage":50},{"cost":["Psycho","Psycho","Farblos","Farblos"],"damage":90}],"weaknesses":[{"type":"Unlicht","value":"×2"}],"retreat":3,"legal":{"standard":false,"expanded":true}},{"category":"Pokémon","id":"bw8-63","illustrator":"Kagemaru Himeno","localId":"63","name":"Unratütox","rarity":"Ungewöhnlich","set":{"cardCount":{"official":135,"total":138},"id":"bw8","name":"Plasma-Sturm","symbol":"https://assets.tcgdex.net/univ/bw/bw8/symbol"},"variants":{"firstEdition":false,"holo":true,"normal":true,"reverse":true,"wPromo":false},"dexId":[568],"hp":60,"types":["Psycho"],"stage":"Basis","attacks":[{"cost":["Psycho"]},{"cost":["Farblos","Farblos"],"damage":20}],"weaknesses":[{"type":"Psycho","value":"×2"}],"retreat":1,"legal":{"standard":false,"expanded":true}},{"category":"Pokémon","id":"bw8-64","illustrator":"Kouki Saitou","localId":"64","name":"Unratütox","rarity":"Häufig","set":{"cardCount":{"official":135,"total":138},"id":"bw8","name":"Plasma-Sturm","symbol":"https://assets.tcgdex.net/univ/bw/bw8/symbol"},"variants":{"firstEdition":false,"holo":true,"normal":true,"reverse":true,"wPromo":false},"dexId":[568],"hp":60,"types":["Psycho"],"stage":"Basis","attacks":[{"cost":["Farblos"],"damage":10},{"cost":["Psycho","Psycho","Farblos"],"damage":40}],"weaknesses":[{"type":"Psycho","value":"×2"}],"retreat":1,"legal":{"standard":false,"expanded":true}},{"category":"Pokémon","id":"bw8-65","illustrator":"Midori Harada","localId":"65","name":"Unratütox","rarity":"Häufig","set":{"cardCount":{"official":135,"total":138},"id":"bw8","name":"Plasma-Sturm","symbol":"https://assets.tcgdex.net/univ/bw/bw8/symbol"},"variants":{"firstEdition":false,"holo":true,"normal":true,"reverse":true,"wPromo":false},"dexId":[568],"hp":70,"types":["Psycho"],"stage":"Basis","attacks":[{"cost":["Psycho","Farblos"],"damage":20}],"weaknesses":[{"type":"Psycho","value":"×2"}],"retreat":2,"legal":{"standard":false,"expanded":true}},{"category":"Pokémon","id":"bw8-66","illustrator":"5ban Graphics","localId":"66","name":"Deponitox","rarity":"Selten","set":{"cardCount":{"official":135,"total":138},"id":"bw8","name":"Plasma-Sturm","symbol":"https://assets.tcgdex.net/univ/bw/bw8/symbol"},"variants":{"firstEdition":false,"holo":true,"normal":true,"reverse":true,"wPromo":false},"dexId":[569],"hp":110,"types":["Psycho"],"stage":"Rang 1","attacks":[{"cost":["Farblos"],"damage":20},{"cost":["Psycho","Psycho","Farblos"],"damage":70}],"weaknesses":[{"type":"Psycho","value":"×2"}],"retreat":3,"legal":{"standard":false,"expanded":true}},{"category":"Pokémon","id":"bw8-67","illustrator":"5ban Graphics","localId":"67","name":"Deponitox","rarity":"Selten","set":{"cardCount":{"official":135,"total":138},"id":"bw8","name":"Plasma-Sturm","symbol":"https://assets.tcgdex.net/univ/bw/bw8/symbol"},"variants":{"firstEdition":false,"holo":true,"normal":true,"reverse":true,"wPromo":false},"dexId":[569],"hp":110,"types":["Psycho"],"stage":"Rang 1","attacks":[{"cost":["Farblos","Farblos"],"damage":20},{"cost":["Psycho","Farblos","Farblos","Farblos"],"damage":80}],"weaknesses":[{"type":"Psycho","value":"×2"}],"retreat":3,"legal":{"standard":false,"expanded":true}},{"category":"Pokémon","id":"bw8-68","illustrator":"Kouki Saitou","localId":"68","name":"Pygraulon","rarity":"Häufig","set":{"cardCount":{"official":135,"total":138},"id":"bw8","name":"Plasma-Sturm","symbol":"https://assets.tcgdex.net/univ/bw/bw8/symbol"},"variants":{"firstEdition":false,"holo":true,"normal":true,"reverse":true,"wPromo":false},"dexId":[605],"hp":60,"types":["Psycho"],"stage":"Basis","attacks":[{"cost":["Psycho","Psycho"],"damage":30}],"weaknesses":[{"type":"Psycho","value":"×2"}],"retreat":1,"legal":{"standard":false,"expanded":true}},{"category":"Pokémon","id":"bw8-69","illustrator":"Mitsuhiro Arita","localId":"69","name":"Pygraulon","rarity":"Ungewöhnlich","set":{"cardCount":{"official":135,"total":138},"id":"bw8","name":"Plasma-Sturm","symbol":"https://assets.tcgdex.net/univ/bw/bw8/symbol"},"variants":{"firstEdition":false,"holo":true,"normal":true,"reverse":true,"wPromo":false},"dexId":[605],"hp":60,"types":["Psycho"],"stage":"Basis","attacks":[{"cost":["Farblos"]},{"cost":["Psycho","Farblos"],"damage":30}],"weaknesses":[{"type":"Psycho","value":"×2"}],"retreat":1,"legal":{"standard":false,"expanded":true}},{"category":"Pokémon","id":"bw8-70","illustrator":"5ban Graphics","localId":"70","name":"Megalon","rarity":"Selten","set":{"cardCount":{"official":135,"total":138},"id":"bw8","name":"Plasma-Sturm","symbol":"https://assets.tcgdex.net/univ/bw/bw8/symbol"},"variants":{"firstEdition":false,"holo":true,"normal":true,"reverse":true,"wPromo":false},"dexId":[606],"hp":90,"types":["Psycho"],"stage":"Rang 1","attacks":[{"cost":["Psycho"],"damage":20},{"cost":["Psycho","Farblos","Farblos"]}],"weaknesses":[{"type":"Psycho","value":"×2"}],"retreat":1,"legal":{"standard":false,"expanded":true}},{"category":"Pokémon","id":"bw8-71","illustrator":"Sumiyoshi Kizuki","localId":"71","name":"Phanpy","rarity":"Häufig","set":{"cardCount":{"official":135,"total":138},"id":"bw8","name":"Plasma-Sturm","symbol":"https://assets.tcgdex.net/univ/bw/bw8/symbol"},"variants":{"firstEdition":false,"holo":true,"normal":true,"reverse":true,"wPromo":false},"dexId":[231],"hp":80,"types":["Kampf"],"stage":"Basis","attacks":[{"cost":["Kampf"],"damage":10},{"cost":["Kampf","Kampf","Farblos"],"damage":50}],"weaknesses":[{"type":"Wasser","value":"×2"}],"resistances":[{"type":"Elektro","value":"-20"}],"retreat":2,"legal":{"standard":false,"expanded":true}},{"category":"Pokémon","id":"bw8-72","illustrator":"Shin Nagasawa","localId":"72","name":"Donphan","rarity":"Ungewöhnlich","set":{"cardCount":{"official":135,"total":138},"id":"bw8","name":"Plasma-Sturm","symbol":"https://assets.tcgdex.net/univ/bw/bw8/symbol"},"variants":{"firstEdition":false,"holo":true,"normal":true,"reverse":true,"wPromo":false},"dexId":[232],"hp":130,"types":["Kampf"],"stage":"Rang 1","attacks":[{"cost":["Kampf"],"damage":40},{"cost":["Kampf","Kampf","Farblos","Farblos"],"damage":80}],"weaknesses":[{"type":"Wasser","value":"×2"}],"resistances":[{"type":"Elektro","value":"-20"}],"retreat":4,"legal":{"standard":false,"expanded":true}},{"category":"Pokémon","id":"bw8-73","illustrator":"Kouji Tajima","localId":"73","name":"Lunastein","rarity":"Ungewöhnlich","set":{"cardCount":{"official":135,"total":138},"id":"bw8","name":"Plasma-Sturm","symbol":"https://assets.tcgdex.net/univ/bw/bw8/symbol"},"variants":{"firstEdition":false,"holo":true,"normal":true,"reverse":true,"wPromo":false},"dexId":[337],"hp":90,"types":["Kampf"],"stage":"Basis","abilities":[{"type":"Fähigkeit","name":"Vorhersage","effect":"Einmal während deines Zuges (vor deinem Angriff) kannst du die obersten 2 Karten deines Decks anschauen und sie in beliebiger Reihenfolge zurück auf dein Deck legen."}],"attacks":[{"cost":["Kampf","Farblos"],"damage":30}],"weaknesses":[{"type":"Pflanze","value":"×2"}],"retreat":3,"legal":{"standard":false,"expanded":true}},{"category":"Pokémon","id":"bw8-74","illustrator":"Kouji Tajima","localId":"74","name":"Sonnfel","rarity":"Ungewöhnlich","set":{"cardCount":{"official":135,"total":138},"id":"bw8","name":"Plasma-Sturm","symbol":"https://assets.tcgdex.net/univ/bw/bw8/symbol"},"variants":{"firstEdition":false,"holo":true,"normal":true,"reverse":true,"wPromo":false},"dexId":[338],"hp":90,"types":["Kampf"],"stage":"Basis","attacks":[{"cost":["Kampf","Farblos"],"damage":20},{"cost":["Kampf","Farblos","Farblos"],"damage":90}],"weaknesses":[{"type":"Pflanze","value":"×2"}],"retreat":3,"legal":{"standard":false,"expanded":true}},{"category":"Pokémon","id":"bw8-75","illustrator":"Ken Sugimori","localId":"75","name":"Riolu","rarity":"Häufig","set":{"cardCount":{"official":135,"total":138},"id":"bw8","name":"Plasma-Sturm","symbol":"https://assets.tcgdex.net/univ/bw/bw8/symbol"},"variants":{"firstEdition":false,"holo":true,"normal":true,"reverse":true,"wPromo":false},"dexId":[447],"hp":60,"types":["Kampf"],"stage":"Basis","attacks":[{"cost":["Farblos"],"damage":10},{"cost":["Kampf","Farblos"],"damage":20}],"weaknesses":[{"type":"Psycho","value":"×2"}],"retreat":1,"legal":{"standard":false,"expanded":true}},{"category":"Pokémon","id":"bw8-76","illustrator":"Akira Komayama","localId":"76","name":"Riolu","rarity":"Häufig","set":{"cardCount":{"official":135,"total":138},"id":"bw8","name":"Plasma-Sturm","symbol":"https://assets.tcgdex.net/univ/bw/bw8/symbol"},"variants":{"firstEdition":false,"holo":true,"normal":true,"reverse":true,"wPromo":false},"dexId":[447],"hp":70,"types":["Kampf"],"stage":"Basis","attacks":[{"cost":["Farblos","Farblos"],"damage":20},{"cost":["Kampf","Farblos","Farblos"],"damage":40}],"weaknesses":[{"type":"Psycho","value":"×2"}],"retreat":1,"legal":{"standard":false,"expanded":true}},{"category":"Pokémon","id":"bw8-77","illustrator":"Ken Sugimori","localId":"77","name":"Lucario","rarity":"Ungewöhnlich","set":{"cardCount":{"official":135,"total":138},"id":"bw8","name":"Plasma-Sturm","symbol":"https://assets.tcgdex.net/univ/bw/bw8/symbol"},"variants":{"firstEdition":false,"holo":true,"normal":true,"reverse":true,"wPromo":false},"dexId":[448],"hp":90,"types":["Kampf"],"stage":"Rang 1","attacks":[{"cost":["Kampf","Farblos"],"damage":30},{"cost":["Kampf","Farblos","Farblos"],"damage":70}],"weaknesses":[{"type":"Psycho","value":"×2"}],"retreat":1,"legal":{"standard":false,"expanded":true}},{"category":"Pokémon","id":"bw8-78","illustrator":"Satoshi Shirai","localId":"78","name":"Lucario","rarity":"Selten","set":{"cardCount":{"official":135,"total":138},"id":"bw8","name":"Plasma-Sturm","symbol":"https://assets.tcgdex.net/univ/bw/bw8/symbol"},"variants":{"firstEdition":false,"holo":true,"normal":true,"reverse":true,"wPromo":false},"dexId":[448],"hp":100,"types":["Kampf"],"stage":"Rang 1","abilities":[{"type":"Fähigkeit","name":"Doppelte Rüstung","effect":"Wenn an dieses Pokémon bereits Metal-Energie angelegt ist, ist dieses Pokémon sowohl vom Typ Fighting als auch Metal."}],"attacks":[{"cost":["Kampf","Farblos","Farblos"],"damage":60}],"weaknesses":[{"type":"Psycho","value":"×2"}],"retreat":2,"legal":{"standard":false,"expanded":true}},{"category":"Pokémon","id":"bw8-79","illustrator":"Kagemaru Himeno","localId":"79","name":"Praktibalk","rarity":"Häufig","set":{"cardCount":{"official":135,"total":138},"id":"bw8","name":"Plasma-Sturm","symbol":"https://assets.tcgdex.net/univ/bw/bw8/symbol"},"variants":{"firstEdition":false,"holo":true,"normal":true,"reverse":true,"wPromo":false},"dexId":[532],"hp":70,"types":["Kampf"],"stage":"Basis","attacks":[{"cost":["Kampf","Farblos"],"damage":20},{"cost":["Kampf","Farblos","Farblos"],"damage":40}],"weaknesses":[{"type":"Psycho","value":"×2"}],"retreat":2,"legal":{"standard":false,"expanded":true}},{"category":"Pokémon","id":"bw8-80","illustrator":"Masakazu Fukuda","localId":"80","name":"Strepoli","rarity":"Ungewöhnlich","set":{"cardCount":{"official":135,"total":138},"id":"bw8","name":"Plasma-Sturm","symbol":"https://assets.tcgdex.net/univ/bw/bw8/symbol"},"variants":{"firstEdition":false,"holo":true,"normal":true,"reverse":true,"wPromo":false},"dexId":[533],"hp":90,"types":["Kampf"],"stage":"Rang 1","attacks":[{"cost":["Kampf","Farblos","Farblos"],"damage":40},{"cost":["Kampf","Kampf","Farblos","Farblos"],"damage":80}],"weaknesses":[{"type":"Psycho","value":"×2"}],"retreat":3,"legal":{"standard":false,"expanded":true}},{"category":"Pokémon","id":"bw8-81","illustrator":"Shin Nagasawa","localId":"81","name":"Meistagrif","rarity":"Selten","set":{"cardCount":{"official":135,"total":138},"id":"bw8","name":"Plasma-Sturm","symbol":"https://assets.tcgdex.net/univ/bw/bw8/symbol"},"variants":{"firstEdition":false,"holo":true,"normal":true,"reverse":true,"wPromo":false},"dexId":[534],"hp":140,"types":["Kampf"],"stage":"Rang 2","attacks":[{"cost":["Farblos","Farblos","Farblos"],"damage":60},{"cost":["Kampf","Kampf","Farblos","Farblos"],"damage":80}],"weaknesses":[{"type":"Psycho","value":"×2"}],"retreat":3,"legal":{"standard":false,"expanded":true}},{"category":"Pokémon","id":"bw8-82","illustrator":"MAHOU","localId":"82","name":"Felilou","rarity":"Häufig","set":{"cardCount":{"official":135,"total":138},"id":"bw8","name":"Plasma-Sturm","symbol":"https://assets.tcgdex.net/univ/bw/bw8/symbol"},"variants":{"firstEdition":false,"holo":true,"normal":true,"reverse":true,"wPromo":false},"dexId":[509],"hp":50,"types":["Unlicht"],"stage":"Basis","attacks":[{"cost":["Unlicht"]},{"cost":["Unlicht","Farblos"],"damage":10}],"weaknesses":[{"type":"Kampf","value":"×2"}],"resistances":[{"type":"Psycho","value":"-20"}],"retreat":1,"legal":{"standard":false,"expanded":true}},{"category":"Pokémon","id":"bw8-83","illustrator":"Masakazu Fukuda","localId":"83","name":"Felilou","rarity":"Häufig","set":{"cardCount":{"official":135,"total":138},"id":"bw8","name":"Plasma-Sturm","symbol":"https://assets.tcgdex.net/univ/bw/bw8/symbol"},"variants":{"firstEdition":false,"holo":true,"normal":true,"reverse":true,"wPromo":false},"dexId":[509],"hp":50,"types":["Unlicht"],"stage":"Basis","attacks":[{"cost":["Farblos"]},{"cost":["Unlicht","Farblos"],"damage":20}],"weaknesses":[{"type":"Kampf","value":"×2"}],"resistances":[{"type":"Psycho","value":"-20"}],"retreat":1,"legal":{"standard":false,"expanded":true}},{"category":"Pokémon","id":"bw8-84","illustrator":"5ban Graphics","localId":"84","name":"Kleoparda","rarity":"Selten","set":{"cardCount":{"official":135,"total":138},"id":"bw8","name":"Plasma-Sturm","symbol":"https://assets.tcgdex.net/univ/bw/bw8/symbol"},"variants":{"firstEdition":false,"holo":true,"normal":true,"reverse":true,"wPromo":false},"dexId":[510],"hp":80,"types":["Unlicht"],"stage":"Rang 1","attacks":[{"cost":["Farblos"]},{"cost":["Unlicht","Farblos"],"damage":30}],"weaknesses":[{"type":"Kampf","value":"×2"}],"resistances":[{"type":"Psycho","value":"-20"}],"retreat":1,"legal":{"standard":false,"expanded":true}},{"category":"Pokémon","id":"bw8-85","illustrator":"Kouki Saitou","localId":"85","name":"Zurrokex","rarity":"Häufig","set":{"cardCount":{"official":135,"total":138},"id":"bw8","name":"Plasma-Sturm","symbol":"https://assets.tcgdex.net/univ/bw/bw8/symbol"},"variants":{"firstEdition":false,"holo":true,"normal":true,"reverse":true,"wPromo":false},"dexId":[559],"hp":60,"types":["Unlicht"],"stage":"Basis","attacks":[{"cost":["Unlicht"],"damage":10},{"cost":["Farblos","Farblos"],"damage":20}],"weaknesses":[{"type":"Kampf","value":"×2"}],"resistances":[{"type":"Psycho","value":"-20"}],"retreat":2,"legal":{"standard":false,"expanded":true}},{"category":"Pokémon","id":"bw8-86","illustrator":"5ban Graphics","localId":"86","name":"Irokex","rarity":"Selten","set":{"cardCount":{"official":135,"total":138},"id":"bw8","name":"Plasma-Sturm","symbol":"https://assets.tcgdex.net/univ/bw/bw8/symbol"},"variants":{"firstEdition":false,"holo":true,"normal":true,"reverse":true,"wPromo":false},"dexId":[560],"hp":90,"types":["Unlicht"],"stage":"Rang 1","attacks":[{"cost":["Unlicht","Farblos"],"damage":30},{"cost":["Unlicht","Unlicht","Farblos"],"damage":50}],"weaknesses":[{"type":"Kampf","value":"×2"}],"resistances":[{"type":"Psycho","value":"-20"}],"retreat":1,"legal":{"standard":false,"expanded":true}},{"category":"Pokémon","id":"bw8-87","illustrator":"5ban Graphics","localId":"87","name":"Panzaeron","rarity":"Selten","set":{"cardCount":{"official":135,"total":138},"id":"bw8","name":"Plasma-Sturm","symbol":"https://assets.tcgdex.net/univ/bw/bw8/symbol"},"variants":{"firstEdition":false,"holo":true,"normal":true,"reverse":true,"wPromo":false},"dexId":[227],"hp":90,"types":["Metall"],"stage":"Basis","attacks":[{"cost":["Farblos"]},{"cost":["Metall","Metall","Farblos"],"damage":40}],"weaknesses":[{"type":"Feuer","value":"×2"}],"resistances":[{"type":"Psycho","value":"-20"}],"retreat":1,"legal":{"standard":false,"expanded":true}},{"category":"Pokémon","id":"bw8-88","illustrator":"Akira Komayama","localId":"88","name":"Klikk","rarity":"Häufig","set":{"cardCount":{"official":135,"total":138},"id":"bw8","name":"Plasma-Sturm","symbol":"https://assets.tcgdex.net/univ/bw/bw8/symbol"},"variants":{"firstEdition":false,"holo":true,"normal":true,"reverse":true,"wPromo":false},"dexId":[599],"hp":60,"types":["Metall"],"stage":"Basis","attacks":[{"cost":["Farblos"]},{"cost":["Metall","Farblos"],"damage":20}],"weaknesses":[{"type":"Feuer","value":"×2"}],"resistances":[{"type":"Psycho","value":"-20"}],"retreat":2,"legal":{"standard":false,"expanded":true}},{"category":"Pokémon","id":"bw8-89","illustrator":"Akira Komayama","localId":"89","name":"Kliklak","rarity":"Ungewöhnlich","set":{"cardCount":{"official":135,"total":138},"id":"bw8","name":"Plasma-Sturm","symbol":"https://assets.tcgdex.net/univ/bw/bw8/symbol"},"variants":{"firstEdition":false,"holo":true,"normal":true,"reverse":true,"wPromo":false},"dexId":[600],"hp":80,"types":["Metall"],"stage":"Rang 1","attacks":[{"cost":["Metall"],"damage":20},{"cost":["Metall","Farblos","Farblos"],"damage":30}],"weaknesses":[{"type":"Feuer","value":"×2"}],"resistances":[{"type":"Psycho","value":"-20"}],"retreat":2,"legal":{"standard":false,"expanded":true}},{"category":"Pokémon","id":"bw8-90","illustrator":"5ban Graphics","localId":"90","name":"Klikdiklak","rarity":"Selten","set":{"cardCount":{"official":135,"total":138},"id":"bw8","name":"Plasma-Sturm","symbol":"https://assets.tcgdex.net/univ/bw/bw8/symbol"},"variants":{"firstEdition":false,"holo":true,"normal":true,"reverse":true,"wPromo":false},"dexId":[601],"hp":140,"types":["Metall"],"stage":"Rang 2","abilities":[{"type":"Fähigkeit","name":"Plasmastahl","effect":"Verhindere allen Schaden, der deinen Metal-Pokémon durch Angriffe von Pokémon-EX deines Gegners zugefügt würde."}],"attacks":[{"cost":["Metall","Metall","Farblos"],"damage":70}],"weaknesses":[{"type":"Feuer","value":"×2"}],"resistances":[{"type":"Psycho","value":"-20"}],"retreat":3,"legal":{"standard":false,"expanded":true}},{"category":"Pokémon","id":"bw8-91","illustrator":"5ban Graphics","localId":"91","name":"Fermicula","rarity":"Ungewöhnlich","set":{"cardCount":{"official":135,"total":138},"id":"bw8","name":"Plasma-Sturm","symbol":"https://assets.tcgdex.net/univ/bw/bw8/symbol"},"variants":{"firstEdition":false,"holo":true,"normal":true,"reverse":true,"wPromo":false},"dexId":[632],"hp":70,"types":["Metall"],"stage":"Basis","attacks":[{"cost":["Farblos","Farblos"],"damage":20},{"cost":["Metall","Farblos","Farblos"],"damage":40}],"weaknesses":[{"type":"Feuer","value":"×2"}],"resistances":[{"type":"Psycho","value":"-20"}],"retreat":1,"legal":{"standard":false,"expanded":true}},{"category":"Pokémon","id":"bw8-92","illustrator":"5ban Graphics","localId":"92","name":"Fermicula","rarity":"Ungewöhnlich","set":{"cardCount":{"official":135,"total":138},"id":"bw8","name":"Plasma-Sturm","symbol":"https://assets.tcgdex.net/univ/bw/bw8/symbol"},"variants":{"firstEdition":false,"holo":true,"normal":true,"reverse":true,"wPromo":false},"dexId":[632],"hp":70,"types":["Metall"],"stage":"Basis","attacks":[{"cost":["Farblos"]},{"cost":["Metall","Farblos"],"damage":30}],"weaknesses":[{"type":"Feuer","value":"×2"}],"resistances":[{"type":"Psycho","value":"-20"}],"retreat":1,"legal":{"standard":false,"expanded":true}},{"category":"Pokémon","id":"bw8-93","illustrator":"Eske Yoshinob","localId":"93","name":"Kobalium-EX","rarity":"Selten","set":{"cardCount":{"official":135,"total":138},"id":"bw8","name":"Plasma-Sturm","symbol":"https://assets.tcgdex.net/univ/bw/bw8/symbol"},"variants":{"firstEdition":false,"holo":true,"normal":true,"reverse":true,"wPromo":false},"dexId":[638],"hp":180,"types":["Metall"],"suffix":"EX","attacks":[{"cost":["Metall"],"damage":30},{"cost":["Metall","Metall","Farblos"],"damage":100}],"weaknesses":[{"type":"Feuer","value":"×2"}],"resistances":[{"type":"Psycho","value":"-20"}],"retreat":2,"legal":{"standard":false,"expanded":true}},{"category":"Pokémon","id":"bw8-94","illustrator":"5ban Graphics","localId":"94","name":"Shardrago","rarity":"Selten","set":{"cardCount":{"official":135,"total":138},"id":"bw8","name":"Plasma-Sturm","symbol":"https://assets.tcgdex.net/univ/bw/bw8/symbol"},"variants":{"firstEdition":false,"holo":true,"normal":true,"reverse":true,"wPromo":false},"dexId":[621],"hp":110,"types":["Drache"],"stage":"Basis","attacks":[{"cost":["Farblos","Farblos"],"damage":20},{"cost":["Feuer","Feuer","Wasser","Farblos"],"damage":90}],"weaknesses":[{"type":"Drache","value":"×2"}],"retreat":1,"legal":{"standard":false,"expanded":true}},{"category":"Pokémon","id":"bw8-95","illustrator":"Shizurow","localId":"95","name":"Schwarzes Kyurem-EX","rarity":"Selten","set":{"cardCount":{"official":135,"total":138},"id":"bw8","name":"Plasma-Sturm","symbol":"https://assets.tcgdex.net/univ/bw/bw8/symbol"},"variants":{"firstEdition":false,"holo":true,"normal":true,"reverse":true,"wPromo":false},"dexId":[646],"hp":180,"types":["Drache"],"suffix":"EX","attacks":[{"cost":["Farblos","Farblos","Farblos"],"damage":60},{"cost":["Wasser","Wasser","Elektro","Farblos"],"damage":200}],"weaknesses":[{"type":"Drache","value":"×2"}],"retreat":3,"legal":{"standard":false,"expanded":true}},{"category":"Pokémon","id":"bw8-96","illustrator":"Shizurow","localId":"96","name":"Weißes Kyurem-EX","rarity":"Selten","set":{"cardCount":{"official":135,"total":138},"id":"bw8","name":"Plasma-Sturm","symbol":"https://assets.tcgdex.net/univ/bw/bw8/symbol"},"variants":{"firstEdition":false,"holo":true,"normal":true,"reverse":true,"wPromo":false},"dexId":[646],"hp":180,"types":["Drache"],"suffix":"EX","attacks":[{"cost":["Farblos","Farblos","Farblos"],"damage":60},{"cost":["Feuer","Feuer","Wasser","Farblos"],"damage":100}],"weaknesses":[{"type":"Drache","value":"×2"}],"retreat":3,"legal":{"standard":false,"expanded":true}},{"category":"Pokémon","id":"bw8-97","illustrator":"Atsuko Nishida","localId":"97","name":"Piepi","rarity":"Häufig","set":{"cardCount":{"official":135,"total":138},"id":"bw8","name":"Plasma-Sturm","symbol":"https://assets.tcgdex.net/univ/bw/bw8/symbol"},"variants":{"firstEdition":false,"holo":true,"normal":true,"reverse":true,"wPromo":false},"dexId":[35],"hp":60,"types":["Farblos"],"stage":"Basis","attacks":[{"cost":["Farblos"],"damage":10},{"cost":["Farblos","Farblos"],"damage":20}],"weaknesses":[{"type":"Kampf","value":"×2"}],"retreat":1,"legal":{"standard":false,"expanded":true}},{"category":"Pokémon","id":"bw8-98","illustrator":"Kagemaru Himeno","localId":"98","name":"Pixi","rarity":"Selten","set":{"cardCount":{"official":135,"total":138},"id":"bw8","name":"Plasma-Sturm","symbol":"https://assets.tcgdex.net/univ/bw/bw8/symbol"},"variants":{"firstEdition":false,"holo":true,"normal":true,"reverse":true,"wPromo":false},"dexId":[36],"hp":90,"types":["Farblos"],"stage":"Rang 1","abilities":[{"type":"Fähigkeit","name":"Mondführung","effect":"Einmal während deines Zuges (vor deinem Angriff) kannst du 1 Münze werfen. Durchsuche bei „Kopf“ dein Deck nach einer Karte, zu der sich 1 deiner Pokémon entwickelt, und lege sie auf das entsprechende Pokémon. (Dies zählt als Entwicklung des Pokémon.) Mische anschließend dein Deck."}],"attacks":[{"cost":["Farblos","Farblos","Farblos"],"damage":50}],"weaknesses":[{"type":"Kampf","value":"×2"}],"retreat":1,"legal":{"standard":false,"expanded":true}},{"category":"Pokémon","id":"bw8-99","illustrator":"Kyoko Umemoto","localId":"99","name":"Dodu","rarity":"Häufig","set":{"cardCount":{"official":135,"total":138},"id":"bw8","name":"Plasma-Sturm","symbol":"https://assets.tcgdex.net/univ/bw/bw8/symbol"},"variants":{"firstEdition":false,"holo":true,"normal":true,"reverse":true,"wPromo":false},"dexId":[84],"hp":60,"types":["Farblos"],"stage":"Basis","attacks":[{"cost":["Farblos","Farblos"],"damage":10}],"weaknesses":[{"type":"Elektro","value":"×2"}],"resistances":[{"type":"Kampf","value":"-20"}],"retreat":1,"legal":{"standard":false,"expanded":true}},{"category":"Pokémon","id":"bw8-100","illustrator":"kawayoo","localId":"100","name":"Dodri","rarity":"Selten","set":{"cardCount":{"official":135,"total":138},"id":"bw8","name":"Plasma-Sturm","symbol":"https://assets.tcgdex.net/univ/bw/bw8/symbol"},"variants":{"firstEdition":false,"holo":true,"normal":true,"reverse":true,"wPromo":false},"dexId":[85],"hp":90,"types":["Farblos"],"stage":"Rang 1","attacks":[{"cost":["Farblos"],"damage":30},{"cost":["Farblos","Farblos","Farblos"],"damage":60}],"weaknesses":[{"type":"Elektro","value":"×2"}],"resistances":[{"type":"Kampf","value":"-20"}],"retreat":1,"legal":{"standard":false,"expanded":true}},{"category":"Pokémon","id":"bw8-101","illustrator":"5ban Graphics","localId":"101","name":"Relaxo","rarity":"Selten","set":{"cardCount":{"official":135,"total":138},"id":"bw8","name":"Plasma-Sturm","symbol":"https://assets.tcgdex.net/univ/bw/bw8/symbol"},"variants":{"firstEdition":false,"holo":true,"normal":true,"reverse":true,"wPromo":false},"dexId":[143],"hp":130,"types":["Farblos"],"stage":"Basis","abilities":[{"type":"Fähigkeit","name":"Rückentzug","effect":"Solang dieses Pokémon dein Aktives Pokémon ist, kann sich das Aktive Pokémon deines Gegners nicht zurückziehen."}],"attacks":[{"cost":["Farblos","Farblos","Farblos","Farblos","Farblos"],"damage":30}],"weaknesses":[{"type":"Kampf","value":"×2"}],"retreat":4,"legal":{"standard":false,"expanded":true}},{"category":"Pokémon","id":"bw8-102","illustrator":"Kanako Eo","localId":"102","name":"Togepi","rarity":"Häufig","set":{"cardCount":{"official":135,"total":138},"id":"bw8","name":"Plasma-Sturm","symbol":"https://assets.tcgdex.net/univ/bw/bw8/symbol"},"variants":{"firstEdition":false,"holo":true,"normal":true,"reverse":true,"wPromo":false},"dexId":[175],"hp":40,"types":["Farblos"],"stage":"Basis","attacks":[{"cost":["Farblos"]}],"weaknesses":[{"type":"Kampf","value":"×2"}],"retreat":1,"legal":{"standard":false,"expanded":true}},{"category":"Pokémon","id":"bw8-103","illustrator":"Akira Komayama","localId":"103","name":"Togetic","rarity":"Ungewöhnlich","set":{"cardCount":{"official":135,"total":138},"id":"bw8","name":"Plasma-Sturm","symbol":"https://assets.tcgdex.net/univ/bw/bw8/symbol"},"variants":{"firstEdition":false,"holo":true,"normal":true,"reverse":true,"wPromo":false},"dexId":[176],"hp":80,"types":["Farblos"],"stage":"Rang 1","attacks":[{"cost":["Farblos"],"damage":30}],"weaknesses":[{"type":"Elektro","value":"×2"}],"resistances":[{"type":"Kampf","value":"-20"}],"retreat":1,"legal":{"standard":false,"expanded":true}},{"category":"Pokémon","id":"bw8-104","illustrator":"Shin Nagasawa","localId":"104","name":"Togekiss","rarity":"Selten","set":{"cardCount":{"official":135,"total":138},"id":"bw8","name":"Plasma-Sturm","symbol":"https://assets.tcgdex.net/univ/bw/bw8/symbol"},"variants":{"firstEdition":false,"holo":true,"normal":true,"reverse":true,"wPromo":false},"dexId":[468],"hp":140,"types":["Farblos"],"stage":"Rang 2","abilities":[{"type":"Fähigkeit","name":"Greller Schleier","effect":"Solang dieses Pokémon dein Aktives Pokémon ist, verhindere jedes Mal, wenn dein Gegner 1 Itemkarte von seiner Hand spielt, sämtliche Effekte, die diese Karte deinen Pokémon zufügen würde."}],"attacks":[{"cost":["Farblos"],"damage":30}],"weaknesses":[{"type":"Elektro","value":"×2"}],"resistances":[{"type":"Kampf","value":"-20"}],"retreat":1,"legal":{"standard":false,"expanded":true}},{"category":"Pokémon","id":"bw8-105","illustrator":"Midori Harada","localId":"105","name":"Flurmel","rarity":"Häufig","set":{"cardCount":{"official":135,"total":138},"id":"bw8","name":"Plasma-Sturm","symbol":"https://assets.tcgdex.net/univ/bw/bw8/symbol"},"variants":{"firstEdition":false,"holo":true,"normal":true,"reverse":true,"wPromo":false},"dexId":[293],"hp":70,"types":["Farblos"],"stage":"Basis","attacks":[{"cost":["Farblos"]},{"cost":["Farblos","Farblos","Farblos"],"damage":30}],"weaknesses":[{"type":"Kampf","value":"×2"}],"retreat":2,"legal":{"standard":false,"expanded":true}},{"category":"Pokémon","id":"bw8-106","illustrator":"Aya Kusube","localId":"106","name":"Krakeelo","rarity":"Ungewöhnlich","set":{"cardCount":{"official":135,"total":138},"id":"bw8","name":"Plasma-Sturm","symbol":"https://assets.tcgdex.net/univ/bw/bw8/symbol"},"variants":{"firstEdition":false,"holo":true,"normal":true,"reverse":true,"wPromo":false},"dexId":[294],"hp":90,"types":["Farblos"],"stage":"Rang 1","attacks":[{"cost":["Farblos"]},{"cost":["Farblos","Farblos","Farblos"],"damage":50}],"weaknesses":[{"type":"Kampf","value":"×2"}],"retreat":3,"legal":{"standard":false,"expanded":true}},{"category":"Pokémon","id":"bw8-107","illustrator":"match","localId":"107","name":"Krawumms","rarity":"Selten","set":{"cardCount":{"official":135,"total":138},"id":"bw8","name":"Plasma-Sturm","symbol":"https://assets.tcgdex.net/univ/bw/bw8/symbol"},"variants":{"firstEdition":false,"holo":true,"normal":true,"reverse":true,"wPromo":false},"dexId":[295],"hp":140,"types":["Farblos"],"stage":"Rang 2","attacks":[{"cost":["Farblos","Farblos","Farblos"]},{"cost":["Farblos","Farblos","Farblos","Farblos"],"damage":50}],"weaknesses":[{"type":"Kampf","value":"×2"}],"retreat":4,"legal":{"standard":false,"expanded":true}},{"category":"Pokémon","id":"bw8-108","illustrator":"Toyste Beach","localId":"108","name":"Lugia-EX","rarity":"Selten","set":{"cardCount":{"official":135,"total":138},"id":"bw8","name":"Plasma-Sturm","symbol":"https://assets.tcgdex.net/univ/bw/bw8/symbol"},"variants":{"firstEdition":false,"holo":true,"normal":true,"reverse":true,"wPromo":false},"dexId":[249],"hp":180,"types":["Farblos"],"suffix":"EX","abilities":[{"type":"Fähigkeit","name":"Extrapreis","effect":"Wenn das Pokémon deines Gegners durch Schaden eines Angriffs dieses Pokémon kampfunfähig wird, nimm 1 zusätzliche Preiskarte."}],"attacks":[{"cost":["Farblos","Farblos","Farblos","Farblos"],"damage":120}],"weaknesses":[{"type":"Elektro","value":"×2"}],"resistances":[{"type":"Kampf","value":"-20"}],"retreat":2,"legal":{"standard":false,"expanded":true}},{"category":"Pokémon","id":"bw8-109","illustrator":"Masakazu Fukuda","localId":"109","name":"Eneco","rarity":"Häufig","set":{"cardCount":{"official":135,"total":138},"id":"bw8","name":"Plasma-Sturm","symbol":"https://assets.tcgdex.net/univ/bw/bw8/symbol"},"variants":{"firstEdition":false,"holo":true,"normal":true,"reverse":true,"wPromo":false},"dexId":[300],"hp":50,"types":["Farblos"],"stage":"Basis","attacks":[{"cost":["Farblos","Farblos"],"damage":20}],"weaknesses":[{"type":"Kampf","value":"×2"}],"retreat":1,"legal":{"standard":false,"expanded":true}},{"category":"Pokémon","id":"bw8-110","illustrator":"Kouki Saitou","localId":"110","name":"Nagelotz","rarity":"Häufig","set":{"cardCount":{"official":135,"total":138},"id":"bw8","name":"Plasma-Sturm","symbol":"https://assets.tcgdex.net/univ/bw/bw8/symbol"},"variants":{"firstEdition":false,"holo":true,"normal":true,"reverse":true,"wPromo":false},"dexId":[504],"hp":50,"types":["Farblos"],"stage":"Basis","attacks":[{"cost":["Farblos"],"damage":20}],"weaknesses":[{"type":"Kampf","value":"×2"}],"retreat":1,"legal":{"standard":false,"expanded":true}},{"category":"Pokémon","id":"bw8-111","illustrator":"Naoki Saito","localId":"111","name":"Nagelotz","rarity":"Häufig","set":{"cardCount":{"official":135,"total":138},"id":"bw8","name":"Plasma-Sturm","symbol":"https://assets.tcgdex.net/univ/bw/bw8/symbol"},"variants":{"firstEdition":false,"holo":true,"normal":true,"reverse":true,"wPromo":false},"dexId":[504],"hp":50,"types":["Farblos"],"stage":"Basis","attacks":[{"cost":["Farblos"]},{"cost":["Farblos","Farblos"],"damage":20}],"weaknesses":[{"type":"Kampf","value":"×2"}],"retreat":1,"legal":{"standard":false,"expanded":true}},{"category":"Pokémon","id":"bw8-112","illustrator":"5ban Graphics","localId":"112","name":"Kukmarda","rarity":"Ungewöhnlich","set":{"cardCount":{"official":135,"total":138},"id":"bw8","name":"Plasma-Sturm","symbol":"https://assets.tcgdex.net/univ/bw/bw8/symbol"},"variants":{"firstEdition":false,"holo":true,"normal":true,"reverse":true,"wPromo":false},"dexId":[505],"hp":90,"types":["Farblos"],"stage":"Rang 1","attacks":[{"cost":["Farblos"]},{"cost":["Farblos","Farblos"],"damage":30}],"weaknesses":[{"type":"Kampf","value":"×2"}],"retreat":1,"legal":{"standard":false,"expanded":true}},{"category":"Pokémon","id":"bw8-113","illustrator":"5ban Graphics","localId":"113","name":"Kukmarda","rarity":"Selten","set":{"cardCount":{"official":135,"total":138},"id":"bw8","name":"Plasma-Sturm","symbol":"https://assets.tcgdex.net/univ/bw/bw8/symbol"},"variants":{"firstEdition":false,"holo":true,"normal":true,"reverse":true,"wPromo":false},"dexId":[505],"hp":90,"types":["Farblos"],"stage":"Rang 1","attacks":[{"cost":["Farblos","Farblos"],"damage":20},{"cost":["Farblos","Farblos","Farblos"],"damage":60}],"weaknesses":[{"type":"Kampf","value":"×2"}],"retreat":1,"legal":{"standard":false,"expanded":true}},{"category":"Pokémon","id":"bw8-114","illustrator":"5ban Graphics","localId":"114","name":"Bisofank","rarity":"Selten","set":{"cardCount":{"official":135,"total":138},"id":"bw8","name":"Plasma-Sturm","symbol":"https://assets.tcgdex.net/univ/bw/bw8/symbol"},"variants":{"firstEdition":false,"holo":true,"normal":true,"reverse":true,"wPromo":false},"dexId":[626],"hp":100,"types":["Farblos"],"stage":"Basis","attacks":[{"cost":["Farblos"]},{"cost":["Farblos","Farblos","Farblos","Farblos"],"damage":70}],"weaknesses":[{"type":"Kampf","value":"×2"}],"retreat":2,"legal":{"standard":false,"expanded":true}},{"category":"Pokémon","id":"bw8-115","illustrator":"kawayoo","localId":"115","name":"Geronimatz","rarity":"Häufig","set":{"cardCount":{"official":135,"total":138},"id":"bw8","name":"Plasma-Sturm","symbol":"https://assets.tcgdex.net/univ/bw/bw8/symbol"},"variants":{"firstEdition":false,"holo":true,"normal":true,"reverse":true,"wPromo":false},"dexId":[627],"hp":50,"types":["Farblos"],"stage":"Basis","attacks":[{"cost":["Farblos","Farblos"],"damage":10}],"weaknesses":[{"type":"Elektro","value":"×2"}],"resistances":[{"type":"Kampf","value":"-20"}],"retreat":1,"legal":{"standard":false,"expanded":true}},{"category":"Pokémon","id":"bw8-116","illustrator":"Akira Komayama","localId":"116","name":"Washakwil","rarity":"Selten","set":{"cardCount":{"official":135,"total":138},"id":"bw8","name":"Plasma-Sturm","symbol":"https://assets.tcgdex.net/univ/bw/bw8/symbol"},"variants":{"firstEdition":false,"holo":true,"normal":true,"reverse":true,"wPromo":false},"dexId":[628],"hp":100,"types":["Farblos"],"stage":"Rang 1","abilities":[{"type":"Fähigkeit","name":"Große Schwingen","effect":"Einmal während deines Zuges (vor deinem Angriff) kannst du, wenn dieses Pokémon dein Aktives Pokémon ist, deinen Gegner dazu veranlassen, sein Aktives Pokémon gegen 1 Pokémon auf seiner Bank auszutauschen."}],"attacks":[{"cost":["Farblos","Farblos","Farblos"],"damage":60}],"weaknesses":[{"type":"Elektro","value":"×2"}],"resistances":[{"type":"Kampf","value":"-20"}],"retreat":2,"legal":{"standard":false,"expanded":true}},{"category":"Trainer","id":"bw8-117","illustrator":"Toyste Beach","localId":"117","name":"Fahrrad","rarity":"Ungewöhnlich","set":{"cardCount":{"official":135,"total":138},"id":"bw8","name":"Plasma-Sturm","symbol":"https://assets.tcgdex.net/univ/bw/bw8/symbol"},"variants":{"firstEdition":false,"holo":true,"normal":true,"reverse":true,"wPromo":false},"effect":"Ziehe so viele Karten, bis du 4 Karten auf der Hand hast.","trainerType":"Itemkarte","legal":{"standard":false,"expanded":true}},{"category":"Trainer","id":"bw8-118","illustrator":"Yusuke Ohmura","localId":"118","name":"Achromas","rarity":"Ungewöhnlich","set":{"cardCount":{"official":135,"total":138},"id":"bw8","name":"Plasma-Sturm","symbol":"https://assets.tcgdex.net/univ/bw/bw8/symbol"},"variants":{"firstEdition":false,"holo":true,"normal":true,"reverse":true,"wPromo":false},"effect":"Mische deine Handkarten in dein Deck. Ziehe anschließend genauso viele Karten, wie sich Pokémon auf der Bank befinden (deiner und der deines Gegners).","trainerType":"Unterstützerkarte","legal":{"standard":false,"expanded":true}},{"category":"Trainer","id":"bw8-119","illustrator":"Ryo Ueda","localId":"119","name":"Achromat","rarity":"Ungewöhnlich","set":{"cardCount":{"official":135,"total":138},"id":"bw8","name":"Plasma-Sturm","symbol":"https://assets.tcgdex.net/univ/bw/bw8/symbol"},"variants":{"firstEdition":false,"holo":true,"normal":true,"reverse":true,"wPromo":false},"effect":"Durchsuche dein Deck nach einer Plasma-Energiekarte und lege sie an 1 deiner Team-Plasma-Pokémon an. Mische anschließend dein Deck.","trainerType":"Itemkarte","legal":{"standard":false,"expanded":true}},{"category":"Trainer","id":"bw8-120","illustrator":"Ryo Ueda","localId":"120","name":"Fluchtseil","rarity":"Ungewöhnlich","set":{"cardCount":{"official":135,"total":138},"id":"bw8","name":"Plasma-Sturm","symbol":"https://assets.tcgdex.net/univ/bw/bw8/symbol"},"variants":{"firstEdition":false,"holo":true,"normal":true,"reverse":true,"wPromo":false},"effect":"Jeder Spieler tauscht sein Aktives Pokémon gegen 1 Pokémon auf seiner Bank aus. (Dein Gegner beginnt. Hat ein Spieler kein Pokémon auf der Bank, tauscht er kein Pokémon aus.)","trainerType":"Itemkarte","legal":{"standard":false,"expanded":true}},{"category":"Trainer","id":"bw8-121","illustrator":"Toyste Beach","localId":"121","name":"Äther","rarity":"Ungewöhnlich","set":{"cardCount":{"official":135,"total":138},"id":"bw8","name":"Plasma-Sturm","symbol":"https://assets.tcgdex.net/univ/bw/bw8/symbol"},"variants":{"firstEdition":false,"holo":true,"normal":true,"reverse":true,"wPromo":false},"effect":"Decke die oberste Karte deines Decks auf. Handelt es sich um eine Basis-Energiekarte, lege sie an 1 deiner Pokémon an. Handelt es sich nicht um eine Basis-Energiekarte, lege sie zurück auf dein Deck.","trainerType":"Itemkarte","legal":{"standard":false,"expanded":true}},{"category":"Trainer","id":"bw8-122","illustrator":"5ban Graphics","localId":"122","name":"Evolith","rarity":"Ungewöhnlich","set":{"cardCount":{"official":135,"total":138},"id":"bw8","name":"Plasma-Sturm","symbol":"https://assets.tcgdex.net/univ/bw/bw8/symbol"},"variants":{"firstEdition":false,"holo":true,"normal":true,"reverse":true,"wPromo":false},"effect":"Wenn das Pokémon, an das diese Karte angelegt ist, ein Basis-Pokémon ist, wird der diesem Pokémon durch Angriffe zugefügte Schaden um 20 Schadenspunkte reduziert (nachdem Schwäche und Resistenz verrechnet wurden).","trainerType":"Pokémon-Ausrüstung","legal":{"standard":false,"expanded":true}},{"category":"Trainer","id":"bw8-123","illustrator":"5ban Graphics","localId":"123","name":"Hypnotoxinlaser","rarity":"Ungewöhnlich","set":{"cardCount":{"official":135,"total":138},"id":"bw8","name":"Plasma-Sturm","symbol":"https://assets.tcgdex.net/univ/bw/bw8/symbol"},"variants":{"firstEdition":false,"holo":true,"normal":true,"reverse":true,"wPromo":false},"effect":"Das Aktive Pokémon deines Gegners ist jetzt vergiftet. Wirf 1 Münze. Bei „Kopf“ schläft das Aktive Pokémon jetzt auch noch.","trainerType":"Itemkarte","legal":{"standard":false,"expanded":true}},{"category":"Trainer","id":"bw8-124","illustrator":"5ban Graphics","localId":"124","name":"Plasma-Fregatte","rarity":"Ungewöhnlich","set":{"cardCount":{"official":135,"total":138},"id":"bw8","name":"Plasma-Sturm","symbol":"https://assets.tcgdex.net/univ/bw/bw8/symbol"},"variants":{"firstEdition":false,"holo":true,"normal":true,"reverse":true,"wPromo":false},"effect":"Jedes Pokémon (deine und die deines Gegners), an dem Plasma-Energie angelegt ist, hat keine Schwäche.","trainerType":"Stadionkarte","legal":{"standard":false,"expanded":true}},{"category":"Trainer","id":"bw8-125","illustrator":"Yusuke Ohmura","localId":"125","name":"Team Plasma Rüpel","rarity":"Ungewöhnlich","set":{"cardCount":{"official":135,"total":138},"id":"bw8","name":"Plasma-Sturm","symbol":"https://assets.tcgdex.net/univ/bw/bw8/symbol"},"variants":{"firstEdition":false,"holo":true,"normal":true,"reverse":true,"wPromo":false},"effect":"Lege 1 Team-Plasma-Karte von deiner Hand auf deinen Ablagestapel. (Wenn du keine Team-Plasma-Karte auf deinen Ablagestapel legen kannst, kannst du diese Karte nicht spielen.) Ziehe 4 Karten.","trainerType":"Unterstützerkarte","legal":{"standard":false,"expanded":true}},{"category":"Trainer","id":"bw8-126","illustrator":"Ryo Ueda","localId":"126","name":"Vapydro City-Arena","rarity":"Ungewöhnlich","set":{"cardCount":{"official":135,"total":138},"id":"bw8","name":"Plasma-Sturm","symbol":"https://assets.tcgdex.net/univ/bw/bw8/symbol"},"variants":{"firstEdition":false,"holo":true,"normal":true,"reverse":true,"wPromo":false},"effect":"Lege zwischen den Zügen 2 weitere Schadensmarken auf vergiftete Pokémon (deine und die deines Gegners).","trainerType":"Stadionkarte","legal":{"standard":false,"expanded":true}},{"category":"Energie","id":"bw8-127","illustrator":"5ban Graphics","localId":"127","name":"Plasma-Energie","rarity":"Ungewöhnlich","set":{"cardCount":{"official":135,"total":138},"id":"bw8","name":"Plasma-Sturm","symbol":"https://assets.tcgdex.net/univ/bw/bw8/symbol"},"variants":{"firstEdition":false,"holo":true,"normal":true,"reverse":true,"wPromo":false},"effect":"Diese Karte liefert Colorless-Energie.","energyType":"Spezial","legal":{"standard":false,"expanded":true}},{"category":"Trainer","id":"bw8-128","illustrator":"Ryo Ueda","localId":"128","name":"Itemradar","rarity":"Selten","set":{"cardCount":{"official":135,"total":138},"id":"bw8","name":"Plasma-Sturm","symbol":"https://assets.tcgdex.net/univ/bw/bw8/symbol"},"variants":{"firstEdition":false,"holo":true,"normal":true,"reverse":true,"wPromo":false},"effect":"Lege 2 Karten von deiner Hand auf deinen Ablagestapel. (Wenn du keine 2 Karten auf deinen Ablagestapel legen kannst, kannst du diese Karte nicht spielen.) Nimm 1 Trainerkarte von deinem Ablagestapel auf deine Hand.","trainerType":"Itemkarte","legal":{"standard":false,"expanded":true}},{"category":"Trainer","id":"bw8-129","illustrator":"5ban Graphics","localId":"129","name":"Wechselschalter","rarity":"Selten","set":{"cardCount":{"official":135,"total":138},"id":"bw8","name":"Plasma-Sturm","symbol":"https://assets.tcgdex.net/univ/bw/bw8/symbol"},"variants":{"firstEdition":false,"holo":true,"normal":true,"reverse":true,"wPromo":false},"effect":"Tausche dein Aktives Pokémon gegen 1 Pokémon auf deiner Bank aus. Du kannst anschließend beliebig viele der an dein altes Aktives Pokémon angelegten Energien auf dein neues Aktives Pokémon verschieben.","trainerType":"Itemkarte","legal":{"standard":false,"expanded":true}},{"category":"Trainer","id":"bw8-130","illustrator":"5ban Graphics","localId":"130","name":"TriumVant","rarity":"Selten","set":{"cardCount":{"official":135,"total":138},"id":"bw8","name":"Plasma-Sturm","symbol":"https://assets.tcgdex.net/univ/bw/bw8/symbol"},"variants":{"firstEdition":false,"holo":true,"normal":true,"reverse":true,"wPromo":false},"effect":"Wenn diese Karte an Victini-EX angelegt ist, kann Victini-EX seine Angriffe ungeachtet der Anzahl oder des Typs der angelegten Energien einsetzen.","trainerType":"Pokémon-Ausrüstung","legal":{"standard":false,"expanded":true}},{"category":"Pokémon","id":"bw8-131","illustrator":"Ryo Ueda","localId":"131","name":"Victini-EX","rarity":"Ultra Selten","set":{"cardCount":{"official":135,"total":138},"id":"bw8","name":"Plasma-Sturm","symbol":"https://assets.tcgdex.net/univ/bw/bw8/symbol"},"variants":{"firstEdition":false,"holo":true,"normal":true,"reverse":true,"wPromo":false},"dexId":[494],"hp":110,"types":["Feuer"],"suffix":"EX","attacks":[{"cost":["Feuer"]},{"cost":["Feuer","Farblos","Farblos"],"damage":50}],"weaknesses":[{"type":"Wasser","value":"×2"}],"retreat":1,"legal":{"standard":false,"expanded":true}},{"category":"Pokémon","id":"bw8-132","illustrator":"Toyste Beach","localId":"132","name":"Arktos-EX","rarity":"Ultra Selten","set":{"cardCount":{"official":135,"total":138},"id":"bw8","name":"Plasma-Sturm","symbol":"https://assets.tcgdex.net/univ/bw/bw8/symbol"},"variants":{"firstEdition":false,"holo":true,"normal":true,"reverse":true,"wPromo":false},"dexId":[144],"hp":170,"types":["Wasser"],"suffix":"EX","attacks":[{"cost":["Wasser","Farblos","Farblos"],"damage":60},{"cost":["Wasser","Wasser","Farblos","Farblos"],"damage":80}],"weaknesses":[{"type":"Metall","value":"×2"}],"resistances":[{"type":"Kampf","value":"-20"}],"retreat":1,"legal":{"standard":false,"expanded":true}},{"category":"Pokémon","id":"bw8-133","illustrator":"Ryo Ueda","localId":"133","name":"Kobalium-EX","rarity":"Ultra Selten","set":{"cardCount":{"official":135,"total":138},"id":"bw8","name":"Plasma-Sturm","symbol":"https://assets.tcgdex.net/univ/bw/bw8/symbol"},"variants":{"firstEdition":false,"holo":true,"normal":true,"reverse":true,"wPromo":false},"dexId":[638],"hp":180,"types":["Metall"],"suffix":"EX","attacks":[{"cost":["Metall"],"damage":30},{"cost":["Metall","Metall","Farblos"],"damage":100}],"weaknesses":[{"type":"Feuer","value":"×2"}],"resistances":[{"type":"Psycho","value":"-20"}],"retreat":2,"legal":{"standard":false,"expanded":true}},{"category":"Pokémon","id":"bw8-134","illustrator":"Toyste Beach","localId":"134","name":"Lugia-EX","rarity":"Ultra Selten","set":{"cardCount":{"official":135,"total":138},"id":"bw8","name":"Plasma-Sturm","symbol":"https://assets.tcgdex.net/univ/bw/bw8/symbol"},"variants":{"firstEdition":false,"holo":true,"normal":true,"reverse":true,"wPromo":false},"dexId":[249],"hp":180,"types":["Farblos"],"suffix":"EX","abilities":[{"type":"Fähigkeit","name":"Extrapreis","effect":"Wenn das Pokémon deines Gegners durch Schaden eines Angriffs dieses Pokémon kampfunfähig wird, nimm 1 zusätzliche Preiskarte."}],"attacks":[{"cost":["Farblos","Farblos","Farblos","Farblos"],"damage":120}],"weaknesses":[{"type":"Elektro","value":"×2"}],"resistances":[{"type":"Kampf","value":"-20"}],"retreat":2,"legal":{"standard":false,"expanded":true}},{"category":"Trainer","id":"bw8-135","illustrator":"Kanako Eo","localId":"135","name":"Achromas","rarity":"Ultra Selten","set":{"cardCount":{"official":135,"total":138},"id":"bw8","name":"Plasma-Sturm","symbol":"https://assets.tcgdex.net/univ/bw/bw8/symbol"},"variants":{"firstEdition":false,"holo":true,"normal":true,"reverse":true,"wPromo":false},"effect":"Mische deine Handkarten in dein Deck. Ziehe anschließend genauso viele Karten, wie sich Pokémon auf der Bank befinden (deiner und der deines Gegners).","trainerType":"Unterstützerkarte","legal":{"standard":false,"expanded":true}},{"category":"Pokémon","id":"bw8-136","illustrator":"Ayaka Yoshida","localId":"136","name":"Glurak","rarity":"Versteckt Selten","set":{"cardCount":{"official":135,"total":138},"id":"bw8","name":"Plasma-Sturm","symbol":"https://assets.tcgdex.net/univ/bw/bw8/symbol"},"variants":{"firstEdition":false,"holo":true,"normal":true,"reverse":true,"wPromo":false},"dexId":[6],"hp":160,"types":["Feuer"],"stage":"Rang 2","attacks":[{"cost":["Feuer","Farblos","Farblos"]},{"cost":["Feuer","Farblos","Farblos","Farblos","Farblos"],"damage":150}],"weaknesses":[{"type":"Wasser","value":"×2"}],"retreat":3,"legal":{"standard":false,"expanded":true}},{"category":"Pokémon","id":"bw8-137","illustrator":"Ayaka Yoshida","localId":"137","name":"Turtok","rarity":"Versteckt Selten","set":{"cardCount":{"official":135,"total":138},"id":"bw8","name":"Plasma-Sturm","symbol":"https://assets.tcgdex.net/univ/bw/bw8/symbol"},"variants":{"firstEdition":false,"holo":true,"normal":true,"reverse":true,"wPromo":false},"dexId":[9],"hp":140,"types":["Wasser"],"stage":"Rang 2","abilities":[{"type":"Fähigkeit","name":"Sintflut","effect":"Beliebig oft während deines Zuges (vor deinem Angriff) kannst du 1 Water-Energiekarte von deiner Hand an 1 deiner Pokémon anlegen."}],"attacks":[{"cost":["Farblos","Farblos","Farblos","Farblos"],"damage":60}],"weaknesses":[{"type":"Pflanze","value":"×2"}],"retreat":4,"legal":{"standard":false,"expanded":true}},{"category":"Trainer","id":"bw8-138","illustrator":"5ban Graphics","localId":"138","name":"Zufallsempfänger","rarity":"Versteckt Selten","set":{"cardCount":{"official":135,"total":138},"id":"bw8","name":"Plasma-Sturm","symbol":"https://assets.tcgdex.net/univ/bw/bw8/symbol"},"variants":{"firstEdition":false,"holo":true,"normal":true,"reverse":true,"wPromo":false},"effect":"Decke solang Karten von deinem Deck auf, bis du eine Unterstützerkarte aufdeckst. Nimm sie auf deine Hand. Mische die anderen Karten zurück in dein Deck.","trainerType":"Itemkarte","legal":{"standard":false,"expanded":true}}]