[{"category":"Pokémon","id":"bw5-1","illustrator":"Mitsuhiro Arita","localId":"1","name":"Bisasam","rarity":"Häufig","set":{"cardCount":{"official":108,"total":111},"id":"bw5","name":"Erfoscher der Finsternis","symbol":"https://assets.tcgdex.net/univ/bw/bw5/symbol"},"variants":{"firstEdition":false,"holo":true,"normal":true,"reverse":true,"wPromo":false},"dexId":[1],"hp":60,"types":["Pflanze"],"stage":"Basis","attacks":[{"cost":["Pflanze"],"damage":10},{"cost":["Pflanze","Farblos","Farblos"],"damage":30}],"weaknesses":[{"type":"Feuer","value":"×2"}],"resistances":[{"type":"Wasser","value":"-20"}],"retreat":2,"legal":{"standard":false,"expanded":true}},{"category":"Pokémon","id":"bw5-2","illustrator":"sui","localId":"2","name":"Bisaknosp","rarity":"Ungewöhnlich","set":{"cardCount":{"official":108,"total":111},"id":"bw5","name":"Erfoscher der Finsternis","symbol":"https://assets.tcgdex.net/univ/bw/bw5/symbol"},"variants":{"firstEdition":false,"holo":true,"normal":true,"reverse":true,"wPromo":false},"dexId":[2],"hp":90,"types":["Pflanze"],"stage":"Rang 1","attacks":[{"cost":["Pflanze","Farblos"],"damage":20},{"cost":["Pflanze","Pflanze","Farblos"],"damage":50}],"weaknesses":[{"type":"Feuer","value":"×2"}],"resistances":[{"type":"Wasser","value":"-20"}],"retreat":3,"legal":{"standard":false,"expanded":true}},{"category":"Pokémon","id":"bw5-3","illustrator":"Masakazu Fukuda","localId":"3","name":"Bisaflor","rarity":"Selten","set":{"cardCount":{"official":108,"total":111},"id":"bw5","name":"Erfoscher der Finsternis","symbol":"https://assets.tcgdex.net/univ/bw/bw5/symbol"},"variants":{"firstEdition":false,"holo":true,"normal":true,"reverse":true,"wPromo":false},"dexId":[3],"hp":140,"types":["Pflanze"],"stage":"Rang 2","abilities":[{"type":"Fähigkeit","name":"Blütenduft","effect":"Einmal während deines Zuges (vor deinem Angriff) kannst du dein Deck nach 1 Pokémon durchsuchen, es deinem Gegner zeigen und auf deine Hand nehmen. Mische anschließend dein Deck."}],"attacks":[{"cost":["Pflanze","Pflanze","Farblos","Farblos"],"damage":70}],"weaknesses":[{"type":"Feuer","value":"×2"}],"resistances":[{"type":"Wasser","value":"-20"}],"retreat":4,"legal":{"standard":false,"expanded":true}},{"category":"Pokémon","id":"bw5-4","illustrator":"Naoki Saito","localId":"4","name":"Sichlor","rarity":"Ungewöhnlich","set":{"cardCount":{"official":108,"total":111},"id":"bw5","name":"Erfoscher der Finsternis","symbol":"https://assets.tcgdex.net/univ/bw/bw5/symbol"},"variants":{"firstEdition":false,"holo":true,"normal":true,"reverse":true,"wPromo":false},"dexId":[123],"hp":80,"types":["Pflanze"],"stage":"Basis","attacks":[{"cost":["Farblos","Farblos","Farblos"],"damage":60}],"weaknesses":[{"type":"Feuer","value":"×2"}],"retreat":1,"legal":{"standard":false,"expanded":true}},{"category":"Pokémon","id":"bw5-5","illustrator":"Yukiko Baba","localId":"5","name":"Venuflibis","rarity":"Selten","set":{"cardCount":{"official":108,"total":111},"id":"bw5","name":"Erfoscher der Finsternis","symbol":"https://assets.tcgdex.net/univ/bw/bw5/symbol"},"variants":{"firstEdition":false,"holo":true,"normal":true,"reverse":true,"wPromo":false},"dexId":[455],"hp":90,"types":["Pflanze"],"stage":"Basis","attacks":[{"cost":["Pflanze"]},{"cost":["Pflanze","Pflanze","Farblos"]}],"weaknesses":[{"type":"Feuer","value":"×2"}],"resistances":[{"type":"Wasser","value":"-20"}],"retreat":2,"legal":{"standard":false,"expanded":true}},{"category":"Pokémon","id":"bw5-6","illustrator":"Ryo Ueda","localId":"6","name":"Folipurba","rarity":"Selten","set":{"cardCount":{"official":108,"total":111},"id":"bw5","name":"Erfoscher der Finsternis","symbol":"https://assets.tcgdex.net/univ/bw/bw5/symbol"},"variants":{"firstEdition":false,"holo":true,"normal":true,"reverse":true,"wPromo":false},"dexId":[470],"hp":90,"types":["Pflanze"],"stage":"Rang 1","attacks":[{"cost":["Farblos"],"damage":10},{"cost":["Pflanze","Farblos"],"damage":40}],"weaknesses":[{"type":"Feuer","value":"×2"}],"resistances":[{"type":"Wasser","value":"-20"}],"retreat":1,"legal":{"standard":false,"expanded":true}},{"category":"Pokémon","id":"bw5-7","illustrator":"Akira Komayama","localId":"7","name":"Lithomith","rarity":"Häufig","set":{"cardCount":{"official":108,"total":111},"id":"bw5","name":"Erfoscher der Finsternis","symbol":"https://assets.tcgdex.net/univ/bw/bw5/symbol"},"variants":{"firstEdition":false,"holo":true,"normal":true,"reverse":true,"wPromo":false},"dexId":[557],"hp":60,"types":["Pflanze"],"stage":"Basis","attacks":[{"cost":["Pflanze"],"damage":10},{"cost":["Pflanze","Farblos","Farblos"],"damage":30}],"weaknesses":[{"type":"Feuer","value":"×2"}],"retreat":2,"legal":{"standard":false,"expanded":true}},{"category":"Pokémon","id":"bw5-8","illustrator":"Ryo Ueda","localId":"8","name":"Castellith","rarity":"Ungewöhnlich","set":{"cardCount":{"official":108,"total":111},"id":"bw5","name":"Erfoscher der Finsternis","symbol":"https://assets.tcgdex.net/univ/bw/bw5/symbol"},"variants":{"firstEdition":false,"holo":true,"normal":true,"reverse":true,"wPromo":false},"dexId":[558],"hp":110,"types":["Pflanze"],"stage":"Rang 1","attacks":[{"cost":["Pflanze","Farblos"],"damage":30},{"cost":["Pflanze","Farblos","Farblos"],"damage":70}],"weaknesses":[{"type":"Feuer","value":"×2"}],"retreat":3,"legal":{"standard":false,"expanded":true}},{"category":"Pokémon","id":"bw5-9","illustrator":"Kagemaru Himeno","localId":"9","name":"Laukaps","rarity":"Häufig","set":{"cardCount":{"official":108,"total":111},"id":"bw5","name":"Erfoscher der Finsternis","symbol":"https://assets.tcgdex.net/univ/bw/bw5/symbol"},"variants":{"firstEdition":false,"holo":true,"normal":true,"reverse":true,"wPromo":false},"dexId":[588],"hp":60,"types":["Pflanze"],"stage":"Basis","attacks":[{"cost":["Farblos"],"damage":10},{"cost":["Farblos","Farblos","Farblos"],"damage":40}],"weaknesses":[{"type":"Feuer","value":"×2"}],"retreat":1,"legal":{"standard":false,"expanded":true}},{"category":"Pokémon","id":"bw5-10","illustrator":"Shigenori Negishi","localId":"10","name":"Schnuthelm","rarity":"Häufig","set":{"cardCount":{"official":108,"total":111},"id":"bw5","name":"Erfoscher der Finsternis","symbol":"https://assets.tcgdex.net/univ/bw/bw5/symbol"},"variants":{"firstEdition":false,"holo":true,"normal":true,"reverse":true,"wPromo":false},"dexId":[616],"hp":60,"types":["Pflanze"],"stage":"Basis","attacks":[{"cost":["Pflanze","Pflanze"],"damage":20}],"weaknesses":[{"type":"Feuer","value":"×2"}],"retreat":3,"legal":{"standard":false,"expanded":true}},{"category":"Pokémon","id":"bw5-11","illustrator":"Kouki Saitou","localId":"11","name":"Hydragil","rarity":"Selten","set":{"cardCount":{"official":108,"total":111},"id":"bw5","name":"Erfoscher der Finsternis","symbol":"https://assets.tcgdex.net/univ/bw/bw5/symbol"},"variants":{"firstEdition":false,"holo":true,"normal":true,"reverse":true,"wPromo":false},"dexId":[617],"hp":90,"types":["Pflanze"],"stage":"Rang 1","attacks":[{"cost":["Pflanze"],"damage":20},{"cost":["Farblos","Farblos"],"damage":50}],"weaknesses":[{"type":"Feuer","value":"×2"}],"retreat":0,"legal":{"standard":false,"expanded":true}},{"category":"Pokémon","id":"bw5-12","illustrator":"Suwama Chiaki","localId":"12","name":"Flamara","rarity":"Ungewöhnlich","set":{"cardCount":{"official":108,"total":111},"id":"bw5","name":"Erfoscher der Finsternis","symbol":"https://assets.tcgdex.net/univ/bw/bw5/symbol"},"variants":{"firstEdition":false,"holo":true,"normal":true,"reverse":true,"wPromo":false},"dexId":[136],"hp":90,"types":["Feuer"],"stage":"Rang 1","attacks":[{"cost":["Farblos"],"damage":20},{"cost":["Feuer","Farblos","Farblos"],"damage":60}],"weaknesses":[{"type":"Wasser","value":"×2"}],"retreat":1,"legal":{"standard":false,"expanded":true}},{"category":"Pokémon","id":"bw5-13","illustrator":"Shizurow","localId":"13","name":"Entei-EX","rarity":"Selten","set":{"cardCount":{"official":108,"total":111},"id":"bw5","name":"Erfoscher der Finsternis","symbol":"https://assets.tcgdex.net/univ/bw/bw5/symbol"},"variants":{"firstEdition":false,"holo":true,"normal":true,"reverse":true,"wPromo":false},"dexId":[244],"hp":180,"types":["Feuer"],"suffix":"EX","attacks":[{"cost":["Feuer","Farblos"],"damage":30},{"cost":["Feuer","Feuer","Farblos"],"damage":90}],"weaknesses":[{"type":"Wasser","value":"×2"}],"retreat":3,"legal":{"standard":false,"expanded":true}},{"category":"Pokémon","id":"bw5-14","illustrator":"Masakazu Fukuda","localId":"14","name":"Flemmli","rarity":"Häufig","set":{"cardCount":{"official":108,"total":111},"id":"bw5","name":"Erfoscher der Finsternis","symbol":"https://assets.tcgdex.net/univ/bw/bw5/symbol"},"variants":{"firstEdition":false,"holo":true,"normal":true,"reverse":true,"wPromo":false},"dexId":[255],"hp":50,"types":["Feuer"],"stage":"Basis","attacks":[{"cost":["Feuer","Farblos"],"damage":30}],"weaknesses":[{"type":"Wasser","value":"×2"}],"retreat":1,"legal":{"standard":false,"expanded":true}},{"category":"Pokémon","id":"bw5-15","illustrator":"Atsuko Nishida","localId":"15","name":"Flemmli","rarity":"Häufig","set":{"cardCount":{"official":108,"total":111},"id":"bw5","name":"Erfoscher der Finsternis","symbol":"https://assets.tcgdex.net/univ/bw/bw5/symbol"},"variants":{"firstEdition":false,"holo":true,"normal":true,"reverse":true,"wPromo":false},"dexId":[255],"hp":60,"types":["Feuer"],"stage":"Basis","attacks":[{"cost":["Feuer"],"damage":10},{"cost":["Feuer","Farblos"],"damage":20}],"weaknesses":[{"type":"Wasser","value":"×2"}],"retreat":1,"legal":{"standard":false,"expanded":true}},{"category":"Pokémon","id":"bw5-16","illustrator":"Sumiyoshi Kizuki","localId":"16","name":"Jungglut","rarity":"Ungewöhnlich","set":{"cardCount":{"official":108,"total":111},"id":"bw5","name":"Erfoscher der Finsternis","symbol":"https://assets.tcgdex.net/univ/bw/bw5/symbol"},"variants":{"firstEdition":false,"holo":true,"normal":true,"reverse":true,"wPromo":false},"dexId":[256],"hp":80,"types":["Feuer"],"stage":"Rang 1","attacks":[{"cost":["Farblos"],"damage":20},{"cost":["Feuer","Feuer","Farblos"],"damage":70}],"weaknesses":[{"type":"Wasser","value":"×2"}],"retreat":1,"legal":{"standard":false,"expanded":true}},{"category":"Pokémon","id":"bw5-17","illustrator":"TOKIYA","localId":"17","name":"Lohgock","rarity":"Selten","set":{"cardCount":{"official":108,"total":111},"id":"bw5","name":"Erfoscher der Finsternis","symbol":"https://assets.tcgdex.net/univ/bw/bw5/symbol"},"variants":{"firstEdition":false,"holo":true,"normal":true,"reverse":true,"wPromo":false},"dexId":[257],"hp":140,"types":["Feuer"],"stage":"Rang 2","attacks":[{"cost":["Feuer","Farblos"],"damage":40},{"cost":["Feuer","Feuer","Farblos"],"damage":130}],"weaknesses":[{"type":"Wasser","value":"×2"}],"retreat":2,"legal":{"standard":false,"expanded":true}},{"category":"Pokémon","id":"bw5-18","illustrator":"Masakazu Fukuda","localId":"18","name":"Qurtel","rarity":"Ungewöhnlich","set":{"cardCount":{"official":108,"total":111},"id":"bw5","name":"Erfoscher der Finsternis","symbol":"https://assets.tcgdex.net/univ/bw/bw5/symbol"},"variants":{"firstEdition":false,"holo":true,"normal":true,"reverse":true,"wPromo":false},"dexId":[324],"hp":90,"types":["Feuer"],"stage":"Basis","attacks":[{"cost":["Farblos"],"damage":10},{"cost":["Feuer","Farblos","Farblos"],"damage":60}],"weaknesses":[{"type":"Wasser","value":"×2"}],"retreat":2,"legal":{"standard":false,"expanded":true}},{"category":"Pokémon","id":"bw5-19","illustrator":"Mitsuhiro Arita","localId":"19","name":"Furnifraß","rarity":"Selten","set":{"cardCount":{"official":108,"total":111},"id":"bw5","name":"Erfoscher der Finsternis","symbol":"https://assets.tcgdex.net/univ/bw/bw5/symbol"},"variants":{"firstEdition":false,"holo":true,"normal":true,"reverse":true,"wPromo":false},"dexId":[631],"hp":90,"types":["Feuer"],"stage":"Basis","attacks":[{"cost":["Farblos"],"damage":10},{"cost":["Feuer","Farblos","Farblos"],"damage":50}],"weaknesses":[{"type":"Wasser","value":"×2"}],"retreat":1,"legal":{"standard":false,"expanded":true}},{"category":"Pokémon","id":"bw5-20","illustrator":"match","localId":"20","name":"Ignivor","rarity":"Häufig","set":{"cardCount":{"official":108,"total":111},"id":"bw5","name":"Erfoscher der Finsternis","symbol":"https://assets.tcgdex.net/univ/bw/bw5/symbol"},"variants":{"firstEdition":false,"holo":true,"normal":true,"reverse":true,"wPromo":false},"dexId":[636],"hp":80,"types":["Feuer"],"stage":"Basis","attacks":[{"cost":["Farblos","Farblos"],"damage":20},{"cost":["Feuer","Feuer","Farblos"],"damage":40}],"weaknesses":[{"type":"Wasser","value":"×2"}],"retreat":3,"legal":{"standard":false,"expanded":true}},{"category":"Pokémon","id":"bw5-21","illustrator":"Kouki Saitou","localId":"21","name":"Ignivor","rarity":"Häufig","set":{"cardCount":{"official":108,"total":111},"id":"bw5","name":"Erfoscher der Finsternis","symbol":"https://assets.tcgdex.net/univ/bw/bw5/symbol"},"variants":{"firstEdition":false,"holo":true,"normal":true,"reverse":true,"wPromo":false},"dexId":[636],"hp":60,"types":["Feuer"],"stage":"Basis","attacks":[{"cost":["Feuer","Farblos"],"damage":10}],"weaknesses":[{"type":"Wasser","value":"×2"}],"retreat":1,"legal":{"standard":false,"expanded":true}},{"category":"Pokémon","id":"bw5-22","illustrator":"Shin Nagasawa","localId":"22","name":"Ramoth","rarity":"Selten","set":{"cardCount":{"official":108,"total":111},"id":"bw5","name":"Erfoscher der Finsternis","symbol":"https://assets.tcgdex.net/univ/bw/bw5/symbol"},"variants":{"firstEdition":false,"holo":true,"normal":true,"reverse":true,"wPromo":false},"dexId":[637],"hp":110,"types":["Feuer"],"stage":"Rang 1","abilities":[{"type":"Fähigkeit","name":"Versengende Schuppen","effect":"Lege zwischen den Zügen 4 Schadensmarken anstelle von 2 Schadensmarken auf die verbrannten Pokémon deines Gegners."}],"attacks":[{"cost":["Feuer","Farblos","Farblos"],"damage":70}],"weaknesses":[{"type":"Wasser","value":"×2"}],"retreat":3,"legal":{"standard":false,"expanded":true}},{"category":"Pokémon","id":"bw5-23","illustrator":"MAHOU","localId":"23","name":"Flegmon","rarity":"Häufig","set":{"cardCount":{"official":108,"total":111},"id":"bw5","name":"Erfoscher der Finsternis","symbol":"https://assets.tcgdex.net/univ/bw/bw5/symbol"},"variants":{"firstEdition":false,"holo":true,"normal":true,"reverse":true,"wPromo":false},"dexId":[79],"hp":70,"types":["Wasser"],"stage":"Basis","attacks":[{"cost":["Farblos"]},{"cost":["Wasser","Farblos"],"damage":20}],"weaknesses":[{"type":"Elektro","value":"×2"}],"retreat":3,"legal":{"standard":false,"expanded":true}},{"category":"Pokémon","id":"bw5-24","illustrator":"Kouki Saitou","localId":"24","name":"Lahmus","rarity":"Ungewöhnlich","set":{"cardCount":{"official":108,"total":111},"id":"bw5","name":"Erfoscher der Finsternis","symbol":"https://assets.tcgdex.net/univ/bw/bw5/symbol"},"variants":{"firstEdition":false,"holo":true,"normal":true,"reverse":true,"wPromo":false},"dexId":[80],"hp":100,"types":["Wasser"],"stage":"Rang 1","abilities":[{"type":"Fähigkeit","name":"Tagträumerei","effect":"Wenn du 2, 4 oder 6 Preiskarten übrig hast, kann dieses Pokémon nicht angreifen."}],"attacks":[{"cost":["Wasser","Farblos"],"damage":80}],"weaknesses":[{"type":"Elektro","value":"×2"}],"retreat":3,"legal":{"standard":false,"expanded":true}},{"category":"Pokémon","id":"bw5-25","illustrator":"Akira Komayama","localId":"25","name":"Aquana","rarity":"Ungewöhnlich","set":{"cardCount":{"official":108,"total":111},"id":"bw5","name":"Erfoscher der Finsternis","symbol":"https://assets.tcgdex.net/univ/bw/bw5/symbol"},"variants":{"firstEdition":false,"holo":true,"normal":true,"reverse":true,"wPromo":false},"dexId":[134],"hp":110,"types":["Wasser"],"stage":"Rang 1","attacks":[{"cost":["Farblos"],"damage":20},{"cost":["Wasser","Farblos","Farblos"],"damage":60}],"weaknesses":[{"type":"Elektro","value":"×2"}],"retreat":2,"legal":{"standard":false,"expanded":true}},{"category":"Pokémon","id":"bw5-26","illustrator":"Shizurow","localId":"26","name":"Kyogre-EX","rarity":"Selten","set":{"cardCount":{"official":108,"total":111},"id":"bw5","name":"Erfoscher der Finsternis","symbol":"https://assets.tcgdex.net/univ/bw/bw5/symbol"},"variants":{"firstEdition":false,"holo":true,"normal":true,"reverse":true,"wPromo":false},"dexId":[382],"hp":170,"types":["Wasser"],"suffix":"EX","attacks":[{"cost":["Wasser","Farblos"],"damage":30},{"cost":["Wasser","Wasser","Farblos"]}],"weaknesses":[{"type":"Elektro","value":"×2"}],"retreat":4,"legal":{"standard":false,"expanded":true}},{"category":"Pokémon","id":"bw5-27","illustrator":"Kouki Saitou","localId":"27","name":"Plinfa","rarity":"Häufig","set":{"cardCount":{"official":108,"total":111},"id":"bw5","name":"Erfoscher der Finsternis","symbol":"https://assets.tcgdex.net/univ/bw/bw5/symbol"},"variants":{"firstEdition":false,"holo":true,"normal":true,"reverse":true,"wPromo":false},"dexId":[393],"hp":60,"types":["Wasser"],"stage":"Basis","attacks":[{"cost":["Wasser"],"damage":10}],"weaknesses":[{"type":"Elektro","value":"×2"}],"retreat":1,"legal":{"standard":false,"expanded":true}},{"category":"Pokémon","id":"bw5-28","illustrator":"Suwama Chiaki","localId":"28","name":"Pliprin","rarity":"Ungewöhnlich","set":{"cardCount":{"official":108,"total":111},"id":"bw5","name":"Erfoscher der Finsternis","symbol":"https://assets.tcgdex.net/univ/bw/bw5/symbol"},"variants":{"firstEdition":false,"holo":true,"normal":true,"reverse":true,"wPromo":false},"dexId":[394],"hp":80,"types":["Wasser"],"stage":"Rang 1","attacks":[{"cost":["Farblos"],"damage":20},{"cost":["Wasser","Farblos","Farblos"],"damage":30}],"weaknesses":[{"type":"Elektro","value":"×2"}],"retreat":2,"legal":{"standard":false,"expanded":true}},{"category":"Pokémon","id":"bw5-29","illustrator":"Naoki Saito","localId":"29","name":"Impoleon","rarity":"Selten","set":{"cardCount":{"official":108,"total":111},"id":"bw5","name":"Erfoscher der Finsternis","symbol":"https://assets.tcgdex.net/univ/bw/bw5/symbol"},"variants":{"firstEdition":false,"holo":true,"normal":true,"reverse":true,"wPromo":false},"dexId":[395],"hp":140,"types":["Wasser"],"stage":"Rang 2","abilities":[{"type":"Fähigkeit","name":"Unterwasserzieher","effect":"Einmal während deines Zuges (vor deinem Angriff) kannst du 1 Karte von deiner Hand auf deinen Ablagestapel legen. Wenn du das machst, ziehe 2 Karten."}],"attacks":[{"cost":["Wasser"],"damage":10}],"weaknesses":[{"type":"Elektro","value":"×2"}],"retreat":2,"legal":{"standard":false,"expanded":true}},{"category":"Pokémon","id":"bw5-30","illustrator":"Ryo Ueda","localId":"30","name":"Glaziola","rarity":"Selten","set":{"cardCount":{"official":108,"total":111},"id":"bw5","name":"Erfoscher der Finsternis","symbol":"https://assets.tcgdex.net/univ/bw/bw5/symbol"},"variants":{"firstEdition":false,"holo":true,"normal":true,"reverse":true,"wPromo":false},"dexId":[471],"hp":90,"types":["Wasser"],"stage":"Rang 1","attacks":[{"cost":["Farblos"],"damage":10},{"cost":["Wasser","Farblos"],"damage":40}],"weaknesses":[{"type":"Metall","value":"×2"}],"retreat":1,"legal":{"standard":false,"expanded":true}},{"category":"Pokémon","id":"bw5-31","illustrator":"Kouki Saitou","localId":"31","name":"Schallquap","rarity":"Häufig","set":{"cardCount":{"official":108,"total":111},"id":"bw5","name":"Erfoscher der Finsternis","symbol":"https://assets.tcgdex.net/univ/bw/bw5/symbol"},"variants":{"firstEdition":false,"holo":true,"normal":true,"reverse":true,"wPromo":false},"dexId":[535],"hp":60,"types":["Wasser"],"stage":"Basis","attacks":[{"cost":["Wasser","Farblos"],"damage":20}],"weaknesses":[{"type":"Pflanze","value":"×2"}],"retreat":1,"legal":{"standard":false,"expanded":true}},{"category":"Pokémon","id":"bw5-32","illustrator":"Kouki Saitou","localId":"32","name":"Mebrana","rarity":"Ungewöhnlich","set":{"cardCount":{"official":108,"total":111},"id":"bw5","name":"Erfoscher der Finsternis","symbol":"https://assets.tcgdex.net/univ/bw/bw5/symbol"},"variants":{"firstEdition":false,"holo":true,"normal":true,"reverse":true,"wPromo":false},"dexId":[536],"hp":80,"types":["Wasser"],"stage":"Rang 1","attacks":[{"cost":["Wasser","Farblos"],"damage":30}],"weaknesses":[{"type":"Pflanze","value":"×2"}],"retreat":2,"legal":{"standard":false,"expanded":true}},{"category":"Pokémon","id":"bw5-33","illustrator":"Kouki Saitou","localId":"33","name":"Gelatini","rarity":"Häufig","set":{"cardCount":{"official":108,"total":111},"id":"bw5","name":"Erfoscher der Finsternis","symbol":"https://assets.tcgdex.net/univ/bw/bw5/symbol"},"variants":{"firstEdition":false,"holo":true,"normal":true,"reverse":true,"wPromo":false},"dexId":[582],"hp":50,"types":["Wasser"],"stage":"Basis","attacks":[{"cost":["Farblos"],"damage":10}],"weaknesses":[{"type":"Metall","value":"×2"}],"retreat":1,"legal":{"standard":false,"expanded":true}},{"category":"Pokémon","id":"bw5-34","illustrator":"Kouki Saitou","localId":"34","name":"Gelatroppo","rarity":"Ungewöhnlich","set":{"cardCount":{"official":108,"total":111},"id":"bw5","name":"Erfoscher der Finsternis","symbol":"https://assets.tcgdex.net/univ/bw/bw5/symbol"},"variants":{"firstEdition":false,"holo":true,"normal":true,"reverse":true,"wPromo":false},"dexId":[583],"hp":70,"types":["Wasser"],"stage":"Rang 1","attacks":[{"cost":["Wasser"],"damage":20},{"cost":["Wasser","Farblos","Farblos"],"damage":50}],"weaknesses":[{"type":"Metall","value":"×2"}],"retreat":1,"legal":{"standard":false,"expanded":true}},{"category":"Pokémon","id":"bw5-35","illustrator":"sui","localId":"35","name":"Piccolente","rarity":"Häufig","set":{"cardCount":{"official":108,"total":111},"id":"bw5","name":"Erfoscher der Finsternis","symbol":"https://assets.tcgdex.net/univ/bw/bw5/symbol"},"variants":{"firstEdition":false,"holo":true,"normal":true,"reverse":true,"wPromo":false},"dexId":[580],"hp":60,"types":["Wasser"],"stage":"Basis","attacks":[{"cost":["Wasser","Farblos"],"damage":20}],"weaknesses":[{"type":"Elektro","value":"×2"}],"resistances":[{"type":"Kampf","value":"-20"}],"retreat":1,"legal":{"standard":false,"expanded":true}},{"category":"Pokémon","id":"bw5-36","illustrator":"Mizue","localId":"36","name":"Swaroness","rarity":"Selten","set":{"cardCount":{"official":108,"total":111},"id":"bw5","name":"Erfoscher der Finsternis","symbol":"https://assets.tcgdex.net/univ/bw/bw5/symbol"},"variants":{"firstEdition":false,"holo":true,"normal":true,"reverse":true,"wPromo":false},"dexId":[581],"hp":90,"types":["Wasser"],"stage":"Rang 1","attacks":[{"cost":["Wasser"]},{"cost":["Wasser","Wasser","Farblos"],"damage":60}],"weaknesses":[{"type":"Elektro","value":"×2"}],"resistances":[{"type":"Kampf","value":"-20"}],"retreat":1,"legal":{"standard":false,"expanded":true}},{"category":"Pokémon","id":"bw5-37","illustrator":"Sumiyoshi Kizuki","localId":"37","name":"Blitza","rarity":"Ungewöhnlich","set":{"cardCount":{"official":108,"total":111},"id":"bw5","name":"Erfoscher der Finsternis","symbol":"https://assets.tcgdex.net/univ/bw/bw5/symbol"},"variants":{"firstEdition":false,"holo":true,"normal":true,"reverse":true,"wPromo":false},"dexId":[135],"hp":90,"types":["Elektro"],"stage":"Rang 1","attacks":[{"cost":["Farblos"],"damage":20},{"cost":["Elektro","Farblos","Farblos"],"damage":40}],"weaknesses":[{"type":"Kampf","value":"×2"}],"retreat":0,"legal":{"standard":false,"expanded":true}},{"category":"Pokémon","id":"bw5-38","illustrator":"Shizurow","localId":"38","name":"Raikou-EX","rarity":"Selten","set":{"cardCount":{"official":108,"total":111},"id":"bw5","name":"Erfoscher der Finsternis","symbol":"https://assets.tcgdex.net/univ/bw/bw5/symbol"},"variants":{"firstEdition":false,"holo":true,"normal":true,"reverse":true,"wPromo":false},"dexId":[243],"hp":170,"types":["Elektro"],"suffix":"EX","attacks":[{"cost":["Elektro","Farblos"],"damage":30},{"cost":["Elektro","Elektro","Farblos"]}],"weaknesses":[{"type":"Kampf","value":"×2"}],"retreat":1,"legal":{"standard":false,"expanded":true}},{"category":"Pokémon","id":"bw5-39","illustrator":"Naoki Saito","localId":"39","name":"Plusle","rarity":"Häufig","set":{"cardCount":{"official":108,"total":111},"id":"bw5","name":"Erfoscher der Finsternis","symbol":"https://assets.tcgdex.net/univ/bw/bw5/symbol"},"variants":{"firstEdition":false,"holo":true,"normal":true,"reverse":true,"wPromo":false},"dexId":[311],"hp":60,"types":["Elektro"],"stage":"Basis","attacks":[{"cost":["Farblos"]},{"cost":["Elektro"],"damage":20}],"weaknesses":[{"type":"Kampf","value":"×2"}],"retreat":1,"legal":{"standard":false,"expanded":true}},{"category":"Pokémon","id":"bw5-40","illustrator":"Naoki Saito","localId":"40","name":"Minun","rarity":"Häufig","set":{"cardCount":{"official":108,"total":111},"id":"bw5","name":"Erfoscher der Finsternis","symbol":"https://assets.tcgdex.net/univ/bw/bw5/symbol"},"variants":{"firstEdition":false,"holo":true,"normal":true,"reverse":true,"wPromo":false},"dexId":[312],"hp":60,"types":["Elektro"],"stage":"Basis","attacks":[{"cost":["Farblos"]},{"cost":["Elektro"]}],"weaknesses":[{"type":"Kampf","value":"×2"}],"retreat":1,"legal":{"standard":false,"expanded":true}},{"category":"Pokémon","id":"bw5-41","illustrator":"MAHOU","localId":"41","name":"Wattzapf","rarity":"Häufig","set":{"cardCount":{"official":108,"total":111},"id":"bw5","name":"Erfoscher der Finsternis","symbol":"https://assets.tcgdex.net/univ/bw/bw5/symbol"},"variants":{"firstEdition":false,"holo":true,"normal":true,"reverse":true,"wPromo":false},"dexId":[595],"hp":30,"types":["Elektro"],"stage":"Basis","attacks":[{"cost":["Farblos"],"damage":10},{"cost":["Farblos","Farblos"],"damage":20}],"weaknesses":[{"type":"Kampf","value":"×2"}],"retreat":1,"legal":{"standard":false,"expanded":true}},{"category":"Pokémon","id":"bw5-42","illustrator":"Miki Tanaka","localId":"42","name":"Wattzapf","rarity":"Häufig","set":{"cardCount":{"official":108,"total":111},"id":"bw5","name":"Erfoscher der Finsternis","symbol":"https://assets.tcgdex.net/univ/bw/bw5/symbol"},"variants":{"firstEdition":false,"holo":true,"normal":true,"reverse":true,"wPromo":false},"dexId":[595],"hp":30,"types":["Elektro"],"stage":"Basis","attacks":[{"cost":["Elektro"],"damage":20}],"weaknesses":[{"type":"Kampf","value":"×2"}],"retreat":1,"legal":{"standard":false,"expanded":true}},{"category":"Pokémon","id":"bw5-43","illustrator":"Akira Komayama","localId":"43","name":"Voltula","rarity":"Selten","set":{"cardCount":{"official":108,"total":111},"id":"bw5","name":"Erfoscher der Finsternis","symbol":"https://assets.tcgdex.net/univ/bw/bw5/symbol"},"variants":{"firstEdition":false,"holo":true,"normal":true,"reverse":true,"wPromo":false},"dexId":[596],"hp":80,"types":["Elektro"],"stage":"Rang 1","attacks":[{"cost":["Elektro"],"damage":20},{"cost":["Elektro","Farblos"],"damage":30}],"weaknesses":[{"type":"Kampf","value":"×2"}],"retreat":1,"legal":{"standard":false,"expanded":true}},{"category":"Pokémon","id":"bw5-44","illustrator":"Midori Harada","localId":"44","name":"Zapplardin","rarity":"Häufig","set":{"cardCount":{"official":108,"total":111},"id":"bw5","name":"Erfoscher der Finsternis","symbol":"https://assets.tcgdex.net/univ/bw/bw5/symbol"},"variants":{"firstEdition":false,"holo":true,"normal":true,"reverse":true,"wPromo":false},"dexId":[602],"hp":40,"types":["Elektro"],"stage":"Basis","attacks":[{"cost":["Farblos"],"damage":10}],"weaknesses":[{"type":"Kampf","value":"×2"}],"retreat":1,"legal":{"standard":false,"expanded":true}},{"category":"Pokémon","id":"bw5-45","illustrator":"Akira Komayama","localId":"45","name":"Zapplardin","rarity":"Häufig","set":{"cardCount":{"official":108,"total":111},"id":"bw5","name":"Erfoscher der Finsternis","symbol":"https://assets.tcgdex.net/univ/bw/bw5/symbol"},"variants":{"firstEdition":false,"holo":true,"normal":true,"reverse":true,"wPromo":false},"dexId":[602],"hp":40,"types":["Elektro"],"stage":"Basis","attacks":[{"cost":["Elektro"],"damage":10}],"weaknesses":[{"type":"Kampf","value":"×2"}],"retreat":1,"legal":{"standard":false,"expanded":true}},{"category":"Pokémon","id":"bw5-46","illustrator":"Kagemaru Himeno","localId":"46","name":"Zapplalek","rarity":"Ungewöhnlich","set":{"cardCount":{"official":108,"total":111},"id":"bw5","name":"Erfoscher der Finsternis","symbol":"https://assets.tcgdex.net/univ/bw/bw5/symbol"},"variants":{"firstEdition":false,"holo":true,"normal":true,"reverse":true,"wPromo":false},"dexId":[603],"hp":90,"types":["Elektro"],"stage":"Rang 1","attacks":[{"cost":["Farblos"],"damage":20},{"cost":["Elektro","Elektro","Farblos"],"damage":80}],"weaknesses":[{"type":"Kampf","value":"×2"}],"retreat":2,"legal":{"standard":false,"expanded":true}},{"category":"Pokémon","id":"bw5-47","illustrator":"kawayoo","localId":"47","name":"Zapplarang","rarity":"Selten","set":{"cardCount":{"official":108,"total":111},"id":"bw5","name":"Erfoscher der Finsternis","symbol":"https://assets.tcgdex.net/univ/bw/bw5/symbol"},"variants":{"firstEdition":false,"holo":true,"normal":true,"reverse":true,"wPromo":false},"dexId":[604],"hp":140,"types":["Elektro"],"stage":"Rang 2","attacks":[{"cost":["Elektro","Farblos","Farblos"],"damage":40},{"cost":["Elektro","Elektro","Farblos","Farblos"]}],"weaknesses":[{"type":"Kampf","value":"×2"}],"retreat":3,"legal":{"standard":false,"expanded":true}},{"category":"Pokémon","id":"bw5-48","illustrator":"Mizue","localId":"48","name":"Psiana","rarity":"Selten","set":{"cardCount":{"official":108,"total":111},"id":"bw5","name":"Erfoscher der Finsternis","symbol":"https://assets.tcgdex.net/univ/bw/bw5/symbol"},"variants":{"firstEdition":false,"holo":true,"normal":true,"reverse":true,"wPromo":false},"dexId":[196],"hp":90,"types":["Psycho"],"stage":"Rang 1","abilities":[{"type":"Fähigkeit","name":"Solarschild","effect":"Verhindere alle Effekte von gegnerischen Angriffen, außer Schaden, bei jedem deiner Pokémon, an das Energie angelegt ist."}],"attacks":[{"cost":["Psycho","Farblos","Farblos"],"damage":60}],"weaknesses":[{"type":"Psycho","value":"×2"}],"retreat":1,"legal":{"standard":false,"expanded":true}},{"category":"Pokémon","id":"bw5-49","illustrator":"Shin Nagasawa","localId":"49","name":"Laschoking","rarity":"Selten","set":{"cardCount":{"official":108,"total":111},"id":"bw5","name":"Erfoscher der Finsternis","symbol":"https://assets.tcgdex.net/univ/bw/bw5/symbol"},"variants":{"firstEdition":false,"holo":true,"normal":true,"reverse":true,"wPromo":false},"dexId":[199],"hp":90,"types":["Psycho"],"stage":"Rang 1","attacks":[{"cost":["Psycho"],"damage":20},{"cost":["Psycho","Farblos","Farblos"],"damage":50}],"weaknesses":[{"type":"Psycho","value":"×2"}],"retreat":2,"legal":{"standard":false,"expanded":true}},{"category":"Pokémon","id":"bw5-50","illustrator":"Kagemaru Himeno","localId":"50","name":"Fleknoil","rarity":"Häufig","set":{"cardCount":{"official":108,"total":111},"id":"bw5","name":"Erfoscher der Finsternis","symbol":"https://assets.tcgdex.net/univ/bw/bw5/symbol"},"variants":{"firstEdition":false,"holo":true,"normal":true,"reverse":true,"wPromo":false},"dexId":[527],"hp":50,"types":["Psycho"],"stage":"Basis","attacks":[{"cost":["Psycho"]},{"cost":["Psycho","Farblos"],"damage":20}],"weaknesses":[{"type":"Elektro","value":"×2"}],"resistances":[{"type":"Kampf","value":"-20"}],"retreat":1,"legal":{"standard":false,"expanded":true}},{"category":"Pokémon","id":"bw5-51","illustrator":"Aya Kusube","localId":"51","name":"Makabaja","rarity":"Ungewöhnlich","set":{"cardCount":{"official":108,"total":111},"id":"bw5","name":"Erfoscher der Finsternis","symbol":"https://assets.tcgdex.net/univ/bw/bw5/symbol"},"variants":{"firstEdition":false,"holo":true,"normal":true,"reverse":true,"wPromo":false},"dexId":[562],"hp":60,"types":["Psycho"],"stage":"Basis","attacks":[{"cost":["Farblos"],"damage":10}],"weaknesses":[{"type":"Unlicht","value":"×2"}],"retreat":1,"legal":{"standard":false,"expanded":true}},{"category":"Pokémon","id":"bw5-52","illustrator":"kawayoo","localId":"52","name":"Echnatoll","rarity":"Selten","set":{"cardCount":{"official":108,"total":111},"id":"bw5","name":"Erfoscher der Finsternis","symbol":"https://assets.tcgdex.net/univ/bw/bw5/symbol"},"variants":{"firstEdition":false,"holo":true,"normal":true,"reverse":true,"wPromo":false},"dexId":[563],"hp":100,"types":["Psycho"],"stage":"Rang 1","attacks":[{"cost":["Farblos","Farblos"],"damage":40},{"cost":["Psycho","Psycho"],"damage":40}],"weaknesses":[{"type":"Unlicht","value":"×2"}],"retreat":2,"legal":{"standard":false,"expanded":true}},{"category":"Pokémon","id":"bw5-53","illustrator":"Naoyo Kimura","localId":"53","name":"Aerodactyl","rarity":"Selten","set":{"cardCount":{"official":108,"total":111},"id":"bw5","name":"Erfoscher der Finsternis","symbol":"https://assets.tcgdex.net/univ/bw/bw5/symbol"},"variants":{"firstEdition":false,"holo":true,"normal":true,"reverse":true,"wPromo":false},"dexId":[142],"hp":90,"types":["Kampf"],"stage":"Erweckt","abilities":[{"type":"Fähigkeit","name":"Urzeitschrei","effect":"Die Angriffe deiner Pokémon fügen den Aktiven Pokémon 10 weitere Schadenspunkte zu (bevor Schwäche und Resistenz verrechnet werden)."}],"attacks":[{"cost":["Farblos","Farblos","Farblos"],"damage":40}],"weaknesses":[{"type":"Pflanze","value":"×2"}],"retreat":1,"legal":{"standard":false,"expanded":true}},{"category":"Pokémon","id":"bw5-54","illustrator":"Shizurow","localId":"54","name":"Groudon-EX","rarity":"Selten","set":{"cardCount":{"official":108,"total":111},"id":"bw5","name":"Erfoscher der Finsternis","symbol":"https://assets.tcgdex.net/univ/bw/bw5/symbol"},"variants":{"firstEdition":false,"holo":true,"normal":true,"reverse":true,"wPromo":false},"dexId":[383],"hp":180,"types":["Kampf"],"suffix":"EX","attacks":[{"cost":["Kampf","Farblos"],"damage":20},{"cost":["Kampf","Kampf","Farblos"],"damage":80}],"weaknesses":[{"type":"Wasser","value":"×2"}],"resistances":[{"type":"Elektro","value":"-20"}],"retreat":4,"legal":{"standard":false,"expanded":true}},{"category":"Pokémon","id":"bw5-55","illustrator":"Tomokazu Komiya","localId":"55","name":"Rotomurf","rarity":"Häufig","set":{"cardCount":{"official":108,"total":111},"id":"bw5","name":"Erfoscher der Finsternis","symbol":"https://assets.tcgdex.net/univ/bw/bw5/symbol"},"variants":{"firstEdition":false,"holo":true,"normal":true,"reverse":true,"wPromo":false},"dexId":[529],"hp":70,"types":["Kampf"],"stage":"Basis","attacks":[{"cost":["Kampf","Kampf"],"damage":30}],"weaknesses":[{"type":"Wasser","value":"×2"}],"resistances":[{"type":"Elektro","value":"-20"}],"retreat":2,"legal":{"standard":false,"expanded":true}},{"category":"Pokémon","id":"bw5-56","illustrator":"Mitsuhiro Arita","localId":"56","name":"Stalobor","rarity":"Selten","set":{"cardCount":{"official":108,"total":111},"id":"bw5","name":"Erfoscher der Finsternis","symbol":"https://assets.tcgdex.net/univ/bw/bw5/symbol"},"variants":{"firstEdition":false,"holo":true,"normal":true,"reverse":true,"wPromo":false},"dexId":[530],"hp":120,"types":["Kampf"],"stage":"Rang 1","attacks":[{"cost":["Kampf"]},{"cost":["Kampf","Kampf"],"damage":50}],"weaknesses":[{"type":"Wasser","value":"×2"}],"resistances":[{"type":"Elektro","value":"-20"}],"retreat":3,"legal":{"standard":false,"expanded":true}},{"category":"Pokémon","id":"bw5-57","illustrator":"Masakazu Fukuda","localId":"57","name":"Stalobor","rarity":"Selten","set":{"cardCount":{"official":108,"total":111},"id":"bw5","name":"Erfoscher der Finsternis","symbol":"https://assets.tcgdex.net/univ/bw/bw5/symbol"},"variants":{"firstEdition":false,"holo":true,"normal":true,"reverse":true,"wPromo":false},"dexId":[530],"hp":120,"types":["Kampf"],"stage":"Rang 1","attacks":[{"cost":["Kampf","Farblos","Farblos"],"damage":50},{"cost":["Kampf","Farblos","Farblos","Farblos"],"damage":70}],"weaknesses":[{"type":"Wasser","value":"×2"}],"resistances":[{"type":"Elektro","value":"-20"}],"retreat":4,"legal":{"standard":false,"expanded":true}},{"category":"Pokémon","id":"bw5-58","illustrator":"Mizue","localId":"58","name":"Praktibalk","rarity":"Häufig","set":{"cardCount":{"official":108,"total":111},"id":"bw5","name":"Erfoscher der Finsternis","symbol":"https://assets.tcgdex.net/univ/bw/bw5/symbol"},"variants":{"firstEdition":false,"holo":true,"normal":true,"reverse":true,"wPromo":false},"dexId":[532],"hp":60,"types":["Kampf"],"stage":"Basis","attacks":[{"cost":["Farblos"],"damage":10},{"cost":["Kampf","Farblos","Farblos"],"damage":30}],"weaknesses":[{"type":"Psycho","value":"×2"}],"retreat":1,"legal":{"standard":false,"expanded":true}},{"category":"Pokémon","id":"bw5-59","illustrator":"Mizue","localId":"59","name":"Strepoli","rarity":"Ungewöhnlich","set":{"cardCount":{"official":108,"total":111},"id":"bw5","name":"Erfoscher der Finsternis","symbol":"https://assets.tcgdex.net/univ/bw/bw5/symbol"},"variants":{"firstEdition":false,"holo":true,"normal":true,"reverse":true,"wPromo":false},"dexId":[533],"hp":80,"types":["Kampf"],"stage":"Rang 1","attacks":[{"cost":["Farblos"],"damage":20},{"cost":["Kampf","Farblos","Farblos"],"damage":60}],"weaknesses":[{"type":"Psycho","value":"×2"}],"retreat":2,"legal":{"standard":false,"expanded":true}},{"category":"Pokémon","id":"bw5-60","illustrator":"TOKIYA","localId":"60","name":"Nachtara","rarity":"Ungewöhnlich","set":{"cardCount":{"official":108,"total":111},"id":"bw5","name":"Erfoscher der Finsternis","symbol":"https://assets.tcgdex.net/univ/bw/bw5/symbol"},"variants":{"firstEdition":false,"holo":true,"normal":true,"reverse":true,"wPromo":false},"dexId":[197],"hp":100,"types":["Unlicht"],"stage":"Rang 1","attacks":[{"cost":["Farblos","Farblos"],"damage":30},{"cost":["Unlicht","Farblos","Farblos"],"damage":80}],"weaknesses":[{"type":"Kampf","value":"×2"}],"resistances":[{"type":"Psycho","value":"-20"}],"retreat":2,"legal":{"standard":false,"expanded":true}},{"category":"Pokémon","id":"bw5-61","illustrator":"Kouki Saitou","localId":"61","name":"Nachtara","rarity":"Ungewöhnlich","set":{"cardCount":{"official":108,"total":111},"id":"bw5","name":"Erfoscher der Finsternis","symbol":"https://assets.tcgdex.net/univ/bw/bw5/symbol"},"variants":{"firstEdition":false,"holo":true,"normal":true,"reverse":true,"wPromo":false},"dexId":[197],"hp":100,"types":["Unlicht"],"stage":"Rang 1","attacks":[{"cost":["Farblos"],"damage":20},{"cost":["Unlicht","Farblos","Farblos"],"damage":60}],"weaknesses":[{"type":"Kampf","value":"×2"}],"resistances":[{"type":"Psycho","value":"-20"}],"retreat":2,"legal":{"standard":false,"expanded":true}},{"category":"Pokémon","id":"bw5-62","illustrator":"kawayoo","localId":"62","name":"Zobiris","rarity":"Ungewöhnlich","set":{"cardCount":{"official":108,"total":111},"id":"bw5","name":"Erfoscher der Finsternis","symbol":"https://assets.tcgdex.net/univ/bw/bw5/symbol"},"variants":{"firstEdition":false,"holo":true,"normal":true,"reverse":true,"wPromo":false},"dexId":[302],"hp":70,"types":["Unlicht"],"stage":"Basis","attacks":[{"cost":["Farblos"],"damage":10},{"cost":["Unlicht"]}],"retreat":1,"legal":{"standard":false,"expanded":true}},{"category":"Pokémon","id":"bw5-63","illustrator":"Shizurow","localId":"63","name":"Darkrai-EX","rarity":"Selten","set":{"cardCount":{"official":108,"total":111},"id":"bw5","name":"Erfoscher der Finsternis","symbol":"https://assets.tcgdex.net/univ/bw/bw5/symbol"},"variants":{"firstEdition":false,"holo":true,"normal":true,"reverse":true,"wPromo":false},"dexId":[491],"hp":180,"types":["Unlicht"],"suffix":"EX","abilities":[{"type":"Fähigkeit","name":"Finsterumhang","effect":"Jedes deiner Pokémon, an dem Darkness-Energie angelegt ist, hat keine Rückzugskosten."}],"attacks":[{"cost":["Unlicht","Unlicht","Farblos"],"damage":90}],"weaknesses":[{"type":"Kampf","value":"×2"}],"resistances":[{"type":"Psycho","value":"-20"}],"retreat":2,"legal":{"standard":false,"expanded":true}},{"category":"Pokémon","id":"bw5-64","illustrator":"Hajime Kusajima","localId":"64","name":"Ganovil","rarity":"Häufig","set":{"cardCount":{"official":108,"total":111},"id":"bw5","name":"Erfoscher der Finsternis","symbol":"https://assets.tcgdex.net/univ/bw/bw5/symbol"},"variants":{"firstEdition":false,"holo":true,"normal":true,"reverse":true,"wPromo":false},"dexId":[551],"hp":70,"types":["Unlicht"],"stage":"Basis","attacks":[{"cost":["Farblos"]},{"cost":["Unlicht","Farblos","Farblos"],"damage":40}],"weaknesses":[{"type":"Kampf","value":"×2"}],"resistances":[{"type":"Psycho","value":"-20"}],"retreat":2,"legal":{"standard":false,"expanded":true}},{"category":"Pokémon","id":"bw5-65","illustrator":"Mitsuhiro Arita","localId":"65","name":"Rokkaiman","rarity":"Ungewöhnlich","set":{"cardCount":{"official":108,"total":111},"id":"bw5","name":"Erfoscher der Finsternis","symbol":"https://assets.tcgdex.net/univ/bw/bw5/symbol"},"variants":{"firstEdition":false,"holo":true,"normal":true,"reverse":true,"wPromo":false},"dexId":[552],"hp":90,"types":["Unlicht"],"stage":"Rang 1","attacks":[{"cost":["Farblos","Farblos"],"damage":30},{"cost":["Unlicht","Unlicht","Farblos","Farblos"],"damage":70}],"weaknesses":[{"type":"Kampf","value":"×2"}],"resistances":[{"type":"Psycho","value":"-20"}],"retreat":3,"legal":{"standard":false,"expanded":true}},{"category":"Pokémon","id":"bw5-66","illustrator":"5ban Graphics","localId":"66","name":"Rabigator","rarity":"Selten","set":{"cardCount":{"official":108,"total":111},"id":"bw5","name":"Erfoscher der Finsternis","symbol":"https://assets.tcgdex.net/univ/bw/bw5/symbol"},"variants":{"firstEdition":false,"holo":true,"normal":true,"reverse":true,"wPromo":false},"dexId":[553],"hp":150,"types":["Unlicht"],"stage":"Rang 2","attacks":[{"cost":["Unlicht","Farblos","Farblos"],"damage":60},{"cost":["Unlicht","Unlicht","Farblos","Farblos"],"damage":40}],"weaknesses":[{"type":"Kampf","value":"×2"}],"resistances":[{"type":"Psycho","value":"-20"}],"retreat":3,"legal":{"standard":false,"expanded":true}},{"category":"Pokémon","id":"bw5-67","illustrator":"Kagemaru Himeno","localId":"67","name":"Zurrokex","rarity":"Häufig","set":{"cardCount":{"official":108,"total":111},"id":"bw5","name":"Erfoscher der Finsternis","symbol":"https://assets.tcgdex.net/univ/bw/bw5/symbol"},"variants":{"firstEdition":false,"holo":true,"normal":true,"reverse":true,"wPromo":false},"dexId":[559],"hp":60,"types":["Unlicht"],"stage":"Basis","attacks":[{"cost":["Unlicht","Farblos"],"damage":10}],"weaknesses":[{"type":"Kampf","value":"×2"}],"resistances":[{"type":"Psycho","value":"-20"}],"retreat":1,"legal":{"standard":false,"expanded":true}},{"category":"Pokémon","id":"bw5-68","illustrator":"Kagemaru Himeno","localId":"68","name":"Irokex","rarity":"Selten","set":{"cardCount":{"official":108,"total":111},"id":"bw5","name":"Erfoscher der Finsternis","symbol":"https://assets.tcgdex.net/univ/bw/bw5/symbol"},"variants":{"firstEdition":false,"holo":true,"normal":true,"reverse":true,"wPromo":false},"dexId":[560],"hp":100,"types":["Unlicht"],"stage":"Rang 1","attacks":[{"cost":["Farblos","Farblos"],"damage":30},{"cost":["Unlicht","Unlicht","Farblos"],"damage":70}],"weaknesses":[{"type":"Kampf","value":"×2"}],"resistances":[{"type":"Psycho","value":"-20"}],"retreat":2,"legal":{"standard":false,"expanded":true}},{"category":"Pokémon","id":"bw5-69","illustrator":"Masakazu Fukuda","localId":"69","name":"Zorua","rarity":"Häufig","set":{"cardCount":{"official":108,"total":111},"id":"bw5","name":"Erfoscher der Finsternis","symbol":"https://assets.tcgdex.net/univ/bw/bw5/symbol"},"variants":{"firstEdition":false,"holo":true,"normal":true,"reverse":true,"wPromo":false},"dexId":[570],"hp":50,"types":["Unlicht"],"stage":"Basis","attacks":[{"cost":["Unlicht"]},{"cost":["Farblos","Farblos"],"damage":20}],"weaknesses":[{"type":"Kampf","value":"×2"}],"resistances":[{"type":"Psycho","value":"-20"}],"retreat":1,"legal":{"standard":false,"expanded":true}},{"category":"Pokémon","id":"bw5-70","illustrator":"Akira Komayama","localId":"70","name":"Zorua","rarity":"Häufig","set":{"cardCount":{"official":108,"total":111},"id":"bw5","name":"Erfoscher der Finsternis","symbol":"https://assets.tcgdex.net/univ/bw/bw5/symbol"},"variants":{"firstEdition":false,"holo":true,"normal":true,"reverse":true,"wPromo":false},"dexId":[570],"hp":60,"types":["Unlicht"],"stage":"Basis","attacks":[{"cost":["Farblos"]},{"cost":["Unlicht","Farblos"],"damage":20}],"weaknesses":[{"type":"Kampf","value":"×2"}],"resistances":[{"type":"Psycho","value":"-20"}],"retreat":1,"legal":{"standard":false,"expanded":true}},{"category":"Pokémon","id":"bw5-71","illustrator":"5ban Graphics","localId":"71","name":"Zoroark","rarity":"Selten","set":{"cardCount":{"official":108,"total":111},"id":"bw5","name":"Erfoscher der Finsternis","symbol":"https://assets.tcgdex.net/univ/bw/bw5/symbol"},"variants":{"firstEdition":false,"holo":true,"normal":true,"reverse":true,"wPromo":false},"dexId":[571],"hp":100,"types":["Unlicht"],"stage":"Rang 1","attacks":[{"cost":["Farblos","Farblos"],"damage":20},{"cost":["Unlicht","Unlicht"],"damage":20}],"weaknesses":[{"type":"Kampf","value":"×2"}],"resistances":[{"type":"Psycho","value":"-20"}],"retreat":2,"legal":{"standard":false,"expanded":true}},{"category":"Pokémon","id":"bw5-72","illustrator":"Masakazu Fukuda","localId":"72","name":"Caesurio","rarity":"Selten","set":{"cardCount":{"official":108,"total":111},"id":"bw5","name":"Erfoscher der Finsternis","symbol":"https://assets.tcgdex.net/univ/bw/bw5/symbol"},"variants":{"firstEdition":false,"holo":true,"normal":true,"reverse":true,"wPromo":false},"dexId":[625],"hp":90,"types":["Unlicht"],"stage":"Rang 1","attacks":[{"cost":["Unlicht","Farblos"],"damage":30},{"cost":["Unlicht","Farblos","Farblos"],"damage":30}],"weaknesses":[{"type":"Kampf","value":"×2"}],"resistances":[{"type":"Psycho","value":"-20"}],"retreat":1,"legal":{"standard":false,"expanded":true}},{"category":"Pokémon","id":"bw5-73","illustrator":"match","localId":"73","name":"Skallyk","rarity":"Ungewöhnlich","set":{"cardCount":{"official":108,"total":111},"id":"bw5","name":"Erfoscher der Finsternis","symbol":"https://assets.tcgdex.net/univ/bw/bw5/symbol"},"variants":{"firstEdition":false,"holo":true,"normal":true,"reverse":true,"wPromo":false},"dexId":[629],"hp":60,"types":["Unlicht"],"stage":"Basis","attacks":[{"cost":["Unlicht"],"damage":10}],"weaknesses":[{"type":"Elektro","value":"×2"}],"resistances":[{"type":"Kampf","value":"-20"}],"retreat":1,"legal":{"standard":false,"expanded":true}},{"category":"Pokémon","id":"bw5-74","illustrator":"Masakazu Fukuda","localId":"74","name":"Cavalanzas","rarity":"Selten","set":{"cardCount":{"official":108,"total":111},"id":"bw5","name":"Erfoscher der Finsternis","symbol":"https://assets.tcgdex.net/univ/bw/bw5/symbol"},"variants":{"firstEdition":false,"holo":true,"normal":true,"reverse":true,"wPromo":false},"dexId":[589],"hp":90,"types":["Metall"],"stage":"Rang 1","attacks":[{"cost":["Metall"],"damage":30},{"cost":["Metall","Metall","Farblos"],"damage":70}],"weaknesses":[{"type":"Feuer","value":"×2"}],"resistances":[{"type":"Psycho","value":"-20"}],"retreat":3,"legal":{"standard":false,"expanded":true}},{"category":"Pokémon","id":"bw5-75","illustrator":"Midori Harada","localId":"75","name":"Klikk","rarity":"Häufig","set":{"cardCount":{"official":108,"total":111},"id":"bw5","name":"Erfoscher der Finsternis","symbol":"https://assets.tcgdex.net/univ/bw/bw5/symbol"},"variants":{"firstEdition":false,"holo":true,"normal":true,"reverse":true,"wPromo":false},"dexId":[599],"hp":60,"types":["Metall"],"stage":"Basis","attacks":[{"cost":["Farblos","Farblos"],"damage":20}],"weaknesses":[{"type":"Feuer","value":"×2"}],"resistances":[{"type":"Psycho","value":"-20"}],"retreat":3,"legal":{"standard":false,"expanded":true}},{"category":"Pokémon","id":"bw5-76","illustrator":"Shin Nagasawa","localId":"76","name":"Kliklak","rarity":"Ungewöhnlich","set":{"cardCount":{"official":108,"total":111},"id":"bw5","name":"Erfoscher der Finsternis","symbol":"https://assets.tcgdex.net/univ/bw/bw5/symbol"},"variants":{"firstEdition":false,"holo":true,"normal":true,"reverse":true,"wPromo":false},"dexId":[600],"hp":80,"types":["Metall"],"stage":"Rang 1","attacks":[{"cost":["Farblos","Farblos"],"damage":20},{"cost":["Metall","Farblos","Farblos"],"damage":50}],"weaknesses":[{"type":"Feuer","value":"×2"}],"resistances":[{"type":"Psycho","value":"-20"}],"retreat":3,"legal":{"standard":false,"expanded":true}},{"category":"Pokémon","id":"bw5-77","illustrator":"Hajime Kusajima","localId":"77","name":"Klikdiklak","rarity":"Selten","set":{"cardCount":{"official":108,"total":111},"id":"bw5","name":"Erfoscher der Finsternis","symbol":"https://assets.tcgdex.net/univ/bw/bw5/symbol"},"variants":{"firstEdition":false,"holo":true,"normal":true,"reverse":true,"wPromo":false},"dexId":[601],"hp":140,"types":["Metall"],"stage":"Rang 2","attacks":[{"cost":["Farblos"],"damage":20},{"cost":["Metall","Metall","Farblos","Farblos"],"damage":60}],"weaknesses":[{"type":"Feuer","value":"×2"}],"resistances":[{"type":"Psycho","value":"-20"}],"retreat":4,"legal":{"standard":false,"expanded":true}},{"category":"Pokémon","id":"bw5-78","illustrator":"Naoki Saito","localId":"78","name":"Gladiantri","rarity":"Häufig","set":{"cardCount":{"official":108,"total":111},"id":"bw5","name":"Erfoscher der Finsternis","symbol":"https://assets.tcgdex.net/univ/bw/bw5/symbol"},"variants":{"firstEdition":false,"holo":true,"normal":true,"reverse":true,"wPromo":false},"dexId":[624],"hp":60,"types":["Metall"],"stage":"Basis","attacks":[{"cost":["Farblos","Farblos"],"damage":20},{"cost":["Metall","Metall","Farblos"],"damage":40}],"weaknesses":[{"type":"Feuer","value":"×2"}],"resistances":[{"type":"Psycho","value":"-20"}],"retreat":1,"legal":{"standard":false,"expanded":true}},{"category":"Pokémon","id":"bw5-79","illustrator":"Naoki Saito","localId":"79","name":"Caesurio","rarity":"Selten","set":{"cardCount":{"official":108,"total":111},"id":"bw5","name":"Erfoscher der Finsternis","symbol":"https://assets.tcgdex.net/univ/bw/bw5/symbol"},"variants":{"firstEdition":false,"holo":true,"normal":true,"reverse":true,"wPromo":false},"dexId":[625],"hp":100,"types":["Metall"],"stage":"Rang 1","attacks":[{"cost":["Farblos","Farblos"],"damage":20},{"cost":["Metall","Metall","Farblos"],"damage":80}],"weaknesses":[{"type":"Feuer","value":"×2"}],"resistances":[{"type":"Psycho","value":"-20"}],"retreat":2,"legal":{"standard":false,"expanded":true}},{"category":"Pokémon","id":"bw5-80","illustrator":"Kagemaru Himeno","localId":"80","name":"Chaneira","rarity":"Häufig","set":{"cardCount":{"official":108,"total":111},"id":"bw5","name":"Erfoscher der Finsternis","symbol":"https://assets.tcgdex.net/univ/bw/bw5/symbol"},"variants":{"firstEdition":false,"holo":true,"normal":true,"reverse":true,"wPromo":false},"dexId":[113],"hp":100,"types":["Farblos"],"stage":"Basis","attacks":[{"cost":["Farblos"]},{"cost":["Farblos","Farblos","Farblos"],"damage":60}],"weaknesses":[{"type":"Kampf","value":"×2"}],"retreat":3,"legal":{"standard":false,"expanded":true}},{"category":"Pokémon","id":"bw5-81","illustrator":"Mizue","localId":"81","name":"Chaneira","rarity":"Häufig","set":{"cardCount":{"official":108,"total":111},"id":"bw5","name":"Erfoscher der Finsternis","symbol":"https://assets.tcgdex.net/univ/bw/bw5/symbol"},"variants":{"firstEdition":false,"holo":true,"normal":true,"reverse":true,"wPromo":false},"dexId":[113],"hp":100,"types":["Farblos"],"stage":"Basis","attacks":[{"cost":["Farblos","Farblos"],"damage":30}],"weaknesses":[{"type":"Kampf","value":"×2"}],"retreat":2,"legal":{"standard":false,"expanded":true}},{"category":"Pokémon","id":"bw5-82","illustrator":"Kouki Saitou","localId":"82","name":"Heiteira","rarity":"Selten","set":{"cardCount":{"official":108,"total":111},"id":"bw5","name":"Erfoscher der Finsternis","symbol":"https://assets.tcgdex.net/univ/bw/bw5/symbol"},"variants":{"firstEdition":false,"holo":true,"normal":true,"reverse":true,"wPromo":false},"dexId":[242],"hp":130,"types":["Farblos"],"stage":"Rang 1","abilities":[{"type":"Fähigkeit","name":"Weichei","effect":"Einmal während deines Zuges (vor deinem Angriff) kannst du 1 Münze werfen. Heile bei „Kopf“ 30 Schadenspunkte bei deinem Aktiven Pokémon."}],"attacks":[{"cost":["Farblos","Farblos","Farblos"],"damage":90}],"weaknesses":[{"type":"Kampf","value":"×2"}],"retreat":3,"legal":{"standard":false,"expanded":true}},{"category":"Pokémon","id":"bw5-83","illustrator":"MAHOU","localId":"83","name":"Evoli","rarity":"Häufig","set":{"cardCount":{"official":108,"total":111},"id":"bw5","name":"Erfoscher der Finsternis","symbol":"https://assets.tcgdex.net/univ/bw/bw5/symbol"},"variants":{"firstEdition":false,"holo":true,"normal":true,"reverse":true,"wPromo":false},"dexId":[133],"hp":60,"types":["Farblos"],"stage":"Basis","attacks":[{"cost":["Farblos"],"damage":20}],"weaknesses":[{"type":"Kampf","value":"×2"}],"retreat":1,"legal":{"standard":false,"expanded":true}},{"category":"Pokémon","id":"bw5-84","illustrator":"Sumiyoshi Kizuki","localId":"84","name":"Evoli","rarity":"Häufig","set":{"cardCount":{"official":108,"total":111},"id":"bw5","name":"Erfoscher der Finsternis","symbol":"https://assets.tcgdex.net/univ/bw/bw5/symbol"},"variants":{"firstEdition":false,"holo":true,"normal":true,"reverse":true,"wPromo":false},"dexId":[133],"hp":50,"types":["Farblos"],"stage":"Basis","attacks":[{"cost":["Farblos"],"damage":10},{"cost":["Farblos","Farblos"],"damage":20}],"weaknesses":[{"type":"Kampf","value":"×2"}],"retreat":1,"legal":{"standard":false,"expanded":true}},{"category":"Pokémon","id":"bw5-85","illustrator":"MAHOU","localId":"85","name":"Plaudagei","rarity":"Ungewöhnlich","set":{"cardCount":{"official":108,"total":111},"id":"bw5","name":"Erfoscher der Finsternis","symbol":"https://assets.tcgdex.net/univ/bw/bw5/symbol"},"variants":{"firstEdition":false,"holo":true,"normal":true,"reverse":true,"wPromo":false},"dexId":[441],"hp":70,"types":["Farblos"],"stage":"Basis","attacks":[{"cost":["Farblos"],"damage":10},{"cost":["Farblos","Farblos"],"damage":30}],"weaknesses":[{"type":"Elektro","value":"×2"}],"resistances":[{"type":"Kampf","value":"-20"}],"retreat":1,"legal":{"standard":false,"expanded":true}},{"category":"Pokémon","id":"bw5-86","illustrator":"Kyoko Umemoto","localId":"86","name":"Yorkleff","rarity":"Häufig","set":{"cardCount":{"official":108,"total":111},"id":"bw5","name":"Erfoscher der Finsternis","symbol":"https://assets.tcgdex.net/univ/bw/bw5/symbol"},"variants":{"firstEdition":false,"holo":true,"normal":true,"reverse":true,"wPromo":false},"dexId":[506],"hp":50,"types":["Farblos"],"stage":"Basis","attacks":[{"cost":["Farblos"],"damage":10},{"cost":["Farblos","Farblos"],"damage":30}],"weaknesses":[{"type":"Kampf","value":"×2"}],"retreat":1,"legal":{"standard":false,"expanded":true}},{"category":"Pokémon","id":"bw5-87","illustrator":"Naoyo Kimura","localId":"87","name":"Terribark","rarity":"Ungewöhnlich","set":{"cardCount":{"official":108,"total":111},"id":"bw5","name":"Erfoscher der Finsternis","symbol":"https://assets.tcgdex.net/univ/bw/bw5/symbol"},"variants":{"firstEdition":false,"holo":true,"normal":true,"reverse":true,"wPromo":false},"dexId":[507],"hp":80,"types":["Farblos"],"stage":"Rang 1","attacks":[{"cost":["Farblos"]},{"cost":["Farblos","Farblos"],"damage":30}],"weaknesses":[{"type":"Kampf","value":"×2"}],"retreat":2,"legal":{"standard":false,"expanded":true}},{"category":"Pokémon","id":"bw5-88","illustrator":"Atsuko Nishida","localId":"88","name":"Bissbark","rarity":"Selten","set":{"cardCount":{"official":108,"total":111},"id":"bw5","name":"Erfoscher der Finsternis","symbol":"https://assets.tcgdex.net/univ/bw/bw5/symbol"},"variants":{"firstEdition":false,"holo":true,"normal":true,"reverse":true,"wPromo":false},"dexId":[508],"hp":130,"types":["Farblos"],"stage":"Rang 2","attacks":[{"cost":["Farblos","Farblos","Farblos"],"damage":40},{"cost":["Farblos","Farblos","Farblos","Farblos"],"damage":60}],"weaknesses":[{"type":"Kampf","value":"×2"}],"retreat":3,"legal":{"standard":false,"expanded":true}},{"category":"Pokémon","id":"bw5-89","illustrator":"Akira Komayama","localId":"89","name":"Maxax","rarity":"Selten","set":{"cardCount":{"official":108,"total":111},"id":"bw5","name":"Erfoscher der Finsternis","symbol":"https://assets.tcgdex.net/univ/bw/bw5/symbol"},"variants":{"firstEdition":false,"holo":true,"normal":true,"reverse":true,"wPromo":false},"dexId":[612],"hp":140,"types":["Farblos"],"stage":"Rang 2","attacks":[{"cost":["Farblos","Farblos","Farblos"],"damage":60},{"cost":["Farblos","Farblos","Farblos","Farblos"],"damage":80}],"retreat":3,"legal":{"standard":false,"expanded":true}},{"category":"Pokémon","id":"bw5-90","illustrator":"Shizurow","localId":"90","name":"Boreos-EX","rarity":"Selten","set":{"cardCount":{"official":108,"total":111},"id":"bw5","name":"Erfoscher der Finsternis","symbol":"https://assets.tcgdex.net/univ/bw/bw5/symbol"},"variants":{"firstEdition":false,"holo":true,"normal":true,"reverse":true,"wPromo":false},"dexId":[641],"hp":170,"types":["Farblos"],"suffix":"EX","attacks":[{"cost":["Farblos","Farblos"],"damage":30},{"cost":["Farblos","Farblos","Farblos"],"damage":100}],"weaknesses":[{"type":"Elektro","value":"×2"}],"resistances":[{"type":"Kampf","value":"-20"}],"retreat":1,"legal":{"standard":false,"expanded":true}},{"category":"Trainer","id":"bw5-91","illustrator":"Kanako Eo","localId":"91","name":"Cheren","rarity":"Ungewöhnlich","set":{"cardCount":{"official":108,"total":111},"id":"bw5","name":"Erfoscher der Finsternis","symbol":"https://assets.tcgdex.net/univ/bw/bw5/symbol"},"variants":{"firstEdition":false,"holo":true,"normal":true,"reverse":true,"wPromo":false},"effect":"Ziehe 3 Karten.","trainerType":"Unterstützerkarte","legal":{"standard":false,"expanded":true}},{"category":"Trainer","id":"bw5-92","illustrator":"5ban Graphics","localId":"92","name":"Finsterklaue","rarity":"Ungewöhnlich","set":{"cardCount":{"official":108,"total":111},"id":"bw5","name":"Erfoscher der Finsternis","symbol":"https://assets.tcgdex.net/univ/bw/bw5/symbol"},"variants":{"firstEdition":false,"holo":true,"normal":true,"reverse":true,"wPromo":false},"effect":"Wenn diese Karte an ein Darkness Pokémon angelegt ist, fügen alle Angriffe dieses Pokémon den Aktiven Pokémon 20 weitere Schadenspunkte zu (bevor Schwäche und Resistenz verrechnet werden).","trainerType":"Pokémon-Ausrüstung","legal":{"standard":false,"expanded":true}},{"category":"Trainer","id":"bw5-93","illustrator":"5ban Graphics","localId":"93","name":"Finsterpflaster","rarity":"Ungewöhnlich","set":{"cardCount":{"official":108,"total":111},"id":"bw5","name":"Erfoscher der Finsternis","symbol":"https://assets.tcgdex.net/univ/bw/bw5/symbol"},"variants":{"firstEdition":false,"holo":true,"normal":true,"reverse":true,"wPromo":false},"effect":"Lege 1 Darkness-Basis-Energiekarte von deinem Ablagestapel an 1 Darkness-Pokémon auf deiner Bank an.","trainerType":"Itemkarte","legal":{"standard":false,"expanded":true}},{"category":"Trainer","id":"bw5-94","illustrator":"Ryo Ueda","localId":"94","name":"Spezial-Hammer","rarity":"Ungewöhnlich","set":{"cardCount":{"official":108,"total":111},"id":"bw5","name":"Erfoscher der Finsternis","symbol":"https://assets.tcgdex.net/univ/bw/bw5/symbol"},"variants":{"firstEdition":false,"holo":true,"normal":true,"reverse":true,"wPromo":false},"effect":"Lege 1 an ein gegnerisches Pokémon angelegte Spezial-Energie auf den Ablagestapel deines Gegners.","trainerType":"Itemkarte","legal":{"standard":false,"expanded":true}},{"category":"Trainer","id":"bw5-95","illustrator":"Masakazu Fukuda","localId":"95","name":"Rabauken Bob & Rob","rarity":"Ungewöhnlich","set":{"cardCount":{"official":108,"total":111},"id":"bw5","name":"Erfoscher der Finsternis","symbol":"https://assets.tcgdex.net/univ/bw/bw5/symbol"},"variants":{"firstEdition":false,"holo":true,"normal":true,"reverse":true,"wPromo":false},"effect":"Wirf 1 Münze. Wähle bei „Kopf“ 3 zufällige Karten aus der verdeckten Hand deines Gegners. Dein Gegner zeigt diese Karten und mischt sie zurück in sein Deck.","trainerType":"Unterstützerkarte","legal":{"standard":false,"expanded":true}},{"category":"Trainer","id":"bw5-96","illustrator":"Megumi Mizutani","localId":"96","name":"N","rarity":"Ungewöhnlich","set":{"cardCount":{"official":108,"total":111},"id":"bw5","name":"Erfoscher der Finsternis","symbol":"https://assets.tcgdex.net/univ/bw/bw5/symbol"},"variants":{"firstEdition":false,"holo":true,"normal":true,"reverse":true,"wPromo":false},"effect":"Jeder Spieler mischt seine Hand zurück in sein Deck. Anschließend zieht jeder Spieler eine Karte für jede seiner noch übrigen Preiskarten.","trainerType":"Unterstützerkarte","legal":{"standard":false,"expanded":true}},{"category":"Trainer","id":"bw5-97","illustrator":"Ryo Ueda","localId":"97","name":"Altbernstein Aerodactyl","rarity":"Ungewöhnlich","set":{"cardCount":{"official":108,"total":111},"id":"bw5","name":"Erfoscher der Finsternis","symbol":"https://assets.tcgdex.net/univ/bw/bw5/symbol"},"variants":{"firstEdition":false,"holo":true,"normal":true,"reverse":true,"wPromo":false},"effect":"Schau dir die untersten 7 Karten deines Decks an. Falls du dort ein Aerodactyl findest, kannst du es deinem Gegner zeigen und auf deine Bank legen. Mische die anderen Karten anschließend in dein Deck.","trainerType":"Itemkarte","legal":{"standard":false,"expanded":true}},{"category":"Trainer","id":"bw5-98","illustrator":"Kanako Eo","localId":"98","name":"Prof. Esche","rarity":"Ungewöhnlich","set":{"cardCount":{"official":108,"total":111},"id":"bw5","name":"Erfoscher der Finsternis","symbol":"https://assets.tcgdex.net/univ/bw/bw5/symbol"},"variants":{"firstEdition":false,"holo":true,"normal":true,"reverse":true,"wPromo":false},"effect":"Lege deine Handkarten auf deinen Ablagestapel und ziehe 7 neue Karten.","trainerType":"Unterstützerkarte","legal":{"standard":false,"expanded":true}},{"category":"Trainer","id":"bw5-99","illustrator":"5ban Graphics","localId":"99","name":"Zufallsempfänger","rarity":"Ungewöhnlich","set":{"cardCount":{"official":108,"total":111},"id":"bw5","name":"Erfoscher der Finsternis","symbol":"https://assets.tcgdex.net/univ/bw/bw5/symbol"},"variants":{"firstEdition":false,"holo":true,"normal":true,"reverse":true,"wPromo":false},"effect":"Decke solang Karten von deinem Deck auf, bis du eine Unterstützerkarte aufdeckst. Nimm sie auf deine Hand. Mische die anderen Karten zurück in dein Deck.","trainerType":"Itemkarte","legal":{"standard":false,"expanded":true}},{"category":"Trainer","id":"bw5-100","illustrator":"Ryo Ueda","localId":"100","name":"Sonderbonbon","rarity":"Ungewöhnlich","set":{"cardCount":{"official":108,"total":111},"id":"bw5","name":"Erfoscher der Finsternis","symbol":"https://assets.tcgdex.net/univ/bw/bw5/symbol"},"variants":{"firstEdition":false,"holo":true,"normal":true,"reverse":true,"wPromo":false},"effect":"Wähle 1 deiner Basis-Pokémon im Spiel. Wenn du eine Phase-2-Karte auf der Hand hast, die sich aus diesem Pokémon entwickelt, lege sie auf das Basis-Pokémon. (Das zählt als Entwickeln des gewählten Pokémon.) Du kannst diese Karte nicht während deines ersten Zuges oder für ein Basis-Pokémon, das in diesem Zug ins Spiel gebracht wurde, verwenden.","trainerType":"Itemkarte","legal":{"standard":false,"expanded":true}},{"category":"Trainer","id":"bw5-101","illustrator":"Ryo Ueda","localId":"101","name":"Wendelberg","rarity":"Ungewöhnlich","set":{"cardCount":{"official":108,"total":111},"id":"bw5","name":"Erfoscher der Finsternis","symbol":"https://assets.tcgdex.net/univ/bw/bw5/symbol"},"variants":{"firstEdition":false,"holo":true,"normal":true,"reverse":true,"wPromo":false},"effect":"Einmal während seines Zuges darf jeder Spieler 1 Münze werfen. Bei „Kopf“ durchsucht der Spieler sein Deck nach 1 Erweckt-Pokémon und legt es auf seine Bank.","trainerType":"Stadionkarte","legal":{"standard":false,"expanded":true}},{"category":"Trainer","id":"bw5-102","illustrator":"5ban Graphics","localId":"102","name":"Hyperball","rarity":"Ungewöhnlich","set":{"cardCount":{"official":108,"total":111},"id":"bw5","name":"Erfoscher der Finsternis","symbol":"https://assets.tcgdex.net/univ/bw/bw5/symbol"},"variants":{"firstEdition":false,"holo":true,"normal":true,"reverse":true,"wPromo":false},"effect":"Lege 2 Karten von deiner Hand auf deinen Ablagestapel. (Wenn du keine 2 Karten auf deinen Ablagestapel legen kannst, kannst du diese Karte nicht spielen.) Durchsuche dein Deck nach 1 Pokémon, zeige es deinem Gegner und nimm es auf deine Hand. Mische anschließend dein Deck.","trainerType":"Itemkarte","legal":{"standard":false,"expanded":true}},{"category":"Pokémon","id":"bw5-103","illustrator":"5ban Graphics","localId":"103","name":"Entei-EX","rarity":"Ultra Selten","set":{"cardCount":{"official":108,"total":111},"id":"bw5","name":"Erfoscher der Finsternis","symbol":"https://assets.tcgdex.net/univ/bw/bw5/symbol"},"variants":{"firstEdition":false,"holo":true,"normal":true,"reverse":true,"wPromo":false},"dexId":[244],"hp":180,"types":["Feuer"],"suffix":"EX","attacks":[{"cost":["Feuer","Farblos"],"damage":30},{"cost":["Feuer","Feuer","Farblos"],"damage":90}],"weaknesses":[{"type":"Wasser","value":"×2"}],"retreat":3,"legal":{"standard":false,"expanded":true}},{"category":"Pokémon","id":"bw5-104","illustrator":"5ban Graphics","localId":"104","name":"Kyogre-EX","rarity":"Ultra Selten","set":{"cardCount":{"official":108,"total":111},"id":"bw5","name":"Erfoscher der Finsternis","symbol":"https://assets.tcgdex.net/univ/bw/bw5/symbol"},"variants":{"firstEdition":false,"holo":true,"normal":true,"reverse":true,"wPromo":false},"dexId":[382],"hp":170,"types":["Wasser"],"suffix":"EX","attacks":[{"cost":["Wasser","Farblos"],"damage":30},{"cost":["Wasser","Wasser","Farblos"]}],"weaknesses":[{"type":"Elektro","value":"×2"}],"retreat":4,"legal":{"standard":false,"expanded":true}},{"category":"Pokémon","id":"bw5-105","illustrator":"5ban Graphics","localId":"105","name":"Raikou-EX","rarity":"Ultra Selten","set":{"cardCount":{"official":108,"total":111},"id":"bw5","name":"Erfoscher der Finsternis","symbol":"https://assets.tcgdex.net/univ/bw/bw5/symbol"},"variants":{"firstEdition":false,"holo":true,"normal":true,"reverse":true,"wPromo":false},"dexId":[243],"hp":170,"types":["Elektro"],"suffix":"EX","attacks":[{"cost":["Elektro","Farblos"],"damage":30},{"cost":["Elektro","Elektro","Farblos"]}],"weaknesses":[{"type":"Kampf","value":"×2"}],"retreat":1,"legal":{"standard":false,"expanded":true}},{"category":"Pokémon","id":"bw5-106","illustrator":"5ban Graphics","localId":"106","name":"Groudon-EX","rarity":"Ultra Selten","set":{"cardCount":{"official":108,"total":111},"id":"bw5","name":"Erfoscher der Finsternis","symbol":"https://assets.tcgdex.net/univ/bw/bw5/symbol"},"variants":{"firstEdition":false,"holo":true,"normal":true,"reverse":true,"wPromo":false},"dexId":[383],"hp":180,"types":["Kampf"],"suffix":"EX","attacks":[{"cost":["Kampf","Farblos"],"damage":20},{"cost":["Kampf","Kampf","Farblos"],"damage":80}],"weaknesses":[{"type":"Wasser","value":"×2"}],"resistances":[{"type":"Elektro","value":"-20"}],"retreat":4,"legal":{"standard":false,"expanded":true}},{"category":"Pokémon","id":"bw5-107","illustrator":"5ban Graphics","localId":"107","name":"Darkrai-EX","rarity":"Ultra Selten","set":{"cardCount":{"official":108,"total":111},"id":"bw5","name":"Erfoscher der Finsternis","symbol":"https://assets.tcgdex.net/univ/bw/bw5/symbol"},"variants":{"firstEdition":false,"holo":true,"normal":true,"reverse":true,"wPromo":false},"dexId":[491],"hp":180,"types":["Unlicht"],"suffix":"EX","abilities":[{"type":"Fähigkeit","name":"Finsterumhang","effect":"Jedes deiner Pokémon, an dem Darkness-Energie angelegt ist, hat keine Rückzugskosten."}],"attacks":[{"cost":["Unlicht","Unlicht","Farblos"],"damage":90}],"weaknesses":[{"type":"Kampf","value":"×2"}],"resistances":[{"type":"Psycho","value":"-20"}],"retreat":2,"legal":{"standard":false,"expanded":true}},{"category":"Pokémon","id":"bw5-108","illustrator":"5ban Graphics","localId":"108","name":"Boreos-EX","rarity":"Ultra Selten","set":{"cardCount":{"official":108,"total":111},"id":"bw5","name":"Erfoscher der Finsternis","symbol":"https://assets.tcgdex.net/univ/bw/bw5/symbol"},"variants":{"firstEdition":false,"holo":true,"normal":true,"reverse":true,"wPromo":false},"dexId":[641],"hp":170,"types":["Farblos"],"suffix":"EX","attacks":[{"cost":["Farblos","Farblos"],"damage":30},{"cost":["Farblos","Farblos","Farblos"],"damage":100}],"weaknesses":[{"type":"Elektro","value":"×2"}],"resistances":[{"type":"Kampf","value":"-20"}],"retreat":1,"legal":{"standard":false,"expanded":true}},{"category":"Pokémon","id":"bw5-109","illustrator":"5ban Graphics","localId":"109","name":"Guardevoir","rarity":"Versteckt Selten","set":{"cardCount":{"official":108,"total":111},"id":"bw5","name":"Erfoscher der Finsternis","symbol":"https://assets.tcgdex.net/univ/bw/bw5/symbol"},"variants":{"firstEdition":false,"holo":true,"normal":true,"reverse":true,"wPromo":false},"dexId":[282],"hp":110,"types":["Psycho"],"stage":"Rang 2","abilities":[{"type":"Fähigkeit","name":"Psycho-Trugbild","effect":""}],"attacks":[{"cost":["Psycho","Psycho","Farblos","Farblos"],"damage":60}],"weaknesses":[{"type":"Psycho","value":"×2"}],"retreat":2,"legal":{"standard":false,"expanded":true}},{"category":"Pokémon","id":"bw5-110","illustrator":"5ban Graphics","localId":"110","name":"Aeropteryx","rarity":"Versteckt Selten","set":{"cardCount":{"official":108,"total":111},"id":"bw5","name":"Erfoscher der Finsternis","symbol":"https://assets.tcgdex.net/univ/bw/bw5/symbol"},"variants":{"firstEdition":false,"holo":true,"normal":true,"reverse":true,"wPromo":false},"dexId":[567],"hp":130,"types":["Kampf"],"stage":"Rang 1","abilities":[{"type":"Fähigkeit","name":"Antik-Kraft","effect":"Kein Spieler darf Pokémon von seiner Hand spielen, um die eigenen Pokémon zu entwickeln."}],"attacks":[{"cost":["Kampf","Kampf","Farblos"],"damage":60}],"weaknesses":[{"type":"Pflanze","value":"×2"}],"retreat":2,"legal":{"standard":false,"expanded":false}},{"category":"Trainer","id":"bw5-111","illustrator":"5ban Graphics","localId":"111","name":"Pokémon-Fänger","rarity":"Versteckt Selten","set":{"cardCount":{"official":108,"total":111},"id":"bw5","name":"Erfoscher der Finsternis","symbol":"https://assets.tcgdex.net/univ/bw/bw5/symbol"},"variants":{"firstEdition":false,"holo":true,"normal":true,"reverse":true,"wPromo":false},"effect":"Wirf 1 Münze. Bei „Kopf“ kannst du 1 Pokémon auf der Bank deines Gegners gegen sein Aktives Pokémon austauschen.","trainerType":"Itemkarte","legal":{"standard":false,"expanded":true}}]