[{"category":"Pokémon","id":"xy0-1","illustrator":"Akira Komayama","image":"https://assets.tcgdex.net/de/xy/xy0/1","localId":"1","name":"Hornliu","rarity":"Keine","set":{"cardCount":{"official":45,"total":45},"id":"xy0","name":"Willkommen in Kalos","symbol":"https://assets.tcgdex.net/univ/xy/xy0/symbol"},"variants":{"firstEdition":false,"holo":true,"normal":true,"reverse":true,"wPromo":false},"dexId":[13],"hp":40,"types":["Pflanze"],"stage":"Basis","attacks":[{"cost":["Pflanze"],"name":"Fadenschuss","effect":"Wirf 1 Münze. Bei \"Kopf\" ist das Aktive Pokémon deines Gegners jetzt paralysiert.","damage":10}],"weaknesses":[{"type":"Feuer","value":"×2"}],"retreat":1,"legal":{"standard":false,"expanded":true}},{"category":"Pokémon","id":"xy0-2","illustrator":"Masakazu Fukuda","image":"https://assets.tcgdex.net/de/xy/xy0/2","localId":"2","name":"Vegimak","rarity":"Keine","set":{"cardCount":{"official":45,"total":45},"id":"xy0","name":"Willkommen in Kalos","symbol":"https://assets.tcgdex.net/univ/xy/xy0/symbol"},"variants":{"firstEdition":false,"holo":true,"normal":true,"reverse":true,"wPromo":false},"dexId":[511],"hp":70,"types":["Pflanze"],"stage":"Basis","attacks":[{"cost":["Farblos"],"name":"Sammeln","effect":"Ziehe 1 Karte."},{"cost":["Farblos","Farblos"],"name":"Kratzfurie","effect":"Wirf 3 Münzen. Dieser Angriff fügt 10 Schadenspunkte mal der Anzahl \"Kopf\" zu.","damage":"10×"}],"weaknesses":[{"type":"Feuer","value":"×2"}],"retreat":1,"legal":{"standard":false,"expanded":true}},{"category":"Pokémon","id":"xy0-3","illustrator":"5ban Graphics","image":"https://assets.tcgdex.net/de/xy/xy0/3","localId":"3","name":"Igamaro","rarity":"Keine","set":{"cardCount":{"official":45,"total":45},"id":"xy0","name":"Willkommen in Kalos","symbol":"https://assets.tcgdex.net/univ/xy/xy0/symbol"},"variants":{"firstEdition":false,"holo":true,"normal":true,"reverse":true,"wPromo":false},"dexId":[650],"hp":60,"types":["Pflanze"],"stage":"Basis","attacks":[{"cost":["Pflanze"],"name":"Rankenhieb","damage":10},{"cost":["Pflanze","Farblos"],"name":"Samenbomben","damage":20}],"weaknesses":[{"type":"Feuer","value":"×2"}],"retreat":1,"legal":{"standard":false,"expanded":true}},{"category":"Pokémon","id":"xy0-4","illustrator":"5ban Graphics","image":"https://assets.tcgdex.net/de/xy/xy0/4","localId":"4","name":"Igastarnish","rarity":"Keine","set":{"cardCount":{"official":45,"total":45},"id":"xy0","name":"Willkommen in Kalos","symbol":"https://assets.tcgdex.net/univ/xy/xy0/symbol"},"variants":{"firstEdition":false,"holo":true,"normal":true,"reverse":true,"wPromo":false},"dexId":[651],"hp":90,"types":["Pflanze"],"evolveFrom":"Igamaro","stage":"Rang 1","attacks":[{"cost":["Pflanze","Farblos"],"name":"Egelsamen","effect":"Heile 10 Schadenspunkte bei diesem Pokémon.","damage":20},{"cost":["Pflanze","Farblos","Farblos"],"name":"Nietenranke","damage":50}],"weaknesses":[{"type":"Feuer","value":"×2"}],"retreat":2,"legal":{"standard":false,"expanded":true}},{"category":"Pokémon","id":"xy0-5","illustrator":"5ban Graphics","image":"https://assets.tcgdex.net/de/xy/xy0/5","localId":"5","name":"Brigaron","rarity":"Keine","set":{"cardCount":{"official":45,"total":45},"id":"xy0","name":"Willkommen in Kalos","symbol":"https://assets.tcgdex.net/univ/xy/xy0/symbol"},"variants":{"firstEdition":false,"holo":true,"normal":true,"reverse":true,"wPromo":false},"dexId":[652],"hp":150,"types":["Pflanze"],"evolveFrom":"Igastarnish","stage":"Rang 2","attacks":[{"cost":["Pflanze","Farblos","Farblos"],"name":"Nietenranke","damage":50},{"cost":["Pflanze","Pflanze","Farblos","Farblos"],"name":"Taumler","effect":"Wirf 1 Münze. Bei \"Kopf\" fügt dieser Angriff 40 weitere Schadenspunkte zu.","damage":"80+"}],"weaknesses":[{"type":"Feuer","value":"×2"}],"retreat":4,"legal":{"standard":false,"expanded":true}},{"category":"Pokémon","id":"xy0-6","illustrator":"Mitsuhiro Arita","image":"https://assets.tcgdex.net/de/xy/xy0/6","localId":"6","name":"Schneckmag","rarity":"Keine","set":{"cardCount":{"official":45,"total":45},"id":"xy0","name":"Willkommen in Kalos","symbol":"https://assets.tcgdex.net/univ/xy/xy0/symbol"},"variants":{"firstEdition":false,"holo":true,"normal":true,"reverse":true,"wPromo":false},"dexId":[218],"hp":80,"types":["Feuer"],"stage":"Basis","attacks":[{"cost":["Feuer","Farblos"],"name":"Glühen","damage":20}],"weaknesses":[{"type":"Wasser","value":"×2"}],"retreat":2,"legal":{"standard":false,"expanded":true}},{"category":"Pokémon","id":"xy0-7","illustrator":"Naoyo Kimura","image":"https://assets.tcgdex.net/de/xy/xy0/7","localId":"7","name":"Grillmak","rarity":"Keine","set":{"cardCount":{"official":45,"total":45},"id":"xy0","name":"Willkommen in Kalos","symbol":"https://assets.tcgdex.net/univ/xy/xy0/symbol"},"variants":{"firstEdition":false,"holo":true,"normal":true,"reverse":true,"wPromo":false},"dexId":[513],"hp":70,"types":["Feuer"],"stage":"Basis","attacks":[{"cost":["Farblos"],"name":"Sammeln","effect":"Ziehe 1 Karte."},{"cost":["Farblos","Farblos"],"name":"Kratzfurie","effect":"Wirf 3 Münzen. Dieser Angriff fügt 10 Schadenspunkte mal der Anzahl \"Kopf\" zu.","damage":"10×"}],"weaknesses":[{"type":"Wasser","value":"×2"}],"retreat":1,"legal":{"standard":false,"expanded":true}},{"category":"Pokémon","id":"xy0-8","illustrator":"5ban Graphics","image":"https://assets.tcgdex.net/de/xy/xy0/8","localId":"8","name":"Fynx","rarity":"Keine","set":{"cardCount":{"official":45,"total":45},"id":"xy0","name":"Willkommen in Kalos","symbol":"https://assets.tcgdex.net/univ/xy/xy0/symbol"},"variants":{"firstEdition":false,"holo":true,"normal":true,"reverse":true,"wPromo":false},"dexId":[653],"hp":60,"types":["Feuer"],"stage":"Basis","attacks":[{"cost":["Feuer"],"name":"Kratzer","damage":10},{"cost":["Feuer","Farblos"],"name":"Glühende Kohlen","damage":20}],"weaknesses":[{"type":"Wasser","value":"×2"}],"retreat":1,"legal":{"standard":false,"expanded":true}},{"category":"Pokémon","id":"xy0-9","illustrator":"5ban Graphics","image":"https://assets.tcgdex.net/de/xy/xy0/9","localId":"9","name":"Rutena","rarity":"Keine","set":{"cardCount":{"official":45,"total":45},"id":"xy0","name":"Willkommen in Kalos","symbol":"https://assets.tcgdex.net/univ/xy/xy0/symbol"},"variants":{"firstEdition":false,"holo":true,"normal":true,"reverse":true,"wPromo":false},"dexId":[654],"hp":80,"types":["Feuer"],"evolveFrom":"Fynx","stage":"Rang 1","attacks":[{"cost":["Feuer","Farblos"],"name":"Feuerhauch","effect":"Wirf 1 Münze. Bei \"Kopf\" fügt dieser Angriff 20 weitere Schadenspunkte zu.","damage":"20+"},{"cost":["Feuer","Farblos","Farblos"],"name":"Flammenschweif","damage":60}],"weaknesses":[{"type":"Wasser","value":"×2"}],"retreat":1,"legal":{"standard":false,"expanded":true}},{"category":"Pokémon","id":"xy0-10","illustrator":"5ban Graphics","image":"https://assets.tcgdex.net/de/xy/xy0/10","localId":"10","name":"Fennexis","rarity":"Keine","set":{"cardCount":{"official":45,"total":45},"id":"xy0","name":"Willkommen in Kalos","symbol":"https://assets.tcgdex.net/univ/xy/xy0/symbol"},"variants":{"firstEdition":false,"holo":true,"normal":true,"reverse":true,"wPromo":false},"dexId":[655],"hp":140,"types":["Feuer"],"evolveFrom":"Rutena","stage":"Rang 2","attacks":[{"cost":["Feuer","Farblos"],"name":"Irrlicht","damage":30},{"cost":["Feuer","Farblos","Farblos","Farblos"],"name":"Feuersturm","effect":"Lege 1 an dieses Pokémon angelegte Energie auf deinen Ablagestapel.","damage":120}],"weaknesses":[{"type":"Wasser","value":"×2"}],"retreat":2,"legal":{"standard":false,"expanded":true}},{"category":"Pokémon","id":"xy0-11","illustrator":"Shin Nagasawa","image":"https://assets.tcgdex.net/de/xy/xy0/11","localId":"11","name":"Sodamak","rarity":"Keine","set":{"cardCount":{"official":45,"total":45},"id":"xy0","name":"Willkommen in Kalos","symbol":"https://assets.tcgdex.net/univ/xy/xy0/symbol"},"variants":{"firstEdition":false,"holo":true,"normal":true,"reverse":true,"wPromo":false},"dexId":[515],"hp":70,"types":["Wasser"],"stage":"Basis","attacks":[{"cost":["Farblos"],"name":"Sammeln","effect":"Ziehe 1 Karte."},{"cost":["Farblos","Farblos"],"name":"Kratzfurie","effect":"Wirf 3 Münzen. Dieser Angriff fügt 10 Schadenspunkte mal der Anzahl \"Kopf\" zu.","damage":"10×"}],"weaknesses":[{"type":"Pflanze","value":"×2"}],"retreat":1,"legal":{"standard":false,"expanded":true}},{"category":"Pokémon","id":"xy0-12","illustrator":"5ban Graphics","image":"https://assets.tcgdex.net/de/xy/xy0/12","localId":"12","name":"Froxy","rarity":"Keine","set":{"cardCount":{"official":45,"total":45},"id":"xy0","name":"Willkommen in Kalos","symbol":"https://assets.tcgdex.net/univ/xy/xy0/symbol"},"variants":{"firstEdition":false,"holo":true,"normal":true,"reverse":true,"wPromo":false},"dexId":[656],"hp":60,"types":["Wasser"],"stage":"Basis","attacks":[{"cost":["Wasser"],"name":"Pfund","damage":10},{"cost":["Wasser","Farblos"],"name":"Spritzwasser","damage":20}],"weaknesses":[{"type":"Pflanze","value":"×2"}],"retreat":1,"legal":{"standard":false,"expanded":true}},{"category":"Pokémon","id":"xy0-13","illustrator":"5ban Graphics","image":"https://assets.tcgdex.net/de/xy/xy0/13","localId":"13","name":"Amphizel","rarity":"Keine","set":{"cardCount":{"official":45,"total":45},"id":"xy0","name":"Willkommen in Kalos","symbol":"https://assets.tcgdex.net/univ/xy/xy0/symbol"},"variants":{"firstEdition":false,"holo":true,"normal":true,"reverse":true,"wPromo":false},"dexId":[657],"hp":80,"types":["Wasser"],"evolveFrom":"Froxy","stage":"Rang 1","attacks":[{"cost":["Wasser"],"name":"Spritzwasser","damage":20},{"cost":["Wasser","Wasser","Farblos"],"name":"Aquawoge","effect":"Wirf 2 Münzen. Dieser Angriff fügt 20 weitere Schadenspunkte mal der Anzahl \"Kopf\" zu.","damage":"40+"}],"weaknesses":[{"type":"Pflanze","value":"×2"}],"retreat":1,"legal":{"standard":false,"expanded":true}},{"category":"Pokémon","id":"xy0-14","illustrator":"5ban Graphics","image":"https://assets.tcgdex.net/de/xy/xy0/14","localId":"14","name":"Quajutsu","rarity":"Keine","set":{"cardCount":{"official":45,"total":45},"id":"xy0","name":"Willkommen in Kalos","symbol":"https://assets.tcgdex.net/univ/xy/xy0/symbol"},"variants":{"firstEdition":false,"holo":true,"normal":true,"reverse":true,"wPromo":false},"dexId":[658],"hp":140,"types":["Wasser"],"evolveFrom":"Amphizel","stage":"Rang 2","attacks":[{"cost":["Wasser"],"name":"Tatami-Schild","effect":"Wirf 1 Münze. Lege bei \"Kopf\" 1 an das Aktive Pokémon deines Gegners angelegte Energie auf den Ablagestapel deines Gegners.","damage":40},{"cost":["Wasser","Wasser","Farblos"],"name":"Aquaschneide","damage":80}],"weaknesses":[{"type":"Pflanze","value":"×2"}],"retreat":1,"legal":{"standard":false,"expanded":true}},{"category":"Pokémon","id":"xy0-15","illustrator":"5ban Graphics","image":"https://assets.tcgdex.net/de/xy/xy0/15","localId":"15","name":"Scampisto","rarity":"Keine","set":{"cardCount":{"official":45,"total":45},"id":"xy0","name":"Willkommen in Kalos","symbol":"https://assets.tcgdex.net/univ/xy/xy0/symbol"},"variants":{"firstEdition":false,"holo":true,"normal":true,"reverse":true,"wPromo":false},"dexId":[692],"hp":70,"types":["Wasser"],"stage":"Basis","attacks":[{"cost":["Wasser","Farblos"],"name":"Aquaknarre","damage":20}],"weaknesses":[{"type":"Pflanze","value":"×2"}],"retreat":1,"legal":{"standard":false,"expanded":true}},{"category":"Pokémon","id":"xy0-16","illustrator":"Mizue","image":"https://assets.tcgdex.net/de/xy/xy0/16","localId":"16","name":"Fiffyen","rarity":"Keine","set":{"cardCount":{"official":45,"total":45},"id":"xy0","name":"Willkommen in Kalos","symbol":"https://assets.tcgdex.net/univ/xy/xy0/symbol"},"variants":{"firstEdition":false,"holo":true,"normal":true,"reverse":true,"wPromo":false},"dexId":[261],"hp":60,"types":["Unlicht"],"stage":"Basis","attacks":[{"cost":["Unlicht","Farblos"],"name":"Biss","damage":20}],"weaknesses":[{"type":"Kampf","value":"×2"}],"resistances":[{"type":"Psycho","value":"-20"}],"retreat":1,"legal":{"standard":false,"expanded":true}},{"category":"Pokémon","id":"xy0-17","illustrator":"Mitsuhiro Arita","image":"https://assets.tcgdex.net/de/xy/xy0/17","localId":"17","name":"Magnayen","rarity":"Keine","set":{"cardCount":{"official":45,"total":45},"id":"xy0","name":"Willkommen in Kalos","symbol":"https://assets.tcgdex.net/univ/xy/xy0/symbol"},"variants":{"firstEdition":false,"holo":true,"normal":true,"reverse":true,"wPromo":false},"dexId":[262],"hp":90,"types":["Unlicht"],"evolveFrom":"Fiffyen","stage":"Rang 1","attacks":[{"cost":["Unlicht","Farblos"],"name":"Kräftiger Biss","effect":"Wirf 1 Münze. Bei \"Kopf\" fügt dieser Angriff 20 weitere Schadenspunkte zu.","damage":"40+"}],"weaknesses":[{"type":"Kampf","value":"×2"}],"resistances":[{"type":"Psycho","value":"-20"}],"retreat":1,"legal":{"standard":false,"expanded":true}},{"category":"Pokémon","id":"xy0-18","illustrator":"5ban Graphics","image":"https://assets.tcgdex.net/de/xy/xy0/18","localId":"18","name":"Iscalar","rarity":"Keine","set":{"cardCount":{"official":45,"total":45},"id":"xy0","name":"Willkommen in Kalos","symbol":"https://assets.tcgdex.net/univ/xy/xy0/symbol"},"variants":{"firstEdition":false,"holo":true,"normal":true,"reverse":true,"wPromo":false},"dexId":[686],"hp":60,"types":["Unlicht"],"stage":"Basis","attacks":[{"cost":["Unlicht"],"name":"Schnabel","damage":10}],"weaknesses":[{"type":"Kampf","value":"×2"}],"resistances":[{"type":"Psycho","value":"-20"}],"retreat":1,"legal":{"standard":false,"expanded":true}},{"category":"Pokémon","id":"xy0-19","illustrator":"Kouki Saitou","image":"https://assets.tcgdex.net/de/xy/xy0/19","localId":"19","name":"Gladiantri","rarity":"Keine","set":{"cardCount":{"official":45,"total":45},"id":"xy0","name":"Willkommen in Kalos","symbol":"https://assets.tcgdex.net/univ/xy/xy0/symbol"},"variants":{"firstEdition":false,"holo":true,"normal":true,"reverse":true,"wPromo":false},"dexId":[624],"hp":60,"types":["Metall"],"stage":"Basis","attacks":[{"cost":["Metall"],"name":"Durchbohren","damage":10},{"cost":["Farblos","Farblos"],"name":"Zerschneider","damage":20}],"weaknesses":[{"type":"Feuer","value":"×2"}],"resistances":[{"type":"Psycho","value":"-20"}],"retreat":1,"legal":{"standard":false,"expanded":true}},{"category":"Pokémon","id":"xy0-20","illustrator":"Kagemaru Himeno","image":"https://assets.tcgdex.net/de/xy/xy0/20","localId":"20","name":"Caesurio","rarity":"Keine","set":{"cardCount":{"official":45,"total":45},"id":"xy0","name":"Willkommen in Kalos","symbol":"https://assets.tcgdex.net/univ/xy/xy0/symbol"},"variants":{"firstEdition":false,"holo":true,"normal":true,"reverse":true,"wPromo":false},"dexId":[625],"hp":90,"types":["Metall"],"evolveFrom":"Gladiantri","stage":"Rang 1","attacks":[{"cost":["Metall"],"name":"Arglistiger Hieb","effect":"Wirf 1 Münze. Bei \"Kopf\" ist das Aktive Pokémon deines Gegners jetzt paralysiert.","damage":20},{"cost":["Metall","Farblos","Farblos"],"name":"Metallklaue","damage":70}],"weaknesses":[{"type":"Feuer","value":"×2"}],"resistances":[{"type":"Psycho","value":"-20"}],"retreat":1,"legal":{"standard":false,"expanded":true}},{"category":"Pokémon","id":"xy0-21","illustrator":"5ban Graphics","image":"https://assets.tcgdex.net/de/xy/xy0/21","localId":"21","name":"Gramokles","rarity":"Keine","set":{"cardCount":{"official":45,"total":45},"id":"xy0","name":"Willkommen in Kalos","symbol":"https://assets.tcgdex.net/univ/xy/xy0/symbol"},"variants":{"firstEdition":false,"holo":true,"normal":true,"reverse":true,"wPromo":false},"dexId":[679],"hp":60,"types":["Metall"],"stage":"Basis","attacks":[{"cost":["Metall","Farblos"],"name":"Stetiger Schlitzer","effect":"Wirf so lang 1 Münze, bis zum ersten Mal das Ergebnis \"Zahl\" kommt. Dieser Angriff fügt 30 Schadenspunkte mal der Anzahl \"Kopf\" zu.","damage":"30x"}],"weaknesses":[{"type":"Feuer","value":"×2"}],"resistances":[{"type":"Psycho","value":"-20"}],"retreat":2,"legal":{"standard":false,"expanded":true}},{"category":"Pokémon","id":"xy0-22","illustrator":"Naoki Saito","image":"https://assets.tcgdex.net/de/xy/xy0/22","localId":"22","name":"Snubbull","rarity":"Keine","set":{"cardCount":{"official":45,"total":45},"id":"xy0","name":"Willkommen in Kalos","symbol":"https://assets.tcgdex.net/univ/xy/xy0/symbol"},"variants":{"firstEdition":false,"holo":true,"normal":true,"reverse":true,"wPromo":false},"dexId":[209],"hp":70,"types":["Fee"],"stage":"Basis","attacks":[{"cost":["Fee","Farblos"],"name":"Kopfnuss","damage":20}],"weaknesses":[{"type":"Metall","value":"×2"}],"resistances":[{"type":"Unlicht","value":"-20"}],"retreat":2,"legal":{"standard":false,"expanded":true}},{"category":"Pokémon","id":"xy0-23","illustrator":"Masakazu Fukuda","image":"https://assets.tcgdex.net/de/xy/xy0/23","localId":"23","name":"Granbull","rarity":"Keine","set":{"cardCount":{"official":45,"total":45},"id":"xy0","name":"Willkommen in Kalos","symbol":"https://assets.tcgdex.net/univ/xy/xy0/symbol"},"variants":{"firstEdition":false,"holo":true,"normal":true,"reverse":true,"wPromo":false},"dexId":[210],"hp":100,"types":["Fee"],"evolveFrom":"Snubbull","stage":"Rang 1","attacks":[{"cost":["Fee","Farblos"],"name":"Kopfnuss","damage":30},{"cost":["Fee","Farblos","Farblos"],"name":"Doppelstampfer","effect":"Wirf 2 Münzen. Dieser Angriff fügt 20 weitere Schadenspunkte mal der Anzahl \"Kopf\" zu.","damage":"50+"}],"weaknesses":[{"type":"Metall","value":"×2"}],"resistances":[{"type":"Unlicht","value":"-20"}],"retreat":3,"legal":{"standard":false,"expanded":true}},{"category":"Pokémon","id":"xy0-24","illustrator":"5ban Graphics","image":"https://assets.tcgdex.net/de/xy/xy0/24","localId":"24","name":"Flauschling","rarity":"Keine","set":{"cardCount":{"official":45,"total":45},"id":"xy0","name":"Willkommen in Kalos","symbol":"https://assets.tcgdex.net/univ/xy/xy0/symbol"},"variants":{"firstEdition":false,"holo":true,"normal":true,"reverse":true,"wPromo":false},"dexId":[684],"hp":60,"types":["Fee"],"stage":"Basis","attacks":[{"cost":["Fee"],"name":"Diebeskuss","effect":"Heile 10 Schadenspunkte bei diesem Pokémon.","damage":10}],"weaknesses":[{"type":"Metall","value":"×2"}],"resistances":[{"type":"Unlicht","value":"-20"}],"retreat":1,"legal":{"standard":false,"expanded":true}},{"category":"Pokémon","id":"xy0-25","illustrator":"Kagemaru Himeno","image":"https://assets.tcgdex.net/de/xy/xy0/25","localId":"25","name":"Porenta","rarity":"Keine","set":{"cardCount":{"official":45,"total":45},"id":"xy0","name":"Willkommen in Kalos","symbol":"https://assets.tcgdex.net/univ/xy/xy0/symbol"},"variants":{"firstEdition":false,"holo":true,"normal":true,"reverse":true,"wPromo":false},"dexId":[83],"hp":70,"types":["Farblos"],"stage":"Basis","attacks":[{"cost":["Farblos"],"name":"Schlitzer","damage":30}],"weaknesses":[{"type":"Elektro","value":"×2"}],"resistances":[{"type":"Kampf","value":"-20"}],"retreat":1,"legal":{"standard":false,"expanded":true}},{"category":"Pokémon","id":"xy0-26","illustrator":"Naoki Saito","image":"https://assets.tcgdex.net/de/xy/xy0/26","localId":"26","name":"Relaxo","rarity":"Keine","set":{"cardCount":{"official":45,"total":45},"id":"xy0","name":"Willkommen in Kalos","symbol":"https://assets.tcgdex.net/univ/xy/xy0/symbol"},"variants":{"firstEdition":false,"holo":true,"normal":true,"reverse":true,"wPromo":false},"dexId":[143],"hp":120,"types":["Farblos"],"stage":"Basis","attacks":[{"cost":["Farblos","Farblos","Farblos"],"name":"Zertrümmerer","effect":"Wirf 1 Münze. Bei \"Kopf\" fügt dieser Angriff 30 weitere Schadenspunkte zu.","damage":"10+"},{"cost":["Farblos","Farblos","Farblos","Farblos"],"name":"Stärke","damage":70}],"weaknesses":[{"type":"Kampf","value":"×2"}],"retreat":4,"legal":{"standard":false,"expanded":true}},{"category":"Pokémon","id":"xy0-27","illustrator":"Akira Komayama","image":"https://assets.tcgdex.net/de/xy/xy0/27","localId":"27","name":"Miltank","rarity":"Keine","set":{"cardCount":{"official":45,"total":45},"id":"xy0","name":"Willkommen in Kalos","symbol":"https://assets.tcgdex.net/univ/xy/xy0/symbol"},"variants":{"firstEdition":false,"holo":true,"normal":true,"reverse":true,"wPromo":false},"dexId":[241],"hp":100,"types":["Farblos"],"stage":"Basis","attacks":[{"cost":["Farblos","Farblos","Farblos"],"name":"Platzierter Platscher","effect":"Wirf 1 Münze. Bei \"Kopf\" fügt dieser Angriff 20 weitere Schadenspunkte zu.","damage":"50+"}],"weaknesses":[{"type":"Kampf","value":"×2"}],"retreat":3,"legal":{"standard":false,"expanded":true}},{"category":"Pokémon","id":"xy0-28","illustrator":"Shin Nagasawa","image":"https://assets.tcgdex.net/de/xy/xy0/28","localId":"28","name":"Eneco","rarity":"Keine","set":{"cardCount":{"official":45,"total":45},"id":"xy0","name":"Willkommen in Kalos","symbol":"https://assets.tcgdex.net/univ/xy/xy0/symbol"},"variants":{"firstEdition":false,"holo":true,"normal":true,"reverse":true,"wPromo":false},"dexId":[300],"hp":60,"types":["Farblos"],"stage":"Basis","attacks":[{"cost":["Farblos","Farblos"],"name":"Draufspringen","effect":"Wirf 1 Münze. Bei \"Kopf\" fügt dieser Angriff 20 weitere Schadenspunkte zu.","damage":"20+"}],"weaknesses":[{"type":"Kampf","value":"×2"}],"retreat":1,"legal":{"standard":false,"expanded":true}},{"category":"Pokémon","id":"xy0-29","illustrator":"Kouki Saitou","image":"https://assets.tcgdex.net/de/xy/xy0/29","localId":"29","name":"Bidiza","rarity":"Keine","set":{"cardCount":{"official":45,"total":45},"id":"xy0","name":"Willkommen in Kalos","symbol":"https://assets.tcgdex.net/univ/xy/xy0/symbol"},"variants":{"firstEdition":false,"holo":true,"normal":true,"reverse":true,"wPromo":false},"dexId":[399],"hp":70,"types":["Farblos"],"stage":"Basis","attacks":[{"cost":["Farblos","Farblos","Farblos"],"name":"Walzer","damage":60}],"weaknesses":[{"type":"Kampf","value":"×2"}],"retreat":2,"legal":{"standard":false,"expanded":true}},{"category":"Pokémon","id":"xy0-30","illustrator":"5ban Graphics","image":"https://assets.tcgdex.net/de/xy/xy0/30","localId":"30","name":"Scoppel","rarity":"Keine","set":{"cardCount":{"official":45,"total":45},"id":"xy0","name":"Willkommen in Kalos","symbol":"https://assets.tcgdex.net/univ/xy/xy0/symbol"},"variants":{"firstEdition":false,"holo":true,"normal":true,"reverse":true,"wPromo":false},"dexId":[659],"hp":60,"types":["Farblos"],"stage":"Basis","attacks":[{"cost":["Farblos","Farblos"],"name":"Tackle","damage":20}],"weaknesses":[{"type":"Kampf","value":"×2"}],"retreat":1,"legal":{"standard":false,"expanded":true}},{"category":"Pokémon","id":"xy0-31","illustrator":"5ban Graphics","image":"https://assets.tcgdex.net/de/xy/xy0/31","localId":"31","name":"Dartiri","rarity":"Keine","set":{"cardCount":{"official":45,"total":45},"id":"xy0","name":"Willkommen in Kalos","symbol":"https://assets.tcgdex.net/univ/xy/xy0/symbol"},"variants":{"firstEdition":false,"holo":true,"normal":true,"reverse":true,"wPromo":false},"dexId":[661],"hp":50,"types":["Farblos"],"stage":"Basis","attacks":[{"cost":["Farblos"],"name":"Klingensturm","effect":"Wirf 1 Münze. Bei \"Zahl\" hat dieser Angriff keine Auswirkungen.","damage":20}],"weaknesses":[{"type":"Elektro","value":"×2"}],"resistances":[{"type":"Kampf","value":"-20"}],"retreat":1,"legal":{"standard":false,"expanded":true}},{"category":"Pokémon","id":"xy0-32","illustrator":"5ban Graphics","image":"https://assets.tcgdex.net/de/xy/xy0/32","localId":"32","name":"Coiffwaff","rarity":"Keine","set":{"cardCount":{"official":45,"total":45},"id":"xy0","name":"Willkommen in Kalos","symbol":"https://assets.tcgdex.net/univ/xy/xy0/symbol"},"variants":{"firstEdition":false,"holo":true,"normal":true,"reverse":true,"wPromo":false},"dexId":[676],"hp":90,"types":["Farblos"],"stage":"Basis","attacks":[{"cost":["Farblos","Farblos"],"name":"Fester Biss","effect":"Wirf 1 Münze. Bei \"Kopf\" ist das Aktive Pokémon deines Gegners jetzt paralysiert.","damage":20},{"cost":["Farblos","Farblos","Farblos"],"name":"Scharfe Fänge","damage":50}],"weaknesses":[{"type":"Kampf","value":"×2"}],"retreat":1,"legal":{"standard":false,"expanded":true}},{"category":"Pokémon","id":"xy0-33","illustrator":"5ban Graphics","image":"https://assets.tcgdex.net/de/xy/xy0/33","localId":"33","name":"Coiffwaff","rarity":"Keine","set":{"cardCount":{"official":45,"total":45},"id":"xy0","name":"Willkommen in Kalos","symbol":"https://assets.tcgdex.net/univ/xy/xy0/symbol"},"variants":{"firstEdition":false,"holo":true,"normal":true,"reverse":true,"wPromo":false},"dexId":[676],"hp":90,"types":["Farblos"],"stage":"Basis","attacks":[{"cost":["Farblos","Farblos"],"name":"Fester Biss","effect":"Wirf 1 Münze. Bei \"Kopf\" ist das Aktive Pokémon deines Gegners jetzt paralysiert.","damage":20},{"cost":["Farblos","Farblos","Farblos"],"name":"Scharfe Fänge","damage":50}],"weaknesses":[{"type":"Kampf","value":"×2"}],"retreat":1,"legal":{"standard":false,"expanded":true}},{"category":"Trainer","id":"xy0-34","illustrator":"5ban Graphics","image":"https://assets.tcgdex.net/de/xy/xy0/34","localId":"34","name":"Schmetterhammer","rarity":"Keine","set":{"cardCount":{"official":45,"total":45},"id":"xy0","name":"Willkommen in Kalos","symbol":"https://assets.tcgdex.net/univ/xy/xy0/symbol"},"variants":{"firstEdition":false,"holo":true,"normal":true,"reverse":true,"wPromo":false},"effect":"Wirf 1 Münze. Lege bei \"Kopf\" 1 an das gegnerische Pokémon angelegte Energie auf den Ablagestapel deines Gegners.","trainerType":"Itemkarte","legal":{"standard":false,"expanded":true}},{"category":"Trainer","id":"xy0-35","illustrator":"5ban Graphics","image":"https://assets.tcgdex.net/de/xy/xy0/35","localId":"35","name":"Pokéball","rarity":"Keine","set":{"cardCount":{"official":45,"total":45},"id":"xy0","name":"Willkommen in Kalos","symbol":"https://assets.tcgdex.net/univ/xy/xy0/symbol"},"variants":{"firstEdition":false,"holo":true,"normal":true,"reverse":true,"wPromo":false},"effect":"Wirf 1 Münze. Durchsuche bei \"Kopf\" dein Deck nach 1 Pokémon, zeige es deinem Gegner und nimm es auf deine Hand. Mische anschließend dein Deck.","trainerType":"Itemkarte","legal":{"standard":false,"expanded":true}},{"category":"Trainer","id":"xy0-36","illustrator":"5ban Graphics","image":"https://assets.tcgdex.net/de/xy/xy0/36","localId":"36","name":"Pokémon-Fänger","rarity":"Keine","set":{"cardCount":{"official":45,"total":45},"id":"xy0","name":"Willkommen in Kalos","symbol":"https://assets.tcgdex.net/univ/xy/xy0/symbol"},"variants":{"firstEdition":false,"holo":true,"normal":true,"reverse":true,"wPromo":false},"effect":"Wirf 1 Münze. Tausche bei \"Kopf\" 1 Pokémon auf der Bank deines Gegners gegen das Aktive Pokémon deines Gegners aus.","trainerType":"Itemkarte","legal":{"standard":false,"expanded":true}},{"category":"Trainer","id":"xy0-37","illustrator":"5ban Graphics","image":"https://assets.tcgdex.net/de/xy/xy0/37","localId":"37","name":"Trank","rarity":"Keine","set":{"cardCount":{"official":45,"total":45},"id":"xy0","name":"Willkommen in Kalos","symbol":"https://assets.tcgdex.net/univ/xy/xy0/symbol"},"variants":{"firstEdition":false,"holo":true,"normal":true,"reverse":true,"wPromo":false},"effect":"Heile 30 Schadenspunkte bei 1 deiner Pokémon.","trainerType":"Itemkarte","legal":{"standard":false,"expanded":true}},{"category":"Trainer","id":"xy0-38","illustrator":"5ban Graphics","image":"https://assets.tcgdex.net/de/xy/xy0/38","localId":"38","name":"Tausch","rarity":"Keine","set":{"cardCount":{"official":45,"total":45},"id":"xy0","name":"Willkommen in Kalos","symbol":"https://assets.tcgdex.net/univ/xy/xy0/symbol"},"variants":{"firstEdition":false,"holo":true,"normal":true,"reverse":true,"wPromo":false},"effect":"Tausche dein Aktives Pokémon gegen 1 Pokémon auf deiner Bank aus.","trainerType":"Itemkarte","legal":{"standard":false,"expanded":true}},{"category":"Trainer","id":"xy0-39","illustrator":"Ken Sugimori","image":"https://assets.tcgdex.net/de/xy/xy0/39","localId":"39","name":"Tierno","rarity":"Keine","set":{"cardCount":{"official":45,"total":45},"id":"xy0","name":"Willkommen in Kalos","symbol":"https://assets.tcgdex.net/univ/xy/xy0/symbol"},"variants":{"firstEdition":false,"holo":true,"normal":true,"reverse":true,"wPromo":false},"effect":"Ziehe 3 Karten.","trainerType":"Unterstützerkarte","legal":{"standard":false,"expanded":true}}]