[{"category":"Pokémon","id":"xy7-1","illustrator":"MAHOU","image":"https://assets.tcgdex.net/de/xy/xy7/1","localId":"1","name":"Myrapla","rarity":"Häufig","set":{"cardCount":{"official":98,"total":101},"id":"xy7","name":"Ewiger Anfang","symbol":"https://assets.tcgdex.net/univ/xy/xy7/symbol"},"variants":{"firstEdition":false,"holo":true,"normal":true,"reverse":true,"wPromo":false},"dexId":[43],"hp":50,"types":["Pflanze"],"stage":"Basis","attacks":[{"cost":["Pflanze"],"name":"Stolperer","effect":"Wirf 1 Münze. Bei \"Kopf\" fügt dieser Angriff 10 weitere Schadenspunkte zu.","damage":"10+"}],"weaknesses":[{"type":"Feuer","value":"×2"}],"retreat":1,"legal":{"standard":false,"expanded":true}},{"category":"Pokémon","id":"xy7-2","illustrator":"Masakazu Fukuda","image":"https://assets.tcgdex.net/de/xy/xy7/2","localId":"2","name":"Duflor","rarity":"Ungewöhnlich","set":{"cardCount":{"official":98,"total":101},"id":"xy7","name":"Ewiger Anfang","symbol":"https://assets.tcgdex.net/univ/xy/xy7/symbol"},"variants":{"firstEdition":false,"holo":true,"normal":true,"reverse":true,"wPromo":false},"dexId":[44],"hp":80,"types":["Pflanze"],"evolveFrom":"Myrapla","stage":"Rang 1","attacks":[{"cost":["Pflanze","Farblos"],"name":"Sabbern","damage":30}],"weaknesses":[{"type":"Feuer","value":"×2"}],"retreat":1,"legal":{"standard":false,"expanded":true}},{"category":"Pokémon","id":"xy7-3","illustrator":"Midori Harada","image":"https://assets.tcgdex.net/de/xy/xy7/3","localId":"3","name":"Giflor","rarity":"Selten","set":{"cardCount":{"official":98,"total":101},"id":"xy7","name":"Ewiger Anfang","symbol":"https://assets.tcgdex.net/univ/xy/xy7/symbol"},"variants":{"firstEdition":false,"holo":true,"normal":true,"reverse":true,"wPromo":false},"dexId":[45],"hp":130,"types":["Pflanze"],"evolveFrom":"Duflor","stage":"Rang 2","abilities":[{"type":"Fähigkeit","name":"Irritierender Pollen","effect":"Kein Spieler darf Itemkarten von seiner Hand spielen."}],"attacks":[{"cost":["Pflanze","Pflanze","Farblos"],"name":"Solarstrahl","damage":70}],"weaknesses":[{"type":"Feuer","value":"×2"}],"retreat":3,"legal":{"standard":false,"expanded":true}},{"category":"Pokémon","id":"xy7-4","illustrator":"Mizue","image":"https://assets.tcgdex.net/de/xy/xy7/4","localId":"4","name":"Blubella","rarity":"Ungewöhnlich","set":{"cardCount":{"official":98,"total":101},"id":"xy7","name":"Ewiger Anfang","symbol":"https://assets.tcgdex.net/univ/xy/xy7/symbol"},"variants":{"firstEdition":false,"holo":true,"normal":true,"reverse":true,"wPromo":false},"dexId":[182],"hp":120,"types":["Pflanze"],"evolveFrom":"Duflor","stage":"Rang 2","attacks":[{"cost":["Pflanze"],"name":"Windmühle","effect":"Tausche dieses Pokémon gegen 1 Pokémon auf deiner Bank aus.","damage":20},{"cost":["Pflanze","Farblos"],"name":"Blumenmixer","effect":"Verschiebe beliebig viele an deine Pokémon angelegten Grass-Energien nach Belieben auf deine anderen Pokémon.","damage":60}],"weaknesses":[{"type":"Feuer","value":"×2"}],"retreat":1,"legal":{"standard":false,"expanded":true}},{"category":"Pokémon","id":"xy7-5","illustrator":"Naoyo Kimura","image":"https://assets.tcgdex.net/de/xy/xy7/5","localId":"5","name":"Webarak","rarity":"Häufig","set":{"cardCount":{"official":98,"total":101},"id":"xy7","name":"Ewiger Anfang","symbol":"https://assets.tcgdex.net/univ/xy/xy7/symbol"},"variants":{"firstEdition":false,"holo":true,"normal":true,"reverse":true,"wPromo":false},"dexId":[167],"hp":50,"types":["Pflanze"],"stage":"Basis","attacks":[{"cost":["Farblos"],"name":"Fadenschuss","effect":"Wirf 1 Münze. Bei \"Kopf\" ist das Aktive Pokémon deines Gegners jetzt paralysiert."}],"weaknesses":[{"type":"Feuer","value":"×2"}],"retreat":1,"legal":{"standard":false,"expanded":true}},{"category":"Pokémon","id":"xy7-6","illustrator":"Hajime Kusajima","image":"https://assets.tcgdex.net/de/xy/xy7/6","localId":"6","name":"Ariados","rarity":"Ungewöhnlich","set":{"cardCount":{"official":98,"total":101},"id":"xy7","name":"Ewiger Anfang","symbol":"https://assets.tcgdex.net/univ/xy/xy7/symbol"},"variants":{"firstEdition":false,"holo":true,"normal":true,"reverse":true,"wPromo":false},"dexId":[168],"hp":70,"types":["Pflanze"],"evolveFrom":"Webarak","stage":"Rang 1","abilities":[{"type":"Fähigkeit","name":"Giftiges Nest","effect":"Einmal während deines Zuges (vor deinem Angriff), kannst du diese Fähigkeit einsetzen. Beide Aktiven Pokémon (außer Grass-Pokémon) sind jetzt vergiftet."}],"attacks":[{"cost":["Pflanze","Farblos"],"name":"Festsetzen","effect":"Das Verteidigende Pokémon kann sich während des nächsten Zuges deines Gegners nicht zurückziehen.","damage":30}],"weaknesses":[{"type":"Feuer","value":"×2"}],"retreat":1,"legal":{"standard":false,"expanded":true}},{"category":"Pokémon","id":"xy7-7","illustrator":"Eske Yoshinob","image":"https://assets.tcgdex.net/de/xy/xy7/7","localId":"7","name":"Gewaldro EX","rarity":"Ultra Selten","set":{"cardCount":{"official":98,"total":101},"id":"xy7","name":"Ewiger Anfang","symbol":"https://assets.tcgdex.net/univ/xy/xy7/symbol"},"variants":{"firstEdition":false,"holo":true,"normal":true,"reverse":true,"wPromo":false},"dexId":[254],"hp":170,"types":["Pflanze"],"stage":"Basis","suffix":"EX","attacks":[{"cost":["Pflanze"],"name":"Schlafgift","effect":"Wirf 1 Münze. Bei \"Kopf\" schläft das Aktive Pokémon deines Gegners jetzt und ist vergiftet.","damage":10},{"cost":["Pflanze","Farblos"],"name":"Klammheimliche Klaue","effect":"Wenn das Aktive Pokémon deines Gegners von einem Speziellen Zustand betroffen ist, fügt dieser Angriff 70 weitere Schadenspunkte zu.","damage":"60+"}],"weaknesses":[{"type":"Feuer","value":"×2"}],"retreat":1,"legal":{"standard":false,"expanded":true}},{"category":"Pokémon","id":"xy7-8","illustrator":"5ban Graphics","image":"https://assets.tcgdex.net/de/xy/xy7/8","localId":"8","name":"M-Gewaldro EX","rarity":"Ultra Selten","set":{"cardCount":{"official":98,"total":101},"id":"xy7","name":"Ewiger Anfang","symbol":"https://assets.tcgdex.net/univ/xy/xy7/symbol"},"variants":{"firstEdition":false,"holo":true,"normal":true,"reverse":true,"wPromo":false},"dexId":[254],"hp":220,"types":["Pflanze"],"evolveFrom":"Gewaldro-EX","stage":"MEGA","suffix":"EX","abilities":[{"type":"Fähigkeit","name":"{title}:","effect":"{title}: Verhindere alle Effekte von Fähigkeiten gegnerischer Pokémon, die diesem Pokémon zugefügt werden."}],"attacks":[{"cost":["Pflanze","Farblos"],"name":"Gezackter Säbel","effect":"Du kannst bis zu 2 Grass-Energiekarten von deiner Hand beliebig an die Pokémon auf deiner Bank anlegen. Wenn du auf diese Weise Energie an ein Pokémon angelegt hast, heile allen Schaden bei jenem Pokémon.","damage":100}],"weaknesses":[{"type":"Feuer","value":"×2"}],"retreat":2,"legal":{"standard":false,"expanded":true}},{"category":"Pokémon","id":"xy7-9","illustrator":"Sumiyoshi Kizuki","image":"https://assets.tcgdex.net/de/xy/xy7/9","localId":"9","name":"Wadribie","rarity":"Häufig","set":{"cardCount":{"official":98,"total":101},"id":"xy7","name":"Ewiger Anfang","symbol":"https://assets.tcgdex.net/univ/xy/xy7/symbol"},"variants":{"firstEdition":false,"holo":true,"normal":true,"reverse":true,"wPromo":false},"dexId":[415],"hp":40,"types":["Pflanze"],"stage":"Basis","attacks":[{"cost":["Pflanze"],"name":"Käferbiss","damage":10}],"weaknesses":[{"type":"Feuer","value":"×2"}],"retreat":1,"legal":{"standard":false,"expanded":true}},{"category":"Pokémon","id":"xy7-10","illustrator":"kawayoo","image":"https://assets.tcgdex.net/de/xy/xy7/10","localId":"10","name":"Honweisel","rarity":"Ungewöhnlich","set":{"cardCount":{"official":98,"total":101},"id":"xy7","name":"Ewiger Anfang","symbol":"https://assets.tcgdex.net/univ/xy/xy7/symbol"},"variants":{"firstEdition":false,"holo":true,"normal":true,"reverse":true,"wPromo":false},"dexId":[416],"hp":90,"types":["Pflanze"],"evolveFrom":"Wadribie","stage":"Rang 1","attacks":[{"cost":["Farblos"],"name":"Informationssammler","effect":"Du kannst so viele Karten ziehen, bis du 6 Karten auf deiner Hand hast.","damage":10},{"cost":["Farblos","Farblos"],"name":"Bienenvergeltung","effect":"Dieser Angriff fügt für jedes Pokémon in deinem Ablagestapel 10 weitere Schadenspunkte zu.","damage":"20+"}],"weaknesses":[{"type":"Feuer","value":"×2"}],"retreat":0,"legal":{"standard":false,"expanded":true}},{"category":"Pokémon","id":"xy7-11","illustrator":"Ayaka Yoshida","image":"https://assets.tcgdex.net/de/xy/xy7/11","localId":"11","name":"Honweisel","rarity":"Selten","set":{"cardCount":{"official":98,"total":101},"id":"xy7","name":"Ewiger Anfang","symbol":"https://assets.tcgdex.net/univ/xy/xy7/symbol"},"variants":{"firstEdition":false,"holo":true,"normal":true,"reverse":true,"wPromo":false},"dexId":[416],"hp":90,"types":["Pflanze"],"evolveFrom":"Wadribie","stage":"Rang 1","abilities":[{"type":"Fähigkeit","name":"{title}:","effect":"{title}: An dieses Pokémon können bis zu 2 Pokémon-Ausrüstungen angelegt sein."}],"attacks":[{"cost":["Pflanze"],"name":"Bienensauger","effect":"Heile bei diesem Pokémon genauso viel Schaden, wie du dem Aktiven Pokémon deines Gegners zugefügt hast.","damage":20},{"cost":["Farblos","Farblos"],"name":"Kratzfurie","effect":"Wirf 3 Münzen. Dieser Angriff fügt 30 Schadenspunkte mal der Anzahl \"Kopf\" zu.","damage":"30×"}],"weaknesses":[{"type":"Feuer","value":"×2"}],"retreat":1,"legal":{"standard":false,"expanded":true}},{"category":"Pokémon","id":"xy7-12","illustrator":"match","image":"https://assets.tcgdex.net/de/xy/xy7/12","localId":"12","name":"Viridium","rarity":"Selten","set":{"cardCount":{"official":98,"total":101},"id":"xy7","name":"Ewiger Anfang","symbol":"https://assets.tcgdex.net/univ/xy/xy7/symbol"},"variants":{"firstEdition":false,"holo":true,"normal":true,"reverse":true,"wPromo":false},"dexId":[640],"hp":110,"types":["Pflanze"],"stage":"Basis","attacks":[{"cost":["Pflanze"],"name":"Freilassen","effect":"Nimm 2 Pokémon von deinem Ablagestapel auf deine Hand."},{"cost":["Pflanze","Pflanze"],"name":"Preiszähler","effect":"Wenn du mehr Preiskarten übrig hast als dein Gegner, fügt dieser Angriff 80 weitere Schadenspunkte zu.","damage":"40+"}],"weaknesses":[{"type":"Feuer","value":"×2"}],"retreat":1,"legal":{"standard":false,"expanded":true}},{"category":"Pokémon","id":"xy7-13","illustrator":"sui","image":"https://assets.tcgdex.net/de/xy/xy7/13","localId":"13","name":"Flamara","rarity":"Ungewöhnlich","set":{"cardCount":{"official":98,"total":101},"id":"xy7","name":"Ewiger Anfang","symbol":"https://assets.tcgdex.net/univ/xy/xy7/symbol"},"variants":{"firstEdition":false,"holo":true,"normal":true,"reverse":true,"wPromo":false},"dexId":[136],"hp":90,"types":["Feuer"],"evolveFrom":"Evoli","stage":"Rang 1","abilities":[{"type":"Fähigkeit","name":"Feuer-Effekt","effect":"Jedes deiner Phase-1-Pokémon im Spiel ist jetzt zusätzlich zu seinen bereits vorhandenen Typen ein Fire-Pokémon."}],"attacks":[{"cost":["Feuer","Farblos","Farblos"],"name":"Heißer Atem","effect":"Wirf 1 Münze. Bei \"Kopf\" fügt dieser Angriff 20 weitere Schadenspunkte zu.","damage":"60+"}],"weaknesses":[{"type":"Wasser","value":"×2"}],"retreat":1,"legal":{"standard":false,"expanded":true}},{"category":"Pokémon","id":"xy7-14","illustrator":"Naoki Saito","image":"https://assets.tcgdex.net/de/xy/xy7/14","localId":"14","name":"Entei","rarity":"Selten","set":{"cardCount":{"official":98,"total":101},"id":"xy7","name":"Ewiger Anfang","symbol":"https://assets.tcgdex.net/univ/xy/xy7/symbol"},"variants":{"firstEdition":false,"holo":true,"normal":true,"reverse":true,"wPromo":false},"dexId":[244],"hp":120,"types":["Feuer"],"stage":"Basis","attacks":[{"cost":["Farblos"],"name":"Feuriger Brüller","effect":"Lege die obersten 4 Karten deines Decks auf deinen Ablagestapel. Wenn darunter Fire-Energiekarten sind, lege sie beliebig an deine Pokémon an."},{"cost":["Feuer","Feuer"],"name":"Gefechtsbrand","effect":"Dieser Angriff fügt 20 weitere Schadenspunkte für jedes Pokémon auf der Bank deines Gegners zu.","damage":"20+"}],"weaknesses":[{"type":"Wasser","value":"×2"}],"retreat":2,"legal":{"standard":false,"expanded":true}},{"category":"Pokémon","id":"xy7-15","illustrator":"Mitsuhiro Arita","image":"https://assets.tcgdex.net/de/xy/xy7/15","localId":"15","name":"Entei","rarity":"Selten","set":{"cardCount":{"official":98,"total":101},"id":"xy7","name":"Ewiger Anfang","symbol":"https://assets.tcgdex.net/univ/xy/xy7/symbol"},"variants":{"firstEdition":false,"holo":true,"normal":true,"reverse":true,"wPromo":false},"dexId":[244],"hp":130,"types":["Feuer"],"stage":"Basis","abilities":[{"type":"Fähigkeit","name":"{title}:","effect":"{title}: An dieses Pokémon können bis zu 2 Pokémon-Ausrüstungen angelegt sein."}],"attacks":[{"cost":["Feuer","Farblos"],"name":"Flammenschirm","effect":"Während des nächsten Zuges deines Gegners wird Schaden, der diesem Pokémon durch Angriffe zugefügt wird, um 30 Schadenspunkte reduziert (nachdem Schwäche und Resistenz verrechnet wurden).","damage":30},{"cost":["Feuer","Feuer","Farblos","Farblos"],"name":"Hitze Tackle","effect":"Wirf 1 Münze. Bei \"Zahl\" fügt sich dieses Pokémon selbst 30 Schadenspunkte zu.","damage":130}],"weaknesses":[{"type":"Wasser","value":"×2"}],"retreat":2,"legal":{"standard":false,"expanded":true}},{"category":"Pokémon","id":"xy7-16","illustrator":"Satoshi Shirai","image":"https://assets.tcgdex.net/de/xy/xy7/16","localId":"16","name":"Ignivor","rarity":"Häufig","set":{"cardCount":{"official":98,"total":101},"id":"xy7","name":"Ewiger Anfang","symbol":"https://assets.tcgdex.net/univ/xy/xy7/symbol"},"variants":{"firstEdition":false,"holo":true,"normal":true,"reverse":true,"wPromo":false},"dexId":[636],"hp":70,"types":["Feuer"],"stage":"Basis","attacks":[{"cost":["Feuer","Farblos"],"name":"Glühen","damage":30}],"weaknesses":[{"type":"Wasser","value":"×2"}],"retreat":2,"legal":{"standard":false,"expanded":true}},{"category":"Pokémon","id":"xy7-17","illustrator":"Kyoko Umemoto","image":"https://assets.tcgdex.net/de/xy/xy7/17","localId":"17","name":"Ramoth","rarity":"Selten","set":{"cardCount":{"official":98,"total":101},"id":"xy7","name":"Ewiger Anfang","symbol":"https://assets.tcgdex.net/univ/xy/xy7/symbol"},"variants":{"firstEdition":false,"holo":true,"normal":true,"reverse":true,"wPromo":false},"dexId":[637],"hp":100,"types":["Feuer"],"evolveFrom":"Ignivor","stage":"Rang 1","attacks":[{"cost":["Farblos"],"name":"Solargenese","effect":"Durchsuche dein Deck nach 1 Basis-Pokémon und lege es auf deine Bank. Durchsuche dein Deck anschließend nach bis zu 2 Basis-Energiekarten und lege sie an das Pokémon an. Mische anschließend dein Deck."},{"cost":["Feuer","Farblos"],"name":"Flammenwurf","effect":"Lege 1 an dieses Pokémon angelegte Energie auf deinen Ablagestapel.","damage":60}],"weaknesses":[{"type":"Wasser","value":"×2"}],"retreat":1,"legal":{"standard":false,"expanded":true}},{"category":"Pokémon","id":"xy7-18","illustrator":"Kagemaru Himeno","image":"https://assets.tcgdex.net/de/xy/xy7/18","localId":"18","name":"Ramoth","rarity":"Selten","set":{"cardCount":{"official":98,"total":101},"id":"xy7","name":"Ewiger Anfang","symbol":"https://assets.tcgdex.net/univ/xy/xy7/symbol"},"variants":{"firstEdition":false,"holo":true,"normal":true,"reverse":true,"wPromo":false},"dexId":[637],"hp":110,"types":["Feuer"],"evolveFrom":"Ignivor","stage":"Rang 1","abilities":[{"type":"Fähigkeit","name":"{title}:","effect":"{title}: Verhindere alle Effekte von Fähigkeiten gegnerischer Pokémon, die diesem Pokémon zugefügt werden."}],"attacks":[{"cost":["Feuer"],"name":"Brennende Schuppen","effect":"Wirf 2 Münzen. Dieser Angriff fügt 20 weitere Schadenspunkte mal der Anzahl \"Kopf\" zu.","damage":"20+"},{"cost":["Feuer","Farblos","Farblos"],"name":"Windrad","effect":"Dein Gegner tauscht sein Aktives Pokémon gegen 1 Pokémon auf seiner Bank aus.","damage":80}],"weaknesses":[{"type":"Wasser","value":"×2"}],"retreat":2,"legal":{"standard":false,"expanded":true}},{"category":"Pokémon","id":"xy7-19","illustrator":"Akira Komayama","image":"https://assets.tcgdex.net/de/xy/xy7/19","localId":"19","name":"Karpador","rarity":"Häufig","set":{"cardCount":{"official":98,"total":101},"id":"xy7","name":"Ewiger Anfang","symbol":"https://assets.tcgdex.net/univ/xy/xy7/symbol"},"variants":{"firstEdition":false,"holo":true,"normal":true,"reverse":true,"wPromo":false},"dexId":[129],"hp":30,"types":["Wasser"],"stage":"Basis","attacks":[{"cost":["Wasser"],"name":"Irrer Platscher","effect":"Wirf 2 Münzen. Wenn eine oder beide Münzen \"Zahl\" zeigen, hat dieser Angriff keine Auswirkungen.","damage":30}],"weaknesses":[{"type":"Elektro","value":"×2"}],"retreat":1,"legal":{"standard":false,"expanded":true}},{"category":"Pokémon","id":"xy7-20","illustrator":"Shin Nagasawa","image":"https://assets.tcgdex.net/de/xy/xy7/20","localId":"20","name":"Garados","rarity":"Selten","set":{"cardCount":{"official":98,"total":101},"id":"xy7","name":"Ewiger Anfang","symbol":"https://assets.tcgdex.net/univ/xy/xy7/symbol"},"variants":{"firstEdition":false,"holo":true,"normal":true,"reverse":true,"wPromo":false},"dexId":[130],"hp":130,"types":["Wasser"],"evolveFrom":"Karpador","stage":"Rang 1","attacks":[{"cost":["Wasser","Farblos","Farblos"],"name":"Wahnsinnsplatscher","effect":"Dieser Angriff fügt jedem Pokémon auf der Bank (deinen und denen deines Gegners) 10 Schadenspunkte zu. (Wende Schwäche und Resistenz bei Pokémon auf der Bank nicht an.)","damage":80},{"cost":["Wasser","Farblos","Farblos","Farblos"],"name":"Nassschweif","effect":"Wirf für jede an dieses Pokémon angelegte Water-Energie 1 Münze. Dieser Angriff fügt 30 weitere Schadenspunkte mal der Anzahl \"Kopf\" zu.","damage":"90+"}],"weaknesses":[{"type":"Elektro","value":"×2"}],"retreat":3,"legal":{"standard":false,"expanded":true}},{"category":"Pokémon","id":"xy7-21","illustrator":"TOKIYA","image":"https://assets.tcgdex.net/de/xy/xy7/21","localId":"21","name":"Garados","rarity":"Selten","set":{"cardCount":{"official":98,"total":101},"id":"xy7","name":"Ewiger Anfang","symbol":"https://assets.tcgdex.net/univ/xy/xy7/symbol"},"variants":{"firstEdition":false,"holo":true,"normal":true,"reverse":true,"wPromo":false},"dexId":[130],"hp":130,"types":["Wasser"],"evolveFrom":"Karpador","stage":"Rang 1","abilities":[{"type":"Fähigkeit","name":"{title}:","effect":"{title}: An dieses Pokémon können bis zu 2 Pokémon-Ausrüstungen angelegt sein."}],"attacks":[{"cost":["Farblos","Farblos"],"name":"Vollständige Vergeltung","effect":"Dieser Angriff fügt 30 weitere Schadenspunkte für jede Schadensmarke auf jedem Karpador auf deiner Bank zu.","damage":"30+"},{"cost":["Wasser","Wasser","Farblos","Farblos"],"name":"Fuchtler","effect":"Wirf 1 Münze. Bei \"Kopf\" fügt dieser Angriff 30 weitere Schadenspunkte zu. Bei \"Zahl\" fügt sich dieses Pokémon selbst 30 Schadenspunkte zu.","damage":"100+"}],"weaknesses":[{"type":"Elektro","value":"×2"}],"retreat":3,"legal":{"standard":false,"expanded":true}},{"category":"Pokémon","id":"xy7-22","illustrator":"kirisAki","image":"https://assets.tcgdex.net/de/xy/xy7/22","localId":"22","name":"Aquana","rarity":"Ungewöhnlich","set":{"cardCount":{"official":98,"total":101},"id":"xy7","name":"Ewiger Anfang","symbol":"https://assets.tcgdex.net/univ/xy/xy7/symbol"},"variants":{"firstEdition":false,"holo":true,"normal":true,"reverse":true,"wPromo":false},"dexId":[134],"hp":90,"types":["Wasser"],"evolveFrom":"Evoli","stage":"Rang 1","abilities":[{"type":"Fähigkeit","name":"Aqua-Effekt","effect":"Jedes deiner Phase-1-Pokémon im Spiel ist jetzt zusätzlich zu seinen bereits vorhandenen Typen ein Water-Pokémon."}],"attacks":[{"cost":["Wasser","Farblos","Farblos"],"name":"Hydroplatscher","damage":70}],"weaknesses":[{"type":"Pflanze","value":"×2"}],"retreat":2,"legal":{"standard":false,"expanded":true}},{"category":"Pokémon","id":"xy7-23","illustrator":"Kagemaru Himeno","image":"https://assets.tcgdex.net/de/xy/xy7/23","localId":"23","name":"Relicanth","rarity":"Häufig","set":{"cardCount":{"official":98,"total":101},"id":"xy7","name":"Ewiger Anfang","symbol":"https://assets.tcgdex.net/univ/xy/xy7/symbol"},"variants":{"firstEdition":false,"holo":true,"normal":true,"reverse":true,"wPromo":false},"dexId":[369],"hp":90,"types":["Wasser"],"stage":"Basis","attacks":[{"cost":["Farblos"],"name":"Tiefseesuche","effect":"Durchsuche dein Deck nach bis zu 2 Pokémon-Ausrüstungen, zeige sie deinem Gegner und nimm sie auf deine Hand. Mische anschließend dein Deck."},{"cost":["Farblos","Farblos"],"name":"Bodycheck","effect":"Dieses Pokémon fügt sich selbst 10 Schadenspunkte zu.","damage":30}],"weaknesses":[{"type":"Pflanze","value":"×2"}],"retreat":1,"legal":{"standard":false,"expanded":true}},{"category":"Pokémon","id":"xy7-24","illustrator":"Miki Tanaka","image":"https://assets.tcgdex.net/de/xy/xy7/24","localId":"24","name":"Regice","rarity":"Selten","set":{"cardCount":{"official":98,"total":101},"id":"xy7","name":"Ewiger Anfang","symbol":"https://assets.tcgdex.net/univ/xy/xy7/symbol"},"variants":{"firstEdition":false,"holo":true,"normal":true,"reverse":true,"wPromo":false},"dexId":[378],"hp":120,"types":["Wasser"],"stage":"Basis","attacks":[{"cost":["Wasser","Farblos"],"name":"Eisstrahl","effect":"Wirf 1 Münze. Bei \"Kopf\" ist das Aktive Pokémon deines Gegners jetzt paralysiert.","damage":30},{"cost":["Wasser","Farblos","Farblos"],"name":"Sturm des Widerstands","effect":"Verhindere alle Effekte von Angriffen, einschließlich Schaden, die diesem Pokémon durch Pokémon-EX während des nächsten Zuges deines Gegners zugefügt werden.","damage":70}],"weaknesses":[{"type":"Metall","value":"×2"}],"retreat":3,"legal":{"standard":false,"expanded":true}},{"category":"Pokémon","id":"xy7-25","illustrator":"PLANETA","image":"https://assets.tcgdex.net/de/xy/xy7/25","localId":"25","name":"Kyurem EX","rarity":"Ultra Selten","set":{"cardCount":{"official":98,"total":101},"id":"xy7","name":"Ewiger Anfang","symbol":"https://assets.tcgdex.net/univ/xy/xy7/symbol"},"variants":{"firstEdition":false,"holo":true,"normal":true,"reverse":true,"wPromo":false},"dexId":[646],"hp":180,"types":["Wasser"],"stage":"Basis","suffix":"EX","attacks":[{"cost":["Wasser","Wasser","Farblos"],"name":"Eiszeit","effect":"Dieser Angriff fügt jedem Pokémon deines Gegners 30 Schadenspunkte zu. (Wende Schwäche und Resistenz bei Pokémon auf der Bank nicht an.)"},{"cost":["Wasser","Wasser","Wasser","Farblos"],"name":"Eiscalibur","effect":"Lege 1 an dieses Pokémon angelegte Energie auf deinen Ablagestapel. Das Verteidigende Pokémon kann während des nächsten Zuges deines Gegners nicht angreifen.","damage":130}],"weaknesses":[{"type":"Metall","value":"×2"}],"retreat":3,"legal":{"standard":false,"expanded":true}},{"category":"Pokémon","id":"xy7-26","illustrator":"Sanosuke Sakuma","image":"https://assets.tcgdex.net/de/xy/xy7/26","localId":"26","name":"Blitza","rarity":"Selten","set":{"cardCount":{"official":98,"total":101},"id":"xy7","name":"Ewiger Anfang","symbol":"https://assets.tcgdex.net/univ/xy/xy7/symbol"},"variants":{"firstEdition":false,"holo":true,"normal":true,"reverse":true,"wPromo":false},"dexId":[135],"hp":90,"types":["Elektro"],"evolveFrom":"Evoli","stage":"Rang 1","abilities":[{"type":"Fähigkeit","name":"Elektro-Effekt","effect":"Jedes deiner Phase-1-Pokémon im Spiel ist jetzt zusätzlich zu seinen bereits vorhandenen Typen ein Lightning-Pokémon."}],"attacks":[{"cost":["Elektro","Farblos","Farblos"],"name":"Donnerkeil","effect":"Lege 1 an dieses Pokémon angelegte Energie auf deinen Ablagestapel.","damage":80}],"weaknesses":[{"type":"Kampf","value":"×2"}],"resistances":[{"type":"Metall","value":"-20"}],"retreat":0,"legal":{"standard":false,"expanded":true}},{"category":"Pokémon","id":"xy7-27","illustrator":"Eske Yoshinob","image":"https://assets.tcgdex.net/de/xy/xy7/27","localId":"27","name":"Ampharos EX","rarity":"Ultra Selten","set":{"cardCount":{"official":98,"total":101},"id":"xy7","name":"Ewiger Anfang","symbol":"https://assets.tcgdex.net/univ/xy/xy7/symbol"},"variants":{"firstEdition":false,"holo":true,"normal":true,"reverse":true,"wPromo":false},"dexId":[181],"hp":170,"types":["Elektro"],"stage":"Basis","suffix":"EX","attacks":[{"cost":["Farblos"],"name":"Donnerantrieb","effect":"Schau dir die obersten 4 Karten deines Decks an und lege beliebig viele Lightning-Energiekarten, die du darunter findest, an dieses Pokémon an. Mische die anderen Karten zurück in dein Deck."},{"cost":["Elektro","Elektro","Farblos","Farblos"],"name":"Funkelnder Schweif","effect":"Der Schaden dieses Angriffs wird durch Schwäche, Resistenz oder alle anderen Effekte auf dem Aktiven Pokémon deines Gegners nicht verändert.","damage":100}],"weaknesses":[{"type":"Kampf","value":"×2"}],"resistances":[{"type":"Metall","value":"-20"}],"retreat":2,"legal":{"standard":false,"expanded":true}},{"category":"Pokémon","id":"xy7-28","illustrator":"5ban Graphics","image":"https://assets.tcgdex.net/de/xy/xy7/28","localId":"28","name":"M-Ampharos EX","rarity":"Ultra Selten","set":{"cardCount":{"official":98,"total":101},"id":"xy7","name":"Ewiger Anfang","symbol":"https://assets.tcgdex.net/univ/xy/xy7/symbol"},"variants":{"firstEdition":false,"holo":true,"normal":true,"reverse":true,"wPromo":false},"dexId":[181],"hp":220,"types":["Elektro"],"evolveFrom":"Ampharos-EX","stage":"MEGA","suffix":"EX","attacks":[{"cost":["Elektro","Elektro","Farblos","Farblos"],"name":"Exavolt","effect":"Du kannst mit diesem Angriff 50 weitere Schadenspunkte zufügen und das Aktive Pokémon deines Gegners paralysieren. Wenn du das machst, fügt dieses Pokémon sich selbst 30 Schadenspunkte zu.","damage":"120+"}],"weaknesses":[{"type":"Kampf","value":"×2"}],"resistances":[{"type":"Metall","value":"-20"}],"retreat":3,"legal":{"standard":false,"expanded":true}},{"category":"Pokémon","id":"xy7-29","illustrator":"Mizue","image":"https://assets.tcgdex.net/de/xy/xy7/29","localId":"29","name":"Rotom","rarity":"Ungewöhnlich","set":{"cardCount":{"official":98,"total":101},"id":"xy7","name":"Ewiger Anfang","symbol":"https://assets.tcgdex.net/univ/xy/xy7/symbol"},"variants":{"firstEdition":false,"holo":true,"normal":true,"reverse":true,"wPromo":false},"dexId":[479],"hp":70,"types":["Elektro"],"stage":"Basis","attacks":[{"cost":["Elektro"],"name":"Elektroball","damage":20},{"cost":["Farblos","Farblos"],"name":"Elektrostreich","effect":"Wirf 3 Münzen. Wähle pro \"Kopf\" 1 zufällige Karte aus der verdeckten Hand deines Gegners. Dein Gegner zeigt diese Karte und mischt sie zurück in sein Deck."}],"weaknesses":[{"type":"Kampf","value":"×2"}],"resistances":[{"type":"Metall","value":"-20"}],"retreat":1,"legal":{"standard":false,"expanded":true}},{"category":"Pokémon","id":"xy7-30","illustrator":"Akira Komayama","image":"https://assets.tcgdex.net/de/xy/xy7/30","localId":"30","name":"Icognito","rarity":"Häufig","set":{"cardCount":{"official":98,"total":101},"id":"xy7","name":"Ewiger Anfang","symbol":"https://assets.tcgdex.net/univ/xy/xy7/symbol"},"variants":{"firstEdition":false,"holo":true,"normal":true,"reverse":true,"wPromo":false},"dexId":[201],"hp":60,"types":["Psycho"],"stage":"Basis","abilities":[{"type":"Fähigkeit","name":"Abschiedsbrief","effect":"Einmal während deines Zuges (vor deinem Angriff) kannst du, wenn sich dieses Pokémon auf deiner Bank befindet, dieses Pokémon und alle daran angelegten Karten auf deinen Ablagestapel legen (dieses Pokémon wird dadurch nicht kampfunfähig). Wenn du das machst, ziehe 1 Karte."}],"attacks":[{"cost":["Farblos"],"name":"Kraftreserve","damage":10}],"weaknesses":[{"type":"Psycho","value":"×2"}],"retreat":1,"legal":{"standard":false,"expanded":true}},{"category":"Pokémon","id":"xy7-31","illustrator":"Kouki Saitou","image":"https://assets.tcgdex.net/de/xy/xy7/31","localId":"31","name":"Puppance","rarity":"Häufig","set":{"cardCount":{"official":98,"total":101},"id":"xy7","name":"Ewiger Anfang","symbol":"https://assets.tcgdex.net/univ/xy/xy7/symbol"},"variants":{"firstEdition":false,"holo":true,"normal":true,"reverse":true,"wPromo":false},"dexId":[343],"hp":60,"types":["Psycho"],"stage":"Basis","attacks":[{"cost":["Psycho"],"name":"Hieb","damage":10},{"cost":["Psycho","Farblos"],"name":"Rundumangriff","damage":20}],"weaknesses":[{"type":"Psycho","value":"×2"}],"retreat":1,"legal":{"standard":false,"expanded":true}},{"category":"Pokémon","id":"xy7-32","illustrator":"Ayaka Yoshida","image":"https://assets.tcgdex.net/de/xy/xy7/32","localId":"32","name":"Puppance","rarity":"Häufig","set":{"cardCount":{"official":98,"total":101},"id":"xy7","name":"Ewiger Anfang","symbol":"https://assets.tcgdex.net/univ/xy/xy7/symbol"},"variants":{"firstEdition":false,"holo":true,"normal":true,"reverse":true,"wPromo":false},"dexId":[343],"hp":60,"types":["Psycho"],"stage":"Basis","abilities":[{"type":"Fähigkeit","name":"{title}:","effect":"{title}: Verhindere alle Effekte von Fähigkeiten gegnerischer Pokémon, die diesem Pokémon zugefügt werden."}],"attacks":[{"cost":["Psycho"],"name":"Zukunftswende","effect":"Schau dir die obersten 3 Karten des Decks eines der beiden Spieler an und lege sie in beliebiger Reihenfolge zurück auf dessen Deck."}],"weaknesses":[{"type":"Psycho","value":"×2"}],"retreat":1,"legal":{"standard":false,"expanded":true}},{"category":"Pokémon","id":"xy7-33","illustrator":"Satoshi Shirai","image":"https://assets.tcgdex.net/de/xy/xy7/33","localId":"33","name":"Lepumentas","rarity":"Selten","set":{"cardCount":{"official":98,"total":101},"id":"xy7","name":"Ewiger Anfang","symbol":"https://assets.tcgdex.net/univ/xy/xy7/symbol"},"variants":{"firstEdition":false,"holo":true,"normal":true,"reverse":true,"wPromo":false},"dexId":[344],"hp":100,"types":["Psycho"],"evolveFrom":"Puppance","stage":"Rang 1","attacks":[{"cost":["Psycho"],"name":"Rücklauf","effect":"Rückentwickle jedes entwickelte Pokémon deines Gegners. Dein Gegner nimmt die höchste daraufliegende Evolutionskarte auf seine Hand."},{"cost":["Psycho","Farblos"],"name":"Hyperstrahl","effect":"Wirf 1 Münze. Lege bei \"Kopf\" 1 an das Aktive Pokémon deines Gegners angelegte Energie auf den Ablagestapel deines Gegners.","damage":30}],"weaknesses":[{"type":"Psycho","value":"×2"}],"retreat":2,"legal":{"standard":false,"expanded":true}},{"category":"Pokémon","id":"xy7-34","illustrator":"Sanosuke Sakuma","image":"https://assets.tcgdex.net/de/xy/xy7/34","localId":"34","name":"Golbit","rarity":"Häufig","set":{"cardCount":{"official":98,"total":101},"id":"xy7","name":"Ewiger Anfang","symbol":"https://assets.tcgdex.net/univ/xy/xy7/symbol"},"variants":{"firstEdition":false,"holo":true,"normal":true,"reverse":true,"wPromo":false},"dexId":[622],"hp":90,"types":["Psycho"],"stage":"Basis","attacks":[{"cost":["Farblos","Farblos"],"name":"Schmetterschlag","effect":"Wirf 1 Münze. Bei \"Zahl\" hat dieser Angriff keine Auswirkungen.","damage":30}],"weaknesses":[{"type":"Unlicht","value":"×2"}],"resistances":[{"type":"Kampf","value":"-20"}],"retreat":3,"legal":{"standard":false,"expanded":true}},{"category":"Pokémon","id":"xy7-35","illustrator":"kawayoo","image":"https://assets.tcgdex.net/de/xy/xy7/35","localId":"35","name":"Golgantes","rarity":"Selten","set":{"cardCount":{"official":98,"total":101},"id":"xy7","name":"Ewiger Anfang","symbol":"https://assets.tcgdex.net/univ/xy/xy7/symbol"},"variants":{"firstEdition":false,"holo":true,"normal":true,"reverse":true,"wPromo":false},"dexId":[623],"hp":130,"types":["Psycho"],"evolveFrom":"Golbit","stage":"Rang 1","abilities":[{"type":"Fähigkeit","name":"{title}:","effect":"{title}: Verhindere alle Effekte von Fähigkeiten gegnerischer Pokémon, die diesem Pokémon zugefügt werden."}],"attacks":[{"cost":["Farblos","Farblos","Farblos","Farblos"],"name":"Kraftkoloss","effect":"Du kannst mit diesem Angriff 40 weitere Schadenspunkte zufügen. Wenn du das machst, fügt dieses Pokémon sich selbst 20 Schadenspunkte zu.","damage":"80+"}],"weaknesses":[{"type":"Unlicht","value":"×2"}],"resistances":[{"type":"Kampf","value":"-20"}],"retreat":4,"legal":{"standard":false,"expanded":true}},{"category":"Pokémon","id":"xy7-36","illustrator":"Ryota Murayama","image":"https://assets.tcgdex.net/de/xy/xy7/36","localId":"36","name":"Hoopa EX","rarity":"Ultra Selten","set":{"cardCount":{"official":98,"total":101},"id":"xy7","name":"Ewiger Anfang","symbol":"https://assets.tcgdex.net/univ/xy/xy7/symbol"},"variants":{"firstEdition":false,"holo":true,"normal":true,"reverse":true,"wPromo":false},"dexId":[720],"hp":170,"types":["Psycho"],"stage":"Basis","suffix":"EX","abilities":[{"type":"Fähigkeit","name":"Spitzbubenring","effect":"Wenn du dieses Pokémon von deiner Hand spielst und auf deine Bank legst, kannst du dein Deck nach bis zu 3 Pokémon-EX (außer Hoopa-EX) durchsuchen, sie deinem Gegner zeigen und auf deine Hand nehmen. Mische anschließend dein Deck."}],"attacks":[{"cost":["Psycho","Psycho","Psycho"],"name":"Dimensionswahn","effect":"Lege 2 an dieses Pokémon angelegte Energien auf deinen Ablagestapel. Dieser Angriff fügt 1 Pokémon deines Gegners 100 Schadenspunkte zu. (Wende Schwäche und Resistenz bei Pokémon auf der Bank nicht an.)"}],"weaknesses":[{"type":"Psycho","value":"×2"}],"retreat":2,"legal":{"standard":false,"expanded":true}},{"category":"Pokémon","id":"xy7-37","illustrator":"Eske Yoshinob","image":"https://assets.tcgdex.net/de/xy/xy7/37","localId":"37","name":"Machomei EX","rarity":"Ultra Selten","set":{"cardCount":{"official":98,"total":101},"id":"xy7","name":"Ewiger Anfang","symbol":"https://assets.tcgdex.net/univ/xy/xy7/symbol"},"variants":{"firstEdition":false,"holo":true,"normal":true,"reverse":true,"wPromo":false},"dexId":[68],"hp":180,"types":["Kampf"],"stage":"Basis","suffix":"EX","attacks":[{"cost":["Kampf","Farblos"],"name":"Kochende Wut","effect":"Dieser Angriff fügt 20 Schadenspunkte mal der Anzahl der Schadensmarken auf diesem Pokémon zu. Dieses Pokémon ist jetzt verwirrt.","damage":"20×"},{"cost":["Kampf","Kampf","Farblos"],"name":"Bekloppter Hammer","effect":"Wenn das Aktive Pokémon deines Gegners von einem Speziellen Zustand betroffen ist, fügt dieser Angriff 80 weitere Schadenspunkte zu. Anschließend verlieren alle Speziellen Zustände auf diesem Pokémon ihre Wirkung.","damage":"80+"}],"weaknesses":[{"type":"Psycho","value":"×2"}],"retreat":3,"legal":{"standard":false,"expanded":true}},{"category":"Pokémon","id":"xy7-38","illustrator":"Sumiyoshi Kizuki","image":"https://assets.tcgdex.net/de/xy/xy7/38","localId":"38","name":"Felino","rarity":"Häufig","set":{"cardCount":{"official":98,"total":101},"id":"xy7","name":"Ewiger Anfang","symbol":"https://assets.tcgdex.net/univ/xy/xy7/symbol"},"variants":{"firstEdition":false,"holo":true,"normal":true,"reverse":true,"wPromo":false},"dexId":[194],"hp":60,"types":["Kampf"],"stage":"Basis","attacks":[{"cost":["Farblos"],"name":"Nickerchen","effect":"Heile 20 Schadenspunkte bei diesem Pokémon."},{"cost":["Wasser","Farblos"],"name":"Wellenplatscher","damage":20}],"weaknesses":[{"type":"Pflanze","value":"×2"}],"retreat":2,"legal":{"standard":false,"expanded":true}},{"category":"Pokémon","id":"xy7-39","illustrator":"Naoyo Kimura","image":"https://assets.tcgdex.net/de/xy/xy7/39","localId":"39","name":"Morlord","rarity":"Häufig","set":{"cardCount":{"official":98,"total":101},"id":"xy7","name":"Ewiger Anfang","symbol":"https://assets.tcgdex.net/univ/xy/xy7/symbol"},"variants":{"firstEdition":false,"holo":true,"normal":true,"reverse":true,"wPromo":false},"dexId":[195],"hp":110,"types":["Kampf"],"evolveFrom":"Felino","stage":"Rang 1","attacks":[{"cost":["Wasser","Farblos"],"name":"Wellenplatscher","damage":30},{"cost":["Wasser","Farblos","Farblos"],"name":"Erdlawine","effect":"Der Schaden dieses Angriffs wird durch Resistenz nicht verändert.","damage":80}],"weaknesses":[{"type":"Pflanze","value":"×2"}],"retreat":3,"legal":{"standard":false,"expanded":true}},{"category":"Pokémon","id":"xy7-40","illustrator":"Shin Nagasawa","image":"https://assets.tcgdex.net/de/xy/xy7/40","localId":"40","name":"Regirock","rarity":"Selten","set":{"cardCount":{"official":98,"total":101},"id":"xy7","name":"Ewiger Anfang","symbol":"https://assets.tcgdex.net/univ/xy/xy7/symbol"},"variants":{"firstEdition":false,"holo":true,"normal":true,"reverse":true,"wPromo":false},"dexId":[377],"hp":120,"types":["Kampf"],"stage":"Basis","attacks":[{"cost":["Kampf","Farblos"],"name":"Steinwurf","damage":40},{"cost":["Kampf","Farblos","Farblos"],"name":"Fels in der Brandung","effect":"Wenn das Aktive Pokémon deines Gegners ein Pokémon-EX ist, fügt dieser Angriff 60 weitere Schadenspunkte zu.","damage":"60+"}],"weaknesses":[{"type":"Pflanze","value":"×2"}],"retreat":3,"legal":{"standard":false,"expanded":true}},{"category":"Pokémon","id":"xy7-41","illustrator":"Suwama Chiaki","image":"https://assets.tcgdex.net/de/xy/xy7/41","localId":"41","name":"Golgantes","rarity":"Häufig","set":{"cardCount":{"official":98,"total":101},"id":"xy7","name":"Ewiger Anfang","symbol":"https://assets.tcgdex.net/univ/xy/xy7/symbol"},"variants":{"firstEdition":false,"holo":true,"normal":true,"reverse":true,"wPromo":false},"dexId":[623],"hp":130,"types":["Kampf"],"evolveFrom":"Golbit","stage":"Rang 1","attacks":[{"cost":["Farblos"],"name":"Freischaufeln","effect":"Lege die oberste Karte deines Decks auf deinen Ablagestapel. Handelt es sich um eine Fighting-Energiekarte, lege sie an dieses Pokémon an.","damage":20},{"cost":["Kampf","Farblos","Farblos","Farblos"],"name":"Doppel-Lasso","effect":"Wirf 2 Münzen. Dieser Angriff fügt 90 Schadenspunkte mal der Anzahl \"Kopf\" zu.","damage":"90×"}],"weaknesses":[{"type":"Pflanze","value":"×2"}],"retreat":4,"legal":{"standard":false,"expanded":true}},{"category":"Pokémon","id":"xy7-42","illustrator":"Eske Yoshinob","image":"https://assets.tcgdex.net/de/xy/xy7/42","localId":"42","name":"Despotar EX","rarity":"Ultra Selten","set":{"cardCount":{"official":98,"total":101},"id":"xy7","name":"Ewiger Anfang","symbol":"https://assets.tcgdex.net/univ/xy/xy7/symbol"},"variants":{"firstEdition":false,"holo":true,"normal":true,"reverse":true,"wPromo":false},"dexId":[248],"hp":180,"types":["Unlicht"],"stage":"Basis","suffix":"EX","attacks":[{"cost":["Unlicht","Farblos","Farblos"],"name":"Einhämmern","damage":60},{"cost":["Unlicht","Unlicht","Farblos","Farblos"],"name":"Boden gewinnen","effect":"Dieser Angriff fügt jedem Pokémon auf deiner Bank 10 Schadenspunkte zu. (Wende Schwäche und Resistenz bei Pokémon auf der Bank nicht an.)","damage":130}],"weaknesses":[{"type":"Kampf","value":"×2"}],"resistances":[{"type":"Psycho","value":"-20"}],"retreat":4,"legal":{"standard":false,"expanded":true}},{"category":"Pokémon","id":"xy7-43","illustrator":"5ban Graphics","image":"https://assets.tcgdex.net/de/xy/xy7/43","localId":"43","name":"M-Despotar EX","rarity":"Ultra Selten","set":{"cardCount":{"official":98,"total":101},"id":"xy7","name":"Ewiger Anfang","symbol":"https://assets.tcgdex.net/univ/xy/xy7/symbol"},"variants":{"firstEdition":false,"holo":true,"normal":true,"reverse":true,"wPromo":false},"dexId":[248],"hp":240,"types":["Unlicht"],"evolveFrom":"Despotar-EX","stage":"MEGA","suffix":"EX","abilities":[{"type":"Fähigkeit","name":"{title}:","effect":"{title}: An dieses Pokémon können bis zu 2 Pokémon-Ausrüstungen angelegt sein."}],"attacks":[{"cost":["Unlicht","Unlicht","Farblos","Farblos"],"name":"König der Zerstörung","effect":"Dieser Angriff fügt 60 weitere Schadenspunkte für jede Schadensmarke auf dem Aktiven Pokémon deines Gegners zu.","damage":"110+"}],"weaknesses":[{"type":"Kampf","value":"×2"}],"resistances":[{"type":"Psycho","value":"-20"}],"retreat":4,"legal":{"standard":false,"expanded":true}},{"category":"Pokémon","id":"xy7-44","illustrator":"Hitoshi Ariga","image":"https://assets.tcgdex.net/de/xy/xy7/44","localId":"44","name":"Zobiris","rarity":"Ungewöhnlich","set":{"cardCount":{"official":98,"total":101},"id":"xy7","name":"Ewiger Anfang","symbol":"https://assets.tcgdex.net/univ/xy/xy7/symbol"},"variants":{"firstEdition":false,"holo":true,"normal":true,"reverse":true,"wPromo":false},"dexId":[302],"hp":70,"types":["Unlicht"],"stage":"Basis","attacks":[{"cost":["Unlicht"],"name":"Bezaubernde Augen","effect":"Wähle 1 Unterstützerkarte aus dem Ablagestapel deines Gegners und verwende sie als Effekt dieses Angriffs."},{"cost":["Unlicht","Farblos"],"name":"Hinterhältiger Fall","effect":"Lege 3 Schadensmarken auf das Aktive Pokémon deines Gegners."}],"retreat":1,"legal":{"standard":false,"expanded":true}},{"category":"Pokémon","id":"xy7-45","illustrator":"Tomokazu Komiya","image":"https://assets.tcgdex.net/de/xy/xy7/45","localId":"45","name":"Iscalar","rarity":"Häufig","set":{"cardCount":{"official":98,"total":101},"id":"xy7","name":"Ewiger Anfang","symbol":"https://assets.tcgdex.net/univ/xy/xy7/symbol"},"variants":{"firstEdition":false,"holo":true,"normal":true,"reverse":true,"wPromo":false},"dexId":[686],"hp":50,"types":["Unlicht"],"stage":"Basis","attacks":[{"cost":["Unlicht"],"name":"Tintenspucke","effect":"Falls das Verteidigende Pokémon während des nächsten Zuges deines Gegners angreift, wirft dein Gegner 1 Münze. Bei \"Zahl\" hat dieser Angriff keine Auswirkungen.","damage":10}],"weaknesses":[{"type":"Kampf","value":"×2"}],"resistances":[{"type":"Psycho","value":"-20"}],"retreat":1,"legal":{"standard":false,"expanded":true}},{"category":"Pokémon","id":"xy7-46","illustrator":"Masakazu Fukuda","image":"https://assets.tcgdex.net/de/xy/xy7/46","localId":"46","name":"Calamanero","rarity":"Häufig","set":{"cardCount":{"official":98,"total":101},"id":"xy7","name":"Ewiger Anfang","symbol":"https://assets.tcgdex.net/univ/xy/xy7/symbol"},"variants":{"firstEdition":false,"holo":true,"normal":true,"reverse":true,"wPromo":false},"dexId":[687],"hp":90,"types":["Unlicht"],"evolveFrom":"Iscalar","stage":"Rang 1","attacks":[{"cost":["Farblos"],"name":"Kontrollschlinge","effect":"Tausche 1 Pokémon auf der Bank deines Gegners gegen sein Aktives Pokémon aus. Das neue Aktive Pokémon ist jetzt verwirrt."},{"cost":["Unlicht"],"name":"Stapeltentakel","effect":"Nimm 1 Karte von deinem Ablagestapel auf deine Hand.","damage":30}],"weaknesses":[{"type":"Kampf","value":"×2"}],"resistances":[{"type":"Psycho","value":"-20"}],"retreat":1,"legal":{"standard":false,"expanded":true}},{"category":"Pokémon","id":"xy7-47","illustrator":"Yuka Morii","image":"https://assets.tcgdex.net/de/xy/xy7/47","localId":"47","name":"Tanhel","rarity":"Häufig","set":{"cardCount":{"official":98,"total":101},"id":"xy7","name":"Ewiger Anfang","symbol":"https://assets.tcgdex.net/univ/xy/xy7/symbol"},"variants":{"firstEdition":false,"holo":true,"normal":true,"reverse":true,"wPromo":false},"dexId":[374],"hp":60,"types":["Metall"],"stage":"Basis","attacks":[{"cost":["Metall"],"name":"Ramme","damage":10},{"cost":["Metall","Farblos","Farblos"],"name":"Rundumangriff","damage":30}],"weaknesses":[{"type":"Feuer","value":"×2"}],"resistances":[{"type":"Psycho","value":"-20"}],"retreat":2,"legal":{"standard":false,"expanded":true}},{"category":"Pokémon","id":"xy7-48","illustrator":"Shigenori Negishi","image":"https://assets.tcgdex.net/de/xy/xy7/48","localId":"48","name":"Metang","rarity":"Ungewöhnlich","set":{"cardCount":{"official":98,"total":101},"id":"xy7","name":"Ewiger Anfang","symbol":"https://assets.tcgdex.net/univ/xy/xy7/symbol"},"variants":{"firstEdition":false,"holo":true,"normal":true,"reverse":true,"wPromo":false},"dexId":[375],"hp":90,"types":["Metall"],"evolveFrom":"Tanhel","stage":"Rang 1","attacks":[{"cost":["Metall","Farblos"],"name":"Metallklaue","damage":30},{"cost":["Metall","Metall","Farblos"],"name":"Patronenhieb","effect":"Wirf 2 Münzen. Dieser Angriff fügt 20 weitere Schadenspunkte mal der Anzahl \"Kopf\" zu.","damage":"50+"}],"weaknesses":[{"type":"Feuer","value":"×2"}],"resistances":[{"type":"Psycho","value":"-20"}],"retreat":3,"legal":{"standard":false,"expanded":true}},{"category":"Pokémon","id":"xy7-49","illustrator":"kirisAki","image":"https://assets.tcgdex.net/de/xy/xy7/49","localId":"49","name":"Metagross","rarity":"Selten","set":{"cardCount":{"official":98,"total":101},"id":"xy7","name":"Ewiger Anfang","symbol":"https://assets.tcgdex.net/univ/xy/xy7/symbol"},"variants":{"firstEdition":false,"holo":true,"normal":true,"reverse":true,"wPromo":false},"dexId":[376],"hp":150,"types":["Metall"],"evolveFrom":"Metang","stage":"Rang 2","abilities":[{"type":"Fähigkeit","name":"Magnetverzerrung","effect":"Einmal während deines Zuges (vor deinem Angriff) kannst du dein Aktives Pokémon gegen 1 Pokémon auf deiner Bank austauschen. Wenn du das machst, tauscht dein Gegner sein Aktives Pokémon gegen 1 Pokémon auf seiner Bank aus."}],"attacks":[{"cost":["Metall","Metall","Farblos","Farblos"],"name":"Eherne Kanone","effect":"Du kannst alle an dieses Pokémon angelegten Metal-Energien auf deinen Ablagestapel legen. Wenn du das machst, fügt dieser Angriff 80 weitere Schadenspunkte zu.","damage":"80+"}],"weaknesses":[{"type":"Feuer","value":"×2"}],"resistances":[{"type":"Psycho","value":"-20"}],"retreat":4,"legal":{"standard":false,"expanded":true}},{"category":"Pokémon","id":"xy7-50","illustrator":"Hitoshi Ariga","image":"https://assets.tcgdex.net/de/xy/xy7/50","localId":"50","name":"Metagross","rarity":"Selten","set":{"cardCount":{"official":98,"total":101},"id":"xy7","name":"Ewiger Anfang","symbol":"https://assets.tcgdex.net/univ/xy/xy7/symbol"},"variants":{"firstEdition":false,"holo":true,"normal":true,"reverse":true,"wPromo":false},"dexId":[376],"hp":150,"types":["Metall"],"evolveFrom":"Metang","stage":"Rang 2","abilities":[{"type":"Fähigkeit","name":"{title}:","effect":"{title}: An dieses Pokémon können bis zu 2 Pokémon-Ausrüstungen angelegt sein."}],"attacks":[{"cost":["Farblos","Farblos"],"name":"Trommelfeuer-Stampfer","effect":"Dieser Angriff fügt 10 weitere Schadenspunkte für jede Karte auf deiner Hand zu.","damage":"20+"},{"cost":["Metall","Metall","Farblos","Farblos"],"name":"Schutzdruck","effect":"Während des nächsten Zuges deines Gegners wird Schaden, der diesem Pokémon durch Angriffe zugefügt wird, um 20 Schadenspunkte reduziert (nachdem Schwäche und Resistenz verrechnet wurden).","damage":80}],"weaknesses":[{"type":"Feuer","value":"×2"}],"resistances":[{"type":"Psycho","value":"-20"}],"retreat":4,"legal":{"standard":false,"expanded":true}},{"category":"Pokémon","id":"xy7-51","illustrator":"Kouki Saitou","image":"https://assets.tcgdex.net/de/xy/xy7/51","localId":"51","name":"Registeel","rarity":"Selten","set":{"cardCount":{"official":98,"total":101},"id":"xy7","name":"Ewiger Anfang","symbol":"https://assets.tcgdex.net/univ/xy/xy7/symbol"},"variants":{"firstEdition":false,"holo":true,"normal":true,"reverse":true,"wPromo":false},"dexId":[379],"hp":120,"types":["Metall"],"stage":"Basis","attacks":[{"cost":["Metall","Farblos"],"name":"Eisenschädel","effect":"Wirf so lang 1 Münze, bis zum ersten Mal das Ergebnis \"Zahl\" kommt. Dieser Angriff fügt 30 Schadenspunkte mal der Anzahl \"Kopf\" zu.","damage":"30×"},{"cost":["Metall","Farblos","Farblos"],"name":"Verbotener Stahlhammer","effect":"Wenn das Aktive Pokémon deines Gegners ein Pokémon-EX ist, lege 1 an das Pokémon angelegte Energie auf den Ablagestapel deines Gegners.","damage":70}],"weaknesses":[{"type":"Feuer","value":"×2"}],"resistances":[{"type":"Psycho","value":"-20"}],"retreat":3,"legal":{"standard":false,"expanded":true}},{"category":"Pokémon","id":"xy7-52","illustrator":"Aya Kusube","image":"https://assets.tcgdex.net/de/xy/xy7/52","localId":"52","name":"Trasla","rarity":"Häufig","set":{"cardCount":{"official":98,"total":101},"id":"xy7","name":"Ewiger Anfang","symbol":"https://assets.tcgdex.net/univ/xy/xy7/symbol"},"variants":{"firstEdition":false,"holo":true,"normal":true,"reverse":true,"wPromo":false},"dexId":[280],"hp":60,"types":["Fee"],"stage":"Basis","attacks":[{"cost":["Farblos"],"name":"Grummeln","damage":10},{"cost":["Fee","Farblos"],"name":"Magischer Schuss","damage":20}],"weaknesses":[{"type":"Metall","value":"×2"}],"resistances":[{"type":"Unlicht","value":"-20"}],"retreat":1,"legal":{"standard":false,"expanded":true}},{"category":"Pokémon","id":"xy7-53","illustrator":"match","image":"https://assets.tcgdex.net/de/xy/xy7/53","localId":"53","name":"Kirlia","rarity":"Ungewöhnlich","set":{"cardCount":{"official":98,"total":101},"id":"xy7","name":"Ewiger Anfang","symbol":"https://assets.tcgdex.net/univ/xy/xy7/symbol"},"variants":{"firstEdition":false,"holo":true,"normal":true,"reverse":true,"wPromo":false},"dexId":[281],"hp":80,"types":["Fee"],"evolveFrom":"Trasla","stage":"Rang 1","attacks":[{"cost":["Farblos"],"name":"Gedankengut","effect":"Heile 30 Schadenspunkte bei diesem Pokémon."},{"cost":["Fee","Farblos","Farblos"],"name":"Magischer Schuss","damage":50}],"weaknesses":[{"type":"Metall","value":"×2"}],"resistances":[{"type":"Unlicht","value":"-20"}],"retreat":1,"legal":{"standard":false,"expanded":true}},{"category":"Pokémon","id":"xy7-54","illustrator":"TOKIYA","image":"https://assets.tcgdex.net/de/xy/xy7/54","localId":"54","name":"Guardevoir","rarity":"Selten","set":{"cardCount":{"official":98,"total":101},"id":"xy7","name":"Ewiger Anfang","symbol":"https://assets.tcgdex.net/univ/xy/xy7/symbol"},"variants":{"firstEdition":false,"holo":true,"normal":true,"reverse":true,"wPromo":false},"dexId":[282],"hp":130,"types":["Fee"],"evolveFrom":"Kirlia","stage":"Rang 2","abilities":[{"type":"Fähigkeit","name":"Helle Heilung","effect":"Einmal während deines Zuges kannst du 20 Schadenspunkte bei jedem deiner Pokémon heilen."}],"attacks":[{"cost":["Farblos","Farblos","Farblos"],"name":"Telekinese","effect":"Dieser Angriff fügt 1 Pokémon deines Gegners 50 Schadenspunkte zu. Der Schaden dieses Angriffs wird durch Schwäche und Resistenz nicht verändert."}],"weaknesses":[{"type":"Metall","value":"×2"}],"resistances":[{"type":"Unlicht","value":"-20"}],"retreat":2,"legal":{"standard":false,"expanded":true}},{"category":"Pokémon","id":"xy7-55","illustrator":"Kanako Eo","image":"https://assets.tcgdex.net/de/xy/xy7/55","localId":"55","name":"Waumboll","rarity":"Häufig","set":{"cardCount":{"official":98,"total":101},"id":"xy7","name":"Ewiger Anfang","symbol":"https://assets.tcgdex.net/univ/xy/xy7/symbol"},"variants":{"firstEdition":false,"holo":true,"normal":true,"reverse":true,"wPromo":false},"dexId":[546],"hp":40,"types":["Fee"],"stage":"Basis","attacks":[{"cost":["Fee"],"name":"Baumwollbett","effect":"Das Aktive Pokémon deines Gegners schläft jetzt.","damage":10}],"weaknesses":[{"type":"Metall","value":"×2"}],"resistances":[{"type":"Unlicht","value":"-20"}],"retreat":1,"legal":{"standard":false,"expanded":true}},{"category":"Pokémon","id":"xy7-56","illustrator":"Atsuko Nishida","image":"https://assets.tcgdex.net/de/xy/xy7/56","localId":"56","name":"Elfun","rarity":"Ungewöhnlich","set":{"cardCount":{"official":98,"total":101},"id":"xy7","name":"Ewiger Anfang","symbol":"https://assets.tcgdex.net/univ/xy/xy7/symbol"},"variants":{"firstEdition":false,"holo":true,"normal":true,"reverse":true,"wPromo":false},"dexId":[547],"hp":70,"types":["Fee"],"evolveFrom":"Waumboll","stage":"Rang 1","attacks":[{"cost":["Fee"],"name":"Windiges Unheil","effect":"Verschiebe alle Schadensmarken von 1 Pokémon auf deiner Bank auf das Aktive Pokémon deines Gegners."},{"cost":["Farblos","Farblos"],"name":"Rolltackle","damage":30}],"weaknesses":[{"type":"Metall","value":"×2"}],"resistances":[{"type":"Unlicht","value":"-20"}],"retreat":1,"legal":{"standard":false,"expanded":true}},{"category":"Pokémon","id":"xy7-57","illustrator":"PLANETA","image":"https://assets.tcgdex.net/de/xy/xy7/57","localId":"57","name":"Giratina EX","rarity":"Ultra Selten","set":{"cardCount":{"official":98,"total":101},"id":"xy7","name":"Ewiger Anfang","symbol":"https://assets.tcgdex.net/univ/xy/xy7/symbol"},"variants":{"firstEdition":false,"holo":true,"normal":true,"reverse":true,"wPromo":false},"dexId":[487],"hp":170,"types":["Drache"],"stage":"Basis","suffix":"EX","abilities":[{"type":"Fähigkeit","name":"Rebell-Puls","effect":"Verhindere alle Effekte von Angriffen, einschließlich Schaden, die diesem Pokémon durch Mega-Entwicklungs-Pokémon deines Gegners zugefügt werden."}],"attacks":[{"cost":["Pflanze","Psycho","Farblos","Farblos"],"name":"Wirrsalsrad","effect":"Dein Gegner kann während seines nächsten Zuges keine Pokémon-Ausrüstungen, Spezial-Energiekarten oder Stadionkarten von seiner Hand spielen.","damage":100}],"weaknesses":[{"type":"Fee","value":"×2"}],"retreat":3,"legal":{"standard":false,"expanded":true}},{"category":"Pokémon","id":"xy7-58","illustrator":"sui","image":"https://assets.tcgdex.net/de/xy/xy7/58","localId":"58","name":"Viscora","rarity":"Häufig","set":{"cardCount":{"official":98,"total":101},"id":"xy7","name":"Ewiger Anfang","symbol":"https://assets.tcgdex.net/univ/xy/xy7/symbol"},"variants":{"firstEdition":false,"holo":true,"normal":true,"reverse":true,"wPromo":false},"dexId":[704],"hp":40,"types":["Drache"],"stage":"Basis","abilities":[{"type":"Fähigkeit","name":"Panschen","effect":"Immer wenn du 1 Water-Energiekarte von deiner Hand an dieses Pokémon anlegst, kannst du dein Deck nach Viscora durchsuchen und es auf deine Bank legen. Mische anschließend dein Deck."}],"attacks":[{"cost":["Fee","Farblos"],"name":"Zertrampeln","damage":10}],"weaknesses":[{"type":"Fee","value":"×2"}],"retreat":2,"legal":{"standard":false,"expanded":true}},{"category":"Pokémon","id":"xy7-59","illustrator":"Midori Harada","image":"https://assets.tcgdex.net/de/xy/xy7/59","localId":"59","name":"Viscargot","rarity":"Ungewöhnlich","set":{"cardCount":{"official":98,"total":101},"id":"xy7","name":"Ewiger Anfang","symbol":"https://assets.tcgdex.net/univ/xy/xy7/symbol"},"variants":{"firstEdition":false,"holo":true,"normal":true,"reverse":true,"wPromo":false},"dexId":[705],"hp":70,"types":["Drache"],"evolveFrom":"Viscora","stage":"Rang 1","attacks":[{"cost":["Farblos"],"name":"Blubber","effect":"Wirf 1 Münze. Bei \"Kopf\" ist das Aktive Pokémon deines Gegners jetzt paralysiert."},{"cost":["Wasser","Fee"],"name":"Schmelzen","damage":20}],"weaknesses":[{"type":"Fee","value":"×2"}],"retreat":3,"legal":{"standard":false,"expanded":true}},{"category":"Pokémon","id":"xy7-60","illustrator":"Saya Tsuruta","image":"https://assets.tcgdex.net/de/xy/xy7/60","localId":"60","name":"Viscogon","rarity":"Selten","set":{"cardCount":{"official":98,"total":101},"id":"xy7","name":"Ewiger Anfang","symbol":"https://assets.tcgdex.net/univ/xy/xy7/symbol"},"variants":{"firstEdition":false,"holo":true,"normal":true,"reverse":true,"wPromo":false},"dexId":[706],"hp":150,"types":["Drache"],"evolveFrom":"Viscargot","stage":"Rang 2","attacks":[{"cost":["Farblos","Farblos"],"name":"Flüssiger Hieb","effect":"Dieser Angriff fügt 1 Pokémon deines Gegners 20 Schadenspunkte für jedes Colorless-Symbol in dessen Rückzugskosten zu. (Wende Schwäche und Resistenz bei Pokémon auf der Bank nicht an.)"},{"cost":["Wasser","Fee","Farblos","Farblos"],"name":"Leuchtender Atem","effect":"Während des nächsten Zuges deines Gegners kann dieses Pokémon nicht von Speziellen Zuständen betroffen werden.","damage":110}],"weaknesses":[{"type":"Fee","value":"×2"}],"retreat":3,"legal":{"standard":false,"expanded":true}},{"category":"Pokémon","id":"xy7-61","illustrator":"Kanako Eo","image":"https://assets.tcgdex.net/de/xy/xy7/61","localId":"61","name":"Mauzi","rarity":"Häufig","set":{"cardCount":{"official":98,"total":101},"id":"xy7","name":"Ewiger Anfang","symbol":"https://assets.tcgdex.net/univ/xy/xy7/symbol"},"variants":{"firstEdition":false,"holo":true,"normal":true,"reverse":true,"wPromo":false},"dexId":[52],"hp":60,"types":["Farblos"],"stage":"Basis","attacks":[{"cost":["Farblos"],"name":"Harter Bursche","effect":"Wenn an dieses Pokémon bereits mindestens 1 Darkness-Energie angelegt ist, fügt dieser Angriff 20 weitere Schadenspunkte zu.","damage":"10+"}],"weaknesses":[{"type":"Kampf","value":"×2"}],"retreat":1,"legal":{"standard":false,"expanded":true}},{"category":"Pokémon","id":"xy7-62","illustrator":"Mitsuhiro Arita","image":"https://assets.tcgdex.net/de/xy/xy7/62","localId":"62","name":"Snobilikat","rarity":"Häufig","set":{"cardCount":{"official":98,"total":101},"id":"xy7","name":"Ewiger Anfang","symbol":"https://assets.tcgdex.net/univ/xy/xy7/symbol"},"variants":{"firstEdition":false,"holo":true,"normal":true,"reverse":true,"wPromo":false},"dexId":[53],"hp":90,"types":["Farblos"],"evolveFrom":"Mauzi","stage":"Rang 1","attacks":[{"cost":["Farblos"],"name":"Mogelhieb","effect":"Wirf 1 Münze. Bei \"Kopf\" ist das Aktive Pokémon deines Gegners jetzt paralysiert.","damage":30},{"cost":["Farblos","Farblos"],"name":"Hinterhalt","effect":"Wirf 1 Münze. Bei \"Kopf\" fügt dieser Angriff 30 weitere Schadenspunkte zu.","damage":"40+"}],"weaknesses":[{"type":"Kampf","value":"×2"}],"retreat":1,"legal":{"standard":false,"expanded":true}},{"category":"Pokémon","id":"xy7-63","illustrator":"Kouki Saitou","image":"https://assets.tcgdex.net/de/xy/xy7/63","localId":"63","name":"Evoli","rarity":"Häufig","set":{"cardCount":{"official":98,"total":101},"id":"xy7","name":"Ewiger Anfang","symbol":"https://assets.tcgdex.net/univ/xy/xy7/symbol"},"variants":{"firstEdition":false,"holo":true,"normal":true,"reverse":true,"wPromo":false},"dexId":[133],"hp":60,"types":["Farblos"],"stage":"Basis","attacks":[{"cost":["Farblos"],"name":"Tackle","damage":10},{"cost":["Farblos","Farblos"],"name":"Ausfall","effect":"Wirf 1 Münze. Bei \"Zahl\" hat dieser Angriff keine Auswirkungen.","damage":30}],"weaknesses":[{"type":"Kampf","value":"×2"}],"retreat":1,"legal":{"standard":false,"expanded":true}},{"category":"Pokémon","id":"xy7-64","illustrator":"Yukiko Baba","image":"https://assets.tcgdex.net/de/xy/xy7/64","localId":"64","name":"Porygon","rarity":"Häufig","set":{"cardCount":{"official":98,"total":101},"id":"xy7","name":"Ewiger Anfang","symbol":"https://assets.tcgdex.net/univ/xy/xy7/symbol"},"variants":{"firstEdition":false,"holo":true,"normal":true,"reverse":true,"wPromo":false},"dexId":[137],"hp":60,"types":["Farblos"],"stage":"Basis","attacks":[{"cost":["Farblos"],"name":"Datenprüfung","effect":"Sieh dir die Karten deines Decks an. Mische anschließend dein Deck."},{"cost":["Farblos","Farblos"],"name":"Schärfer","damage":20}],"weaknesses":[{"type":"Kampf","value":"×2"}],"retreat":1,"legal":{"standard":false,"expanded":true}},{"category":"Pokémon","id":"xy7-65","illustrator":"MAHOU","image":"https://assets.tcgdex.net/de/xy/xy7/65","localId":"65","name":"Porygon2","rarity":"Ungewöhnlich","set":{"cardCount":{"official":98,"total":101},"id":"xy7","name":"Ewiger Anfang","symbol":"https://assets.tcgdex.net/univ/xy/xy7/symbol"},"variants":{"firstEdition":false,"holo":true,"normal":true,"reverse":true,"wPromo":false},"dexId":[233],"hp":80,"types":["Farblos"],"evolveFrom":"Porygon","stage":"Rang 1","attacks":[{"cost":["Farblos"],"name":"Schärfer","damage":20},{"cost":["Farblos","Farblos","Farblos"],"name":"Triplette","effect":"Wirf 3 Münzen. Dieser Angriff fügt 30 Schadenspunkte mal der Anzahl \"Kopf\" zu.","damage":"30×"}],"weaknesses":[{"type":"Kampf","value":"×2"}],"retreat":2,"legal":{"standard":false,"expanded":true}},{"category":"Pokémon","id":"xy7-66","illustrator":"TOKIYA","image":"https://assets.tcgdex.net/de/xy/xy7/66","localId":"66","name":"Porygon-Z","rarity":"Selten","set":{"cardCount":{"official":98,"total":101},"id":"xy7","name":"Ewiger Anfang","symbol":"https://assets.tcgdex.net/univ/xy/xy7/symbol"},"variants":{"firstEdition":false,"holo":true,"normal":true,"reverse":true,"wPromo":false},"dexId":[474],"hp":130,"types":["Farblos"],"evolveFrom":"Porygon2","stage":"Rang 2","attacks":[{"cost":["Farblos"],"name":"Cyberschlag","effect":"Lege alle Spezial-Energie, die an jedes gegnerische Pokémon angelegt ist, auf den Ablagestapel deines Gegners."},{"cost":["Farblos","Farblos","Farblos"],"name":"Bremsender Strahl","effect":"Während des nächsten Zuges deines Gegners erhöhen sich die Angriffskosten des Verteidigenden Pokémon um Colorless.","damage":70}],"weaknesses":[{"type":"Kampf","value":"×2"}],"retreat":2,"legal":{"standard":false,"expanded":true}},{"category":"Pokémon","id":"xy7-67","illustrator":"Naoki Saito","image":"https://assets.tcgdex.net/de/xy/xy7/67","localId":"67","name":"Porygon-Z","rarity":"Selten","set":{"cardCount":{"official":98,"total":101},"id":"xy7","name":"Ewiger Anfang","symbol":"https://assets.tcgdex.net/univ/xy/xy7/symbol"},"variants":{"firstEdition":false,"holo":true,"normal":true,"reverse":true,"wPromo":false},"dexId":[474],"hp":130,"types":["Farblos"],"evolveFrom":"Porygon2","stage":"Rang 2","abilities":[{"type":"Fähigkeit","name":"{title}:","effect":"{title}: Verhindere alle Effekte von Fähigkeiten gegnerischer Pokémon, die diesem Pokémon zugefügt werden."}],"attacks":[{"cost":["Farblos"],"name":"Digitaler Neustart","effect":"Rückentwickle beliebig viele Pokémon auf deiner Bank, sooft du möchtest. Nimm jede auf diese Weise entfernte Evolutionskarte auf deine Hand."},{"cost":["Farblos","Farblos"],"name":"Blendende Explosion","effect":"Das Aktive Pokémon deines Gegners ist jetzt verwirrt.","damage":50}],"weaknesses":[{"type":"Kampf","value":"×2"}],"retreat":2,"legal":{"standard":false,"expanded":true}},{"category":"Pokémon","id":"xy7-68","illustrator":"Eske Yoshinob","image":"https://assets.tcgdex.net/de/xy/xy7/68","localId":"68","name":"Lugia EX","rarity":"Ultra Selten","set":{"cardCount":{"official":98,"total":101},"id":"xy7","name":"Ewiger Anfang","symbol":"https://assets.tcgdex.net/univ/xy/xy7/symbol"},"variants":{"firstEdition":false,"holo":true,"normal":true,"reverse":true,"wPromo":false},"dexId":[249],"hp":170,"types":["Farblos"],"stage":"Basis","suffix":"EX","attacks":[{"cost":["Farblos","Farblos"],"name":"Luftball","effect":"Dieser Angriff fügt 20 Schadenspunkte mal der Anzahl der an beide Aktiven Pokémon angelegten Energien zu.","damage":"20×"},{"cost":["Farblos","Farblos","Farblos","Farblos"],"name":"Unterwasser-Orkan","effect":"Wenn eine Stadionkarte im Spiel ist, fügt dieser Angriff 70 weitere Schadenspunkte zu. Lege diese Stadionkarte anschließend auf den Ablagestapel.","damage":"80+"}],"weaknesses":[{"type":"Elektro","value":"×2"}],"resistances":[{"type":"Kampf","value":"-20"}],"retreat":2,"legal":{"standard":false,"expanded":true}},{"category":"Trainer","id":"xy7-69","illustrator":"Ken Sugimori","image":"https://assets.tcgdex.net/de/xy/xy7/69","localId":"69","name":"AssTrainer","rarity":"Ungewöhnlich","set":{"cardCount":{"official":98,"total":101},"id":"xy7","name":"Ewiger Anfang","symbol":"https://assets.tcgdex.net/univ/xy/xy7/symbol"},"variants":{"firstEdition":false,"holo":true,"normal":true,"reverse":true,"wPromo":false},"effect":"Du kannst diese Karte nur dann spielen, wenn du mehr Preiskarten übrig hast als dein Gegner.\n\nJeder Spieler mischt seine Hand zurück in sein Deck. Ziehe anschließend 6 Karten. Dein Gegner zieht 3 Karten.","trainerType":"Unterstützerkarte","legal":{"standard":false,"expanded":true}},{"category":"Trainer","id":"xy7-70","illustrator":"5ban Graphics","image":"https://assets.tcgdex.net/de/xy/xy7/70","localId":"70","name":"Ampharos' Geistesbund","rarity":"Ungewöhnlich","set":{"cardCount":{"official":98,"total":101},"id":"xy7","name":"Ewiger Anfang","symbol":"https://assets.tcgdex.net/univ/xy/xy7/symbol"},"variants":{"firstEdition":false,"holo":true,"normal":true,"reverse":true,"wPromo":false},"effect":"Dein Zug endet nicht, wenn das Pokémon, an das diese Karte angelegt ist, zu M-Ampharos-EX wird.","trainerType":"Pokémon-Ausrüstung","legal":{"standard":false,"expanded":true}},{"category":"Trainer","id":"xy7-71","illustrator":"Toyste Beach","image":"https://assets.tcgdex.net/de/xy/xy7/71","localId":"71","name":"ÖkoArm","rarity":"Ungewöhnlich","set":{"cardCount":{"official":98,"total":101},"id":"xy7","name":"Ewiger Anfang","symbol":"https://assets.tcgdex.net/univ/xy/xy7/symbol"},"variants":{"firstEdition":false,"holo":true,"normal":true,"reverse":true,"wPromo":false},"effect":"Mische 3 Pokémon-Ausrüstungen aus deinem Ablagestapel in dein Deck.","trainerType":"Itemkarte","legal":{"standard":false,"expanded":true}},{"category":"Trainer","id":"xy7-72","illustrator":"Toyste Beach","image":"https://assets.tcgdex.net/de/xy/xy7/72","localId":"72","name":"Energieaufbereitung","rarity":"Ungewöhnlich","set":{"cardCount":{"official":98,"total":101},"id":"xy7","name":"Ewiger Anfang","symbol":"https://assets.tcgdex.net/univ/xy/xy7/symbol"},"variants":{"firstEdition":false,"holo":true,"normal":true,"reverse":true,"wPromo":false},"effect":"Mische 5 Basis-Energiekarten aus deinem Ablagestapel in dein Deck.","trainerType":"Itemkarte","legal":{"standard":false,"expanded":true}},{"category":"Trainer","id":"xy7-73","illustrator":"Ryo Ueda","image":"https://assets.tcgdex.net/de/xy/xy7/73","localId":"73","name":"Verblasstes Dorf","rarity":"Ungewöhnlich","set":{"cardCount":{"official":98,"total":101},"id":"xy7","name":"Ewiger Anfang","symbol":"https://assets.tcgdex.net/univ/xy/xy7/symbol"},"variants":{"firstEdition":false,"holo":true,"normal":true,"reverse":true,"wPromo":false},"effect":"Lege zu einem beliebigen Zeitpunkt zwischen den Zügen 2 Schadensmarken auf jedes Mega-Entwicklungs-Pokémon.","trainerType":"Stadionkarte","legal":{"standard":false,"expanded":true}},{"category":"Trainer","id":"xy7-74","illustrator":"Ryo Ueda","image":"https://assets.tcgdex.net/de/xy/xy7/74","localId":"74","name":"Wald der großen Gewächse","rarity":"Ungewöhnlich","set":{"cardCount":{"official":98,"total":101},"id":"xy7","name":"Ewiger Anfang","symbol":"https://assets.tcgdex.net/univ/xy/xy7/symbol"},"variants":{"firstEdition":false,"holo":true,"normal":true,"reverse":true,"wPromo":false},"effect":"Die Grass-Pokémon beider Spieler können sich während des ersten Zuges eines Spielers oder während des Zuges, an dem ein Spieler diese Pokémon spielt, entwickeln.","trainerType":"Stadionkarte","legal":{"standard":false,"expanded":false}},{"category":"Trainer","id":"xy7-75","illustrator":"Yusuke Ohmura","image":"https://assets.tcgdex.net/de/xy/xy7/75","localId":"75","name":"Hexe","rarity":"Ungewöhnlich","set":{"cardCount":{"official":98,"total":101},"id":"xy7","name":"Ewiger Anfang","symbol":"https://assets.tcgdex.net/univ/xy/xy7/symbol"},"variants":{"firstEdition":false,"holo":true,"normal":true,"reverse":true,"wPromo":false},"effect":"Bis zum Ende des nächsten Zuges deines Gegners hat jedes Pokémon im Spiel, auf den Händen jedes Spielers und im Ablagestapel jedes Spielers keine Fähigkeiten. (Dazu gehören Karten, die während des Zuges ins Spiel kommen.)","trainerType":"Unterstützerkarte","legal":{"standard":false,"expanded":false}},{"category":"Trainer","id":"xy7-75a","illustrator":"Yusuke Ohmura","image":"https://assets.tcgdex.net/de/xy/xy7/75a","localId":"75a","name":"Hexe","rarity":"Ungewöhnlich","set":{"cardCount":{"official":98,"total":101},"id":"xy7","name":"Ewiger Anfang","symbol":"https://assets.tcgdex.net/univ/xy/xy7/symbol"},"variants":{"firstEdition":false,"holo":true,"normal":true,"reverse":true,"wPromo":false},"effect":"Bis zum Ende des nächsten Zuges deines Gegners hat jedes Pokémon im Spiel, auf den Händen jedes Spielers und im Ablagestapel jedes Spielers keine Fähigkeiten. (Dazu gehören Karten, die während des Zuges ins Spiel kommen.)","trainerType":"Unterstützerkarte","legal":{"standard":false,"expanded":true}},{"category":"Trainer","id":"xy7-76","illustrator":"Toyste Beach","image":"https://assets.tcgdex.net/de/xy/xy7/76","localId":"76","name":"Levelball","rarity":"Ungewöhnlich","set":{"cardCount":{"official":98,"total":101},"id":"xy7","name":"Ewiger Anfang","symbol":"https://assets.tcgdex.net/univ/xy/xy7/symbol"},"variants":{"firstEdition":false,"holo":true,"normal":true,"reverse":true,"wPromo":false},"effect":"Durchsuche dein Deck nach 1 Pokémon mit 90 oder weniger KP, zeige es deinem Gegner und nimm es auf deine Hand. Mische anschließend dein Deck.","trainerType":"Itemkarte","legal":{"standard":false,"expanded":true}},{"category":"Trainer","id":"xy7-77","illustrator":"Toyste Beach","image":"https://assets.tcgdex.net/de/xy/xy7/77","localId":"77","name":"Glückshelm","rarity":"Ungewöhnlich","set":{"cardCount":{"official":98,"total":101},"id":"xy7","name":"Ewiger Anfang","symbol":"https://assets.tcgdex.net/univ/xy/xy7/symbol"},"variants":{"firstEdition":false,"holo":true,"normal":true,"reverse":true,"wPromo":false},"effect":"Ziehe jedes Mal 2 Karten, wenn das Pokémon, an das diese Karte angelegt ist, dein Aktives Pokémon ist und durch einen gegnerischen Angriff Schaden erhält (auch wenn dieses Pokémon dadurch kampfunfähig wird).","trainerType":"Pokémon-Ausrüstung","legal":{"standard":false,"expanded":true}},{"category":"Trainer","id":"xy7-78","illustrator":"Ken Sugimori","image":"https://assets.tcgdex.net/de/xy/xy7/78","localId":"78","name":"Flordelis","rarity":"Ungewöhnlich","set":{"cardCount":{"official":98,"total":101},"id":"xy7","name":"Ewiger Anfang","symbol":"https://assets.tcgdex.net/univ/xy/xy7/symbol"},"variants":{"firstEdition":false,"holo":true,"normal":true,"reverse":true,"wPromo":false},"effect":"Tausche 1 Pokémon auf der Bank deines Gegners gegen das Aktive Pokémon deines Gegners aus.","trainerType":"Unterstützerkarte","legal":{"standard":false,"expanded":true}},{"category":"Trainer","id":"xy7-79","illustrator":"Toyste Beach","image":"https://assets.tcgdex.net/de/xy/xy7/79","localId":"79","name":"Farbroller","rarity":"Ungewöhnlich","set":{"cardCount":{"official":98,"total":101},"id":"xy7","name":"Ewiger Anfang","symbol":"https://assets.tcgdex.net/univ/xy/xy7/symbol"},"variants":{"firstEdition":false,"holo":true,"normal":true,"reverse":true,"wPromo":false},"effect":"Lege 1 beliebige Stadionkarte im Spiel auf den Ablagestapel. Ziehe anschließend 1 Karte.","trainerType":"Itemkarte","legal":{"standard":false,"expanded":true}},{"category":"Trainer","id":"xy7-80","illustrator":"5ban Graphics","image":"https://assets.tcgdex.net/de/xy/xy7/80","localId":"80","name":"Gewaldros Geistesbund","rarity":"Ungewöhnlich","set":{"cardCount":{"official":98,"total":101},"id":"xy7","name":"Ewiger Anfang","symbol":"https://assets.tcgdex.net/univ/xy/xy7/symbol"},"variants":{"firstEdition":false,"holo":true,"normal":true,"reverse":true,"wPromo":false},"effect":"Dein Zug endet nicht, wenn das Pokémon, an das diese Karte angelegt ist, zu M-Gewaldro-EX wird.","trainerType":"Pokémon-Ausrüstung","legal":{"standard":false,"expanded":true}},{"category":"Trainer","id":"xy7-81","illustrator":"5ban Graphics","image":"https://assets.tcgdex.net/de/xy/xy7/81","localId":"81","name":"Despotars Geistesbund","rarity":"Ungewöhnlich","set":{"cardCount":{"official":98,"total":101},"id":"xy7","name":"Ewiger Anfang","symbol":"https://assets.tcgdex.net/univ/xy/xy7/symbol"},"variants":{"firstEdition":false,"holo":true,"normal":true,"reverse":true,"wPromo":false},"effect":"Dein Zug endet nicht, wenn das Pokémon, an das diese Karte angelegt ist, zu M-Despotar-EX wird.","trainerType":"Pokémon-Ausrüstung","legal":{"standard":false,"expanded":true}},{"category":"Energie","id":"xy7-82","illustrator":"5ban Graphics","image":"https://assets.tcgdex.net/de/xy/xy7/82","localId":"82","name":"GefahrEnergie","rarity":"Ungewöhnlich","set":{"cardCount":{"official":98,"total":101},"id":"xy7","name":"Ewiger Anfang","symbol":"https://assets.tcgdex.net/univ/xy/xy7/symbol"},"variants":{"firstEdition":false,"holo":true,"normal":true,"reverse":true,"wPromo":false},"effect":"Diese Karte kann nur an Darkness-Pokémon angelegt werden. Diese Karte liefert nur dann Darkness-Energie, wenn sie an ein Darkness-Pokémon angelegt ist.\n\nLege jedes Mal 2 Schadensmarken auf das Angreifende Pokémon-EX, wenn das Darkness-Pokémon, an das diese Karte angelegt ist, dein Aktives Pokémon ist und durch einen Angriff des Pokémon-EX deines Gegners Schaden erhält (auch wenn dieses Pokémon dadurch kampfunfähig wird).\n\n(Lege diese Karte auf deinen Ablagestapel, wenn sie an eine andere Karte als ein Darkness-Pokémon angelegt ist.)","energyType":"Spezial","legal":{"standard":false,"expanded":true}},{"category":"Energie","id":"xy7-83","illustrator":"5ban Graphics","image":"https://assets.tcgdex.net/de/xy/xy7/83","localId":"83","name":"BlitzEnergie","rarity":"Ungewöhnlich","set":{"cardCount":{"official":98,"total":101},"id":"xy7","name":"Ewiger Anfang","symbol":"https://assets.tcgdex.net/univ/xy/xy7/symbol"},"variants":{"firstEdition":false,"holo":true,"normal":true,"reverse":true,"wPromo":false},"effect":"Diese Karte kann nur an Lightning-Pokémon angelegt werden. Diese Karte liefert nur dann Lightning-Energie, wenn sie an ein Lightning-Pokémon angelegt ist.\n\nDas Lightning-Pokémon, an das diese Karte angelegt ist, hat keine Schwäche.\n\n(Lege diese Karte auf deinen Ablagestapel, wenn sie an eine andere Karte als ein Lightning-Pokémon angelegt ist.)","energyType":"Spezial","legal":{"standard":false,"expanded":true}},{"category":"Pokémon","id":"xy7-84","illustrator":"Ryo Ueda","image":"https://assets.tcgdex.net/de/xy/xy7/84","localId":"84","name":"Gewaldro EX","rarity":"Ultra Selten","set":{"cardCount":{"official":98,"total":101},"id":"xy7","name":"Ewiger Anfang","symbol":"https://assets.tcgdex.net/univ/xy/xy7/symbol"},"variants":{"firstEdition":false,"holo":true,"normal":true,"reverse":true,"wPromo":false},"dexId":[254],"hp":170,"types":["Pflanze"],"stage":"Basis","suffix":"EX","attacks":[{"cost":["Pflanze"],"name":"Schlafgift","effect":"Wirf 1 Münze. Bei \"Kopf\" schläft das Aktive Pokémon deines Gegners jetzt und ist vergiftet.","damage":10},{"cost":["Pflanze","Farblos"],"name":"Klammheimliche Klaue","effect":"Wenn das Aktive Pokémon deines Gegners von einem Speziellen Zustand betroffen ist, fügt dieser Angriff 70 weitere Schadenspunkte zu.","damage":"60+"}],"weaknesses":[{"type":"Feuer","value":"×2"}],"retreat":1,"legal":{"standard":false,"expanded":true}},{"category":"Pokémon","id":"xy7-85","illustrator":"5ban Graphics","image":"https://assets.tcgdex.net/de/xy/xy7/85","localId":"85","name":"M-Gewaldro EX","rarity":"Ultra Selten","set":{"cardCount":{"official":98,"total":101},"id":"xy7","name":"Ewiger Anfang","symbol":"https://assets.tcgdex.net/univ/xy/xy7/symbol"},"variants":{"firstEdition":false,"holo":true,"normal":true,"reverse":true,"wPromo":false},"dexId":[254],"hp":220,"types":["Pflanze"],"evolveFrom":"Gewaldro-EX","stage":"MEGA","suffix":"EX","abilities":[{"type":"Fähigkeit","name":"{title}:","effect":"{title}: Verhindere alle Effekte von Fähigkeiten gegnerischer Pokémon, die diesem Pokémon zugefügt werden."}],"attacks":[{"cost":["Pflanze","Farblos"],"name":"Gezackter Säbel","effect":"Du kannst bis zu 2 Grass-Energiekarten von deiner Hand beliebig an die Pokémon auf deiner Bank anlegen. Wenn du auf diese Weise Energie an ein Pokémon angelegt hast, heile allen Schaden bei jenem Pokémon.","damage":100}],"weaknesses":[{"type":"Feuer","value":"×2"}],"retreat":2,"legal":{"standard":false,"expanded":true}},{"category":"Pokémon","id":"xy7-86","illustrator":"Ryo Ueda","image":"https://assets.tcgdex.net/de/xy/xy7/86","localId":"86","name":"Kyurem EX","rarity":"Ultra Selten","set":{"cardCount":{"official":98,"total":101},"id":"xy7","name":"Ewiger Anfang","symbol":"https://assets.tcgdex.net/univ/xy/xy7/symbol"},"variants":{"firstEdition":false,"holo":true,"normal":true,"reverse":true,"wPromo":false},"dexId":[646],"hp":180,"types":["Wasser"],"stage":"Basis","suffix":"EX","attacks":[{"cost":["Wasser","Wasser","Farblos"],"name":"Eiszeit","effect":"Dieser Angriff fügt jedem Pokémon deines Gegners 30 Schadenspunkte zu. (Wende Schwäche und Resistenz bei Pokémon auf der Bank nicht an.)"},{"cost":["Wasser","Wasser","Wasser","Farblos"],"name":"Eiscalibur","effect":"Lege 1 an dieses Pokémon angelegte Energie auf deinen Ablagestapel. Das Verteidigende Pokémon kann während des nächsten Zuges deines Gegners nicht angreifen.","damage":130}],"weaknesses":[{"type":"Metall","value":"×2"}],"retreat":3,"legal":{"standard":false,"expanded":true}},{"category":"Pokémon","id":"xy7-87","illustrator":"Ryo Ueda","image":"https://assets.tcgdex.net/de/xy/xy7/87","localId":"87","name":"Ampharos EX","rarity":"Ultra Selten","set":{"cardCount":{"official":98,"total":101},"id":"xy7","name":"Ewiger Anfang","symbol":"https://assets.tcgdex.net/univ/xy/xy7/symbol"},"variants":{"firstEdition":false,"holo":true,"normal":true,"reverse":true,"wPromo":false},"dexId":[181],"hp":170,"types":["Elektro"],"stage":"Basis","suffix":"EX","attacks":[{"cost":["Farblos"],"name":"Donnerantrieb","effect":"Schau dir die obersten 4 Karten deines Decks an und lege beliebig viele Lightning-Energiekarten, die du darunter findest, an dieses Pokémon an. Mische die anderen Karten zurück in dein Deck."},{"cost":["Elektro","Elektro","Farblos","Farblos"],"name":"Funkelnder Schweif","effect":"Der Schaden dieses Angriffs wird durch Schwäche, Resistenz oder alle anderen Effekte auf dem Aktiven Pokémon deines Gegners nicht verändert.","damage":100}],"weaknesses":[{"type":"Kampf","value":"×2"}],"resistances":[{"type":"Metall","value":"-20"}],"retreat":2,"legal":{"standard":false,"expanded":true}},{"category":"Pokémon","id":"xy7-88","illustrator":"5ban Graphics","image":"https://assets.tcgdex.net/de/xy/xy7/88","localId":"88","name":"M-Ampharos EX","rarity":"Ultra Selten","set":{"cardCount":{"official":98,"total":101},"id":"xy7","name":"Ewiger Anfang","symbol":"https://assets.tcgdex.net/univ/xy/xy7/symbol"},"variants":{"firstEdition":false,"holo":true,"normal":true,"reverse":true,"wPromo":false},"dexId":[181],"hp":220,"types":["Elektro"],"evolveFrom":"Ampharos-EX","stage":"MEGA","suffix":"EX","attacks":[{"cost":["Elektro","Elektro","Farblos","Farblos"],"name":"Exavolt","effect":"Du kannst mit diesem Angriff 50 weitere Schadenspunkte zufügen und das Aktive Pokémon deines Gegners paralysieren. Wenn du das machst, fügt dieses Pokémon sich selbst 30 Schadenspunkte zu.","damage":"120+"}],"weaknesses":[{"type":"Kampf","value":"×2"}],"resistances":[{"type":"Metall","value":"-20"}],"retreat":3,"legal":{"standard":false,"expanded":true}},{"category":"Pokémon","id":"xy7-89","illustrator":"5ban Graphics","image":"https://assets.tcgdex.net/de/xy/xy7/89","localId":"89","name":"Hoopa EX","rarity":"Ultra Selten","set":{"cardCount":{"official":98,"total":101},"id":"xy7","name":"Ewiger Anfang","symbol":"https://assets.tcgdex.net/univ/xy/xy7/symbol"},"variants":{"firstEdition":false,"holo":true,"normal":true,"reverse":true,"wPromo":false},"dexId":[720],"hp":170,"types":["Psycho"],"stage":"Basis","suffix":"EX","abilities":[{"type":"Fähigkeit","name":"Spitzbubenring","effect":"Wenn du dieses Pokémon von deiner Hand spielst und auf deine Bank legst, kannst du dein Deck nach bis zu 3 Pokémon-EX (außer Hoopa-EX) durchsuchen, sie deinem Gegner zeigen und auf deine Hand nehmen. Mische anschließend dein Deck."}],"attacks":[{"cost":["Psycho","Psycho","Psycho"],"name":"Dimensionswahn","effect":"Lege 2 an dieses Pokémon angelegte Energien auf deinen Ablagestapel. Dieser Angriff fügt 1 Pokémon deines Gegners 100 Schadenspunkte zu. (Wende Schwäche und Resistenz bei Pokémon auf der Bank nicht an.)"}],"weaknesses":[{"type":"Psycho","value":"×2"}],"retreat":2,"legal":{"standard":false,"expanded":true}},{"category":"Pokémon","id":"xy7-90","illustrator":"Ryo Ueda","image":"https://assets.tcgdex.net/de/xy/xy7/90","localId":"90","name":"Machomei EX","rarity":"Ultra Selten","set":{"cardCount":{"official":98,"total":101},"id":"xy7","name":"Ewiger Anfang","symbol":"https://assets.tcgdex.net/univ/xy/xy7/symbol"},"variants":{"firstEdition":false,"holo":true,"normal":true,"reverse":true,"wPromo":false},"dexId":[68],"hp":180,"types":["Kampf"],"stage":"Basis","suffix":"EX","attacks":[{"cost":["Kampf","Farblos"],"name":"Kochende Wut","effect":"Dieser Angriff fügt 20 Schadenspunkte mal der Anzahl der Schadensmarken auf diesem Pokémon zu. Dieses Pokémon ist jetzt verwirrt.","damage":"20×"},{"cost":["Kampf","Kampf","Farblos"],"name":"Bekloppter Hammer","effect":"Wenn das Aktive Pokémon deines Gegners von einem Speziellen Zustand betroffen ist, fügt dieser Angriff 80 weitere Schadenspunkte zu. Anschließend verlieren alle Speziellen Zustände auf diesem Pokémon ihre Wirkung.","damage":"80+"}],"weaknesses":[{"type":"Psycho","value":"×2"}],"retreat":3,"legal":{"standard":false,"expanded":true}},{"category":"Pokémon","id":"xy7-91","illustrator":"Ryo Ueda","image":"https://assets.tcgdex.net/de/xy/xy7/91","localId":"91","name":"Despotar EX","rarity":"Ultra Selten","set":{"cardCount":{"official":98,"total":101},"id":"xy7","name":"Ewiger Anfang","symbol":"https://assets.tcgdex.net/univ/xy/xy7/symbol"},"variants":{"firstEdition":false,"holo":true,"normal":true,"reverse":true,"wPromo":false},"dexId":[248],"hp":180,"types":["Unlicht"],"stage":"Basis","suffix":"EX","attacks":[{"cost":["Unlicht","Farblos","Farblos"],"name":"Einhämmern","damage":60},{"cost":["Unlicht","Unlicht","Farblos","Farblos"],"name":"Boden gewinnen","effect":"Dieser Angriff fügt jedem Pokémon auf deiner Bank 10 Schadenspunkte zu. (Wende Schwäche und Resistenz bei Pokémon auf der Bank nicht an.)","damage":130}],"weaknesses":[{"type":"Kampf","value":"×2"}],"resistances":[{"type":"Psycho","value":"-20"}],"retreat":4,"legal":{"standard":false,"expanded":true}},{"category":"Pokémon","id":"xy7-92","illustrator":"5ban Graphics","image":"https://assets.tcgdex.net/de/xy/xy7/92","localId":"92","name":"M-Despotar EX","rarity":"Ultra Selten","set":{"cardCount":{"official":98,"total":101},"id":"xy7","name":"Ewiger Anfang","symbol":"https://assets.tcgdex.net/univ/xy/xy7/symbol"},"variants":{"firstEdition":false,"holo":true,"normal":true,"reverse":true,"wPromo":false},"dexId":[248],"hp":240,"types":["Unlicht"],"evolveFrom":"Despotar-EX","stage":"MEGA","suffix":"EX","abilities":[{"type":"Fähigkeit","name":"{title}:","effect":"{title}: An dieses Pokémon können bis zu 2 Pokémon-Ausrüstungen angelegt sein."}],"attacks":[{"cost":["Unlicht","Unlicht","Farblos","Farblos"],"name":"König der Zerstörung","effect":"Dieser Angriff fügt 60 weitere Schadenspunkte für jede Schadensmarke auf dem Aktiven Pokémon deines Gegners zu.","damage":"110+"}],"weaknesses":[{"type":"Kampf","value":"×2"}],"resistances":[{"type":"Psycho","value":"-20"}],"retreat":4,"legal":{"standard":false,"expanded":true}},{"category":"Pokémon","id":"xy7-93","illustrator":"Ryo Ueda","image":"https://assets.tcgdex.net/de/xy/xy7/93","localId":"93","name":"Giratina EX","rarity":"Ultra Selten","set":{"cardCount":{"official":98,"total":101},"id":"xy7","name":"Ewiger Anfang","symbol":"https://assets.tcgdex.net/univ/xy/xy7/symbol"},"variants":{"firstEdition":false,"holo":true,"normal":true,"reverse":true,"wPromo":false},"dexId":[487],"hp":170,"types":["Drache"],"stage":"Basis","suffix":"EX","abilities":[{"type":"Fähigkeit","name":"Rebell-Puls","effect":"Verhindere alle Effekte von Angriffen, einschließlich Schaden, die diesem Pokémon durch Mega-Entwicklungs-Pokémon deines Gegners zugefügt werden."}],"attacks":[{"cost":["Pflanze","Psycho","Farblos","Farblos"],"name":"Wirrsalsrad","effect":"Dein Gegner kann während seines nächsten Zuges keine Pokémon-Ausrüstungen, Spezial-Energiekarten oder Stadionkarten von seiner Hand spielen.","damage":100}],"weaknesses":[{"type":"Fee","value":"×2"}],"retreat":3,"legal":{"standard":false,"expanded":true}},{"category":"Pokémon","id":"xy7-94","illustrator":"Ryo Ueda","image":"https://assets.tcgdex.net/de/xy/xy7/94","localId":"94","name":"Lugia EX","rarity":"Ultra Selten","set":{"cardCount":{"official":98,"total":101},"id":"xy7","name":"Ewiger Anfang","symbol":"https://assets.tcgdex.net/univ/xy/xy7/symbol"},"variants":{"firstEdition":false,"holo":true,"normal":true,"reverse":true,"wPromo":false},"dexId":[249],"hp":170,"types":["Farblos"],"stage":"Basis","suffix":"EX","attacks":[{"cost":["Farblos","Farblos"],"name":"Luftball","effect":"Dieser Angriff fügt 20 Schadenspunkte mal der Anzahl der an beide Aktiven Pokémon angelegten Energien zu.","damage":"20×"},{"cost":["Farblos","Farblos","Farblos","Farblos"],"name":"Unterwasser-Orkan","effect":"Wenn eine Stadionkarte im Spiel ist, fügt dieser Angriff 70 weitere Schadenspunkte zu. Lege diese Stadionkarte anschließend auf den Ablagestapel.","damage":"80+"}],"weaknesses":[{"type":"Elektro","value":"×2"}],"resistances":[{"type":"Kampf","value":"-20"}],"retreat":2,"legal":{"standard":false,"expanded":true}},{"category":"Trainer","id":"xy7-95","illustrator":"Megumi Mizutani","image":"https://assets.tcgdex.net/de/xy/xy7/95","localId":"95","name":"Troy","rarity":"Ultra Selten","set":{"cardCount":{"official":98,"total":101},"id":"xy7","name":"Ewiger Anfang","symbol":"https://assets.tcgdex.net/univ/xy/xy7/symbol"},"variants":{"firstEdition":false,"holo":true,"normal":true,"reverse":true,"wPromo":false},"effect":"Durchsuche dein Deck nach 1 Unterstützerkarte und 1 Basis-Energiekarte, zeige sie deinem Gegner und nimm sie auf deine Hand. Mische anschließend dein Deck.","trainerType":"Unterstützerkarte","legal":{"standard":false,"expanded":true}},{"category":"Pokémon","id":"xy7-96","illustrator":"5ban Graphics","image":"https://assets.tcgdex.net/de/xy/xy7/96","localId":"96","name":"ProtoKyogre EX","rarity":"Versteckt Selten","set":{"cardCount":{"official":98,"total":101},"id":"xy7","name":"Ewiger Anfang","symbol":"https://assets.tcgdex.net/univ/xy/xy7/symbol"},"variants":{"firstEdition":false,"holo":true,"normal":true,"reverse":true,"wPromo":false},"dexId":[382],"hp":240,"types":["Wasser"],"evolveFrom":"Kyogre-EX","stage":"MEGA","suffix":"EX","abilities":[{"type":"Fähigkeit","name":"{title}:","effect":"{title}: Wenn 1 deiner Pokémon zu diesem Pokémon wird, heile allen Schaden bei diesem Pokémon."}],"attacks":[{"cost":["Wasser","Wasser","Wasser","Farblos"],"name":"Gezeitensturm","effect":"Verschiebe 2 an dieses Pokémon angelegte Energien auf 1 Pokémon auf deiner Bank. Dieser Angriff fügt jedem Pokémon-EX auf der Bank deines Gegners 30 Schadenspunkte zu. (Wende Schwäche und Resistenz bei Pokémon auf der Bank nicht an.)","damage":150}],"weaknesses":[{"type":"Pflanze","value":"×2"}],"retreat":4,"legal":{"standard":false,"expanded":true}},{"category":"Pokémon","id":"xy7-97","illustrator":"5ban Graphics","image":"https://assets.tcgdex.net/de/xy/xy7/97","localId":"97","name":"Proto-Groudon EX","rarity":"Versteckt Selten","set":{"cardCount":{"official":98,"total":101},"id":"xy7","name":"Ewiger Anfang","symbol":"https://assets.tcgdex.net/univ/xy/xy7/symbol"},"variants":{"firstEdition":false,"holo":true,"normal":true,"reverse":true,"wPromo":false},"dexId":[383],"hp":240,"types":["Kampf"],"evolveFrom":"Groudon-EX","stage":"MEGA","suffix":"EX","abilities":[{"type":"Fähigkeit","name":"{title}:","effect":"{title}: Wenn 1 deiner Pokémon zu diesem Pokémon wird, heile allen Schaden bei diesem Pokémon."}],"attacks":[{"cost":["Kampf","Kampf","Kampf","Farblos"],"name":"Gaia-Vulkan","effect":"Wenn eine Stadionkarte im Spiel ist, fügt dieser Angriff 100 weitere Schadenspunkte zu. Lege diese Stadionkarte auf den Ablagestapel.","damage":"100+"}],"weaknesses":[{"type":"Pflanze","value":"×2"}],"retreat":4,"legal":{"standard":false,"expanded":true}},{"category":"Pokémon","id":"xy7-98","illustrator":"5ban Graphics","image":"https://assets.tcgdex.net/de/xy/xy7/98","localId":"98","name":"M-Rayquaza EX","rarity":"Versteckt Selten","set":{"cardCount":{"official":98,"total":101},"id":"xy7","name":"Ewiger Anfang","symbol":"https://assets.tcgdex.net/univ/xy/xy7/symbol"},"variants":{"firstEdition":false,"holo":true,"normal":true,"reverse":true,"wPromo":false},"dexId":[384],"hp":220,"types":["Farblos"],"evolveFrom":"Rayquaza-EX","stage":"MEGA","suffix":"EX","abilities":[{"type":"Fähigkeit","name":"{title}:","effect":"{title}: Wenn 1 deiner Pokémon zu diesem Pokémon wird, heile allen Schaden bei diesem Pokémon."}],"attacks":[{"cost":["Farblos","Farblos","Farblos"],"name":"Grüner Einschnitt","effect":"Dieser Angriff fügt 30 Schadenspunkte mal der Anzahl der Pokémon auf deiner Bank zu.","damage":"30×"}],"weaknesses":[{"type":"Elektro","value":"×2"}],"resistances":[{"type":"Kampf","value":"-20"}],"retreat":1,"legal":{"standard":false,"expanded":true}},{"category":"Trainer","id":"xy7-99","illustrator":"5ban Graphics","image":"https://assets.tcgdex.net/de/xy/xy7/99","localId":"99","name":"EnergieZugewinn","rarity":"Versteckt Selten","set":{"cardCount":{"official":98,"total":101},"id":"xy7","name":"Ewiger Anfang","symbol":"https://assets.tcgdex.net/univ/xy/xy7/symbol"},"variants":{"firstEdition":false,"holo":true,"normal":true,"reverse":true,"wPromo":false},"effect":"Nimm 2 Basis-Energiekarten von deinem Ablagestapel auf deine Hand.","trainerType":"Itemkarte","legal":{"standard":false,"expanded":true}},{"category":"Trainer","id":"xy7-100","illustrator":"Toyste Beach","image":"https://assets.tcgdex.net/de/xy/xy7/100","localId":"100","name":"TrainerPost","rarity":"Versteckt Selten","set":{"cardCount":{"official":98,"total":101},"id":"xy7","name":"Ewiger Anfang","symbol":"https://assets.tcgdex.net/univ/xy/xy7/symbol"},"variants":{"firstEdition":false,"holo":true,"normal":true,"reverse":true,"wPromo":false},"effect":"Schau dir die obersten 4 Karten deines Decks an. Falls du dort 1 Trainerkarte (außer Trainer-Post) findest, kannst du sie deinem Gegner zeigen und auf deine Hand nehmen. Mische die anderen Karten zurück in dein Deck.","trainerType":"Itemkarte","legal":{"standard":false,"expanded":true}}]